global_step,predictor_x_gap_mse
1,3.3609238516965123e-12
2,4.963829216110675e-08
3,2.4878464832986536e-08
4,1.667295540295718e-08
5,1.2588777455672932e-08
6,1.0151517005649311e-08
7,8.544516073849159e-09
8,7.410871253583403e-09
9,6.5712338615881195e-09
10,5.925633844417024e-09
11,5.41962286788384e-09
12,5.010953285342804e-09
13,4.6766634700810805e-09
14,4.395806950641091e-09
15,4.1653135225435696e-09
16,3.970298104079762e-09
17,3.803465056431191e-09
18,3.660693065315795e-09
19,3.5372762418325746e-09
20,3.43055085118588e-09
21,3.338853618639981e-09
22,3.257818700575342e-09
23,3.186228950413621e-09
24,3.124674963670265e-09
25,3.0707129623157885e-09
26,3.021640653136118e-09
27,2.978564821882038e-09
28,2.939836422066253e-09
29,2.9051021774227737e-09
30,2.876079191054865e-09
31,2.847410082335768e-09
32,2.8205342054666692e-09
33,2.7995553187261448e-09
34,2.780947905573407e-09
35,2.7642556827375045e-09
36,2.7481271436625673e-09
37,2.7358117534530374e-09
38,2.7229586548256243e-09
39,2.7127703138772986e-09
40,2.7030492709109715e-09
41,2.6931146853655432e-09
42,2.6855114033668184e-09
43,2.6807409446682025e-09
44,2.673119453006283e-09
45,2.666840433770566e-09
46,2.661253973764114e-09
47,2.6562825445516515e-09
48,2.651745853200773e-09
49,2.6485398280529044e-09
50,2.6466192566265764e-09
51,2.6435855950309534e-09
52,2.6420158221966256e-09
53,2.637931594088218e-09
54,2.637251133395686e-09
55,2.633901843376946e-09
56,2.6307372038947202e-09
57,2.6304296399642203e-09
58,2.6285319918916696e-09
59,2.6262856856471445e-09
60,2.6235219650424377e-09
61,2.623889371370736e-09
62,2.622789338302263e-09
63,2.621599079847995e-09
64,2.622008499216011e-09
65,2.621765261136474e-09
66,2.621047325411046e-09
67,2.6201500574830273e-09
68,2.6193820183040887e-09
69,2.6181811866744306e-09
70,2.61827397641898e-09
71,2.617917154631585e-09
72,2.6199142696142593e-09
73,2.6186573688032394e-09
74,2.6188056576249528e-09
75,2.6181789784556093e-09
76,2.617175912633246e-09
77,2.617968549024771e-09
78,2.6178104543331205e-09
79,2.6186076692629888e-09
80,2.6178297066022473e-09
81,2.6182063080861672e-09
82,2.6166745184916127e-09
83,2.618199140747071e-09
84,2.6185919152543528e-09
85,2.6171259760076292e-09
86,2.6162850133922803e-09
87,2.6161138552206875e-09
88,2.6166635415845356e-09
89,2.616323620882628e-09
90,2.6160407619873098e-09
91,2.615281729976938e-09
92,2.6139396178942547e-09
93,2.613520278200018e-09
94,2.6137672805281867e-09
95,2.6153158169287694e-09
96,2.6160759398707436e-09
97,2.617040449886625e-09
98,2.6163354191067843e-09
99,2.6170246913011006e-09
100,2.6168738388854755e-09
101,2.6166198820773184e-09
102,2.6160464898319907e-09
103,2.6150393843733997e-09
104,2.617167404472701e-09
105,2.6158185853143265e-09
106,2.6161340949172955e-09
107,2.6157194971952406e-09
108,2.6168461736439624e-09
109,2.6168041229985885e-09
110,2.617079011112311e-09
111,2.616748150732613e-09
112,2.6187647633427414e-09
113,2.6178987181010443e-09
114,2.618163399439669e-09
115,2.617652607719716e-09
116,2.6186796790767115e-09
117,2.6167589579719325e-09
118,2.6157517430100173e-09
119,2.614858181679641e-09
120,2.6141368212086454e-09
121,2.6148749949574305e-09
122,2.6141601494656025e-09
123,2.613164058922836e-09
124,2.6146843392454428e-09
125,2.615289296576756e-09
126,2.6163721648690674e-09
127,2.616199942415179e-09
128,2.6156010778943383e-09
129,2.6162535957507325e-09
130,2.615653213695935e-09
131,2.6156348420017275e-09
132,2.6152605639483952e-09
133,2.615247484602439e-09
134,2.615152815136286e-09
135,2.616024730442869e-09
136,2.6163203445734777e-09
137,2.6167019138922863e-09
138,2.6183895461334753e-09
139,2.6174433261887465e-09
140,2.616687758040449e-09
141,2.615901313072232e-09
142,2.6169565173289976e-09
143,2.617165221402653e-09
144,2.6164863049737675e-09
145,2.617213260152653e-09
146,2.616582451238481e-09
147,2.6162353530643574e-09
148,2.6160209161590495e-09
149,2.6176408314309516e-09
150,2.617276010449651e-09
151,2.6164760586935574e-09
152,2.6169096261104e-09
153,2.6164639208477708e-09
154,2.6153802316103723e-09
155,2.6160050980975942e-09
156,2.6157351963057676e-09
157,2.615885678782471e-09
158,2.616554057861303e-09
159,2.617112494092946e-09
160,2.6166638395962214e-09
161,2.6173799396333655e-09
162,2.6160216738269354e-09
163,2.6169284988994907e-09
164,2.6183093107179103e-09
165,2.6182537224511187e-09
166,2.6192208339912264e-09
167,2.617475529778054e-09
168,2.6168973171445233e-09
169,2.6169093288780762e-09
170,2.6162307580676393e-09
171,2.6161801451963293e-09
172,2.615731642926344e-09
173,2.6170122563709212e-09
174,2.6168783029829457e-09
175,2.61942554248063e-09
176,2.6174935037881548e-09
177,2.617372328464451e-09
178,2.6177218627429073e-09
179,2.617840931656151e-09
180,2.618570875515284e-09
181,2.6180627053050484e-09
182,2.6167663131245533e-09
183,2.6170626418133427e-09
184,2.6181701542825662e-09
185,2.6172439999197966e-09
186,2.616971884831169e-09
187,2.6166167372023994e-09
188,2.6178356657009112e-09
189,2.6175885718457624e-09
190,2.6173021793024322e-09
191,2.6177075269343586e-09
192,2.6173253271566462e-09
193,2.617807603892139e-09
194,2.618804667107545e-09
195,2.6180140720597818e-09
196,2.6177483526010983e-09
197,2.6177076773435823e-09
198,2.6179187638951425e-09
199,2.616042853700762e-09
200,2.6161896365557422e-09
201,2.616335345426541e-09
202,2.6161027006577737e-09
203,2.616800373752145e-09
204,2.618646282100544e-09
205,2.6178547181911785e-09
206,2.6165837392031358e-09
207,2.617891395993882e-09
208,2.617226524645079e-09
209,2.616240086470904e-09
210,2.6163191456799083e-09
211,2.6157477694614198e-09
212,2.6167518806739075e-09
213,2.6166046963804215e-09
214,2.6159181579787034e-09
215,2.6160902871740426e-09
216,2.615349127573336e-09
217,2.6154180619842926e-09
218,2.6145070943227553e-09
219,2.613742983474388e-09
220,2.6141323683231e-09
221,2.6144675276164976e-09
222,2.613965500260032e-09
223,2.6144790005900618e-09
224,2.6159572551849084e-09
225,2.6162675961041524e-09
226,2.6163007563762237e-09
227,2.6154455201038066e-09
228,2.6163109982321983e-09
229,2.6171903033202197e-09
230,2.6168764051366603e-09
231,2.6160721400339802e-09
232,2.615510456948202e-09
233,2.615715919558953e-09
234,2.6166418210302026e-09
235,2.6171853669499183e-09
236,2.618162240245159e-09
237,2.6192689732066247e-09
238,2.6180576534841307e-09
239,2.6169318510355637e-09
240,2.6177925514691074e-09
241,2.6184794214518407e-09
242,2.617511476424184e-09
243,2.6175344588945295e-09
244,2.617292827898623e-09
245,2.617528397387202e-09
246,2.617808245383928e-09
247,2.617436560312096e-09
248,2.615032407696408e-09
249,2.615836270567332e-09
250,2.6177416786864076e-09
251,2.6181798576659543e-09
252,2.6171021522014343e-09
253,2.616827305358443e-09
254,2.6162000828833192e-09
255,2.6178745007303173e-09
256,2.61735983374194e-09
257,2.6186765954005127e-09
258,2.617267753546583e-09
259,2.617090964306624e-09
260,2.6168028061432053e-09
261,2.616268529922792e-09
262,2.617803751647325e-09
263,2.618012807425176e-09
264,2.618329967494248e-09
265,2.617965681692279e-09
266,2.6190142261365546e-09
267,2.6175794718994055e-09
268,2.6181658191748467e-09
269,2.617245448024276e-09
270,2.6173228358559306e-09
271,2.616928025975e-09
272,2.616226348054272e-09
273,2.6164320474330667e-09
274,2.617025126898521e-09
275,2.6181424681509373e-09
276,2.6179727222932957e-09
277,2.6186072252089457e-09
278,2.617912380233346e-09
279,2.617757710119516e-09
280,2.6176519911084236e-09
281,2.6168117305604805e-09
282,2.6165578961440993e-09
283,2.6165429048812274e-09
284,2.616127558530605e-09
285,2.617368411322632e-09
286,2.6163585298974103e-09
287,2.615705478419404e-09
288,2.616207885199393e-09
289,2.6158737278835503e-09
290,2.6168076693322096e-09
291,2.616361007327822e-09
292,2.617333106245546e-09
293,2.6171585057241163e-09
294,2.61779818163473e-09
295,2.6165411180726813e-09
296,2.6184938707208277e-09
297,2.61765076998333e-09
298,2.6184040909361966e-09
299,2.6191770701071902e-09
300,2.617481449872049e-09
301,2.616600441100662e-09
302,2.6168630556058367e-09
303,2.616640453061803e-09
304,2.6171744546625505e-09
305,2.616678385954778e-09
306,2.6164326645329494e-09
307,2.61522376479587e-09
308,2.6162813091662675e-09
309,2.6155184008987007e-09
310,2.6167448834162824e-09
311,2.6170945620056125e-09
312,2.6175011807769405e-09
313,2.619347109936302e-09
314,2.6192227947267708e-09
315,2.6185880718359353e-09
316,2.6171906916895033e-09
317,2.6171228369532667e-09
318,2.6167585712692913e-09
319,2.6165074866152814e-09
320,2.6181919041002233e-09
321,2.617099898854017e-09
322,2.6180955240167615e-09
323,2.6179625123825686e-09
324,2.618924300553794e-09
325,2.62037250845068e-09
326,2.6195665802637548e-09
327,2.6187541502137707e-09
328,2.6203416734492694e-09
329,2.6194760901799766e-09
330,2.6177315150264487e-09
331,2.618841486949973e-09
332,2.6180423428213884e-09
333,2.6171633138543297e-09
334,2.617385227830495e-09
335,2.616844429944507e-09
336,2.618622747448076e-09
337,2.6175267511506285e-09
338,2.618523198890238e-09
339,2.617462071534947e-09
340,2.6174942912260005e-09
341,2.6165123534835227e-09
342,2.6171582989507933e-09
343,2.6186537787538894e-09
344,2.621024069049262e-09
345,2.618545910698812e-09
346,2.6188283050348544e-09
347,2.617512477987942e-09
348,2.6178150237773597e-09
349,2.616916669666907e-09
350,2.617842209264528e-09
351,2.6177951150352797e-09
352,2.6182225551737236e-09
353,2.618369871218857e-09
354,2.6187217933981e-09
355,2.618001350256874e-09
356,2.616501927116086e-09
357,2.6156676958681745e-09
358,2.6149255017162554e-09
359,2.6153926010648267e-09
360,2.614630565093384e-09
361,2.6148524064069968e-09
362,2.614653047884871e-09
363,2.6137874487785396e-09
364,2.614031452142187e-09
365,2.6135533576626184e-09
366,2.6152047253877948e-09
367,2.6138949068303218e-09
368,2.614699686437622e-09
369,2.615372382089818e-09
370,2.615938570594389e-09
371,2.6165009865615317e-09
372,2.6166234100925186e-09
373,2.6164415524313822e-09
374,2.6167299798889045e-09
375,2.6162691309563632e-09
376,2.616258056574118e-09
377,2.617166106894799e-09
378,2.6189444294525063e-09
379,2.6175400121363845e-09
380,2.6181669953530947e-09
381,2.6180734174693954e-09
382,2.619227782048957e-09
383,2.619101724996843e-09
384,2.619088044938489e-09
385,2.6196719542556314e-09
386,2.618115891246924e-09
387,2.619190061248778e-09
388,2.618640127646352e-09
389,2.6192098352217682e-09
390,2.6182046439315774e-09
391,2.6198450933890496e-09
392,2.618858186938124e-09
393,2.618748033981542e-09
394,2.6194159617992637e-09
395,2.6185938916308374e-09
396,2.618851483209564e-09
397,2.6186881397768194e-09
398,2.6175414402676395e-09
399,2.616035684671314e-09
400,2.6169974564553745e-09
401,2.617012925927103e-09
402,2.6174507570574063e-09
403,2.617506547809244e-09
404,2.616460024169028e-09
405,2.6168875306724813e-09
406,2.617237763047947e-09
407,2.6170401316728184e-09
408,2.6163332473379703e-09
409,2.615732270231638e-09
410,2.6166177955134577e-09
411,2.616548918276487e-09
412,2.6154758737403322e-09
413,2.6162685031122357e-09
414,2.6161592382179565e-09
415,2.616242574294749e-09
416,2.6150872454853527e-09
417,2.615622055801704e-09
418,2.6163380663727075e-09
419,2.6162281052115013e-09
420,2.616392049384077e-09
421,2.6153700216081623e-09
422,2.615929984407443e-09
423,2.615851157512989e-09
424,2.6164905795604433e-09
425,2.616218690584874e-09
426,2.6153077278072093e-09
427,2.6136452393829326e-09
428,2.6164701275863363e-09
429,2.6168674045386274e-09
430,2.616189142579098e-09
431,2.6168560703303772e-09
432,2.6171350230408765e-09
433,2.617502473287244e-09
434,2.617241131086664e-09
435,2.61692249595783e-09
436,2.6169749812211165e-09
437,2.6162692544546156e-09
438,2.615735127694225e-09
439,2.6155699108708956e-09
440,2.6150149852855757e-09
441,2.6158598116095966e-09
442,2.6163859497161743e-09
443,2.616641316564481e-09
444,2.614978835197799e-09
445,2.617331714896804e-09
446,2.615746150883212e-09
447,2.6157697958083647e-09
448,2.614825793716053e-09
449,2.6144184389408137e-09
450,2.616092497724988e-09
451,2.6166392387269286e-09
452,2.6177967650412103e-09
453,2.6192012307271907e-09
454,2.618693135438529e-09
455,2.6169934515086723e-09
456,2.6166967384311534e-09
457,2.6174912030733463e-09
458,2.615388233157952e-09
459,2.6157551177820126e-09
460,2.616359305518889e-09
461,2.615394136668611e-09
462,2.6152750491858245e-09
463,2.615994178949561e-09
464,2.617450626910853e-09
465,2.6161586523954466e-09
466,2.6169343515902052e-09
467,2.616287362258018e-09
468,2.6165915551566444e-09
469,2.6160449920917165e-09
470,2.615549782158278e-09
471,2.6156060706040097e-09
472,2.615482317213313e-09
473,2.6161949326032615e-09
474,2.6145250405384076e-09
475,2.6148872382726975e-09
476,2.614608593554046e-09
477,2.6157624800281357e-09
478,2.6160099730925276e-09
479,2.6147259362328307e-09
480,2.615885188989485e-09
481,2.618091977527477e-09
482,2.616750157099643e-09
483,2.6172613801376123e-09
484,2.6175797087427997e-09
485,2.616641513100028e-09
486,2.6181252314382996e-09
487,2.6194183663815162e-09
488,2.6193386147811982e-09
489,2.6177131759832185e-09
490,2.617573776373679e-09
491,2.6166528618832615e-09
492,2.6161457318319947e-09
493,2.6165401161111636e-09
494,2.6147564634012254e-09
495,2.61437030606182e-09
496,2.615068553758297e-09
497,2.6139294728353516e-09
498,2.6144834394860548e-09
499,2.613956680353926e-09
500,2.6129874634444375e-09
501,2.6136269658868367e-09
502,2.614095912889633e-09
503,2.6153009520095246e-09
504,2.6154826092027766e-09
505,2.614800930935733e-09
506,2.6158059895803403e-09
507,2.6156874982259392e-09
508,2.6153993269001018e-09
509,2.615262030323448e-09
510,2.615123753930516e-09
511,2.6143018726831508e-09
512,2.6136535127014256e-09
513,2.613244849782073e-09
514,2.6138560086089536e-09
515,2.6138229326086063e-09
516,2.6144479309050132e-09
517,2.6163872017070235e-09
518,2.617191421260068e-09
519,2.6168227179425853e-09
520,2.6163065180766924e-09
521,2.6165804016849894e-09
522,2.616428790652028e-09
523,2.615273098252695e-09
524,2.6163589147744395e-09
525,2.6162261912660524e-09
526,2.6151112557687275e-09
527,2.61396193045863e-09
528,2.615417492943119e-09
529,2.6153416199463904e-09
530,2.6144393606395653e-09
531,2.6154633702901546e-09
532,2.615633719081446e-09
533,2.6143165572227023e-09
534,2.614926508041408e-09
535,2.6159398968363e-09
536,2.6174513940464642e-09
537,2.615812811640915e-09
538,2.616096224428714e-09
539,2.616943031353371e-09
540,2.6167621863306967e-09
541,2.6163968763125264e-09
542,2.6158487435299606e-09
543,2.6162458308213128e-09
544,2.615708664180681e-09
545,2.616805744699184e-09
546,2.617731145902903e-09
547,2.617508611800913e-09
548,2.6164161657523002e-09
549,2.618041413637271e-09
550,2.617163999898356e-09
551,2.6172435977881797e-09
552,2.6162564367607968e-09
553,2.6161533432830727e-09
554,2.616052031943328e-09
555,2.6169639159994685e-09
556,2.6182581593379185e-09
557,2.618636282964304e-09
558,2.617487805953554e-09
559,2.6177860888511153e-09
560,2.6162148812833122e-09
561,2.616516673235354e-09
562,2.617576355361442e-09
563,2.6175881954406654e-09
564,2.6161750111923207e-09
565,2.6170282366703234e-09
566,2.616840425056029e-09
567,2.617308243991987e-09
568,2.617287927503381e-09
569,2.6173758350562723e-09
570,2.617156485224387e-09
571,2.6163210075811337e-09
572,2.617331320043067e-09
573,2.61688088465731e-09
574,2.6163156362505445e-09
575,2.6155601423849203e-09
576,2.616419959962455e-09
577,2.6173822323157907e-09
578,2.618975725513585e-09
579,2.618118284452346e-09
580,2.6184925872083757e-09
581,2.618491464151172e-09
582,2.619233788389565e-09
583,2.6181901121912477e-09
584,2.618280434229474e-09
585,2.617785301075423e-09
586,2.6170363768610046e-09
587,2.6173956844215495e-09
588,2.6178450416692007e-09
589,2.618029200939263e-09
590,2.617403626646603e-09
591,2.6165988579606997e-09
592,2.6190221928399405e-09
593,2.618934063858778e-09
594,2.6180029432142284e-09
595,2.6180343079822293e-09
596,2.6170287273478777e-09
597,2.6176328490954597e-09
598,2.6168551272395788e-09
599,2.6163666198570896e-09
600,2.617287030711306e-09
601,2.619787358303024e-09
602,2.6202800226988662e-09
603,2.6203348312702764e-09
604,2.618682701937993e-09
605,2.6180196270602884e-09
606,2.6191732011664305e-09
607,2.618897345850011e-09
608,2.618441873837393e-09
609,2.618951647940418e-09
610,2.619481439294909e-09
611,2.6196842217850057e-09
612,2.6200927751073733e-09
613,2.619901236010674e-09
614,2.619037884419236e-09
615,2.6190626896178124e-09
616,2.6189357218254267e-09
617,2.618069270196332e-09
618,2.6171799025661577e-09
619,2.6158147208003934e-09
620,2.6134628197437315e-09
621,2.6147981702733017e-09
622,2.6147176902728026e-09
623,2.613895509804072e-09
624,2.6139456238860217e-09
625,2.6152203521150434e-09
626,2.613940845884655e-09
627,2.614195173144709e-09
628,2.6129375241372356e-09
629,2.614810383831509e-09
630,2.6150649568833506e-09
631,2.6143078261879695e-09
632,2.6149313588632653e-09
633,2.615400562050126e-09
634,2.6152914282234873e-09
635,2.6159039486052677e-09
636,2.615645047462382e-09
637,2.6161057487374745e-09
638,2.615380812412303e-09
639,2.6160554088000407e-09
640,2.6163511367754706e-09
641,2.617611097803835e-09
642,2.615960497771278e-09
643,2.616406187240828e-09
644,2.616908233042003e-09
645,2.616191436106776e-09
646,2.6173146741046934e-09
647,2.6180037715434275e-09
648,2.617090563588586e-09
649,2.618432476261468e-09
650,2.6178652644853763e-09
651,2.6161629372546095e-09
652,2.6163701558656583e-09
653,2.617783180290034e-09
654,2.617533524504449e-09
655,2.6195287804293877e-09
656,2.6177544844670107e-09
657,2.616744064738154e-09
658,2.616796179619033e-09
659,2.6158394691247584e-09
660,2.6165909951543e-09
661,2.6165443339816833e-09
662,2.6172485643009848e-09
663,2.617994810370641e-09
664,2.618555827086996e-09
665,2.61831917050995e-09
666,2.6170551459450003e-09
667,2.617958263137968e-09
668,2.6153738077584676e-09
669,2.615799408957003e-09
670,2.616347898843322e-09
671,2.615422434828106e-09
672,2.6155812792225037e-09
673,2.6161347461918656e-09
674,2.6165242368982074e-09
675,2.61674146468817e-09
676,2.616644481589399e-09
677,2.6179566449479192e-09
678,2.6184715519710606e-09
679,2.6157835893829087e-09
680,2.6153873305715523e-09
681,2.6154922381629217e-09
682,2.615997399068104e-09
683,2.614213689270329e-09
684,2.6158614500558555e-09
685,2.615901397191513e-09
686,2.6172172086465774e-09
687,2.618777499321943e-09
688,2.6176532884074655e-09
689,2.6170643411509155e-09
690,2.6181364786775548e-09
691,2.6170409199117872e-09
692,2.618172956975634e-09
693,2.6163059924439243e-09
694,2.6172582705630437e-09
695,2.6173831980190754e-09
696,2.6178183193354567e-09
697,2.617199206168939e-09
698,2.619090238688296e-09
699,2.619938080723028e-09
700,2.619632617015809e-09
701,2.61959401137905e-09
702,2.6185569656338418e-09
703,2.620023330175588e-09
704,2.6190860583063747e-09
705,2.6194620893910387e-09
706,2.6189249726687004e-09
707,2.620145131431604e-09
708,2.620019754893803e-09
709,2.618863367580965e-09
710,2.618821518055046e-09
711,2.6199108063437695e-09
712,2.620900851065499e-09
713,2.6195096221639282e-09
714,2.618681203003009e-09
715,2.6195517472595153e-09
716,2.619207985435716e-09
717,2.619454637551377e-09
718,2.620054401370891e-09
719,2.6180240340815883e-09
720,2.617197335836635e-09
721,2.61693885990144e-09
722,2.61719564663327e-09
723,2.618817954603808e-09
724,2.6168478900685497e-09
725,2.6147967005210178e-09
726,2.6151023020083975e-09
727,2.6154093428675553e-09
728,2.616072268044925e-09
729,2.6158566240582585e-09
730,2.6177115032583704e-09
731,2.6180429764737806e-09
732,2.616888940598726e-09
733,2.617930980996734e-09
734,2.616358033959555e-09
735,2.6150897210718266e-09
736,2.6166027065722683e-09
737,2.615265454423175e-09
738,2.6166878444143414e-09
739,2.616701457636497e-09
740,2.617375120057461e-09
741,2.6160030091267165e-09
742,2.6161623370575542e-09
743,2.6170363216422766e-09
744,2.6172246397660553e-09
745,2.6176228617021766e-09
746,2.615994700816509e-09
747,2.6152589588882463e-09
748,2.6153877871193306e-09
749,2.6146443467525895e-09
750,2.61479149626172e-09
751,2.6154713624058967e-09
752,2.615436223539603e-09
753,2.6155138960838857e-09
754,2.616476103661572e-09
755,2.6173831146744604e-09
756,2.616143512965875e-09
757,2.6164656989039634e-09
758,2.615561018958537e-09
759,2.6166685312218857e-09
760,2.6155331444901323e-09
761,2.6148296173734444e-09
762,2.6157788826855012e-09
763,2.6156292493230455e-09
764,2.6145010538076066e-09
765,2.614665035182737e-09
766,2.6171898313967714e-09
767,2.6167853846362085e-09
768,2.615106733532647e-09
769,2.616665480242771e-09
770,2.61678960577567e-09
771,2.6159528164626903e-09
772,2.616019374942603e-09
773,2.616618788893872e-09
774,2.616401720739938e-09
775,2.6157906815321294e-09
776,2.6165134377772666e-09
777,2.6160413435540507e-09
778,2.617776526848205e-09
779,2.6173271239362226e-09
780,2.6168030164336514e-09
781,2.6175393253340125e-09
782,2.6173487333069417e-09
783,2.6163061127169937e-09
784,2.6175008811479293e-09
785,2.6168861212164288e-09
786,2.6162099641333084e-09
787,2.6161811271141366e-09
788,2.61593443042698e-09
789,2.616804197775081e-09
790,2.6167113721986046e-09
791,2.6159118179747324e-09
792,2.6165787458802543e-09
793,2.6181158245101614e-09
794,2.617940456520002e-09
795,2.6173384895990677e-09
796,2.6159442586777683e-09
797,2.6157757134472797e-09
798,2.6153908048643095e-09
799,2.6154391220545765e-09
800,2.6134684094954395e-09
801,2.614289188769952e-09
802,2.613816254045656e-09
803,2.612754800894705e-09
804,2.6131000458169444e-09
805,2.6133376407769367e-09
806,2.614029010663741e-09
807,2.6134998225095313e-09
808,2.6140067276581184e-09
809,2.6133479755627736e-09
810,2.614407860253483e-09
811,2.614310172323026e-09
812,2.613379297939162e-09
813,2.613855095204596e-09
814,2.614129903437115e-09
815,2.6144404251982223e-09
816,2.6148120724561953e-09
817,2.615412316349682e-09
818,2.6148266386648404e-09
819,2.6158094683399654e-09
820,2.614875903686649e-09
821,2.615129572205249e-09
822,2.614771804166103e-09
823,2.614767057193282e-09
824,2.6163173852898728e-09
825,2.617037251731503e-09
826,2.6172598276856227e-09
827,2.6152932707030633e-09
828,2.616054508084219e-09
829,2.617252273730373e-09
830,2.6183657291094964e-09
831,2.6170485881357697e-09
832,2.616621961988468e-09
833,2.6163714024323194e-09
834,2.6168148207927233e-09
835,2.6175245142508236e-09
836,2.6173230625207934e-09
837,2.6165270554053285e-09
838,2.6165821198085846e-09
839,2.6165493626509845e-09
840,2.6175604943574883e-09
841,2.6162176690258782e-09
842,2.6171159113020186e-09
843,2.6174919178815132e-09
844,2.6169429021004613e-09
845,2.6170828759992572e-09
846,2.616687849603489e-09
847,2.616049529686064e-09
848,2.617899140239197e-09
849,2.6173421449419835e-09
850,2.617397435932377e-09
851,2.6180376088827326e-09
852,2.6164130064223248e-09
853,2.6164602593360587e-09
854,2.6153915978819396e-09
855,2.616193149323768e-09
856,2.6166507795634912e-09
857,2.616475200161964e-09
858,2.6153855489615693e-09
859,2.6154247420243807e-09
860,2.615548580360735e-09
861,2.615752937400045e-09
862,2.6163586633829004e-09
863,2.6158414042446314e-09
864,2.615038827611522e-09
865,2.6148557612797737e-09
866,2.6150965172968817e-09
867,2.617001179544843e-09
868,2.617471032172133e-09
869,2.6173571089097692e-09
870,2.6180117934132322e-09
871,2.6178318943888476e-09
872,2.6177432021791307e-09
873,2.617275924492404e-09
874,2.617572675337677e-09
875,2.6171714112428205e-09
876,2.6180767427643864e-09
877,2.6169570348098735e-09
878,2.6177493553684934e-09
879,2.6167745036699738e-09
880,2.6175743741599905e-09
881,2.6165974848544382e-09
882,2.616532495185354e-09
883,2.6164480861677107e-09
884,2.615891025792074e-09
885,2.6147668930369374e-09
886,2.615197015925651e-09
887,2.6144111793811222e-09
888,2.6145732193831183e-09
889,2.6154661190871065e-09
890,2.6152491933776654e-09
891,2.6154291849164183e-09
892,2.6154041501694893e-09
893,2.6171117241513574e-09
894,2.616522701424161e-09
895,2.618016631060875e-09
896,2.6180651904774173e-09
897,2.6175225036543233e-09
898,2.6178861783491285e-09
899,2.6179219813356375e-09
900,2.6162121133501585e-09
901,2.6148063914690114e-09
902,2.614330414975797e-09
903,2.6152617836673516e-09
904,2.6161881460137183e-09
905,2.6151960939728955e-09
906,2.6140381208419827e-09
907,2.6146284066559684e-09
908,2.615694349184652e-09
909,2.6144122201249525e-09
910,2.6163080911931956e-09
911,2.614278105775901e-09
912,2.6153126687160823e-09
913,2.6172358518633226e-09
914,2.6164850248088415e-09
915,2.6163567613819143e-09
916,2.6171355680362276e-09
917,2.616353183329137e-09
918,2.6172578908835414e-09
919,2.6166961036686716e-09
920,2.6168216563860144e-09
921,2.6160531424807475e-09
922,2.6164942017909296e-09
923,2.6167271281148634e-09
924,2.6173076333828245e-09
925,2.6170208111085174e-09
926,2.617628080252273e-09
927,2.6155048432729274e-09
928,2.615861384820949e-09
929,2.6167695627514843e-09
930,2.6155538456696013e-09
931,2.617499996176466e-09
932,2.6160707451128745e-09
933,2.6158462004070922e-09
934,2.616495601798981e-09
935,2.617411313504553e-09
936,2.6172415067374275e-09
937,2.6171985970096515e-09
938,2.6175559865703064e-09
939,2.618702199973052e-09
940,2.617628260859726e-09
941,2.616452793121966e-09
942,2.6165699605808247e-09
943,2.61720802074273e-09
944,2.617226335732761e-09
945,2.617047824266419e-09
946,2.6165975082220986e-09
947,2.6166661223305606e-09
948,2.615919147967853e-09
949,2.6156221071540535e-09
950,2.6159831705576535e-09
951,2.61615522771769e-09
952,2.6170249213823802e-09
953,2.6164032848718104e-09
954,2.616338961289886e-09
955,2.61666052464609e-09
956,2.6178127193520895e-09
957,2.61759383261956e-09
958,2.6181249395817813e-09
959,2.6186665570135876e-09
960,2.616965417448163e-09
961,2.615482562565562e-09
962,2.6143487325322543e-09
963,2.615730586537635e-09
964,2.6149272544710867e-09
965,2.6170527690085727e-09
966,2.6171518591605496e-09
967,2.6186112332628977e-09
968,2.617659291523549e-09
969,2.618399730396211e-09
970,2.61829242370068e-09
971,2.618562228563968e-09
972,2.615606097027383e-09
973,2.6144509527326583e-09
974,2.616039230249856e-09
975,2.6176782513453008e-09
976,2.6193800357487477e-09
977,2.619088763969469e-09
978,2.6199361966972097e-09
979,2.6204390344728234e-09
980,2.6196369942551477e-09
981,2.6199858755565744e-09
982,2.6193359610309292e-09
983,2.6193619839076943e-09
984,2.6178918586539033e-09
985,2.618167503992477e-09
986,2.617856598902892e-09
987,2.6167409518340233e-09
988,2.616949739885703e-09
989,2.6181002096071188e-09
990,2.6179624983851907e-09
991,2.61824521416726e-09
992,2.6170122480140627e-09
993,2.6175748865681903e-09
994,2.6174663262441075e-09
995,2.617627163516305e-09
996,2.6166609225806454e-09
997,2.6182083426347024e-09
998,2.6164663602081113e-09
999,2.6166827575919767e-09
1000,2.61582107876208e-09
1001,2.6161923512565512e-09
1002,2.6154099017569313e-09
1003,2.6150084942145172e-09
1004,2.6157107589788343e-09
1005,2.614848760351235e-09
1006,2.6150172613798975e-09
1007,2.6155737459515666e-09
1008,2.6157721301777815e-09
1009,2.615778398804514e-09
1010,2.615988064094743e-09
1011,2.6156055286911488e-09
1012,2.6182380691850837e-09
1013,2.6180354152511127e-09
1014,2.616915002358628e-09
1015,2.6172881332404576e-09
1016,2.6171612458347602e-09
1017,2.6175959468144705e-09
1018,2.6176836359264768e-09
1019,2.6168901106723137e-09
1020,2.6159819505158684e-09
1021,2.6156021832083517e-09
1022,2.6150759139173617e-09
1023,2.6154555447295557e-09
1024,2.615366884726424e-09
1025,2.615948439266235e-09
1026,2.6173437091495956e-09
1027,2.6173823014014402e-09
1028,2.61587486890896e-09
1029,2.615448877203476e-09
1030,2.6150274030343332e-09
1031,2.6164882833753218e-09
1032,2.615261614034475e-09
1033,2.614860015291119e-09
1034,2.6163230830034576e-09
1035,2.616902717085781e-09
1036,2.617082299174856e-09
1037,2.6182710350769403e-09
1038,2.617282377037209e-09
1039,2.6169742261947466e-09
1040,2.6175751527280914e-09
1041,2.6168876129526493e-09
1042,2.6155816612469017e-09
1043,2.6159379322126544e-09
1044,2.617525566910396e-09
1045,2.6184056797085115e-09
1046,2.616973760312268e-09
1047,2.6171641067333227e-09
1048,2.6170974492462664e-09
1049,2.61729273755056e-09
1050,2.6164403447536457e-09
1051,2.6153722889669605e-09
1052,2.6151461226371896e-09
1053,2.6150299954131324e-09
1054,2.6157736799234546e-09
1055,2.6156487783090614e-09
1056,2.6182839443194507e-09
1057,2.61732463482206e-09
1058,2.6171587462871023e-09
1059,2.6164384127556677e-09
1060,2.6163898412519863e-09
1061,2.615015579847783e-09
1062,2.6164248946013167e-09
1063,2.6149413538022574e-09
1064,2.613909850029331e-09
1065,2.614429998286415e-09
1066,2.613722715739538e-09
1067,2.614664811327434e-09
1068,2.6157098324621636e-09
1069,2.6136484339683475e-09
1070,2.6142946956180437e-09
1071,2.614733777934497e-09
1072,2.615392792719507e-09
1073,2.6153310435847758e-09
1074,2.615756307438915e-09
1075,2.6150779365695364e-09
1076,2.6176175043645754e-09
1077,2.6177862930676764e-09
1078,2.618177698727195e-09
1079,2.618021819263141e-09
1080,2.617456601906827e-09
1081,2.6176122637472028e-09
1082,2.616291291849058e-09
1083,2.616927987943844e-09
1084,2.6165175397227156e-09
1085,2.616946052367705e-09
1086,2.6168976833295086e-09
1087,2.6164280661859903e-09
1088,2.618106523537417e-09
1089,2.6169373665618986e-09
1090,2.6171919696402803e-09
1091,2.6176203095053686e-09
1092,2.6172228195185308e-09
1093,2.6175955954832774e-09
1094,2.618125274481663e-09
1095,2.6188020330104364e-09
1096,2.6180534240769234e-09
1097,2.6175785515526452e-09
1098,2.6188902316558868e-09
1099,2.6195287094106286e-09
1100,2.6198118869299752e-09
1101,2.618765918288503e-09
1102,2.617984599411601e-09
1103,2.616699242284866e-09
1104,2.6161469465845177e-09
1105,2.6166046309040174e-09
1106,2.616635893418539e-09
1107,2.617692045612359e-09
1108,2.617822315677969e-09
1109,2.616666945003166e-09
1110,2.6162230940103927e-09
1111,2.6152185659654737e-09
1112,2.6145496700426434e-09
1113,2.6135739672441074e-09
1114,2.615200751967841e-09
1115,2.61629769703942e-09
1116,2.6163070686429424e-09
1117,2.6168043123382827e-09
1118,2.617052022356901e-09
1119,2.6182411186252195e-09
1120,2.617840228569533e-09
1121,2.6174826350305997e-09
1122,2.617338165786177e-09
1123,2.6168217334456532e-09
1124,2.617521900960847e-09
1125,2.616901457799381e-09
1126,2.6168630045892648e-09
1127,2.617863373870202e-09
1128,2.6168659595357206e-09
1129,2.617443691216624e-09
1130,2.6183493492172815e-09
1131,2.617136435051698e-09
1132,2.6169816615758595e-09
1133,2.616352952006332e-09
1134,2.616255991880483e-09
1135,2.6164134995313066e-09
1136,2.6168136688034644e-09
1137,2.617262442680172e-09
1138,2.6164180033737055e-09
1139,2.616409630286532e-09
1140,2.615887270757996e-09
1141,2.616375234173749e-09
1142,2.614460286144541e-09
1143,2.6139597778779916e-09
1144,2.616275674814861e-09
1145,2.6158681769978267e-09
1146,2.617691873633078e-09
1147,2.617170905791209e-09
1148,2.616329107170666e-09
1149,2.6164293399324675e-09
1150,2.6154579721550456e-09
1151,2.6148571041466387e-09
1152,2.6151977159181693e-09
1153,2.615407272469842e-09
1154,2.6162219809453306e-09
1155,2.6169402972204816e-09
1156,2.616389169057268e-09
1157,2.617360770241105e-09
1158,2.6167766314293907e-09
1159,2.617655470953666e-09
1160,2.6175975253541787e-09
1161,2.6175858638144938e-09
1162,2.6182746976313358e-09
1163,2.617166682566311e-09
1164,2.6170884404512913e-09
1165,2.619312211898059e-09
1166,2.6168888839287874e-09
1167,2.6162976550170752e-09
1168,2.6156793619287592e-09
1169,2.6159576446938426e-09
1170,2.617223811884756e-09
1171,2.6177902045490843e-09
1172,2.616418947771547e-09
1173,2.6206015034618943e-09
1174,2.6181602101241237e-09
1175,2.6190296215267456e-09
1176,2.616725875022169e-09
1177,2.6182603912589547e-09
1178,2.6187470073656188e-09
1179,2.619875235979137e-09
1180,2.6188637529491062e-09
1181,2.6180744680488978e-09
1182,2.6171430535394716e-09
1183,2.6169234372076406e-09
1184,2.618172472850352e-09
1185,2.617674633233624e-09
1186,2.61681119092042e-09
1187,2.6173963578757667e-09
1188,2.6172849799970273e-09
1189,2.6176546647707e-09
1190,2.6184222149478977e-09
1191,2.6174675798150966e-09
1192,2.6179423146482107e-09
1193,2.618811258613613e-09
1194,2.6184862433897737e-09
1195,2.6182418020224128e-09
1196,2.6176554593922413e-09
1197,2.6183715061900394e-09
1198,2.6165426804084015e-09
1199,2.61775712333363e-09
1200,2.616749164252263e-09
1201,2.6174618462652873e-09
1202,2.6173506396028233e-09
1203,2.618328281143123e-09
1204,2.6183516694470272e-09
1205,2.6195905138887134e-09
1206,2.6180354225672465e-09
1207,2.6182615860977927e-09
1208,2.618100380365607e-09
1209,2.6181040703117106e-09
1210,2.6165773494202407e-09
1211,2.616010018236142e-09
1212,2.6154926291083936e-09
1213,2.6156919742883607e-09
1214,2.6157406239261344e-09
1215,2.615792878729564e-09
1216,2.615909068068308e-09
1217,2.6160593681242485e-09
1218,2.6155622063279547e-09
1219,2.6169145347128673e-09
1220,2.6151296807861066e-09
1221,2.6147235619704137e-09
1222,2.616033584506563e-09
1223,2.616101432371002e-09
1224,2.615577604500962e-09
1225,2.615362927391928e-09
1226,2.6177975300465882e-09
1227,2.6151912040624406e-09
1228,2.6167681066181067e-09
1229,2.6165367579129362e-09
1230,2.6162786474103084e-09
1231,2.616059012590466e-09
1232,2.614417516115461e-09
1233,2.616537430378346e-09
1234,2.6160259945986703e-09
1235,2.616721473802076e-09
1236,2.6163042263635397e-09
1237,2.61547938635094e-09
1238,2.616540535132735e-09
1239,2.6163657402945923e-09
1240,2.617618125563297e-09
1241,2.617318212254386e-09
1242,2.617792966932795e-09
1243,2.618185082804137e-09
1244,2.6191515069850316e-09
1245,2.6186818322189914e-09
1246,2.618029917352213e-09
1247,2.6176415030045406e-09
1248,2.6184206154068844e-09
1249,2.618036191952991e-09
1250,2.61572514676091e-09
1251,2.614379890562326e-09
1252,2.61471114795885e-09
1253,2.613685555358229e-09
1254,2.6137704403762676e-09
1255,2.6158624812141394e-09
1256,2.614552202421559e-09
1257,2.616166938769325e-09
1258,2.6168287171377512e-09
1259,2.6171708790105954e-09
1260,2.616634060730545e-09
1261,2.6162853803412293e-09
1262,2.6172642082898116e-09
1263,2.617602013396649e-09
1264,2.6172244261254147e-09
1265,2.6170587331288173e-09
1266,2.6168867651538635e-09
1267,2.6168734666511446e-09
1268,2.618059119983352e-09
1269,2.6184121511271867e-09
1270,2.6183838461663514e-09
1271,2.6179118616476124e-09
1272,2.617932170128173e-09
1273,2.6182470417215144e-09
1274,2.6175873109289777e-09
1275,2.6170786334675913e-09
1276,2.6153974373020214e-09
1277,2.6164857600377025e-09
1278,2.6167247059982153e-09
1279,2.618038631238577e-09
1280,2.615790256846214e-09
1281,2.6164431317304898e-09
1282,2.6159500679159622e-09
1283,2.6162122808000712e-09
1284,2.618612360729114e-09
1285,2.616871527718143e-09
1286,2.6177784151536675e-09
1287,2.6177618203132894e-09
1288,2.616873690435972e-09
1289,2.617124788641876e-09
1290,2.6174713793814145e-09
1291,2.618905776356717e-09
1292,2.618442066500227e-09
1293,2.6181923307474763e-09
1294,2.6172208977036706e-09
1295,2.6154324706383977e-09
1296,2.6152514818306607e-09
1297,2.6167760110801452e-09
1298,2.617923791615903e-09
1299,2.6169060844603164e-09
1300,2.615395336518121e-09
1301,2.61570612930897e-09
1302,2.615507578127046e-09
1303,2.6158431091624465e-09
1304,2.616364797636324e-09
1305,2.616289381043175e-09
1306,2.616712979509562e-09
1307,2.6168486094211944e-09
1308,2.6171341050888624e-09
1309,2.6172788057605473e-09
1310,2.6188408649033754e-09
1311,2.61678509156779e-09
1312,2.618499071142394e-09
1313,2.6188750436686777e-09
1314,2.6172361032149334e-09
1315,2.6172654162092946e-09
1316,2.6166991943878397e-09
1317,2.617625997441041e-09
1318,2.6179394434647657e-09
1319,2.6168652941345814e-09
1320,2.6169053333145354e-09
1321,2.617050379981552e-09
1322,2.6169566861940613e-09
1323,2.6161448399656435e-09
1324,2.616727935912203e-09
1325,2.6156131749977604e-09
1326,2.615058918356877e-09
1327,2.6163988519932938e-09
1328,2.617455161091629e-09
1329,2.6163535977989202e-09
1330,2.6164229538709985e-09
1331,2.6173829788692966e-09
1332,2.615385963472676e-09
1333,2.616298524070419e-09
1334,2.6153941581364224e-09
1335,2.616027370346418e-09
1336,2.616842681516399e-09
1337,2.6169838948739334e-09
1338,2.6178795162571583e-09
1339,2.6190046836027987e-09
1340,2.6163544461870284e-09
1341,2.6172655061653616e-09
1342,2.6153763829680793e-09
1343,2.6160592159329333e-09
1344,2.6177828794001303e-09
1345,2.6151479874029064e-09
1346,2.6158325875083593e-09
1347,2.6131130574040867e-09
1348,2.6131234378059772e-09
1349,2.613438248454792e-09
1350,2.614616376575261e-09
1351,2.613757076235657e-09
1352,2.6153258947650604e-09
1353,2.614341980844816e-09
1354,2.616370381291658e-09
1355,2.6155566425935338e-09
1356,2.61516029811902e-09
1357,2.6151741805078184e-09
1358,2.615066344210568e-09
1359,2.6149894449852292e-09
1360,2.6146332982872674e-09
1361,2.614832904012158e-09
1362,2.6151329059378548e-09
1363,2.6150941069874047e-09
1364,2.615806427669614e-09
1365,2.615078849233625e-09
1366,2.6159624456810072e-09
1367,2.6151980153500514e-09
1368,2.614201684074804e-09
1369,2.6151762603317176e-09
1370,2.616125816563611e-09
1371,2.615972246360357e-09
1372,2.6151692348106445e-09
1373,2.6167785341369114e-09
1374,2.616900617421189e-09
1375,2.6155391680229305e-09
1376,2.6162226686077545e-09
1377,2.617200274413823e-09
1378,2.6178134873798662e-09
1379,2.6169702600952857e-09
1380,2.6163689963622034e-09
1381,2.61578471210387e-09
1382,2.616592025185775e-09
1383,2.6172702256322316e-09
1384,2.6177530410879368e-09
1385,2.6176724480673774e-09
1386,2.6194957860615218e-09
1387,2.617637850111737e-09
1388,2.616779901716858e-09
1389,2.6169274304980396e-09
1390,2.616045298592898e-09
1391,2.616029833435858e-09
1392,2.6147660117633934e-09
1393,2.6167506486704377e-09
1394,2.617385600056393e-09
1395,2.617338386850698e-09
1396,2.6173529995491444e-09
1397,2.618918223889296e-09
1398,2.6187008881368105e-09
1399,2.619249679047033e-09
1400,2.6201358919860244e-09
1401,2.620766231528713e-09
1402,2.6199803820227253e-09
1403,2.6200086561951567e-09
1404,2.6201984924548746e-09
1405,2.618364176976413e-09
1406,2.618017806452516e-09
1407,2.618143215002291e-09
1408,2.61856927849521e-09
1409,2.6192551263748077e-09
1410,2.620631763139379e-09
1411,2.6193143023610128e-09
1412,2.618915688296177e-09
1413,2.618271470739383e-09
1414,2.618765993675235e-09
1415,2.6188084905636864e-09
1416,2.617006804565566e-09
1417,2.6192384125773445e-09
1418,2.619430190560618e-09
1419,2.6200374049682916e-09
1420,2.6168280263394467e-09
1421,2.61785186912248e-09
1422,2.6200610791922945e-09
1423,2.619301609825644e-09
1424,2.620168240501614e-09
1425,2.6189344984535515e-09
1426,2.6184681339239146e-09
1427,2.6194510784148067e-09
1428,2.620396241323364e-09
1429,2.6199540412937184e-09
1430,2.6183368157471268e-09
1431,2.617880478739014e-09
1432,2.617767075015511e-09
1433,2.6157433015512884e-09
1434,2.6160518290429627e-09
1435,2.6156518182807225e-09
1436,2.6159342092697542e-09
1437,2.615193897114628e-09
1438,2.615766712871418e-09
1439,2.6152022888691853e-09
1440,2.614463531110076e-09
1441,2.6156245335951985e-09
1442,2.6156997337615974e-09
1443,2.6164694004931266e-09
1444,2.6154887616648018e-09
1445,2.6169561478371316e-09
1446,2.615811309270146e-09
1447,2.616270269683738e-09
1448,2.6166457131438093e-09
1449,2.617094543102142e-09
1450,2.618897399384646e-09
1451,2.617002605399195e-09
1452,2.617821213343459e-09
1453,2.6185393057659896e-09
1454,2.6195558576923267e-09
1455,2.6175581309371985e-09
1456,2.6165792798442284e-09
1457,2.6168704047655898e-09
1458,2.6173741123222607e-09
1459,2.6175023378891974e-09
1460,2.617516775591032e-09
1461,2.6169029981441877e-09
1462,2.617551831703109e-09
1463,2.617490360377166e-09
1464,2.6169327222137588e-09
1465,2.6176360372524218e-09
1466,2.6169931025918487e-09
1467,2.6173907719226214e-09
1468,2.6179252132780488e-09
1469,2.6162012715128457e-09
1470,2.6150100488770424e-09
1471,2.6160355892718528e-09
1472,2.6164921923263482e-09
1473,2.6166772851334887e-09
1474,2.617530600537817e-09
1475,2.616854738628647e-09
1476,2.6176266840634473e-09
1477,2.6166452015143077e-09
1478,2.617206965517198e-09
1479,2.6174041585470937e-09
1480,2.6165828398585744e-09
1481,2.6163925160031542e-09
1482,2.612993738892728e-09
1483,2.6141088565435523e-09
1484,2.613992479856932e-09
1485,2.6128106693643833e-09
1486,2.6145431693324646e-09
1487,2.6163061822924152e-09
1488,2.6165466900425638e-09
1489,2.6183928838785317e-09
1490,2.619279940691524e-09
1491,2.6183454743137416e-09
1492,2.617375001703756e-09
1493,2.6192008273326734e-09
1494,2.617359564192845e-09
1495,2.6158290587219584e-09
1496,2.6171158954371647e-09
1497,2.6171341197538312e-09
1498,2.614734360794329e-09
1499,2.615109432730398e-09
1500,2.615303706457313e-09
1501,2.6162517366304606e-09
1502,2.6176614428313466e-09
1503,2.615459453602318e-09
1504,2.6163563457011257e-09
1505,2.6156219110446763e-09
1506,2.6158400984720175e-09
1507,2.6162529758662517e-09
1508,2.6160331306181945e-09
1509,2.615934112049007e-09
1510,2.6170170760001007e-09
1511,2.618673917240472e-09
1512,2.6195578241516003e-09
1513,2.617435545922906e-09
1514,2.6169501946666676e-09
1515,2.6177479509518034e-09
1516,2.617881245674563e-09
1517,2.6190428606917476e-09
1518,2.6187634818900146e-09
1519,2.6174687886708778e-09
1520,2.6174524021116422e-09
1521,2.617138496304854e-09
1522,2.616626773341166e-09
1523,2.6159257184118852e-09
1524,2.6147769901892403e-09
1525,2.615649080114875e-09
1526,2.615684032175002e-09
1527,2.615988507270346e-09
1528,2.616073783882398e-09
1529,2.6161820053678796e-09
1530,2.6167175353647307e-09
1531,2.6165891174347716e-09
1532,2.6159117267118516e-09
1533,2.616680564406946e-09
1534,2.6173238806709354e-09
1535,2.6154028759402678e-09
1536,2.616732722749598e-09
1537,2.6174296670195856e-09
1538,2.6174480205902035e-09
1539,2.6172879808995182e-09
1540,2.616413554451559e-09
1541,2.6157558058663057e-09
1542,2.616350392750866e-09
1543,2.616898306377211e-09
1544,2.6169388159228185e-09
1545,2.616079004672442e-09
1546,2.615933498671762e-09
1547,2.6164204785016298e-09
1548,2.6158575411140306e-09
1549,2.615794833114879e-09
1550,2.6159668824768866e-09
1551,2.617072603794227e-09
1552,2.6146942174112998e-09
1553,2.6150585580808244e-09
1554,2.6153509856224317e-09
1555,2.6157567079145814e-09
1556,2.614200932408676e-09
1557,2.6146831111459002e-09
1558,2.614541096615003e-09
1559,2.6139583395613296e-09
1560,2.6133648640056617e-09
1561,2.6153371968855257e-09
1562,2.6131548798876416e-09
1563,2.612733409444795e-09
1564,2.613592678668568e-09
1565,2.6135169311001676e-09
1566,2.613090657820978e-09
1567,2.6138069726777156e-09
1568,2.6131396960626433e-09
1569,2.6138458687965184e-09
1570,2.6135914516653395e-09
1571,2.6153398222579092e-09
1572,2.614517603292606e-09
1573,2.6144385340449907e-09
1574,2.6168086688574765e-09
1575,2.616578882924398e-09
1576,2.6162135033536937e-09
1577,2.617732417598026e-09
1578,2.615965887490616e-09
1579,2.616138064520005e-09
1580,2.6156000374590555e-09
1581,2.6162429698337717e-09
1582,2.614950209911713e-09
1583,2.6176045001375485e-09
1584,2.6160165097916404e-09
1585,2.6164288787811504e-09
1586,2.6166906215458995e-09
1587,2.6159193459235758e-09
1588,2.6161345316063743e-09
1589,2.6159060009676668e-09
1590,2.6154917021852687e-09
1591,2.6154782176665505e-09
1592,2.616303979510457e-09
1593,2.6146275898507203e-09
1594,2.6146826577718296e-09
1595,2.614366926445657e-09
1596,2.616278025629259e-09
1597,2.6156264292579156e-09
1598,2.616210086978443e-09
1599,2.615771113868059e-09
1600,2.616297977676672e-09
1601,2.6167660744212352e-09
1602,2.6181421121072855e-09
1603,2.618026587231987e-09
1604,2.6180595899202044e-09
1605,2.618433379510585e-09
1606,2.617194010930894e-09
1607,2.6181870976157333e-09
1608,2.6179547821111964e-09
1609,2.618241201279504e-09
1610,2.6183785274486202e-09
1611,2.61835703188122e-09
1612,2.619042590678231e-09
1613,2.618543171247463e-09
1614,2.6188025395002566e-09
1615,2.6185777136307056e-09
1616,2.618719747890388e-09
1617,2.6183902940142392e-09
1618,2.62037828708796e-09
1619,2.6190880031328586e-09
1620,2.6181209514523194e-09
1621,2.61911177096511e-09
1622,2.6171711949429217e-09
1623,2.6176547271084795e-09
1624,2.617647239694549e-09
1625,2.6170750625764866e-09
1626,2.6180171868547228e-09
1627,2.6171214754812353e-09
1628,2.6162880510811214e-09
1629,2.616782593039964e-09
1630,2.6170640489269405e-09
1631,2.617045195780533e-09
1632,2.6177312982680792e-09
1633,2.6168356296935176e-09
1634,2.616493930890518e-09
1635,2.6170456975281656e-09
1636,2.616926835327268e-09
1637,2.616767858019475e-09
1638,2.6177582712194597e-09
1639,2.6180159896474128e-09
1640,2.6170566047827866e-09
1641,2.6186359287763962e-09
1642,2.617506448114224e-09
1643,2.618796389841926e-09
1644,2.6194977230342094e-09
1645,2.616854556114626e-09
1646,2.617446856245775e-09
1647,2.617141641687431e-09
1648,2.6174117213991613e-09
1649,2.6180408024551784e-09
1650,2.6165925609939185e-09
1651,2.616926458918951e-09
1652,2.616079647935799e-09
1653,2.616415420979496e-09
1654,2.616356723742546e-09
1655,2.6168860507784117e-09
1656,2.6170010221544245e-09
1657,2.6176705205111364e-09
1658,2.6181162893272047e-09
1659,2.6172354901082047e-09
1660,2.6167755584664165e-09
1661,2.6161364351722095e-09
1662,2.616368952354404e-09
1663,2.616559018411261e-09
1664,2.617486299883029e-09
1665,2.61580980638244e-09
1666,2.6169327723218258e-09
1667,2.6161683390721715e-09
1668,2.615790518263553e-09
1669,2.6165562250637276e-09
1670,2.6151097490558552e-09
1671,2.6158242362382477e-09
1672,2.6149304217357496e-09
1673,2.6167726682203477e-09
1674,2.6159158945958125e-09
1675,2.6144949095872653e-09
1676,2.614697846439012e-09
1677,2.615925464457018e-09
1678,2.6151857425414185e-09
1679,2.61553283464436e-09
1680,2.6151909918839965e-09
1681,2.615135178740066e-09
1682,2.614263410702977e-09
1683,2.6159798710204898e-09
1684,2.6159735348101047e-09
1685,2.6175121398973386e-09
1686,2.6169390781816815e-09
1687,2.616677304804151e-09
1688,2.6175929988686663e-09
1689,2.6167890871457028e-09
1690,2.6152341573103215e-09
1691,2.615488748186564e-09
1692,2.6168368176207537e-09
1693,2.617765335383775e-09
1694,2.616500422497799e-09
1695,2.6166326060769253e-09
1696,2.6160046473072627e-09
1697,2.616799277481226e-09
1698,2.618243804850591e-09
1699,2.6181894917063893e-09
1700,2.618857115343404e-09
1701,2.619036315234121e-09
1702,2.6171997916692647e-09
1703,2.6163047071335924e-09
1704,2.617670241658079e-09
1705,2.617648292895904e-09
1706,2.6166521311792934e-09
1707,2.618153594919397e-09
1708,2.61804250718031e-09
1709,2.617773616914713e-09
1710,2.6165808620450086e-09
1711,2.6158725076259604e-09
1712,2.616478121303418e-09
1713,2.6162373744962045e-09
1714,2.6171043185755274e-09
1715,2.6175039843693178e-09
1716,2.6178929653118634e-09
1717,2.6175213959997255e-09
1718,2.6182541413101478e-09
1719,2.6192800628736564e-09
1720,2.6189950291072634e-09
1721,2.6195904797753077e-09
1722,2.6167433567422363e-09
1723,2.6166106444911425e-09
1724,2.6193309667629563e-09
1725,2.6201787147850365e-09
1726,2.6184034704938875e-09
1727,2.6183442052067893e-09
1728,2.617474891690003e-09
1729,2.6168275235191573e-09
1730,2.6151749336133574e-09
1731,2.614898535772975e-09
1732,2.6158132071406863e-09
1733,2.6162144198157094e-09
1734,2.6155462126232474e-09
1735,2.615817799466264e-09
1736,2.614098548560316e-09
1737,2.614413355137753e-09
1738,2.6153633885746606e-09
1739,2.6162104782887925e-09
1740,2.618548892067776e-09
1741,2.616827501948088e-09
1742,2.616933695801661e-09
1743,2.6159692091355607e-09
1744,2.616235283579678e-09
1745,2.616588693499155e-09
1746,2.617584317223506e-09
1747,2.6181252427636996e-09
1748,2.615348534666287e-09
1749,2.6158786510119197e-09
1750,2.615242161482663e-09
1751,2.615588780008389e-09
1752,2.6156960607151487e-09
1753,2.615905312349866e-09
1754,2.6168070145182966e-09
1755,2.6175452434552155e-09
1756,2.617378208150444e-09
1757,2.616658621444206e-09
1758,2.6161585973881898e-09
1759,2.617538073608565e-09
1760,2.6184517546519115e-09
1761,2.6175983330503575e-09
1762,2.6168171384935703e-09
1763,2.617069962670384e-09
1764,2.6168142355831753e-09
1765,2.6170409531567584e-09
1766,2.617158637216937e-09
1767,2.6175177870119095e-09
1768,2.6176204066590695e-09
1769,2.6182164053320118e-09
1770,2.6195650229104954e-09
1771,2.6183936873576817e-09
1772,2.6190443047317877e-09
1773,2.616973392032027e-09
1774,2.6186300412274465e-09
1775,2.6180597204723747e-09
1776,2.6180677801612922e-09
1777,2.619219884783745e-09
1778,2.6179490856605794e-09
1779,2.618174714116369e-09
1780,2.618655204768123e-09
1781,2.619191648106531e-09
1782,2.6179582413569447e-09
1783,2.617449623930524e-09
1784,2.617684575337776e-09
1785,2.619547018773896e-09
1786,2.619604464417276e-09
1787,2.620339976073336e-09
1788,2.6204581787605683e-09
1789,2.6201470255733604e-09
1790,2.61993922927474e-09
1791,2.619024467567472e-09
1792,2.620014918340147e-09
1793,2.620830320648006e-09
1794,2.618693130462309e-09
1795,2.619661342736369e-09
1796,2.6199097543374703e-09
1797,2.6191816449591524e-09
1798,2.6190686987425677e-09
1799,2.6184960529125335e-09
1800,2.6187398202955777e-09
1801,2.6180450401273005e-09
1802,2.6203733202932033e-09
1803,2.618380995752359e-09
1804,2.6184586263095374e-09
1805,2.6162766940327106e-09
1806,2.6168094000566433e-09
1807,2.6154778883045275e-09
1808,2.6181148619410615e-09
1809,2.6183640506759303e-09
1810,2.6178440490644424e-09
1811,2.618199991015796e-09
1812,2.6177773018959174e-09
1813,2.6188225403790646e-09
1814,2.61857705787786e-09
1815,2.617708733974849e-09
1816,2.6172273694673074e-09
1817,2.6178814688121382e-09
1818,2.6172690049003173e-09
1819,2.616089300636185e-09
1820,2.616688875489939e-09
1821,2.6158208028644864e-09
1822,2.6159205925634287e-09
1823,2.617673808194091e-09
1824,2.6162975914112557e-09
1825,2.6151209205545443e-09
1826,2.6154384898746485e-09
1827,2.61699975047374e-09
1828,2.6185184470440396e-09
1829,2.617420697176757e-09
1830,2.6177239062571767e-09
1831,2.6182887933641976e-09
1832,2.617516885740759e-09
1833,2.6173739071567423e-09
1834,2.6164416472699332e-09
1835,2.616453768146019e-09
1836,2.6186044744544816e-09
1837,2.6177399850101465e-09
1838,2.618362994749892e-09
1839,2.617403357800604e-09
1840,2.6178290574664866e-09
1841,2.6181670919812414e-09
1842,2.6183936011945547e-09
1843,2.617776093676367e-09
1844,2.6169082869375555e-09
1845,2.6167469591213483e-09
1846,2.6156083058026824e-09
1847,2.615464052943491e-09
1848,2.6176844388744863e-09
1849,2.6164415996548128e-09
1850,2.619168773252029e-09
1851,2.6177042921065648e-09
1852,2.617362663872457e-09
1853,2.6179827025969403e-09
1854,2.6177326263523433e-09
1855,2.6177342768165378e-09
1856,2.6179576381019768e-09
1857,2.6176677345557904e-09
1858,2.6180498843515953e-09
1859,2.6178898280523327e-09
1860,2.6197863074172336e-09
1861,2.619126014786265e-09
1862,2.6194377345875224e-09
1863,2.6183043531549356e-09
1864,2.6178954870481156e-09
1865,2.617923888809785e-09
1866,2.61763533803376e-09
1867,2.617163474987918e-09
1868,2.6204493389835025e-09
1869,2.619376528417044e-09
1870,2.618314871468318e-09
1871,2.61789729527296e-09
1872,2.6170032251583684e-09
1873,2.617064511780599e-09
1874,2.618517811797654e-09
1875,2.618214608237617e-09
1876,2.6188438925713912e-09
1877,2.618527786505571e-09
1878,2.6167008011763887e-09
1879,2.617748326006057e-09
1880,2.615977589690257e-09
1881,2.6145600051400425e-09
1882,2.615924249417305e-09
1883,2.6170455303743537e-09
1884,2.615567513261907e-09
1885,2.615314465315513e-09
1886,2.614483775531505e-09
1887,2.615119282908804e-09
1888,2.615844281470825e-09
1889,2.6163029850990562e-09
1890,2.6177229553355185e-09
1891,2.617165727833261e-09
1892,2.616880874469431e-09
1893,2.617100769011578e-09
1894,2.6171740106018647e-09
1895,2.616680321414448e-09
1896,2.6189498616206695e-09
1897,2.618583395906695e-09
1898,2.6171771799407967e-09
1899,2.617145384735494e-09
1900,2.6166933928648917e-09
1901,2.616125702301599e-09
1902,2.6164060370556554e-09
1903,2.617452534757021e-09
1904,2.6183439970755835e-09
1905,2.616148754418312e-09
1906,2.618464267326476e-09
1907,2.6185277938283725e-09
1908,2.61921272124352e-09
1909,2.6177847026726725e-09
1910,2.619703728556968e-09
1911,2.6169714566103493e-09
1912,2.616898462271115e-09
1913,2.6169851168536314e-09
1914,2.6165911907674376e-09
1915,2.6165742680794115e-09
1916,2.616773398367263e-09
1917,2.6179979739881447e-09
1918,2.617033069290869e-09
1919,2.6150466111747205e-09
1920,2.615529801049259e-09
1921,2.6140645672539765e-09
1922,2.615235506338454e-09
1923,2.6179866387114746e-09
1924,2.616752635400491e-09
1925,2.617442779303329e-09
1926,2.615865783234991e-09
1927,2.6165628900352658e-09
1928,2.6144572835044954e-09
1929,2.613968005769286e-09
1930,2.6182689076435694e-09
1931,2.615419366135071e-09
1932,2.6161704988748237e-09
1933,2.61739500277806e-09
1934,2.6207143721551963e-09
1935,2.6182526617347727e-09
1936,2.6200868351053926e-09
1937,2.6203108123445902e-09
1938,2.620182147508944e-09
1939,2.6201126427154203e-09
1940,2.6201181420965106e-09
1941,2.622618267660186e-09
1942,2.620274287898713e-09
1943,2.62061866877221e-09
1944,2.6202005492441243e-09
1945,2.6199617365065065e-09
1946,2.6204164892360046e-09
1947,2.621108644542323e-09
1948,2.621777372829627e-09
1949,2.6194927271833193e-09
1950,2.619110854906982e-09
1951,2.6185736434551476e-09
1952,2.61885867000768e-09
1953,2.618273347826233e-09
1954,2.6176172076254524e-09
1955,2.614993560209502e-09
1956,2.616016779060015e-09
1957,2.6158876487885206e-09
1958,2.61770016166093e-09
1959,2.61870313357629e-09
1960,2.6183768270192434e-09
1961,2.618751977655402e-09
1962,2.6189149512459382e-09
1963,2.6184920379931148e-09
1964,2.618265885638855e-09
1965,2.618306098336533e-09
1966,2.618225394308731e-09
1967,2.6179198496664828e-09
1968,2.615101175271205e-09
1969,2.615659367690895e-09
1970,2.617084190640782e-09
1971,2.6166260493661107e-09
1972,2.6207611241346085e-09
1973,2.6192925639101384e-09
1974,2.62027861332601e-09
1975,2.6196128682920312e-09
1976,2.6181068080154992e-09
1977,2.6186227182400884e-09
1978,2.618149130449917e-09
1979,2.617343792157859e-09
1980,2.615521852756671e-09
1981,2.6172883269945108e-09
1982,2.616378355277435e-09
1983,2.6141963692040476e-09
1984,2.615883374002585e-09
1985,2.6154169837608993e-09
1986,2.6179905809072886e-09
1987,2.617931788018684e-09
1988,2.615410220025511e-09
1989,2.618322221615696e-09
1990,2.619180287964598e-09
1991,2.6183737913068503e-09
1992,2.6175448109631337e-09
1993,2.6158393869910092e-09
1994,2.6159767028310046e-09
1995,2.6171879274967614e-09
1996,2.6165319255361504e-09
1997,2.6173110973354683e-09
1998,2.616946259956316e-09
1999,2.616733695882197e-09
2000,2.616546680221938e-09
2001,2.6175948774177014e-09
2002,2.6183941528971664e-09
2003,2.617842210787675e-09
2004,2.615718824440937e-09
2005,2.6173333849526135e-09
2006,2.616265510482159e-09
2007,2.6173131606007308e-09
2008,2.6173158028121714e-09
2009,2.6187417834930084e-09
2010,2.6191692011325793e-09
2011,2.6184327324052373e-09
2012,2.6186462881439284e-09
2013,2.6189607118274635e-09
2014,2.6191635579996945e-09
2015,2.6211152204986554e-09
2016,2.619802950105141e-09
2017,2.621238173783723e-09
2018,2.6182961736903617e-09
2019,2.6181058213618257e-09
2020,2.6176704917124376e-09
2021,2.6182092201578344e-09
2022,2.617809494998589e-09
2023,2.6166378602670372e-09
2024,2.6168943318979875e-09
2025,2.6167645995479472e-09
2026,2.6166925840972943e-09
2027,2.6179537002559053e-09
2028,2.6181152848595956e-09
2029,2.6179879078497365e-09
2030,2.6224075956276605e-09
2031,2.618539005398062e-09
2032,2.618068279801639e-09
2033,2.620656089472898e-09
2034,2.6179054733383165e-09
2035,2.616807290086641e-09
2036,2.6156680919787913e-09
2037,2.6172253041699455e-09
2038,2.617646109052578e-09
2039,2.617603226627444e-09
2040,2.6186531138068765e-09
2041,2.618989873112167e-09
2042,2.6186975825823694e-09
2043,2.6193793733404477e-09
2044,2.6182997820821333e-09
2045,2.6158537485318795e-09
2046,2.6165573980110028e-09
2047,2.6167800732263533e-09
2048,2.6164899180954712e-09
2049,2.616780923360054e-09
2050,2.6166646410371736e-09
2051,2.615964376642246e-09
2052,2.61633911679486e-09
2053,2.61707033331889e-09
2054,2.6194775064069814e-09
2055,2.6196260936764767e-09
2056,2.6190263277422608e-09
2057,2.6202197020116253e-09
2058,2.620471887947835e-09
2059,2.6209227991804474e-09
2060,2.617203737038825e-09
2061,2.6173612120213407e-09
2062,2.617722026683285e-09
2063,2.6176204757790454e-09
2064,2.6176604142888246e-09
2065,2.619077837117725e-09
2066,2.6204156797689256e-09
2067,2.6197044064252298e-09
2068,2.6192651368145887e-09
2069,2.6203668344200994e-09
2070,2.620545264232217e-09
2071,2.6171216568328016e-09
2072,2.6175143742677613e-09
2073,2.618457716096471e-09
2074,2.6184788369154576e-09
2075,2.6214751301542274e-09
2076,2.619664238545912e-09
2077,2.6200568344977134e-09
2078,2.6218519305023957e-09
2079,2.6190651304217692e-09
2080,2.6196092488933626e-09
2081,2.6195597980194975e-09
2082,2.6203352684660245e-09
2083,2.6203618218015527e-09
2084,2.6199252302238857e-09
2085,2.6202915188194433e-09
2086,2.6194138366245227e-09
2087,2.620158716803e-09
2088,2.6190606114046584e-09
2089,2.6181511010661134e-09
2090,2.618551199671743e-09
2091,2.6172723032379715e-09
2092,2.616684099864853e-09
2093,2.6165765137969485e-09
2094,2.6163840729235067e-09
2095,2.61548558288962e-09
2096,2.6158528783389777e-09
2097,2.617623328909443e-09
2098,2.6173773497225536e-09
2099,2.615951836350251e-09
2100,2.6165604864481665e-09
2101,2.6163232724158974e-09
2102,2.6163938247278467e-09
2103,2.6160574414556426e-09
2104,2.614769495427333e-09
2105,2.62009840174367e-09
2106,2.6160758596955013e-09
2107,2.615979503032906e-09
2108,2.6166175041748563e-09
2109,2.61657937993964e-09
2110,2.6164522565996616e-09
2111,2.6161601139722496e-09
2112,2.616209348719735e-09
2113,2.618000758791092e-09
2114,2.6165350460997258e-09
2115,2.6151448118200015e-09
2116,2.6162017942866617e-09
2117,2.6170613006623434e-09
2118,2.6180486117880442e-09
2119,2.618825046807038e-09
2120,2.6168958134998397e-09
2121,2.6159732028309043e-09
2122,2.615521870508888e-09
2123,2.615838662169989e-09
2124,2.6185786480347502e-09
2125,2.6181612789375203e-09
2126,2.6184055044161246e-09
2127,2.6176840045304898e-09
2128,2.618048698994498e-09
2129,2.6171602103349072e-09
2130,2.6165882138852848e-09
2131,2.6153378438335864e-09
2132,2.61535645261553e-09
2133,2.614986252676387e-09
2134,2.6158755017434127e-09
2135,2.615003505601822e-09
2136,2.6169870726351014e-09
2137,2.6175477717585584e-09
2138,2.617305005044946e-09
2139,2.6171339927978977e-09
2140,2.6171997811710705e-09
2141,2.6216321935079756e-09
2142,2.617801014543995e-09
2143,2.6200228732067877e-09
2144,2.6163043952745028e-09
2145,2.618260297528373e-09
2146,2.6188419689301386e-09
2147,2.6238252552078027e-09
2148,2.6168863648213363e-09
2149,2.6204134791130513e-09
2150,2.619043405612144e-09
2151,2.6190942609255054e-09
2152,2.6210197502945024e-09
2153,2.620322620249921e-09
2154,2.6182932913756725e-09
2155,2.617351853160885e-09
2156,2.6170786785881765e-09
2157,2.615754859317351e-09
2158,2.620428007340599e-09
2159,2.6179309452463652e-09
2160,2.6177090341911944e-09
2161,2.6179129519767448e-09
2162,2.617796865948358e-09
2163,2.6163971200394108e-09
2164,2.615858280262671e-09
2165,2.617330478154291e-09
2166,2.6165469745372382e-09
2167,2.6171953952398115e-09
2168,2.619126732836858e-09
2169,2.618252603427592e-09
2170,2.6184501348562146e-09
2171,2.6202320891172165e-09
2172,2.616638866042889e-09
2173,2.6184401645244073e-09
2174,2.618790385038379e-09
2175,2.6186580976805797e-09
2176,2.6163580717930903e-09
2177,2.6158144477852178e-09
2178,2.614370769660274e-09
2179,2.615442225495523e-09
2180,2.6156089154893117e-09
2181,2.6159709658401405e-09
2182,2.618285551932341e-09
2183,2.6155425917798524e-09
2184,2.6171180888685515e-09
2185,2.6161608075165274e-09
2186,2.6183344602940482e-09
2187,2.6180820068415645e-09
2188,2.617109793942695e-09
2189,2.6192205971924735e-09
2190,2.6184792511612867e-09
2191,2.617680321562225e-09
2192,2.6182658512209027e-09
2193,2.6163803293891573e-09
2194,2.6165137288412535e-09
2195,2.6159296608745187e-09
2196,2.6161879851959838e-09
2197,2.61646690159602e-09
2198,2.6154817482400288e-09
2199,2.6155177322691166e-09
2200,2.616494146810436e-09
2201,2.615923589867494e-09
2202,2.6153851108739915e-09
2203,2.6151976618245645e-09
2204,2.6148087274048465e-09
2205,2.6147544938035202e-09
2206,2.6161310966497565e-09
2207,2.6178671735994477e-09
2208,2.6176238393562314e-09
2209,2.6173654278781003e-09
2210,2.6175210032812454e-09
2211,2.616645191746814e-09
2212,2.617299630805468e-09
2213,2.6175535973049197e-09
2214,2.616071306331925e-09
2215,2.6173962259879094e-09
2216,2.6157578273427697e-09
2217,2.6162376770190297e-09
2218,2.6146997522732842e-09
2219,2.6145440048284013e-09
2220,2.6152751727443027e-09
2221,2.6169712745699313e-09
2222,2.6157119457182833e-09
2223,2.6171591042012307e-09
2224,2.617192933645264e-09
2225,2.617639676633287e-09
2226,2.615493358206301e-09
2227,2.616459705013245e-09
2228,2.6167150867403148e-09
2229,2.616478944904256e-09
2230,2.618153871548692e-09
2231,2.6169699077146118e-09
2232,2.6175217400546375e-09
2233,2.6158351783449406e-09
2234,2.6159750358844995e-09
2235,2.6169474065147138e-09
2236,2.6148917051551335e-09
2237,2.6162852499403003e-09
2238,2.6158090594938067e-09
2239,2.6158417507530384e-09
2240,2.6150716772842703e-09
2241,2.6148778287898828e-09
2242,2.6149062941839857e-09
2243,2.6158835419362217e-09
2244,2.616528941420921e-09
2245,2.6156327002684565e-09
2246,2.615397255346922e-09
2247,2.6166093946369744e-09
2248,2.616054266711151e-09
2249,2.6166948669896775e-09
2250,2.6160439659204446e-09
2251,2.6186674825690426e-09
2252,2.619948805498658e-09
2253,2.619650515630023e-09
2254,2.6215421496515054e-09
2255,2.620729403544215e-09
2256,2.6173572116183118e-09
2257,2.6171456745154277e-09
2258,2.617982134758194e-09
2259,2.616103398779489e-09
2260,2.6162664342058128e-09
2261,2.6173010238397294e-09
2262,2.6180304778024764e-09
2263,2.6135879172053907e-09
2264,2.614528060642075e-09
2265,2.614449272155223e-09
2266,2.614055913759743e-09
2267,2.614845388663203e-09
2268,2.6149817611588883e-09
2269,2.6143847477972566e-09
2270,2.614373581140299e-09
2271,2.6139536450347785e-09
2272,2.61501136124355e-09
2273,2.6145931746458165e-09
2274,2.615230333336459e-09
2275,2.6171729661616145e-09
2276,2.616325142173954e-09
2277,2.616195653984492e-09
2278,2.6166241422298765e-09
2279,2.6161037297431252e-09
2280,2.6181599107220495e-09
2281,2.616933564796211e-09
2282,2.617140421155517e-09
2283,2.616077535226242e-09
2284,2.6151614108425337e-09
2285,2.6168640494271407e-09
2286,2.620144303434773e-09
2287,2.6186601433369148e-09
2288,2.6173657258029913e-09
2289,2.6160173841268547e-09
2290,2.6167761429091817e-09
2291,2.615422966209034e-09
2292,2.615922614626412e-09
2293,2.6152476838961196e-09
2294,2.6154416060025175e-09
2295,2.6156975149062475e-09
2296,2.6153426475135623e-09
2297,2.6150649076768538e-09
2298,2.616033322966394e-09
2299,2.6153160514812112e-09
2300,2.6160478032343564e-09
2301,2.6172836212327397e-09
2302,2.6149438268701793e-09
2303,2.615240386074638e-09
2304,2.615657100466067e-09
2305,2.6155291955756054e-09
2306,2.6148540077248362e-09
2307,2.615256309933868e-09
2308,2.614451323146431e-09
2309,2.6155530765238428e-09
2310,2.614765846639252e-09
2311,2.617726565308207e-09
2312,2.617611823129456e-09
2313,2.6182456464349144e-09
2314,2.6206756802643048e-09
2315,2.619171568375249e-09
2316,2.6193341982098364e-09
2317,2.618000914851613e-09
2318,2.61640305938845e-09
2319,2.6195746569893814e-09
2320,2.619282720847982e-09
2321,2.6180908045752425e-09
2322,2.619707935615328e-09
2323,2.617966309216458e-09
2324,2.617209397695082e-09
2325,2.6187945530844862e-09
2326,2.6189034809008525e-09
2327,2.6180327329237616e-09
2328,2.617151120518273e-09
2329,2.619752018699771e-09
2330,2.615672682597848e-09
2331,2.617129804555319e-09
2332,2.6161439559047714e-09
2333,2.616040258510248e-09
2334,2.617188011940002e-09
2335,2.616916179145872e-09
2336,2.61813190184912e-09
2337,2.618081033919769e-09
2338,2.617030447823951e-09
2339,2.617045953617258e-09
2340,2.6167656219334306e-09
2341,2.617554780041272e-09
2342,2.6178684304090706e-09
2343,2.6162097033082045e-09
2344,2.615458334068056e-09
2345,2.6161095567195875e-09
2346,2.6178550751610487e-09
2347,2.6164926759566873e-09
2348,2.6190775774917344e-09
2349,2.6185810008972864e-09
2350,2.6159902261821046e-09
2351,2.618295004409806e-09
2352,2.615927402930602e-09
2353,2.6159423109738667e-09
2354,2.6168177956315452e-09
2355,2.616960114457463e-09
2356,2.6208282302816286e-09
2357,2.623014786216069e-09
2358,2.6164963977721366e-09
2359,2.6177086016817872e-09
2360,2.6167083389960424e-09
2361,2.6201189485803475e-09
2362,2.6162691968769604e-09
2363,2.617930990837988e-09
2364,2.619473534816456e-09
2365,2.618143573801297e-09
2366,2.6204742858891126e-09
2367,2.6152551959659936e-09
2368,2.6160352632941595e-09
2369,2.618240292057882e-09
2370,2.6170132242853743e-09
2371,2.6171832655859936e-09
2372,2.61649910855921e-09
2373,2.616299200990353e-09
2374,2.6166442001569173e-09
2375,2.6177529712762265e-09
2376,2.6165933821725395e-09
2377,2.616802130794789e-09
2378,2.6182065621764133e-09
2379,2.617155640673728e-09
2380,2.617001957379308e-09
2381,2.615355660801349e-09
2382,2.6145562099392105e-09
2383,2.6161114193339448e-09
2384,2.6164546917128685e-09
2385,2.616783400148028e-09
2386,2.617972489009789e-09
2387,2.6188142286386526e-09
2388,2.6163653821650777e-09
2389,2.6169052219349322e-09
2390,2.6171786463811512e-09
2391,2.617421312772722e-09
2392,2.6174671338470478e-09
2393,2.616341744504254e-09
2394,2.616413714358225e-09
2395,2.61619442865851e-09
2396,2.6174451024594482e-09
2397,2.616960860625486e-09
2398,2.616495003927177e-09
2399,2.6152429557403153e-09
2400,2.613473820771636e-09
2401,2.6166984324747702e-09
2402,2.6163211232962117e-09
2403,2.6161118854581513e-09
2404,2.6167881123264935e-09
2405,2.61896985527973e-09
2406,2.6189595971566507e-09
2407,2.6187552527334658e-09
2408,2.6174617321816035e-09
2409,2.6179036549462966e-09
2410,2.618963683432937e-09
2411,2.617831147631138e-09
2412,2.6183825882571904e-09
2413,2.619087655954604e-09
2414,2.620045964919891e-09
2415,2.6177440502267353e-09
2416,2.6168739232393683e-09
2417,2.6168511454606153e-09
2418,2.617233247770499e-09
2419,2.616513432689832e-09
2420,2.616871182204005e-09
2421,2.6153324389824587e-09
2422,2.6154963673771406e-09
2423,2.61601845939267e-09
2424,2.6146257166327294e-09
2425,2.613405987556702e-09
2426,2.6148214471433164e-09
2427,2.6145653946152645e-09
2428,2.615740465127102e-09
2429,2.616755263855271e-09
2430,2.6174760234860667e-09
2431,2.6183048315711044e-09
2432,2.6177626268291373e-09
2433,2.617494904791651e-09
2434,2.615712521946897e-09
2435,2.6149868838046404e-09
2436,2.6154559685693266e-09
2437,2.6139703062845253e-09
2438,2.6135787752133865e-09
2439,2.6156642042816404e-09
2440,2.6135936661592315e-09
2441,2.613628992528331e-09
2442,2.614736638344571e-09
2443,2.615080410901951e-09
2444,2.6147133232614543e-09
2445,2.6141945601870136e-09
2446,2.6139633397954514e-09
2447,2.6152632030630863e-09
2448,2.6162080933499226e-09
2449,2.6161930835987062e-09
2450,2.615350645318112e-09
2451,2.6156212736545482e-09
2452,2.6168159716998587e-09
2453,2.6166641628419443e-09
2454,2.6169323072409864e-09
2455,2.6181136198791023e-09
2456,2.6166857072725317e-09
2457,2.6153173197933112e-09
2458,2.6162191553182407e-09
2459,2.6162242962779176e-09
2460,2.616479022759106e-09
2461,2.6159219297020515e-09
2462,2.6163270596887294e-09
2463,2.616983749925771e-09
2464,2.616241862615872e-09
2465,2.616952140811462e-09
2466,2.6168741701238976e-09
2467,2.6163838309313573e-09
2468,2.6168468200378373e-09
2469,2.6170525067390116e-09
2470,2.616346844563459e-09
2471,2.619309806213547e-09
2472,2.6168655726332168e-09
2473,2.616887319779583e-09
2474,2.6172805845973437e-09
2475,2.616843036415746e-09
2476,2.6175626996114222e-09
2477,2.617973337352224e-09
2478,2.617961323918592e-09
2479,2.615767553215155e-09
2480,2.6152810059929273e-09
2481,2.615009017335295e-09
2482,2.615727404864556e-09
2483,2.6165205970047506e-09
2484,2.6173627530366832e-09
2485,2.6185044526910698e-09
2486,2.61871559862221e-09
2487,2.619588621466531e-09
2488,2.6196451551970416e-09
2489,2.618654737472207e-09
2490,2.6210041316602796e-09
2491,2.6171714580591264e-09
2492,2.6174805317967778e-09
2493,2.619738953520869e-09
2494,2.620107015431002e-09
2495,2.6210878780715026e-09
2496,2.620172271557513e-09
2497,2.619499212917964e-09
2498,2.620358419266105e-09
2499,2.6197182534150205e-09
2500,2.6258833408724096e-09
2501,2.6211383946436972e-09
2502,2.6231022618025427e-09
2503,2.6217176169105603e-09
2504,2.620508134420731e-09
2505,2.6213345558577054e-09
2506,2.6185495402889613e-09
2507,2.6197372516651686e-09
2508,2.6177370196963263e-09
2509,2.617308517964743e-09
2510,2.617974969682921e-09
2511,2.6179836891207866e-09
2512,2.6166734857210537e-09
2513,2.6164306019735475e-09
2514,2.615971310636193e-09
2515,2.6168828988698718e-09
2516,2.6164012369095837e-09
2517,2.6167148605176793e-09
2518,2.6167723013840975e-09
2519,2.623131695271954e-09
2520,2.6156305303085992e-09
2521,2.614520343958998e-09
2522,2.614418255370806e-09
2523,2.6158370409190345e-09
2524,2.614238073333927e-09
2525,2.6168622066549355e-09
2526,2.6151024375446425e-09
2527,2.6167152862281407e-09
2528,2.6148345354416183e-09
2529,2.6161276459000576e-09
2530,2.6158938520097715e-09
2531,2.6176565246622824e-09
2532,2.6170859643227825e-09
2533,2.615899557362737e-09
2534,2.617402248137142e-09
2535,2.6181717683513613e-09
2536,2.6225977534928625e-09
2537,2.6162961795072387e-09
2538,2.6175954874631137e-09
2539,2.6174678993371134e-09
2540,2.616684391074369e-09
2541,2.619072263162749e-09
2542,2.616326522838083e-09
2543,2.616194165750148e-09
2544,2.6192575257962676e-09
2545,2.6174722920573604e-09
2546,2.6202227562887042e-09
2547,2.618276447990832e-09
2548,2.618761146987912e-09
2549,2.6173212214528272e-09
2550,2.616914384336291e-09
2551,2.617368063156117e-09
2552,2.619145392922591e-09
2553,2.6190773688671034e-09
2554,2.61982679352112e-09
2555,2.6157118125403948e-09
2556,2.61731072304905e-09
2557,2.6177904165579304e-09
2558,2.6176871476981956e-09
2559,2.6181977825009586e-09
2560,2.617749533960472e-09
2561,2.6181340471303475e-09
2562,2.6175218790100505e-09
2563,2.6193653920083562e-09
2564,2.617235213828796e-09
2565,2.61578117041812e-09
2566,2.615770512679132e-09
2567,2.61619477317573e-09
2568,2.6174066741974406e-09
2569,2.615389445454597e-09
2570,2.614678340323266e-09
2571,2.61599842761848e-09
2572,2.614374858440796e-09
2573,2.614306525992291e-09
2574,2.6138520903289813e-09
2575,2.614992014441004e-09
2576,2.616193802722629e-09
2577,2.617555316499323e-09
2578,2.6180791543679225e-09
2579,2.6196691846712833e-09
2580,2.6189844700174596e-09
2581,2.6174412150963688e-09
2582,2.6146211056001006e-09
2583,2.616331600466754e-09
2584,2.6160458239723453e-09
2585,2.615179744915784e-09
2586,2.6145101027941404e-09
2587,2.613577747087571e-09
2588,2.614191342584604e-09
2589,2.6143743231003877e-09
2590,2.6176590112930286e-09
2591,2.6178415068770735e-09
2592,2.6210802527685904e-09
2593,2.6185689992061234e-09
2594,2.6188375990060346e-09
2595,2.619251063422643e-09
2596,2.620578847120385e-09
2597,2.621302690850482e-09
2598,2.619535065792828e-09
2599,2.6216783921742613e-09
2600,2.6220460930405594e-09
2601,2.620503060670044e-09
2602,2.6191810819110535e-09
2603,2.619446002424736e-09
2604,2.618404958825483e-09
2605,2.619978100162558e-09
2606,2.617079315089609e-09
2607,2.616554086808891e-09
2608,2.617679339701599e-09
2609,2.620471111943111e-09
2610,2.619420863745164e-09
2611,2.6194667869828288e-09
2612,2.620136289357517e-09
2613,2.6189024097777112e-09
2614,2.6192934208729468e-09
2615,2.6194226231326717e-09
2616,2.6202568960659923e-09
2617,2.6185683684273067e-09
2618,2.618657104640722e-09
2619,2.618728223190138e-09
2620,2.620025608888976e-09
2621,2.618820931739553e-09
2622,2.618074280826466e-09
2623,2.6193970035341496e-09
2624,2.6201506624902077e-09
2625,2.618453113778093e-09
2626,2.617353682976066e-09
2627,2.6176166730475755e-09
2628,2.6172059999359848e-09
2629,2.6216474636077666e-09
2630,2.617728045651646e-09
2631,2.6186715703643087e-09
2632,2.6178608230053004e-09
2633,2.6213893675959196e-09
2634,2.621269127093013e-09
2635,2.6175918662128004e-09
2636,2.618141971859352e-09
2637,2.618641105764015e-09
2638,2.6180729371519676e-09
2639,2.619201430816792e-09
2640,2.617580689269854e-09
2641,2.617445111028675e-09
2642,2.6181583185373862e-09
2643,2.6190092532385645e-09
2644,2.6187436864162864e-09
2645,2.619329262896103e-09
2646,2.6199174065460453e-09
2647,2.618187481885963e-09
2648,2.615252351581624e-09
2649,2.61340741384273e-09
2650,2.616037759411523e-09
2651,2.616186810883348e-09
2652,2.6181232416328082e-09
2653,2.617093202251129e-09
2654,2.6152230524027377e-09
2655,2.6166893974020133e-09
2656,2.6202065960897003e-09
2657,2.6155421418997876e-09
2658,2.615507515108456e-09
2659,2.614676533383785e-09
2660,2.6152645795020977e-09
2661,2.617096746073028e-09
2662,2.614665554793349e-09
2663,2.6160422293580754e-09
2664,2.6166746263435275e-09
2665,2.618209710083023e-09
2666,2.6199333092444997e-09
2667,2.617920762061768e-09
2668,2.618064021328576e-09
2669,2.6190489650250013e-09
2670,2.617686082922821e-09
2671,2.618933030000763e-09
2672,2.617656251438611e-09
2673,2.616986318019619e-09
2674,2.615903999596832e-09
2675,2.61560754442468e-09
2676,2.6161421260172306e-09
2677,2.6163422887406954e-09
2678,2.6152488388896013e-09
2679,2.6159178047732452e-09
2680,2.6166918646630376e-09
2681,2.6176152390877958e-09
2682,2.6182858755651567e-09
2683,2.6178801287575094e-09
2684,2.6176721911040352e-09
2685,2.618846276950148e-09
2686,2.618320305289362e-09
2687,2.6177551105700856e-09
2688,2.617029500769457e-09
2689,2.6183312608451013e-09
2690,2.6148637783980954e-09
2691,2.614385925897071e-09
2692,2.61464303484494e-09
2693,2.6164183465059306e-09
2694,2.6159459632417746e-09
2695,2.617352354676454e-09
2696,2.6174541026216947e-09
2697,2.617333524655933e-09
2698,2.616408293670511e-09
2699,2.616522728360305e-09
2700,2.6173728116729057e-09
2701,2.624780137520252e-09
2702,2.6198063225802257e-09
2703,2.6212599089108045e-09
2704,2.6193879776143847e-09
2705,2.6197538674502268e-09
2706,2.6217768611938856e-09
2707,2.6219152204485794e-09
2708,2.618733256105375e-09
2709,2.6173145023588806e-09
2710,2.618054072424115e-09
2711,2.6202763732716918e-09
2712,2.6186648589212356e-09
2713,2.620617141202277e-09
2714,2.618118401815738e-09
2715,2.615863864647942e-09
2716,2.6169261065061564e-09
2717,2.6172181432780094e-09
2718,2.6223609938944934e-09
2719,2.62085519160918e-09
2720,2.6194240193154375e-09
2721,2.6163407639254838e-09
2722,2.6177563339601303e-09
2723,2.616810522400566e-09
2724,2.617605699798739e-09
2725,2.617005613210397e-09
2726,2.6197109446982145e-09
2727,2.6165196837578883e-09
2728,2.6203389415138856e-09
2729,2.616031527574505e-09
2730,2.6147147039433476e-09
2731,2.6215421110369335e-09
2732,2.623351847410079e-09
2733,2.6177727302783753e-09
2734,2.617709530280127e-09
2735,2.6176117201441604e-09
2736,2.616486967631437e-09
2737,2.6240780638903085e-09
2738,2.6177453637762937e-09
2739,2.6174939563510318e-09
2740,2.618080218085822e-09
2741,2.61814794256769e-09
2742,2.6179854613278764e-09
2743,2.6184000990071694e-09
2744,2.6181198985891616e-09
2745,2.6161294626535886e-09
2746,2.6169488002869793e-09
2747,2.6208607868665852e-09
2748,2.6189232038896142e-09
2749,2.6184058432237825e-09
2750,2.6173262979302173e-09
2751,2.6176519516769455e-09
2752,2.618580749024829e-09
2753,2.6188892713762893e-09
2754,2.6170031770187357e-09
2755,2.6253444785769173e-09
2756,2.6173803396323742e-09
2757,2.6171059151460577e-09
2758,2.6184955301835474e-09
2759,2.618410184669804e-09
2760,2.617812704835286e-09
2761,2.6251581139369253e-09
2762,2.6180334987713508e-09
2763,2.6180594666845032e-09
2764,2.6210557184413754e-09
2765,2.6200283906878505e-09
2766,2.6160179139825924e-09
2767,2.6163244126119195e-09
2768,2.616881092008489e-09
2769,2.616057299117068e-09
2770,2.6156130087076488e-09
2771,2.6199216265562074e-09
2772,2.6185839027080965e-09
2773,2.616424244185473e-09
2774,2.617309974508711e-09
2775,2.616502415307067e-09
2776,2.6182143242154266e-09
2777,2.619486363499574e-09
2778,2.617723675260559e-09
2779,2.617197080464673e-09
2780,2.6175441167600917e-09
2781,2.619083581252582e-09
2782,2.6249929283507893e-09
2783,2.6197527730386764e-09
2784,2.6195742536103075e-09
2785,2.6207030787808147e-09
2786,2.6192424574157165e-09
2787,2.6194393926826966e-09
2788,2.6195542395458257e-09
2789,2.6176967335590313e-09
2790,2.617487257826939e-09
2791,2.6199177264655422e-09
2792,2.616577917922411e-09
2793,2.616854499367319e-09
2794,2.6193181683671375e-09
2795,2.6145365261644913e-09
2796,2.61480048635484e-09
2797,2.615609923114797e-09
2798,2.6171781792014804e-09
2799,2.6160738659731257e-09
2800,2.6151840967341174e-09
2801,2.6149352110853297e-09
2802,2.6181045719970226e-09
2803,2.6165534526585542e-09
2804,2.615910121967287e-09
2805,2.616744353078826e-09
2806,2.6227747049415996e-09
2807,2.6185498956566994e-09
2808,2.6183323679777854e-09
2809,2.6163947858161535e-09
2810,2.6172405835211785e-09
2811,2.61789579993375e-09
2812,2.6182145851600175e-09
2813,2.6202359017500912e-09
2814,2.6199517525085774e-09
2815,2.617640869150188e-09
2816,2.6236569397698403e-09
2817,2.6177040961489393e-09
2818,2.6189175452406707e-09
2819,2.6203095196372635e-09
2820,2.621019817110123e-09
2821,2.6188592411349114e-09
2822,2.6216518334406826e-09
2823,2.6183793806788427e-09
2824,2.6232105597217804e-09
2825,2.6172054358886963e-09
2826,2.6188667344783598e-09
2827,2.6180622742632723e-09
2828,2.619438966073933e-09
2829,2.618659288681474e-09
2830,2.619043638578234e-09
2831,2.6203915493958823e-09
2832,2.619214308073934e-09
2833,2.6168040387658743e-09
2834,2.6186842756954745e-09
2835,2.6165270321943105e-09
2836,2.6176902785434308e-09
2837,2.6183005304588855e-09
2838,2.6186695346853224e-09
2839,2.618116492162144e-09
2840,2.618676529675544e-09
2841,2.618707811027203e-09
2842,2.6198366495684827e-09
2843,2.619453457650957e-09
2844,2.6181270669039224e-09
2845,2.6180700115098404e-09
2846,2.6179486020936446e-09
2847,2.6182673320984366e-09
2848,2.6189816991822643e-09
2849,2.617225616707191e-09
2850,2.6159701521765687e-09
2851,2.6155855312025297e-09
2852,2.619616026963294e-09
2853,2.615985143735113e-09
2854,2.615634586009044e-09
2855,2.619718963285307e-09
2856,2.6157057241816224e-09
2857,2.620888173082858e-09
2858,2.620421035578182e-09
2859,2.617750395851673e-09
2860,2.617622745464875e-09
2861,2.616982425410047e-09
2862,2.6156582161811362e-09
2863,2.615794046445987e-09
2864,2.6173919683384904e-09
2865,2.6158362901830734e-09
2866,2.6156105479065026e-09
2867,2.618301169414564e-09
2868,2.619605581098427e-09
2869,2.6182131793846296e-09
2870,2.619035593729771e-09
2871,2.619593050279541e-09
2872,2.619778300865519e-09
2873,2.6201462995303376e-09
2874,2.6175787582710253e-09
2875,2.618418519658573e-09
2876,2.6203945951375756e-09
2877,2.6173548336047837e-09
2878,2.6179760295644158e-09
2879,2.617137381931327e-09
2880,2.6173770198146593e-09
2881,2.6181737351301966e-09
2882,2.6177615913221276e-09
2883,2.617801563116832e-09
2884,2.6170868598825463e-09
2885,2.6178338183155016e-09
2886,2.617691565240524e-09
2887,2.616001927984523e-09
2888,2.6175641015106083e-09
2889,2.6179829987382785e-09
2890,2.6172050807014354e-09
2891,2.61782395395872e-09
2892,2.6182028287542667e-09
2893,2.6186595365502442e-09
2894,2.617215254603366e-09
2895,2.6209221122782305e-09
2896,2.6187743078230414e-09
2897,2.617797775215454e-09
2898,2.618464865643863e-09
2899,2.6171266055282753e-09
2900,2.6162264007751913e-09
2901,2.6179898519230476e-09
2902,2.6171789901081354e-09
2903,2.6201031622045117e-09
2904,2.6198223948319866e-09
2905,2.6209654762303485e-09
2906,2.61868112141636e-09
2907,2.6180905344451227e-09
2908,2.619729812970922e-09
2909,2.617070972129992e-09
2910,2.6158393248584323e-09
2911,2.619235027441051e-09
2912,2.6176683849147994e-09
2913,2.6209818621322745e-09
2914,2.6184205128458154e-09
2915,2.617290827773554e-09
2916,2.6190763163632026e-09
2917,2.624504852752973e-09
2918,2.6175281828912873e-09
2919,2.6236632433009726e-09
2920,2.6184713376643345e-09
2921,2.6192928291018303e-09
2922,2.6245700971295003e-09
2923,2.6183933077419857e-09
2924,2.619809581255397e-09
2925,2.6176851591348855e-09
2926,2.6183419185945194e-09
2927,2.6171241901987653e-09
2928,2.617838145656868e-09
2929,2.619080814707973e-09
2930,2.6200331544890466e-09
2931,2.6180397467360223e-09
2932,2.621144853671624e-09
2933,2.6169643315030034e-09
2934,2.6182731121563353e-09
2935,2.6174518511687434e-09
2936,2.6164139739090618e-09
2937,2.6157450209160834e-09
2938,2.6157003951275097e-09
2939,2.6169445036941366e-09
2940,2.616345314268154e-09
2941,2.6178309695848714e-09
2942,2.6153115715750986e-09
2943,2.615570574048861e-09
2944,2.6155393692649356e-09
2945,2.614121447501029e-09
2946,2.61586271732481e-09
2947,2.615875665807051e-09
2948,2.6156540903291397e-09
2949,2.6174816037410687e-09
2950,2.6155849388788736e-09
2951,2.619812427445472e-09
2952,2.6158406696593606e-09
2953,2.6154622649667126e-09
2954,2.618344175024883e-09
2955,2.6163931265442805e-09
2956,2.617439410913645e-09
2957,2.6183384662401443e-09
2958,2.6166095889393147e-09
2959,2.617138708930142e-09
2960,2.6182796500404132e-09
2961,2.6172423632045446e-09
2962,2.616076618896198e-09
2963,2.617841598538311e-09
2964,2.6168640857870263e-09
2965,2.6178774117907343e-09
2966,2.6176822545678178e-09
2967,2.617500976086704e-09
2968,2.616724897120469e-09
2969,2.6172216435877136e-09
2970,2.6164947272562114e-09
2971,2.615662381351089e-09
2972,2.616077764883877e-09
2973,2.6169716769912256e-09
2974,2.6174915264531006e-09
2975,2.62030576120204e-09
2976,2.6176279239152092e-09
2977,2.617093035861752e-09
2978,2.6166848873415017e-09
2979,2.6160632585264437e-09
2980,2.6163797722122747e-09
2981,2.6199068258424534e-09
2982,2.617853500997021e-09
2983,2.6164779456776755e-09
2984,2.617119710195813e-09
2985,2.6168166794975487e-09
2986,2.6166539557856044e-09
2987,2.616910866126391e-09
2988,2.618057976703831e-09
2989,2.616854833280455e-09
2990,2.616822626080215e-09
2991,2.6179837258132443e-09
2992,2.621082903172486e-09
2993,2.6222451450123782e-09
2994,2.6180338959563717e-09
2995,2.617062641761731e-09
2996,2.6170729952379382e-09
2997,2.61592964780976e-09
2998,2.6149316219103058e-09
2999,2.61529798637551e-09
3000,2.6168748205180374e-09
3001,2.615631307291676e-09
3002,2.6162250869652088e-09
3003,2.6197380891534223e-09
3004,2.6172674572521e-09
3005,2.6183385394624426e-09
3006,2.6202522542553833e-09
3007,2.618951860840779e-09
3008,2.6177372817399574e-09
3009,2.615855071264021e-09
3010,2.6196507222851113e-09
3011,2.614886353545005e-09
3012,2.6155232747349683e-09
3013,2.6159017452068686e-09
3014,2.6160768891566897e-09
3015,2.614653595958595e-09
3016,2.6143628359109144e-09
3017,2.6147839163104436e-09
3018,2.6154987585915986e-09
3019,2.6163530093473218e-09
3020,2.616029090317412e-09
3021,2.6162903784559796e-09
3022,2.6160457094663763e-09
3023,2.615885784923845e-09
3024,2.615849779675951e-09
3025,2.6202749882158494e-09
3026,2.616874041776342e-09
3027,2.615773401735325e-09
3028,2.6183407074723333e-09
3029,2.619364460747061e-09
3030,2.6212572513880236e-09
3031,2.618241162877741e-09
3032,2.6167732280166235e-09
3033,2.6171947850190114e-09
3034,2.6177877074641697e-09
3035,2.619308094104553e-09
3036,2.619314141506178e-09
3037,2.618058614180856e-09
3038,2.6206758399048814e-09
3039,2.61760883862088e-09
3040,2.616412568976405e-09
3041,2.616930839653389e-09
3042,2.6166691379908773e-09
3043,2.615372081385043e-09
3044,2.6153413677759697e-09
3045,2.616546197798352e-09
3046,2.6171933338737272e-09
3047,2.6158395703043527e-09
3048,2.6153563476042815e-09
3049,2.6159284720903376e-09
3050,2.6144862736709596e-09
3051,2.614917781114602e-09
3052,2.6153350760543938e-09
3053,2.61581566875398e-09
3054,2.614850872905412e-09
3055,2.616805541288172e-09
3056,2.616362555116734e-09
3057,2.617365048911348e-09
3058,2.615990815675782e-09
3059,2.616236684871571e-09
3060,2.6190080749620306e-09
3061,2.6174514942314942e-09
3062,2.6186371870231818e-09
3063,2.617749925296859e-09
3064,2.618589569191285e-09
3065,2.6188794487972266e-09
3066,2.6181208004836416e-09
3067,2.618135638547094e-09
3068,2.6168739206201154e-09
3069,2.618988855847129e-09
3070,2.620257822759646e-09
3071,2.61924432096229e-09
3072,2.619865684381877e-09
3073,2.618023554898282e-09
3074,2.618075341069362e-09
3075,2.6173543451483036e-09
3076,2.6209687339771735e-09
3077,2.6237316612960944e-09
3078,2.6180397925689925e-09
3079,2.617783339059038e-09
3080,2.6183323447906294e-09
3081,2.6246352664215062e-09
3082,2.6203686553423093e-09
3083,2.6167959197676015e-09
3084,2.6201540746699268e-09
3085,2.6161476531545583e-09
3086,2.6156927983007594e-09
3087,2.616880257993196e-09
3088,2.616627090219962e-09
3089,2.6155724092989484e-09
3090,2.617277804076107e-09
3091,2.619123483625589e-09
3092,2.619720027127944e-09
3093,2.6191632427408136e-09
3094,2.6200187712836204e-09
3095,2.62174239045051e-09
3096,2.6185291736662534e-09
3097,2.6210153179532888e-09
3098,2.6222923816387196e-09
3099,2.6200564889010314e-09
3100,2.616995203559639e-09
3101,2.6169126642231413e-09
3102,2.617002871823161e-09
3103,2.615867864340042e-09
3104,2.6174671288375183e-09
3105,2.6178345856256673e-09
3106,2.6154104675854755e-09
3107,2.614319885391454e-09
3108,2.6135820952993913e-09
3109,2.6150297212565823e-09
3110,2.614793049738689e-09
3111,2.6179083839721717e-09
3112,2.614361584428826e-09
3113,2.6170078144334596e-09
3114,2.619522343383763e-09
3115,2.617450598250731e-09
3116,2.6172142067917765e-09
3117,2.6178479860985e-09
3118,2.6159928281399655e-09
3119,2.619894472391438e-09
3120,2.616221672161643e-09
3121,2.618636601122347e-09
3122,2.623503275436249e-09
3123,2.618108789292871e-09
3124,2.6184007709912894e-09
3125,2.6194199196626572e-09
3126,2.6168434148469197e-09
3127,2.6170115907072168e-09
3128,2.6181924524407072e-09
3129,2.6186110910246473e-09
3130,2.6189745401853146e-09
3131,2.61827674894064e-09
3132,2.618440879536739e-09
3133,2.6166364566322033e-09
3134,2.6160444461272034e-09
3135,2.6189246731779504e-09
3136,2.6180633314954173e-09
3137,2.6184063975440143e-09
3138,2.6188733771093684e-09
3139,2.6185413098541695e-09
3140,2.617405153282567e-09
3141,2.619115112928586e-09
3142,2.615950249306927e-09
3143,2.6198172768377258e-09
3144,2.617296508778697e-09
3145,2.6195847904973864e-09
3146,2.6186334948628733e-09
3147,2.6192125942026022e-09
3148,2.6197621781066872e-09
3149,2.617437065683885e-09
3150,2.6194630711165774e-09
3151,2.6232154338661294e-09
3152,2.6190049119852723e-09
3153,2.618348559899562e-09
3154,2.6188611239794917e-09
3155,2.61760419540925e-09
3156,2.6191510662737503e-09
3157,2.6190877065061465e-09
3158,2.620277733176708e-09
3159,2.6182385636283298e-09
3160,2.6190816815650543e-09
3161,2.6193072120295438e-09
3162,2.6190161271504404e-09
3163,2.620176955834974e-09
3164,2.61892846111979e-09
3165,2.6192833119457134e-09
3166,2.619992211644296e-09
3167,2.6175130214015692e-09
3168,2.6179103041817555e-09
3169,2.6206385076572743e-09
3170,2.6172233459476343e-09
3171,2.6164161801810168e-09
3172,2.6187672757754636e-09
3173,2.6179467227830727e-09
3174,2.61872399697545e-09
3175,2.6252148396601424e-09
3176,2.6174847996476134e-09
3177,2.618402560807873e-09
3178,2.618503038245334e-09
3179,2.618076881250748e-09
3180,2.6144826562729575e-09
3181,2.614471128520695e-09
3182,2.615250618849845e-09
3183,2.6150841080910784e-09
3184,2.6162110908241185e-09
3185,2.6153876540542695e-09
3186,2.61686156118893e-09
3187,2.6283271866412814e-09
3188,2.618270131750848e-09
3189,2.6174360418073807e-09
3190,2.618559602780684e-09
3191,2.618949366932881e-09
3192,2.61813712495041e-09
3193,2.6217447850406123e-09
3194,2.622442375391527e-09
3195,2.6188558861819463e-09
3196,2.6176616054906362e-09
3197,2.6223260085439973e-09
3198,2.619884304311745e-09
3199,2.6261710686274483e-09
3200,2.6202597444142563e-09
3201,2.6227498661243605e-09
3202,2.6170667881897027e-09
3203,2.6213729258286945e-09
3204,2.6189219732950857e-09
3205,2.622360942560697e-09
3206,2.620942116270801e-09
3207,2.6216389609545486e-09
3208,2.616752741786752e-09
3209,2.6201775631486756e-09
3210,2.6198452382364634e-09
3211,2.6208153701053633e-09
3212,2.6177779931577454e-09
3213,2.6186502488274764e-09
3214,2.6151820931698885e-09
3215,2.6151986519023006e-09
3216,2.617328867667602e-09
3217,2.6194386620148155e-09
3218,2.6167416418962806e-09
3219,2.615706035817411e-09
3220,2.6148453953933097e-09
3221,2.6163124300300965e-09
3222,2.618001335812106e-09
3223,2.616285143646978e-09
3224,2.6144280638301003e-09
3225,2.6180783371924416e-09
3226,2.6199655888736526e-09
3227,2.61708392988673e-09
3228,2.617165753947976e-09
3229,2.6174712304199885e-09
3230,2.61895920013985e-09
3231,2.6169606727812926e-09
3232,2.6276164675209602e-09
3233,2.6201161844859665e-09
3234,2.6194734978807394e-09
3235,2.6168501511151145e-09
3236,2.6164174041198268e-09
3237,2.616624291514749e-09
3238,2.616518859193934e-09
3239,2.616497262715031e-09
3240,2.617290607237726e-09
3241,2.6175850377233e-09
3242,2.617327008270984e-09
3243,2.6169966985520317e-09
3244,2.616575574235806e-09
3245,2.6201466622877015e-09
3246,2.6191078153417405e-09
3247,2.618778609426628e-09
3248,2.619086968935743e-09
3249,2.616952812782151e-09
3250,2.616785050254029e-09
3251,2.6177252655622348e-09
3252,2.6177126885285175e-09
3253,2.61751372117291e-09
3254,2.6185394507304867e-09
3255,2.618920609408325e-09
3256,2.6176449972701543e-09
3257,2.618189746652475e-09
3258,2.6176939656521273e-09
3259,2.6194197494709965e-09
3260,2.6162176721026684e-09
3261,2.6176294669248536e-09
3262,2.617283125265146e-09
3263,2.6193397869059126e-09
3264,2.618888559900807e-09
3265,2.61941024238062e-09
3266,2.6174750538215645e-09
3267,2.615644802608135e-09
3268,2.6161028047013126e-09
3269,2.616749275620231e-09
3270,2.6173399821615907e-09
3271,2.6150133777667557e-09
3272,2.6164179669147104e-09
3273,2.6175114162549345e-09
3274,2.6170325203995606e-09
3275,2.617727168052699e-09
3276,2.6176958633420114e-09
3277,2.6175123183762478e-09
3278,2.6159656270133157e-09
3279,2.6163957808608043e-09
3280,2.6191535670506366e-09
3281,2.6172951672750527e-09
3282,2.618172488745288e-09
3283,2.6182164746845023e-09
3284,2.6187198401717996e-09
3285,2.623387945475717e-09
3286,2.619661869790597e-09
3287,2.6213794886060132e-09
3288,2.620764500401003e-09
3289,2.617043811327741e-09
3290,2.6188419025878195e-09
3291,2.6190817694556654e-09
3292,2.6173800793969467e-09
3293,2.6165130640891906e-09
3294,2.616825716358267e-09
3295,2.6149750384918225e-09
3296,2.6144682107895915e-09
3297,2.616702211825714e-09
3298,2.6150996709147834e-09
3299,2.615610644862053e-09
3300,2.6143305182108545e-09
3301,2.614606682482901e-09
3302,2.6144446450608328e-09
3303,2.618446049595762e-09
3304,2.6144352515003084e-09
3305,2.615305026509965e-09
3306,2.6139365387923792e-09
3307,2.6141799774398037e-09
3308,2.6154266472807787e-09
3309,2.6167211567892127e-09
3310,2.6165091501249657e-09
3311,2.615677780588726e-09
3312,2.617995938798491e-09
3313,2.61803596036964e-09
3314,2.6168362120777897e-09
3315,2.6152363723010125e-09
3316,2.616996817418699e-09
3317,2.6156620471032973e-09
3318,2.614891967078209e-09
3319,2.6168074860790423e-09
3320,2.6205715365239083e-09
3321,2.617819272256507e-09
3322,2.6189194450508482e-09
3323,2.619091827911295e-09
3324,2.618552389930778e-09
3325,2.6203990204910292e-09
3326,2.6169411574392557e-09
3327,2.619493982731572e-09
3328,2.6168628570524316e-09
3329,2.6215916762848224e-09
3330,2.6203243284943766e-09
3331,2.6174716260805863e-09
3332,2.619026820112357e-09
3333,2.6182293423144045e-09
3334,2.619306183120873e-09
3335,2.6203082700015708e-09
3336,2.6192767493538084e-09
3337,2.6251764618406987e-09
3338,2.6223352315037584e-09
3339,2.624192505632614e-09
3340,2.6221390866479557e-09
3341,2.6191227632092836e-09
3342,2.624187828840382e-09
3343,2.6184303628977257e-09
3344,2.6170823867092707e-09
3345,2.619341322743735e-09
3346,2.62031808566944e-09
3347,2.6203015073368213e-09
3348,2.617616044450533e-09
3349,2.6209606362602916e-09
3350,2.6204820148395096e-09
3351,2.621251790159991e-09
3352,2.618153192269224e-09
3353,2.6158966075891875e-09
3354,2.6150493083658497e-09
3355,2.6147948800270944e-09
3356,2.619577022106518e-09
3357,2.6164813014364376e-09
3358,2.616739099175925e-09
3359,2.6177844280246266e-09
3360,2.614361859841925e-09
3361,2.6152482218381942e-09
3362,2.6167738928030082e-09
3363,2.615007684870516e-09
3364,2.6155563953012747e-09
3365,2.615237577904753e-09
3366,2.616183264318322e-09
3367,2.6186164035771606e-09
3368,2.6155750620401956e-09
3369,2.617358666523145e-09
3370,2.617053531063546e-09
3371,2.6165851340205266e-09
3372,2.6156179724285224e-09
3373,2.614743371227122e-09
3374,2.6145422872532885e-09
3375,2.61531474580704e-09
3376,2.617944992670547e-09
3377,2.617214755290968e-09
3378,2.6175935404612565e-09
3379,2.6185661058574855e-09
3380,2.6187012852692526e-09
3381,2.61809230407639e-09
3382,2.6187358087320472e-09
3383,2.617244185023608e-09
3384,2.6177701279009305e-09
3385,2.6168877972748123e-09
3386,2.6216345011590157e-09
3387,2.6199975045693553e-09
3388,2.620501015610932e-09
3389,2.6187385508320212e-09
3390,2.619483644104637e-09
3391,2.6180812696493046e-09
3392,2.617289444739409e-09
3393,2.6176120147113603e-09
3394,2.6176175906105744e-09
3395,2.6159575426693424e-09
3396,2.619040257137442e-09
3397,2.618028226444264e-09
3398,2.617614388794511e-09
3399,2.6166844795556123e-09
3400,2.62094634111197e-09
3401,2.6167283692827665e-09
3402,2.6188354436602907e-09
3403,2.617834084383336e-09
3404,2.6186490302147604e-09
3405,2.621189748431171e-09
3406,2.618699177895019e-09
3407,2.6176812705942652e-09
3408,2.6232837637450923e-09
3409,2.6189959744011776e-09
3410,2.6192433589318218e-09
3411,2.620847204399856e-09
3412,2.6213960867983964e-09
3413,2.6191201782287577e-09
3414,2.6170047435405965e-09
3415,2.6185608954426922e-09
3416,2.6194889859438246e-09
3417,2.6189444701683092e-09
3418,2.6210074216936907e-09
3419,2.6213363845675267e-09
3420,2.625384599408981e-09
3421,2.619596916479242e-09
3422,2.620383537629071e-09
3423,2.616343341761547e-09
3424,2.616187440537685e-09
3425,2.6160082842618803e-09
3426,2.616659105111609e-09
3427,2.618535722984889e-09
3428,2.619542465389087e-09
3429,2.6170141312060966e-09
3430,2.6175721528212417e-09
3431,2.6237884994692677e-09
3432,2.6173004553230435e-09
3433,2.6211061933216038e-09
3434,2.6291865284012834e-09
3435,2.6201969957045706e-09
3436,2.6248786244034834e-09
3437,2.620344559860498e-09
3438,2.6205602857744857e-09
3439,2.6175118134552554e-09
3440,2.624472395839244e-09
3441,2.6177107434602624e-09
3442,2.6206302893650265e-09
3443,2.6275858031519295e-09
3444,2.6170281118121423e-09
3445,2.618680219869737e-09
3446,2.6177219115778834e-09
3447,2.6166517393364427e-09
3448,2.6156485611392737e-09
3449,2.6186788921033e-09
3450,2.618638035897879e-09
3451,2.620633473224642e-09
3452,2.617443989129202e-09
3453,2.618634448665578e-09
3454,2.6179976675806014e-09
3455,2.618049975513101e-09
3456,2.6167064277065638e-09
3457,2.6165543593246174e-09
3458,2.61734435300085e-09
3459,2.616475842186424e-09
3460,2.621897500432615e-09
3461,2.62144986368426e-09
3462,2.6173556232417672e-09
3463,2.6170943157554715e-09
3464,2.616360743897077e-09
3465,2.6192032932452212e-09
3466,2.6203881762395352e-09
3467,2.620335407487453e-09
3468,2.6196830826710686e-09
3469,2.6172292199346824e-09
3470,2.616302844913906e-09
3471,2.6222412473768393e-09
3472,2.6200436393327796e-09
3473,2.619020756106764e-09
3474,2.6196964495552317e-09
3475,2.620927548660927e-09
3476,2.6196335176182095e-09
3477,2.6202837314945762e-09
3478,2.6191222500059493e-09
3479,2.6193269346028458e-09
3480,2.618136989465228e-09
3481,2.6189947837673913e-09
3482,2.61761100718884e-09
3483,2.615424556775756e-09
3484,2.6174276829514277e-09
3485,2.620191716056998e-09
3486,2.61794436797766e-09
3487,2.617556993258304e-09
3488,2.6171264752738735e-09
3489,2.618780744325142e-09
3490,2.6204065647853912e-09
3491,2.6226870672452174e-09
3492,2.6173341473738217e-09
3493,2.6144569712778216e-09
3494,2.616162183233441e-09
3495,2.615415825202495e-09
3496,2.615885222475818e-09
3497,2.6164815148874173e-09
3498,2.616459173728596e-09
3499,2.617862393732042e-09
3500,2.61973157784001e-09
3501,2.614894707381164e-09
3502,2.6148215922066967e-09
3503,2.6155870676236652e-09
3504,2.6239483173210666e-09
3505,2.6174364567154113e-09
3506,2.620044389405166e-09
3507,2.616221023791107e-09
3508,2.618020419554432e-09
3509,2.6167807414321786e-09
3510,2.617479693298172e-09
3511,2.6161217245486683e-09
3512,2.615982972762292e-09
3513,2.617693926199173e-09
3514,2.6183189355420403e-09
3515,2.616716409286556e-09
3516,2.6171903090700485e-09
3517,2.619638852529009e-09
3518,2.617370017189331e-09
3519,2.624204503156978e-09
3520,2.619611640706888e-09
3521,2.6208490951304703e-09
3522,2.619788283410209e-09
3523,2.620503477982836e-09
3524,2.6212911803604403e-09
3525,2.6177664619235867e-09
3526,2.6224627107452913e-09
3527,2.620501471616996e-09
3528,2.6231517164165314e-09
3529,2.617405621687967e-09
3530,2.6225304278823975e-09
3531,2.6181871340985127e-09
3532,2.6188715060090413e-09
3533,2.61864817760911e-09
3534,2.6177615174667127e-09
3535,2.6200937624743367e-09
3536,2.6206474842722663e-09
3537,2.61987003274875e-09
3538,2.6226498920532546e-09
3539,2.620154422915054e-09
3540,2.617723480008858e-09
3541,2.6205460778983387e-09
3542,2.617994204528848e-09
3543,2.615738127106525e-09
3544,2.620747118396349e-09
3545,2.620825430393176e-09
3546,2.6159833385125637e-09
3547,2.6170700858000836e-09
3548,2.6184168681967835e-09
3549,2.620233831269513e-09
3550,2.6183989511611644e-09
3551,2.618545059327691e-09
3552,2.6167235910497903e-09
3553,2.6192172445670123e-09
3554,2.6201714930962866e-09
3555,2.618990503765944e-09
3556,2.6240656159779815e-09
3557,2.6166257982836294e-09
3558,2.6218777039684827e-09
3559,2.6172192091197377e-09
3560,2.6202567197704417e-09
3561,2.62294143982335e-09
3562,2.6194836238451124e-09
3563,2.6228574464648127e-09
3564,2.6200430817336093e-09
3565,2.6243327891817418e-09
3566,2.6214506168214416e-09
3567,2.6205845898443445e-09
3568,2.620031744186623e-09
3569,2.6188806078866962e-09
3570,2.618184335281634e-09
3571,2.618330409541051e-09
3572,2.6243719543563226e-09
3573,2.6235237343829703e-09
3574,2.6188219630121318e-09
3575,2.618297627176877e-09
3576,2.6184431511777816e-09
3577,2.6236008151308446e-09
3578,2.6242123830148763e-09
3579,2.6191775994058412e-09
3580,2.6166029821049388e-09
3581,2.6215392923914647e-09
3582,2.6170365332394998e-09
3583,2.615989097754955e-09
3584,2.6179357720000964e-09
3585,2.6206188443242887e-09
3586,2.6167933212785254e-09
3587,2.6160828388849727e-09
3588,2.6153268994684915e-09
3589,2.6163320842288624e-09
3590,2.6145144808971216e-09
3591,2.6173397190049133e-09
3592,2.618085178576842e-09
3593,2.6166564464147685e-09
3594,2.614778544038876e-09
3595,2.6152583683111345e-09
3596,2.6199564100176256e-09
3597,2.6169618038489754e-09
3598,2.615683391592661e-09
3599,2.615608026980193e-09
3600,2.618013162413906e-09
3601,2.6167001118480743e-09
3602,2.621681727799717e-09
3603,2.6172556599107396e-09
3604,2.6173197139168813e-09
3605,2.6181593788744708e-09
3606,2.6180241272495207e-09
3607,2.6179739463957795e-09
3608,2.619494546915993e-09
3609,2.624071194680741e-09
3610,2.62058810479482e-09
3611,2.620783386554627e-09
3612,2.620472925634722e-09
3613,2.6195326753299106e-09
3614,2.618806058188001e-09
3615,2.620951491995197e-09
3616,2.6197025137566538e-09
3617,2.618158242852416e-09
3618,2.6199401410239443e-09
3619,2.6177342782483576e-09
3620,2.621799725241284e-09
3621,2.616873027210994e-09
3622,2.617848324530841e-09
3623,2.6174778113682844e-09
3624,2.6164428377597827e-09
3625,2.617451698076724e-09
3626,2.617773483578082e-09
3627,2.618821065169935e-09
3628,2.621539528036284e-09
3629,2.618524387598667e-09
3630,2.618693247944152e-09
3631,2.6175607942765372e-09
3632,2.623676168251905e-09
3633,2.621915940505526e-09
3634,2.617849556906897e-09
3635,2.6279934841175148e-09
3636,2.6185413081607997e-09
3637,2.619501543348959e-09
3638,2.6194137564581656e-09
3639,2.6296360779799455e-09
3640,2.62043136231441e-09
3641,2.6270823755553955e-09
3642,2.621980044860995e-09
3643,2.6174626589544557e-09
3644,2.624814568407736e-09
3645,2.6199996917326263e-09
3646,2.620830177042014e-09
3647,2.6170947984492444e-09
3648,2.616891942460071e-09
3649,2.6160115643483775e-09
3650,2.616181791631397e-09
3651,2.616519232750021e-09
3652,2.6275217719933178e-09
3653,2.627785187600036e-09
3654,2.618495692417932e-09
3655,2.6179735997194262e-09
3656,2.6272002453919504e-09
3657,2.6191068157380027e-09
3658,2.624343796377097e-09
3659,2.6208459030129587e-09
3660,2.6166861691554222e-09
3661,2.6233877254540643e-09
3662,2.625658023909968e-09
3663,2.6249360489083398e-09
3664,2.6195983593965503e-09
3665,2.6181108661638636e-09
3666,2.6190227158559877e-09
3667,2.6196673776205594e-09
3668,2.626090644551013e-09
3669,2.619857304547368e-09
3670,2.6188682412314367e-09
3671,2.6155021771238017e-09
3672,2.6228079047165397e-09
3673,2.616043810943318e-09
3674,2.6162878719527783e-09
3675,2.6160400022726787e-09
3676,2.6158039543981495e-09
3677,2.6163124558651336e-09
3678,2.6155824464160346e-09
3679,2.6168328889559767e-09
3680,2.6164401997358773e-09
3681,2.6170193828236173e-09
3682,2.620360660901154e-09
3683,2.617655712079221e-09
3684,2.616096009558112e-09
3685,2.6163747373448377e-09
3686,2.617567253880105e-09
3687,2.6179604790545938e-09
3688,2.6164940041909225e-09
3689,2.6138467488343613e-09
3690,2.614707797564657e-09
3691,2.615498810094144e-09
3692,2.613000965972471e-09
3693,2.6148899002812007e-09
3694,2.6149492146957707e-09
3695,2.6146321201013197e-09
3696,2.616662231995763e-09
3697,2.6156496308237614e-09
3698,2.6191383449281466e-09
3699,2.6210683476935618e-09
3700,2.6179745447991135e-09
3701,2.6173180095335275e-09
3702,2.617305418251571e-09
3703,2.6219469961722857e-09
3704,2.616941490949655e-09
3705,2.617232441053978e-09
3706,2.616148396402365e-09
3707,2.614794148618473e-09
3708,2.6147217554921335e-09
3709,2.6147577276222464e-09
3710,2.6193105973331936e-09
3711,2.6209467316191447e-09
3712,2.614644449970503e-09
3713,2.614536404745972e-09
3714,2.6152075619292164e-09
3715,2.6210443699243325e-09
3716,2.6163627939901006e-09
3717,2.6174052179402443e-09
3718,2.6176383932686428e-09
3719,2.6169499661540513e-09
3720,2.6228194468502832e-09
3721,2.6184545976269723e-09
3722,2.616251434852934e-09
3723,2.6181606477613355e-09
3724,2.6189963814594962e-09
3725,2.6176422222510302e-09
3726,2.617835892367084e-09
3727,2.6175450999620548e-09
3728,2.6178163278394886e-09
3729,2.6167493823624e-09
3730,2.61722544145143e-09
3731,2.618364673683706e-09
3732,2.6171367955403746e-09
3733,2.619371365381384e-09
3734,2.615803466145012e-09
3735,2.6209139607066104e-09
3736,2.6211650529919748e-09
3737,2.6166809900313706e-09
3738,2.6179707983349608e-09
3739,2.6185172740658626e-09
3740,2.6159847048233155e-09
3741,2.6212495660603056e-09
3742,2.618666164495731e-09
3743,2.6202591080085058e-09
3744,2.617988001271967e-09
3745,2.618361212184274e-09
3746,2.6168441133986313e-09
3747,2.618835004316217e-09
3748,2.6176348267032882e-09
3749,2.618272729651807e-09
3750,2.6172400350448102e-09
3751,2.6174521159508386e-09
3752,2.6178485782692543e-09
3753,2.617187672862314e-09
3754,2.6158814475976404e-09
3755,2.6167833202694545e-09
3756,2.6151801780252995e-09
3757,2.613512498611572e-09
3758,2.6144306978846624e-09
3759,2.6162193795210095e-09
3760,2.618281086935577e-09
3761,2.6172794502432483e-09
3762,2.6204996213025714e-09
3763,2.6191476531563302e-09
3764,2.618045091207126e-09
3765,2.6177030306333526e-09
3766,2.618851416773736e-09
3767,2.617704137421478e-09
3768,2.616259388066811e-09
3769,2.616243588434597e-09
3770,2.6261007997848562e-09
3771,2.616443277161633e-09
3772,2.6166439516052132e-09
3773,2.61858224309278e-09
3774,2.61712043185619e-09
3775,2.6171501345227487e-09
3776,2.6196435110798454e-09
3777,2.6181062782504677e-09
3778,2.61738644825099e-09
3779,2.622455811970413e-09
3780,2.619195116393615e-09
3781,2.6178072854301305e-09
3782,2.6177950563788925e-09
3783,2.6176343102817677e-09
3784,2.621829575904831e-09
3785,2.6166750718465693e-09
3786,2.6171881484507763e-09
3787,2.616986748519332e-09
3788,2.618384868560205e-09
3789,2.6182766447126573e-09
3790,2.6173732906610476e-09
3791,2.6205554977932307e-09
3792,2.6235923561719332e-09
3793,2.616765973007511e-09
3794,2.6185698680765e-09
3795,2.616085253806431e-09
3796,2.617872571777667e-09
3797,2.617404187901207e-09
3798,2.616376817371209e-09
3799,2.6182198162883427e-09
3800,2.61804343324269e-09
3801,2.6181563860663523e-09
3802,2.618679066863189e-09
3803,2.6197474145329444e-09
3804,2.61558691320509e-09
3805,2.6196181338706133e-09
3806,2.618935543011198e-09
3807,2.617545790906893e-09
3808,2.6171637283773417e-09
3809,2.6166853050605116e-09
3810,2.6170757171724615e-09
3811,2.6188748462554886e-09
3812,2.6177053707057037e-09
3813,2.617667798126573e-09
3814,2.6171821994424585e-09
3815,2.6176577120307646e-09
3816,2.6170993643691383e-09
3817,2.6175640703155524e-09
3818,2.616415008808321e-09
3819,2.620489338183386e-09
3820,2.6157058475813224e-09
3821,2.615447800939815e-09
3822,2.616295760423258e-09
3823,2.6310594217235095e-09
3824,2.6154467225991086e-09
3825,2.6159325825641184e-09
3826,2.6163900102556126e-09
3827,2.618010705487312e-09
3828,2.618564531169693e-09
3829,2.6194199637636977e-09
3830,2.616716491527923e-09
3831,2.6169633634747133e-09
3832,2.6162070219944594e-09
3833,2.6196375701000678e-09
3834,2.6180635597433698e-09
3835,2.6183986034052238e-09
3836,2.616235535052021e-09
3837,2.616398412462626e-09
3838,2.6162089886039394e-09
3839,2.617301134243013e-09
3840,2.6171481650170033e-09
3841,2.6160176649426574e-09
3842,2.6175743316527653e-09
3843,2.617978598624843e-09
3844,2.616737570746082e-09
3845,2.6164202319578376e-09
3846,2.614787962605691e-09
3847,2.6163871950207423e-09
3848,2.6158514020807164e-09
3849,2.617487058477106e-09
3850,2.616126994671457e-09
3851,2.6153879865666267e-09
3852,2.6195877304728798e-09
3853,2.6191832371554264e-09
3854,2.6190651469455713e-09
3855,2.6189167975133157e-09
3856,2.6207061714307063e-09
3857,2.618525132327346e-09
3858,2.6207346342828782e-09
3859,2.6189763563977913e-09
3860,2.6180505185514085e-09
3861,2.618132399367909e-09
3862,2.619295569211769e-09
3863,2.6249098998529452e-09
3864,2.6192763994153684e-09
3865,2.618391343173788e-09
3866,2.622729233382097e-09
3867,2.6197985534501893e-09
3868,2.618300071873739e-09
3869,2.6164791450806454e-09
3870,2.6167248391066897e-09
3871,2.6170621830721424e-09
3872,2.621452211617838e-09
3873,2.6195710975912217e-09
3874,2.6207998750239244e-09
3875,2.6167699750190175e-09
3876,2.6172264902695897e-09
3877,2.618256137821648e-09
3878,2.6181260464925833e-09
3879,2.6195443303834386e-09
3880,2.6163068472405245e-09
3881,2.6188645519636585e-09
3882,2.620248400867144e-09
3883,2.6170074129451043e-09
3884,2.617679069075213e-09
3885,2.6158583185625785e-09
3886,2.6166544702841307e-09
3887,2.61727733213955e-09
3888,2.6171683346198684e-09
3889,2.6175394289358315e-09
3890,2.6174427882032936e-09
3891,2.617003542411415e-09
3892,2.6164296638709898e-09
3893,2.6169412917625093e-09
3894,2.6145651174003845e-09
3895,2.6163441413549644e-09
3896,2.6157971996338207e-09
3897,2.6151066092697216e-09
3898,2.6155012839512216e-09
3899,2.615067394820664e-09
3900,2.6154873555689017e-09
3901,2.622800023095389e-09
3902,2.619944815063999e-09
3903,2.6193761740837355e-09
3904,2.6196348155100446e-09
3905,2.6191989493083036e-09
3906,2.619864349400496e-09
3907,2.6251520634623364e-09
3908,2.622041429795163e-09
3909,2.6180529693569253e-09
3910,2.6187370874354296e-09
3911,2.6173831549840065e-09
3912,2.6261883333569858e-09
3913,2.6174955225958144e-09
3914,2.6184269098144974e-09
3915,2.618208183702557e-09
3916,2.6193964802806205e-09
3917,2.6194093423021492e-09
3918,2.6207589653753102e-09
3919,2.6187378773292737e-09
3920,2.6211853599201516e-09
3921,2.6192204296773806e-09
3922,2.617206187126306e-09
3923,2.618174070332056e-09
3924,2.6182565436334764e-09
3925,2.6182598407970325e-09
3926,2.6197477461147255e-09
3927,2.6221261745449613e-09
3928,2.6286525884533523e-09
3929,2.619138196860105e-09
3930,2.6180408723620388e-09
3931,2.622012595275109e-09
3932,2.6198187077539925e-09
3933,2.620664276055409e-09
3934,2.6201194842495614e-09
3935,2.6175129157733103e-09
3936,2.616040295657719e-09
3937,2.616870446754044e-09
3938,2.6225194736977088e-09
3939,2.616965174438467e-09
3940,2.619242818687179e-09
3941,2.6202121626590412e-09
3942,2.6173108995702906e-09
3943,2.6173584599550555e-09
3944,2.621102298657502e-09
3945,2.6191063549373093e-09
3946,2.6225695153144457e-09
3947,2.618375355807283e-09
3948,2.6206999223825336e-09
3949,2.6205120339424597e-09
3950,2.6178759840666643e-09
3951,2.6165529105764675e-09
3952,2.615860212194033e-09
3953,2.6147596737727014e-09
3954,2.6166509436629755e-09
3955,2.6187334475048456e-09
3956,2.6150082834811994e-09
3957,2.6144471862229323e-09
3958,2.615271854828095e-09
3959,2.61695611690982e-09
3960,2.6162193442870317e-09
3961,2.615902950943527e-09
3962,2.615545049988939e-09
3963,2.615235766200498e-09
3964,2.6180790716612797e-09
3965,2.615319005350623e-09
3966,2.61535585447394e-09
3967,2.617451270632734e-09
3968,2.617610396494156e-09
3969,2.616004414383001e-09
3970,2.6178509095431863e-09
3971,2.617359501792374e-09
3972,2.619234327881792e-09
3973,2.6171792084753124e-09
3974,2.617284684991212e-09
3975,2.6183914851040452e-09
3976,2.6191351336157294e-09
3977,2.6203354717175847e-09
3978,2.6186351988137362e-09
3979,2.621617871499813e-09
3980,2.618774692695854e-09
3981,2.616996315737788e-09
3982,2.6187524786749714e-09
3983,2.6170105333930534e-09
3984,2.6165408614163138e-09
3985,2.6192230509238273e-09
3986,2.6175208980012787e-09
3987,2.6186833908842593e-09
3988,2.620898670353893e-09
3989,2.6203962406795495e-09
3990,2.618944041013514e-09
3991,2.618695331503004e-09
3992,2.619883575235399e-09
3993,2.6214121969313856e-09
3994,2.6218714038048565e-09
3995,2.619935524134442e-09
3996,2.620599122246763e-09
3997,2.6193481932663506e-09
3998,2.62081138134279e-09
3999,2.622026050276697e-09
4000,2.6200980429804716e-09
4001,2.6172304056879964e-09
4002,2.6174622133478372e-09
4003,2.616564415860411e-09
4004,2.6173881966789902e-09
4005,2.6165971593176153e-09
4006,2.617205263415498e-09
4007,2.6162929006917624e-09
4008,2.6159455122285386e-09
4009,2.6163243379950277e-09
4010,2.614179875544512e-09
4011,2.6219035470082318e-09
4012,2.6168075101639683e-09
4013,2.6179785379248646e-09
4014,2.6191430925161246e-09
4015,2.6184820040979996e-09
4016,2.6170458852379178e-09
4017,2.6176416299548125e-09
4018,2.6179222316047306e-09
4019,2.6167474849631197e-09
4020,2.6225601958935083e-09
4021,2.6184557131259133e-09
4022,2.616834950649038e-09
4023,2.6187176338879356e-09
4024,2.620502170015208e-09
4025,2.618304229919528e-09
4026,2.620068376797645e-09
4027,2.619084524649076e-09
4028,2.6180451528334e-09
4029,2.617410310236492e-09
4030,2.616995461720986e-09
4031,2.61746001502548e-09
4032,2.6172947461419312e-09
4033,2.6174033061148792e-09
4034,2.6177592424257016e-09
4035,2.6152484164948578e-09
4036,2.615157427335422e-09
4037,2.615212078007367e-09
4038,2.619111811035471e-09
4039,2.6162176113749195e-09
4040,2.6162322326553627e-09
4041,2.6171227206858563e-09
4042,2.6202630627128916e-09
4043,2.6183769490876616e-09
4044,2.6183810010077067e-09
4045,2.6187627934636194e-09
4046,2.617844952098242e-09
4047,2.6173333692626512e-09
4048,2.6168257147141363e-09
4049,2.6156014497375794e-09
4050,2.6166223476159413e-09
4051,2.615958479253394e-09
4052,2.615936053606638e-09
4053,2.6151026459648126e-09
4054,2.615001925404732e-09
4055,2.6150358194960895e-09
4056,2.6152711841678286e-09
4057,2.615792811597365e-09
4058,2.615098869852994e-09
4059,2.6192656021734973e-09
4060,2.6189230803308044e-09
4061,2.6161047932612193e-09
4062,2.617091144009589e-09
4063,2.6189948537049384e-09
4064,2.6164645429568322e-09
4065,2.6179696677989433e-09
4066,2.6175086098149405e-09
4067,2.6211643333344347e-09
4068,2.619110206066508e-09
4069,2.6194503446321175e-09
4070,2.620943065314192e-09
4071,2.6182210324864097e-09
4072,2.6170873783145157e-09
4073,2.61641767361506e-09
4074,2.6172822736278027e-09
4075,2.618122968428662e-09
4076,2.621511906728729e-09
4077,2.6248613358014208e-09
4078,2.6203912060923823e-09
4079,2.617410710448395e-09
4080,2.617811683950748e-09
4081,2.616509307025804e-09
4082,2.6174216546303428e-09
4083,2.6169432779153965e-09
4084,2.6235973783710893e-09
4085,2.617580194502735e-09
4086,2.6183020880227227e-09
4087,2.6163703029531504e-09
4088,2.6156658134847627e-09
4089,2.6189029960464438e-09
4090,2.6180290453572553e-09
4091,2.6168568249946442e-09
4092,2.616484402993204e-09
4093,2.617276969569076e-09
4094,2.617009479553849e-09
4095,2.617436031083817e-09
4096,2.616105593413524e-09
4097,2.6161322402336336e-09
4098,2.616941363976454e-09
4099,2.616360416264624e-09
4100,2.6186906722993806e-09
