global_step,phi,x2_mean,bc_clean_nrmse,negative_fraction,clamp_fraction,active_fraction,update_cosine_to_floor,update_norm_ratio_to_floor,active_update_energy_fraction
1,3.4011442103967075e-08,3.3609238516965123e-12,389.48660711339784,0.6830390148335899,0.8301043411186612,0.16989565888133884,0.9523484582798363,0.7968127531852136,0.3655534950709703
2,3.4011442103967075e-08,3.1407800269814727e-12,329.95108986218156,0.6324726217519214,0.8477629302700702,0.15223706972992976,0.97730652596825,0.884591120716301,0.2830477750304612
3,3.4011442103967075e-08,4.495950395781442e-12,244.6760493670944,0.6086753623241244,0.869882716176376,0.130117283823624,0.9868789533409488,0.924262683183801,0.2298831621238862
4,3.4011442103967075e-08,3.1158637712587297e-12,241.23056803441534,0.5941797931823455,0.8895176068964565,0.11048239310354346,0.9916174962334908,0.9466013943470962,0.19072377940436416
5,3.4011442103967075e-08,3.33405842075395e-12,223.03615854912368,0.5842521916009917,0.906240779624797,0.09375922037520303,0.9943598689401706,0.9608701290581012,0.16020913431994985
6,3.4011442103967075e-08,3.3948796002064393e-12,210.8732179374707,0.5771200319999916,0.9202912967991415,0.07970870320085854,0.996048939250743,0.9705174310961443,0.13548598443011403
7,3.4011442103967075e-08,3.4486846248002214e-12,199.36489428706273,0.5712141741629755,0.9320488458206131,0.06795115417938694,0.9971592108329667,0.9772961242028283,0.11551659266827376
8,3.4011442103967075e-08,3.541375912677956e-12,191.44190593936156,0.5666732899288307,0.9418983224223119,0.05810167757768813,0.997912824572465,0.9822623047976796,0.09889077552651784
9,3.4011442103967075e-08,2.782660873580658e-12,189.0306742276094,0.562699593046981,0.9502554817043016,0.04974451829569836,0.9984372022759337,0.9859941456972227,0.08457887748148174
10,3.4011442103967075e-08,2.9560970420700895e-12,183.73830810689924,0.5597166511154554,0.9573336048610404,0.0426663951389596,0.9988230473978916,0.9888333604093514,0.07283920668882511
11,3.4011442103967075e-08,3.0907990721074762e-12,178.5513843273681,0.5569032403897811,0.9633681084978885,0.03663189150211159,0.9990969562861501,0.9910389583968603,0.06263989227030856
12,3.4011442103967075e-08,2.7745373339582268e-12,174.41877552886706,0.5545545430847544,0.9685304769451883,0.0314695230548117,0.9993031769503674,0.9927615966631456,0.05398317918635218
13,3.4011442103967075e-08,3.1713812322024596e-12,169.55971786495422,0.5525624863118526,0.9729091216382496,0.027090878361750427,0.9994582347866103,0.9941123221405889,0.04656526247474517
14,3.4011442103967075e-08,3.1271747085829187e-12,164.64308276370147,0.5506919138823141,0.9766481831645356,0.023351816835464365,0.9995753429801314,0.9951906240858066,0.040142035694858275
15,3.4011442103967075e-08,2.8003573920696087e-12,162.22977707605338,0.5490002476561855,0.9798580781619588,0.02014192183804119,0.9996669665117766,0.9960571598735525,0.03489788345043496
16,3.4011442103967075e-08,2.716558801411327e-12,159.84652583277708,0.5473269408002759,0.9826240930666424,0.01737590693335757,0.9997342887053635,0.9967453960525242,0.030119771427687434
17,3.4011442103967075e-08,3.0810322318490445e-12,155.71288351136508,0.5458606651404518,0.984955602876145,0.015044397123854915,0.9997875904518226,0.9973111126100013,0.026100997346555122
18,3.4011442103967075e-08,3.1258883444571915e-12,152.23493249228284,0.5446127487987633,0.9869472690241486,0.013052730975851308,0.9998285519846728,0.9977559275778577,0.022742157439198225
19,3.4011442103967075e-08,2.9936560618753063e-12,150.1508032476678,0.543530978247141,0.9887238310615023,0.011276168938497672,0.9998616886350488,0.99812945740723,0.019667178708103233
20,3.4011442103967075e-08,2.9310053724780663e-12,147.46068330614787,0.5423210827288847,0.990208075466647,0.009791924533352986,0.9998890971045727,0.9984372373888026,0.017244235812143162
21,3.4011442103967075e-08,2.783005268380623e-12,145.37932758972084,0.5412828017492703,0.9915147157513761,0.008485284248623893,0.9999098867178868,0.9986940665195261,0.014978422191083144
22,3.4011442103967075e-08,2.6453734440800554e-12,143.4133645031245,0.5402066301545234,0.9926225279628833,0.007377472037116657,0.9999264893378267,0.9989027765799828,0.013014833471358088
23,3.4011442103967075e-08,2.8056448797681095e-12,141.36913288553885,0.5392882710186794,0.9936022152077565,0.0063977847922435434,0.999940155818131,0.99907774566639,0.011318660989973545
24,3.4011442103967075e-08,2.626317108022645e-12,139.78564563636155,0.5387196513750908,0.9944115899969818,0.005588410003018228,0.999951191572168,0.999221707929118,0.009895712140911225
25,3.4011442103967075e-08,3.860433130648029e-12,136.02355353566546,0.5377114485126436,0.9951453137642412,0.004854686235758793,0.9999596487495184,0.9993430551795859,0.00855821435477746
26,3.4011442103967075e-08,2.9198026788604084e-12,133.88922042075276,0.5369428289211383,0.9957704438097803,0.0042295561902197425,0.9999669548470838,0.9994480417755786,0.0074003666593424255
27,3.4011442103967075e-08,3.424592525569883e-12,131.39328314703866,0.5361831937022933,0.9963035165876258,0.0036964834123741114,0.9999724079068476,0.9995288995829712,0.006545895128541771
28,3.4011442103967075e-08,3.650367413258696e-12,128.4338320079591,0.5355214751246159,0.9967864591701929,0.0032135408298070755,0.9999776389557117,0.9996035988887786,0.005696312361704857
29,3.4011442103967075e-08,3.0896360952173163e-12,126.27599275434585,0.5349275950709388,0.9972057298943412,0.0027942701056588265,0.9999814506760797,0.9996638599038603,0.004990841106639267
30,3.4011442103967075e-08,2.9047046628118994e-12,124.5427473435355,0.5344065014566403,0.9975606777185735,0.002439322281426489,0.9999847580558446,0.9997153939195889,0.004404760132804975
31,3.4011442103967075e-08,3.1607103895324954e-12,122.67061652931218,0.5338404859790401,0.9978657557641261,0.002134244235873897,0.999987355388824,0.9997580427817766,0.0038690630637037127
32,3.4011442103967075e-08,2.9412349998175615e-12,121.15124851027247,0.5333093663256858,0.9981523442311604,0.0018476557688396436,0.9999896600900324,0.9997972707085637,0.003307928090543776
33,3.4011442103967075e-08,3.372197348476383e-12,119.28656105636891,0.5327682206332759,0.998405338956943,0.00159466104305702,0.9999916492994436,0.9998305881969664,0.0028476958812938854
34,3.4011442103967075e-08,3.0064901633160033e-12,117.79433267340792,0.532269392638179,0.9986042972384642,0.0013957027615357392,0.9999929492209257,0.999854193035587,0.0025395241662303785
35,3.4011442103967075e-08,3.204401681398076e-12,116.17031622552511,0.5319067625242806,0.9987885419821505,0.0012114580178494746,0.9999942779015918,0.9998779530723311,0.002211651562359119
36,3.4011442103967075e-08,3.3875011339609862e-12,114.39489573611381,0.5314321532728767,0.9989350263190035,0.0010649736809964373,0.9999951320355301,0.9998955923737542,0.0019269048322015888
37,3.4011442103967075e-08,3.1832800356550796e-12,112.82086272092116,0.5309402263176494,0.9990838544052463,0.0009161455947537514,0.9999958781740627,0.9999103330987693,0.0016546683420340966
38,3.4011442103967075e-08,2.7667780250286053e-12,111.79502694739251,0.5304548097773932,0.999193489793362,0.000806510206637967,0.9999964195654906,0.9999209001529867,0.0014889322349756632
39,3.4011442103967075e-08,3.5361952066155267e-12,109.93300308047682,0.5300015546870951,0.9992910158096313,0.0007089841903687005,0.9999969554245223,0.9999323249660501,0.0012977513951549756
40,3.4011442103967075e-08,3.709620476292292e-12,108.11359952174548,0.5295165287717373,0.9993778647453477,0.0006221352546522775,0.9999975247576739,0.9999431170067196,0.0011256168363677668
41,3.4011442103967075e-08,2.839129091089199e-12,107.20889593791512,0.5292203048905456,0.999467448055352,0.0005325519446479311,0.999997896771877,0.9999513630628344,0.0009768179500126229
42,3.4011442103967075e-08,2.6306491453099593e-12,106.41271466773516,0.5287631435512647,0.9995334636631605,0.0004665363368394956,0.9999980391354535,0.9999561822159919,0.0008711739467310877
43,3.4011442103967075e-08,2.957687935015247e-12,105.57061820440912,0.528325643665197,0.9995936198974948,0.00040638010250518167,0.9999984225372064,0.9999633403168877,0.000754558375136946
44,3.4011442103967075e-08,3.169122853542782e-12,104.48163436703874,0.5282093676538105,0.9996445313425699,0.0003554686574300371,0.9999987284668418,0.9999689691996376,0.0006652426365151258
45,3.4011442103967075e-08,3.063600361142085e-12,103.46819972040336,0.5278476489980081,0.9996802084166124,0.0003197915833876085,0.9999988692257995,0.9999732518224744,0.0005809552730012872
46,3.4011442103967075e-08,2.9777601104098375e-12,102.6316733160584,0.5274080657791496,0.9997220052807277,0.0002779947192722085,0.9999989850073984,0.9999762325844304,0.000509142573334351
47,3.4011442103967075e-08,2.9653776523993746e-12,101.71054927275,0.5271094981485682,0.9997570313132731,0.0002429686867269045,0.9999991559898227,0.9999798025304396,0.00044339732089837314
48,3.4011442103967075e-08,2.5176132158601903e-12,101.09083402572253,0.5267928315643667,0.99978489588935,0.00021510411064997118,0.9999992647171914,0.999981816317603,0.00038322407587737176
49,3.4011442103967075e-08,2.4381983594601954e-12,100.39439771127563,0.5265098889297164,0.9998096354662408,0.000190364533759236,0.9999993665912158,0.9999838555450337,0.0003530315809323935
50,3.4011442103967075e-08,2.9801501794145237e-12,99.50557878755109,0.5263028577336308,0.9998347656680298,0.00016523433197022605,0.9999994746296169,0.9999862117390853,0.0003025537142975268
51,3.4011442103967075e-08,3.2429826435515e-12,98.36580518333604,0.5260042901030495,0.9998536458714464,0.00014635412855361235,0.9999995598950544,0.9999878812700403,0.00028147270257619373
52,3.4011442103967075e-08,3.068734180704997e-12,97.5871034231345,0.5256887953935429,0.999874348991055,0.00012565100894504976,0.9999995674381711,0.999988716674412,0.0002487297533580527
53,3.4011442103967075e-08,3.2685021652027966e-12,96.7196118474561,0.5256066339566058,0.9998876302375963,0.0001123697624037077,0.9999996582852987,0.9999906246388478,0.00022301268902362318
54,3.4011442103967075e-08,3.5143002089337847e-12,95.51395299862061,0.5252891861226078,0.999901953150533,9.804684946696628e-05,0.9999997465975058,0.9999924383060576,0.00019030017280369758
55,3.4011442103967075e-08,3.0063759196056035e-12,94.70382303631904,0.5250157486938154,0.9999125000227864,8.74999772135476e-05,0.9999997814407617,0.9999935521897285,0.00016366422172710906
56,3.4011442103967075e-08,2.9144777782572505e-12,93.98701319028076,0.5247089779403703,0.999922786478441,7.721352155897877e-05,0.9999998194041365,0.9999943549639949,0.00014526241523655367
57,3.4011442103967075e-08,3.5617786385959224e-12,93.07294199001294,0.5245318946531524,0.9999334635589938,6.653644100613515e-05,0.9999998485924735,0.9999953546917627,0.00011646135625377994
58,3.4011442103967075e-08,3.1718427094181354e-12,92.249790996436,0.5242329363976728,0.9999425781399536,5.7421860046390616e-05,0.9999998786934812,0.9999960707944884,0.00010113327977383939
59,3.4011442103967075e-08,3.431542885793997e-12,91.33613796926083,0.5240343687410498,0.9999502604296197,4.973957038032021e-05,0.9999998991883928,0.9999967487937015,8.536923523465611e-05
60,3.4011442103967075e-08,2.718297663048918e-12,90.87353323323248,0.5237591083960655,0.9999539062620035,4.6093737996422397e-05,0.999999915334444,0.999997199090637,7.884701330814879e-05
61,3.4011442103967075e-08,3.490703814941096e-12,89.97672598720652,0.5236343688452164,0.9999579427192857,4.205728071424981e-05,0.9999999384961702,0.9999977465836369,6.858826763933086e-05
62,3.4011442103967075e-08,2.8416965481200438e-12,89.51291709131756,0.5233880147427045,0.9999645833425564,3.541665744357879e-05,0.9999999474044926,0.9999981303407324,5.4240174740749894e-05
63,3.4011442103967075e-08,2.777450377129755e-12,88.99129980626049,0.5232907491430341,0.9999688802164375,3.111978356255636e-05,0.9999999577700981,0.9999983818615902,5.2259285376243214e-05
64,3.4011442103967075e-08,3.08239750273021e-12,88.3583606877273,0.5229799419323068,0.9999725260488214,2.7473951178658548e-05,0.9999999539658464,0.9999983074691854,5.267033927930289e-05
65,3.4011442103967075e-08,3.0633417724789982e-12,87.79676712976965,0.5229005148696576,0.9999755208397081,2.447916029188534e-05,0.9999999607823917,0.9999984626628822,5.1979883179828964e-05
66,3.4011442103967075e-08,2.8623563275996883e-12,87.31258333752473,0.5226890565913915,0.9999782552139961,2.1744786003961977e-05,0.9999999699327199,0.9999987398447511,4.20309063949989e-05
67,3.4011442103967075e-08,3.132372151037311e-12,86.68341159688852,0.5226071555710532,0.9999817708380805,1.8229161919489082e-05,0.9999999750848778,0.9999990195798631,3.4456938812412586e-05
68,3.4011442103967075e-08,3.1545717836868038e-12,86.0605889815008,0.5224296816589371,0.999984375004069,1.5624995930990643e-05,0.9999999767261892,0.9999991343598262,2.6538547377564064e-05
69,3.4011442103967075e-08,2.8617520324246875e-12,85.48685757675808,0.5222964785686254,0.9999855468787638,1.4453121236166345e-05,0.9999999785552002,0.999999222768954,2.2214342656375877e-05
70,3.4011442103967075e-08,3.1832368357524867e-12,84.83381939786395,0.5220148380169692,0.9999880208364529,1.1979163547092827e-05,0.9999999782051849,0.9999992200485587,2.0522778810633874e-05
71,3.4011442103967075e-08,2.5516543653051605e-12,84.54342022680552,0.5217921818249527,0.9999890625028484,1.093749715169345e-05,0.9999999838423813,0.9999993591323314,1.9822591995273008e-05
72,3.4011442103967075e-08,2.9126058258169096e-12,84.04745957678037,0.5217450464205609,0.9999898437526449,1.0156247355143918e-05,0.9999999842101651,0.9999994708205704,1.58876881783132e-05
73,3.4011442103967075e-08,3.3319374497542112e-12,83.49738948532517,0.5215443954311471,0.9999907552107409,9.244789259169464e-06,0.9999999882807334,0.9999995644179741,1.5088065929217728e-05
74,3.4011442103967075e-08,3.016077437078981e-12,82.98250182570683,0.5212972600788385,0.9999917968771362,8.203122863770088e-06,0.9999999895320004,0.9999995516713697,1.4298067852456182e-05
75,3.4011442103967075e-08,3.5477335414683306e-12,82.1669114539734,0.5212430934262777,0.9999924479186334,7.552081366645478e-06,0.9999999871495684,0.9999994801927689,1.4554162848784579e-05
76,3.4011442103967075e-08,3.0888287037983947e-12,81.57024902220832,0.521182806983644,0.9999930989601304,6.901039869520867e-06,0.9999999864570372,0.9999994547135986,1.5172982280194326e-05
77,3.4011442103967075e-08,2.78061778993506e-12,81.31492970203148,0.5209726507883722,0.9999941406265259,5.859373474121491e-06,0.9999999912064312,0.9999995824868965,1.3167679852376038e-05
78,3.4011442103967075e-08,2.7709803957393003e-12,80.93331351748101,0.5208533799860989,0.9999941406265259,5.859373474121491e-06,0.9999999908178758,0.9999995886557056,1.5631924391345984e-05
79,3.4011442103967075e-08,2.994588418751021e-12,80.42256321136387,0.5207283800186511,0.9999950520846218,4.947915378147037e-06,0.9999999910399785,0.9999995892524545,1.3651755220422536e-05
80,3.4011442103967075e-08,3.1351481504760576e-12,79.78631979627437,0.5207346300170235,0.9999959635427178,4.036457282172583e-06,0.999999994341913,0.9999997170342209,1.0435765750680957e-05
81,3.4011442103967075e-08,3.4907579785862234e-12,79.15646774294355,0.5204509061325765,0.999995703126119,4.296873881022427e-06,0.9999999934213588,0.9999997181241783,1.1341907805463152e-05
82,3.4011442103967075e-08,2.3539526888054114e-12,78.88224309484177,0.5203062447119154,0.9999970052091133,2.9947908867732067e-06,0.9999999973905076,0.9999998554560463,6.9727982706055755e-06
83,3.4011442103967075e-08,3.460031793240191e-12,78.26648151960475,0.5201903593254272,0.999996614584215,3.3854157850479728e-06,0.9999999971270254,0.9999998735852279,5.693221565963145e-06
84,3.4011442103967075e-08,3.2686786181781387e-12,77.80575714454977,0.5200042916655491,0.999997526042311,2.4739576890735183e-06,0.9999999971593164,0.9999998855131134,4.221345357830942e-06
85,3.4011442103967075e-08,3.3162423569568003e-12,77.31020089811699,0.5198894479454562,0.9999976562506103,2.3437493896485964e-06,0.9999999979218371,0.999999903277964,3.7243240491423587e-06
86,3.4011442103967075e-08,3.185491418669648e-12,76.86730281172598,0.5197331979861464,0.9999980468755086,1.9531244913738304e-06,0.9999999976640391,0.9999998979790102,3.0257436601579764e-06
87,3.4011442103967075e-08,2.977456042665757e-12,76.41263479420819,0.5197186146566107,0.999998177083808,1.8229161919489083e-06,0.9999999981707568,0.9999999143916439,2.445025988596436e-06
88,3.4011442103967075e-08,3.674759585110457e-12,75.70588710952953,0.5196860625817545,0.9999979166672092,2.0833327907987522e-06,0.9999999993510787,0.9999999593585528,1.8279820516092978e-06
89,3.4011442103967075e-08,2.8763819925338426e-12,75.36816855892212,0.5195376251204101,0.9999977864589098,2.2135410902236746e-06,0.9999999968640745,0.9999998693770856,3.857664982427121e-06
90,3.4011442103967075e-08,3.5191653505978104e-12,74.88984563441188,0.5194837188844482,0.999997526042311,2.4739576890735183e-06,0.9999999982750305,0.9999998951753433,6.215251198879142e-06
91,3.4011442103967075e-08,3.721737678157438e-12,74.27233493216052,0.5193348907982055,0.999998177083808,1.8229161919489083e-06,0.9999999973337378,0.9999998943732733,4.952765938345713e-06
92,3.4011442103967075e-08,3.087745463974172e-12,73.78457440701315,0.5192854116444241,0.999998437500407,1.5624995930990643e-06,0.9999999983276248,0.9999999185377149,3.751577859983612e-06
93,3.4011442103967075e-08,3.1026500520974065e-12,73.44137792401543,0.5191281200187188,0.9999986979170058,1.3020829942492203e-06,0.999999999261354,0.9999999590427802,1.6998644294389704e-06
94,3.4011442103967075e-08,2.991383239128827e-12,73.07250536110385,0.5190736929495591,0.9999985677087063,1.4322912936741422e-06,0.9999999996457455,0.9999999752764126,2.146512498670846e-06
95,3.4011442103967075e-08,3.147393856807555e-12,72.73330745514646,0.5188709586273546,0.9999986979170058,1.3020829942492203e-06,0.9999999998356115,0.999999983007492,1.7593633454982446e-06
96,3.4011442103967075e-08,3.3577992134604516e-12,72.2783028921724,0.5187282503311849,0.9999989583336046,1.0416663953993761e-06,0.9999999999775587,0.999999996021281,4.1349275847821625e-07
97,3.4011442103967075e-08,2.899251700823788e-12,71.98485319956313,0.5185938753661783,0.9999992187502035,7.812497965495321e-07,0.9999999999755106,0.9999999953463051,1.3947572762046112e-06
98,3.4011442103967075e-08,2.8789314794092303e-12,71.68339853468848,0.5185540316265542,0.9999994791668023,5.208331976996881e-07,0.9999999983631742,0.9999999201857279,1.8748511077946194e-06
99,3.4011442103967075e-08,3.0634737976122453e-12,71.2640477918558,0.5184680941489338,0.9999996093751017,3.9062489827476607e-07,0.9999999993096842,0.999999955278537,1.4168865718311268e-06
100,3.4011442103967075e-08,3.0958812413373178e-12,70.99666993417407,0.5184281202010104,0.9999996093751017,3.9062489827476607e-07,0.9999999963664341,0.9999998757690509,2.020843456690073e-06
101,3.4011442103967075e-08,3.185163961412679e-12,70.61016618885681,0.5183283806436508,0.9999997395834012,2.6041659884984403e-07,0.9999999974796561,0.9999998981421034,2.281999942572707e-06
102,3.4011442103967075e-08,3.398919553358804e-12,70.15510368539022,0.5182145785899535,0.9999997395834012,2.6041659884984403e-07,0.9999999983194467,0.9999999186508246,2.154492672492312e-06
103,3.4011442103967075e-08,2.887053561011149e-12,69.86014312234333,0.5180729119601791,0.9999996093751017,3.9062489827476607e-07,0.9999999992033134,0.999999954210935,1.440697638345818e-06
104,3.4011442103967075e-08,3.256062178360612e-12,69.50125242916604,0.5179971307299138,0.9999993489585028,6.510414971246102e-07,0.9999999993241312,0.9999999545883318,1.710751631389214e-06
105,3.4011442103967075e-08,2.533516675355928e-12,69.3110400302359,0.5178903599243855,0.9999994791668023,5.208331976996881e-07,0.9999999997765391,0.9999999784873446,1.044205176743367e-06
106,3.4011442103967075e-08,3.119625519705448e-12,68.99710731515775,0.5178385370212143,0.9999996093751017,3.9062489827476607e-07,0.9999999999426225,0.999999990001354,8.86626034254728e-07
107,3.4011442103967075e-08,3.1469646425925185e-12,68.64578025559402,0.5177917922417208,0.9999996093751017,3.9062489827476607e-07,0.9999999999966016,0.9999999984409945,8.432894390169801e-07
108,3.4011442103967075e-08,2.9381555720131436e-12,68.37479123252932,0.5177061151806992,0.9999998697917005,1.3020829942492202e-07,0.9999999999998078,0.999999999952148,5.906273026567134e-09
109,3.4011442103967075e-08,3.137299974016453e-12,68.0388720053322,0.5176104120806219,0.9999998697917005,1.3020829942492202e-07,0.9999999998865912,0.9999999930099625,2.0848464366407535e-07
110,3.4011442103967075e-08,3.9825109486149385e-12,67.50575287661933,0.5175075475240761,0.9999998697917005,1.3020829942492202e-07,0.9999999999511663,0.9999999956655202,1.8805418879305177e-07
111,3.4011442103967075e-08,2.453519084362494e-12,67.34428032443421,0.5173997350521523,0.9999998697917005,1.3020829942492202e-07,0.999999999988486,0.9999999981679086,1.439338529381655e-07
112,3.4011442103967075e-08,3.572421219856392e-12,66.9820891257121,0.5172837194573647,0.9999998697917005,1.3020829942492202e-07,0.999999999997113,0.9999999989014772,2.0789170018927816e-07
113,3.4011442103967075e-08,3.765992818453491e-12,66.4883202936167,0.5171473913678668,0.9999998697917005,1.3020829942492202e-07,0.9999999999999973,0.9999999999813912,6.72864030622454e-08
114,3.4011442103967075e-08,3.2979490544704297e-12,66.19833450694054,0.5170579382661619,0.9999998697917005,1.3020829942492202e-07,0.9999999999990159,0.9999999996522733,6.108702687983194e-08
115,3.4011442103967075e-08,2.640000429574952e-12,66.0239494152895,0.5169244747592514,1.0,0.0,1.0,1.0,0.0
116,3.4011442103967075e-08,3.4392781825694228e-12,65.6933359806996,0.5168977820578693,0.9999998697917005,1.3020829942492202e-07,0.9999999999999523,0.9999999998670753,1.8481551396903053e-07
117,3.4011442103967075e-08,3.1259474637804338e-12,65.46201802725098,0.5168666622743067,1.0,0.0,0.9999999999999999,1.0,0.0
118,3.4011442103967075e-08,3.2807681499805876e-12,65.16320828675148,0.5167283810603175,1.0,0.0,1.0000000000000002,1.0,0.0
119,3.4011442103967075e-08,3.3330620781496912e-12,64.76751762628184,0.5166658810765935,1.0,0.0,1.0000000000000002,1.0,0.0
120,3.4011442103967075e-08,3.3224919544335373e-12,64.44318808292755,0.5166351519179292,1.0,0.0,1.0,1.0,0.0
121,3.4011442103967075e-08,3.0773456409679983e-12,64.1524156463475,0.5165743446420977,1.0,0.0,0.9999999999999999,1.0,0.0
122,3.4011442103967075e-08,3.103001874636389e-12,63.88670975045267,0.5165345009024738,1.0,0.0,1.0000000000000002,1.0,0.0
123,3.4011442103967075e-08,3.1746515502016145e-12,63.60503474364868,0.5164110634346188,1.0,0.0,0.9999999999999999,1.0,0.0
124,3.4011442103967075e-08,3.166420117615405e-12,63.384087180480435,0.5163471311596013,1.0,0.0,1.0000000000000002,1.0,0.0
125,3.4011442103967075e-08,2.3476264326736286e-12,63.28901171775403,0.5162164020269786,1.0,0.0,0.9999999999999999,1.0,0.0
126,3.4011442103967075e-08,2.913638125256704e-12,63.10826721411841,0.5162204384842608,1.0,0.0,0.9999999999999999,1.0,0.0
127,3.4011442103967075e-08,2.8183963534708455e-12,62.9111506943444,0.5161303343410588,1.0,0.0,0.9999999999999999,1.0,0.0
128,3.4011442103967075e-08,2.81947140765184e-12,62.75092883677475,0.5159270791856565,1.0,0.0,1.0000000000000002,1.0,0.0
129,3.4011442103967075e-08,2.9371358591083674e-12,62.547045747522084,0.5159679645916759,1.0,0.0,1.0,1.0000000000000002,0.0
130,3.4011442103967075e-08,3.274726341073448e-12,62.259717024227704,0.5159203083540864,1.0,0.0,1.0000000000000002,1.0000000000000002,0.0
131,3.4011442103967075e-08,2.8409346048076233e-12,62.08631811101194,0.5159171833549002,1.0,0.0,0.9999999999999999,1.0,0.0
132,3.4011442103967075e-08,2.937681552226347e-12,61.884070426471425,0.5158649698268307,1.0,0.0,0.9999999999999999,1.0,0.0
133,3.4011442103967075e-08,3.4532206026714614e-12,61.57856002961653,0.5158152302564505,1.0,0.0,1.0000000000000002,1.0,0.0
134,3.4011442103967075e-08,3.299391305478185e-12,61.36095387850001,0.5156567667560503,1.0,0.0,0.9999999999999999,1.0,0.0
135,3.4011442103967075e-08,3.056494574878516e-12,61.153550722456075,0.5156722615436818,1.0,0.0,1.0000000000000002,1.0,0.0
136,3.4011442103967075e-08,2.8784043999532502e-12,60.978997595164195,0.5156031209366873,1.0,0.0,0.9999999999999999,1.0,0.0
137,3.4011442103967075e-08,2.9022453087571586e-12,60.81961201757111,0.5155180949171628,1.0,0.0,0.9999999999999999,1.0,0.0
138,3.4011442103967075e-08,2.9216034412087325e-12,60.65280605869703,0.5155503865754202,1.0,0.0,1.0,1.0,0.0
139,3.4011442103967075e-08,2.807899280081971e-12,60.49916018672775,0.5155555949073971,1.0,0.0,1.0,1.0,0.0
140,3.4011442103967075e-08,2.836496919789428e-12,60.3132834151257,0.5154701782629744,1.0,0.0,1.0000000000000002,1.0,0.0
141,3.4011442103967075e-08,2.6152558323251003e-12,60.18258109220206,0.5154850220091088,1.0,0.0,1.0000000000000002,1.0,0.0
142,3.4011442103967075e-08,2.5996311747793207e-12,60.054228723620405,0.5153419230880408,1.0,0.0,0.9999999999999999,1.0,0.0
143,3.4011442103967075e-08,3.1530196600363327e-12,59.84914675491996,0.5153424439212385,1.0,0.0,1.0,1.0,0.0
144,3.4011442103967075e-08,3.028362732863943e-12,59.66906723140234,0.515340751213346,1.0,0.0,1.0000000000000002,1.0,0.0
145,3.4011442103967075e-08,3.2014799224701337e-12,59.45495380980152,0.5152747356055376,1.0,0.0,0.9999999999999999,1.0,0.0
146,3.4011442103967075e-08,3.3433077125783726e-12,59.22440477815915,0.5152723918561479,1.0,0.0,0.9999999999999998,1.0000000000000002,0.0
147,3.4011442103967075e-08,2.979413796916453e-12,59.04418348111114,0.5152226522857676,1.0,0.0,1.0000000000000002,1.0000000000000002,0.0
148,3.4011442103967075e-08,2.6932495611906157e-12,58.899294323843456,0.5152075481230344,1.0,0.0,1.0,1.0,0.0
149,3.4011442103967075e-08,2.9400171457861366e-12,58.74224487511523,0.5150639283687687,1.0,0.0,0.9999999999999999,1.0,0.0
150,3.4011442103967075e-08,3.5530906378183108e-12,58.478276058303685,0.5149600221458276,1.0,0.0,1.0,1.0,0.0
151,3.4011442103967075e-08,3.0861877238639427e-12,58.26927235304863,0.5149943971368758,1.0,0.0,1.0000000000000002,1.0,0.0
152,3.4011442103967075e-08,3.1630875093681777e-12,58.06088716113864,0.5149347617357392,1.0,0.0,1.0,1.0,0.0
153,3.4011442103967075e-08,3.77447134356373e-12,57.75657936619074,0.5147730430278534,1.0,0.0,0.9999999999999999,1.0,0.0
154,3.4011442103967075e-08,2.7344607320720486e-12,57.643192298596695,0.5147302044973425,1.0,0.0,1.0000000000000002,1.0,0.0
155,3.4011442103967075e-08,2.9218329988999806e-12,57.47201543630388,0.5146649701393307,1.0,0.0,0.9999999999999999,1.0,0.0
156,3.4011442103967075e-08,2.966664044840129e-12,57.30709476863636,0.5147281211645518,1.0,0.0,1.0,1.0,0.0
157,3.4011442103967075e-08,2.8123366218780917e-12,57.18561993701,0.5146160118187469,1.0,0.0,1.0000000000000002,1.0,0.0
158,3.4011442103967075e-08,3.171698821724532e-12,56.97143596130257,0.5145973920319291,1.0,0.0,1.0,1.0,0.0
159,3.4011442103967075e-08,3.072053021421463e-12,56.8115959072735,0.5144880170604123,1.0,0.0,1.0000000000000002,1.0,0.0
160,3.4011442103967075e-08,3.7340532123516605e-12,56.515563879944565,0.5144730431059784,1.0,0.0,1.0,1.0,0.0
161,3.4011442103967075e-08,3.2409395906400554e-12,56.33228370266433,0.514478772271153,1.0,0.0,1.0000000000000002,1.0,0.0
162,3.4011442103967075e-08,2.968552214882411e-12,56.181409704476366,0.5143115848146914,1.0,0.0,0.9999999999999999,1.0000000000000002,0.0
163,3.4011442103967075e-08,3.0758935085575358e-12,56.02200212324857,0.514342704598254,1.0,0.0,0.9999999999999999,1.0,0.0
164,3.4011442103967075e-08,3.213692556342716e-12,55.822557516286,0.5143658816755516,1.0,0.0,1.0,1.0,0.0
165,3.4011442103967075e-08,2.9151587525281357e-12,55.70144173373779,0.5143394493907684,1.0,0.0,1.0,1.0,0.0
166,3.4011442103967075e-08,3.1399693307356033e-12,55.51873175195184,0.5142942671108679,1.0,0.0,1.0,1.0,0.0
167,3.4011442103967075e-08,2.7071878005409784e-12,55.39088657037867,0.5142188765055009,1.0,0.0,1.0,1.0,0.0
168,3.4011442103967075e-08,2.865733767242016e-12,55.252472058759885,0.5142229129627831,1.0,0.0,1.0000000000000002,1.0,0.0
169,3.4011442103967075e-08,3.40840374168946e-12,55.03540400351359,0.514191011929424,1.0,0.0,1.0000000000000002,1.0,0.0
170,3.4011442103967075e-08,3.1635021625236656e-12,54.90810183764859,0.5141059859098995,1.0,0.0,1.0,1.0,0.0
171,3.4011442103967075e-08,3.1241752846762847e-12,54.739965110643084,0.5140244755144595,1.0,0.0,1.0,1.0,0.0
172,3.4011442103967075e-08,3.21550335913707e-12,54.55610656091132,0.5140798140417151,1.0,0.0,1.0,1.0,0.0
173,3.4011442103967075e-08,3.353294677246851e-12,54.36343261741071,0.5140121057260141,1.0,0.0,1.0000000000000002,1.0,0.0
174,3.4011442103967075e-08,2.725408879191848e-12,54.2594906790811,0.5139762984436723,1.0,0.0,1.0000000000000002,1.0,0.0
175,3.4011442103967075e-08,3.1058785680683372e-12,54.07723894162221,0.5139088505445701,1.0,0.0,0.9999999999999999,1.0000000000000002,0.0
176,3.4011442103967075e-08,2.996411640099211e-12,53.94905429661872,0.5138097620287078,1.0,0.0,1.0,1.0,0.0
177,3.4011442103967075e-08,2.8687775092389253e-12,53.83057344987019,0.5137441370457977,1.0,0.0,1.0000000000000002,1.0000000000000002,0.0
178,3.4011442103967075e-08,3.9262696920502586e-12,53.56872646995218,0.5137153610116247,1.0,0.0,0.9999999999999999,1.0,0.0
179,3.4011442103967075e-08,3.1543089440892015e-12,53.421080138101125,0.5136516891532059,1.0,0.0,1.0000000000000002,1.0,0.0
180,3.4011442103967075e-08,3.40050996253127e-12,53.2613648665444,0.5136917933094288,1.0,0.0,1.0000000000000002,1.0,0.0
181,3.4011442103967075e-08,3.700140360708177e-12,53.05156402973963,0.5136576787349795,1.0,0.0,0.9999999999999999,1.0,0.0
182,3.4011442103967075e-08,3.387947640973393e-12,52.87131035690938,0.5135850225039004,1.0,0.0,1.0,1.0,0.0
183,3.4011442103967075e-08,3.4644830758522807e-12,52.68027539556271,0.5134792933647674,1.0,0.0,1.0,1.0,0.0
184,3.4011442103967075e-08,3.597254127696344e-12,52.4507779800149,0.5134908819034162,1.0,0.0,0.9999999999999999,1.0,0.0
185,3.4011442103967075e-08,4.074702875202304e-12,52.20580072331352,0.5133776006829165,1.0,0.0,1.0000000000000002,1.0,0.0
186,3.4011442103967075e-08,3.735789541016505e-12,51.98375595671309,0.5134645798269324,1.0,0.0,1.0,1.0,0.0
187,3.4011442103967075e-08,3.668205829719309e-12,51.77104324668191,0.513396741302932,1.0,0.0,1.0,1.0000000000000002,0.0
188,3.4011442103967075e-08,3.296646423863615e-12,51.630511684535115,0.5133959600531354,1.0,0.0,1.0000000000000002,1.0,0.0
189,3.4011442103967075e-08,3.5323281235597205e-12,51.451851429837596,0.5133393194428856,1.0,0.0,1.0000000000000002,1.0,0.0
190,3.4011442103967075e-08,3.4703620491297084e-12,51.27294179228566,0.5133408819424786,1.0,0.0,1.0,1.0,0.0
191,3.4011442103967075e-08,3.3171216337080345e-12,51.10895749988253,0.5132988246617645,1.0,0.0,1.0,1.0,0.0
192,3.4011442103967075e-08,3.241669197483378e-12,50.96801328218512,0.5133386684013884,1.0,0.0,1.0,1.0,0.0
193,3.4011442103967075e-08,2.871758948560061e-12,50.856415077173885,0.5132675746699025,1.0,0.0,1.0,1.0,0.0
194,3.4011442103967075e-08,3.4899275140648327e-12,50.67634937135552,0.5131667934461476,1.0,0.0,1.0000000000000002,1.0,0.0
195,3.4011442103967075e-08,3.4997066181813615e-12,50.5031148107938,0.513142704910754,1.0,0.0,0.9999999999999999,1.0,0.0
196,3.4011442103967075e-08,3.2491455143068363e-12,50.363963300013985,0.5131524705332108,1.0,0.0,0.9999999999999999,1.0,0.0
197,3.4011442103967075e-08,3.304673283819193e-12,50.22997767339957,0.5131131476267845,1.0,0.0,1.0000000000000002,1.0,0.0
198,3.4011442103967075e-08,3.5906455771065654e-12,50.06258953086558,0.5131101528358977,1.0,0.0,1.0,1.0,0.0
199,3.4011442103967075e-08,2.5896255228654653e-12,50.005884611719175,0.5130653611808955,1.0,0.0,0.9999999999999999,1.0,0.0
200,3.4011442103967075e-08,2.9993327877100282e-12,49.89924057302464,0.5130373663965192,1.0,0.0,1.0000000000000002,1.0,0.0
201,3.4011442103967075e-08,3.015472666526201e-12,49.79340636626339,0.513017704943306,1.0,0.0,1.0,1.0,0.0
202,3.4011442103967075e-08,2.5902241879928456e-12,49.717671008399904,0.5129124966373707,1.0,0.0,1.0000000000000002,1.0,0.0
203,3.4011442103967075e-08,3.24647912978626e-12,49.60279596357848,0.512931897673985,1.0,0.0,0.9999999999999999,1.0,0.0
204,3.4011442103967075e-08,3.190011244288372e-12,49.50165120137299,0.5128567674852168,1.0,0.0,1.0,1.0,0.0
205,3.4011442103967075e-08,2.789758515882727e-12,49.431581268182995,0.5128042935405486,1.0,0.0,0.9999999999999999,1.0,0.0
206,3.4011442103967075e-08,2.961274644265087e-12,49.323352906029925,0.5126489550393346,1.0,0.0,1.0,1.0,0.0
207,3.4011442103967075e-08,3.1000797337968753e-12,49.209035940972164,0.5126813769058914,1.0,0.0,1.0,1.0,0.0
208,3.4011442103967075e-08,3.0894089823512725e-12,49.0930624732961,0.5125532519392573,1.0,0.0,1.0000000000000002,1.0,0.0
209,3.4011442103967075e-08,2.9024989038996735e-12,49.00914532399203,0.5125264290295758,1.0,0.0,1.0,1.0,0.0
210,3.4011442103967075e-08,3.0114163028010674e-12,48.911815602734826,0.5125193977814069,1.0,0.0,1.0,1.0,0.0
211,3.4011442103967075e-08,3.2635837493144036e-12,48.79192551760673,0.5125152311158252,1.0,0.0,1.0,1.0,0.0
212,3.4011442103967075e-08,3.248593999040995e-12,48.666209645522855,0.5125061165348654,1.0,0.0,1.0000000000000002,1.0,0.0
213,3.4011442103967075e-08,3.4302982442601293e-12,48.53186746215903,0.5125022102858827,1.0,0.0,1.0000000000000002,1.0,0.0
214,3.4011442103967075e-08,2.8926888612004342e-12,48.45507796661816,0.5123858040661968,1.0,0.0,1.0000000000000002,1.0,0.0
215,3.4011442103967075e-08,2.7595550964515555e-12,48.39997120365214,0.5123592415731142,1.0,0.0,1.0,1.0,0.0
216,3.4011442103967075e-08,3.3761911836365106e-12,48.2904231581024,0.512388278023886,1.0,0.0,1.0,1.0,0.0
217,3.4011442103967075e-08,3.0974488159683336e-12,48.16790996128737,0.5123774707350337,1.0,0.0,0.9999999999999999,1.0,0.0
218,3.4011442103967075e-08,3.0641450226738243e-12,48.056111557306956,0.5123677051125768,1.0,0.0,0.9999999999999999,1.0,0.0
219,3.4011442103967075e-08,2.7922072582229398e-12,47.98333749212018,0.5122923145072098,1.0,0.0,1.0,1.0,0.0
220,3.4011442103967075e-08,2.841353269726513e-12,47.91018748121384,0.5122752572199851,1.0,0.0,1.0,1.0,0.0
221,3.4011442103967075e-08,3.1400594443633348e-12,47.801467901016814,0.5122437468115243,1.0,0.0,0.9999999999999999,1.0,0.0
222,3.4011442103967075e-08,2.8171360164040097e-12,47.72637910221358,0.5121928353664491,1.0,0.0,0.9999999999999999,1.0,0.0
223,3.4011442103967075e-08,3.4087257958467526e-12,47.59356591728263,0.5122565072248679,1.0,0.0,1.0,1.0,0.0
224,3.4011442103967075e-08,3.202850161670554e-12,47.4803859386221,0.5122316374396777,1.0,0.0,1.0000000000000002,1.0,0.0
225,3.4011442103967075e-08,3.009462976114943e-12,47.38176238353196,0.5122515593094897,1.0,0.0,0.9999999999999999,1.0,0.0
226,3.4011442103967075e-08,2.651272560572802e-12,47.31841568980221,0.5122063770295893,1.0,0.0,0.9999999999999999,1.0,0.0
227,3.4011442103967075e-08,3.3221129324173862e-12,47.189225424521986,0.5121157520531896,1.0,0.0,1.0000000000000002,1.0000000000000002,0.0
228,3.4011442103967075e-08,3.2443598424011005e-12,47.07258422857159,0.5120635385251202,1.0,0.0,0.9999999999999999,1.0,0.0
229,3.4011442103967075e-08,2.849217163451675e-12,46.99242577570207,0.5120596322761374,1.0,0.0,0.9999999999999999,1.0,0.0
230,3.4011442103967075e-08,2.6964628698981463e-12,46.936370427752685,0.5120226531191008,1.0,0.0,1.0,1.0,0.0
231,3.4011442103967075e-08,2.6361914496035352e-12,46.86277978129907,0.5120480437374886,1.0,0.0,1.0,1.0,0.0
232,3.4011442103967075e-08,2.6875443047585303e-12,46.78788740890441,0.511998825000306,1.0,0.0,1.0,1.0,0.0
233,3.4011442103967075e-08,2.9673857384169526e-12,46.70059078369997,0.5119427052232538,1.0,0.0,0.9999999999999999,1.0,0.0
234,3.4011442103967075e-08,3.17271200392493e-12,46.5903936380586,0.5119104135649964,1.0,0.0,1.0000000000000002,1.0,0.0
235,3.4011442103967075e-08,2.978232980511608e-12,46.510393988131625,0.5118291635861553,1.0,0.0,1.0,1.0,0.0
236,3.4011442103967075e-08,3.113638965399013e-12,46.424065503265595,0.5118170542143088,1.0,0.0,1.0000000000000002,1.0,0.0
237,3.4011442103967075e-08,3.176798546088669e-12,46.32798871590364,0.5117820281817635,1.0,0.0,1.0000000000000002,1.0,0.0
238,3.4011442103967075e-08,3.1654542503175647e-12,46.23035744553426,0.5117541636056866,1.0,0.0,0.9999999999999999,1.0,0.0
239,3.4011442103967075e-08,3.026844737092201e-12,46.134251289545205,0.5117227834055251,1.0,0.0,0.9999999999999999,1.0,0.0
240,3.4011442103967075e-08,3.1779947434451553e-12,46.02624517337026,0.5117075490344924,1.0,0.0,1.0,1.0,0.0
241,3.4011442103967075e-08,3.388342406280186e-12,45.923623942510346,0.5116015594787605,1.0,0.0,0.9999999999999999,1.0,0.0
242,3.4011442103967075e-08,2.9408901980496678e-12,45.85072128894822,0.5115921844812019,1.0,0.0,0.9999999999999999,1.0,0.0
243,3.4011442103967075e-08,3.50023012078152e-12,45.72245540672469,0.5115559865739618,1.0,0.0,1.0000000000000002,1.0,0.0
244,3.4011442103967075e-08,2.7790884356596834e-12,45.66584000722938,0.5115690074039043,1.0,0.0,1.0000000000000002,1.0,0.0
245,3.4011442103967075e-08,3.0598055181909048e-12,45.59468068007391,0.5115497365755894,1.0,0.0,1.0000000000000002,1.0,0.0
246,3.4011442103967075e-08,3.0985701772299375e-12,45.507925224926254,0.5114222626504524,1.0,0.0,1.0000000000000002,1.0,0.0
247,3.4011442103967075e-08,3.2715934759921827e-12,45.39844211151359,0.5113576793339377,1.0,0.0,0.9999999999999999,1.0,0.0
248,3.4011442103967075e-08,2.669211469648985e-12,45.334772997040275,0.5114001272395502,1.0,0.0,1.0,1.0,0.0
249,3.4011442103967075e-08,3.2168933975354784e-12,45.22092494358687,0.5113981741150588,1.0,0.0,1.0,1.0,0.0
250,3.4011442103967075e-08,3.0206031237051453e-12,45.150071713721886,0.5114440074364563,1.0,0.0,1.0,1.0,0.0
251,3.4011442103967075e-08,2.7627517876020586e-12,45.0899729936127,0.511335413714736,1.0,0.0,1.0000000000000002,1.0,0.0
252,3.4011442103967075e-08,2.9411385593485676e-12,45.012459443197756,0.5113380178807245,1.0,0.0,1.0,1.0,0.0
253,3.4011442103967075e-08,3.515562648906494e-12,44.89991163212923,0.5113005178904901,1.0,0.0,0.9999999999999999,1.0,0.0
254,3.4011442103967075e-08,3.1593718774799064e-12,44.80574167425152,0.5112455699881329,1.0,0.0,0.9999999999999999,1.0,0.0
255,3.4011442103967075e-08,3.2813674973234883e-12,44.6838819660452,0.5112225231191346,1.0,0.0,1.0000000000000002,1.0,0.0
256,3.4011442103967075e-08,3.445786022449552e-12,44.575310479962,0.511208851247695,1.0,0.0,1.0,1.0,0.0
257,3.4011442103967075e-08,3.0599443495023407e-12,44.47607155382445,0.5112451793632345,1.0,0.0,1.0,1.0,0.0
258,3.4011442103967075e-08,3.4633977391391423e-12,44.35968206134045,0.5111837210459059,1.0,0.0,0.9999999999999999,1.0,0.0
259,3.4011442103967075e-08,3.0816588013873092e-12,44.28460227602389,0.5112010387497294,1.0,0.0,1.0,1.0,0.0
260,3.4011442103967075e-08,3.0729961627156665e-12,44.20407783557757,0.5110252575455059,1.0,0.0,1.0000000000000002,1.0,0.0
261,3.4011442103967075e-08,2.8919856137013215e-12,44.12327509559397,0.5110740856577902,1.0,0.0,0.9999999999999999,1.0,0.0
262,3.4011442103967075e-08,3.193621164957488e-12,44.02668096167047,0.5110140596317553,1.0,0.0,1.0,1.0,0.0
263,3.4011442103967075e-08,3.4333275948160128e-12,43.9184987505416,0.5110325492102736,1.0,0.0,0.9999999999999999,1.0,0.0
264,3.4011442103967075e-08,3.4574989828886155e-12,43.814955944239514,0.5110071585918858,1.0,0.0,1.0,1.0,0.0
265,3.4011442103967075e-08,2.6947141462679484e-12,43.75880964199608,0.5109988252607226,1.0,0.0,1.0000000000000002,1.0,0.0
266,3.4011442103967075e-08,3.203578816084793e-12,43.671471455965154,0.5109688773518548,1.0,0.0,0.9999999999999999,1.0,0.0
267,3.4011442103967075e-08,2.6276841918755447e-12,43.62982873144732,0.5109617158953865,1.0,0.0,1.0,1.0000000000000002,0.0
268,3.4011442103967075e-08,3.213191888690156e-12,43.548158351435056,0.5109065075764303,1.0,0.0,0.9999999999999999,1.0,0.0
269,3.4011442103967075e-08,2.7770904354632104e-12,43.48164319931926,0.510861976338027,1.0,0.0,1.0,1.0,0.0
270,3.4011442103967075e-08,2.8359755341476143e-12,43.41697264833938,0.5108597627969368,1.0,0.0,1.0000000000000002,1.0,0.0
271,3.4011442103967075e-08,2.9745508560273147e-12,43.341357821262555,0.5108053357277772,1.0,0.0,1.0,1.0,0.0
272,3.4011442103967075e-08,3.4527328409997628e-12,43.233324615146934,0.5108170544747254,1.0,0.0,1.0,1.0,0.0
273,3.4011442103967075e-08,3.284102380623972e-12,43.14765839038472,0.5108402315520231,1.0,0.0,1.0,1.0,0.0
274,3.4011442103967075e-08,3.166246534239037e-12,43.06614256367787,0.510783851358372,1.0,0.0,1.0,1.0,0.0
275,3.4011442103967075e-08,3.303229980835014e-12,42.984945797376234,0.510751950325013,1.0,0.0,1.0000000000000002,1.0,0.0
276,3.4011442103967075e-08,3.2135864854929604e-12,42.899489863343085,0.510704163879124,1.0,0.0,1.0000000000000002,1.0,0.0
277,3.4011442103967075e-08,2.981159169707017e-12,42.84336379674298,0.5107509086586175,1.0,0.0,1.0,1.0,0.0
278,3.4011442103967075e-08,3.3452048914053187e-12,42.76571292722403,0.5107472628262336,1.0,0.0,1.0,1.0,0.0
279,3.4011442103967075e-08,2.784456207395814e-12,42.714070243013865,0.5107136690849821,1.0,0.0,1.0,1.0,0.0
280,3.4011442103967075e-08,3.11334442316622e-12,42.64160463392222,0.5107794242761916,1.0,0.0,1.0000000000000002,1.0,0.0
281,3.4011442103967075e-08,3.273301536119673e-12,42.56551247917622,0.5107656221964526,1.0,0.0,1.0,1.0,0.0
282,3.4011442103967075e-08,3.3022404584638026e-12,42.4753859049704,0.510739710744867,1.0,0.0,1.0000000000000002,1.0,0.0
283,3.4011442103967075e-08,3.2123917094805957e-12,42.38264280219571,0.5106855440923063,1.0,0.0,0.9999999999999999,1.0,0.0
284,3.4011442103967075e-08,3.0901757820264228e-12,42.31149126666333,0.5106416638954,1.0,0.0,0.9999999999999999,1.0,0.0
285,3.4011442103967075e-08,3.702118178547163e-12,42.18177192382206,0.5107262992900262,1.0,0.0,0.9999999999999999,1.0,0.0
286,3.4011442103967075e-08,3.5580127553168222e-12,42.07275367257118,0.5106565076415345,1.0,0.0,1.0000000000000002,1.0,0.0
287,3.4011442103967075e-08,2.862833421313483e-12,42.00877712309417,0.5106399711875075,1.0,0.0,0.9999999999999999,1.0,0.0
288,3.4011442103967075e-08,3.3780150541217628e-12,41.92277651592017,0.510628773273757,1.0,0.0,0.9999999999999999,1.0,0.0
289,3.4011442103967075e-08,3.2230990152836277e-12,41.84552640016587,0.5105904920337261,1.0,0.0,0.9999999999999999,1.0,0.0
290,3.4011442103967075e-08,2.7558461314996407e-12,41.79526692020294,0.5105414035048428,1.0,0.0,0.9999999999999999,1.0,0.0
291,3.4011442103967075e-08,3.1470873293517465e-12,41.71770693568287,0.5105391899637526,1.0,0.0,1.0000000000000002,1.0,0.0
292,3.4011442103967075e-08,2.666137697584649e-12,41.68630987126716,0.510580075369772,1.0,0.0,0.9999999999999999,1.0,0.0
293,3.4011442103967075e-08,3.641333723358189e-12,41.58884055048398,0.5105713514137106,1.0,0.0,1.0,1.0,0.0
294,3.4011442103967075e-08,2.8088752710501986e-12,41.52842269808392,0.5105511691272997,1.0,0.0,0.9999999999999999,1.0,0.0
295,3.4011442103967075e-08,2.932030015914724e-12,41.46952944900005,0.5105266899670078,1.0,0.0,1.0,1.0,0.0
296,3.4011442103967075e-08,2.84244048353167e-12,41.416852958284004,0.5105045545561055,1.0,0.0,0.9999999999999999,1.0,0.0
297,3.4011442103967075e-08,2.604657799827145e-12,41.38140041300437,0.5104506483201436,1.0,0.0,1.0,1.0000000000000002,0.0
298,3.4011442103967075e-08,3.5502043496072658e-12,41.30316225957814,0.5104175754120898,1.0,0.0,1.0,1.0,0.0
299,3.4011442103967075e-08,3.0470287059832598e-12,41.238954484874185,0.5104848931028925,1.0,0.0,1.0000000000000002,1.0,0.0
300,3.4011442103967075e-08,2.73686575021251e-12,41.198288326209706,0.5105292941329963,1.0,0.0,1.0,1.0,0.0
301,3.4011442103967075e-08,3.227881685932156e-12,41.135673356145205,0.5104661431077753,1.0,0.0,0.9999999999999998,1.0000000000000002,0.0
302,3.4011442103967075e-08,3.3217225986832104e-12,41.056801607714384,0.5104226535357673,1.0,0.0,1.0000000000000002,1.0,0.0
303,3.4011442103967075e-08,2.9098277556384745e-12,41.00641712158093,0.5104074191647346,1.0,0.0,1.0,1.0,0.0
304,3.4011442103967075e-08,3.00050707011779e-12,40.95064568521351,0.5104468722794604,1.0,0.0,1.0000000000000002,1.0,0.0
305,3.4011442103967075e-08,3.4444447259816935e-12,40.87523794248843,0.5103490858465922,1.0,0.0,1.0000000000000002,1.0,0.0
306,3.4011442103967075e-08,3.2062756622910083e-12,40.810217952675224,0.5103282525186842,1.0,0.0,0.9999999999999999,1.0,0.0
307,3.4011442103967075e-08,2.8725940794789717e-12,40.7541540205572,0.5103127577310527,1.0,0.0,1.0,1.0,0.0
308,3.4011442103967075e-08,3.3357627174080562e-12,40.67795784902235,0.5102032525512363,1.0,0.0,1.0000000000000002,1.0,0.0
309,3.4011442103967075e-08,3.146944865446559e-12,40.62013361021512,0.5102501275390293,1.0,0.0,1.0,1.0,0.0
310,3.4011442103967075e-08,3.5348661769274323e-12,40.52217291402206,0.5102723931582309,1.0,0.0,1.0,1.0,0.0
311,3.4011442103967075e-08,3.672455050967754e-12,40.42711067683237,0.5102114556741001,1.0,0.0,0.9999999999999999,1.0,0.0
312,3.4011442103967075e-08,3.0130151811489485e-12,40.37597145953336,0.5102597629531868,1.0,0.0,1.0000000000000002,1.0,0.0
313,3.4011442103967075e-08,3.2003868501353422e-12,40.30530344452385,0.5102346327513977,1.0,0.0,0.9999999999999999,1.0,0.0
314,3.4011442103967075e-08,4.023129709518896e-12,40.19542932053609,0.510278512948304,1.0,0.0,1.0000000000000002,1.0,0.0
315,3.4011442103967075e-08,3.2587913368990703e-12,40.13340091390665,0.5101322890280497,1.0,0.0,1.0,1.0,0.0
316,3.4011442103967075e-08,3.7802728850326584e-12,40.04006873929052,0.5101796848490404,1.0,0.0,1.0,1.0,0.0
317,3.4011442103967075e-08,2.7121898024667865e-12,40.00487651188794,0.5101332004861457,1.0,0.0,1.0000000000000002,1.0,0.0
318,3.4011442103967075e-08,2.9422175700159054e-12,39.94502825066251,0.5100226536399339,1.0,0.0,1.0,1.0,0.0
319,3.4011442103967075e-08,3.3225547129727726e-12,39.87457305126749,0.5099958307302525,1.0,0.0,1.0,1.0,0.0
320,3.4011442103967075e-08,3.4584083149582086e-12,39.80779259640015,0.5100309869710972,1.0,0.0,0.9999999999999999,1.0,0.0
321,3.4011442103967075e-08,3.013438441692142e-12,39.75540126418613,0.5100618463380608,1.0,0.0,0.9999999999999998,1.0000000000000002,0.0
322,3.4011442103967075e-08,3.2101140136291127e-12,39.69194272522396,0.5100286432217075,1.0,0.0,1.0,1.0,0.0
323,3.4011442103967075e-08,2.7491009791534853e-12,39.643571604874495,0.5100587213388746,1.0,0.0,1.0,1.0000000000000002,0.0
324,3.4011442103967075e-08,3.1342845219514e-12,39.58428401539419,0.5100274713470127,1.0,0.0,1.0000000000000002,1.0,0.0
325,3.4011442103967075e-08,3.1874581785970955e-12,39.53219337951516,0.5099943984389588,1.0,0.0,1.0,1.0,0.0
326,3.4011442103967075e-08,3.0224588606785473e-12,39.48947857261224,0.5099756484438416,1.0,0.0,1.0000000000000002,1.0,0.0
327,3.4011442103967075e-08,2.9721575688453347e-12,39.43324569384522,0.5099088515862366,1.0,0.0,0.9999999999999999,1.0,0.0
328,3.4011442103967075e-08,3.3268178016657258e-12,39.3783696788445,0.5099011692965705,1.0,0.0,0.9999999999999999,1.0,0.0
329,3.4011442103967075e-08,3.162031320282355e-12,39.32306917584719,0.5098999974218756,1.0,0.0,1.0000000000000002,1.0,0.0
330,3.4011442103967075e-08,2.8660418413878046e-12,39.282625318031215,0.509870960971104,1.0,0.0,1.0,1.0,0.0
331,3.4011442103967075e-08,3.2738319888400963e-12,39.23826569330526,0.5098710911794033,1.0,0.0,1.0000000000000002,1.0,0.0
332,3.4011442103967075e-08,3.166397733839921e-12,39.17938672093299,0.5099260390817607,1.0,0.0,0.9999999999999999,1.0,0.0
333,3.4011442103967075e-08,3.231232267733203e-12,39.10983021146965,0.5099016901297682,1.0,0.0,1.0,1.0,0.0
334,3.4011442103967075e-08,3.0068540854364673e-12,39.04749263350787,0.5099707005284634,1.0,0.0,0.9999999999999999,1.0,0.0
335,3.4011442103967075e-08,3.172478283864395e-12,38.98581158078395,0.5099403619946974,1.0,0.0,1.0000000000000002,1.0,0.0
336,3.4011442103967075e-08,3.5896218478775515e-12,38.913237936165714,0.5099936171891621,1.0,0.0,0.9999999999999999,1.0,0.0
337,3.4011442103967075e-08,2.8743743916348785e-12,38.86372356945299,0.5099029922127625,1.0,0.0,1.0,1.0,0.0
338,3.4011442103967075e-08,2.839793174071741e-12,38.81467524093675,0.5099059870036492,1.0,0.0,0.9999999999999999,1.0,0.0
339,3.4011442103967075e-08,3.1363590387937687e-12,38.74362074487817,0.5098225234837178,1.0,0.0,0.9999999999999999,1.0,0.0
340,3.4011442103967075e-08,3.612202669685153e-12,38.656109208164565,0.5097859349515794,1.0,0.0,1.0,1.0000000000000002,0.0
341,3.4011442103967075e-08,3.021461415509881e-12,38.61364402227563,0.5097257787172451,1.0,0.0,1.0000000000000002,1.0,0.0
342,3.4011442103967075e-08,3.0200634354172464e-12,38.5683009842634,0.5097061172640319,1.0,0.0,1.0,1.0,0.0
343,3.4011442103967075e-08,3.5537293521973618e-12,38.50020328023564,0.5096941381004849,1.0,0.0,1.0,1.0,0.0
344,3.4011442103967075e-08,3.94486395585503e-12,38.39262464206054,0.5098343724389655,1.0,0.0,1.0000000000000002,1.0,0.0
345,3.4011442103967075e-08,3.0686866173254175e-12,38.34669503256288,0.5097578099589036,1.0,0.0,0.9999999999999999,1.0,0.0
346,3.4011442103967075e-08,3.3043749478837024e-12,38.28255340174888,0.509758200583802,1.0,0.0,1.0,1.0,0.0
347,3.4011442103967075e-08,3.54320757875836e-12,38.21582405791629,0.5097545547514181,1.0,0.0,1.0,1.0,0.0
348,3.4011442103967075e-08,3.605339104713881e-12,38.131115788917676,0.5097268203836405,1.0,0.0,0.9999999999999999,1.0,0.0
349,3.4011442103967075e-08,3.3798787937053725e-12,38.067740399438584,0.5097518203771301,1.0,0.0,1.0,1.0,0.0
350,3.4011442103967075e-08,2.971391200643758e-12,38.02392288425694,0.5097433568376675,1.0,0.0,1.0000000000000002,1.0,0.0
351,3.4011442103967075e-08,3.1613786213577525e-12,37.97604815555692,0.50970429434784,1.0,0.0,1.0,1.0,0.0
352,3.4011442103967075e-08,3.4656264393777254e-12,37.90707113426534,0.5096600235260356,1.0,0.0,1.0000000000000002,1.0,0.0
353,3.4011442103967075e-08,3.3724818277536677e-12,37.83692122446025,0.5097365860060974,1.0,0.0,0.9999999999999999,1.0,0.0
354,3.4011442103967075e-08,2.7912758969741186e-12,37.80359223169843,0.5097141901785963,1.0,0.0,1.0,1.0,0.0
355,3.4011442103967075e-08,2.8321281998351335e-12,37.76117140592478,0.509659242276239,1.0,0.0,1.0,1.0,0.0
356,3.4011442103967075e-08,3.3240502814922033e-12,37.69814234868692,0.5096637995667188,1.0,0.0,1.0,1.0,0.0
357,3.4011442103967075e-08,3.0135134618106247e-12,37.64682233427738,0.50964088290602,1.0,0.0,1.0000000000000002,1.0000000000000002,0.0
358,3.4011442103967075e-08,3.0078970828879487e-12,37.60467319245606,0.5097178360109802,1.0,0.0,0.9999999999999999,1.0,0.0
359,3.4011442103967075e-08,3.209308793141384e-12,37.547880015930204,0.5097326797571147,1.0,0.0,1.0000000000000002,1.0,0.0
360,3.4011442103967075e-08,2.9689940794135613e-12,37.51731424582781,0.5097296849662278,1.0,0.0,1.0000000000000002,1.0,0.0
361,3.4011442103967075e-08,2.799560880625236e-12,37.485597268257145,0.5097785130785122,1.0,0.0,0.9999999999999999,1.0,0.0
362,3.4011442103967075e-08,2.9768490772823146e-12,37.437086591172374,0.5097389297554871,1.0,0.0,1.0,1.0,0.0
363,3.4011442103967075e-08,3.0075253241384885e-12,37.3968425971866,0.509673955814074,1.0,0.0,0.9999999999999999,1.0,0.0
364,3.4011442103967075e-08,3.3419773122709953e-12,37.34636746876355,0.509650648528477,1.0,0.0,1.0000000000000002,1.0,0.0
365,3.4011442103967075e-08,2.597204663818321e-12,37.32491746808587,0.5096164037457281,1.0,0.0,0.9999999999999999,1.0,0.0
366,3.4011442103967075e-08,3.8440513126984025e-12,37.25643446661586,0.5095996068751024,1.0,0.0,1.0,1.0,0.0
367,3.4011442103967075e-08,2.7973779427470425e-12,37.220424364198834,0.5095637995927605,1.0,0.0,1.0,1.0,0.0
368,3.4011442103967075e-08,3.3183762152845287e-12,37.17033573877095,0.5096247370768914,1.0,0.0,1.0,1.0,0.0
369,3.4011442103967075e-08,3.855444869286979e-12,37.09358404575613,0.5095549454283996,1.0,0.0,0.9999999999999999,1.0,0.0
370,3.4011442103967075e-08,3.2268485964036806e-12,37.03529225746082,0.5095458308474399,1.0,0.0,1.0,1.0,0.0
371,3.4011442103967075e-08,3.2226663691187676e-12,36.981026632281775,0.5095394506407681,1.0,0.0,1.0000000000000002,1.0,0.0
372,3.4011442103967075e-08,2.98000114543544e-12,36.93623772192185,0.5094601537864183,1.0,0.0,1.0,1.0,0.0
373,3.4011442103967075e-08,3.175851445877771e-12,36.89031254226423,0.5095443985561462,1.0,0.0,1.0,1.0,0.0
374,3.4011442103967075e-08,3.4134382965762262e-12,36.83519344687704,0.5095204402290521,1.0,0.0,1.0,1.0,0.0
375,3.4011442103967075e-08,4.08398592088582e-12,36.74784470814657,0.5095542943869025,1.0,0.0,1.0,1.0,0.0
376,3.4011442103967075e-08,3.7038369807132646e-12,36.68231138902913,0.5095917943771369,1.0,0.0,1.0,1.0,0.0
377,3.4011442103967075e-08,3.126775160461733e-12,36.64152424830769,0.5095470027221347,1.0,0.0,1.0,1.0,0.0
378,3.4011442103967075e-08,3.497590062837596e-12,36.58375069322398,0.5095255183527296,1.0,0.0,1.0000000000000002,1.0,0.0
379,3.4011442103967075e-08,2.886135723636715e-12,36.55116137134891,0.5095111954397928,1.0,0.0,1.0000000000000002,1.0,0.0
380,3.4011442103967075e-08,3.079083289398704e-12,36.51201703212799,0.5095542943869025,1.0,0.0,0.9999999999999999,1.0,0.0
381,3.4011442103967075e-08,2.973238605599836e-12,36.46756207713759,0.5094994766928446,1.0,0.0,1.0,1.0000000000000002,0.0
382,3.4011442103967075e-08,3.0719118686599153e-12,36.42638600006526,0.5094524714967522,1.0,0.0,0.9999999999999999,1.0,0.0
383,3.4011442103967075e-08,2.964093537321671e-12,36.39363129456713,0.5094675756594855,1.0,0.0,1.0000000000000002,1.0,0.0
384,3.4011442103967075e-08,2.9790990659993136e-12,36.35101712548785,0.5093924454707173,1.0,0.0,0.9999999999999999,1.0,0.0
385,3.4011442103967075e-08,3.059254415388965e-12,36.31120920685865,0.5094334610850362,1.0,0.0,1.0,1.0,0.0
386,3.4011442103967075e-08,3.0485711364437356e-12,36.267611042351206,0.5094660131598924,1.0,0.0,0.9999999999999999,1.0,0.0
387,3.4011442103967075e-08,3.0257852083961678e-12,36.22644553085289,0.509405205884061,1.0,0.0,0.9999999999999999,1.0,0.0
388,3.4011442103967075e-08,2.91150644126808e-12,36.18972108597239,0.5093768204747864,1.0,0.0,1.0,1.0,0.0
389,3.4011442103967075e-08,4.130022824550235e-12,36.117390824038,0.5093414038173427,1.0,0.0,1.0000000000000002,1.0,0.0
390,3.4011442103967075e-08,2.8265403447422332e-12,36.07630036596726,0.5092916642469625,1.0,0.0,0.9999999999999999,1.0,0.0
391,3.4011442103967075e-08,3.549875244770402e-12,36.01630153272592,0.5091894507319139,1.0,0.0,1.0,1.0,0.0
392,3.4011442103967075e-08,3.0183213647642688e-12,35.97426960237032,0.5091712215699944,1.0,0.0,1.0000000000000002,1.0,0.0
393,3.4011442103967075e-08,2.674402722905711e-12,35.95420400305048,0.5092023413535569,1.0,0.0,1.0,1.0,0.0
394,3.4011442103967075e-08,3.1071921438101427e-12,35.90703665385932,0.5092316382209275,1.0,0.0,1.0,1.0,0.0
395,3.4011442103967075e-08,2.9834683755897518e-12,35.85715582875128,0.5091882788572191,1.0,0.0,1.0000000000000002,1.0,0.0
396,3.4011442103967075e-08,2.9042996195034234e-12,35.823990648412774,0.5090860653421705,1.0,0.0,0.9999999999999999,1.0,0.0
397,3.4011442103967075e-08,3.2953865666960843e-12,35.781501525545885,0.5091118465854566,1.0,0.0,0.9999999999999999,1.0,0.0
398,3.4011442103967075e-08,3.191594440130639e-12,35.737321591097675,0.5091832007335415,1.0,0.0,1.0000000000000002,1.0,0.0
399,3.4011442103967075e-08,2.870677930740714e-12,35.71060269852751,0.5091769507351691,1.0,0.0,1.0000000000000002,1.0,0.0
400,3.4011442103967075e-08,3.376237964981478e-12,35.65729511644247,0.5091483049092956,1.0,0.0,0.9999999999999999,1.0,0.0
401,3.4011442103967075e-08,2.8357176442530874e-12,35.625197509460634,0.5091757788604743,1.0,0.0,1.0,1.0,0.0
402,3.4011442103967075e-08,3.0950631587517362e-12,35.588928262594244,0.5091730444861863,1.0,0.0,1.0000000000000002,1.0000000000000002,0.0
403,3.4011442103967075e-08,3.713101058462141e-12,35.530697825441614,0.509150909075284,1.0,0.0,1.0000000000000002,1.0,0.0
404,3.4011442103967075e-08,2.8305500637327527e-12,35.50564432587788,0.5090894507579555,1.0,0.0,1.0000000000000002,1.0,0.0
405,3.4011442103967075e-08,3.046323449662155e-12,35.47939097249426,0.5090519507677211,1.0,0.0,1.0,1.0,0.0
406,3.4011442103967075e-08,2.8316392045454235e-12,35.451353960564965,0.5090682268051493,1.0,0.0,0.9999999999999999,1.0,0.0
407,3.4011442103967075e-08,2.948459773338693e-12,35.41634131602589,0.5090915340907464,1.0,0.0,1.0,1.0,0.0
408,3.4011442103967075e-08,3.0377991074944924e-12,35.36999709469696,0.5090884090915602,1.0,0.0,1.0,1.0,0.0
409,3.4011442103967075e-08,2.8003812401247004e-12,35.34621733155326,0.5091011695049038,1.0,0.0,0.9999999999999999,1.0,0.0
410,3.4011442103967075e-08,3.4078085416963912e-12,35.28813259633688,0.509136195537449,1.0,0.0,1.0000000000000002,1.0,0.0
411,3.4011442103967075e-08,2.8281268295134437e-12,35.26133903337716,0.5091358049125508,1.0,0.0,0.9999999999999999,1.0,0.0
412,3.4011442103967075e-08,2.804076988116208e-12,35.223983429663015,0.509167445529311,1.0,0.0,1.0000000000000002,1.0,0.0
413,3.4011442103967075e-08,3.010004922261581e-12,35.191883232329424,0.5091356747042514,1.0,0.0,1.0,1.0,0.0
414,3.4011442103967075e-08,3.0494054725837524e-12,35.154049371290824,0.5090233049418477,1.0,0.0,0.9999999999999999,1.0000000000000002,0.0
415,3.4011442103967075e-08,2.9183792758079268e-12,35.12289783976709,0.5089614559996208,1.0,0.0,1.0,1.0,0.0
416,3.4011442103967075e-08,3.4473320944627714e-12,35.070683981822434,0.5089462216285882,1.0,0.0,1.0,1.0,0.0
417,3.4011442103967075e-08,2.93826055744875e-12,35.04292661226912,0.5089565080842426,1.0,0.0,0.9999999999999999,1.0,0.0
418,3.4011442103967075e-08,3.074183313993542e-12,35.0060634982113,0.5089721330801736,1.0,0.0,1.0000000000000002,1.0,0.0
419,3.4011442103967075e-08,3.340978226412092e-12,34.95856456839086,0.5089765601623542,1.0,0.0,1.0000000000000002,1.0,0.0
420,3.4011442103967075e-08,3.2791417361241687e-12,34.92160085171969,0.5090093726538092,1.0,0.0,1.0,1.0,0.0
421,3.4011442103967075e-08,3.1463153828598904e-12,34.88698092328012,0.5089679664145921,1.0,0.0,0.9999999999999999,1.0,0.0
422,3.4011442103967075e-08,3.227078522622271e-12,34.85019138111936,0.508988148701003,1.0,0.0,1.0000000000000002,1.0,0.0
423,3.4011442103967075e-08,2.8899668558006467e-12,34.8166080248862,0.5090317684813103,1.0,0.0,1.0,1.0,0.0
424,3.4011442103967075e-08,2.9412582986690556e-12,34.77590842572367,0.5090268205659322,1.0,0.0,1.0,1.0,0.0
425,3.4011442103967075e-08,3.737055534814776e-12,34.70647734094584,0.5090291643153217,1.0,0.0,1.0000000000000002,1.0,0.0
426,3.4011442103967075e-08,2.614384265182057e-12,34.68827457390056,0.5089597632917283,1.0,0.0,1.0,1.0,0.0
427,3.4011442103967075e-08,2.9346052346785045e-12,34.651585516324424,0.5089647112071064,1.0,0.0,1.0,1.0,0.0
428,3.4011442103967075e-08,3.337792472473181e-12,34.60870185184837,0.508955075792949,1.0,0.0,0.9999999999999999,1.0,0.0
429,3.4011442103967075e-08,3.274891723381138e-12,34.57460051416811,0.5088993466407952,1.0,0.0,1.0,1.0,0.0
430,3.4011442103967075e-08,2.630739194054991e-12,34.55711717212027,0.5089260393421773,1.0,0.0,1.0000000000000002,1.0,0.0
431,3.4011442103967075e-08,3.66464081539388e-12,34.49600586957803,0.5088515601949062,1.0,0.0,0.9999999999999999,1.0,0.0
432,3.4011442103967075e-08,3.2590442237118454e-12,34.446865275273545,0.5088447893633361,1.0,0.0,1.0,1.0,0.0
433,3.4011442103967075e-08,3.2888264088300304e-12,34.40852495184273,0.5088489560289177,1.0,0.0,0.9999999999999999,1.0,0.0
434,3.4011442103967075e-08,3.611365954943687e-12,34.35850000161231,0.5087666643836811,1.0,0.0,1.0,1.0,0.0
435,3.4011442103967075e-08,3.3720342253992166e-12,34.30569177768859,0.5087463518889709,1.0,0.0,0.9999999999999999,1.0,0.0
436,3.4011442103967075e-08,3.1361724118914985e-12,34.26684424330179,0.5087709612575622,1.0,0.0,0.9999999999999999,1.0,0.0
437,3.4011442103967075e-08,3.025725921287304e-12,34.23312290996845,0.5087846331290018,1.0,0.0,1.0,1.0,0.0
438,3.4011442103967075e-08,3.049199776752973e-12,34.20410410824673,0.5087657529255851,1.0,0.0,1.0000000000000002,1.0,0.0
439,3.4011442103967075e-08,3.788936941457502e-12,34.15249913752554,0.5088234352022304,1.0,0.0,1.0,1.0,0.0
440,3.4011442103967075e-08,2.9376024696420956e-12,34.12256668140378,0.5088238258271287,1.0,0.0,0.9999999999999999,1.0,0.0
441,3.4011442103967075e-08,3.3250998261142187e-12,34.0813006022686,0.5088014299996276,1.0,0.0,0.9999999999999999,1.0,0.0
442,3.4011442103967075e-08,3.1367316357980705e-12,34.04103368048853,0.5087450498059766,1.0,0.0,1.0,1.0,0.0
443,3.4011442103967075e-08,2.7429295888259084e-12,34.018999247743146,0.5087533831371398,1.0,0.0,0.9999999999999999,1.0,0.0
444,3.4011442103967075e-08,3.1389890968703307e-12,33.98074462148959,0.5087744768816467,1.0,0.0,0.9999999999999999,1.0,0.0
445,3.4011442103967075e-08,3.3757716946123154e-12,33.93644385299065,0.5089049455976704,1.0,0.0,1.0,1.0,0.0
446,3.4011442103967075e-08,2.9628042812965327e-12,33.90178492839245,0.5088566383185837,1.0,0.0,1.0000000000000002,1.0,0.0
447,3.4011442103967075e-08,3.3145452252114888e-12,33.85455283763538,0.5087967425008483,1.0,0.0,1.0,1.0,0.0
448,3.4011442103967075e-08,3.2167913616020567e-12,33.814763970228434,0.5087850237539001,1.0,0.0,1.0,1.0,0.0
449,3.4011442103967075e-08,3.0122055796910297e-12,33.78183681415221,0.5087837216709058,1.0,0.0,1.0,1.0,0.0
450,3.4011442103967075e-08,3.3128209543077088e-12,33.74304582935775,0.5088050758320115,1.0,0.0,0.9999999999999999,1.0,0.0
451,3.4011442103967075e-08,3.5099392636992114e-12,33.69249847437476,0.5087391904325025,1.0,0.0,1.0000000000000002,1.0,0.0
452,3.4011442103967075e-08,3.5977436678528494e-12,33.63221016698835,0.5087841122958041,1.0,0.0,0.9999999999999999,1.0,0.0
453,3.4011442103967075e-08,3.3929682744585336e-12,33.58335922421826,0.5088229143690327,1.0,0.0,1.0000000000000002,1.0000000000000002,0.0
454,3.4011442103967075e-08,3.083406371514816e-12,33.5458538800769,0.5087397112657002,1.0,0.0,0.9999999999999999,1.0,0.0
455,3.4011442103967075e-08,3.281948556937733e-12,33.50372149344148,0.5087253883527635,1.0,0.0,1.0,1.0,0.0
456,3.4011442103967075e-08,3.4591028009868023e-12,33.45417298551505,0.5087208310622836,1.0,0.0,1.0000000000000002,1.0,0.0
457,3.4011442103967075e-08,2.9240191152571503e-12,33.42245850213343,0.5087640602176926,1.0,0.0,1.0,1.0,0.0
458,3.4011442103967075e-08,3.165847037201033e-12,33.38822830703963,0.5087074196074428,1.0,0.0,1.0000000000000002,1.0,0.0
459,3.4011442103967075e-08,3.011257262960421e-12,33.35864550148393,0.5087473935553662,1.0,0.0,1.0000000000000002,1.0,0.0
460,3.4011442103967075e-08,3.41952052231733e-12,33.317761694333804,0.5086322894186747,1.0,0.0,0.9999999999999999,1.0,0.0
461,3.4011442103967075e-08,3.0445411966261623e-12,33.28973656796927,0.5086704404504061,1.0,0.0,0.9999999999999999,1.0,0.0
462,3.4011442103967075e-08,3.3681023588628932e-12,33.246126066939496,0.508705336274652,1.0,0.0,1.0000000000000002,1.0,0.0
463,3.4011442103967075e-08,2.8215829193699283e-12,33.22152355428743,0.5086270810866976,1.0,0.0,1.0,1.0,0.0
464,3.4011442103967075e-08,3.258285597040576e-12,33.185518699409464,0.5086006488019144,1.0,0.0,0.9999999999999999,1.0,0.0
465,3.4011442103967075e-08,3.643392033634593e-12,33.12392888613193,0.5085975238027282,1.0,0.0,1.0000000000000002,1.0,0.0
466,3.4011442103967075e-08,3.959455279513477e-12,33.06081457778654,0.5085774717246168,1.0,0.0,1.0000000000000002,1.0,0.0
467,3.4011442103967075e-08,3.149318307134089e-12,33.02284045736569,0.5085585915212001,1.0,0.0,1.0,1.0,0.0
468,3.4011442103967075e-08,3.841142962581571e-12,32.962658547892104,0.5085591123543979,1.0,0.0,1.0,1.0,0.0
469,3.4011442103967075e-08,3.448203001193931e-12,32.91792212277219,0.5085826800565937,1.0,0.0,1.0000000000000002,1.0,0.0
470,3.4011442103967075e-08,3.5242858952180137e-12,32.870263770299005,0.5084990863283629,1.0,0.0,1.0000000000000002,1.0,0.0
471,3.4011442103967075e-08,3.1526085264204793e-12,32.83284594340379,0.5083993467710034,1.0,0.0,1.0000000000000002,1.0,0.0
472,3.4011442103967075e-08,3.042407031671147e-12,32.79982468614802,0.5083937478141282,1.0,0.0,1.0000000000000002,1.0,0.0
473,3.4011442103967075e-08,2.86836788001281e-12,32.777343204787,0.5083765603186041,1.0,0.0,0.9999999999999999,1.0,0.0
474,3.4011442103967075e-08,2.7594840272762473e-12,32.76027385555509,0.5083552061574984,1.0,0.0,0.9999999999999999,1.0000000000000002,0.0
475,3.4011442103967075e-08,3.20848398471479e-12,32.72721531885789,0.5084339821786504,1.0,0.0,1.0000000000000002,1.0,0.0
476,3.4011442103967075e-08,2.9019849636587166e-12,32.704399074406226,0.5084718727937831,1.0,0.0,1.0000000000000002,1.0,0.0
477,3.4011442103967075e-08,3.7190079379984344e-12,32.65230141464317,0.5084223936400016,1.0,0.0,1.0,1.0,0.0
478,3.4011442103967075e-08,3.706026428890724e-12,32.59450805698813,0.5084117165594488,1.0,0.0,1.0,1.0000000000000002,0.0
479,3.4011442103967075e-08,3.278752895271095e-12,32.55991736042934,0.5084710915439866,1.0,0.0,1.0000000000000002,1.0,0.0
480,3.4011442103967075e-08,2.5351917919198886e-12,32.54860597260322,0.5084843727905279,1.0,0.0,1.0,1.0000000000000002,0.0
481,3.4011442103967075e-08,3.52385585331123e-12,32.498464385255815,0.5084971332038716,1.0,0.0,1.0000000000000002,1.0,0.0
482,3.4011442103967075e-08,3.715074826373035e-12,32.45547602661518,0.508504945701837,1.0,0.0,1.0,1.0,0.0
483,3.4011442103967075e-08,3.6233213302701877e-12,32.40765601097843,0.5084805967498446,1.0,0.0,1.0,1.0,0.0
484,3.4011442103967075e-08,3.1584429811109435e-12,32.378124552986066,0.5084249978059902,1.0,0.0,1.0,1.0,0.0
485,3.4011442103967075e-08,3.226880029649122e-12,32.34529884313099,0.5083493467840243,1.0,0.0,1.0,1.0,0.0
486,3.4011442103967075e-08,2.7848512851071734e-12,32.32211099966912,0.5083328103299973,1.0,0.0,1.0000000000000002,1.0,0.0
487,3.4011442103967075e-08,3.364161562393018e-12,32.28731211845621,0.508364581155057,1.0,0.0,1.0000000000000002,1.0,0.0
488,3.4011442103967075e-08,3.389902632962175e-12,32.24431210571315,0.5083902321900438,1.0,0.0,1.0000000000000002,1.0,0.0
489,3.4011442103967075e-08,3.05781995261325e-12,32.22044780477369,0.5083943988556253,1.0,0.0,0.9999999999999999,1.0,0.0
490,3.4011442103967075e-08,3.4854695326066154e-12,32.17463526204093,0.5083537738662047,1.0,0.0,1.0000000000000002,1.0,0.0
491,3.4011442103967075e-08,3.132192266747877e-12,32.139948197856555,0.5083989561461052,1.0,0.0,1.0000000000000002,1.0,0.0
492,3.4011442103967075e-08,3.291718386519845e-12,32.098995252162105,0.5083690082372374,1.0,0.0,0.9999999999999999,1.0,0.0
493,3.4011442103967075e-08,3.320257669661651e-12,32.06330157979544,0.5083364561623812,1.0,0.0,1.0,1.0,0.0
494,3.4011442103967075e-08,3.241544151270178e-12,32.02728418609503,0.5083447894935444,1.0,0.0,0.9999999999999999,1.0,0.0
495,3.4011442103967075e-08,3.4271868501582462e-12,31.986190555302297,0.5083462217848381,1.0,0.0,1.0,1.0,0.0
496,3.4011442103967075e-08,3.523829197557556e-12,31.9412579706288,0.5083700499036329,1.0,0.0,1.0,1.0000000000000002,0.0
497,3.4011442103967075e-08,2.8018715021829192e-12,31.924901146859064,0.5083850238580667,1.0,0.0,1.0000000000000002,1.0,0.0
498,3.4011442103967075e-08,3.2406877590712995e-12,31.88748863507588,0.5083264301233255,1.0,0.0,1.0,1.0,0.0
499,3.4011442103967075e-08,3.8249885549646114e-12,31.84176978730224,0.5083033832543272,1.0,0.0,0.9999999999999999,1.0,0.0
500,3.4011442103967075e-08,3.0972817814976056e-12,31.81228380609392,0.5082378884797165,1.0,0.0,1.0000000000000002,1.0,0.0
501,3.4011442103967075e-08,3.6370169463868408e-12,31.775037892314568,0.5082164041103114,1.0,0.0,1.0,1.0,0.0
502,3.4011442103967075e-08,3.3811715199234212e-12,31.737221023764015,0.5082501280598625,1.0,0.0,0.9999999999999999,1.0,0.0
503,3.4011442103967075e-08,3.072882592669162e-12,31.710969675874065,0.5082115864032327,1.0,0.0,1.0000000000000002,1.0,0.0
504,3.4011442103967075e-08,3.058013163607321e-12,31.687540498607163,0.5082095030704419,1.0,0.0,1.0,1.0,0.0
505,3.4011442103967075e-08,3.2771099458067342e-12,31.652599728825834,0.5082040343218661,1.0,0.0,1.0000000000000002,1.0,0.0
506,3.4011442103967075e-08,3.1160415955194484e-12,31.632397516759728,0.5081692687059196,1.0,0.0,0.9999999999999999,1.0,0.0
507,3.4011442103967075e-08,3.3242578843999434e-12,31.590345018872767,0.508074997897136,1.0,0.0,1.0,1.0,0.0
508,3.4011442103967075e-08,3.436534786816763e-12,31.554566706118504,0.5081661437067334,1.0,0.0,1.0000000000000002,1.0,0.0
509,3.4011442103967075e-08,3.1741154151095533e-12,31.523881076901656,0.508250909309659,1.0,0.0,1.0,1.0,0.0
510,3.4011442103967075e-08,3.6444100939648275e-12,31.48560399001184,0.5081942686994092,1.0,0.0,1.0,1.0,0.0
511,3.4011442103967075e-08,3.807234613433317e-12,31.43890589638089,0.5082445291029872,1.0,0.0,0.9999999999999999,1.0,0.0
512,3.4011442103967075e-08,3.115094826660073e-12,31.408175276192583,0.5081917947417202,1.0,0.0,1.0000000000000002,1.0,0.0
513,3.4011442103967075e-08,3.3093032422768944e-12,31.37056177504828,0.5081861957848448,1.0,0.0,1.0000000000000002,1.0,0.0
514,3.4011442103967075e-08,3.2555239810787065e-12,31.336142765654387,0.5081520812103956,1.0,0.0,0.9999999999999999,1.0,0.0
515,3.4011442103967075e-08,3.179704728514491e-12,31.30671859389271,0.5082160134854131,1.0,0.0,1.0000000000000002,1.0,0.0
516,3.4011442103967075e-08,3.320795722548568e-12,31.27425320919392,0.5081851541184494,1.0,0.0,1.0,1.0,0.0
517,3.4011442103967075e-08,3.0563312211607002e-12,31.250140436305504,0.5081486957946104,1.0,0.0,1.0000000000000002,1.0,0.0
518,3.4011442103967075e-08,3.177886378203696e-12,31.220100536897828,0.5081559874593783,1.0,0.0,1.0,1.0,0.0
519,3.4011442103967075e-08,3.432506500107815e-12,31.181202738943046,0.5081453103788254,1.0,0.0,0.9999999999999999,1.0,0.0
520,3.4011442103967075e-08,2.902250438003472e-12,31.161187251094724,0.5080979145578347,1.0,0.0,1.0,1.0,0.0
521,3.4011442103967075e-08,3.549882223460421e-12,31.119775333395943,0.508083591644898,1.0,0.0,0.9999999999999999,1.0,0.0
522,3.4011442103967075e-08,3.2386645939114306e-12,31.095195735326726,0.5081264301754088,1.0,0.0,1.0000000000000002,1.0,0.0
523,3.4011442103967075e-08,3.134454741850256e-12,31.064921223056047,0.5081475239199157,1.0,0.0,1.0,1.0,0.0
524,3.4011442103967075e-08,3.3757944704540075e-12,31.03140238144505,0.5080985655993319,1.0,0.0,0.9999999999999999,1.0,0.0
525,3.4011442103967075e-08,3.0977002436320928e-12,31.00325729772304,0.5080600239427021,1.0,0.0,0.9999999999999999,1.0000000000000002,0.0
526,3.4011442103967075e-08,3.257864455602136e-12,30.97144498111598,0.5080996072657272,1.0,0.0,0.9999999999999999,1.0,0.0
527,3.4011442103967075e-08,3.0687757267663312e-12,30.942787419013893,0.5080635395667866,1.0,0.0,0.9999999999999999,1.0,0.0
528,3.4011442103967075e-08,3.195666595514948e-12,30.916722993086918,0.508042836447178,1.0,0.0,0.9999999999999999,1.0,0.0
529,3.4011442103967075e-08,3.2009529663682173e-12,30.89053738479408,0.5081156228865565,1.0,0.0,1.0000000000000002,1.0000000000000002,0.0
530,3.4011442103967075e-08,3.2454496651225485e-12,30.855927835558653,0.5081216124683301,1.0,0.0,0.9999999999999999,1.0,0.0
531,3.4011442103967075e-08,2.8219635648368978e-12,30.837305683815455,0.5080544249858269,1.0,0.0,1.0,1.0,0.0
532,3.4011442103967075e-08,4.056313421631448e-12,30.779439844187173,0.5080687478987636,1.0,0.0,1.0,1.0,0.0
533,3.4011442103967075e-08,2.9532568235838693e-12,30.75742108329295,0.5080701801900572,1.0,0.0,0.9999999999999999,1.0,0.0
534,3.4011442103967075e-08,3.1131953465951342e-12,30.734216135631346,0.5080188781200838,1.0,0.0,0.9999999999999999,1.0,0.0
535,3.4011442103967075e-08,3.327284267329214e-12,30.697659750643304,0.5080660135244757,1.0,0.0,1.0,1.0,0.0
536,3.4011442103967075e-08,3.3711925210825923e-12,30.665455715663484,0.5080058572901414,1.0,0.0,0.9999999999999999,1.0,0.0
537,3.4011442103967075e-08,2.713293852996979e-12,30.64771553121484,0.5079755187563754,1.0,0.0,1.0,1.0,0.0
538,3.4011442103967075e-08,3.2014842893331407e-12,30.618552047155724,0.5080467426961608,1.0,0.0,0.9999999999999999,1.0,0.0
539,3.4011442103967075e-08,3.6308112760407607e-12,30.575980587348543,0.5079808572966518,1.0,0.0,1.0000000000000002,1.0,0.0
540,3.4011442103967075e-08,3.2169491885465982e-12,30.547711081168195,0.5080091124976269,1.0,0.0,1.0000000000000002,1.0,0.0
541,3.4011442103967075e-08,3.6631116445263785e-12,30.507281486634742,0.5080460916546636,1.0,0.0,0.9999999999999999,1.0,0.0
542,3.4011442103967075e-08,3.278515251770624e-12,30.48462295441829,0.508062107275493,1.0,0.0,0.9999999999999999,1.0,0.0
543,3.4011442103967075e-08,3.1830188210939877e-12,30.461456720657548,0.5079852843788322,1.0,0.0,1.0,1.0,0.0
544,3.4011442103967075e-08,3.675122104090691e-12,30.425320200108015,0.5079869770867247,1.0,0.0,0.9999999999999999,1.0,0.0
545,3.4011442103967075e-08,3.2478052762151455e-12,30.400014473031494,0.5079693989663023,1.0,0.0,1.0,1.0,0.0
546,3.4011442103967075e-08,3.575050633768705e-12,30.366027331838268,0.5079510395960835,1.0,0.0,1.0,1.0,0.0
547,3.4011442103967075e-08,3.421139847824223e-12,30.328221468113643,0.507970831257596,1.0,0.0,0.9999999999999999,1.0,0.0
548,3.4011442103967075e-08,2.938790188828352e-12,30.308297783901622,0.5079096333568663,1.0,0.0,1.0000000000000002,1.0,0.0
549,3.4011442103967075e-08,3.1007611094396636e-12,30.28791633091855,0.5079488260549933,1.0,0.0,0.9999999999999999,1.0,0.0
550,3.4011442103967075e-08,3.0944881772187567e-12,30.262889444350776,0.5079540343869702,1.0,0.0,0.9999999999999999,1.0,0.0
551,3.4011442103967075e-08,3.6052521366859814e-12,30.22278259429701,0.5079868468784253,1.0,0.0,0.9999999999999999,1.0000000000000002,0.0
552,3.4011442103967075e-08,2.7480280781720026e-12,30.205623058697608,0.5080221333275694,1.0,0.0,1.0,1.0000000000000002,0.0
553,3.4011442103967075e-08,3.8426233316057e-12,30.169067179969367,0.5080218729109706,1.0,0.0,1.0000000000000002,1.0,0.0
554,3.4011442103967075e-08,3.3355672511643287e-12,30.130251915061038,0.5080363260322067,1.0,0.0,0.9999999999999999,1.0,0.0
555,3.4011442103967075e-08,3.2334577670877474e-12,30.108417761021364,0.5079721333405903,1.0,0.0,1.0000000000000002,1.0,0.0
556,3.4011442103967075e-08,3.043220690663266e-12,30.088881779795454,0.5079881489614195,1.0,0.0,1.0,1.0,0.0
557,3.4011442103967075e-08,3.5473724147383183e-12,30.05778961079659,0.5079818989630471,1.0,0.0,1.0000000000000002,1.0,0.0
558,3.4011442103967075e-08,3.0328097165280333e-12,30.04202520309438,0.5080003885415655,1.0,0.0,1.0000000000000002,1.0,0.0
559,3.4011442103967075e-08,4.146963839410661e-12,29.99512857478719,0.5079528625122753,1.0,0.0,1.0000000000000002,1.0,0.0
560,3.4011442103967075e-08,3.006774756633282e-12,29.97626907400472,0.5079390604325363,1.0,0.0,1.0000000000000002,1.0,0.0
561,3.4011442103967075e-08,3.2992037299693675e-12,29.9505725795312,0.507855596912605,1.0,0.0,1.0000000000000002,1.0,0.0
562,3.4011442103967075e-08,3.855243615182403e-12,29.9068025509465,0.5078791646148009,1.0,0.0,0.9999999999999999,1.0000000000000002,0.0
563,3.4011442103967075e-08,3.9251089158551066e-12,29.86334300294551,0.5078955708605284,1.0,0.0,1.0,1.0,0.0
564,3.4011442103967075e-08,3.4224383404634634e-12,29.827695400493674,0.5078604146196837,1.0,0.0,0.9999999999999999,1.0,0.0
565,3.4011442103967075e-08,3.937648550826795e-12,29.783574896259566,0.5078216125464551,1.0,0.0,0.9999999999999999,1.0,0.0
566,3.4011442103967075e-08,3.612215356884997e-12,29.749340106110516,0.5078354146261941,1.0,0.0,1.0,1.0,0.0
567,3.4011442103967075e-08,3.1841391502584004e-12,29.725664290163476,0.5077916646375873,1.0,0.0,0.9999999999999999,1.0,0.0
568,3.4011442103967075e-08,3.2066887981773342e-12,29.703453136318497,0.5078080708833149,1.0,0.0,0.9999999999999999,1.0,0.0
569,3.4011442103967075e-08,3.135332169530277e-12,29.680588652966133,0.5078693989923441,1.0,0.0,0.9999999999999999,1.0,0.0
570,3.4011442103967075e-08,3.003823326905732e-12,29.657104121029317,0.5078287740029235,1.0,0.0,1.0,1.0,0.0
571,3.4011442103967075e-08,3.044060841042425e-12,29.633203027563155,0.507890232320252,1.0,0.0,1.0000000000000002,1.0,0.0
572,3.4011442103967075e-08,2.6633554053502093e-12,29.621735018817937,0.5079286437685824,1.0,0.0,1.0000000000000002,1.0,0.0
573,3.4011442103967075e-08,2.8949205916360605e-12,29.606575256096313,0.5078402323332728,1.0,0.0,1.0000000000000002,1.0,0.0
574,3.4011442103967075e-08,3.393733264645539e-12,29.578214448032096,0.5078552062877068,1.0,0.0,0.9999999999999999,1.0,0.0
575,3.4011442103967075e-08,3.795201153634559e-12,29.541872242593943,0.5078412739996683,1.0,0.0,0.9999999999999999,1.0,0.0
576,3.4011442103967075e-08,3.1595477236852668e-12,29.51470161338936,0.5078244771290424,1.0,0.0,0.9999999999999999,1.0,0.0
577,3.4011442103967075e-08,3.0530135633318454e-12,29.492498279558948,0.5077874979720057,1.0,0.0,1.0000000000000002,1.0,0.0
578,3.4011442103967075e-08,3.3776551217859073e-12,29.465009337095005,0.5078345031680981,1.0,0.0,1.0,1.0,0.0
579,3.4011442103967075e-08,3.2246439669736954e-12,29.442424936171935,0.5078203104634608,1.0,0.0,1.0000000000000002,1.0,0.0
580,3.4011442103967075e-08,3.409378353224537e-12,29.40619611875863,0.5078381490004821,1.0,0.0,0.9999999999999999,1.0,0.0
581,3.4011442103967075e-08,3.0934953873100702e-12,29.383746872527542,0.5078162740061787,1.0,0.0,1.0,1.0000000000000002,0.0
582,3.4011442103967075e-08,3.6271718882980702e-12,29.354202629407943,0.5077904927628926,1.0,0.0,0.9999999999999999,1.0,0.0
583,3.4011442103967075e-08,3.693220864436581e-12,29.32013226929164,0.5077216125724967,1.0,0.0,1.0,1.0,0.0
584,3.4011442103967075e-08,2.994756185780708e-12,29.301235738518944,0.5077347636107387,1.0,0.0,1.0,1.0,0.0
585,3.4011442103967075e-08,4.006768075360989e-12,29.242945459536624,0.507795831303169,1.0,0.0,1.0,1.0,0.0
586,3.4011442103967075e-08,3.5512098850839917e-12,29.209204894667202,0.5077183573650111,1.0,0.0,1.0000000000000002,1.0,0.0
587,3.4011442103967075e-08,2.908979523092596e-12,29.19654038204065,0.5077140604911301,1.0,0.0,1.0000000000000002,1.0,0.0
588,3.4011442103967075e-08,3.180386706668978e-12,29.17451113996407,0.5077007792445888,1.0,0.0,1.0,1.0000000000000002,0.0
589,3.4011442103967075e-08,4.45313154322814e-12,29.12521319822403,0.5076781230004888,1.0,0.0,1.0,1.0,0.0
590,3.4011442103967075e-08,3.3111739046548363e-12,29.101109741747972,0.5076829407075675,1.0,0.0,1.0000000000000002,1.0,0.0
591,3.4011442103967075e-08,3.1860847883101402e-12,29.071749953536873,0.5077193990314065,1.0,0.0,1.0,1.0,0.0
592,3.4011442103967075e-08,3.263978512332118e-12,29.049343449709628,0.5076966125790071,1.0,0.0,0.9999999999999999,1.0,0.0
593,3.4011442103967075e-08,2.7360893694575724e-12,29.033036891713675,0.5076533834235981,1.0,0.0,1.0,1.0,0.0
594,3.4011442103967075e-08,3.914090057074372e-12,28.993319703505318,0.5077166646571186,1.0,0.0,1.0000000000000002,1.0000000000000002,0.0
595,3.4011442103967075e-08,3.5528676454454364e-12,28.963387014422466,0.5076545552982928,1.0,0.0,1.0,1.0,0.0
596,3.4011442103967075e-08,3.136393510712781e-12,28.935431496265366,0.5076696594610262,1.0,0.0,1.0,1.0,0.0
597,3.4011442103967075e-08,3.2939285857852335e-12,28.91071805016175,0.5076140605171717,1.0,0.0,1.0,1.0,0.0
598,3.4011442103967075e-08,3.691449954989444e-12,28.878701148030988,0.5076062480192063,1.0,0.0,0.9999999999999999,1.0,0.0
599,3.4011442103967075e-08,3.4156256074170853e-12,28.85181293671973,0.5076037740615171,1.0,0.0,1.0,1.0000000000000002,0.0
600,3.4011442103967075e-08,3.712825219556353e-12,28.815386660446286,0.5075740865692483,1.0,0.0,1.0,1.0,0.0
601,3.4011442103967075e-08,3.341910777298482e-12,28.78685852141872,0.5075523417832444,1.0,0.0,1.0000000000000002,1.0,0.0
602,3.4011442103967075e-08,2.717996787708589e-12,28.770696997967043,0.5075756490688413,1.0,0.0,1.0000000000000002,1.0,0.0
603,3.4011442103967075e-08,3.3919450749037686e-12,28.745641934005597,0.507589320940281,1.0,0.0,1.0,1.0,0.0
604,3.4011442103967075e-08,3.5095327085864747e-12,28.715792445831582,0.5076287740550067,1.0,0.0,0.9999999999999999,1.0,0.0
605,3.4011442103967075e-08,3.131747651024663e-12,28.693503872637972,0.5075890605236821,1.0,0.0,0.9999999999999999,1.0000000000000002,0.0
606,3.4011442103967075e-08,3.764160099226838e-12,28.66169105343038,0.5076524719655021,1.0,0.0,1.0,1.0,0.0
607,3.4011442103967075e-08,2.7980670804575385e-12,28.650948379662026,0.5076001282291333,1.0,0.0,0.9999999999999999,1.0000000000000002,0.0
608,3.4011442103967075e-08,3.329710492198915e-12,28.619824235131173,0.5075339824130254,1.0,0.0,1.0,1.0,0.0
609,3.4011442103967075e-08,3.2466647739374535e-12,28.59964334963218,0.5075587219899161,1.0,0.0,0.9999999999999999,1.0,0.0
610,3.4011442103967075e-08,3.1485004288932483e-12,28.578006720017644,0.5075716126115593,1.0,0.0,1.0,1.0,0.0
611,3.4011442103967075e-08,3.2684839624097938e-12,28.556127751646144,0.5075432272022846,1.0,0.0,1.0000000000000002,1.0,0.0
612,3.4011442103967075e-08,3.5510738404928137e-12,28.526445144598835,0.5075337219964265,1.0,0.0,1.0000000000000002,1.0,0.0
613,3.4011442103967075e-08,3.171408403396285e-12,28.507781185209158,0.5074346334805642,1.0,0.0,0.9999999999999999,1.0,0.0
614,3.4011442103967075e-08,2.925247830785771e-12,28.49354462989047,0.5074640605562343,1.0,0.0,1.0000000000000002,1.0,0.0
615,3.4011442103967075e-08,3.362420054377223e-12,28.470725719957965,0.5074451803528176,1.0,0.0,1.0000000000000002,1.0,0.0
616,3.4011442103967075e-08,2.9024905973707774e-12,28.45316270485585,0.5073946595326407,1.0,0.0,0.9999999999999999,1.0,0.0
617,3.4011442103967075e-08,3.6199718915651164e-12,28.42469998803946,0.5074837220094474,1.0,0.0,1.0,1.0,0.0
618,3.4011442103967075e-08,3.0945705683422734e-12,28.4108689395701,0.5074807272185606,1.0,0.0,0.9999999999999999,1.0,0.0
619,3.4011442103967075e-08,3.3588739084479573e-12,28.392326634449248,0.5075003886717738,1.0,0.0,1.0,1.0,0.0
620,3.4011442103967075e-08,3.4548362473287274e-12,28.366777912986542,0.5074904928410174,1.0,0.0,1.0000000000000002,1.0,0.0
621,3.4011442103967075e-08,3.3642548079729676e-12,28.33981184607653,0.5074804668019618,1.0,0.0,0.9999999999999999,1.0,0.0
622,3.4011442103967075e-08,3.2468748121416565e-12,28.309327536101843,0.5075005188800732,1.0,0.0,1.0000000000000002,1.0,0.0
623,3.4011442103967075e-08,3.0381485558991766e-12,28.29503957628599,0.5075033834626606,1.0,0.0,1.0,1.0000000000000002,0.0
624,3.4011442103967075e-08,3.992245177008241e-12,28.265470996551404,0.5074270813991976,1.0,0.0,0.9999999999999999,1.0,0.0
625,3.4011442103967075e-08,3.2581356900943345e-12,28.240194249859538,0.5074071595293855,1.0,0.0,0.9999999999999999,1.0,0.0
626,3.4011442103967075e-08,3.93864497260885e-12,28.206394656541526,0.5074182272348366,1.0,0.0,1.0000000000000002,1.0,0.0
627,3.4011442103967075e-08,2.9312709912459513e-12,28.19116822806261,0.5074703105546067,1.0,0.0,1.0,1.0000000000000002,0.0
628,3.4011442103967075e-08,2.9875503183089646e-12,28.177600691027,0.507446222019213,1.0,0.0,1.0000000000000002,1.0,0.0
629,3.4011442103967075e-08,3.209767997768082e-12,28.159464364497612,0.5073890605757655,1.0,0.0,1.0,1.0,0.0
630,3.4011442103967075e-08,3.2316552456036373e-12,28.143284658673128,0.5073852845350821,1.0,0.0,1.0000000000000002,1.0,0.0
631,3.4011442103967075e-08,2.683643540940147e-12,28.133830781051014,0.5073497376693391,1.0,0.0,1.0,1.0,0.0
632,3.4011442103967075e-08,3.203368547731726e-12,28.1097576316471,0.5073546855847173,1.0,0.0,1.0000000000000002,1.0,0.0
633,3.4011442103967075e-08,3.3006650118063944e-12,28.092263869999663,0.5073171855944829,1.0,0.0,1.0000000000000002,1.0,0.0
634,3.4011442103967075e-08,3.4831149296591163e-12,28.066604729595753,0.5074131491111591,1.0,0.0,0.9999999999999999,1.0,0.0
635,3.4011442103967075e-08,2.9712498375877363e-12,28.05233181628408,0.5073992168231206,1.0,0.0,0.9999999999999999,1.0,0.0
636,3.4011442103967075e-08,3.778939004860642e-12,28.01701307342285,0.5074019511974085,1.0,0.0,1.0,1.0,0.0
637,3.4011442103967075e-08,2.8033804492600704e-12,28.008303471397383,0.5073582012088018,1.0,0.0,0.9999999999999999,1.0,0.0
638,3.4011442103967075e-08,3.3705245174779324e-12,27.980758972179203,0.5073337220485099,1.0,0.0,0.9999999999999999,1.0,0.0
639,3.4011442103967075e-08,2.811622422638713e-12,27.968021906542546,0.5073408835049783,1.0,0.0,0.9999999999999999,1.0,0.0
640,3.4011442103967075e-08,2.778601984358497e-12,27.956780000651246,0.5072503887368779,1.0,0.0,1.0000000000000002,1.0000000000000002,0.0
641,3.4011442103967075e-08,3.349862114423416e-12,27.92904669122347,0.5072342429077492,1.0,0.0,0.9999999999999999,1.0,0.0
642,3.4011442103967075e-08,3.0166124386873857e-12,27.91510992237641,0.5072269512429814,1.0,0.0,1.0,1.0,0.0
643,3.4011442103967075e-08,3.1433796207236896e-12,27.895569457810534,0.5073184876774771,1.0,0.0,0.9999999999999999,1.0,0.0
644,3.4011442103967075e-08,3.326313160220914e-12,27.873015741461103,0.5072890606018071,1.0,0.0,0.9999999999999999,1.0,0.0
645,3.4011442103967075e-08,3.3012985455361546e-12,27.851135005664283,0.5073046855977381,1.0,0.0,1.0000000000000002,1.0,0.0
646,3.4011442103967075e-08,3.089522520018142e-12,27.834322163572356,0.5073251283007478,1.0,0.0,1.0000000000000002,1.0000000000000002,0.0
647,3.4011442103967075e-08,3.364317432090128e-12,27.80789393972375,0.5073399720468823,1.0,0.0,0.9999999999999999,1.0,0.0
648,3.4011442103967075e-08,3.2273864540883677e-12,27.785728436421895,0.5072834616449319,1.0,0.0,1.0,1.0,0.0
649,3.4011442103967075e-08,3.5707683828436764e-12,27.756168087146417,0.5072615866506285,1.0,0.0,1.0,1.0000000000000002,0.0
650,3.4011442103967075e-08,3.2288997385852157e-12,27.734066157173963,0.5071950502096223,1.0,0.0,0.9999999999999999,1.0,0.0
651,3.4011442103967075e-08,3.2862138396395347e-12,27.712962086723753,0.5072546856107589,1.0,0.0,1.0000000000000002,1.0,0.0
652,3.4011442103967075e-08,3.10494317379049e-12,27.694683850716807,0.5072135397881407,1.0,0.0,1.0,1.0,0.0
653,3.4011442103967075e-08,3.357019682039271e-12,27.66971783563362,0.5071770814643017,1.0,0.0,1.0,1.0,0.0
654,3.4011442103967075e-08,2.765536513933243e-12,27.663401375995168,0.5071968731258143,1.0,0.0,0.9999999999999999,1.0000000000000002,0.0
655,3.4011442103967075e-08,4.0282222562131136e-12,27.623152271544388,0.5071619773015684,1.0,0.0,1.0,1.0,0.0
656,3.4011442103967075e-08,3.193787980427237e-12,27.60171951494759,0.5071338523088926,1.0,0.0,1.0000000000000002,1.0,0.0
657,3.4011442103967075e-08,3.4073108013051957e-12,27.57630444025295,0.5071537741787047,1.0,0.0,1.0000000000000002,1.0,0.0
658,3.4011442103967075e-08,3.687261739967001e-12,27.55526956057878,0.5071132793975834,1.0,0.0,0.9999999999999999,1.0,0.0
659,3.4011442103967075e-08,2.718624235431265e-12,27.547246464317055,0.5071289043935144,1.0,0.0,0.9999999999999999,1.0,0.0
660,3.4011442103967075e-08,3.027093882155637e-12,27.532089417255598,0.5071046856498215,1.0,0.0,1.0000000000000002,1.0,0.0
661,3.4011442103967075e-08,3.029171815062497e-12,27.515555078214213,0.5071152325220749,1.0,0.0,1.0000000000000002,1.0,0.0
662,3.4011442103967075e-08,2.9159966499271057e-12,27.502437466405542,0.5070671856595871,1.0,0.0,1.0000000000000002,1.0,0.0
663,3.4011442103967075e-08,3.235115302372337e-12,27.479035040328196,0.5070838523219134,1.0,0.0,0.9999999999999999,1.0,0.0
664,3.4011442103967075e-08,3.882902715523846e-12,27.449027349416056,0.507056117954136,1.0,0.0,1.0000000000000002,1.0,0.0
665,3.4011442103967075e-08,3.156640436280526e-12,27.42994209399209,0.507046352331679,1.0,0.0,0.9999999999999999,1.0,0.0
666,3.4011442103967075e-08,3.1624842864361905e-12,27.415192084639425,0.507048175247871,1.0,0.0,0.9999999999999999,1.0,0.0
667,3.4011442103967075e-08,3.278285577415859e-12,27.393241775369567,0.5070157533813142,1.0,0.0,0.9999999999999999,1.0,0.0
668,3.4011442103967075e-08,2.9784931613277756e-12,27.380526658412734,0.5070475242063739,1.0,0.0,1.0000000000000002,1.0,0.0
669,3.4011442103967075e-08,3.3700863372986273e-12,27.360053922393906,0.5070498679557636,1.0,0.0,1.0000000000000002,1.0,0.0
670,3.4011442103967075e-08,3.785572088920246e-12,27.3280965547665,0.5070143210900205,1.0,0.0,1.0000000000000002,1.0,0.0
671,3.4011442103967075e-08,2.3328827193325527e-12,27.325572618899034,0.5070746075326543,1.0,0.0,1.0000000000000002,1.0,0.0
672,3.4011442103967075e-08,2.8926707789208402e-12,27.306985967862975,0.5071770814643017,1.0,0.0,1.0,1.0,0.0
673,3.4011442103967075e-08,3.521176975329804e-12,27.28047831523576,0.5070943991941669,1.0,0.0,1.0,1.0,0.0
674,3.4011442103967075e-08,3.236473800727629e-12,27.26207076861752,0.5071283835603168,1.0,0.0,1.0000000000000002,1.0,0.0
675,3.4011442103967075e-08,2.964607933321435e-12,27.246682052984944,0.5071276023105202,1.0,0.0,0.9999999999999999,1.0,0.0
676,3.4011442103967075e-08,2.8072027953644762e-12,27.23441606012455,0.507168878341438,1.0,0.0,1.0,1.0,0.0
677,3.4011442103967075e-08,3.640554269571687e-12,27.208529754282363,0.5070876283625968,1.0,0.0,1.0000000000000002,1.0,0.0
678,3.4011442103967075e-08,3.653493292681297e-12,27.17582836776226,0.5071005189842398,1.0,0.0,1.0,1.0,0.0
679,3.4011442103967075e-08,2.8336148522046274e-12,27.164412727715405,0.5071559877197949,1.0,0.0,1.0000000000000002,1.0,0.0
680,3.4011442103967075e-08,3.488503839740789e-12,27.13802875354778,0.5070985658597484,1.0,0.0,1.0000000000000002,1.0000000000000002,0.0
681,3.4011442103967075e-08,3.5749842791974834e-12,27.116727170829446,0.5070847637800094,1.0,0.0,0.9999999999999999,1.0,0.0
682,3.4011442103967075e-08,3.240967562120485e-12,27.10041609392412,0.5071393210574685,1.0,0.0,0.9999999999999999,1.0,0.0
683,3.4011442103967075e-08,3.209581177162863e-12,27.08667012723657,0.5071298158516104,1.0,0.0,1.0,1.0,0.0
684,3.4011442103967075e-08,3.1672545174272807e-12,27.071204769457566,0.5071518210542133,1.0,0.0,1.0000000000000002,1.0,0.0
685,3.4011442103967075e-08,2.988234519634857e-12,27.05904169903457,0.5071003887759404,1.0,0.0,1.0,1.0,0.0
686,3.4011442103967075e-08,3.3976795581951654e-12,27.039281651794322,0.5070854148215066,1.0,0.0,1.0,1.0,0.0
687,3.4011442103967075e-08,4.233028471327218e-12,27.009458373025225,0.5071209616872495,1.0,0.0,1.0,1.0,0.0
688,3.4011442103967075e-08,3.090469109734765e-12,26.99342006751524,0.5071736960485167,1.0,0.0,1.0,1.0,0.0
689,3.4011442103967075e-08,2.7240466573609433e-12,26.98189938646353,0.5071278627271191,1.0,0.0,1.0000000000000002,1.0,0.0
690,3.4011442103967075e-08,3.2987378359971987e-12,26.955243062427265,0.5070688783674796,1.0,0.0,1.0,1.0,0.0
691,3.4011442103967075e-08,2.980095232751687e-12,26.938786204091663,0.5070529929549498,1.0,0.0,1.0000000000000002,1.0,0.0
692,3.4011442103967075e-08,3.7462092104476175e-12,26.916748912984094,0.5070279929614602,1.0,0.0,1.0,1.0,0.0
693,3.4011442103967075e-08,4.308757772000779e-12,26.88647707853708,0.5070709617002704,1.0,0.0,1.0000000000000002,1.0,0.0
694,3.4011442103967075e-08,3.610507490491141e-12,26.860932596249725,0.5070417950411992,1.0,0.0,1.0,1.0,0.0
695,3.4011442103967075e-08,3.7838641948592405e-12,26.832522533659585,0.5070701804504738,1.0,0.0,0.9999999999999999,1.0,0.0
696,3.4011442103967075e-08,3.4224281168549558e-12,26.81358952367678,0.5070895814870882,1.0,0.0,1.0,1.0,0.0
697,3.4011442103967075e-08,3.272394632511498e-12,26.79487733255916,0.5070861960713031,1.0,0.0,1.0000000000000002,1.0,0.0
698,3.4011442103967075e-08,3.3151444061789205e-12,26.777680775105157,0.5070503887889612,1.0,0.0,1.0000000000000002,1.0000000000000002,0.0
699,3.4011442103967075e-08,3.844336476258897e-12,26.748337632754623,0.5069710919346114,1.0,0.0,1.0,1.0,0.0
700,3.4011442103967075e-08,3.249493262476222e-12,26.72787556481468,0.507016925256009,1.0,0.0,0.9999999999999999,1.0,0.0
701,3.4011442103967075e-08,3.715024952632858e-12,26.69968400109364,0.5070244773373757,1.0,0.0,1.0,1.0,0.0
702,3.4011442103967075e-08,3.2675278907730074e-12,26.68039290473466,0.5069837221396557,1.0,0.0,0.9999999999999998,1.0000000000000002,0.0
703,3.4011442103967075e-08,3.45724878204094e-12,26.653938120660392,0.5070003888019821,1.0,0.0,1.0000000000000002,1.0,0.0
704,3.4011442103967075e-08,2.935587621697831e-12,26.645536647489713,0.5070286440029573,1.0,0.0,1.0,1.0000000000000002,0.0
705,3.4011442103967075e-08,3.520858114216518e-12,26.625342291573304,0.5069200502812369,1.0,0.0,1.0,1.0,0.0
706,3.4011442103967075e-08,3.3623788328665747e-12,26.60634162476977,0.506928644028999,1.0,0.0,1.0,1.0,0.0
707,3.4011442103967075e-08,3.0426583773650654e-12,26.588725708531793,0.506947654440715,1.0,0.0,1.0,1.0,0.0
708,3.4011442103967075e-08,3.9228958474192205e-12,26.561393759313784,0.5069291648621966,1.0,0.0,1.0,1.0,0.0
709,3.4011442103967075e-08,3.4401476679303905e-12,26.540312553629466,0.5069210919476324,1.0,0.0,0.9999999999999999,1.0,0.0
710,3.4011442103967075e-08,3.2990740761841877e-12,26.513156553727136,0.5069973940110953,1.0,0.0,1.0,1.0,0.0
711,3.4011442103967075e-08,3.978888173303735e-12,26.48546866127849,0.5069570294382736,1.0,0.0,1.0,1.0,0.0
712,3.4011442103967075e-08,3.285659207714482e-12,26.466423356558394,0.5069769513080856,1.0,0.0,0.9999999999999999,1.0,0.0
713,3.4011442103967075e-08,3.558111587158003e-12,26.440032502166908,0.5069937481787115,1.0,0.0,0.9999999999999999,1.0,0.0
714,3.4011442103967075e-08,3.2984015415131607e-12,26.427349215828674,0.5070121075489303,1.0,0.0,0.9999999999999999,1.0,0.0
715,3.4011442103967075e-08,3.5323189027317775e-12,26.40241860052595,0.5069751283918936,1.0,0.0,1.0000000000000002,1.0,0.0
716,3.4011442103967075e-08,3.795138319876397e-12,26.375446621241352,0.5069709617263121,1.0,0.0,1.0000000000000002,1.0,0.0
717,3.4011442103967075e-08,3.7294740378121235e-12,26.346346827894976,0.5069854148475482,1.0,0.0,0.9999999999999999,1.0,0.0
718,3.4011442103967075e-08,3.0227442993012486e-12,26.331205063680297,0.507024867962274,1.0,0.0,1.0,1.0,0.0
719,3.4011442103967075e-08,2.7774359074167146e-12,26.322205208946656,0.5070154929647154,1.0,0.0,0.9999999999999999,1.0000000000000002,0.0
720,3.4011442103967075e-08,3.5083835379619433e-12,26.299581262382986,0.5070279929614602,1.0,0.0,0.9999999999999999,1.0,0.0
721,3.4011442103967075e-08,2.82209147085099e-12,26.28916318468676,0.5070087221331453,1.0,0.0,1.0,1.0,0.0
722,3.4011442103967075e-08,3.656431340636309e-12,26.258691606572935,0.5070067690086539,1.0,0.0,1.0,1.0,0.0
723,3.4011442103967075e-08,4.8550744414779434e-12,26.217071893247837,0.507027341919963,1.0,0.0,0.9999999999999999,1.0,0.0
724,3.4011442103967075e-08,3.0842496703169066e-12,26.204192466874296,0.5069769513080856,1.0,0.0,1.0,1.0,0.0
725,3.4011442103967075e-08,2.8919247728624966e-12,26.195305356447996,0.5069635398532448,1.0,0.0,0.9999999999999999,1.0,0.0
726,3.4011442103967075e-08,3.0613254144014996e-12,26.180488993275443,0.5070096335912413,1.0,0.0,0.9999999999999999,1.0,0.0
727,3.4011442103967075e-08,2.886272522876019e-12,26.164936351341098,0.506979815890673,1.0,0.0,1.0,1.0,0.0
728,3.4011442103967075e-08,3.74562714071305e-12,26.140873917086818,0.5069240867385191,1.0,0.0,0.9999999999999999,1.0000000000000002,0.0
729,3.4011442103967075e-08,2.890117583226235e-12,26.13256184652902,0.5069851544309494,1.0,0.0,1.0,1.0,0.0
730,3.4011442103967075e-08,3.023953383760991e-12,26.116915195726957,0.5069863263056442,1.0,0.0,0.9999999999999999,1.0,0.0
731,3.4011442103967075e-08,2.6596058524765794e-12,26.112369310067493,0.5069761700582891,1.0,0.0,1.0000000000000002,1.0,0.0
732,3.4011442103967075e-08,3.759392576120025e-12,26.087571562692784,0.5069127586164691,1.0,0.0,1.0,1.0,0.0
733,3.4011442103967075e-08,3.6150174297193758e-12,26.067994583349698,0.5070046856758631,1.0,0.0,1.0000000000000002,1.0,0.0
734,3.4011442103967075e-08,3.6591682630266e-12,26.03840889775574,0.5070296856693527,1.0,0.0,0.9999999999999999,1.0,0.0
735,3.4011442103967075e-08,2.8424106904411168e-12,26.029239965723246,0.5070055971339591,1.0,0.0,1.0000000000000002,1.0,0.0
736,3.4011442103967075e-08,3.300881815951636e-12,26.01145996661323,0.5069428367336363,1.0,0.0,1.0,1.0000000000000002,0.0
737,3.4011442103967075e-08,3.1033096490077983e-12,25.99807478568026,0.5069634096449454,1.0,0.0,1.0000000000000002,1.0,0.0
738,3.4011442103967075e-08,3.5870420601612325e-12,25.97687869826141,0.506978904432577,1.0,0.0,1.0,1.0,0.0
739,3.4011442103967075e-08,3.1921018901353865e-12,25.9627167746787,0.5068867169565842,1.0,0.0,1.0000000000000002,1.0,0.0
740,3.4011442103967075e-08,3.5209471769379027e-12,25.94202317032845,0.5069582013129684,1.0,0.0,1.0,1.0,0.0
741,3.4011442103967075e-08,3.1899257040843685e-12,25.926014334166364,0.5069544252722851,1.0,0.0,1.0,1.0,0.0
742,3.4011442103967075e-08,3.865700882055281e-12,25.894581657049308,0.5069316388198857,1.0,0.0,1.0000000000000002,1.0,0.0
743,3.4011442103967075e-08,2.8455024059537978e-12,25.88304777494123,0.5069234356970219,1.0,0.0,0.9999999999999999,1.0,0.0
744,3.4011442103967075e-08,3.0235350641366663e-12,25.873415809164843,0.5069192690314404,1.0,0.0,0.9999999999999999,1.0,0.0
745,3.4011442103967075e-08,3.912519398746923e-12,25.83358971936733,0.5069701804765155,1.0,0.0,1.0,1.0,0.0
746,3.4011442103967075e-08,3.782205622846345e-12,25.80823594837315,0.5069533836058897,1.0,0.0,0.9999999999999999,1.0,0.0
747,3.4011442103967075e-08,3.433723666965541e-12,25.791256354632182,0.5069402325676478,1.0,0.0,1.0000000000000002,1.0,0.0
748,3.4011442103967075e-08,3.4711504882694073e-12,25.771344513268822,0.5070011700517786,1.0,0.0,1.0000000000000002,1.0,0.0
749,3.4011442103967075e-08,2.997622918214883e-12,25.758928045996768,0.5069167950737513,1.0,0.0,1.0,1.0,0.0
750,3.4011442103967075e-08,2.5565937435917703e-12,25.754483342701633,0.5069358054854674,1.0,0.0,0.9999999999999999,1.0,0.0
751,3.4011442103967075e-08,3.1500160999173115e-12,25.743463402275975,0.5069739565171988,1.0,0.0,1.0,1.0,0.0
752,3.4011442103967075e-08,3.2549391218194483e-12,25.72302035821553,0.5069466127743196,1.0,0.0,1.0,1.0,0.0
753,3.4011442103967075e-08,3.3016965558065942e-12,25.7060212309025,0.5069582013129684,1.0,0.0,1.0,1.0,0.0
754,3.4011442103967075e-08,3.666224004505959e-12,25.680992392208932,0.5069445294415288,1.0,0.0,1.0000000000000002,1.0,0.0
755,3.4011442103967075e-08,2.849896359141136e-12,25.6713555863256,0.506871352377252,1.0,0.0,1.0000000000000002,1.0,0.0
756,3.4011442103967075e-08,2.89313268981171e-12,25.66321532446498,0.5068324200957239,1.0,0.0,1.0,1.0,0.0
757,3.4011442103967075e-08,2.9351039628285823e-12,25.65354326296207,0.5068042951030481,1.0,0.0,1.0000000000000002,1.0,0.0
758,3.4011442103967075e-08,3.3282132291530996e-12,25.636050609161547,0.506795050313789,1.0,0.0,1.0000000000000002,1.0,0.0
759,3.4011442103967075e-08,3.4044076465478707e-12,25.617956115011214,0.5067998680208677,1.0,0.0,0.9999999999999999,1.0,0.0
760,3.4011442103967075e-08,3.123140145655388e-12,25.60288100012994,0.5068497377995475,1.0,0.0,1.0,1.0000000000000002,0.0
761,3.4011442103967075e-08,2.7423917674329823e-12,25.595898296803167,0.5069101544504806,1.0,0.0,1.0,1.0,0.0
762,3.4011442103967075e-08,3.359231159057591e-12,25.574330718306957,0.5068256492641539,1.0,0.0,1.0000000000000002,1.0,0.0
763,3.4011442103967075e-08,3.3282781274857724e-12,25.55994910017723,0.5068571596726147,1.0,0.0,0.9999999999999999,1.0,0.0
764,3.4011442103967075e-08,3.0641719493437842e-12,25.547246252812492,0.5068856752901887,1.0,0.0,0.9999999999999999,1.0,0.0
765,3.4011442103967075e-08,3.1132713053904356e-12,25.53433292034542,0.5068369773862038,1.0,0.0,1.0,1.0,0.0
766,3.4011442103967075e-08,3.262704015125184e-12,25.51524207670169,0.5068794252918163,1.0,0.0,0.9999999999999999,1.0,0.0
767,3.4011442103967075e-08,3.1239879643156767e-12,25.504537575147793,0.5068838523739968,1.0,0.0,1.0000000000000002,1.0,0.0
768,3.4011442103967075e-08,3.1556389934456093e-12,25.489039192850132,0.5068329409289216,1.0,0.0,1.0,1.0,0.0
769,3.4011442103967075e-08,3.0683048695523886e-12,25.47437694554709,0.506833982595317,1.0,0.0,0.9999999999999999,1.0,0.0
770,3.4011442103967075e-08,4.676762048350402e-12,25.4341785090931,0.5068355450949101,1.0,0.0,0.9999999999999999,1.0,0.0
771,3.4011442103967075e-08,3.655475826360621e-12,25.417340086040472,0.5068598940469026,1.0,0.0,1.0,1.0,0.0
772,3.4011442103967075e-08,2.8173423702573244e-12,25.409848393949204,0.5067985659378734,1.0,0.0,1.0,1.0000000000000002,0.0
773,3.4011442103967075e-08,3.0939652742270612e-12,25.40071419356165,0.5067645815717235,1.0,0.0,1.0,1.0,0.0
774,3.4011442103967075e-08,3.3125455153073087e-12,25.384154748838576,0.5067725242779885,1.0,0.0,1.0,1.0,0.0
775,3.4011442103967075e-08,2.997557840884822e-12,25.374469881931876,0.5067826805253436,1.0,0.0,1.0,1.0,0.0
776,3.4011442103967075e-08,2.680863304032706e-12,25.370062377913115,0.5066929670070398,1.0,0.0,0.9999999999999999,1.0,0.0
777,3.4011442103967075e-08,2.885762786569009e-12,25.361560535446564,0.5067115867938576,1.0,0.0,1.0,1.0000000000000002,0.0
778,3.4011442103967075e-08,3.682122530835518e-12,25.335547711787406,0.5067363263707484,1.0,0.0,1.0,1.0,0.0
779,3.4011442103967075e-08,3.960268308872444e-12,25.314712094681855,0.5067243472072013,1.0,0.0,0.9999999999999999,1.0,0.0
780,3.4011442103967075e-08,4.204549754223897e-12,25.2891089139165,0.5068062482275395,1.0,0.0,1.0,1.0,0.0
781,3.4011442103967075e-08,2.866412000982791e-12,25.281898808699353,0.5068298159297354,1.0,0.0,1.0,1.0,0.0
782,3.4011442103967075e-08,3.6486352110027855e-12,25.259579447820407,0.5067873680241229,1.0,0.0,1.0,1.0,0.0
783,3.4011442103967075e-08,3.3808266378864367e-12,25.246604616525946,0.5067554669907638,1.0,0.0,0.9999999999999999,1.0000000000000002,0.0
784,3.4011442103967075e-08,3.1825713679719446e-12,25.230328171160018,0.5066769513862106,1.0,0.0,1.0000000000000002,1.0,0.0
785,3.4011442103967075e-08,2.8546076355671426e-12,25.22228777119664,0.5067121076270553,1.0,0.0,0.9999999999999999,1.0,0.0
786,3.4011442103967075e-08,3.6489450001449505e-12,25.198219810588004,0.5067324201217656,1.0,0.0,0.9999999999999999,1.0,0.0
787,3.4011442103967075e-08,3.2965330717690297e-12,25.180715101520956,0.506763800321927,1.0,0.0,0.9999999999999999,1.0,0.0
788,3.4011442103967075e-08,3.614172560218885e-12,25.15722338147083,0.5067721336530902,1.0,0.0,0.9999999999999999,1.0000000000000002,0.0
789,3.4011442103967075e-08,2.858155436807212e-12,25.144041768158747,0.5068131492674091,1.0,0.0,1.0000000000000002,1.0000000000000002,0.0
790,3.4011442103967075e-08,2.962746011248075e-12,25.132621688919976,0.5069104148670794,1.0,0.0,1.0,1.0,0.0
791,3.4011442103967075e-08,3.2374930820405e-12,25.118712520608547,0.5068703107108565,1.0,0.0,1.0,1.0,0.0
792,3.4011442103967075e-08,2.973703367215614e-12,25.11015456360874,0.5068723940436474,1.0,0.0,1.0,1.0,0.0
793,3.4011442103967075e-08,3.6049758506132485e-12,25.091481324851657,0.5069193992397398,1.0,0.0,1.0,1.0,0.0
794,3.4011442103967075e-08,3.4684956943794604e-12,25.073579962384166,0.5069477846490145,1.0,0.0,0.9999999999999999,1.0,0.0
795,3.4011442103967075e-08,3.3048706786836976e-12,25.05692941305175,0.5068671857116704,1.0,0.0,0.9999999999999999,1.0,0.0
796,3.4011442103967075e-08,3.1841522906267096e-12,25.045126855151313,0.5068178367661883,1.0,0.0,0.9999999999999999,1.0,0.0
797,3.4011442103967075e-08,3.3716997824273308e-12,25.03005718432558,0.5067269513731898,1.0,0.0,1.0000000000000002,1.0,0.0
798,3.4011442103967075e-08,3.839924213247773e-12,25.00443058811775,0.5066582013910934,1.0,0.0,1.0,1.0,0.0
799,3.4011442103967075e-08,3.5485905024014202e-12,24.981164889311547,0.5066846336758767,1.0,0.0,1.0,1.0,0.0
800,3.4011442103967075e-08,3.215795044478851e-12,24.965631893172336,0.5066957013813278,1.0,0.0,0.9999999999999999,1.0,0.0
801,3.4011442103967075e-08,2.946281602174309e-12,24.95536540381402,0.506727341998088,1.0,0.0,1.0000000000000002,1.0,0.0
802,3.4011442103967075e-08,2.731438516417346e-12,24.950429430817184,0.5067720034447908,1.0,0.0,1.0000000000000002,1.0,0.0
803,3.4011442103967075e-08,3.4561954343098664e-12,24.928460947666277,0.5067236961657041,1.0,0.0,1.0000000000000002,1.0,0.0
804,3.4011442103967075e-08,2.694080042161038e-12,24.92285051156868,0.5066940086734353,1.0,0.0,0.9999999999999999,1.0,0.0
805,3.4011442103967075e-08,3.020664953191236e-12,24.911477614848014,0.5066802065936962,1.0,0.0,1.0,1.0,0.0
806,3.4011442103967075e-08,3.5737818827915066e-12,24.89086089215657,0.5066296857735193,1.0,0.0,1.0000000000000002,1.0,0.0
807,3.4011442103967075e-08,3.4434748471716026e-12,24.872240183259997,0.5066683576384485,1.0,0.0,1.0000000000000002,1.0,0.0
808,3.4011442103967075e-08,3.3566245493059996e-12,24.851241764572784,0.5066583315993928,1.0,0.0,0.9999999999999999,1.0,0.0
809,3.4011442103967075e-08,3.0620323371844255e-12,24.84053418365586,0.5066986961722145,1.0,0.0,1.0,1.0000000000000002,0.0
810,3.4011442103967075e-08,3.2193027716816973e-12,24.82796900273642,0.5066898420078536,1.0,0.0,0.9999999999999999,1.0,0.0
811,3.4011442103967075e-08,3.602063977027568e-12,24.814383720224573,0.5066845034675772,1.0,0.0,0.9999999999999999,1.0,0.0
812,3.4011442103967075e-08,3.2207664873981835e-12,24.801987769782524,0.5067437482438155,1.0,0.0,0.9999999999999999,1.0,0.0
813,3.4011442103967075e-08,3.4919199621955942e-12,24.78049351808084,0.5067906232316085,1.0,0.0,0.9999999999999999,1.0,0.0
814,3.4011442103967075e-08,2.7545679913665626e-12,24.770059797951323,0.506739581578234,1.0,0.0,1.0000000000000002,1.0000000000000002,0.0
815,3.4011442103967075e-08,4.255951773376236e-12,24.74224161234241,0.5067032534626944,1.0,0.0,1.0000000000000002,1.0,0.0
816,3.4011442103967075e-08,3.3190579597762972e-12,24.727568265518073,0.5066989565888134,1.0,0.0,1.0,1.0,0.0
817,3.4011442103967075e-08,2.958180239333508e-12,24.715334598628406,0.5067071597116771,1.0,0.0,1.0000000000000002,1.0,0.0
818,3.4011442103967075e-08,3.4596061604124573e-12,24.69472850352949,0.5067253888735966,1.0,0.0,1.0,1.0,0.0
819,3.4011442103967075e-08,3.400938815920813e-12,24.681735985370057,0.5066894513829554,1.0,0.0,0.9999999999999999,1.0,0.0
820,3.4011442103967075e-08,2.553384099985554e-12,24.674237736533904,0.5067139305432472,1.0,0.0,0.9999999999999999,1.0000000000000002,0.0
821,3.4011442103967075e-08,3.7343763201127916e-12,24.650709240911535,0.5066692690965445,1.0,0.0,1.0,1.0,0.0
822,3.4011442103967075e-08,3.638553177211515e-12,24.63036573005296,0.5067066388784794,1.0,0.0,1.0,1.0,0.0
823,3.4011442103967075e-08,4.1461499770530595e-12,24.60066644794839,0.5066381493129819,1.0,0.0,1.0,1.0,0.0
824,3.4011442103967075e-08,3.911803887404352e-12,24.579299012851955,0.5067149722096427,1.0,0.0,1.0000000000000002,1.0000000000000002,0.0
825,3.4011442103967075e-08,3.2486810434863574e-12,24.567103044103746,0.5066820295098882,1.0,0.0,1.0000000000000002,1.0,0.0
826,3.4011442103967075e-08,3.0953011872538053e-12,24.561526728965905,0.5066799461770973,1.0,0.0,1.0,1.0,0.0
827,3.4011442103967075e-08,3.75655510277249e-12,24.5347195655794,0.5066811180517922,1.0,0.0,1.0,1.0000000000000002,0.0
828,3.4011442103967075e-08,3.172305738306464e-12,24.520982937866037,0.5067308576221725,1.0,0.0,0.9999999999999999,1.0,0.0
829,3.4011442103967075e-08,3.354953314093259e-12,24.503467467497067,0.5067036440875927,1.0,0.0,1.0000000000000002,1.0,0.0
830,3.4011442103967075e-08,2.96695159522574e-12,24.495653873962723,0.5066630190981721,1.0,0.0,1.0000000000000002,1.0,0.0
831,3.4011442103967075e-08,3.3819969416495642e-12,24.481914941632706,0.5066643211811663,1.0,0.0,1.0,1.0,0.0
832,3.4011442103967075e-08,2.903827486940429e-12,24.475833252033485,0.5067272117897886,1.0,0.0,0.9999999999999999,1.0,0.0
833,3.4011442103967075e-08,3.1332049542007843e-12,24.46498483641031,0.5066742170119226,1.0,0.0,0.9999999999999999,1.0,0.0
834,3.4011442103967075e-08,3.114366132829333e-12,24.456106545499516,0.506668227430149,1.0,0.0,1.0,1.0,0.0
835,3.4011442103967075e-08,3.3017438675963e-12,24.445767290829632,0.5066484357686365,1.0,0.0,1.0,1.0,0.0
836,3.4011442103967075e-08,3.4068899077801965e-12,24.426777832825262,0.5066764305530129,1.0,0.0,1.0000000000000002,1.0,0.0
837,3.4011442103967075e-08,2.965553628479576e-12,24.417547229667345,0.5066829409679842,1.0,0.0,1.0000000000000002,1.0,0.0
838,3.4011442103967075e-08,3.7822903083534775e-12,24.395262761768482,0.506662368056675,1.0,0.0,1.0,1.0,0.0
839,3.4011442103967075e-08,3.1857180135141868e-12,24.377425086287417,0.5066151024439838,1.0,0.0,1.0,1.0,0.0
840,3.4011442103967075e-08,3.295550340150601e-12,24.359932202784425,0.506573826413066,1.0,0.0,1.0,1.0,0.0
841,3.4011442103967075e-08,3.109670621307159e-12,24.346409675094165,0.5065891909923982,1.0,0.0,0.9999999999999999,1.0,0.0
842,3.4011442103967075e-08,2.8477972563848586e-12,24.339969912238544,0.5066322899395078,1.0,0.0,1.0,1.0,0.0
843,3.4011442103967075e-08,3.0106520002034814e-12,24.330957221531687,0.5066604149321836,1.0,0.0,1.0000000000000002,1.0,0.0
844,3.4011442103967075e-08,3.3426319317927847e-12,24.318108128053275,0.5067546857409673,1.0,0.0,0.9999999999999999,1.0,0.0
845,3.4011442103967075e-08,3.905112918674635e-12,24.29463113812181,0.5067320294968674,1.0,0.0,1.0000000000000002,1.0,0.0
846,3.4011442103967075e-08,3.9430909033880345e-12,24.273405612533836,0.5066749982617192,1.0,0.0,1.0,1.0,0.0
847,3.4011442103967075e-08,2.8509335067431576e-12,24.265209525844234,0.5066417951453659,1.0,0.0,1.0,1.0,0.0
848,3.4011442103967075e-08,3.4790795600056626e-12,24.24891448856306,0.5066117170281987,1.0,0.0,1.0000000000000002,1.0,0.0
849,3.4011442103967075e-08,3.847066591140437e-12,24.22979650661336,0.5066361961884905,1.0,0.0,1.0000000000000002,1.0,0.0
850,3.4011442103967075e-08,3.204234776197997e-12,24.217965842253008,0.5066192691095653,1.0,0.0,0.9999999999999999,1.0,0.0
851,3.4011442103967075e-08,3.930585771101217e-12,24.195751807058787,0.5066364566050894,1.0,0.0,0.9999999999999999,1.0,0.0
852,3.4011442103967075e-08,2.813649374423915e-12,24.188900595294857,0.5066252586913389,1.0,0.0,0.9999999999999999,1.0,0.0
853,3.4011442103967075e-08,3.181105301244999e-12,24.17834444160773,0.5066070295294194,1.0,0.0,1.0,1.0,0.0
854,3.4011442103967075e-08,3.0993506224642702e-12,24.167600822032057,0.5066161441103791,1.0,0.0,1.0,1.0,0.0
855,3.4011442103967075e-08,3.2067353439253858e-12,24.153586139164585,0.5066638003479687,1.0,0.0,0.9999999999999999,1.0,0.0
856,3.4011442103967075e-08,3.3937660857448606e-12,24.137228975897827,0.5066748680534198,1.0,0.0,1.0,1.0,0.0
857,3.4011442103967075e-08,3.787227602448059e-12,24.117916074900652,0.5067380190786409,1.0,0.0,1.0000000000000002,1.0000000000000002,0.0
858,3.4011442103967075e-08,3.069309960062003e-12,24.108111892914618,0.5067614565725373,1.0,0.0,1.0,1.0,0.0
859,3.4011442103967075e-08,3.430888270378022e-12,24.0906210031958,0.5067364565790478,1.0,0.0,0.9999999999999999,1.0,0.0
860,3.4011442103967075e-08,3.1092119817225346e-12,24.079174229716386,0.5067113263772588,1.0,0.0,0.9999999999999999,1.0,0.0
861,3.4011442103967075e-08,3.557540756650306e-12,24.066736407852957,0.5066356753552929,1.0,0.0,1.0000000000000002,1.0,0.0
862,3.4011442103967075e-08,3.5694226927152977e-12,24.04659276727288,0.5066615868068785,1.0,0.0,1.0,1.0,0.0
863,3.4011442103967075e-08,3.4385168670932297e-12,24.03473402317147,0.5066805972185945,1.0,0.0,0.9999999999999999,1.0,0.0
864,3.4011442103967075e-08,3.2558856260144656e-12,24.024984833148373,0.5066886701331588,1.0,0.0,0.9999999999999999,1.0,0.0
865,3.4011442103967075e-08,3.2902811364791087e-12,24.009571364823028,0.5066953107564295,1.0,0.0,1.0000000000000002,1.0000000000000002,0.0
866,3.4011442103967075e-08,3.01619472619634e-12,24.00090887254407,0.5066436180615578,1.0,0.0,0.9999999999999999,1.0,0.0
867,3.4011442103967075e-08,4.02841159905151e-12,23.978489882316072,0.5066615868068785,1.0,0.0,0.9999999999999999,1.0,0.0
868,3.4011442103967075e-08,3.676320699673377e-12,23.956527369551473,0.5066078107792159,1.0,0.0,1.0,1.0,0.0
869,3.4011442103967075e-08,3.0873009195355485e-12,23.947626023255502,0.5066399722291739,1.0,0.0,0.9999999999999999,1.0,0.0
870,3.4011442103967075e-08,3.2123414738203977e-12,23.93942249321682,0.5066531232674159,1.0,0.0,1.0000000000000002,1.0000000000000002,0.0
871,3.4011442103967075e-08,3.914686473892069e-12,23.920543098148002,0.5066178368182717,1.0,0.0,1.0,1.0,0.0
872,3.4011442103967075e-08,2.656008079287441e-12,23.916630261341815,0.5066006493227476,1.0,0.0,1.0,1.0,0.0
873,3.4011442103967075e-08,3.6213875165668286e-12,23.90158156742792,0.5066225243170509,1.0,0.0,0.9999999999999999,1.0000000000000002,0.0
874,3.4011442103967075e-08,3.6118999646483637e-12,23.889944708223414,0.5066325503561067,1.0,0.0,0.9999999999999999,1.0,0.0
875,3.4011442103967075e-08,3.5444361114120575e-12,23.86913255290342,0.5066378888963831,1.0,0.0,1.0000000000000002,1.0,0.0
876,3.4011442103967075e-08,2.999187235967579e-12,23.86046999376576,0.5067342430379576,1.0,0.0,1.0000000000000002,1.0,0.0
877,3.4011442103967075e-08,3.804671889306838e-12,23.838164720639238,0.5066266909826326,1.0,0.0,1.0,1.0,0.0
878,3.4011442103967075e-08,3.4328976804806818e-12,23.825156128707416,0.5066298159818188,1.0,0.0,1.0,1.0,0.0
879,3.4011442103967075e-08,4.329861991175126e-12,23.805943229263615,0.506604164946832,1.0,0.0,1.0000000000000002,1.0,0.0
880,3.4011442103967075e-08,3.9718712094866634e-12,23.78448978484964,0.5067243472072013,1.0,0.0,1.0000000000000002,1.0,0.0
881,3.4011442103967075e-08,3.3089015420159775e-12,23.768969126385798,0.5066575503495963,1.0,0.0,1.0,1.0,0.0
882,3.4011442103967075e-08,3.6335264449603506e-12,23.753060606582512,0.5066367170216882,1.0,0.0,1.0,1.0,0.0
883,3.4011442103967075e-08,3.3478586239181054e-12,23.738297530781534,0.5065700503723827,1.0,0.0,1.0,1.0,0.0
884,3.4011442103967075e-08,2.935574307473979e-12,23.73584409842481,0.5066260399411354,1.0,0.0,0.9999999999999999,1.0,0.0
885,3.4011442103967075e-08,3.1299349864685775e-12,23.725789239230018,0.506639711812575,1.0,0.0,1.0,1.0,0.0
886,3.4011442103967075e-08,3.2156436614946358e-12,23.714244939145956,0.5066438784781566,1.0,0.0,1.0000000000000002,1.0,0.0
887,3.4011442103967075e-08,2.9625458485112548e-12,23.707627217671728,0.5067091128361685,1.0,0.0,1.0,1.0,0.0
888,3.4011442103967075e-08,3.140028013605989e-12,23.698859147265356,0.5066921857572433,1.0,0.0,0.9999999999999999,1.0,0.0
889,3.4011442103967075e-08,2.7309971287446183e-12,23.69494952683804,0.5065627587076149,1.0,0.0,0.9999999999999999,1.0,0.0
890,3.4011442103967075e-08,3.0690355623858126e-12,23.68500550855068,0.5064938785172192,1.0,0.0,0.9999999999999999,1.0,0.0
891,3.4011442103967075e-08,3.235596814797493e-12,23.67221522750863,0.5065381493390236,1.0,0.0,1.0000000000000002,1.0,0.0
892,3.4011442103967075e-08,2.8432420716594354e-12,23.66838545302796,0.5065675764146936,1.0,0.0,1.0,1.0,0.0
893,3.4011442103967075e-08,4.00113703045941e-12,23.64940981177931,0.506552342043661,1.0,0.0,0.9999999999999999,1.0,0.0
894,3.4011442103967075e-08,3.994347235961896e-12,23.626326030970557,0.5065007795570886,1.0,0.0,1.0,1.0,0.0
895,3.4011442103967075e-08,3.753558902852347e-12,23.60939287242884,0.5065786441201447,1.0,0.0,0.9999999999999999,1.0,0.0
896,3.4011442103967075e-08,3.1380538626976838e-12,23.601605960830312,0.5065415347548087,1.0,0.0,0.9999999999999999,1.0,0.0
897,3.4011442103967075e-08,3.133666581124968e-12,23.589418321951698,0.5065624982910161,1.0,0.0,1.0,1.0,0.0
898,3.4011442103967075e-08,3.5246006280043366e-12,23.57594879319716,0.5065997378646516,1.0,0.0,1.0,1.0,0.0
899,3.4011442103967075e-08,3.2298649128413535e-12,23.563708936660518,0.5066678368052508,1.0,0.0,1.0,1.0,0.0
900,3.4011442103967075e-08,2.6906305515421487e-12,23.561617711206374,0.5065871076596073,1.0,0.0,0.9999999999999999,1.0000000000000002,0.0
901,3.4011442103967075e-08,3.698568787261266e-12,23.543726855441374,0.5065406232967127,1.0,0.0,1.0000000000000002,1.0,0.0
902,3.4011442103967075e-08,4.0463162486294194e-12,23.5251866260477,0.5065316389240524,1.0,0.0,1.0000000000000002,1.0,0.0
903,3.4011442103967075e-08,3.3686100029154026e-12,23.514181421767326,0.506556638917542,1.0,0.0,0.9999999999999998,1.0000000000000002,0.0
904,3.4011442103967075e-08,3.1679448754913064e-12,23.503843187260273,0.506573826413066,1.0,0.0,1.0,1.0000000000000002,0.0
905,3.4011442103967075e-08,3.663845665434857e-12,23.487709973642286,0.5064678368573341,1.0,0.0,1.0000000000000002,1.0,0.0
906,3.4011442103967075e-08,3.1806751877657275e-12,23.47949694577897,0.5064725243561135,1.0,0.0,0.9999999999999999,1.0,0.0
907,3.4011442103967075e-08,3.614100945090847e-12,23.466313746100358,0.5065369774643288,1.0,0.0,0.9999999999999999,1.0,0.0
908,3.4011442103967075e-08,3.50103933272514e-12,23.45360769163953,0.5065528628768586,1.0,0.0,1.0,1.0,0.0
909,3.4011442103967075e-08,3.004394831458025e-12,23.44524076165618,0.5064825503951692,1.0,0.0,0.9999999999999999,1.0,0.0
910,3.4011442103967075e-08,2.8161187676372157e-12,23.440645303736225,0.5064720035229158,1.0,0.0,0.9999999999999999,1.0,0.0
911,3.4011442103967075e-08,3.501980691681671e-12,23.424915798633617,0.5064673160241364,1.0,0.0,1.0,1.0,0.0
912,3.4011442103967075e-08,3.4057649364507443e-12,23.41316063071016,0.5064627587336565,1.0,0.0,1.0000000000000002,1.0,0.0
913,3.4011442103967075e-08,3.802803913708147e-12,23.398097075763776,0.5064337222828849,1.0,0.0,1.0,1.0,0.0
914,3.4011442103967075e-08,3.634151704605538e-12,23.383898069233222,0.5064458316547313,1.0,0.0,1.0000000000000002,1.0,0.0
915,3.4011442103967075e-08,3.4982331293972674e-12,23.368916855897236,0.5064403629061555,1.0,0.0,1.0000000000000002,1.0,0.0
916,3.4011442103967075e-08,3.0156938295115487e-12,23.361713010561484,0.506482810811768,1.0,0.0,0.9999999999999999,1.0000000000000002,0.0
917,3.4011442103967075e-08,3.448922288499848e-12,23.351128675850173,0.5064687483154301,1.0,0.0,0.9999999999999999,1.0,0.0
918,3.4011442103967075e-08,3.473461885269752e-12,23.339245356020342,0.5064929670591232,1.0,0.0,1.0,1.0,0.0
919,3.4011442103967075e-08,3.0261239449829475e-12,23.332361406823455,0.5065204410103018,1.0,0.0,0.9999999999999999,1.0,0.0
920,3.4011442103967075e-08,3.7421978899977235e-12,23.316433650819306,0.5065742170379643,1.0,0.0,0.9999999999999999,1.0,0.0
921,3.4011442103967075e-08,3.262476572501246e-12,23.306009980428332,0.5065975243235614,1.0,0.0,1.0,1.0,0.0
922,3.4011442103967075e-08,3.2708947751507726e-12,23.29262925198763,0.5065343732983403,1.0,0.0,1.0,1.0,0.0
923,3.4011442103967075e-08,3.2678417482121926e-12,23.281158967658442,0.5065369774643288,1.0,0.0,0.9999999999999999,1.0,0.0
924,3.4011442103967075e-08,3.643349677667042e-12,23.26977567634403,0.5065632795408126,1.0,0.0,0.9999999999999999,1.0,0.0
925,3.4011442103967075e-08,3.4320520409231194e-12,23.257086526783024,0.5065829409940258,1.0,0.0,1.0,1.0,0.0
926,3.4011442103967075e-08,3.895776012280229e-12,23.23776004496765,0.5065186180941099,1.0,0.0,1.0,1.0,0.0
927,3.4011442103967075e-08,2.9036886199115974e-12,23.23533152677849,0.5065166649696184,1.0,0.0,1.0,1.0,0.0
928,3.4011442103967075e-08,3.446493488785192e-12,23.223648975080668,0.5065229149679908,1.0,0.0,1.0,1.0,0.0
929,3.4011442103967075e-08,3.7532873344757474e-12,23.20769800456062,0.5064994774740944,1.0,0.0,1.0000000000000002,1.0,0.0
930,3.4011442103967075e-08,3.6212380745021093e-12,23.19541128885515,0.5065429670461024,1.0,0.0,0.9999999999999999,1.0,0.0
931,3.4011442103967075e-08,3.3119749714022835e-12,23.18805540229175,0.506510414971246,1.0,0.0,1.0,1.0000000000000002,0.0
932,3.4011442103967075e-08,4.296615183327727e-12,23.170657843770496,0.5065286441331656,1.0,0.0,0.9999999999999999,1.0,0.0
933,3.4011442103967075e-08,3.5859951940278225e-12,23.157096329332212,0.5065389305888202,1.0,0.0,0.9999999999999999,1.0,0.0
934,3.4011442103967075e-08,3.815361801592792e-12,23.13802117252038,0.5064563785269848,1.0,0.0,1.0,1.0,0.0
935,3.4011442103967075e-08,3.997568289007441e-12,23.11583949636384,0.5064701806067238,1.0,0.0,1.0,1.0,0.0
936,3.4011442103967075e-08,3.1532404373899246e-12,23.10541546869439,0.5064871076856491,1.0,0.0,1.0,1.0,0.0
937,3.4011442103967075e-08,2.845761244861577e-12,23.101882197915312,0.5064825503951692,1.0,0.0,1.0,1.0,0.0
938,3.4011442103967075e-08,3.0365328341079228e-12,23.093144267552702,0.5064221337442361,1.0,0.0,1.0,1.0,0.0
939,3.4011442103967075e-08,3.927577630985372e-12,23.07749466183926,0.5064233056189308,1.0,0.0,1.0000000000000002,1.0,0.0
940,3.4011442103967075e-08,3.5016293443901216e-12,23.061893859950814,0.5065119774708392,1.0,0.0,1.0000000000000002,1.0,0.0
941,3.4011442103967075e-08,2.8766070432895483e-12,23.05644432673982,0.5064283837426083,1.0,0.0,1.0,1.0,0.0
942,3.4011442103967075e-08,2.934417755539674e-12,23.046015821076992,0.506431638950094,1.0,0.0,1.0000000000000002,1.0,0.0
943,3.4011442103967075e-08,2.938419956247266e-12,23.040297759456536,0.5063916650021706,1.0,0.0,0.9999999999999999,1.0,0.0
944,3.4011442103967075e-08,3.1612115411028313e-12,23.032081700109728,0.5063794254220246,1.0,0.0,1.0,1.0,0.0
945,3.4011442103967075e-08,3.4014047815237174e-12,23.018967609051852,0.5064123681217791,1.0,0.0,1.0000000000000002,1.0,0.0
946,3.4011442103967075e-08,3.1888933044389133e-12,23.010230600650484,0.5063033837751605,1.0,0.0,1.0000000000000002,1.0,0.0
947,3.4011442103967075e-08,3.766317923616635e-12,22.9939906776353,0.5063976545839441,1.0,0.0,0.9999999999999999,1.0,0.0
948,3.4011442103967075e-08,2.767148121496858e-12,22.99115373899487,0.5063787743805275,1.0,0.0,0.9999999999999999,1.0,0.0
949,3.4011442103967075e-08,3.504885041717811e-12,22.977358827144734,0.5063707014659632,1.0,0.0,0.9999999999999999,1.0,0.0
950,3.4011442103967075e-08,2.619921369342931e-12,22.973742518426963,0.5063752587564431,1.0,0.0,1.0000000000000002,1.0,0.0
951,3.4011442103967075e-08,3.508801517688899e-12,22.96212621891452,0.5064020816661245,1.0,0.0,1.0000000000000002,1.0,0.0
952,3.4011442103967075e-08,3.4926381847531203e-12,22.94666831165155,0.5063677066750764,1.0,0.0,1.0,1.0,0.0
953,3.4011442103967075e-08,3.6531425351066605e-12,22.934103754048156,0.5063815087548155,1.0,0.0,1.0,1.0,0.0
954,3.4011442103967075e-08,3.1526562018824997e-12,22.92451188824651,0.5064166649956602,1.0,0.0,1.0,1.0,0.0
955,3.4011442103967075e-08,3.2116579117058356e-12,22.914548319035276,0.5063574202194219,1.0,0.0,1.0,1.0000000000000002,0.0
956,3.4011442103967075e-08,3.2796690324999094e-12,22.903228778515214,0.5063890608361821,1.0,0.0,1.0000000000000002,1.0,0.0
957,3.4011442103967075e-08,3.1993211901198256e-12,22.895394656154668,0.5063579410526196,1.0,0.0,0.9999999999999999,1.0,0.0
958,3.4011442103967075e-08,2.970183972461377e-12,22.890569165966372,0.5064057274985084,1.0,0.0,0.9999999999999999,1.0,0.0
959,3.4011442103967075e-08,3.1831469014741983e-12,22.879521425080263,0.5064217431193377,1.0,0.0,0.9999999999999999,1.0,0.0
960,3.4011442103967075e-08,3.2022531177936455e-12,22.872122063072513,0.5063630191762971,1.0,0.0,0.9999999999999999,1.0,0.0
961,3.4011442103967075e-08,3.4897085975936646e-12,22.85799887202913,0.5064499983203129,1.0,0.0,1.0000000000000002,1.0,0.0
962,3.4011442103967075e-08,4.5713050019842445e-12,22.83886338925178,0.5064118472885815,1.0,0.0,1.0000000000000002,1.0,0.0
963,3.4011442103967075e-08,3.325136709316509e-12,22.829795343195205,0.5064014306246274,1.0,0.0,0.9999999999999999,1.0,0.0
964,3.4011442103967075e-08,3.090397307741766e-12,22.823837946624625,0.506371873340658,1.0,0.0,1.0,1.0,0.0
965,3.4011442103967075e-08,3.3938950795255834e-12,22.81357882506578,0.5063398420989994,1.0,0.0,1.0,1.0,0.0
966,3.4011442103967075e-08,3.0025818386277256e-12,22.808442693280536,0.5063846337540017,1.0,0.0,1.0,1.0000000000000002,0.0
967,3.4011442103967075e-08,3.3157177266985324e-12,22.79864026525296,0.5063171858548995,1.0,0.0,1.0,1.0,0.0
968,3.4011442103967075e-08,3.0079963400771515e-12,22.7904274876899,0.5062493473308991,1.0,0.0,1.0000000000000002,1.0,0.0
969,3.4011442103967075e-08,3.414369128181228e-12,22.78235002558108,0.5062916650282122,1.0,0.0,1.0,1.0,0.0
970,3.4011442103967075e-08,4.824196583740833e-12,22.760184058497448,0.5062453108736169,1.0,0.0,1.0,1.0,0.0
971,3.4011442103967075e-08,4.340325191724961e-12,22.741514622956913,0.5062470035815095,1.0,0.0,1.0000000000000002,1.0,0.0
972,3.4011442103967075e-08,3.0691919217363497e-12,22.73611057314284,0.5062725244081968,1.0,0.0,1.0000000000000002,1.0,0.0
973,3.4011442103967075e-08,2.8026929766380952e-12,22.732306614406653,0.5062641910770336,1.0,0.0,1.0,1.0,0.0
974,3.4011442103967075e-08,3.423659199930403e-12,22.723350117996464,0.5062597639948532,1.0,0.0,0.9999999999999999,1.0000000000000002,0.0
975,3.4011442103967075e-08,3.191465903900325e-12,22.716415300199294,0.5062242171291101,1.0,0.0,0.9999999999999999,1.0,0.0
976,3.4011442103967075e-08,3.4011848134025023e-12,22.70607518715757,0.5062389306669451,1.0,0.0,1.0,1.0,0.0
977,3.4011442103967075e-08,3.687190783458655e-12,22.69215704591682,0.5062420556661313,1.0,0.0,0.9999999999999999,1.0,0.0
978,3.4011442103967075e-08,3.991670720603198e-12,22.67240991868154,0.5062584619118589,1.0,0.0,0.9999999999999999,1.0,0.0
979,3.4011442103967075e-08,3.073230926667347e-12,22.665132666712548,0.5063317691844351,1.0,0.0,1.0,1.0,0.0
980,3.4011442103967075e-08,3.3959525695683223e-12,22.657026630761877,0.5062709619086037,1.0,0.0,1.0,1.0,0.0
981,3.4011442103967075e-08,2.806030652716192e-12,22.653338519627976,0.5063089827320357,1.0,0.0,0.9999999999999999,1.0,0.0
982,3.4011442103967075e-08,3.440555807124323e-12,22.644495165680198,0.5062624983691411,1.0,0.0,0.9999999999999999,1.0,0.0
983,3.4011442103967075e-08,3.6173021991808396e-12,22.631727994094557,0.5063295556433449,1.0,0.0,1.0,1.0,0.0
984,3.4011442103967075e-08,3.807968213675521e-12,22.617152540580776,0.5062947900273984,1.0,0.0,0.9999999999999999,1.0,0.0
985,3.4011442103967075e-08,3.4349607875596598e-12,22.605597753378316,0.5062343733764653,1.0,0.0,0.9999999999999999,1.0000000000000002,0.0
986,3.4011442103967075e-08,3.6168567906895896e-12,22.59179860027604,0.5062828108638513,1.0,0.0,1.0,1.0,0.0
987,3.4011442103967075e-08,3.3282501631620395e-12,22.581931230892835,0.5062308577523807,1.0,0.0,0.9999999999999999,1.0,0.0
988,3.4011442103967075e-08,3.1333309281070544e-12,22.57378334601394,0.5062402327499393,1.0,0.0,1.0,1.0,0.0
989,3.4011442103967075e-08,3.814219043704522e-12,22.558933078704825,0.5062207015050256,1.0,0.0,1.0000000000000002,1.0,0.0
990,3.4011442103967075e-08,3.087069975315727e-12,22.55105615921369,0.5062220035880199,1.0,0.0,1.0000000000000002,1.0,0.0
991,3.4011442103967075e-08,3.1553599654611757e-12,22.548159085337765,0.5061684879769562,1.0,0.0,1.0000000000000002,1.0,0.0
992,3.4011442103967075e-08,3.0395761804845807e-12,22.543226458232,0.5062441389989222,1.0,0.0,1.0,1.0,0.0
993,3.4011442103967075e-08,3.4890091170535705e-12,22.530796614874856,0.5062111962991677,1.0,0.0,1.0,1.0,0.0
994,3.4011442103967075e-08,2.79092422489002e-12,22.527388465389823,0.5062279931697935,1.0,0.0,0.9999999999999999,1.0,0.0
995,3.4011442103967075e-08,3.02891478356803e-12,22.523668008700437,0.5062735660745922,1.0,0.0,1.0,1.0,0.0
996,3.4011442103967075e-08,3.0141074010322637e-12,22.518130218143284,0.506210415049371,1.0,0.0,1.0,1.0,0.0
997,3.4011442103967075e-08,3.4030229101220882e-12,22.508451907215644,0.5061873681803729,1.0,0.0,1.0,1.0,0.0
998,3.4011442103967075e-08,3.311884109115692e-12,22.49589550999039,0.5061204411144684,1.0,0.0,0.9999999999999999,1.0,0.0
999,3.4011442103967075e-08,3.0248690301650055e-12,22.489446254939484,0.5061545556889178,1.0,0.0,1.0,1.0,0.0
1000,3.4011442103967075e-08,3.1832639916690163e-12,22.481611425350525,0.5061783838077125,1.0,0.0,0.9999999999999999,1.0,0.0
1001,3.4011442103967075e-08,3.2272385275041336e-12,22.472135066368818,0.5062509098304923,1.0,0.0,1.0,1.0,0.0
1002,3.4011442103967075e-08,4.625567855360408e-12,22.450112938468898,0.5062266910867992,1.0,0.0,1.0000000000000002,1.0000000000000002,0.0
1003,3.4011442103967075e-08,2.8337953652161675e-12,22.445699995444233,0.5061882796384688,1.0,0.0,0.9999999999999999,1.0,0.0
1004,3.4011442103967075e-08,3.4318231999123888e-12,22.434637514892316,0.5062286442112905,1.0,0.0,1.0,1.0,0.0
1005,3.4011442103967075e-08,3.2356016618148e-12,22.426168759775187,0.5062059879671906,1.0,0.0,0.9999999999999999,1.0,0.0
1006,3.4011442103967075e-08,3.5156688027597845e-12,22.415401219118653,0.5062266910867992,1.0,0.0,0.9999999999999999,1.0,0.0
1007,3.4011442103967075e-08,3.5692543201569694e-12,22.402292642564767,0.5061377588182919,1.0,0.0,1.0,1.0,0.0
1008,3.4011442103967075e-08,3.3579530463603318e-12,22.391316473734648,0.5061152327824915,1.0,0.0,1.0,1.0,0.0
1009,3.4011442103967075e-08,3.729422907740855e-12,22.3802980675036,0.5060861963317197,1.0,0.0,1.0,1.0,0.0
1010,3.4011442103967075e-08,3.7813316859135845e-12,22.366590824889546,0.5060484359248865,1.0,0.0,1.0000000000000002,1.0000000000000002,0.0
1011,3.4011442103967075e-08,2.6535665241450886e-12,22.365195974031742,0.5060859359151209,1.0,0.0,1.0000000000000002,1.0,0.0
1012,3.4011442103967075e-08,4.046677110268578e-12,22.346518686562234,0.5060265609305831,1.0,0.0,1.0,1.0,0.0
1013,3.4011442103967075e-08,3.202088711031975e-12,22.33788110877179,0.5059988265628056,1.0,0.0,1.0,1.0000000000000002,0.0
1014,3.4011442103967075e-08,3.1148037297129017e-12,22.332305319573294,0.5060989567450633,1.0,0.0,0.9999999999999999,1.0,0.0
1015,3.4011442103967075e-08,3.3379477969760764e-12,22.32122496322848,0.5060932275798886,1.0,0.0,1.0,1.0,0.0
1016,3.4011442103967075e-08,3.2083315969190956e-12,22.31362555036254,0.5060925765383916,1.0,0.0,1.0000000000000002,1.0,0.0
1017,3.4011442103967075e-08,3.1105418879812657e-12,22.308636940065405,0.5060845036238272,1.0,0.0,1.0000000000000002,1.0,0.0
1018,3.4011442103967075e-08,3.7544746227334715e-12,22.296428553967548,0.5060104151014544,1.0,0.0,1.0,1.0,0.0
1019,3.4011442103967075e-08,3.41827568099258e-12,22.286794825756296,0.5060473942584911,1.0,0.0,0.9999999999999999,1.0,0.0
1020,3.4011442103967075e-08,3.549607481147409e-12,22.273232552224897,0.5060484359248865,1.0,0.0,0.9999999999999999,1.0,0.0
1021,3.4011442103967075e-08,3.505243965591464e-12,22.259511448590068,0.5060318994708595,1.0,0.0,1.0000000000000002,1.0,0.0
1022,3.4011442103967075e-08,3.874412402566934e-12,22.242735468215585,0.5060294255131704,1.0,0.0,0.9999999999999999,1.0,0.0
1023,3.4011442103967075e-08,3.6548960518458e-12,22.22730120408635,0.50597291511122,1.0,0.0,0.9999999999999999,1.0,0.0
1024,3.4011442103967075e-08,2.6087212360102967e-12,22.22585655283315,0.5060253890558882,1.0,0.0,0.9999999999999999,1.0000000000000002,0.0
1025,3.4011442103967075e-08,2.8387761484903077e-12,22.220663284882544,0.5060744775847714,1.0,0.0,1.0,1.0,0.0
1026,3.4011442103967075e-08,2.872549206860827e-12,22.21487413820657,0.5059742171942143,1.0,0.0,1.0000000000000002,1.0,0.0
1027,3.4011442103967075e-08,3.2198691889802272e-12,22.209628962717055,0.5060286442633739,1.0,0.0,1.0000000000000002,1.0,0.0
1028,3.4011442103967075e-08,2.8434358027379196e-12,22.208629637432825,0.5060260400973854,1.0,0.0,0.9999999999999999,1.0,0.0
1029,3.4011442103967075e-08,3.2289476600040267e-12,22.20335439817989,0.5060377588443337,1.0,0.0,0.9999999999999999,1.0000000000000002,0.0
1030,3.4011442103967075e-08,3.3590605372001146e-12,22.193051777870725,0.5060441390510054,1.0,0.0,1.0000000000000002,1.0,0.0
1031,3.4011442103967075e-08,3.69189253285551e-12,22.177334064008303,0.5060076807271665,1.0,0.0,0.9999999999999999,1.0,0.0
1032,3.4011442103967075e-08,3.301761016039e-12,22.16766400232958,0.5060121078093469,1.0,0.0,1.0000000000000002,1.0,0.0
1033,3.4011442103967075e-08,3.4928127164450952e-12,22.154683092880628,0.5060416650933164,1.0,0.0,1.0,1.0,0.0
1034,3.4011442103967075e-08,3.438355434978576e-12,22.144289659723686,0.5059933578142297,1.0,0.0,0.9999999999999999,1.0,0.0
1035,3.4011442103967075e-08,3.7592437036040305e-12,22.131457463421132,0.5060111963512509,1.0,0.0,0.9999999999999999,1.0,0.0
1036,3.4011442103967075e-08,3.079804973879111e-12,22.125435435674962,0.5060826807076352,1.0,0.0,0.9999999999999999,1.0,0.0
1037,3.4011442103967075e-08,3.7997246588068895e-12,22.1106341219091,0.5060888004977082,1.0,0.0,1.0,1.0,0.0
1038,3.4011442103967075e-08,3.0032668704171987e-12,22.104459836046345,0.5061083317426219,1.0,0.0,0.9999999999999999,1.0,0.0
1039,3.4011442103967075e-08,3.1172560612042795e-12,22.09821467752401,0.5061342431942075,1.0,0.0,1.0,1.0,0.0
1040,3.4011442103967075e-08,3.0419595410890073e-12,22.09443994396189,0.506167185893962,1.0,0.0,0.9999999999999999,1.0,0.0
1041,3.4011442103967075e-08,3.280239253778129e-12,22.085646734344824,0.5061535140225224,1.0,0.0,1.0000000000000002,1.0,0.0
1042,3.4011442103967075e-08,3.830679290429195e-12,22.071098615795282,0.5061382796514897,1.0,0.0,0.9999999999999999,1.0,0.0
1043,3.4011442103967075e-08,2.956832722279122e-12,22.06845407025522,0.5061777327662155,1.0,0.0,0.9999999999999999,1.0,0.0
1044,3.4011442103967075e-08,3.0146188965554395e-12,22.063778505151067,0.5061352848606029,1.0,0.0,1.0000000000000002,1.0,0.0
1045,3.4011442103967075e-08,3.1607592273763165e-12,22.056055420744634,0.5061480452739465,1.0,0.0,1.0000000000000002,1.0,0.0
1046,3.4011442103967075e-08,4.283909110256162e-12,22.03754097181963,0.506119399448073,1.0,0.0,0.9999999999999999,1.0,0.0
1047,3.4011442103967075e-08,3.1700977012838343e-12,22.032627908761732,0.5061501286067374,1.0,0.0,1.0,1.0,0.0
1048,3.4011442103967075e-08,3.3977774589898375e-12,22.023029845089383,0.5062016910933096,1.0,0.0,1.0000000000000002,1.0,0.0
1049,3.4011442103967075e-08,3.964864453703098e-12,22.011025307805316,0.5061568994383074,1.0,0.0,1.0,1.0,0.0
1050,3.4011442103967075e-08,3.1761341480769344e-12,22.00294811239302,0.5061257796547449,1.0,0.0,1.0,1.0,0.0
1051,3.4011442103967075e-08,3.312870419834445e-12,21.996675351620038,0.5060791650835508,1.0,0.0,1.0000000000000002,1.0,0.0
1052,3.4011442103967075e-08,3.1437450889083822e-12,21.988943261894157,0.5061089827841191,1.0,0.0,1.0,1.0,0.0
1053,3.4011442103967075e-08,4.32801872128667e-12,21.974191654157437,0.5060475244667905,1.0,0.0,0.9999999999999999,1.0,0.0
1054,3.4011442103967075e-08,3.4009032345452976e-12,21.964213119188646,0.5060617171714278,1.0,0.0,0.9999999999999999,1.0,0.0
1055,3.4011442103967075e-08,3.616500632961391e-12,21.952780291080884,0.5061143213243955,1.0,0.0,1.0000000000000002,1.0,0.0
1056,3.4011442103967075e-08,3.680511681369659e-12,21.936700646771744,0.5060776025839576,1.0,0.0,1.0,1.0,0.0
1057,3.4011442103967075e-08,3.053753066716758e-12,21.930865817764584,0.5060368473862377,1.0,0.0,0.9999999999999999,1.0,0.0
1058,3.4011442103967075e-08,3.720436399361391e-12,21.92028734125998,0.5060412744684181,1.0,0.0,1.0000000000000002,1.0,0.0
1059,3.4011442103967075e-08,3.002498876511016e-12,21.911108226662392,0.5060615869631284,1.0,0.0,1.0000000000000002,1.0000000000000002,0.0
1060,3.4011442103967075e-08,3.70710913447633e-12,21.899647946889097,0.5061209619476662,1.0,0.0,1.0,1.0,0.0
1061,3.4011442103967075e-08,2.83507826898581e-12,21.894093796796817,0.5061246077800501,1.0,0.0,1.0,1.0,0.0
1062,3.4011442103967075e-08,3.587219970593703e-12,21.88641560063543,0.5061589827710983,1.0,0.0,1.0,1.0,0.0
1063,3.4011442103967075e-08,3.4244944807453754e-12,21.877553921483237,0.5060990869533628,1.0,0.0,1.0000000000000002,1.0,0.0
1064,3.4011442103967075e-08,2.736232717255754e-12,21.8737768922648,0.506120310906169,1.0,0.0,1.0,1.0,0.0
1065,3.4011442103967075e-08,3.0135782008371964e-12,21.864179531530752,0.5060580713390439,1.0,0.0,1.0000000000000002,1.0,0.0
1066,3.4011442103967075e-08,2.8281544188708138e-12,21.86024955718639,0.5061191390314742,1.0,0.0,1.0,1.0,0.0
1067,3.4011442103967075e-08,3.2848162301743225e-12,21.850270247939854,0.5060997379948599,1.0,0.0,1.0000000000000002,1.0,0.0
1068,3.4011442103967075e-08,3.959448686738925e-12,21.83584816666386,0.5061294254871288,1.0,0.0,0.9999999999999999,1.0,0.0
1069,3.4011442103967075e-08,3.0334560293487183e-12,21.83235272928236,0.5061222640306604,1.0,0.0,0.9999999999999999,1.0,0.0
1070,3.4011442103967075e-08,2.8951971772169277e-12,21.827047091182912,0.5061223942389599,1.0,0.0,1.0000000000000002,1.0,0.0
1071,3.4011442103967075e-08,3.819631392621504e-12,21.81221104472703,0.5061559879802114,1.0,0.0,1.0,1.0,0.0
1072,3.4011442103967075e-08,2.8670955023641343e-12,21.808736811213816,0.5061609358955896,1.0,0.0,1.0000000000000002,1.0,0.0
1073,3.4011442103967075e-08,3.5759360517103162e-12,21.795797199494267,0.5061330713195127,1.0,0.0,1.0000000000000002,1.0,0.0
1074,3.4011442103967075e-08,3.101753334984718e-12,21.791737960888952,0.5060743473764721,1.0,0.0,1.0,1.0,0.0
1075,3.4011442103967075e-08,3.3958081757382018e-12,21.78177545221611,0.5060785140420536,1.0,0.0,0.9999999999999999,1.0,0.0
1076,3.4011442103967075e-08,4.121228403205798e-12,21.767254184029436,0.5060523421738692,1.0,0.0,1.0,1.0,0.0
1077,3.4011442103967075e-08,3.1609991756383143e-12,21.759503716198378,0.5060545557149595,1.0,0.0,1.0,1.0,0.0
1078,3.4011442103967075e-08,3.4186537697938875e-12,21.75029670542677,0.5060166650998268,1.0,0.0,1.0000000000000002,1.0,0.0
1079,3.4011442103967075e-08,3.493900841255095e-12,21.74079207139553,0.5059901026067442,1.0,0.0,1.0000000000000002,1.0,0.0
1080,3.4011442103967075e-08,3.271177042987141e-12,21.73303172090838,0.5060315088459613,1.0,0.0,1.0000000000000002,1.0,0.0
1081,3.4011442103967075e-08,3.2527123418011565e-12,21.726127463038424,0.5060496077995813,1.0,0.0,0.9999999999999999,1.0,0.0
1082,3.4011442103967075e-08,3.1288582979825775e-12,21.721795976343323,0.5060559880062532,1.0,0.0,1.0,1.0,0.0
1083,3.4011442103967075e-08,4.122305331308933e-12,21.700047954305788,0.5060147119753354,1.0,0.0,1.0,1.0,0.0
1084,3.4011442103967075e-08,3.1533662155919944e-12,21.693287267315952,0.5060218734318038,1.0,0.0,1.0000000000000002,1.0,0.0
1085,3.4011442103967075e-08,3.3678258555459465e-12,21.684804083581188,0.5060476546750899,1.0,0.0,1.0,1.0,0.0
1086,3.4011442103967075e-08,3.3061998036901703e-12,21.6794865053822,0.506004165103082,1.0,0.0,1.0,1.0,0.0
1087,3.4011442103967075e-08,3.1790803980570566e-12,21.674282159166495,0.5060033838532855,1.0,0.0,1.0,1.0,0.0
1088,3.4011442103967075e-08,3.5726899549640754e-12,21.662172765405913,0.5059914046897384,1.0,0.0,1.0,1.0,0.0
1089,3.4011442103967075e-08,2.8034762790496537e-12,21.660777968381872,0.5060364567613393,1.0,0.0,1.0,1.0,0.0
1090,3.4011442103967075e-08,3.1649775219121375e-12,21.655478302581244,0.5060169255164256,1.0,0.0,0.9999999999999999,1.0,0.0
1091,3.4011442103967075e-08,3.075660126005229e-12,21.650265394031805,0.5059748682357114,1.0,0.0,1.0000000000000002,1.0,0.0
1092,3.4011442103967075e-08,2.7692922281483596e-12,21.648047318833473,0.5059813786506826,1.0,0.0,0.9999999999999999,1.0,0.0
1093,3.4011442103967075e-08,3.5629004666862508e-12,21.638310139402787,0.5060739567515737,1.0,0.0,1.0,1.0,0.0
1094,3.4011442103967075e-08,3.739932905294801e-12,21.621554664339516,0.5060776025839576,1.0,0.0,1.0,1.0,0.0
1095,3.4011442103967075e-08,3.5999631155861722e-12,21.60894589661901,0.5060282536384756,1.0,0.0,0.9999999999999999,1.0,0.0
1096,3.4011442103967075e-08,2.8775075819323904e-12,21.604668393625566,0.506010284893155,1.0,0.0,0.9999999999999999,1.0,0.0
1097,3.4011442103967075e-08,3.2516708351769373e-12,21.59397894922509,0.505971352611627,1.0,0.0,1.0,1.0,0.0
1098,3.4011442103967075e-08,3.226879655267257e-12,21.587132180187965,0.5059302067890087,1.0,0.0,1.0,1.0,0.0
1099,3.4011442103967075e-08,3.548759454343536e-12,21.577346784427483,0.5059432276189512,1.0,0.0,0.9999999999999999,1.0,0.0
1100,3.4011442103967075e-08,2.898152619079249e-12,21.57452752544366,0.5059414047027592,1.0,0.0,0.9999999999999999,1.0,0.0
1101,3.4011442103967075e-08,3.236601046746888e-12,21.566380816930366,0.5059541651161028,1.0,0.0,1.0,1.0,0.0
1102,3.4011442103967075e-08,3.32136614883855e-12,21.556518097393937,0.5059864567743602,1.0,0.0,1.0,1.0,0.0
1103,3.4011442103967075e-08,3.286666259567662e-12,21.547626645037724,0.5060251286392894,1.0,0.0,1.0000000000000002,1.0,0.0
1104,3.4011442103967075e-08,3.05924253654042e-12,21.545007588964566,0.5060842432072283,1.0,0.0,0.9999999999999999,1.0,0.0
1105,3.4011442103967075e-08,3.86288350817339e-12,21.532188453831413,0.5060757796677657,1.0,0.0,0.9999999999999999,1.0,0.0
1106,3.4011442103967075e-08,4.2998188398975885e-12,21.51459716141425,0.5060565088394509,1.0,0.0,1.0,1.0,0.0
1107,3.4011442103967075e-08,3.3220197279859894e-12,21.508134197223686,0.5060175765579228,1.0,0.0,0.9999999999999999,1.0,0.0
1108,3.4011442103967075e-08,3.58012433257661e-12,21.498390672839996,0.5060734359183761,1.0,0.0,0.9999999999999999,1.0,0.0
1109,3.4011442103967075e-08,3.2513827907638558e-12,21.492827588556857,0.5059816390672814,1.0,0.0,1.0,1.0000000000000002,0.0
1110,3.4011442103967075e-08,3.4934690879119395e-12,21.481417405919217,0.506020701557109,1.0,0.0,1.0000000000000002,1.0,0.0
1111,3.4011442103967075e-08,3.4707429584830073e-12,21.470796568312146,0.5060639307125181,1.0,0.0,0.9999999999999999,1.0,0.0
1112,3.4011442103967075e-08,3.009292213393328e-12,21.470376812493505,0.5061063786181306,1.0,0.0,1.0000000000000002,1.0,0.0
1113,3.4011442103967075e-08,2.422314383101481e-12,21.474174882918074,0.5061179671567794,1.0,0.0,1.0000000000000002,1.0,0.0
1114,3.4011442103967075e-08,3.639365423242908e-12,21.463055873473316,0.5060720036270824,1.0,0.0,1.0,1.0,0.0
1115,3.4011442103967075e-08,3.107165906303125e-12,21.457631305647467,0.5060457015505986,1.0,0.0,1.0000000000000002,1.0,0.0
1116,3.4011442103967075e-08,3.2418529995926342e-12,21.448541034886,0.5060304671795658,1.0,0.0,1.0000000000000002,1.0,0.0
1117,3.4011442103967075e-08,3.106344087681456e-12,21.441144889694268,0.5060070296856694,1.0,0.0,0.9999999999999999,1.0,0.0
1118,3.4011442103967075e-08,3.219901032724474e-12,21.434086500279943,0.5060304671795658,1.0,0.0,1.0,1.0,0.0
1119,3.4011442103967075e-08,3.107703618852588e-12,21.42852515408064,0.5060347640534468,1.0,0.0,1.0000000000000002,1.0,0.0
1120,3.4011442103967075e-08,3.3904283958022583e-12,21.42265760968687,0.5060218734318038,1.0,0.0,1.0,1.0,0.0
1121,3.4011442103967075e-08,3.706797943021084e-12,21.413941463461715,0.5060820296661381,1.0,0.0,1.0,1.0,0.0
1122,3.4011442103967075e-08,3.46008527448242e-12,21.40198321108854,0.5060278630135774,1.0,0.0,1.0000000000000002,1.0,0.0
1123,3.4011442103967075e-08,3.827312012728046e-12,21.390477694029087,0.5060572900892474,1.0,0.0,0.9999999999999999,1.0000000000000002,0.0
1124,3.4011442103967075e-08,3.5424095302706323e-12,21.381054718196953,0.5060385400941302,1.0,0.0,1.0000000000000002,1.0,0.0
1125,3.4011442103967075e-08,3.0137579530644302e-12,21.37617204747547,0.5060104151014544,1.0,0.0,0.9999999999999999,1.0,0.0
1126,3.4011442103967075e-08,3.283427305311484e-12,21.369356086240042,0.5060454411339997,1.0,0.0,0.9999999999999999,1.0000000000000002,0.0
1127,3.4011442103967075e-08,3.90083501318104e-12,21.358761080949794,0.5059578109484867,1.0,0.0,1.0,1.0000000000000002,0.0
1128,3.4011442103967075e-08,2.988717786287641e-12,21.353172424931234,0.5060131494757423,1.0,0.0,1.0,1.0,0.0
1129,3.4011442103967075e-08,3.612680186370899e-12,21.343786958912222,0.5059955713553199,1.0,0.0,1.0,1.0,0.0
1130,3.4011442103967075e-08,3.0589648952503634e-12,21.340721981304245,0.5059774724016999,1.0,0.0,1.0000000000000002,1.0,0.0
1131,3.4011442103967075e-08,3.1583608505426696e-12,21.33378868095901,0.5059428369940528,1.0,0.0,1.0000000000000002,1.0,0.0
1132,3.4011442103967075e-08,3.083150700843006e-12,21.328730289319623,0.5060243473894929,1.0,0.0,1.0,1.0,0.0
1133,3.4011442103967075e-08,3.3336122234448233e-12,21.321335906701403,0.506006639060771,1.0,0.0,1.0,1.0,0.0
1134,3.4011442103967075e-08,3.719970977969987e-12,21.305946287513564,0.5060035140615848,1.0,0.0,1.0,1.0,0.0
1135,3.4011442103967075e-08,3.3360575231992864e-12,21.296940658403365,0.5060498682161801,1.0,0.0,1.0,1.0,0.0
1136,3.4011442103967075e-08,3.3126296357956557e-12,21.291021469307292,0.5059893213569475,1.0,0.0,1.0,1.0,0.0
1137,3.4011442103967075e-08,3.695868686809201e-12,21.28114916036896,0.506019790099013,1.0,0.0,0.9999999999999999,1.0,0.0
1138,3.4011442103967075e-08,3.6119121404463213e-12,21.26969287831571,0.5059951807304217,1.0,0.0,1.0000000000000002,1.0,0.0
1139,3.4011442103967075e-08,3.3109260427470397e-12,21.26049451665891,0.5059782536514964,1.0,0.0,1.0000000000000002,1.0,0.0
1140,3.4011442103967075e-08,3.717022283003892e-12,21.24580593765148,0.5060485661331859,1.0,0.0,1.0000000000000002,1.0,0.0
1141,3.4011442103967075e-08,3.739027462126709e-12,21.237578882491615,0.5060661442536083,1.0,0.0,1.0000000000000002,1.0,0.0
1142,3.4011442103967075e-08,3.695442151473422e-12,21.223470281923102,0.5060408838435199,1.0,0.0,0.9999999999999999,1.0,0.0
1143,3.4011442103967075e-08,3.5252156538214954e-12,21.214967124894084,0.5060053369777768,1.0,0.0,1.0000000000000002,1.0000000000000002,0.0
1144,3.4011442103967075e-08,3.093083980439789e-12,21.209933755512882,0.5060191390575158,1.0,0.0,1.0000000000000002,1.0,0.0
1145,3.4011442103967075e-08,3.511322007604292e-12,21.19923300277452,0.5060289046799727,1.0,0.0,1.0000000000000002,1.0000000000000002,0.0
1146,3.4011442103967075e-08,3.354921203198996e-12,21.19113125438509,0.5060885400811094,1.0,0.0,1.0000000000000002,1.0,0.0
1147,3.4011442103967075e-08,3.0295774617401545e-12,21.18800331506129,0.506056248422852,1.0,0.0,1.0000000000000002,1.0,0.0
1148,3.4011442103967075e-08,3.5123722212831463e-12,21.178876183298936,0.5060705713357887,1.0,0.0,1.0,1.0,0.0
1149,3.4011442103967075e-08,3.9675925888253586e-12,21.169229326873424,0.5059485661592276,1.0,0.0,0.9999999999999999,1.0,0.0
1150,3.4011442103967075e-08,3.0344825115866893e-12,21.165613920932437,0.5059653630298534,1.0,0.0,1.0,1.0,0.0
1151,3.4011442103967075e-08,3.4082153211507985e-12,21.154715824883624,0.5059568994903908,1.0,0.0,1.0000000000000002,1.0,0.0
1152,3.4011442103967075e-08,3.739357884752727e-12,21.145985244101276,0.5059317692886017,1.0,0.0,1.0000000000000002,1.0,0.0
1153,3.4011442103967075e-08,3.5974186694098135e-12,21.137328266911066,0.5059109359606938,1.0,0.0,1.0,1.0,0.0
1154,3.4011442103967075e-08,3.5470932659568216e-12,21.12683731353026,0.5059193995001564,1.0,0.0,1.0000000000000002,1.0,0.0
1155,3.4011442103967075e-08,3.267323604461048e-12,21.12010267831122,0.5058804672186283,1.0,0.0,1.0000000000000002,1.0,0.0
1156,3.4011442103967075e-08,3.154679110014181e-12,21.114666652641755,0.5058752588866513,1.0,0.0,1.0000000000000002,1.0,0.0
1157,3.4011442103967075e-08,3.742235755161602e-12,21.10172410688435,0.5058167953602095,1.0,0.0,0.9999999999999999,1.0,0.0
1158,3.4011442103967075e-08,3.4475300439514506e-12,21.09522655595133,0.5057300766327926,1.0,0.0,0.9999999999999999,1.0,0.0
1159,3.4011442103967075e-08,3.305606044108259e-12,21.088715716639648,0.5057818995359636,1.0,0.0,0.9999999999999999,1.0,0.0
1160,3.4011442103967075e-08,2.8090879256796708e-12,21.087767422271746,0.505802212030674,1.0,0.0,0.9999999999999999,1.0000000000000002,0.0
1161,3.4011442103967075e-08,3.2797617041682414e-12,21.079987554118755,0.5057595037084626,1.0,0.0,0.9999999999999999,1.0,0.0
1162,3.4011442103967075e-08,3.0323533702550873e-12,21.075328947417102,0.5058285141071578,1.0,0.0,1.0,1.0,0.0
1163,3.4011442103967075e-08,3.4447274093881927e-12,21.06984401181335,0.5058388005628124,1.0,0.0,0.9999999999999999,1.0,0.0
1164,3.4011442103967075e-08,3.1848763261721775e-12,21.063843524582676,0.5058391911877106,1.0,0.0,1.0,1.0,0.0
1165,3.4011442103967075e-08,4.4565780029911574e-12,21.04798382988647,0.5058205714008929,1.0,0.0,1.0,1.0,0.0
1166,3.4011442103967075e-08,2.6209995325819205e-12,21.047485434950094,0.5057727849550039,1.0,0.0,1.0,1.0,0.0
1167,3.4011442103967075e-08,3.662513386599587e-12,21.039171484794455,0.5058286443154572,1.0,0.0,1.0,1.0,0.0
1168,3.4011442103967075e-08,4.473330476340489e-12,21.020428861849382,0.5058471338939755,1.0,0.0,1.0000000000000002,1.0,0.0
1169,3.4011442103967075e-08,2.9908310617819946e-12,21.015620839245774,0.5058436182698911,1.0,0.0,1.0,1.0,0.0
1170,3.4011442103967075e-08,3.1265225884905162e-12,21.011298829140042,0.5058720036791657,1.0,0.0,1.0000000000000002,1.0,0.0
1171,3.4011442103967075e-08,3.339185837113235e-12,21.00145581281441,0.5058134099444245,1.0,0.0,1.0,1.0,0.0
1172,3.4011442103967075e-08,3.2635771506281246e-12,20.99765074828599,0.5058002589061826,1.0,0.0,1.0,1.0,0.0
1173,3.4011442103967075e-08,3.485374122347894e-12,20.991994680500706,0.505771873496908,1.0,0.0,1.0000000000000002,1.0,0.0
1174,3.4011442103967075e-08,3.6437231299172466e-12,20.981662010687497,0.5058485661852692,1.0,0.0,1.0,1.0,0.0
1175,3.4011442103967075e-08,3.3411930816370133e-12,20.974134883343083,0.5057976547401941,1.0,0.0,1.0000000000000002,1.0,0.0
1176,3.4011442103967075e-08,3.6462973900463346e-12,20.964908109492566,0.505842055770298,1.0,0.0,0.9999999999999999,1.0,0.0
1177,3.4011442103967075e-08,3.339223904838289e-12,20.95588359915947,0.5058386703545129,1.0,0.0,1.0,1.0,0.0
1178,3.4011442103967075e-08,3.553374057065307e-12,20.946493776386667,0.5057808578695683,1.0,0.0,1.0,1.0,0.0
1179,3.4011442103967075e-08,3.5152305376667424e-12,20.93618593589995,0.5058437484781905,1.0,0.0,1.0,1.0,0.0
1180,3.4011442103967075e-08,3.7523262978627934e-12,20.926337424486615,0.5058434880615916,1.0,0.0,1.0,1.0,0.0
1181,3.4011442103967075e-08,3.2607096530325467e-12,20.9206753462046,0.5058384099379141,1.0,0.0,1.0,1.0,0.0
1182,3.4011442103967075e-08,3.791289029139729e-12,20.90889924983805,0.5058717432625669,1.0,0.0,1.0000000000000002,1.0,0.0
1183,3.4011442103967075e-08,3.1223729209622853e-12,20.904859401250985,0.5058865870087013,1.0,0.0,1.0,1.0,0.0
1184,3.4011442103967075e-08,3.668906201721769e-12,20.896001263663944,0.5058682276384824,1.0,0.0,1.0000000000000002,1.0,0.0
1185,3.4011442103967075e-08,3.2693966154572994e-12,20.88792117241886,0.505841144312202,1.0,0.0,1.0,1.0,0.0
1186,3.4011442103967075e-08,4.436481308675645e-12,20.874897543620907,0.505875779719849,1.0,0.0,1.0,1.0,0.0
1187,3.4011442103967075e-08,3.846956313593399e-12,20.86347802031749,0.5058024724472728,1.0,0.0,0.9999999999999999,1.0,0.0
1188,3.4011442103967075e-08,3.4860548728392193e-12,20.855499359041314,0.5057575505839712,1.0,0.0,1.0,1.0,0.0
1189,3.4011442103967075e-08,2.734007255656845e-12,20.856009653786433,0.5058303370233498,1.0,0.0,1.0000000000000002,1.0,0.0
1190,3.4011442103967075e-08,3.6189245649301495e-12,20.848589208477634,0.5058033839053687,1.0,0.0,1.0,1.0,0.0
1191,3.4011442103967075e-08,3.153519083896645e-12,20.844146767359383,0.5058092432788429,1.0,0.0,1.0,1.0,0.0
1192,3.4011442103967075e-08,3.6021035766997812e-12,20.8311332960154,0.5057820297442631,1.0,0.0,1.0000000000000002,1.0,0.0
1193,3.4011442103967075e-08,3.991804863732353e-12,20.820710697555725,0.505810805778436,1.0,0.0,1.0000000000000002,1.0,0.0
1194,3.4011442103967075e-08,3.766776686436238e-12,20.80920870349735,0.5058355453553267,1.0,0.0,0.9999999999999999,1.0,0.0
1195,3.4011442103967075e-08,3.1838800790841445e-12,20.803669475272205,0.5058369776466204,1.0,0.0,1.0000000000000002,1.0,0.0
1196,3.4011442103967075e-08,3.925667040146552e-12,20.792602185495607,0.5057733057882016,1.0,0.0,1.0000000000000002,1.0,0.0
1197,3.4011442103967075e-08,4.594450411076499e-12,20.776437568122855,0.5058386703545129,1.0,0.0,0.9999999999999999,1.0,0.0
1198,3.4011442103967075e-08,4.1702610008577926e-12,20.764859539911864,0.5058561182666359,1.0,0.0,1.0,1.0,0.0
1199,3.4011442103967075e-08,3.996681432918441e-12,20.754388644557263,0.5058192693178987,1.0,0.0,0.9999999999999999,1.0,0.0
1200,3.4011442103967075e-08,3.3079028379531408e-12,20.747853839674143,0.5058080714041481,1.0,0.0,0.9999999999999999,1.0,0.0
1201,3.4011442103967075e-08,3.2439771539357185e-12,20.741753849030424,0.5057945297410079,1.0,0.0,1.0,1.0,0.0
1202,3.4011442103967075e-08,3.716172963620469e-12,20.731080290141097,0.5057945297410079,1.0,0.0,0.9999999999999999,1.0,0.0
1203,3.4011442103967075e-08,3.243806265874255e-12,20.725511047064835,0.5058455713943825,1.0,0.0,1.0,1.0,0.0
1204,3.4011442103967075e-08,3.5928751979851435e-12,20.717784096049954,0.5058128891112268,1.0,0.0,0.9999999999999999,1.0,0.0
1205,3.4011442103967075e-08,3.911656559942506e-12,20.707522590808818,0.5057811182861671,1.0,0.0,1.0,1.0,0.0
1206,3.4011442103967075e-08,3.5266303984175224e-12,20.698557374564402,0.5057656234985356,1.0,0.0,1.0000000000000002,1.0,0.0
1207,3.4011442103967075e-08,3.1207104781490703e-12,20.69399967909391,0.5058437484781905,1.0,0.0,1.0,1.0,0.0
1208,3.4011442103967075e-08,3.3904964284740104e-12,20.686892590523616,0.5057777328703821,1.0,0.0,0.9999999999999999,1.0,0.0
1209,3.4011442103967075e-08,3.0811231751304424e-12,20.683038570825023,0.5057613266246546,1.0,0.0,1.0000000000000002,1.0,0.0
1210,3.4011442103967075e-08,2.9220446653043493e-12,20.678178356660048,0.5057585922503666,1.0,0.0,1.0000000000000002,1.0,0.0
1211,3.4011442103967075e-08,3.6350039975487686e-12,20.668376631440186,0.5057328110070805,1.0,0.0,0.9999999999999999,1.0,0.0
1212,3.4011442103967075e-08,2.9790080845374045e-12,20.666262540841128,0.505735415173069,1.0,0.0,1.0,1.0,0.0
1213,3.4011442103967075e-08,4.1532224058979364e-12,20.65180921154644,0.5057480453781131,1.0,0.0,1.0000000000000002,1.0,0.0
1214,3.4011442103967075e-08,3.4497942912348877e-12,20.64443490722074,0.5057358057979673,1.0,0.0,1.0,1.0,0.0
1215,3.4011442103967075e-08,2.9889865866172963e-12,20.640516178464406,0.5056891912267731,1.0,0.0,1.0,1.0000000000000002,0.0
1216,3.4011442103967075e-08,2.7720747768657538e-12,20.637823563438452,0.5057704412056143,1.0,0.0,1.0000000000000002,1.0,0.0
1217,3.4011442103967075e-08,3.768970644818325e-12,20.631034613857285,0.5058242172332768,1.0,0.0,1.0,1.0,0.0
1218,3.4011442103967075e-08,3.557925428341343e-12,20.618842639168726,0.5058441391030888,1.0,0.0,1.0000000000000002,1.0,0.0
1219,3.4011442103967075e-08,4.269224313558639e-12,20.606032333379908,0.505803774530267,1.0,0.0,1.0,1.0,0.0
1220,3.4011442103967075e-08,3.2595601201219305e-12,20.6003777167806,0.5058229151502825,1.0,0.0,1.0,1.0000000000000002,0.0
1221,3.4011442103967075e-08,3.1695426348601316e-12,20.598283587480104,0.5058283838988583,1.0,0.0,1.0000000000000002,1.0,0.0
1222,3.4011442103967075e-08,3.410537692341807e-12,20.590215316134174,0.5057384099639557,1.0,0.0,1.0000000000000002,1.0000000000000002,0.0
1223,3.4011442103967075e-08,3.351103460807789e-12,20.58502164241259,0.5057020818484161,1.0,0.0,1.0000000000000002,1.0,0.0
1224,3.4011442103967075e-08,4.367033649111406e-12,20.568474144255415,0.5056631495668882,1.0,0.0,0.9999999999999999,1.0,0.0
1225,3.4011442103967075e-08,4.078348201975377e-12,20.55512923052812,0.5056951808085467,1.0,0.0,0.9999999999999999,1.0,0.0
1226,3.4011442103967075e-08,3.262730654180302e-12,20.55037473412102,0.5056714828980513,1.0,0.0,0.9999999999999999,1.0,0.0
1227,3.4011442103967075e-08,2.8157136636950547e-12,20.54858898043589,0.5056832016449996,1.0,0.0,1.0,1.0,0.0
1228,3.4011442103967075e-08,3.5559705385899633e-12,20.538923629451485,0.5057223943431265,1.0,0.0,0.9999999999999999,1.0,0.0
1229,3.4011442103967075e-08,3.1159546215706418e-12,20.53697859938211,0.5057783839118792,1.0,0.0,0.9999999999999999,1.0,0.0
1230,3.4011442103967075e-08,3.442225127675311e-12,20.531190419694536,0.5057218735099288,1.0,0.0,0.9999999999999999,1.0,0.0
1231,3.4011442103967075e-08,3.6323569910095867e-12,20.52345416690392,0.5057132797621667,1.0,0.0,1.0,1.0,0.0
1232,3.4011442103967075e-08,3.033285756555051e-12,20.520920436045955,0.5056371079070031,1.0,0.0,1.0,1.0,0.0
1233,3.4011442103967075e-08,3.723972683601584e-12,20.51200722187303,0.5056402329061893,1.0,0.0,0.9999999999999999,1.0,0.0
1234,3.4011442103967075e-08,3.144551293607778e-12,20.508068588167028,0.5056320297833256,1.0,0.0,1.0000000000000002,1.0,0.0
1235,3.4011442103967075e-08,3.5160412315646866e-12,20.498271135860957,0.5055842433374367,1.0,0.0,1.0,1.0,0.0
1236,3.4011442103967075e-08,2.849790813976133e-12,20.496889400784216,0.5055917954188033,1.0,0.0,1.0000000000000002,1.0,0.0
1237,3.4011442103967075e-08,3.0203866054443193e-12,20.49486042228726,0.5055427068899201,1.0,0.0,1.0000000000000002,1.0,0.0
1238,3.4011442103967075e-08,3.887072127284972e-12,20.4863859314698,0.5055977850005768,1.0,0.0,1.0,1.0000000000000002,0.0
1239,3.4011442103967075e-08,3.0109404080061336e-12,20.481647509978654,0.5055256496026954,1.0,0.0,0.9999999999999999,1.0,0.0
1240,3.4011442103967075e-08,3.2583248270012106e-12,20.474242433459512,0.5055746079232792,1.0,0.0,0.9999999999999999,1.0,0.0
1241,3.4011442103967075e-08,3.1959243542615562e-12,20.468789952115753,0.5054730454497277,1.0,0.0,1.0,1.0,0.0
1242,3.4011442103967075e-08,4.326423200522573e-12,20.45312713566919,0.5055220037703115,1.0,0.0,0.9999999999999999,1.0,0.0
1243,3.4011442103967075e-08,3.586230184565058e-12,20.444974904476844,0.5055424464733212,1.0,0.0,1.0,1.0,0.0
1244,3.4011442103967075e-08,3.3087124289736865e-12,20.436849044718002,0.5056192693699819,1.0,0.0,1.0,1.0,0.0
1245,3.4011442103967075e-08,3.761755718223207e-12,20.42322072867356,0.505653904777629,1.0,0.0,1.0000000000000002,1.0,0.0
1246,3.4011442103967075e-08,3.3969228566400127e-12,20.41908147783871,0.5056175766620894,1.0,0.0,1.0,1.0,0.0
1247,3.4011442103967075e-08,3.343352243361631e-12,20.411325579993733,0.5056449204049687,1.0,0.0,1.0,1.0,0.0
1248,3.4011442103967075e-08,4.075696533003658e-12,20.39659399270926,0.5056805974790111,1.0,0.0,1.0,1.0,0.0
1249,3.4011442103967075e-08,3.251234246153219e-12,20.394082601310956,0.5056828110201013,1.0,0.0,0.9999999999999999,1.0,0.0
1250,3.4011442103967075e-08,2.764486087870022e-12,20.393167916833377,0.5056513006116404,1.0,0.0,1.0000000000000002,1.0,0.0
1251,3.4011442103967075e-08,3.2134602655986227e-12,20.387758270513597,0.5056381495733986,1.0,0.0,1.0000000000000002,1.0,0.0
1252,3.4011442103967075e-08,3.780214441388417e-12,20.377451290807706,0.505624477701959,1.0,0.0,1.0,1.0,0.0
1253,3.4011442103967075e-08,3.3481903646914477e-12,20.372102619162302,0.5056687485237634,1.0,0.0,1.0,1.0,0.0
1254,3.4011442103967075e-08,3.220800691564018e-12,20.36448282857961,0.5056834620615984,1.0,0.0,1.0,1.0,0.0
1255,3.4011442103967075e-08,3.312806302239053e-12,20.3580696093928,0.5057031235148116,1.0,0.0,1.0,1.0,0.0
1256,3.4011442103967075e-08,3.3377386557144944e-12,20.350171353166754,0.5056916651844622,1.0,0.0,1.0000000000000002,1.0,0.0
1257,3.4011442103967075e-08,3.4236293335090555e-12,20.343731835709995,0.5056651026913795,1.0,0.0,1.0000000000000002,1.0,0.0
1258,3.4011442103967075e-08,3.3265300010008833e-12,20.338987470795026,0.5056723943561473,1.0,0.0,1.0,1.0,0.0
1259,3.4011442103967075e-08,3.947637640279081e-12,20.327741804857183,0.505705076639303,1.0,0.0,1.0,1.0,0.0
1260,3.4011442103967075e-08,3.4732253008078067e-12,20.319263130891024,0.5056878891437788,1.0,0.0,0.9999999999999999,1.0,0.0
1261,3.4011442103967075e-08,3.3584897517374513e-12,20.31178729048194,0.5057186183024431,1.0,0.0,1.0,1.0,0.0
1262,3.4011442103967075e-08,4.129479301778204e-12,20.2985716014596,0.5057391912137523,1.0,0.0,1.0,1.0,0.0
1263,3.4011442103967075e-08,3.1394785873977106e-12,20.29422522459104,0.5057049464310035,1.0,0.0,1.0000000000000002,1.0,0.0
1264,3.4011442103967075e-08,3.696471608097487e-12,20.28588562839336,0.5056222641608688,1.0,0.0,0.9999999999999999,1.0,0.0
1265,3.4011442103967075e-08,3.339301873734493e-12,20.280111585917727,0.5056347641576135,1.0,0.0,1.0,1.0,0.0
1266,3.4011442103967075e-08,3.0663628863326146e-12,20.273750802759466,0.5056972641413374,1.0,0.0,0.9999999999999999,1.0,0.0
1267,3.4011442103967075e-08,3.0568631223553292e-12,20.27247863253228,0.5056938787255524,1.0,0.0,1.0000000000000002,1.0,0.0
1268,3.4011442103967075e-08,3.813991965615556e-12,20.263166381666455,0.5056766912300283,1.0,0.0,0.9999999999999999,1.0,0.0
1269,3.4011442103967075e-08,3.201834565847117e-12,20.258915311741173,0.5056265610347497,1.0,0.0,1.0,1.0,0.0
1270,3.4011442103967075e-08,3.4344222631872784e-12,20.251421085432963,0.5056187485367842,1.0,0.0,1.0,1.0,0.0
1271,3.4011442103967075e-08,4.07153439465741e-12,20.23803299693399,0.5055928370851986,1.0,0.0,1.0,1.0,0.0
1272,3.4011442103967075e-08,3.902815316295724e-12,20.229470634732348,0.5055420558484229,1.0,0.0,0.9999999999999999,1.0,0.0
1273,3.4011442103967075e-08,3.4340050152194094e-12,20.22497789897351,0.5054815089891904,1.0,0.0,1.0000000000000002,1.0,0.0
1274,3.4011442103967075e-08,4.6948427372498205e-12,20.210971381202167,0.5055095037735667,1.0,0.0,0.9999999999999999,1.0,0.0
1275,3.4011442103967075e-08,3.4364906372805928e-12,20.205539402041104,0.5055138006474478,1.0,0.0,1.0,1.0,0.0
1276,3.4011442103967075e-08,3.1744267446566903e-12,20.200912684861173,0.5054608058695818,1.0,0.0,1.0000000000000002,1.0,0.0
1277,3.4011442103967075e-08,4.264612606990349e-12,20.188596642472064,0.5055020819004995,1.0,0.0,1.0,1.0,0.0
1278,3.4011442103967075e-08,2.8724164414351413e-12,20.18361714922975,0.5055270818939891,1.0,0.0,1.0,1.0,0.0
1279,3.4011442103967075e-08,4.091765452145858e-12,20.176966834670356,0.5055865870868262,1.0,0.0,0.9999999999999999,1.0,0.0
1280,3.4011442103967075e-08,2.97937591662087e-12,20.172692801479013,0.5055695297996016,1.0,0.0,1.0000000000000002,1.0,0.0
1281,3.4011442103967075e-08,3.2176145801518003e-12,20.16899944656973,0.5056045558321469,1.0,0.0,1.0000000000000002,1.0,0.0
1282,3.4011442103967075e-08,3.9196460055255975e-12,20.15470936528201,0.5055697902162004,1.0,0.0,0.9999999999999999,1.0,0.0
1283,3.4011442103967075e-08,3.5830736702171756e-12,20.145883384755965,0.5055588527190488,1.0,0.0,1.0000000000000002,1.0,0.0
1284,3.4011442103967075e-08,4.492393631350505e-12,20.133675447880364,0.5055727850070872,1.0,0.0,1.0000000000000002,1.0,0.0
1285,3.4011442103967075e-08,3.5032503042112474e-12,20.1223342764244,0.5055430975148184,1.0,0.0,1.0,1.0,0.0
1286,3.4011442103967075e-08,3.4622370947706623e-12,20.11473755404757,0.5056238266604618,1.0,0.0,1.0,1.0,0.0
1287,3.4011442103967075e-08,4.140395673279713e-12,20.10191831018866,0.5055846339623349,1.0,0.0,1.0000000000000002,1.0,0.0
1288,3.4011442103967075e-08,3.226623469705631e-12,20.097636213657548,0.5056210922861739,1.0,0.0,1.0000000000000002,1.0,0.0
1289,3.4011442103967075e-08,4.08330079524339e-12,20.088428339018556,0.505599998541667,1.0,0.0,0.9999999999999999,1.0,0.0
1290,3.4011442103967075e-08,3.697414685304439e-12,20.07753911126849,0.505592316252001,1.0,0.0,1.0000000000000002,1.0,0.0
1291,3.4011442103967075e-08,4.41424540530399e-12,20.06301950638652,0.5056376287402008,1.0,0.0,1.0000000000000002,1.0,0.0
1292,3.4011442103967075e-08,3.6898224445597106e-12,20.05333763156707,0.5056236964521624,1.0,0.0,0.9999999999999999,1.0,0.0
1293,3.4011442103967075e-08,3.6939014644805946e-12,20.04066601073924,0.5056239568687613,1.0,0.0,1.0,1.0,0.0
1294,3.4011442103967075e-08,2.6256659271330667e-12,20.040370393742073,0.5056252589517555,1.0,0.0,1.0000000000000002,1.0000000000000002,0.0
1295,3.4011442103967075e-08,3.369694102402206e-12,20.034205086905615,0.5056588526930071,1.0,0.0,0.9999999999999999,1.0,0.0
1296,3.4011442103967075e-08,3.077344598255126e-12,20.031746415661033,0.5056074204147343,1.0,0.0,0.9999999999999999,1.0,0.0
1297,3.4011442103967075e-08,3.520334028746151e-12,20.02467679244944,0.5056290349924388,1.0,0.0,1.0,1.0,0.0
1298,3.4011442103967075e-08,3.5004381145823154e-12,20.018633230928476,0.5056135402048072,1.0,0.0,1.0,1.0,0.0
1299,3.4011442103967075e-08,3.3515773657508835e-12,20.012331196487818,0.5055674464668108,1.0,0.0,1.0000000000000002,1.0,0.0
1300,3.4011442103967075e-08,3.860315136620748e-12,20.004426478656114,0.5055996079167687,1.0,0.0,1.0,1.0,0.0
1301,3.4011442103967075e-08,3.0985992450023574e-12,20.001531947017536,0.505581899588047,1.0,0.0,0.9999999999999999,1.0000000000000002,0.0
1302,3.4011442103967075e-08,3.2019272077845607e-12,19.99444299565114,0.5055730454236861,1.0,0.0,1.0,1.0,0.0
1303,3.4011442103967075e-08,3.390322638492156e-12,19.989437647119335,0.5055973943756785,1.0,0.0,1.0000000000000002,1.0,0.0
1304,3.4011442103967075e-08,3.6096300790814435e-12,19.98130711860042,0.505553123553874,1.0,0.0,0.9999999999999999,1.0000000000000002,0.0
1305,3.4011442103967075e-08,3.3125629180944453e-12,19.97446487661197,0.5055959620843848,1.0,0.0,1.0000000000000002,1.0,0.0
1306,3.4011442103967075e-08,3.701018102155465e-12,19.96665373759366,0.5055727850070872,1.0,0.0,0.9999999999999999,1.0,0.0
1307,3.4011442103967075e-08,3.6004681884126606e-12,19.958125210104793,0.505569660007901,1.0,0.0,0.9999999999999999,1.0,0.0
1308,3.4011442103967075e-08,4.073033799613672e-12,19.944668420862122,0.505625389160055,1.0,0.0,1.0000000000000002,1.0,0.0
1309,3.4011442103967075e-08,3.001703099893933e-12,19.939661233993057,0.5055394516824344,1.0,0.0,1.0,1.0,0.0
1310,3.4011442103967075e-08,3.6298943063644424e-12,19.92989297270984,0.5056230454106653,1.0,0.0,0.9999999999999999,1.0,0.0
1311,3.4011442103967075e-08,3.321235675165435e-12,19.927103927464405,0.5055842433374367,1.0,0.0,0.9999999999999999,1.0,0.0
1312,3.4011442103967075e-08,4.509192782532838e-12,19.91020106820814,0.5055718735489912,1.0,0.0,1.0,1.0,0.0
1313,3.4011442103967075e-08,3.1692312896862195e-12,19.90783714305595,0.505564451675924,1.0,0.0,1.0,1.0,0.0
1314,3.4011442103967075e-08,4.128645362062026e-12,19.89304273907349,0.5055223943952097,1.0,0.0,1.0000000000000002,1.0,0.0
1315,3.4011442103967075e-08,3.789194964352974e-12,19.883222002728616,0.5054979152349179,1.0,0.0,0.9999999999999999,1.0,0.0
1316,3.4011442103967075e-08,3.2389843699027742e-12,19.8755301701542,0.5054488267060347,1.0,0.0,1.0,1.0,0.0
1317,3.4011442103967075e-08,3.1355118108162812e-12,19.868480253859005,0.505562889176331,1.0,0.0,1.0000000000000002,1.0,0.0
1318,3.4011442103967075e-08,3.3258887318515723e-12,19.863282997102676,0.5055600245937436,1.0,0.0,1.0,1.0000000000000002,0.0
1319,3.4011442103967075e-08,3.617499910819433e-12,19.856179345920214,0.5055578110526534,1.0,0.0,1.0000000000000002,1.0,0.0
1320,3.4011442103967075e-08,3.410128660027143e-12,19.85052155691113,0.5055651027174212,1.0,0.0,0.9999999999999999,1.0,0.0
1321,3.4011442103967075e-08,3.247297507167387e-12,19.845256971959195,0.5055412745986264,1.0,0.0,0.9999999999999999,1.0,0.0
1322,3.4011442103967075e-08,4.3803004509300096e-12,19.829350013008398,0.5055191391877242,1.0,0.0,1.0,1.0,0.0
1323,3.4011442103967075e-08,3.650416397953336e-12,19.822557570467985,0.5055562485530603,1.0,0.0,0.9999999999999999,1.0,0.0
1324,3.4011442103967075e-08,3.63662175328605e-12,19.81663664072132,0.5056136704131067,1.0,0.0,0.9999999999999999,1.0,0.0
1325,3.4011442103967075e-08,3.0381864473833486e-12,19.814662926271723,0.5055617173016361,1.0,0.0,1.0,1.0,0.0
1326,3.4011442103967075e-08,4.393475332197444e-12,19.801781940771523,0.505563800634427,1.0,0.0,1.0,1.0,0.0
1327,3.4011442103967075e-08,3.359507881344594e-12,19.796413448842554,0.5055329412674632,1.0,0.0,0.9999999999999999,1.0,0.0
1328,3.4011442103967075e-08,4.753430492945631e-12,19.784620445265773,0.5055414048069259,1.0,0.0,1.0000000000000002,1.0,0.0
1329,3.4011442103967075e-08,4.678276987265515e-12,19.774962415698962,0.5055541652202695,1.0,0.0,1.0,1.0,0.0
1330,3.4011442103967075e-08,3.880081979409627e-12,19.767894296326105,0.5056141912463044,1.0,0.0,1.0,1.0,0.0
1331,3.4011442103967075e-08,3.49904663874421e-12,19.76236194032639,0.5055373683496437,1.0,0.0,0.9999999999999999,1.0,0.0
1332,3.4011442103967075e-08,3.0675879811435967e-12,19.757311083052382,0.5055897120860124,1.0,0.0,1.0,1.0,0.0
1333,3.4011442103967075e-08,3.830107138815963e-12,19.74500027020373,0.5056430974887767,1.0,0.0,0.9999999999999999,1.0,0.0
1334,3.4011442103967075e-08,3.1339640022403573e-12,19.73826170792487,0.505594139168193,1.0,0.0,1.0000000000000002,1.0,0.0
1335,3.4011442103967075e-08,3.0974643387687776e-12,19.732441853484055,0.5056960922666427,1.0,0.0,1.0000000000000002,1.0000000000000002,0.0
1336,3.4011442103967075e-08,4.313772772343086e-12,19.721433826942636,0.5056381495733986,1.0,0.0,1.0,1.0,0.0
1337,3.4011442103967075e-08,3.205117692744356e-12,19.720155125659318,0.5055856756287304,1.0,0.0,1.0000000000000002,1.0,0.0
1338,3.4011442103967075e-08,3.608824853993902e-12,19.714544079507085,0.5055334621006609,1.0,0.0,1.0000000000000002,1.0,0.0
1339,3.4011442103967075e-08,3.83115312332693e-12,19.70685950765459,0.5055566391779586,1.0,0.0,0.9999999999999999,1.0,0.0
1340,3.4011442103967075e-08,3.2991353503249436e-12,19.70566091674166,0.5055729152153866,1.0,0.0,1.0,1.0,0.0
1341,3.4011442103967075e-08,4.51410250637136e-12,19.6912946974226,0.5055691391747034,1.0,0.0,0.9999999999999999,1.0,0.0
1342,3.4011442103967075e-08,3.2996357920992695e-12,19.688988002199427,0.5056132797882084,1.0,0.0,1.0000000000000002,1.0,0.0
1343,3.4011442103967075e-08,3.4997506168676145e-12,19.681607240330546,0.5056197902031796,1.0,0.0,1.0,1.0,0.0
1344,3.4011442103967075e-08,3.1920350165705143e-12,19.678645662216667,0.5056441391551721,1.0,0.0,1.0,1.0,0.0
1345,3.4011442103967075e-08,2.8136277366468083e-12,19.67756939759902,0.505673826647441,1.0,0.0,1.0000000000000002,1.0000000000000002,0.0
1346,3.4011442103967075e-08,3.39199825340171e-12,19.674546195264305,0.505703253723111,1.0,0.0,1.0,1.0,0.0
1347,3.4011442103967075e-08,5.108430231469429e-12,19.65687841957956,0.5056886703935755,1.0,0.0,1.0,1.0,0.0
1348,3.4011442103967075e-08,3.2707999056042614e-12,19.652144724474596,0.5057496078777063,1.0,0.0,1.0,1.0,0.0
1349,3.4011442103967075e-08,3.227120625201494e-12,19.648772969629956,0.5057131495538673,1.0,0.0,1.0,1.0,0.0
1350,3.4011442103967075e-08,3.0097232375191787e-12,19.647591952278948,0.5056981755994334,1.0,0.0,0.9999999999999999,1.0,0.0
1351,3.4011442103967075e-08,3.31830451128919e-12,19.64168290258678,0.5056838526864967,1.0,0.0,1.0,1.0,0.0
1352,3.4011442103967075e-08,3.2127332783858514e-12,19.636928434376067,0.5056869776856829,1.0,0.0,1.0,1.0,0.0
1353,3.4011442103967075e-08,3.684258921586832e-12,19.628224088228666,0.5056757797719323,1.0,0.0,0.9999999999999999,1.0,0.0
1354,3.4011442103967075e-08,3.551682606794472e-12,19.621408850781414,0.5057097641380822,1.0,0.0,0.9999999999999999,1.0,0.0
1355,3.4011442103967075e-08,3.622478924333589e-12,19.616757118333148,0.5057764307873878,1.0,0.0,1.0,1.0,0.0
1356,3.4011442103967075e-08,3.925377559578912e-12,19.60737097246919,0.505738800588854,1.0,0.0,0.9999999999999999,1.0,0.0
1357,3.4011442103967075e-08,3.523013308732286e-12,19.59935221623724,0.5057098943463817,1.0,0.0,1.0,1.0,0.0
1358,3.4011442103967075e-08,3.626442160051768e-12,19.591618317699925,0.5057131495538673,1.0,0.0,1.0,1.0,0.0
1359,3.4011442103967075e-08,3.4321492678525396e-12,19.58696104105764,0.5056851547694909,1.0,0.0,1.0,1.0,0.0
1360,3.4011442103967075e-08,3.075564826920773e-12,19.582240862460164,0.5056940089338519,1.0,0.0,1.0000000000000002,1.0,0.0
1361,3.4011442103967075e-08,4.756115179935543e-12,19.57032983151938,0.5056708318565543,1.0,0.0,1.0,1.0,0.0
1362,3.4011442103967075e-08,3.320541136079033e-12,19.564452018229304,0.5056614568589957,1.0,0.0,0.9999999999999999,1.0,0.0
1363,3.4011442103967075e-08,3.882813427128219e-12,19.553191680602254,0.5057339828817753,1.0,0.0,0.9999999999999999,1.0,0.0
1364,3.4011442103967075e-08,4.979743976554542e-12,19.53795947831482,0.5057243474676179,1.0,0.0,1.0000000000000002,1.0,0.0
1365,3.4011442103967075e-08,3.6458029009660384e-12,19.531903399828156,0.5057670557898292,1.0,0.0,0.9999999999999999,1.0,0.0
1366,3.4011442103967075e-08,3.7218281622076905e-12,19.52445410611612,0.5057283839249,1.0,0.0,1.0000000000000002,1.0,0.0
1367,3.4011442103967075e-08,3.10983899064328e-12,19.520887182899088,0.5057028630982128,1.0,0.0,1.0000000000000002,1.0,0.0
1368,3.4011442103967075e-08,3.1939733582340308e-12,19.517095269498,0.5057026026816139,1.0,0.0,1.0,1.0000000000000002,0.0
1369,3.4011442103967075e-08,3.742505532553102e-12,19.5072885892173,0.5057278630917024,1.0,0.0,1.0,1.0,0.0
1370,3.4011442103967075e-08,3.446134344202099e-12,19.500520870436755,0.5057355453813684,1.0,0.0,1.0,1.0,0.0
1371,3.4011442103967075e-08,3.2782187600148585e-12,19.4975266568402,0.5056332016580204,1.0,0.0,1.0,1.0,0.0
1372,3.4011442103967075e-08,3.671190174383567e-12,19.491055354302333,0.5057427068378367,1.0,0.0,0.9999999999999999,1.0000000000000002,0.0
1373,3.4011442103967075e-08,3.336235602453626e-12,19.485978174241477,0.5057134099704661,1.0,0.0,1.0000000000000002,1.0,0.0
1374,3.4011442103967075e-08,3.5994179460207116e-12,19.477019620343082,0.5057071599720938,1.0,0.0,1.0000000000000002,1.0,0.0
1375,3.4011442103967075e-08,3.6224289652766047e-12,19.468864736178062,0.505653904777629,1.0,0.0,1.0000000000000002,1.0,0.0
1376,3.4011442103967075e-08,3.2829692964937883e-12,19.464456160842595,0.5056333318663199,1.0,0.0,1.0,1.0,0.0
1377,3.4011442103967075e-08,3.383289274204585e-12,19.45937900256479,0.5055731756319856,1.0,0.0,1.0,1.0,0.0
1378,3.4011442103967075e-08,3.0730819200525414e-12,19.455923101847688,0.5056515610282393,1.0,0.0,1.0,1.0,0.0
1379,3.4011442103967075e-08,4.049355856869666e-12,19.444261485268466,0.5056411443642853,1.0,0.0,1.0,1.0,0.0
1380,3.4011442103967075e-08,2.721020868893842e-12,19.444046176359276,0.5056289047841394,1.0,0.0,1.0,1.0000000000000002,0.0
1381,3.4011442103967075e-08,3.0893087406353235e-12,19.44043832456112,0.5056019516661584,1.0,0.0,1.0,1.0,0.0
1382,3.4011442103967075e-08,3.868150634886488e-12,19.431849750556378,0.505599998541667,1.0,0.0,1.0,1.0,0.0
1383,3.4011442103967075e-08,3.3206421144810756e-12,19.428464188460612,0.5056458318630647,1.0,0.0,1.0000000000000002,1.0,0.0
1384,3.4011442103967075e-08,3.5224637657720895e-12,19.41924543572566,0.5056769516466272,1.0,0.0,1.0000000000000002,1.0,0.0
1385,3.4011442103967075e-08,3.719790472880878e-12,19.41139027897513,0.5056536443610301,1.0,0.0,1.0,1.0,0.0
1386,3.4011442103967075e-08,3.973202562018088e-12,19.40479237511165,0.5056467433211606,1.0,0.0,0.9999999999999999,1.0,0.0
1387,3.4011442103967075e-08,3.511129697801575e-12,19.397191996978272,0.5056709620648536,1.0,0.0,1.0,1.0,0.0
1388,3.4011442103967075e-08,4.155350566585744e-12,19.38894460581319,0.5056830714367001,1.0,0.0,0.9999999999999999,1.0,0.0
1389,3.4011442103967075e-08,2.9680324034962045e-12,19.385818292266244,0.5057651026653378,1.0,0.0,0.9999999999999999,1.0,0.0
1390,3.4011442103967075e-08,3.078351418273953e-12,19.38281881864907,0.5057087224716869,1.0,0.0,0.9999999999999999,1.0,0.0
1391,3.4011442103967075e-08,3.538251629714477e-12,19.37349583055778,0.5057283839249,1.0,0.0,1.0,1.0,0.0
1392,3.4011442103967075e-08,3.7042330921953e-12,19.367906911232506,0.5057037745563087,1.0,0.0,0.9999999999999999,1.0,0.0
1393,3.4011442103967075e-08,3.4614912030955e-12,19.363325385779515,0.505726561008708,1.0,0.0,1.0,1.0,0.0
1394,3.4011442103967075e-08,2.8847818633677504e-12,19.36251203472837,0.5056921860176599,1.0,0.0,1.0,1.0,0.0
1395,3.4011442103967075e-08,3.1810584292794343e-12,19.357893868767285,0.505720701635234,1.0,0.0,1.0,1.0000000000000002,0.0
1396,3.4011442103967075e-08,3.5412711038520223e-12,19.352165614845912,0.5057196599688385,1.0,0.0,1.0000000000000002,1.0,0.0
1397,3.4011442103967075e-08,2.8699507020265855e-12,19.35175569639011,0.5057263005921092,1.0,0.0,1.0,1.0,0.0
1398,3.4011442103967075e-08,4.397681948852226e-12,19.336984035472636,0.5057259099672109,1.0,0.0,1.0000000000000002,1.0,0.0
1399,3.4011442103967075e-08,5.3800419665648315e-12,19.32211507956455,0.5057450505872264,1.0,0.0,1.0,1.0,0.0
1400,3.4011442103967075e-08,5.7827554191631624e-12,19.304272036608065,0.5057455714204241,1.0,0.0,1.0000000000000002,1.0,0.0
1401,3.4011442103967075e-08,3.247628333490383e-12,19.30101923434427,0.5057958318240021,1.0,0.0,1.0000000000000002,1.0,0.0
1402,3.4011442103967075e-08,3.1535078330564374e-12,19.298525296424526,0.5057673162064281,1.0,0.0,0.9999999999999999,1.0,0.0
1403,3.4011442103967075e-08,4.5144404277972366e-12,19.286961185509462,0.5056920558093605,1.0,0.0,1.0000000000000002,1.0,0.0
1404,3.4011442103967075e-08,5.8309737851031476e-12,19.271956221911523,0.5057139308036639,1.0,0.0,0.9999999999999999,1.0,0.0
1405,3.4011442103967075e-08,3.437142981672057e-12,19.265747280081662,0.5057630193325471,1.0,0.0,1.0,1.0000000000000002,0.0
1406,3.4011442103967075e-08,3.693378147178929e-12,19.258591803535342,0.5057138005953644,1.0,0.0,1.0,1.0000000000000002,0.0
1407,3.4011442103967075e-08,3.760057223242241e-12,19.25182436450987,0.5056764308134295,1.0,0.0,0.9999999999999999,1.0,0.0
1408,3.4011442103967075e-08,3.1699176303019455e-12,19.24970661439536,0.505678123521322,1.0,0.0,1.0000000000000002,1.0,0.0
1409,3.4011442103967075e-08,3.6645738047259645e-12,19.24471008599833,0.5056700506067576,1.0,0.0,1.0,1.0,0.0
1410,3.4011442103967075e-08,3.86387343776845e-12,19.238917255386095,0.5056843735196944,1.0,0.0,1.0000000000000002,1.0,0.0
1411,3.4011442103967075e-08,3.8283468359281465e-12,19.229458426054023,0.5057269516336064,1.0,0.0,1.0000000000000002,1.0,0.0
1412,3.4011442103967075e-08,3.8321722367105776e-12,19.22301194551821,0.5057291651746966,1.0,0.0,1.0,1.0,0.0
1413,3.4011442103967075e-08,2.9257298471645697e-12,19.222646564084553,0.5057683578728235,1.0,0.0,0.9999999999999999,1.0,0.0
1414,3.4011442103967075e-08,3.498507524110221e-12,19.2152355702067,0.5057511703772993,1.0,0.0,1.0,1.0,0.0
1415,3.4011442103967075e-08,3.5331428652127627e-12,19.206080520166395,0.5057825505774608,1.0,0.0,0.9999999999999999,1.0,0.0
1416,3.4011442103967075e-08,2.687479066846068e-12,19.208011211114865,0.5058068995294532,1.0,0.0,1.0000000000000002,1.0,0.0
1417,3.4011442103967075e-08,3.998423942667903e-12,19.201488681271464,0.505796092240601,1.0,0.0,0.9999999999999999,1.0,0.0
1418,3.4011442103967075e-08,3.2073760911371804e-12,19.198232164289116,0.5057154933032569,1.0,0.0,1.0,1.0,0.0
1419,3.4011442103967075e-08,4.138651489728215e-12,19.188850522534352,0.5057585922503666,1.0,0.0,0.9999999999999999,1.0,0.0
1420,3.4011442103967075e-08,4.187983044936461e-12,19.182194866604096,0.505743097462735,1.0,0.0,1.0,1.0,0.0
1421,3.4011442103967075e-08,4.334109094869227e-12,19.17007364478648,0.5057260401755104,1.0,0.0,1.0,1.0000000000000002,0.0
1422,3.4011442103967075e-08,3.3295613160885524e-12,19.16541761682611,0.5057463526702206,1.0,0.0,1.0000000000000002,1.0,0.0
1423,3.4011442103967075e-08,3.4611716170266017e-12,19.159912427487466,0.5057225245514259,1.0,0.0,1.0,1.0,0.0
1424,3.4011442103967075e-08,3.7206791889707645e-12,19.152870078278216,0.5057686182894223,1.0,0.0,1.0,1.0,0.0
1425,3.4011442103967075e-08,3.0433948050907247e-12,19.151536142156598,0.505765753706835,1.0,0.0,0.9999999999999999,1.0,0.0
1426,3.4011442103967075e-08,3.5820440168602106e-12,19.14632703276742,0.5057507797524011,1.0,0.0,1.0,1.0,0.0
1427,3.4011442103967075e-08,2.8219418899081767e-12,19.143849474639683,0.5056703110233565,1.0,0.0,0.9999999999999999,1.0,0.0
1428,3.4011442103967075e-08,3.604095954674943e-12,19.138495315070383,0.5056766912300283,1.0,0.0,0.9999999999999999,1.0,0.0
1429,3.4011442103967075e-08,3.270800811484241e-12,19.135122225609937,0.5056167954122929,1.0,0.0,1.0,1.0,0.0
1430,3.4011442103967075e-08,3.669636679206593e-12,19.128106174213368,0.5056169256205922,1.0,0.0,1.0000000000000002,1.0,0.0
1431,3.4011442103967075e-08,4.334161437878311e-12,19.121022721395725,0.5056277329094445,1.0,0.0,1.0,1.0,0.0
1432,3.4011442103967075e-08,3.0640929705805604e-12,19.11967794814509,0.5056739568557403,1.0,0.0,0.9999999999999999,1.0,0.0
1433,3.4011442103967075e-08,3.7980374480088304e-12,19.115095939508453,0.5056710922731531,1.0,0.0,0.9999999999999999,1.0,0.0
1434,3.4011442103967075e-08,3.3571651184859514e-12,19.107893013382245,0.5057214828850305,1.0,0.0,1.0000000000000002,1.0,0.0
1435,3.4011442103967075e-08,3.2996305281139263e-12,19.10572769707823,0.505737238089261,1.0,0.0,1.0000000000000002,1.0,0.0
1436,3.4011442103967075e-08,3.5343024198290858e-12,19.101471544380406,0.5058075505709504,1.0,0.0,1.0000000000000002,1.0,0.0
1437,3.4011442103967075e-08,3.522131017794135e-12,19.09645169579464,0.5057360662145661,1.0,0.0,1.0,1.0000000000000002,0.0
1438,3.4011442103967075e-08,3.4817580793289532e-12,19.09164911039418,0.5057079412218903,1.0,0.0,1.0,1.0,0.0
1439,3.4011442103967075e-08,3.124385807994733e-12,19.090898115181904,0.5057029933065121,1.0,0.0,0.9999999999999999,1.0,0.0
1440,3.4011442103967075e-08,3.0891037231083894e-12,19.087532724546065,0.5057147120534604,1.0,0.0,1.0,1.0,0.0
1441,3.4011442103967075e-08,3.533682235086018e-12,19.080779996357034,0.5057117172625736,1.0,0.0,1.0,1.0,0.0
1442,3.4011442103967075e-08,3.064755995052837e-12,19.077453848402033,0.5057627589159482,1.0,0.0,1.0,1.0,0.0
1443,3.4011442103967075e-08,3.1492401456791426e-12,19.072968882423044,0.5057269516336064,1.0,0.0,0.9999999999999999,1.0000000000000002,0.0
1444,3.4011442103967075e-08,3.2694210609312554e-12,19.06829261434688,0.5056699203984583,1.0,0.0,1.0000000000000002,1.0,0.0
1445,3.4011442103967075e-08,4.021927269219946e-12,19.05966895786612,0.5056791651877174,1.0,0.0,0.9999999999999999,1.0,0.0
1446,3.4011442103967075e-08,3.878022605150812e-12,19.052351618373315,0.5055845037540355,1.0,0.0,0.9999999999999999,1.0,0.0
1447,3.4011442103967075e-08,3.0400469209160724e-12,19.049897516806944,0.5056209620778744,1.0,0.0,1.0000000000000002,1.0,0.0
1448,3.4011442103967075e-08,3.5570982407933825e-12,19.044563196954808,0.5056528631112336,1.0,0.0,1.0,1.0000000000000002,0.0
1449,3.4011442103967075e-08,4.1071837627728105e-12,19.0350633160524,0.5056066391649378,1.0,0.0,1.0,1.0,0.0
1450,3.4011442103967075e-08,3.109034277174384e-12,19.032865878883285,0.505645962071364,1.0,0.0,0.9999999999999999,1.0,0.0
1451,3.4011442103967075e-08,3.3889422326645687e-12,19.02748393190991,0.505693748517253,1.0,0.0,1.0000000000000002,1.0,0.0
1452,3.4011442103967075e-08,3.137229365095426e-12,19.02764300383352,0.5056618474838939,1.0,0.0,1.0,1.0,0.0
1453,3.4011442103967075e-08,3.9239768178979155e-12,19.018504170284793,0.5056669256075714,1.0,0.0,1.0,1.0,0.0
1454,3.4011442103967075e-08,4.189976459000644e-12,19.01067685594844,0.5056557276938209,1.0,0.0,0.9999999999999999,1.0,0.0
1455,3.4011442103967075e-08,3.8861170770536406e-12,19.0000607068521,0.5057076808052915,1.0,0.0,1.0,1.0,0.0
1456,3.4011442103967075e-08,3.756123338746944e-12,18.990814836775094,0.505678123521322,1.0,0.0,1.0,1.0,0.0
1457,3.4011442103967075e-08,3.8151446447609786e-12,18.98268796734716,0.5056690089403623,1.0,0.0,0.9999999999999999,1.0,0.0
1458,3.4011442103967075e-08,4.434913362973774e-12,18.9719675236532,0.5055994777084694,1.0,0.0,0.9999999999999999,1.0,0.0
1459,3.4011442103967075e-08,4.376215030420175e-12,18.961442246778873,0.5055829412544424,1.0,0.0,0.9999999999999999,1.0,0.0
1460,3.4011442103967075e-08,3.205567223709165e-12,18.958864157603692,0.5055765610477706,1.0,0.0,1.0000000000000002,1.0,0.0
1461,3.4011442103967075e-08,2.8338970142354586e-12,18.96043718255289,0.5055446600144115,1.0,0.0,1.0,1.0,0.0
1462,3.4011442103967075e-08,3.653625932376223e-12,18.953659973049746,0.5055734360485844,1.0,0.0,1.0,1.0000000000000002,0.0
1463,3.4011442103967075e-08,3.3400505767796605e-12,18.94962572439582,0.505552472512377,1.0,0.0,1.0000000000000002,1.0,0.0
1464,3.4011442103967075e-08,2.974332235206447e-12,18.947330905033066,0.5056259099932526,1.0,0.0,1.0000000000000002,1.0,0.0
1465,3.4011442103967075e-08,3.4479126953255243e-12,18.94015304565175,0.5055587225107493,1.0,0.0,1.0000000000000002,1.0,0.0
1466,3.4011442103967075e-08,3.5679106535141588e-12,18.936565215379495,0.5055145818972443,1.0,0.0,1.0,1.0,0.0
1467,3.4011442103967075e-08,3.4112757808906362e-12,18.929096022481154,0.5054976548183191,1.0,0.0,1.0000000000000002,1.0,0.0
1468,3.4011442103967075e-08,3.667573105152358e-12,18.922806890765944,0.5055378891828414,1.0,0.0,1.0000000000000002,1.0,0.0
1469,3.4011442103967075e-08,3.5844522212402434e-12,18.91648415066765,0.5055779933390643,1.0,0.0,1.0,1.0,0.0
1470,3.4011442103967075e-08,3.854496289492151e-12,18.907621414697115,0.5055173162715322,1.0,0.0,1.0,1.0,0.0
1471,3.4011442103967075e-08,3.5353556780584594e-12,18.90513335160231,0.5055789047971602,1.0,0.0,0.9999999999999999,1.0,0.0
1472,3.4011442103967075e-08,3.364950294208364e-12,18.901181551573355,0.5054773423236087,1.0,0.0,1.0,1.0,0.0
1473,3.4011442103967075e-08,3.375077545478868e-12,18.897988185882788,0.5055416652235247,1.0,0.0,1.0000000000000002,1.0,0.0
1474,3.4011442103967075e-08,3.874447533712308e-12,18.890683924073443,0.5055100246067644,1.0,0.0,1.0,1.0,0.0
1475,3.4011442103967075e-08,3.185844709845143e-12,18.887266504609894,0.5055180975213288,1.0,0.0,1.0000000000000002,1.0,0.0
1476,3.4011442103967075e-08,3.879032434311606e-12,18.875493932228647,0.505470050658841,1.0,0.0,1.0000000000000002,1.0,0.0
1477,3.4011442103967075e-08,3.738859961596472e-12,18.869652501913386,0.5054572902454973,1.0,0.0,1.0,1.0000000000000002,0.0
1478,3.4011442103967075e-08,3.221014922281368e-12,18.867526578630358,0.5054697902422421,1.0,0.0,1.0,1.0000000000000002,0.0
1479,3.4011442103967075e-08,3.005078989133488e-12,18.86598086468199,0.5054499985807296,1.0,0.0,1.0,1.0,0.0
1480,3.4011442103967075e-08,3.4709417276993665e-12,18.860199375961674,0.5054778631568064,1.0,0.0,1.0,1.0,0.0
1481,3.4011442103967075e-08,3.901092242812041e-12,18.851062229056613,0.5055118475229564,1.0,0.0,1.0000000000000002,1.0,0.0
1482,3.4011442103967075e-08,3.3954223928067185e-12,18.84398985090715,0.5055085923154707,1.0,0.0,1.0,1.0,0.0
1483,3.4011442103967075e-08,3.690683367385853e-12,18.837352039000933,0.5054205715050595,1.0,0.0,1.0,1.0,0.0
1484,3.4011442103967075e-08,2.4372441812237794e-12,18.84143401992639,0.5054348944179963,1.0,0.0,1.0000000000000002,1.0,0.0
1485,3.4011442103967075e-08,2.8405687763328796e-12,18.84159821474657,0.5054522121218198,1.0,0.0,0.9999999999999999,1.0,0.0
1486,3.4011442103967075e-08,3.731150684115639e-12,18.835152685879386,0.5054955714855283,1.0,0.0,1.0000000000000002,1.0,0.0
1487,3.4011442103967075e-08,3.802705913055231e-12,18.829744914023905,0.5055570298028568,1.0,0.0,1.0000000000000002,1.0,0.0
1488,3.4011442103967075e-08,3.813619509675567e-12,18.822521498695092,0.5054561183708025,1.0,0.0,1.0000000000000002,1.0,0.0
1489,3.4011442103967075e-08,4.308142672780277e-12,18.809758714807334,0.5055067693992789,1.0,0.0,0.9999999999999999,1.0,0.0
1490,3.4011442103967075e-08,2.9586729458824783e-12,18.809012474491258,0.5054580714952939,1.0,0.0,1.0,1.0,0.0
1491,3.4011442103967075e-08,3.8878479956079705e-12,18.801125916050765,0.5054382798337813,1.0,0.0,1.0,1.0,0.0
1492,3.4011442103967075e-08,3.45057413346007e-12,18.797060041754616,0.5054516912886221,1.0,0.0,1.0,1.0,0.0
1493,3.4011442103967075e-08,4.187050458010453e-12,18.786388948706087,0.5054798162812978,1.0,0.0,0.9999999999999999,1.0,0.0
1494,3.4011442103967075e-08,2.9951636604874316e-12,18.786690324003953,0.5055423162650218,1.0,0.0,0.9999999999999999,1.0,0.0
1495,3.4011442103967075e-08,3.7323738488503215e-12,18.77999345627622,0.505623566243863,1.0,0.0,1.0000000000000002,1.0,0.0
1496,3.4011442103967075e-08,3.63144932658746e-12,18.7732724893646,0.505555857928162,1.0,0.0,1.0000000000000002,1.0,0.0
1497,3.4011442103967075e-08,3.2788138073041127e-12,18.7694254336087,0.5055554673032637,1.0,0.0,0.9999999999999999,1.0,0.0
1498,3.4011442103967075e-08,3.2417832864627727e-12,18.765578173198005,0.5055484360550948,1.0,0.0,0.9999999999999999,1.0,0.0
1499,3.4011442103967075e-08,5.305623830529277e-12,18.747493353537244,0.5055895818777131,1.0,0.0,1.0,1.0,0.0
1500,3.4011442103967075e-08,3.0461582010091197e-12,18.74664227900562,0.5055912745856056,1.0,0.0,1.0000000000000002,1.0,0.0
1501,3.4011442103967075e-08,3.44544256929363e-12,18.74200964326992,0.505613149579909,1.0,0.0,1.0,1.0,0.0
1502,3.4011442103967075e-08,2.9693387522745678e-12,18.740552416699547,0.5055747381315786,1.0,0.0,1.0,1.0,0.0
1503,3.4011442103967075e-08,2.738645235386384e-12,18.740776056826927,0.5055550766783654,1.0,0.0,1.0,1.0,0.0
1504,3.4011442103967075e-08,4.218691442104935e-12,18.731946473587264,0.5055871079200239,1.0,0.0,0.9999999999999999,1.0,0.0
1505,3.4011442103967075e-08,3.4969737810938924e-12,18.72758241281548,0.5056019516661584,1.0,0.0,0.9999999999999999,1.0,0.0
1506,3.4011442103967075e-08,3.459874191853016e-12,18.721415822243152,0.5055330714757627,1.0,0.0,1.0000000000000002,1.0,0.0
1507,3.4011442103967075e-08,3.870604532056643e-12,18.715763516156585,0.5055135402308489,1.0,0.0,1.0,1.0,0.0
1508,3.4011442103967075e-08,3.3533630218729837e-12,18.711725056345816,0.5054930975278392,1.0,0.0,1.0000000000000002,1.0,0.0
1509,3.4011442103967075e-08,3.26319389285259e-12,18.706612406932308,0.5054338527516008,1.0,0.0,1.0,1.0,0.0
1510,3.4011442103967075e-08,3.4409700612488337e-12,18.70160105393576,0.5055144516889448,1.0,0.0,0.9999999999999999,1.0,0.0
1511,3.4011442103967075e-08,3.987859743066234e-12,18.69186037620344,0.5055260402275937,1.0,0.0,1.0,1.0,0.0
1512,3.4011442103967075e-08,5.249548442735385e-12,18.676882205574287,0.5055535141787724,1.0,0.0,1.0000000000000002,1.0,0.0
1513,3.4011442103967075e-08,3.2610402087693477e-12,18.672464232545956,0.5056195297865808,1.0,0.0,0.9999999999999999,1.0,0.0
1514,3.4011442103967075e-08,3.7051985329994375e-12,18.666129495761012,0.5056339829078169,1.0,0.0,0.9999999999999999,1.0,0.0
1515,3.4011442103967075e-08,3.6189056592213605e-12,18.661018313222126,0.5055511704293827,1.0,0.0,1.0,1.0,0.0
1516,3.4011442103967075e-08,4.098392070148309e-12,18.655499753236512,0.505466665243056,1.0,0.0,0.9999999999999999,1.0,0.0
1517,3.4011442103967075e-08,3.5518527032344014e-12,18.652182543676474,0.5054585923284916,1.0,0.0,1.0,1.0,0.0
1518,3.4011442103967075e-08,3.1899696586677544e-12,18.649863404990434,0.5054638006604686,1.0,0.0,1.0000000000000002,1.0,0.0
1519,3.4011442103967075e-08,3.5015563838119048e-12,18.64379436821145,0.5054915350282461,1.0,0.0,1.0000000000000002,1.0000000000000002,0.0
1520,3.4011442103967075e-08,4.188443589671191e-12,18.634760654639983,0.5054927069029409,1.0,0.0,1.0,1.0,0.0
1521,3.4011442103967075e-08,2.8365230659328725e-12,18.636323918238865,0.5054889308622575,1.0,0.0,0.9999999999999999,1.0,0.0
1522,3.4011442103967075e-08,3.0390133469418183e-12,18.634394790357028,0.5055355454334517,1.0,0.0,0.9999999999999999,1.0,0.0
1523,3.4011442103967075e-08,3.174429164788857e-12,18.631170148118816,0.5055429673065189,1.0,0.0,1.0,1.0,0.0
1524,3.4011442103967075e-08,4.2527194172615955e-12,18.622569549665965,0.5056058579151411,1.0,0.0,1.0,1.0,0.0
1525,3.4011442103967075e-08,3.686307691515372e-12,18.61915518008097,0.5055498683463885,1.0,0.0,1.0000000000000002,1.0,0.0
1526,3.4011442103967075e-08,4.1916519210252955e-12,18.61154016719303,0.5056063787483389,1.0,0.0,1.0,1.0,0.0
1527,3.4011442103967075e-08,2.9155669165084915e-12,18.611630946957494,0.5055479152218971,1.0,0.0,1.0,1.0,0.0
1528,3.4011442103967075e-08,4.130316568392371e-12,18.604573921417007,0.5055415350152253,1.0,0.0,1.0,1.0,0.0
1529,3.4011442103967075e-08,4.956187547785984e-12,18.59131153400991,0.5055617173016361,1.0,0.0,1.0,1.0,0.0
1530,3.4011442103967075e-08,3.6471549273949034e-12,18.585540814451736,0.5055783839639625,1.0,0.0,1.0,1.0,0.0
1531,3.4011442103967075e-08,2.8331041077325636e-12,18.585397750350364,0.5055230454367069,1.0,0.0,1.0,1.0,0.0
1532,3.4011442103967075e-08,3.2670332322531993e-12,18.58301603489436,0.5055072902324765,1.0,0.0,1.0000000000000002,1.0,0.0
1533,3.4011442103967075e-08,3.4932670594996746e-12,18.576851959544186,0.5054522121218198,1.0,0.0,1.0,1.0,0.0
1534,3.4011442103967075e-08,3.772090477124702e-12,18.57156065654019,0.5054833319053823,1.0,0.0,1.0,1.0,0.0
1535,3.4011442103967075e-08,3.7193860312068375e-12,18.567083085509996,0.505479555864699,1.0,0.0,1.0000000000000002,1.0,0.0
1536,3.4011442103967075e-08,3.2081157862047756e-12,18.563040359324756,0.5054165350477773,1.0,0.0,0.9999999999999999,1.0,0.0
1537,3.4011442103967075e-08,3.3502653042371028e-12,18.560496922133634,0.5053841131812206,1.0,0.0,1.0,1.0,0.0
1538,3.4011442103967075e-08,4.01423107958262e-12,18.553372372536135,0.5054558579542037,1.0,0.0,1.0,1.0,0.0
1539,3.4011442103967075e-08,3.999656402833159e-12,18.5402104888847,0.5054442694155549,1.0,0.0,1.0,1.0,0.0
1540,3.4011442103967075e-08,2.793693839520187e-12,18.540361919872336,0.5055080714822731,1.0,0.0,1.0000000000000002,1.0,0.0
1541,3.4011442103967075e-08,3.283802949122026e-12,18.537509839069376,0.5054955714855283,1.0,0.0,1.0,1.0,0.0
1542,3.4011442103967075e-08,3.1213899211857335e-12,18.53525382551786,0.5055006496092058,1.0,0.0,0.9999999999999999,1.0,0.0
1543,3.4011442103967075e-08,2.858153470612077e-12,18.535219822797046,0.505470962116937,1.0,0.0,1.0,1.0,0.0
1544,3.4011442103967075e-08,3.760618525433026e-12,18.529403837771824,0.5055121079395553,1.0,0.0,1.0,1.0,0.0
1545,3.4011442103967075e-08,3.3413132113856793e-12,18.526060826959096,0.5055884100030182,1.0,0.0,1.0,1.0,0.0
1546,3.4011442103967075e-08,3.538459250393712e-12,18.522247299780872,0.5055502589712867,1.0,0.0,1.0,1.0,0.0
1547,3.4011442103967075e-08,3.4888938350305386e-12,18.51680207958664,0.505518488146227,1.0,0.0,1.0000000000000002,1.0,0.0
1548,3.4011442103967075e-08,3.8441495277630014e-12,18.50914481452266,0.5054964829436243,1.0,0.0,1.0000000000000002,1.0,0.0
1549,3.4011442103967075e-08,3.691846893865009e-12,18.504064803847413,0.5054661444098583,1.0,0.0,1.0,1.0,0.0
1550,3.4011442103967075e-08,3.5704670323593816e-12,18.49956650044452,0.5054173162975739,1.0,0.0,1.0000000000000002,1.0,0.0
1551,3.4011442103967075e-08,3.5246733647758555e-12,18.49223638436568,0.505437238167386,1.0,0.0,0.9999999999999999,1.0,0.0
1552,3.4011442103967075e-08,4.408967709384691e-12,18.483192236897697,0.5054574204537967,1.0,0.0,1.0000000000000002,1.0,0.0
1553,3.4011442103967075e-08,3.354822275011361e-12,18.480783725130358,0.5054415350412669,1.0,0.0,1.0000000000000002,1.0,0.0
1554,3.4011442103967075e-08,2.899894049026024e-12,18.481300130526307,0.5054105454660038,1.0,0.0,1.0,1.0,0.0
1555,3.4011442103967075e-08,4.315594638433695e-12,18.473117758927515,0.5054597642031864,1.0,0.0,1.0,1.0,0.0
1556,3.4011442103967075e-08,3.0915210258321985e-12,18.469820000097844,0.5054195298386641,1.0,0.0,1.0,1.0,0.0
1557,3.4011442103967075e-08,3.6075847816141784e-12,18.464928436131554,0.5054356756677928,1.0,0.0,1.0000000000000002,1.0,0.0
1558,3.4011442103967075e-08,3.775550448877062e-12,18.459224989135038,0.5055164048134363,1.0,0.0,0.9999999999999999,1.0,0.0
1559,3.4011442103967075e-08,3.3815495856976547e-12,18.45580964975882,0.5054972641934208,1.0,0.0,1.0000000000000002,1.0,0.0
1560,3.4011442103967075e-08,3.497774512233891e-12,18.451738630979264,0.5054781235734053,1.0,0.0,1.0,1.0,0.0
1561,3.4011442103967075e-08,4.862729604888403e-12,18.441803361371306,0.5055061183577817,1.0,0.0,1.0,1.0,0.0
1562,3.4011442103967075e-08,3.926979531189909e-12,18.435773945179825,0.5054645819102651,1.0,0.0,1.0000000000000002,1.0000000000000002,0.0
1563,3.4011442103967075e-08,3.04325508808386e-12,18.434583932430037,0.5054953110689294,1.0,0.0,1.0,1.0,0.0
1564,3.4011442103967075e-08,3.1373685777143326e-12,18.432274033469948,0.5054980454432173,1.0,0.0,1.0000000000000002,1.0,0.0
1565,3.4011442103967075e-08,4.354415390294467e-12,18.423235706012253,0.5055152329387415,1.0,0.0,0.9999999999999999,1.0,0.0
1566,3.4011442103967075e-08,3.5243043410174053e-12,18.417965610190475,0.5054981756515168,1.0,0.0,1.0,1.0000000000000002,0.0
1567,3.4011442103967075e-08,3.4300862753327474e-12,18.412461656471585,0.5054605454529829,1.0,0.0,0.9999999999999999,1.0,0.0
1568,3.4011442103967075e-08,4.34993077770061e-12,18.404944197291762,0.5054135402568906,1.0,0.0,1.0,1.0,0.0
1569,3.4011442103967075e-08,3.684525725548079e-12,18.397887102305127,0.5053966131779654,1.0,0.0,1.0000000000000002,1.0000000000000002,0.0
1570,3.4011442103967075e-08,4.1443700819627925e-12,18.389982276405753,0.5055007798175053,1.0,0.0,0.9999999999999999,1.0,0.0
1571,3.4011442103967075e-08,4.213418326517137e-12,18.380826042224164,0.5055302068931753,1.0,0.0,1.0,1.0,0.0
1572,3.4011442103967075e-08,3.699989511321167e-12,18.375403631655306,0.5054874985709639,1.0,0.0,1.0000000000000002,1.0,0.0
1573,3.4011442103967075e-08,3.070504791274025e-12,18.372688757563456,0.5055442693895131,1.0,0.0,1.0,1.0000000000000002,0.0
1574,3.4011442103967075e-08,4.005810983054093e-12,18.363285685909354,0.5055567693862579,1.0,0.0,1.0,1.0,0.0
1575,3.4011442103967075e-08,3.042890429512128e-12,18.363044530513385,0.5055369777247454,1.0,0.0,1.0000000000000002,1.0,0.0
1576,3.4011442103967075e-08,2.910937734016541e-12,18.36301145761617,0.5055639308427263,1.0,0.0,1.0000000000000002,1.0,0.0
1577,3.4011442103967075e-08,4.180654558928887e-12,18.35187202267765,0.5055891912528148,1.0,0.0,1.0000000000000002,1.0,0.0
1578,3.4011442103967075e-08,3.4076515996236054e-12,18.348911657775037,0.5055856756287304,1.0,0.0,1.0,1.0,0.0
1579,3.4011442103967075e-08,4.146158006030584e-12,18.341206539805455,0.5055571600111562,1.0,0.0,0.9999999999999999,1.0,0.0
1580,3.4011442103967075e-08,3.734841716588259e-12,18.335386238347397,0.5055467433472023,1.0,0.0,1.0000000000000002,1.0,0.0
1581,3.4011442103967075e-08,3.343527285388321e-12,18.332219592349745,0.5055756495896746,1.0,0.0,1.0000000000000002,1.0,0.0
1582,3.4011442103967075e-08,3.0987236239616876e-12,18.331452511559753,0.5055802068801545,1.0,0.0,1.0000000000000002,1.0,0.0
1583,3.4011442103967075e-08,3.871983097104047e-12,18.32660120507658,0.5055907537524079,1.0,0.0,1.0,1.0,0.0
1584,3.4011442103967075e-08,3.4946296490486767e-12,18.322439564214523,0.5056274724928457,1.0,0.0,0.9999999999999999,1.0,0.0
1585,3.4011442103967075e-08,3.8094099469158066e-12,18.31784369307827,0.5056132797882084,1.0,0.0,1.0,1.0,0.0
1586,3.4011442103967075e-08,3.8067950366884295e-12,18.31029371179464,0.505644399571771,1.0,0.0,1.0,1.0,0.0
1587,3.4011442103967075e-08,3.4421805301668412e-12,18.306940052944636,0.5056080714562314,1.0,0.0,0.9999999999999999,1.0,0.0
1588,3.4011442103967075e-08,3.5559026408816583e-12,18.301795184327645,0.505659764151103,1.0,0.0,1.0,1.0,0.0
1589,3.4011442103967075e-08,2.9640843311280857e-12,18.30149345865328,0.5056455714464658,1.0,0.0,1.0,1.0,0.0
1590,3.4011442103967075e-08,3.2850688400828254e-12,18.29939815507056,0.5056203110363773,1.0,0.0,1.0,1.0000000000000002,0.0
1591,3.4011442103967075e-08,3.3164392213884243e-12,18.293557254905018,0.5056286443675405,1.0,0.0,1.0,1.0,0.0
1592,3.4011442103967075e-08,4.200587524591211e-12,18.28753565230986,0.5056313787418285,1.0,0.0,0.9999999999999999,1.0,0.0
1593,3.4011442103967075e-08,3.2258779187729468e-12,18.284592263925244,0.5056595037345042,1.0,0.0,0.9999999999999999,1.0000000000000002,0.0
1594,3.4011442103967075e-08,3.0787292018831176e-12,18.28361159234373,0.5056428370721778,1.0,0.0,1.0,1.0,0.0
1595,3.4011442103967075e-08,3.5158180317883925e-12,18.27839119318474,0.5056101547890222,1.0,0.0,1.0,1.0,0.0
1596,3.4011442103967075e-08,3.867201380337168e-12,18.27261951778114,0.5056802068541127,1.0,0.0,1.0,1.0,0.0
1597,3.4011442103967075e-08,3.0581461418540785e-12,18.272915083958665,0.5056479151958554,1.0,0.0,0.9999999999999999,1.0,0.0
1598,3.4011442103967075e-08,3.4194786412778444e-12,18.269253114953965,0.5056553370689226,1.0,0.0,1.0,1.0,0.0
1599,3.4011442103967075e-08,3.661618266371441e-12,18.262051632840404,0.5056173162454906,1.0,0.0,1.0000000000000002,1.0,0.0
1600,3.4011442103967075e-08,3.2143674876930876e-12,18.2616598014383,0.5056490870705502,1.0,0.0,1.0000000000000002,1.0,0.0
1601,3.4011442103967075e-08,3.8727902516594675e-12,18.257089322681804,0.5056898422682703,1.0,0.0,1.0000000000000002,1.0,0.0
1602,3.4011442103967075e-08,4.196235400807259e-12,18.249382459282764,0.5056348943659129,1.0,0.0,0.9999999999999999,1.0,0.0
1603,3.4011442103967075e-08,3.5790106724453853e-12,18.244435177047606,0.5055850245872332,1.0,0.0,0.9999999999999999,1.0,0.0
1604,3.4011442103967075e-08,3.628426364037044e-12,18.241673645206244,0.5055305975180736,1.0,0.0,0.9999999999999999,1.0,0.0
1605,3.4011442103967075e-08,3.6423189968374914e-12,18.237097406917187,0.5055893214611142,1.0,0.0,1.0,1.0,0.0
1606,3.4011442103967075e-08,3.0499238012638914e-12,18.23560452723777,0.5056045558321469,1.0,0.0,1.0000000000000002,1.0,0.0
1607,3.4011442103967075e-08,4.129983167300938e-12,18.227410665080573,0.5055723943821889,1.0,0.0,0.9999999999999999,1.0,0.0
1608,3.4011442103967075e-08,3.238465977461349e-12,18.225625966063067,0.5056130193716095,1.0,0.0,1.0,1.0,0.0
1609,3.4011442103967075e-08,3.322676216719582e-12,18.222963955055967,0.5055583318858511,1.0,0.0,0.9999999999999999,1.0,0.0
1610,3.4011442103967075e-08,4.191604429819371e-12,18.216780685856083,0.5055248683528989,1.0,0.0,1.0000000000000002,1.0,0.0
1611,3.4011442103967075e-08,3.567509587277214e-12,18.21399072851089,0.5055769516726688,1.0,0.0,0.9999999999999999,1.0,0.0
1612,3.4011442103967075e-08,3.829760011639623e-12,18.206141837459047,0.5055860662536286,1.0,0.0,1.0,1.0,0.0
1613,3.4011442103967075e-08,2.6933100273357633e-12,18.208864698681815,0.5055265610607914,1.0,0.0,1.0,1.0,0.0
1614,3.4011442103967075e-08,3.397058812336592e-12,18.204917086416145,0.5055338527255592,1.0,0.0,0.9999999999999999,1.0,0.0
1615,3.4011442103967075e-08,3.2949333597127353e-12,18.20132445512144,0.50546575378496,1.0,0.0,1.0000000000000002,1.0,0.0
1616,3.4011442103967075e-08,3.6198840046486157e-12,18.195397938198724,0.5055734360485844,1.0,0.0,0.9999999999999999,1.0,0.0
1617,3.4011442103967075e-08,3.3890766506116056e-12,18.19020315309875,0.5055911443773061,1.0,0.0,1.0,1.0,0.0
1618,3.4011442103967075e-08,5.2866891575105216e-12,18.175122896557532,0.5055516912625804,1.0,0.0,1.0000000000000002,1.0,0.0
1619,3.4011442103967075e-08,3.576774389800527e-12,18.168335064038917,0.5055049464830869,1.0,0.0,1.0,1.0,0.0
1620,3.4011442103967075e-08,3.3064929009744745e-12,18.166223380761846,0.5055377589745419,1.0,0.0,1.0,1.0,0.0
1621,3.4011442103967075e-08,4.683898705298833e-12,18.15752013609449,0.5055078110656742,1.0,0.0,0.9999999999999999,1.0000000000000002,0.0
1622,3.4011442103967075e-08,3.765732002324317e-12,18.153699056951496,0.50542499858724,1.0,0.0,1.0,1.0,0.0
1623,3.4011442103967075e-08,4.06348958734393e-12,18.14731724999463,0.5053899725546946,1.0,0.0,1.0000000000000002,1.0,0.0
1624,3.4011442103967075e-08,4.027320587133306e-12,18.14032893707591,0.5054115871323992,1.0,0.0,0.9999999999999999,1.0,0.0
1625,3.4011442103967075e-08,3.5460976188719122e-12,18.137634870689475,0.5053736965172665,1.0,0.0,1.0,1.0,0.0
1626,3.4011442103967075e-08,3.450801118314376e-12,18.134298440823724,0.5054238267125452,1.0,0.0,1.0,1.0,0.0
1627,3.4011442103967075e-08,3.70353911332756e-12,18.128548419960545,0.5054507798305261,1.0,0.0,1.0,1.0,0.0
1628,3.4011442103967075e-08,3.1492969333291467e-12,18.127190739059913,0.5054291652528216,1.0,0.0,1.0000000000000002,1.0,0.0
1629,3.4011442103967075e-08,3.188595822878551e-12,18.125109073587566,0.5054049465091285,1.0,0.0,1.0,1.0,0.0
1630,3.4011442103967075e-08,3.399372004902546e-12,18.12338619243939,0.5054074204668176,1.0,0.0,0.9999999999999999,1.0,0.0
1631,3.4011442103967075e-08,3.421740510157242e-12,18.11959927362594,0.5054135402568906,1.0,0.0,1.0,1.0,0.0
1632,3.4011442103967075e-08,3.910308117710205e-12,18.11271325678208,0.505356378813443,1.0,0.0,1.0,1.0,0.0
1633,3.4011442103967075e-08,3.1737056193822135e-12,18.112318087707205,0.5054196600469635,1.0,0.0,1.0,1.0,0.0
1634,3.4011442103967075e-08,3.027662174152857e-12,18.113287913403916,0.5053764308915545,1.0,0.0,1.0,1.0,0.0
1635,3.4011442103967075e-08,3.417869398537043e-12,18.109561580373082,0.5054470037898428,1.0,0.0,1.0,1.0000000000000002,0.0
1636,3.4011442103967075e-08,2.9791419298695594e-12,18.110941432012773,0.5054352850428945,1.0,0.0,1.0,1.0000000000000002,0.0
1637,3.4011442103967075e-08,3.2449416984621504e-12,18.107902827789587,0.5053348944440379,1.0,0.0,1.0,1.0,0.0
1638,3.4011442103967075e-08,3.5426197936738604e-12,18.10230132570316,0.5053541652723528,1.0,0.0,0.9999999999999999,1.0,0.0
1639,3.4011442103967075e-08,3.782089858369875e-12,18.099297847026463,0.5053178371568132,1.0,0.0,0.9999999999999999,1.0,0.0
1640,3.4011442103967075e-08,3.916733131305966e-12,18.094143769130923,0.5053744777670631,1.0,0.0,1.0000000000000002,1.0,0.0
1641,3.4011442103967075e-08,3.4681074064007175e-12,18.088758067670494,0.50537291526747,1.0,0.0,1.0000000000000002,1.0,0.0
1642,3.4011442103967075e-08,2.984156024712672e-12,18.089612041683097,0.5053592433960303,1.0,0.0,1.0,1.0,0.0
1643,3.4011442103967075e-08,3.4614528791244352e-12,18.087491035906687,0.5053318996531512,1.0,0.0,1.0,1.0,0.0
1644,3.4011442103967075e-08,3.7990144731059944e-12,18.082123348173248,0.5054178371307716,1.0,0.0,1.0000000000000002,1.0,0.0
1645,3.4011442103967075e-08,3.21366902220099e-12,18.08018924782602,0.5052845038321605,1.0,0.0,1.0000000000000002,1.0,0.0
1646,3.4011442103967075e-08,3.2624753215025586e-12,18.07830968406122,0.5052941392463179,1.0,0.0,1.0000000000000002,1.0000000000000002,0.0
1647,3.4011442103967075e-08,3.5161265022499473e-12,18.07484261573047,0.5053537746474546,1.0,0.0,1.0000000000000002,1.0,0.0
1648,3.4011442103967075e-08,3.7291314927295695e-12,18.071835114232815,0.5053277329875695,1.0,0.0,0.9999999999999999,1.0,0.0
1649,3.4011442103967075e-08,3.1373856119937834e-12,18.070384071183874,0.5053196600730052,1.0,0.0,1.0,1.0,0.0
1650,3.4011442103967075e-08,3.4052332234751215e-12,18.067439242844188,0.5053296861120609,1.0,0.0,0.9999999999999999,1.0,0.0
1651,3.4011442103967075e-08,3.896336733684459e-12,18.05816983495543,0.5053740871421648,1.0,0.0,0.9999999999999999,1.0,0.0
1652,3.4011442103967075e-08,3.4035618690459567e-12,18.055889372952493,0.505351170481466,1.0,0.0,0.9999999999999999,1.0,0.0
1653,3.4011442103967075e-08,3.2916145964657163e-12,18.050964812907836,0.5053485663154775,1.0,0.0,0.9999999999999999,1.0,0.0
1654,3.4011442103967075e-08,3.769630189450341e-12,18.043241514823336,0.5053227850721914,1.0,0.0,1.0000000000000002,1.0,0.0
1655,3.4011442103967075e-08,3.8267934775950006e-12,18.03668868078308,0.5054165350477773,1.0,0.0,1.0,1.0,0.0
1656,3.4011442103967075e-08,4.0556608568077855e-12,18.029132933237452,0.5054119777572974,1.0,0.0,1.0000000000000002,1.0,0.0
1657,3.4011442103967075e-08,3.3189697773018896e-12,18.027158583095332,0.5054330715018043,1.0,0.0,1.0000000000000002,1.0,0.0
1658,3.4011442103967075e-08,3.647359615289244e-12,18.023888388854076,0.5053835923480229,1.0,0.0,1.0,1.0,0.0
1659,3.4011442103967075e-08,3.5235398045019644e-12,18.020450234618426,0.5053816392235314,1.0,0.0,0.9999999999999999,1.0,0.0
1660,3.4011442103967075e-08,3.2547101555076073e-12,18.01788411236007,0.5053958319281687,1.0,0.0,1.0,1.0,0.0
1661,3.4011442103967075e-08,3.2584609844396882e-12,18.014439963154498,0.5053105454920455,1.0,0.0,0.9999999999999999,1.0,0.0
1662,3.4011442103967075e-08,3.607373601769013e-12,18.01088628251216,0.5053765610998538,1.0,0.0,1.0,1.0,0.0
1663,3.4011442103967075e-08,4.895732909686449e-12,18.000845315063305,0.5053795558907407,1.0,0.0,1.0,1.0,0.0
1664,3.4011442103967075e-08,3.745730593726597e-12,17.995802092095406,0.5053358059021339,1.0,0.0,1.0,1.0,0.0
1665,3.4011442103967075e-08,3.598563838332341e-12,17.991278890211245,0.5053005194529897,1.0,0.0,1.0,1.0,0.0
1666,3.4011442103967075e-08,4.284010980601233e-12,17.983357048257677,0.5053749986002608,1.0,0.0,0.9999999999999999,1.0,0.0
1667,3.4011442103967075e-08,2.8944246406564666e-12,17.983764323502808,0.5053734361006677,1.0,0.0,1.0000000000000002,1.0,0.0
1668,3.4011442103967075e-08,3.908555965203634e-12,17.978869540376216,0.5054950506523306,1.0,0.0,0.9999999999999999,1.0,0.0
1669,3.4011442103967075e-08,3.451879615610451e-12,17.97484101318366,0.5054787746149024,1.0,0.0,1.0,1.0,0.0
1670,3.4011442103967075e-08,4.668375508093217e-12,17.96554363396108,0.5054703110754398,1.0,0.0,0.9999999999999999,1.0,0.0
1671,3.4011442103967075e-08,2.85464445348249e-12,17.96481178712836,0.5054967433602231,1.0,0.0,1.0000000000000002,1.0,0.0
1672,3.4011442103967075e-08,3.721622027907849e-12,17.95632020833957,0.5054989569013133,1.0,0.0,0.9999999999999999,1.0,0.0
1673,3.4011442103967075e-08,3.944316899998225e-12,17.949350866964327,0.5055136704391483,1.0,0.0,1.0000000000000002,1.0,0.0
1674,3.4011442103967075e-08,2.829023067124872e-12,17.9514058283844,0.5055494777214902,1.0,0.0,1.0000000000000002,1.0,0.0
1675,3.4011442103967075e-08,3.17043613485848e-12,17.949948369121365,0.505489061070557,1.0,0.0,1.0000000000000002,1.0,0.0
1676,3.4011442103967075e-08,4.171659343190017e-12,17.943647616712912,0.5055227850201081,1.0,0.0,0.9999999999999999,1.0,0.0
1677,3.4011442103967075e-08,3.0080014956138035e-12,17.94375157263119,0.5054644517019657,1.0,0.0,1.0,1.0,0.0
1678,3.4011442103967075e-08,3.39263694656306e-12,17.941894165530073,0.5054617173276778,1.0,0.0,0.9999999999999999,1.0,0.0
1679,3.4011442103967075e-08,3.973962600742906e-12,17.93606630065955,0.5054693996173438,1.0,0.0,1.0,1.0,0.0
1680,3.4011442103967075e-08,3.3313528508786205e-12,17.92981912930699,0.5054697902422421,1.0,0.0,1.0000000000000002,1.0,0.0
1681,3.4011442103967075e-08,3.2374107248814842e-12,17.927913459758514,0.5054009100518463,1.0,0.0,0.9999999999999999,1.0,0.0
1682,3.4011442103967075e-08,3.360803367095826e-12,17.924219298370325,0.5053968735945642,1.0,0.0,1.0,1.0,0.0
1683,3.4011442103967075e-08,3.5527199779689142e-12,17.91842347724081,0.5054040350510325,1.0,0.0,1.0,1.0,0.0
1684,3.4011442103967075e-08,3.738715534896904e-12,17.913176150899478,0.5054156235896814,1.0,0.0,1.0000000000000002,1.0,0.0
1685,3.4011442103967075e-08,2.916729752086988e-12,17.914290379235023,0.505428384003025,1.0,0.0,1.0000000000000002,1.0000000000000002,0.0
1686,3.4011442103967075e-08,3.46738603609237e-12,17.908694374041296,0.5054395819167755,1.0,0.0,1.0000000000000002,1.0,0.0
1687,3.4011442103967075e-08,3.678745187660277e-12,17.904549293604916,0.5054555975376048,1.0,0.0,1.0,1.0,0.0
1688,3.4011442103967075e-08,3.7079206010430434e-12,17.898772219635564,0.5054649725351634,1.0,0.0,1.0,1.0,0.0
1689,3.4011442103967075e-08,3.765940512085269e-12,17.89488732326022,0.5055036444000927,1.0,0.0,1.0000000000000002,1.0,0.0
1690,3.4011442103967075e-08,3.4069284641688884e-12,17.8921355095886,0.5054395819167755,1.0,0.0,1.0,1.0,0.0
1691,3.4011442103967075e-08,3.98905274696705e-12,17.885072938738453,0.5055076808573747,1.0,0.0,1.0000000000000002,1.0,0.0
1692,3.4011442103967075e-08,2.891914911689791e-12,17.885233718190484,0.505489061070557,1.0,0.0,0.9999999999999999,1.0,0.0
1693,3.4011442103967075e-08,4.0062696496268336e-12,17.878753942518248,0.5055459620974057,1.0,0.0,1.0000000000000002,1.0,0.0
1694,3.4011442103967075e-08,4.550107851623228e-12,17.87088913099332,0.5055352850168529,1.0,0.0,1.0,1.0,0.0
1695,3.4011442103967075e-08,3.737749866893053e-12,17.86659259586133,0.5055455714725074,1.0,0.0,0.9999999999999999,1.0,0.0
1696,3.4011442103967075e-08,3.367634661468007e-12,17.861739265350604,0.5055080714822731,1.0,0.0,1.0,1.0,0.0
1697,3.4011442103967075e-08,3.3886547574004897e-12,17.858550843452118,0.5054621079525761,1.0,0.0,1.0000000000000002,1.0,0.0
1698,3.4011442103967075e-08,4.214484377714512e-12,17.84869442164427,0.5054643214936663,1.0,0.0,1.0000000000000002,1.0,0.0
1699,3.4011442103967075e-08,3.078114894376988e-12,17.847212438035026,0.5054464829566451,1.0,0.0,1.0,1.0,0.0
1700,3.4011442103967075e-08,3.646354383955611e-12,17.844215184073427,0.5054954412772288,1.0,0.0,1.0000000000000002,1.0,0.0
1701,3.4011442103967075e-08,4.737466328228191e-12,17.83400477017944,0.5055730454236861,1.0,0.0,1.0,1.0,0.0
1702,3.4011442103967075e-08,3.3512476286531464e-12,17.830816517928923,0.5055588527190488,1.0,0.0,0.9999999999999999,1.0,0.0
1703,3.4011442103967075e-08,3.9293145215082474e-12,17.82503919895113,0.5055434881397166,1.0,0.0,1.0000000000000002,1.0,0.0
1704,3.4011442103967075e-08,4.395457643992955e-12,17.818208690612344,0.5055609360518396,1.0,0.0,0.9999999999999999,1.0,0.0
1705,3.4011442103967075e-08,3.8591171282552766e-12,17.812547059438003,0.5055388006409374,1.0,0.0,1.0000000000000002,1.0,0.0
1706,3.4011442103967075e-08,3.47421371765747e-12,17.807494736303667,0.5055627589680315,1.0,0.0,1.0,1.0,0.0
1707,3.4011442103967075e-08,4.588627797495426e-12,17.79707044368913,0.5055566391779586,1.0,0.0,1.0000000000000002,1.0,0.0
1708,3.4011442103967075e-08,3.7092313463905165e-12,17.790695900721214,0.505484764196676,1.0,0.0,0.9999999999999999,1.0,0.0
1709,3.4011442103967075e-08,2.9486507862377886e-12,17.79058426221807,0.5054459621234474,1.0,0.0,1.0000000000000002,1.0,0.0
1710,3.4011442103967075e-08,3.443863278267826e-12,17.78603098077043,0.5054695298256433,1.0,0.0,1.0,1.0,0.0
1711,3.4011442103967075e-08,4.7263151648466836e-12,17.77889622745632,0.5054190090054664,1.0,0.0,1.0,1.0,0.0
1712,3.4011442103967075e-08,4.176423675118701e-12,17.772337187611292,0.5054242173374434,1.0,0.0,0.9999999999999999,1.0,0.0
1713,3.4011442103967075e-08,3.1704401945985955e-12,17.7713972069949,0.505420701713359,1.0,0.0,0.9999999999999999,1.0,0.0
1714,3.4011442103967075e-08,3.697220982471139e-12,17.764956594674434,0.5053975246360612,1.0,0.0,1.0000000000000002,1.0,0.0
1715,3.4011442103967075e-08,3.2282833650654716e-12,17.76505503188473,0.5053690090184872,1.0,0.0,1.0,1.0,0.0
1716,3.4011442103967075e-08,3.754253845968209e-12,17.759546015375285,0.5053756496417579,1.0,0.0,1.0000000000000002,1.0,0.0
1717,3.4011442103967075e-08,3.6188639240835437e-12,17.755214657287755,0.5053401027760149,1.0,0.0,1.0,1.0,0.0
1718,3.4011442103967075e-08,4.0322138214815085e-12,17.748181620994018,0.5053522121478614,1.0,0.0,1.0000000000000002,1.0,0.0
1719,3.4011442103967075e-08,4.7999316188548815e-12,17.738520898471872,0.5053671861022953,1.0,0.0,1.0,1.0,0.0
1720,3.4011442103967075e-08,4.828434550702041e-12,17.727433112174808,0.5053119777833391,1.0,0.0,1.0000000000000002,1.0,0.0
1721,3.4011442103967075e-08,5.588332959846692e-12,17.712657907847348,0.505299998619792,1.0,0.0,0.9999999999999999,1.0,0.0
1722,3.4011442103967075e-08,2.903431132618256e-12,17.71301732664153,0.5053749986002608,1.0,0.0,1.0,1.0,0.0
1723,3.4011442103967075e-08,2.8414948560695793e-12,17.715497903682806,0.5054123683821957,1.0,0.0,0.9999999999999999,1.0,0.0
1724,3.4011442103967075e-08,3.653222194529319e-12,17.711232140427903,0.505408462133213,1.0,0.0,1.0,1.0000000000000002,0.0
1725,3.4011442103967075e-08,3.3469638346079927e-12,17.708455038864876,0.5053106757003448,1.0,0.0,1.0,1.0,0.0
1726,3.4011442103967075e-08,4.727937453946086e-12,17.696326969539403,0.5053380194432241,1.0,0.0,1.0,1.0,0.0
1727,3.4011442103967075e-08,3.059244482051542e-12,17.696762714064146,0.5053079413260569,1.0,0.0,1.0,1.0,0.0
1728,3.4011442103967075e-08,3.1568206349582386e-12,17.695223856336913,0.5053692694350861,1.0,0.0,1.0,1.0,0.0
1729,3.4011442103967075e-08,3.966779553054078e-12,17.688106398279047,0.5053421861088057,1.0,0.0,1.0,1.0,0.0
1730,3.4011442103967075e-08,3.686707436712898e-12,17.682702647154354,0.5053486965237769,1.0,0.0,1.0,1.0,0.0
1731,3.4011442103967075e-08,4.9167312951069215e-12,17.671652414369287,0.505393748595378,1.0,0.0,0.9999999999999999,1.0,0.0
1732,3.4011442103967075e-08,2.900814010729891e-12,17.6733834174421,0.5053114569501415,1.0,0.0,1.0,1.0000000000000002,0.0
1733,3.4011442103967075e-08,2.8556650544069227e-12,17.674816336696537,0.5053110663252431,1.0,0.0,0.9999999999999999,1.0000000000000002,0.0
1734,3.4011442103967075e-08,3.748617803134531e-12,17.67196218553619,0.5052873684147479,1.0,0.0,1.0,1.0,0.0
1735,3.4011442103967075e-08,3.529970971799994e-12,17.668622012047994,0.5052460923838301,1.0,0.0,0.9999999999999999,1.0,0.0
1736,3.4011442103967075e-08,3.471159697909727e-12,17.6638022412307,0.5052779934171893,1.0,0.0,0.9999999999999999,1.0,0.0
1737,3.4011442103967075e-08,4.046963318045347e-12,17.658863309988813,0.505270571544122,1.0,0.0,1.0000000000000002,1.0,0.0
1738,3.4011442103967075e-08,5.065369753614921e-12,17.647080661414247,0.5052404934269549,1.0,0.0,0.9999999999999999,1.0,0.0
1739,3.4011442103967075e-08,4.3449027067451136e-12,17.639423257771792,0.505220311140544,1.0,0.0,1.0,1.0,0.0
1740,3.4011442103967075e-08,3.2312493155943155e-12,17.639745805269303,0.505237498636068,1.0,0.0,1.0,1.0,0.0
1741,3.4011442103967075e-08,3.05664929475979e-12,17.63916421763805,0.5053080715343564,1.0,0.0,1.0000000000000002,1.0,0.0
1742,3.4011442103967075e-08,6.00504177810581e-12,17.622074123604044,0.5052401028020566,1.0,0.0,1.0000000000000002,1.0,0.0
1743,3.4011442103967075e-08,2.948573427689237e-12,17.621840016372335,0.5052959621625098,1.0,0.0,0.9999999999999999,1.0,0.0
1744,3.4011442103967075e-08,3.3450578404460973e-12,17.618198326328788,0.5052783840420875,1.0,0.0,0.9999999999999999,1.0,0.0
1745,3.4011442103967075e-08,2.9200224785017622e-12,17.6181785457603,0.5053373684017269,1.0,0.0,1.0,1.0,0.0
1746,3.4011442103967075e-08,3.327821892548071e-12,17.615213229404667,0.5052877590396461,1.0,0.0,1.0000000000000002,1.0000000000000002,0.0
1747,3.4011442103967075e-08,3.3063260983420783e-12,17.613028114152584,0.5052824204993697,1.0,0.0,1.0,1.0,0.0
1748,3.4011442103967075e-08,3.2455615293930757e-12,17.609281605654374,0.5052885402894426,1.0,0.0,0.9999999999999999,1.0,0.0
1749,3.4011442103967075e-08,2.906884847555805e-12,17.611326613937507,0.5052161444749623,1.0,0.0,1.0,1.0,0.0
1750,3.4011442103967075e-08,3.656942702743954e-12,17.607309030286224,0.5052838527906633,1.0,0.0,1.0,1.0000000000000002,0.0
1751,3.4011442103967075e-08,3.936205113223454e-12,17.60075952236847,0.5052968736206058,1.0,0.0,0.9999999999999999,1.0,0.0
1752,3.4011442103967075e-08,4.4460761351451115e-12,17.592238792670802,0.505344399649896,1.0,0.0,1.0000000000000002,1.0000000000000002,0.0
1753,3.4011442103967075e-08,3.190166002838035e-12,17.59191874790345,0.505326951737773,1.0,0.0,1.0000000000000002,1.0,0.0
1754,3.4011442103967075e-08,3.355261749488943e-12,17.589898603112374,0.5053373684017269,1.0,0.0,1.0000000000000002,1.0,0.0
1755,3.4011442103967075e-08,3.2069785248755207e-12,17.589204633970272,0.5053356756938344,1.0,0.0,1.0,1.0,0.0
1756,3.4011442103967075e-08,4.060731102238142e-12,17.58034989270341,0.5053595038126292,1.0,0.0,1.0,1.0,0.0
1757,3.4011442103967075e-08,5.3664119619501804e-12,17.566529925088616,0.5052985663284983,1.0,0.0,1.0,1.0,0.0
1758,3.4011442103967075e-08,4.186868718336437e-12,17.55608788553967,0.505285285081957,1.0,0.0,0.9999999999999999,1.0,0.0
1759,3.4011442103967075e-08,3.328141931548045e-12,17.553710032069606,0.5052587225888743,1.0,0.0,1.0000000000000002,1.0,0.0
1760,3.4011442103967075e-08,3.849501542068386e-12,17.549125936319616,0.5052200507239452,1.0,0.0,0.9999999999999999,1.0,0.0
1761,3.4011442103967075e-08,3.5457846513194764e-12,17.54547301247308,0.5052272121804134,1.0,0.0,0.9999999999999999,1.0,0.0
1762,3.4011442103967075e-08,3.1763356899097037e-12,17.543441255301044,0.505263540295953,1.0,0.0,1.0000000000000002,1.0,0.0
1763,3.4011442103967075e-08,2.851208165957588e-12,17.54533488365817,0.5052408840518531,1.0,0.0,0.9999999999999999,1.0,0.0
1764,3.4011442103967075e-08,2.84916246676758e-12,17.546457649451458,0.505253123631999,1.0,0.0,1.0000000000000002,1.0000000000000002,0.0
1765,3.4011442103967075e-08,3.481587350263455e-12,17.542366682504987,0.5053110663252431,1.0,0.0,0.9999999999999999,1.0,0.0
1766,3.4011442103967075e-08,3.2925889347975444e-12,17.540656733884383,0.505360675687324,1.0,0.0,1.0000000000000002,1.0,0.0
1767,3.4011442103967075e-08,3.26004113565878e-12,17.539091227278956,0.5052976548704023,1.0,0.0,1.0,1.0000000000000002,0.0
1768,3.4011442103967075e-08,4.143771525578048e-12,17.533428180848333,0.505275779876099,1.0,0.0,1.0,1.0000000000000002,0.0
1769,3.4011442103967075e-08,5.1367944054348405e-12,17.51926091301314,0.505218488224352,1.0,0.0,1.0,1.0,0.0
1770,3.4011442103967075e-08,4.0045640352351964e-12,17.514876549007404,0.5052186184326515,1.0,0.0,1.0,1.0,0.0
1771,3.4011442103967075e-08,4.099677342801319e-12,17.507235385034967,0.5051652330298873,1.0,0.0,1.0000000000000002,1.0000000000000002,0.0
1772,3.4011442103967075e-08,3.260763971873366e-12,17.506035383185136,0.5051916653146705,1.0,0.0,1.0,1.0,0.0
1773,3.4011442103967075e-08,3.374120290309821e-12,17.50235734281017,0.505231639262594,1.0,0.0,1.0,1.0,0.0
1774,3.4011442103967075e-08,4.2851081245447435e-12,17.49484604647092,0.505177733026632,1.0,0.0,1.0000000000000002,1.0,0.0
1775,3.4011442103967075e-08,3.0023747125566907e-12,17.495787523714,0.5051562486572269,1.0,0.0,1.0,1.0,0.0
1776,3.4011442103967075e-08,3.244325104721459e-12,17.494876059015006,0.5051593736564131,1.0,0.0,1.0000000000000002,1.0,0.0
1777,3.4011442103967075e-08,5.1604038995285744e-12,17.481814318686077,0.505207160102302,1.0,0.0,1.0,1.0000000000000002,0.0
1778,3.4011442103967075e-08,3.062460574267331e-12,17.481338421539355,0.5052036444782175,1.0,0.0,1.0,1.0,0.0
1779,3.4011442103967075e-08,4.248601822651251e-12,17.47311789199342,0.5051718736531579,1.0,0.0,0.9999999999999999,1.0,0.0
1780,3.4011442103967075e-08,3.655413662490891e-12,17.469592245691544,0.5052249986393232,1.0,0.0,1.0,1.0,0.0
1781,3.4011442103967075e-08,3.5157885641810817e-12,17.46583622650351,0.505186587190993,1.0,0.0,1.0,1.0,0.0
1782,3.4011442103967075e-08,3.726335966256277e-12,17.460846117422317,0.5052430975929433,1.0,0.0,1.0,1.0,0.0
1783,3.4011442103967075e-08,3.0574328176803723e-12,17.459357535518876,0.5052471340502255,1.0,0.0,1.0000000000000002,1.0,0.0
1784,3.4011442103967075e-08,3.630148709555256e-12,17.456297241494756,0.5052018215620256,1.0,0.0,0.9999999999999999,1.0,0.0
1785,3.4011442103967075e-08,3.801373565128459e-12,17.450296984835795,0.5051726549029545,1.0,0.0,1.0000000000000002,1.0,0.0
1786,3.4011442103967075e-08,3.741851953174943e-12,17.444787946807736,0.5051874986490889,1.0,0.0,1.0,1.0,0.0
1787,3.4011442103967075e-08,3.812917734124609e-12,17.44012815341492,0.505217576766256,1.0,0.0,0.9999999999999999,1.0000000000000002,0.0
1788,3.4011442103967075e-08,3.553445289790242e-12,17.43557263889344,0.5051998684375343,1.0,0.0,0.9999999999999999,1.0,0.0
1789,3.4011442103967075e-08,3.2649533041493835e-12,17.43440970176252,0.5051527330331425,1.0,0.0,1.0,1.0,0.0
1790,3.4011442103967075e-08,3.2544281947810223e-12,17.43113200255771,0.5050972642975874,1.0,0.0,0.9999999999999999,1.0,0.0
1791,3.4011442103967075e-08,3.153192153552663e-12,17.432188330559878,0.5051407538695953,1.0,0.0,1.0,1.0,0.0
1792,3.4011442103967075e-08,5.046642746062315e-12,17.42120595690151,0.5051617174058027,1.0,0.0,0.9999999999999999,1.0,0.0
1793,3.4011442103967075e-08,3.5185094582330476e-12,17.415043356476858,0.5051289049143477,1.0,0.0,0.9999999999999999,1.0000000000000002,0.0
1794,3.4011442103967075e-08,3.5642377269012598e-12,17.41078930617649,0.5051126288769195,1.0,0.0,1.0,1.0,0.0
1795,3.4011442103967075e-08,3.3701367663313085e-12,17.407536084598377,0.5051697903203671,1.0,0.0,1.0,1.0,0.0
1796,3.4011442103967075e-08,4.966075752648027e-12,17.398215572358684,0.5051897121901792,1.0,0.0,0.9999999999999999,1.0000000000000002,0.0
1797,3.4011442103967075e-08,6.354025715373177e-12,17.378919339661735,0.5051696601120677,1.0,0.0,1.0000000000000002,1.0,0.0
1798,3.4011442103967075e-08,3.6663477646493294e-12,17.374664414697655,0.5052713527939185,1.0,0.0,0.9999999999999999,1.0,0.0
1799,3.4011442103967075e-08,5.322997630686918e-12,17.362448168399897,0.5052537746734962,1.0,0.0,1.0,1.0,0.0
1800,3.4011442103967075e-08,3.971672573582973e-12,17.357067013158254,0.5052877590396461,1.0,0.0,1.0000000000000002,1.0,0.0
1801,3.4011442103967075e-08,3.4858616576650017e-12,17.353041243848704,0.5052494777996152,1.0,0.0,1.0,1.0,0.0
1802,3.4011442103967075e-08,2.986111203398141e-12,17.354296831590595,0.5051989569794383,1.0,0.0,0.9999999999999999,1.0000000000000002,0.0
1803,3.4011442103967075e-08,4.283480737622835e-12,17.345386309958286,0.5051968736466474,1.0,0.0,0.9999999999999999,1.0,0.0
1804,3.4011442103967075e-08,3.2121135943172027e-12,17.3440116458962,0.5052398423854577,1.0,0.0,1.0,1.0,0.0
1805,3.4011442103967075e-08,3.0229884294875054e-12,17.342999580435265,0.505231639262594,1.0,0.0,0.9999999999999999,1.0,0.0
1806,3.4011442103967075e-08,3.9046805735244275e-12,17.33689390429406,0.505270571544122,1.0,0.0,1.0,1.0,0.0
1807,3.4011442103967075e-08,4.214889421563987e-12,17.332069055092663,0.5051925767727664,1.0,0.0,1.0,1.0,0.0
1808,3.4011442103967075e-08,3.786730552989452e-12,17.326121972003065,0.5052108059346859,1.0,0.0,0.9999999999999999,1.0,0.0
1809,3.4011442103967075e-08,3.3460248237098243e-12,17.323803770633756,0.5052324205123905,1.0,0.0,1.0,1.0,0.0
1810,3.4011442103967075e-08,4.765495957939594e-12,17.311464739763704,0.5051845038582021,1.0,0.0,1.0,1.0,0.0
1811,3.4011442103967075e-08,4.485661167613171e-12,17.302635315951264,0.5051654934464861,1.0,0.0,1.0,1.0,0.0
1812,3.4011442103967075e-08,3.2551751393425415e-12,17.304151876042717,0.5051076809615415,1.0,0.0,1.0000000000000002,1.0,0.0
1813,3.4011442103967075e-08,4.11811211145048e-12,17.295841607847798,0.5051592434481137,1.0,0.0,1.0,1.0,0.0
1814,3.4011442103967075e-08,4.1796340606210434e-12,17.290027112752675,0.5051605455311079,1.0,0.0,0.9999999999999999,1.0,0.0
1815,3.4011442103967075e-08,2.8724524485589982e-12,17.290216694773775,0.5051408840778948,1.0,0.0,0.9999999999999999,1.0,0.0
1816,3.4011442103967075e-08,4.78338969296011e-12,17.280270458197993,0.505218488224352,1.0,0.0,0.9999999999999999,1.0,0.0
1817,3.4011442103967075e-08,4.236868386888559e-12,17.272938587457446,0.505277602792291,1.0,0.0,1.0,1.0,0.0
1818,3.4011442103967075e-08,2.941106561310136e-12,17.27075578181841,0.5052511705075077,1.0,0.0,1.0,1.0,0.0
1819,3.4011442103967075e-08,3.4172002470480224e-12,17.268971547902428,0.5052484361332198,1.0,0.0,1.0000000000000002,1.0,0.0
1820,3.4011442103967075e-08,3.591101578985365e-12,17.26578474142737,0.5052117173927819,1.0,0.0,1.0000000000000002,1.0,0.0
1821,3.4011442103967075e-08,3.0131478424914173e-12,17.266835909108313,0.5051916653146705,1.0,0.0,1.0,1.0,0.0
1822,3.4011442103967075e-08,4.366850724396643e-12,17.260453327170655,0.505199477812636,1.0,0.0,1.0000000000000002,1.0,0.0
1823,3.4011442103967075e-08,3.3307016625723275e-12,17.259642771924035,0.5052059882276072,1.0,0.0,1.0,1.0,0.0
1824,3.4011442103967075e-08,3.278198260865027e-12,17.258378724586912,0.5051979153130429,1.0,0.0,1.0,1.0,0.0
1825,3.4011442103967075e-08,4.103444819576237e-12,17.250017386596742,0.5052104153097877,1.0,0.0,1.0,1.0,0.0
1826,3.4011442103967075e-08,3.1931151425633555e-12,17.247705785524428,0.5052872382064484,1.0,0.0,0.9999999999999999,1.0,0.0
1827,3.4011442103967075e-08,3.5572881450287017e-12,17.243454517717463,0.505263540295953,1.0,0.0,0.9999999999999999,1.0,0.0
1828,3.4011442103967075e-08,4.6596260133548315e-12,17.23209043567043,0.5052243475978262,1.0,0.0,1.0,1.0,0.0
1829,3.4011442103967075e-08,3.257173963816954e-12,17.230125689054265,0.505240233010356,1.0,0.0,0.9999999999999999,1.0,0.0
1830,3.4011442103967075e-08,3.546069914740864e-12,17.22735598615833,0.5052669257117381,1.0,0.0,1.0000000000000002,1.0,0.0
1831,3.4011442103967075e-08,4.359714596112807e-12,17.221169201051776,0.5052936184131203,1.0,0.0,1.0,1.0,0.0
1832,3.4011442103967075e-08,2.905969825830413e-12,17.223980228292678,0.5053227850721914,1.0,0.0,0.9999999999999999,1.0,0.0
1833,3.4011442103967075e-08,3.1830058400470816e-12,17.22360345631669,0.5053510402731666,1.0,0.0,1.0,1.0,0.0
1834,3.4011442103967075e-08,4.395070622004756e-12,17.215770446951133,0.5052835923740645,1.0,0.0,1.0,1.0,0.0
1835,3.4011442103967075e-08,4.086101052226941e-12,17.208670266637295,0.5053376288183258,1.0,0.0,0.9999999999999999,1.0,0.0
1836,3.4011442103967075e-08,4.090639243067877e-12,17.203309377930175,0.505347785065681,1.0,0.0,1.0,1.0,0.0
1837,3.4011442103967075e-08,3.107654307645979e-12,17.20008435627006,0.5053345038191396,1.0,0.0,1.0,1.0,0.0
1838,3.4011442103967075e-08,3.6226282368940527e-12,17.19674349341091,0.5053213527808977,1.0,0.0,1.0,1.0,0.0
1839,3.4011442103967075e-08,3.740378324305967e-12,17.192677710290404,0.505266274670241,1.0,0.0,0.9999999999999999,1.0,0.0
1840,3.4011442103967075e-08,3.692936172959321e-12,17.18767586127467,0.5052527330071008,1.0,0.0,0.9999999999999999,1.0000000000000002,0.0
1841,3.4011442103967075e-08,3.797744980075556e-12,17.182324406422968,0.5052234361397302,1.0,0.0,0.9999999999999999,1.0,0.0
1842,3.4011442103967075e-08,3.43018283308853e-12,17.180166030054266,0.5052372382194692,1.0,0.0,1.0000000000000002,1.0,0.0
1843,3.4011442103967075e-08,3.587456911366641e-12,17.174497101072674,0.5051769517768355,1.0,0.0,1.0,1.0,0.0
1844,3.4011442103967075e-08,2.9743132706136865e-12,17.175249592362572,0.5052032538533193,1.0,0.0,1.0,1.0000000000000002,0.0
1845,3.4011442103967075e-08,3.691423599309423e-12,17.171902127451855,0.5052067694774037,1.0,0.0,1.0000000000000002,1.0,0.0
1846,3.4011442103967075e-08,3.824553843078346e-12,17.16858375590361,0.5052140611421716,1.0,0.0,0.9999999999999999,1.0,0.0
1847,3.4011442103967075e-08,3.4007154772941724e-12,17.166172735752266,0.5051891913569814,1.0,0.0,1.0,1.0,0.0
1848,3.4011442103967075e-08,3.2512281246204737e-12,17.163702758461977,0.5052179673911543,1.0,0.0,1.0000000000000002,1.0,0.0
1849,3.4011442103967075e-08,3.648376316477411e-12,17.160006951493774,0.5052352850949778,1.0,0.0,1.0,1.0,0.0
1850,3.4011442103967075e-08,4.464257862384232e-12,17.15325444050294,0.5052067694774037,1.0,0.0,1.0,1.0,0.0
1851,3.4011442103967075e-08,3.4295402605930867e-12,17.150508019260243,0.5052235663480296,1.0,0.0,1.0000000000000002,1.0000000000000002,0.0
1852,3.4011442103967075e-08,3.1445102941947145e-12,17.15108024824291,0.5051567694904247,1.0,0.0,1.0000000000000002,1.0000000000000002,0.0
1853,3.4011442103967075e-08,4.667537314747402e-12,17.140731246833383,0.505162108030701,1.0,0.0,1.0000000000000002,1.0,0.0
1854,3.4011442103967075e-08,3.9285718403594636e-12,17.135123171501714,0.5052412746767514,1.0,0.0,1.0,1.0,0.0
1855,3.4011442103967075e-08,3.973831703453148e-12,17.128706979158324,0.5053062486181644,1.0,0.0,1.0000000000000002,1.0,0.0
1856,3.4011442103967075e-08,3.831378125742035e-12,17.126044245504616,0.5052903632056346,1.0,0.0,1.0,1.0,0.0
1857,3.4011442103967075e-08,3.4453727634837216e-12,17.125004950937594,0.5052529934236997,1.0,0.0,1.0,1.0,0.0
1858,3.4011442103967075e-08,2.8478023058387947e-12,17.12531749905622,0.5051415351193919,1.0,0.0,1.0,1.0,0.0
1859,3.4011442103967075e-08,3.567266367355212e-12,17.12062453265432,0.5051494778256568,1.0,0.0,0.9999999999999999,1.0,0.0
1860,3.4011442103967075e-08,4.180906859733764e-12,17.113979821527003,0.505110936169027,1.0,0.0,0.9999999999999999,1.0,0.0
1861,3.4011442103967075e-08,3.6332217103560205e-12,17.110908429671415,0.5051205715831845,1.0,0.0,0.9999999999999999,1.0,0.0
1862,3.4011442103967075e-08,4.500913870278403e-12,17.100799836560256,0.5051475247011654,1.0,0.0,0.9999999999999999,1.0,0.0
1863,3.4011442103967075e-08,2.9827295219103543e-12,17.102229249375917,0.5051356757459178,1.0,0.0,1.0,1.0,0.0
1864,3.4011442103967075e-08,3.3237789736008e-12,17.101290828370132,0.505080597635261,1.0,0.0,1.0000000000000002,1.0,0.0
1865,3.4011442103967075e-08,3.484655067989861e-12,17.100482667099712,0.5050716132626007,1.0,0.0,0.9999999999999999,1.0,0.0
1866,3.4011442103967075e-08,4.229066602431392e-12,17.094834180628492,0.5051548163659333,1.0,0.0,1.0,1.0,0.0
1867,3.4011442103967075e-08,3.133899307488466e-12,17.095305311541967,0.505147394492866,1.0,0.0,0.9999999999999999,1.0,0.0
1868,3.4011442103967075e-08,3.834193468308918e-12,17.092341038988472,0.5051541653244361,1.0,0.0,0.9999999999999999,1.0,0.0
1869,3.4011442103967075e-08,3.2699748584321326e-12,17.092072407631072,0.5051278632479522,1.0,0.0,1.0,1.0,0.0
1870,3.4011442103967075e-08,3.720180332972039e-12,17.087648935695768,0.5050890611747236,1.0,0.0,1.0000000000000002,1.0,0.0
1871,3.4011442103967075e-08,3.825980624470813e-12,17.08115282538679,0.5050769518028771,1.0,0.0,1.0,1.0,0.0
1872,3.4011442103967075e-08,2.988773155118384e-12,17.08248007478055,0.5051157538761057,1.0,0.0,0.9999999999999999,1.0,0.0
1873,3.4011442103967075e-08,2.8968906762982844e-12,17.082544630510192,0.5050908840909156,1.0,0.0,1.0000000000000002,1.0000000000000002,0.0
1874,3.4011442103967075e-08,5.017181761181326e-12,17.07178879326198,0.5051220038744781,1.0,0.0,0.9999999999999999,1.0,0.0
1875,3.4011442103967075e-08,3.492609473470903e-12,17.069036910192843,0.5051052070038523,1.0,0.0,1.0,1.0,0.0
1876,3.4011442103967075e-08,3.889748305220998e-12,17.06280480360571,0.5051367174123131,1.0,0.0,0.9999999999999999,1.0,0.0
1877,3.4011442103967075e-08,3.469176331212763e-12,17.060482953417527,0.5051158840844052,1.0,0.0,1.0000000000000002,1.0,0.0
1878,3.4011442103967075e-08,3.1146992332637443e-12,17.060740063279056,0.5050986965888811,1.0,0.0,1.0,1.0,0.0
1879,3.4011442103967075e-08,3.4431982074354925e-12,17.059076586866496,0.5051096340860328,1.0,0.0,0.9999999999999999,1.0,0.0
1880,3.4011442103967075e-08,2.8155882614234744e-12,17.061158511039732,0.5050638007646352,1.0,0.0,1.0,1.0,0.0
1881,3.4011442103967075e-08,3.3878685750088907e-12,17.058803458354493,0.5050566393081668,1.0,0.0,0.9999999999999999,1.0,0.0
1882,3.4011442103967075e-08,3.706282468511905e-12,17.05372530661817,0.5051018215880673,1.0,0.0,0.9999999999999999,1.0,0.0
1883,3.4011442103967075e-08,2.846601254346559e-12,17.055603593294133,0.5051068997117448,1.0,0.0,0.9999999999999999,1.0,0.0
1884,3.4011442103967075e-08,3.529810455894578e-12,17.053292852581638,0.5051451809517757,1.0,0.0,1.0000000000000002,1.0,0.0
1885,3.4011442103967075e-08,3.608547235444085e-12,17.046644730244267,0.5051908840648739,1.0,0.0,0.9999999999999999,1.0,0.0
1886,3.4011442103967075e-08,3.834184546512396e-12,17.04238409983712,0.5052149726002676,1.0,0.0,1.0000000000000002,1.0,0.0
1887,3.4011442103967075e-08,5.225498395595515e-12,17.027897058373608,0.5051848944831004,1.0,0.0,1.0000000000000002,1.0,0.0
1888,3.4011442103967075e-08,3.021918243612073e-12,17.02795638059676,0.5052104153097877,1.0,0.0,1.0,1.0000000000000002,0.0
1889,3.4011442103967075e-08,3.9123934747780616e-12,17.021675804921387,0.5051665351128815,1.0,0.0,1.0,1.0,0.0
1890,3.4011442103967075e-08,4.201115258410237e-12,17.01552242752365,0.5052078111437992,1.0,0.0,1.0000000000000002,1.0,0.0
1891,3.4011442103967075e-08,3.481327841898808e-12,17.014022251659764,0.5051848944831004,1.0,0.0,1.0000000000000002,1.0,0.0
1892,3.4011442103967075e-08,3.425187593729597e-12,17.009615152003022,0.5051718736531579,1.0,0.0,0.9999999999999999,1.0,0.0
1893,3.4011442103967075e-08,3.580941512148771e-12,17.00491558006307,0.5050734361787926,1.0,0.0,0.9999999999999999,1.0,0.0
1894,3.4011442103967075e-08,3.1327046551939366e-12,17.004658172111437,0.5051171861673994,1.0,0.0,1.0,1.0,0.0
1895,3.4011442103967075e-08,3.489012402628715e-12,17.00173270986784,0.5051434882438832,1.0,0.0,1.0000000000000002,1.0,0.0
1896,3.4011442103967075e-08,3.889006439065376e-12,16.99609554453605,0.5051549465742327,1.0,0.0,1.0,1.0000000000000002,0.0
1897,3.4011442103967075e-08,3.964380302144101e-12,16.992035290280384,0.5051285142894494,1.0,0.0,1.0000000000000002,1.0,0.0
1898,3.4011442103967075e-08,3.3852549369243263e-12,16.99000060047428,0.5051397122032,1.0,0.0,0.9999999999999999,1.0,0.0
1899,3.4011442103967075e-08,3.111185178790648e-12,16.989745857103443,0.5051183580420943,1.0,0.0,1.0000000000000002,1.0000000000000002,0.0
1900,3.4011442103967075e-08,3.3718443255933304e-12,16.986291962660054,0.5051748684440447,1.0,0.0,0.9999999999999999,1.0,0.0
1901,3.4011442103967075e-08,3.5352176421694025e-12,16.983524278746717,0.5051334622048276,1.0,0.0,0.9999999999999999,1.0,0.0
1902,3.4011442103967075e-08,3.428544610378703e-12,16.982221267363922,0.5050915351324127,1.0,0.0,0.9999999999999999,1.0,0.0
1903,3.4011442103967075e-08,3.566320618130516e-12,16.979293048618707,0.5050779934692725,1.0,0.0,1.0000000000000002,1.0,0.0
1904,3.4011442103967075e-08,4.832485949730073e-12,16.965331825120487,0.5050807278435605,1.0,0.0,1.0000000000000002,1.0,0.0
1905,3.4011442103967075e-08,3.0384022069408924e-12,16.96503715231749,0.5051358059542173,1.0,0.0,1.0000000000000002,1.0,0.0
1906,3.4011442103967075e-08,2.7227811977477784e-12,16.96603036468464,0.5050811184684587,1.0,0.0,0.9999999999999999,1.0,0.0
1907,3.4011442103967075e-08,3.654298356107692e-12,16.962934448267582,0.505032811189372,1.0,0.0,1.0,1.0,0.0
1908,3.4011442103967075e-08,3.2170476795826628e-12,16.962406170142987,0.5050967434643897,1.0,0.0,0.9999999999999999,1.0,0.0
1909,3.4011442103967075e-08,3.676401328443867e-12,16.957896599608763,0.5051605455311079,1.0,0.0,1.0,1.0,0.0
1910,3.4011442103967075e-08,4.534373820594109e-12,16.95051521566832,0.5051466132430694,1.0,0.0,1.0000000000000002,1.0,0.0
1911,3.4011442103967075e-08,3.4198365594318665e-12,16.947767749071648,0.5051393215783017,1.0,0.0,1.0,1.0,0.0
1912,3.4011442103967075e-08,4.1264701983477415e-12,16.94128696113001,0.5051718736531579,1.0,0.0,1.0000000000000002,1.0,0.0
1913,3.4011442103967075e-08,3.0152467547163357e-12,16.940710853222228,0.5051690090705706,1.0,0.0,1.0,1.0,0.0
1914,3.4011442103967075e-08,3.3507690505306724e-12,16.939072842717213,0.5051851548996993,1.0,0.0,1.0,1.0,0.0
1915,3.4011442103967075e-08,3.568850058945173e-12,16.93517108757625,0.5052078111437992,1.0,0.0,1.0000000000000002,1.0,0.0
1916,3.4011442103967075e-08,3.317084949900805e-12,16.93478999590887,0.5051416653276913,1.0,0.0,1.0000000000000002,1.0,0.0
1917,3.4011442103967075e-08,4.881185406853627e-12,16.92524799507557,0.505155988240628,1.0,0.0,1.0,1.0,0.0
1918,3.4011442103967075e-08,3.3319232221662768e-12,16.924728070362793,0.5051688788622711,1.0,0.0,1.0,1.0,0.0
1919,3.4011442103967075e-08,2.5679589286346967e-12,16.927857305393736,0.5051600246979102,1.0,0.0,0.9999999999999999,1.0,0.0
1920,3.4011442103967075e-08,3.978379601242063e-12,16.9240236815234,0.5052119778093808,1.0,0.0,0.9999999999999999,1.0,0.0
1921,3.4011442103967075e-08,3.6462954344921695e-12,16.92063993217513,0.5051561184489275,1.0,0.0,1.0000000000000002,1.0,0.0
1922,3.4011442103967075e-08,3.278915618995476e-12,16.919527569901074,0.5052009101039296,1.0,0.0,1.0,1.0,0.0
1923,3.4011442103967075e-08,5.26959913771413e-12,16.907272572358405,0.5051592434481137,1.0,0.0,1.0,1.0,0.0
1924,3.4011442103967075e-08,3.399774026611613e-12,16.906142239907116,0.505143097618985,1.0,0.0,1.0000000000000002,1.0,0.0
1925,3.4011442103967075e-08,4.555271775668508e-12,16.896986567811133,0.5052519517573042,1.0,0.0,1.0,1.0,0.0
1926,3.4011442103967075e-08,3.17662579069941e-12,16.89655179992903,0.505216925724759,1.0,0.0,1.0,1.0,0.0
1927,3.4011442103967075e-08,4.3236745066503e-12,16.889190097186933,0.5052808579997765,1.0,0.0,0.9999999999999999,1.0,0.0
1928,3.4011442103967075e-08,3.408280488283871e-12,16.887643410738033,0.505216014266663,1.0,0.0,1.0,1.0,0.0
1929,3.4011442103967075e-08,2.8653071914906513e-12,16.88778108545356,0.5052244778061256,1.0,0.0,0.9999999999999999,1.0,0.0
1930,3.4011442103967075e-08,6.163389365581514e-12,16.871067242522358,0.505262889254456,1.0,0.0,1.0,1.0,0.0
1931,3.4011442103967075e-08,5.4173325696849095e-12,16.856341900898315,0.5052994777865943,1.0,0.0,1.0,1.0,0.0
1932,3.4011442103967075e-08,4.1428237038417495e-12,16.84911524050129,0.5052424465514462,1.0,0.0,0.9999999999999999,1.0,0.0
1933,3.4011442103967075e-08,3.255235768208817e-12,16.848166142612083,0.5052376288443675,1.0,0.0,1.0000000000000002,1.0000000000000002,0.0
1934,3.4011442103967075e-08,4.660068198285498e-12,16.838119429654032,0.5052575507141795,1.0,0.0,1.0,1.0,0.0
1935,3.4011442103967075e-08,2.9588581026217335e-12,16.83916937382064,0.505292316330126,1.0,0.0,1.0000000000000002,1.0,0.0
1936,3.4011442103967075e-08,2.9113788214014984e-12,16.84056914464115,0.5053062486181644,1.0,0.0,0.9999999999999999,1.0,0.0
1937,3.4011442103967075e-08,3.342489561040159e-12,16.83970672885267,0.5052225246816342,1.0,0.0,0.9999999999999999,1.0,0.0
1938,3.4011442103967075e-08,5.273977128068688e-12,16.828862090642502,0.5052334621787858,1.0,0.0,1.0,1.0000000000000002,0.0
1939,3.4011442103967075e-08,3.30288705768006e-12,16.82756664495939,0.5052096340599911,1.0,0.0,1.0,1.0,0.0
1940,3.4011442103967075e-08,3.0185994388568833e-12,16.82744583163277,0.5051760403187395,1.0,0.0,1.0000000000000002,1.0,0.0
1941,3.4011442103967075e-08,5.761273287601031e-12,16.812625642680466,0.505170962195062,1.0,0.0,1.0000000000000002,1.0,0.0
1942,3.4011442103967075e-08,2.791036913057295e-12,16.816353547863866,0.5052040351031158,1.0,0.0,1.0,1.0,0.0
1943,3.4011442103967075e-08,4.784696185718235e-12,16.807876640177142,0.5052838527906633,1.0,0.0,0.9999999999999999,1.0,0.0
1944,3.4011442103967075e-08,5.055624430020418e-12,16.79586328567077,0.5052242173895267,1.0,0.0,1.0,1.0000000000000002,0.0
1945,3.4011442103967075e-08,4.102598006983952e-12,16.78877605629707,0.5052416653016497,1.0,0.0,0.9999999999999999,1.0,0.0
1946,3.4011442103967075e-08,3.564303584544152e-12,16.785591790021055,0.5052792955001835,1.0,0.0,0.9999999999999999,1.0,0.0
1947,3.4011442103967075e-08,4.01007538747313e-12,16.7810152238385,0.5052537746734962,1.0,0.0,1.0,1.0,0.0
1948,3.4011442103967075e-08,3.976620130951218e-12,16.774793126701773,0.5051837226084056,1.0,0.0,0.9999999999999999,1.0,0.0
1949,3.4011442103967075e-08,4.495846276316218e-12,16.766512432853578,0.5052437486344404,1.0,0.0,1.0,1.0,0.0
1950,3.4011442103967075e-08,3.68734973694006e-12,16.763199060680222,0.5051683580290734,1.0,0.0,0.9999999999999999,1.0,0.0
1951,3.4011442103967075e-08,3.0607666864164364e-12,16.763939659235696,0.5051943996889584,1.0,0.0,1.0000000000000002,1.0,0.0
1952,3.4011442103967075e-08,4.753755252905899e-12,16.754669445199504,0.5051850246913998,1.0,0.0,1.0000000000000002,1.0,0.0
1953,3.4011442103967075e-08,4.368095926768246e-12,16.747515392516565,0.5051515611584476,1.0,0.0,1.0,1.0,0.0
1954,3.4011442103967075e-08,3.3958727270441274e-12,16.745259477685284,0.5051269517898563,1.0,0.0,1.0000000000000002,1.0,0.0
1955,3.4011442103967075e-08,3.970859154511162e-12,16.74148579555436,0.5051998684375343,1.0,0.0,0.9999999999999999,1.0,0.0
1956,3.4011442103967075e-08,3.666974046806515e-12,16.73809412783277,0.5051619778224016,1.0,0.0,1.0000000000000002,1.0,0.0
1957,3.4011442103967075e-08,2.9511458532253768e-12,16.73789782669677,0.5051643215717913,1.0,0.0,1.0000000000000002,1.0,0.0
1958,3.4011442103967075e-08,3.2480835996044963e-12,16.736565523841787,0.505140363244697,1.0,0.0,1.0,1.0,0.0
1959,3.4011442103967075e-08,3.128148960109523e-12,16.73478957023193,0.505189061148682,1.0,0.0,0.9999999999999999,1.0000000000000002,0.0
1960,3.4011442103967075e-08,3.0959479712988732e-12,16.734878309433412,0.5051217434578793,1.0,0.0,1.0000000000000002,1.0000000000000002,0.0
1961,3.4011442103967075e-08,4.08914191322476e-12,16.728436032300756,0.5051979153130429,1.0,0.0,1.0,1.0,0.0
1962,3.4011442103967075e-08,4.143980713399345e-12,16.721173621818906,0.505158722614916,1.0,0.0,1.0,1.0,0.0
1963,3.4011442103967075e-08,3.1157786786974387e-12,16.72178313052554,0.5051916653146705,1.0,0.0,1.0,1.0,0.0
1964,3.4011442103967075e-08,5.197936570254342e-12,16.70936415007999,0.5051964830217492,1.0,0.0,1.0,1.0,0.0
1965,3.4011442103967075e-08,4.716302858596435e-12,16.698099036055666,0.5051638007385936,1.0,0.0,1.0,1.0,0.0
1966,3.4011442103967075e-08,3.332143422058821e-12,16.695467592399655,0.5050798163854645,1.0,0.0,1.0000000000000002,1.0,0.0
1967,3.4011442103967075e-08,3.1454628360984865e-12,16.69488850463394,0.5050933580486047,1.0,0.0,0.9999999999999999,1.0,0.0
1968,3.4011442103967075e-08,3.2742849473726503e-12,16.694846283303534,0.5051516913667471,1.0,0.0,1.0,1.0,0.0
1969,3.4011442103967075e-08,3.751933904202989e-12,16.692664247825316,0.5051178372088966,1.0,0.0,1.0,1.0,0.0
1970,3.4011442103967075e-08,4.056201434039737e-12,16.688376904420085,0.505138800745104,1.0,0.0,0.9999999999999999,1.0,0.0
1971,3.4011442103967075e-08,3.5043906650867236e-12,16.687155778653988,0.5051485663675609,1.0,0.0,1.0,1.0,0.0
1972,3.4011442103967075e-08,4.877707182287007e-12,16.676607761943316,0.5051019517963667,1.0,0.0,1.0000000000000002,1.0,0.0
1973,3.4011442103967075e-08,4.10322509058598e-12,16.670721496196716,0.505079035135668,1.0,0.0,1.0000000000000002,1.0,0.0
1974,3.4011442103967075e-08,5.938015295123334e-12,16.653192537645737,0.5051337226214264,1.0,0.0,1.0,1.0000000000000002,0.0
1975,3.4011442103967075e-08,4.230390971720325e-12,16.64714538532967,0.505140623661296,1.0,0.0,1.0000000000000002,1.0000000000000002,0.0
1976,3.4011442103967075e-08,3.4904585466667614e-12,16.643793001750115,0.5050940090901018,1.0,0.0,1.0,1.0,0.0
1977,3.4011442103967075e-08,3.4678153486534524e-12,16.642335674031187,0.5051005195050731,1.0,0.0,0.9999999999999999,1.0,0.0
1978,3.4011442103967075e-08,3.665345068738534e-12,16.637967063096486,0.505147394492866,1.0,0.0,0.9999999999999999,1.0,0.0
1979,3.4011442103967075e-08,3.04391790251617e-12,16.63762863952233,0.5051674465709775,1.0,0.0,0.9999999999999999,1.0,0.0
1980,3.4011442103967075e-08,3.4884794485081424e-12,16.636675527130645,0.5052240871812272,1.0,0.0,1.0,1.0000000000000002,0.0
1981,3.4011442103967075e-08,3.3617401578026508e-12,16.635304487450252,0.50522122259864,1.0,0.0,0.9999999999999999,1.0000000000000002,0.0
1982,3.4011442103967075e-08,4.0933248292737584e-12,16.630373798510565,0.5052002590624325,1.0,0.0,0.9999999999999999,1.0,0.0
1983,3.4011442103967075e-08,3.4797169612326437e-12,16.62860871217496,0.5052197903073463,1.0,0.0,0.9999999999999999,1.0,0.0
1984,3.4011442103967075e-08,3.5906291147274846e-12,16.623355221902777,0.5052156236417646,1.0,0.0,1.0000000000000002,1.0,0.0
1985,3.4011442103967075e-08,3.3193993410293173e-12,16.621934562332534,0.505229816346402,1.0,0.0,0.9999999999999999,1.0,0.0
1986,3.4011442103967075e-08,4.015844598588031e-12,16.61694839549652,0.5052244778061256,1.0,0.0,0.9999999999999999,1.0,0.0
1987,3.4011442103967075e-08,3.575808457839809e-12,16.61483067600126,0.5051997382292348,1.0,0.0,1.0,1.0000000000000002,0.0
1988,3.4011442103967075e-08,3.347269598493892e-12,16.61226337547564,0.5051739569859487,1.0,0.0,1.0,1.0,0.0
1989,3.4011442103967075e-08,3.5747295901017535e-12,16.610341563701912,0.5051399726197988,1.0,0.0,1.0,1.0000000000000002,0.0
1990,3.4011442103967075e-08,5.26200552489909e-12,16.596512030657927,0.5051423163691885,1.0,0.0,1.0,1.0,0.0
1991,3.4011442103967075e-08,3.913516646269887e-12,16.59224848016494,0.505186587190993,1.0,0.0,1.0000000000000002,1.0,0.0
1992,3.4011442103967075e-08,3.5204725181487026e-12,16.591079562378475,0.5051910142731734,1.0,0.0,1.0000000000000002,1.0,0.0
1993,3.4011442103967075e-08,2.9169442558363682e-12,16.592699596729837,0.50526197779636,1.0,0.0,0.9999999999999999,1.0,0.0
1994,3.4011442103967075e-08,3.183110536160229e-12,16.591238285340996,0.5052010403122291,1.0,0.0,1.0000000000000002,1.0000000000000002,0.0
1995,3.4011442103967075e-08,4.479597554125902e-12,16.58398450714735,0.5052570298809818,1.0,0.0,0.9999999999999999,1.0,0.0
1996,3.4011442103967075e-08,4.096898109217338e-12,16.57805535822251,0.5052079413520986,1.0,0.0,1.0,1.0,0.0
1997,3.4011442103967075e-08,3.288387653722221e-12,16.57823425221355,0.5052196600990468,1.0,0.0,1.0,1.0,0.0
1998,3.4011442103967075e-08,3.1471615403432203e-12,16.578011769977085,0.5052079413520986,1.0,0.0,1.0,1.0,0.0
1999,3.4011442103967075e-08,3.1989610598347996e-12,16.577563906981524,0.5052609361299646,1.0,0.0,1.0,1.0,0.0
2000,3.4011442103967075e-08,3.1292693829782116e-12,16.578541411872838,0.5052535142568974,1.0,0.0,1.0,1.0000000000000002,0.0
2001,3.4011442103967075e-08,3.1956456335178123e-12,16.577339891589084,0.5052408840518531,1.0,0.0,0.9999999999999999,1.0,0.0
2002,3.4011442103967075e-08,5.4639992925009394e-12,16.564424976004045,0.5052524725905019,1.0,0.0,0.9999999999999999,1.0,0.0
2003,3.4011442103967075e-08,2.981433127572066e-12,16.56533392014354,0.5051946601055572,1.0,0.0,0.9999999999999999,1.0000000000000002,0.0
2004,3.4011442103967075e-08,3.977308163629588e-12,16.559698734619527,0.5051799465677222,1.0,0.0,1.0,1.0,0.0
2005,3.4011442103967075e-08,3.4735093853783486e-12,16.558219510831677,0.505208071560398,1.0,0.0,1.0,1.0,0.0
2006,3.4011442103967075e-08,3.026623344279386e-12,16.559052796623718,0.5051545559493343,1.0,0.0,1.0000000000000002,1.0,0.0
2007,3.4011442103967075e-08,3.915140796720075e-12,16.552459507146093,0.505074738261787,1.0,0.0,0.9999999999999999,1.0,0.0
2008,3.4011442103967075e-08,4.058015190490321e-12,16.547431197419186,0.5050693997215104,1.0,0.0,1.0000000000000002,1.0,0.0
2009,3.4011442103967075e-08,4.9625822014825146e-12,16.537441940974443,0.5051022122129656,1.0,0.0,0.9999999999999999,1.0,0.0
2010,3.4011442103967075e-08,3.7090792040399785e-12,16.534731333965833,0.505124087207269,1.0,0.0,0.9999999999999999,1.0,0.0
2011,3.4011442103967075e-08,3.382750458539134e-12,16.534779336750884,0.5050354153553606,1.0,0.0,1.0,1.0,0.0
2012,3.4011442103967075e-08,3.3380266322151065e-12,16.53415932393306,0.5050826809680519,1.0,0.0,1.0,1.0,0.0
2013,3.4011442103967075e-08,3.755521461400336e-12,16.529336048447295,0.5050334622308692,1.0,0.0,1.0000000000000002,1.0,0.0
2014,3.4011442103967075e-08,3.107966292010339e-12,16.528676916367772,0.5050873684668311,1.0,0.0,0.9999999999999999,1.0,0.0
2015,3.4011442103967075e-08,3.4346369829375584e-12,16.5284724919458,0.5051263007483592,1.0,0.0,1.0,1.0,0.0
2016,3.4011442103967075e-08,3.252309710861101e-12,16.528050679049183,0.5050595038907542,1.0,0.0,0.9999999999999999,1.0000000000000002,0.0
2017,3.4011442103967075e-08,3.3964706394454665e-12,16.528311700295497,0.5050492174350997,1.0,0.0,1.0,1.0,0.0
2018,3.4011442103967075e-08,3.4590507655690936e-12,16.527905307510665,0.5050722643040978,1.0,0.0,1.0,1.0,0.0
2019,3.4011442103967075e-08,3.59043280365759e-12,16.525768986177646,0.5050324205644738,1.0,0.0,1.0,1.0,0.0
2020,3.4011442103967075e-08,3.4432360803269946e-12,16.52431294429114,0.5051020820046661,1.0,0.0,1.0,1.0,0.0
2021,3.4011442103967075e-08,3.5551707833879755e-12,16.52087762287331,0.5051045559623553,1.0,0.0,0.9999999999999999,1.0,0.0
2022,3.4011442103967075e-08,3.2258346088366707e-12,16.520648842352035,0.5051218736661788,1.0,0.0,1.0,1.0,0.0
2023,3.4011442103967075e-08,4.220384944890767e-12,16.514211235077422,0.5050872382585317,1.0,0.0,1.0000000000000002,1.0,0.0
2024,3.4011442103967075e-08,2.9290140980807235e-12,16.51400291030152,0.5050707018045048,1.0,0.0,1.0000000000000002,1.0,0.0
2025,3.4011442103967075e-08,3.1179855728863706e-12,16.51501048502979,0.5050818997182552,1.0,0.0,1.0,1.0,0.0
2026,3.4011442103967075e-08,3.356878311744032e-12,16.51459082840376,0.5051089830445357,1.0,0.0,1.0000000000000002,1.0,0.0
2027,3.4011442103967075e-08,3.4660129873747603e-12,16.513981869260455,0.5051048163789541,1.0,0.0,1.0000000000000002,1.0,0.0
2028,3.4011442103967075e-08,4.5832943487659496e-12,16.504278467294334,0.5051006497133724,1.0,0.0,1.0000000000000002,1.0,0.0
2029,3.4011442103967075e-08,4.132457702527712e-12,16.499641850582428,0.5051223944993765,1.0,0.0,1.0000000000000002,1.0,0.0
2030,3.4011442103967075e-08,8.885440631160282e-12,16.46539729268573,0.5051721340697568,1.0,0.0,1.0,1.0,0.0
2031,3.4011442103967075e-08,3.4758809640272106e-12,16.46339514657163,0.5051904934399757,1.0,0.0,1.0000000000000002,1.0,0.0
2032,3.4011442103967075e-08,5.149929291628895e-12,16.449990967199128,0.5051641913634919,1.0,0.0,1.0000000000000002,1.0,0.0
2033,3.4011442103967075e-08,5.3776530488940716e-12,16.436694560628347,0.5051052070038523,1.0,0.0,1.0000000000000002,1.0,0.0
2034,3.4011442103967075e-08,6.248045537034137e-12,16.419357800148507,0.5051201809582863,1.0,0.0,1.0,1.0,0.0
2035,3.4011442103967075e-08,5.349806230443384e-12,16.40563692077425,0.5051652330298873,1.0,0.0,1.0000000000000002,1.0,0.0
2036,3.4011442103967075e-08,4.411100452383009e-12,16.39897747333177,0.5051675767792769,1.0,0.0,1.0,1.0,0.0
2037,3.4011442103967075e-08,4.241476655155394e-12,16.39336453410588,0.5051648424049889,1.0,0.0,0.9999999999999999,1.0,0.0
2038,3.4011442103967075e-08,2.948602958894757e-12,16.394399999385804,0.5051545559493343,1.0,0.0,1.0,1.0000000000000002,0.0
2039,3.4011442103967075e-08,3.365670301754085e-12,16.394614197765108,0.5051218736661788,1.0,0.0,1.0000000000000002,1.0,0.0
2040,3.4011442103967075e-08,5.213240097700654e-12,16.38300681304279,0.505122264291077,1.0,0.0,1.0,1.0,0.0
2041,3.4011442103967075e-08,8.057075686710821e-12,16.354240762970285,0.5051296861641442,1.0,0.0,1.0000000000000002,1.0,0.0
2042,3.4011442103967075e-08,1.1054767909864122e-11,16.30635503683168,0.5051022122129656,1.0,0.0,1.0,1.0,0.0
2043,3.4011442103967075e-08,4.2807498513554116e-12,16.298631222911332,0.5051027330461633,1.0,0.0,0.9999999999999999,1.0,0.0
2044,3.4011442103967075e-08,4.01015673777496e-12,16.294029310658185,0.5051055976287506,1.0,0.0,1.0000000000000002,1.0,0.0
2045,3.4011442103967075e-08,2.8958185529675125e-12,16.296736934177435,0.5051365872040138,1.0,0.0,0.9999999999999999,1.0,0.0
2046,3.4011442103967075e-08,4.324677621933423e-12,16.29142814325191,0.5051455715766741,1.0,0.0,0.9999999999999999,1.0,0.0
2047,3.4011442103967075e-08,6.599571779257839e-12,16.27125441075759,0.5052049465612118,1.0,0.0,1.0,1.0,0.0
2048,3.4011442103967075e-08,4.928778362625091e-12,16.26116026870344,0.5051677069875763,1.0,0.0,1.0,1.0,0.0
2049,3.4011442103967075e-08,4.204966211197625e-12,16.255992586703606,0.505155988240628,1.0,0.0,1.0,1.0,0.0
2050,3.4011442103967075e-08,4.806688000025339e-12,16.247439991751794,0.5051339830380253,1.0,0.0,1.0000000000000002,1.0,0.0
2051,3.4011442103967075e-08,3.1603692103603044e-12,16.24693180882829,0.5051410142861942,1.0,0.0,1.0,1.0000000000000002,0.0
2052,3.4011442103967075e-08,3.9476883371143436e-12,16.243591929246953,0.505143097618985,1.0,0.0,1.0000000000000002,1.0,0.0
2053,3.4011442103967075e-08,4.470739500079268e-12,16.236009553824832,0.5051368476206126,1.0,0.0,0.9999999999999999,1.0000000000000002,0.0
2054,3.4011442103967075e-08,3.553319353171383e-12,16.233081292241803,0.5051276028313534,1.0,0.0,1.0000000000000002,1.0,0.0
2055,3.4011442103967075e-08,3.9168090908240354e-12,16.229605922801692,0.5050990872137794,1.0,0.0,0.9999999999999999,1.0,0.0
2056,3.4011442103967075e-08,3.3627417233112515e-12,16.228415868081754,0.5051384101202057,1.0,0.0,0.9999999999999999,1.0,0.0
2057,3.4011442103967075e-08,3.4001799944609496e-12,16.226952823787002,0.5051196601250885,1.0,0.0,0.9999999999999999,1.0,0.0
2058,3.4011442103967075e-08,4.2651561865671465e-12,16.220959750457986,0.5051027330461633,1.0,0.0,1.0,1.0,0.0
2059,3.4011442103967075e-08,3.722571727346151e-12,16.217302263613266,0.5051304674139407,1.0,0.0,1.0000000000000002,1.0,0.0
2060,3.4011442103967075e-08,2.858053671605743e-12,16.21829674160246,0.505106639295146,1.0,0.0,1.0,1.0,0.0
2061,3.4011442103967075e-08,3.3803571356355667e-12,16.21871553221605,0.5050833320095489,1.0,0.0,0.9999999999999999,1.0,0.0
2062,3.4011442103967075e-08,3.002233983007115e-12,16.218502375003965,0.5050842434676449,1.0,0.0,1.0,1.0,0.0
2063,3.4011442103967075e-08,3.5188581354586583e-12,16.218546494076705,0.5050537747255796,1.0,0.0,0.9999999999999999,1.0,0.0
2064,3.4011442103967075e-08,3.3757236351851893e-12,16.216126743903725,0.5050721340957984,1.0,0.0,1.0000000000000002,1.0,0.0
2065,3.4011442103967075e-08,4.221554400656192e-12,16.21028739186973,0.50507630076138,1.0,0.0,1.0,1.0,0.0
2066,3.4011442103967075e-08,6.225312224106821e-12,16.190914249712208,0.5051141913765127,1.0,0.0,0.9999999999999999,1.0,0.0
2067,3.4011442103967075e-08,3.0303369520094613e-12,16.19250386135634,0.5051166653342017,1.0,0.0,0.9999999999999999,1.0,0.0
2068,3.4011442103967075e-08,2.9757110406682425e-12,16.193922987000118,0.5051196601250885,1.0,0.0,1.0000000000000002,1.0,0.0
2069,3.4011442103967075e-08,3.5511081334487706e-12,16.189418827929654,0.5051117174188235,1.0,0.0,1.0000000000000002,1.0,0.0
2070,3.4011442103967075e-08,4.736204537719965e-12,16.180783706453305,0.5051053372121518,1.0,0.0,1.0,1.0,0.0
2071,3.4011442103967075e-08,4.850300450320512e-12,16.170257240741563,0.5050839830510461,1.0,0.0,1.0000000000000002,1.0,0.0
2072,3.4011442103967075e-08,4.094196523661954e-12,16.164392614515705,0.5050343736889652,1.0,0.0,1.0,1.0,0.0
2073,3.4011442103967075e-08,5.459876207875314e-12,16.15165278004937,0.505027863273994,1.0,0.0,1.0000000000000002,1.0,0.0
2074,3.4011442103967075e-08,3.507887483250038e-12,16.14949767764214,0.5049747382878286,1.0,0.0,1.0,1.0,0.0
2075,3.4011442103967075e-08,3.2150254469538368e-12,16.148599762551505,0.5051018215880673,1.0,0.0,0.9999999999999999,1.0,0.0
2076,3.4011442103967075e-08,3.278707143837156e-12,16.149529868779144,0.5050716132626007,1.0,0.0,0.9999999999999999,1.0,0.0
2077,3.4011442103967075e-08,4.1940987130890925e-12,16.14227010500494,0.5050334622308692,1.0,0.0,0.9999999999999999,1.0,0.0
2078,3.4011442103967075e-08,3.6838670968537936e-12,16.13909570212042,0.5050994778386776,1.0,0.0,1.0000000000000002,1.0,0.0
2079,3.4011442103967075e-08,3.011887923664628e-12,16.139658577055894,0.5051132799184167,1.0,0.0,1.0,1.0,0.0
2080,3.4011442103967075e-08,4.452902782196243e-12,16.132333872799293,0.5051184882503937,1.0,0.0,0.9999999999999999,1.0,0.0
2081,3.4011442103967075e-08,3.3099200053612452e-12,16.132345332624656,0.5051364569957143,1.0,0.0,1.0,1.0,0.0
2082,3.4011442103967075e-08,3.3172959594821007e-12,16.131607056924803,0.5052018215620256,1.0,0.0,1.0,1.0,0.0
2083,3.4011442103967075e-08,4.977089651733008e-12,16.11987881772812,0.5051850246913998,1.0,0.0,1.0000000000000002,1.0,0.0
2084,3.4011442103967075e-08,3.349404715796274e-12,16.11967086038845,0.5051690090705706,1.0,0.0,0.9999999999999999,1.0,0.0
2085,3.4011442103967075e-08,3.599602176920969e-12,16.117788962792122,0.5051712226116608,1.0,0.0,0.9999999999999999,1.0,0.0
2086,3.4011442103967075e-08,4.060579855364417e-12,16.11143067444863,0.505098045547384,1.0,0.0,0.9999999999999999,1.0,0.0
2087,3.4011442103967075e-08,3.883119060255484e-12,16.108800206060135,0.5050608059737485,1.0,0.0,0.9999999999999999,1.0,0.0
2088,3.4011442103967075e-08,3.269675699210223e-12,16.10748030833852,0.505036457021756,1.0,0.0,1.0,1.0,0.0
2089,3.4011442103967075e-08,4.40927182817782e-12,16.10113991798887,0.5050726549289961,1.0,0.0,1.0000000000000002,1.0,0.0
2090,3.4011442103967075e-08,4.499135766195829e-12,16.092551169658574,0.5050272122324968,1.0,0.0,1.0,1.0,0.0
2091,3.4011442103967075e-08,3.730532101670976e-12,16.089462565962247,0.5049765612040206,1.0,0.0,1.0,1.0,0.0
2092,3.4011442103967075e-08,2.6422423179137327e-12,16.092452559318353,0.5050265611909996,1.0,0.0,1.0000000000000002,1.0,0.0
2093,3.4011442103967075e-08,3.6046265512440697e-12,16.090387790850663,0.5050070299460859,1.0,0.0,0.9999999999999999,1.0,0.0
2094,3.4011442103967075e-08,3.0240559762746963e-12,16.089763944932145,0.5049813789110993,1.0,0.0,0.9999999999999999,1.0000000000000002,0.0
2095,3.4011442103967075e-08,4.0542285612089546e-12,16.084027955580435,0.5049187487190758,1.0,0.0,1.0,1.0,0.0
2096,3.4011442103967075e-08,5.7179098382239815e-12,16.068257477439385,0.5049154935115903,1.0,0.0,1.0000000000000002,1.0,0.0
2097,3.4011442103967075e-08,6.425082878117918e-12,16.047392977701143,0.5049220039265615,1.0,0.0,1.0000000000000002,1.0,0.0
2098,3.4011442103967075e-08,6.049109375691233e-12,16.030046291367153,0.5049234362178552,1.0,0.0,1.0000000000000002,1.0,0.0
2099,3.4011442103967075e-08,3.318630503453701e-12,16.03040884994328,0.5049334622569108,1.0,0.0,0.9999999999999999,1.0,0.0
2100,3.4011442103967075e-08,5.07073013015685e-12,16.019605476489144,0.504859634151137,1.0,0.0,1.0000000000000002,1.0,0.0
2101,3.4011442103967075e-08,3.733581643283722e-12,16.01605320691886,0.5048333320746531,1.0,0.0,1.0,1.0,0.0
2102,3.4011442103967075e-08,6.0702033733324524e-12,15.997985271146614,0.504867316440803,1.0,0.0,0.9999999999999999,1.0,0.0
2103,3.4011442103967075e-08,3.405887835095993e-12,15.995349649913404,0.5047930977101308,1.0,0.0,1.0,1.0,0.0
2104,3.4011442103967075e-08,3.2786621204263682e-12,15.994363511002371,0.5048328112414554,1.0,0.0,0.9999999999999999,1.0000000000000002,0.0
2105,3.4011442103967075e-08,6.595387962049069e-12,15.973806287395917,0.5048054674985761,1.0,0.0,1.0,1.0,0.0
2106,3.4011442103967075e-08,3.630267472227482e-12,15.971435942903021,0.5047865872951596,1.0,0.0,1.0,1.0,0.0
2107,3.4011442103967075e-08,3.3970068232116227e-12,15.967775244445926,0.5048354154074439,1.0,0.0,1.0,1.0,0.0
2108,3.4011442103967075e-08,2.9473377853603457e-12,15.97101489070672,0.5047940091682268,1.0,0.0,1.0,1.0,0.0
2109,3.4011442103967075e-08,4.00061607333094e-12,15.965850955432066,0.5048246081185916,1.0,0.0,0.9999999999999999,1.0,0.0
2110,3.4011442103967075e-08,2.9222213746400593e-12,15.967577502912201,0.5048141914546377,1.0,0.0,1.0,1.0,0.0
2111,3.4011442103967075e-08,3.37335813968239e-12,15.967294889491985,0.5048690091486955,1.0,0.0,0.9999999999999999,1.0,0.0
2112,3.4011442103967075e-08,3.20046683846412e-12,15.966188637135225,0.5049106758045115,1.0,0.0,0.9999999999999999,1.0,0.0
2113,3.4011442103967075e-08,6.596367101811636e-12,15.947424929828962,0.5049351549648033,1.0,0.0,0.9999999999999999,1.0,0.0
2114,3.4011442103967075e-08,5.542814866981005e-12,15.933087821204715,0.5049321601739166,1.0,0.0,1.0000000000000002,1.0,0.0
2115,3.4011442103967075e-08,2.8953654828962393e-12,15.934628673701615,0.5049636705823775,1.0,0.0,1.0,1.0,0.0
2116,3.4011442103967075e-08,3.645799568966566e-12,15.931920268656764,0.5049734362048344,1.0,0.0,1.0000000000000002,1.0,0.0
2117,3.4011442103967075e-08,2.914668384483163e-12,15.933647182981451,0.5049959622406348,1.0,0.0,0.9999999999999999,1.0,0.0
2118,3.4011442103967075e-08,3.90440112149871e-12,15.930417891608947,0.5049544257931183,1.0,0.0,0.9999999999999999,1.0,0.0
2119,3.4011442103967075e-08,3.2392667812117346e-12,15.930850476993667,0.5049979153651262,1.0,0.0,1.0000000000000002,1.0,0.0
2120,3.4011442103967075e-08,5.905348657507347e-12,15.913171520181672,0.5049563789176097,1.0,0.0,1.0,1.0,0.0
2121,3.4011442103967075e-08,4.6861767175210985e-12,15.904327479298118,0.5050087226539784,1.0,0.0,1.0000000000000002,1.0,0.0
2122,3.4011442103967075e-08,3.4555154698003903e-12,15.903022853897332,0.5050263007744008,1.0,0.0,1.0000000000000002,1.0,0.0
2123,3.4011442103967075e-08,3.2996621424724825e-12,15.90318681793727,0.505045962227614,1.0,0.0,1.0,1.0,0.0
2124,3.4011442103967075e-08,4.300472411799411e-12,15.893754108188,0.5049924466165504,1.0,0.0,1.0,1.0,0.0
2125,3.4011442103967075e-08,3.937074707588487e-12,15.889459215277329,0.5049747382878286,1.0,0.0,0.9999999999999999,1.0,0.0
2126,3.4011442103967075e-08,3.444214016024578e-12,15.88889745070073,0.5049833320355906,1.0,0.0,1.0,1.0,0.0
2127,3.4011442103967075e-08,6.776558078375455e-12,15.864966647527094,0.5049483060030453,1.0,0.0,1.0,1.0,0.0
2128,3.4011442103967075e-08,4.155234034219483e-12,15.860017703723592,0.5049048164310374,1.0,0.0,0.9999999999999999,1.0,0.0
2129,3.4011442103967075e-08,2.9262492274906004e-12,15.8600862839082,0.5048962226832754,1.0,0.0,1.0,1.0,0.0
2130,3.4011442103967075e-08,3.002433004783672e-12,15.862055789488014,0.5048893216434058,1.0,0.0,1.0,1.0,0.0
2131,3.4011442103967075e-08,3.709475818331317e-12,15.860239095608298,0.5049092435132179,1.0,0.0,0.9999999999999999,1.0,0.0
2132,3.4011442103967075e-08,3.4867341628294974e-12,15.860961416701366,0.504899477890761,1.0,0.0,0.9999999999999999,1.0,0.0
2133,3.4011442103967075e-08,3.8469635476605854e-12,15.85782659848958,0.5049481757947459,1.0,0.0,1.0000000000000002,1.0000000000000002,0.0
2134,3.4011442103967075e-08,3.4105568348257575e-12,15.857207725463658,0.5049782539119131,1.0,0.0,1.0000000000000002,1.0,0.0
2135,3.4011442103967075e-08,2.9970661936702606e-12,15.85834875022923,0.5048641914416168,1.0,0.0,1.0,1.0,0.0
2136,3.4011442103967075e-08,3.1487911725315297e-12,15.859365256128813,0.5048485664456859,1.0,0.0,0.9999999999999999,1.0,0.0
2137,3.4011442103967075e-08,4.0890974707370235e-12,15.856176074991225,0.5048989570575633,1.0,0.0,0.9999999999999999,1.0,0.0
2138,3.4011442103967075e-08,7.019178890043626e-12,15.830728430643818,0.5049416653797747,1.0,0.0,0.9999999999999999,1.0,0.0
2139,3.4011442103967075e-08,2.4364806255524675e-12,15.83504859929052,0.5049230455929569,1.0,0.0,0.9999999999999999,1.0000000000000002,0.0
2140,3.4011442103967075e-08,6.195778544322817e-12,15.816667862001816,0.5049433580876672,1.0,0.0,1.0000000000000002,1.0,0.0
2141,3.4011442103967075e-08,4.140642610577591e-12,15.809800334954723,0.5049490872528418,1.0,0.0,1.0000000000000002,1.0,0.0
2142,3.4011442103967075e-08,3.912813356457902e-12,15.807540051508926,0.5048897122683041,1.0,0.0,0.9999999999999999,1.0,0.0
2143,3.4011442103967075e-08,3.3006069992753788e-12,15.808512677901478,0.5048953112251794,1.0,0.0,1.0000000000000002,1.0,0.0
2144,3.4011442103967075e-08,3.769763105840433e-12,15.803760655850292,0.5049065091389299,1.0,0.0,1.0000000000000002,1.0,0.0
2145,3.4011442103967075e-08,3.867430566854771e-12,15.800965043346023,0.5049138008036977,1.0,0.0,1.0,1.0,0.0
2146,3.4011442103967075e-08,4.8548503597597965e-12,15.790090327777136,0.5049566393342085,1.0,0.0,1.0,1.0,0.0
2147,3.4011442103967075e-08,6.2354882713955e-12,15.7712719572669,0.5049707018305464,1.0,0.0,0.9999999999999999,1.0,0.0
2148,3.4011442103967075e-08,4.2349918174898985e-12,15.764778409952976,0.5049391914220855,1.0,0.0,1.0,1.0,0.0
2149,3.4011442103967075e-08,3.250079398938397e-12,15.765678822335616,0.5048677070657013,1.0,0.0,0.9999999999999999,1.0,0.0
2150,3.4011442103967075e-08,7.468623663623942e-12,15.739590980211043,0.5048708320648875,1.0,0.0,1.0,1.0,0.0
2151,3.4011442103967075e-08,2.6166419885005186e-12,15.743630000043547,0.5048699206067915,1.0,0.0,1.0000000000000002,1.0,0.0
2152,3.4011442103967075e-08,6.311063523630558e-12,15.722960623330945,0.504858722693041,1.0,0.0,0.9999999999999999,1.0,0.0
2153,3.4011442103967075e-08,3.73887219189311e-12,15.719790709671717,0.5048528633195668,1.0,0.0,1.0,1.0,0.0
2154,3.4011442103967075e-08,3.6329404081746325e-12,15.717333651568348,0.5048140612463382,1.0,0.0,1.0,1.0,0.0
2155,3.4011442103967075e-08,3.005944193532452e-12,15.719286408730351,0.5048386706149295,1.0,0.0,1.0,1.0000000000000002,0.0
2156,3.4011442103967075e-08,3.3498723638322797e-12,15.718851877922013,0.5047785143805952,1.0,0.0,1.0,1.0,0.0
2157,3.4011442103967075e-08,4.282916955858514e-12,15.712060739107082,0.5048040352072825,1.0,0.0,0.9999999999999999,1.0,0.0
2158,3.4011442103967075e-08,6.207350128110918e-12,15.695131964162034,0.5048071602064687,1.0,0.0,1.0,1.0,0.0
2159,3.4011442103967075e-08,5.68913480603117e-12,15.682245867581013,0.5047947904180233,1.0,0.0,1.0000000000000002,1.0,0.0
2160,3.4011442103967075e-08,3.778447999697932e-12,15.679024426941396,0.5047803372967872,1.0,0.0,0.9999999999999999,1.0000000000000002,0.0
2161,3.4011442103967075e-08,4.605836119114624e-12,15.670729887624665,0.5048195299949141,1.0,0.0,1.0,1.0,0.0
2162,3.4011442103967075e-08,3.1588520885327992e-12,15.670120542303936,0.5047993477085032,1.0,0.0,1.0000000000000002,1.0,0.0
2163,3.4011442103967075e-08,3.5556880385128542e-12,15.66950517995862,0.5047299466849097,1.0,0.0,1.0,1.0,0.0
2164,3.4011442103967075e-08,7.583806401154489e-12,15.64208704673526,0.5047976550006107,1.0,0.0,1.0,1.0,0.0
2165,3.4011442103967075e-08,6.77975592500564e-12,15.619047382994967,0.5048266914513825,1.0,0.0,0.9999999999999999,1.0,0.0
2166,3.4011442103967075e-08,4.879351147376477e-12,15.608775502647386,0.5048330716580542,1.0,0.0,1.0000000000000002,1.0,0.0
2167,3.4011442103967075e-08,4.574290194079079e-12,15.600859075148142,0.504855337277256,1.0,0.0,0.9999999999999999,1.0,0.0
2168,3.4011442103967075e-08,4.3249422318394e-12,15.593861102132097,0.5049268216336402,1.0,0.0,1.0,1.0,0.0
2169,3.4011442103967075e-08,5.703057847594456e-12,15.580094884032233,0.5048973945579701,1.0,0.0,0.9999999999999999,1.0,0.0
2170,3.4011442103967075e-08,4.336697130149035e-12,15.573813946274415,0.5049092435132179,1.0,0.0,1.0,1.0,0.0
2171,3.4011442103967075e-08,4.431096774207517e-12,15.56661838549548,0.5048740872723732,1.0,0.0,1.0,1.0,0.0
2172,3.4011442103967075e-08,3.812248237727515e-12,15.56337751424837,0.5048154935376319,1.0,0.0,1.0000000000000002,1.0,0.0
2173,3.4011442103967075e-08,3.6024211062228936e-12,15.562703745621821,0.5048078112479658,1.0,0.0,1.0000000000000002,1.0,0.0
2174,3.4011442103967075e-08,3.5385360217574178e-12,15.562242103078567,0.5047816393797814,1.0,0.0,0.9999999999999999,1.0000000000000002,0.0
2175,3.4011442103967075e-08,4.46857546252193e-12,15.554430239702716,0.5048342435327491,1.0,0.0,1.0,1.0,0.0
2176,3.4011442103967075e-08,2.8292782101898005e-12,15.55706158051902,0.5048307279086646,1.0,0.0,0.9999999999999999,1.0,0.0
2177,3.4011442103967075e-08,3.1606232025432703e-12,15.557452122419553,0.5048494779037818,1.0,0.0,0.9999999999999999,1.0,0.0
2178,3.4011442103967075e-08,4.1244657646295265e-12,15.552953784644238,0.5048828112284346,1.0,0.0,1.0,1.0,0.0
2179,3.4011442103967075e-08,3.4881624861194208e-12,15.553939448402696,0.5048169258289256,1.0,0.0,0.9999999999999999,1.0,0.0
2180,3.4011442103967075e-08,3.329152467895973e-12,15.553845596378375,0.5048162747874284,1.0,0.0,0.9999999999999999,1.0,0.0
2181,3.4011442103967075e-08,5.126274141511122e-12,15.545041643795079,0.5048394518647261,1.0,0.0,0.9999999999999999,1.0,0.0
2182,3.4011442103967075e-08,4.254091027251152e-12,15.53839860822476,0.5048718737312828,1.0,0.0,1.0,1.0,0.0
2183,3.4011442103967075e-08,3.5896304540422784e-12,15.536491611342699,0.5048411445726186,1.0,0.0,1.0000000000000002,1.0,0.0
2184,3.4011442103967075e-08,4.48083402670757e-12,15.529644200174264,0.5048351549908451,1.0,0.0,0.9999999999999999,1.0,0.0
2185,3.4011442103967075e-08,2.6630836777349835e-12,15.533740071475528,0.5048481758207876,1.0,0.0,1.0000000000000002,1.0,0.0
2186,3.4011442103967075e-08,3.5858376094602367e-12,15.532045611528432,0.5048451810299007,1.0,0.0,1.0,1.0000000000000002,0.0
2187,3.4011442103967075e-08,3.2462273853601388e-12,15.531526634286363,0.5048600247760352,1.0,0.0,1.0000000000000002,1.0,0.0
2188,3.4011442103967075e-08,2.9510821430609854e-12,15.53329379294586,0.5048398424896243,1.0,0.0,1.0,1.0,0.0
2189,3.4011442103967075e-08,4.158874871046368e-12,15.528016375490504,0.504795311251221,1.0,0.0,1.0,1.0,0.0
2190,3.4011442103967075e-08,4.589710660704343e-12,15.51964604298879,0.5047912747939388,1.0,0.0,1.0000000000000002,1.0,0.0
2191,3.4011442103967075e-08,3.9055410445638875e-12,15.515669646980934,0.5048154935376319,1.0,0.0,0.9999999999999999,1.0,0.0
2192,3.4011442103967075e-08,3.962713274461161e-12,15.513500659356847,0.5048236966604956,1.0,0.0,1.0,1.0,0.0
2193,3.4011442103967075e-08,3.5405008440984123e-12,15.512372459106034,0.5047872383366567,1.0,0.0,1.0000000000000002,1.0,0.0
2194,3.4011442103967075e-08,3.5673714676982627e-12,15.510591574295644,0.5047501289713205,1.0,0.0,1.0,1.0,0.0
2195,3.4011442103967075e-08,3.4575886648951714e-12,15.509826224270153,0.5048175768704227,1.0,0.0,1.0000000000000002,1.0,0.0
2196,3.4011442103967075e-08,4.910627617172459e-12,15.501019961944674,0.5048076810396664,1.0,0.0,1.0,1.0,0.0
2197,3.4011442103967075e-08,4.452308249360921e-12,15.495249080466241,0.5048791653960507,1.0,0.0,1.0000000000000002,1.0,0.0
2198,3.4011442103967075e-08,3.0521356216141287e-12,15.496540869873382,0.5048184883285186,1.0,0.0,0.9999999999999999,1.0,0.0
2199,3.4011442103967075e-08,3.1849929284964583e-12,15.497642672296223,0.5047998685417009,1.0,0.0,1.0000000000000002,1.0000000000000002,0.0
2200,3.4011442103967075e-08,4.1780402839463186e-12,15.4909934636829,0.504862108108826,1.0,0.0,0.9999999999999999,1.0,0.0
2201,3.4011442103967075e-08,3.1686462036150007e-12,15.491141770359354,0.5048567695685496,1.0,0.0,1.0,1.0,0.0
2202,3.4011442103967075e-08,4.211594189738891e-12,15.48457158565907,0.5048989570575633,1.0,0.0,1.0,1.0,0.0
2203,3.4011442103967075e-08,3.555347380552918e-12,15.483581858784248,0.5048615872756284,1.0,0.0,1.0000000000000002,1.0,0.0
2204,3.4011442103967075e-08,3.5287437419450233e-12,15.482024285143783,0.504828384159275,1.0,0.0,1.0,1.0,0.0
2205,3.4011442103967075e-08,4.313880379897533e-12,15.476773256209649,0.5048294258256704,1.0,0.0,1.0000000000000002,1.0,0.0
2206,3.4011442103967075e-08,3.3577851288394533e-12,15.477079420819718,0.5048036445823842,1.0,0.0,1.0000000000000002,1.0,0.0
2207,3.4011442103967075e-08,3.2636780439770202e-12,15.478399821509521,0.5048427070722117,1.0,0.0,0.9999999999999999,1.0,0.0
2208,3.4011442103967075e-08,3.5498810241995557e-12,15.477510459866828,0.5048402331145226,1.0,0.0,1.0,1.0,0.0
2209,3.4011442103967075e-08,3.207003292707318e-12,15.478283810368836,0.5048114570803497,1.0,0.0,1.0000000000000002,1.0,0.0
2210,3.4011442103967075e-08,3.0602955654706266e-12,15.478742500593114,0.504800519583198,1.0,0.0,0.9999999999999999,1.0,0.0
2211,3.4011442103967075e-08,3.0324190320383223e-12,15.481508018575813,0.5047945300014245,1.0,0.0,0.9999999999999999,1.0,0.0
2212,3.4011442103967075e-08,3.5326665938376137e-12,15.48106597309291,0.5047519518875125,1.0,0.0,1.0,1.0,0.0
2213,3.4011442103967075e-08,3.656933649435362e-12,15.480603343135767,0.5047600248020768,1.0,0.0,1.0,1.0,0.0
2214,3.4011442103967075e-08,2.9500535239103712e-12,15.481762011507255,0.5048364570738393,1.0,0.0,0.9999999999999999,1.0,0.0
2215,3.4011442103967075e-08,3.155422835575195e-12,15.480481417528747,0.5048082018728641,1.0,0.0,1.0,1.0,0.0
2216,3.4011442103967075e-08,3.452905237811594e-12,15.480895624437531,0.5048132799965417,1.0,0.0,1.0,1.0,0.0
2217,3.4011442103967075e-08,3.3307922036873885e-12,15.480886184536475,0.5048016914578929,1.0,0.0,1.0000000000000002,1.0,0.0
2218,3.4011442103967075e-08,2.8850716106002614e-12,15.483387651709375,0.5047915352105377,1.0,0.0,1.0000000000000002,1.0,0.0
2219,3.4011442103967075e-08,3.2126713091190635e-12,15.484639100228923,0.5047855456287642,1.0,0.0,1.0,1.0,0.0
2220,3.4011442103967075e-08,3.2910996687760626e-12,15.484841488589256,0.5048023424993899,1.0,0.0,0.9999999999999999,1.0,0.0
2221,3.4011442103967075e-08,4.01097035195469e-12,15.481683729148793,0.5048020820827911,1.0,0.0,1.0,1.0,0.0
2222,3.4011442103967075e-08,4.222828042906521e-12,15.476461541180777,0.5048264310347835,1.0,0.0,1.0000000000000002,1.0,0.0
2223,3.4011442103967075e-08,5.1923200395151726e-12,15.46447610103696,0.5048243477019928,1.0,0.0,1.0,1.0,0.0
2224,3.4011442103967075e-08,3.532786577301537e-12,15.46492482002118,0.5048341133244496,1.0,0.0,1.0000000000000002,1.0,0.0
2225,3.4011442103967075e-08,4.7536483942698484e-12,15.45728599473781,0.5048079414562653,1.0,0.0,1.0000000000000002,1.0,0.0
2226,3.4011442103967075e-08,3.198456093731467e-12,15.458669279678459,0.5047930977101308,1.0,0.0,1.0,1.0,0.0
2227,3.4011442103967075e-08,3.0712182217601764e-12,15.458673539997262,0.5048326810331559,1.0,0.0,1.0,1.0000000000000002,0.0
2228,3.4011442103967075e-08,3.346274949186441e-12,15.457812630194733,0.5048218737443038,1.0,0.0,0.9999999999999999,1.0,0.0
2229,3.4011442103967075e-08,4.329665574996974e-12,15.451699441745932,0.5047861966702613,1.0,0.0,1.0,1.0,0.0
2230,3.4011442103967075e-08,3.5328290315678256e-12,15.450579477533415,0.5048264310347835,1.0,0.0,1.0000000000000002,1.0,0.0
2231,3.4011442103967075e-08,3.5634462385275182e-12,15.4505958089829,0.5048304674920657,1.0,0.0,0.9999999999999999,1.0,0.0
2232,3.4011442103967075e-08,3.9550420102588055e-12,15.446451498419968,0.5047938789599273,1.0,0.0,1.0,1.0,0.0
2233,3.4011442103967075e-08,3.629835839673181e-12,15.444152439551049,0.5048342435327491,1.0,0.0,0.9999999999999999,1.0,0.0
2234,3.4011442103967075e-08,3.406768568343704e-12,15.444598585771514,0.5048371081153364,1.0,0.0,1.0000000000000002,1.0,0.0
2235,3.4011442103967075e-08,6.072804253970214e-12,15.428394337197178,0.504778123755697,1.0,0.0,1.0000000000000002,1.0000000000000002,0.0
2236,3.4011442103967075e-08,2.8521543185007004e-12,15.430992475172433,0.5048018216661923,1.0,0.0,0.9999999999999999,1.0,0.0
2237,3.4011442103967075e-08,3.346224072581574e-12,15.430930450792344,0.5048386706149295,1.0,0.0,1.0,1.0,0.0
2238,3.4011442103967075e-08,3.633407207101712e-12,15.429271854510873,0.5048111966637508,1.0,0.0,1.0,1.0,0.0
2239,3.4011442103967075e-08,4.609047577721108e-12,15.423035900852858,0.5048475247792904,1.0,0.0,1.0,1.0000000000000002,0.0
2240,3.4011442103967075e-08,4.652322363559901e-12,15.414246112290359,0.5048919258093943,1.0,0.0,1.0000000000000002,1.0,0.0
2241,3.4011442103967075e-08,3.536823274084491e-12,15.412719789851685,0.5048338529078508,1.0,0.0,0.9999999999999999,1.0,0.0
2242,3.4011442103967075e-08,3.053538076299687e-12,15.414578929405991,0.5048302070754669,1.0,0.0,0.9999999999999999,1.0,0.0
2243,3.4011442103967075e-08,3.3666417468366017e-12,15.415320099853014,0.504795311251221,1.0,0.0,1.0,1.0,0.0
2244,3.4011442103967075e-08,6.232661097986297e-12,15.396807231582061,0.5048451810299007,1.0,0.0,1.0,1.0,0.0
2245,3.4011442103967075e-08,4.415309543656238e-12,15.390643279794721,0.5048692695652944,1.0,0.0,0.9999999999999999,1.0,0.0
2246,3.4011442103967075e-08,4.078660148739192e-12,15.384574508616172,0.504868227898899,1.0,0.0,1.0000000000000002,1.0,0.0
2247,3.4011442103967075e-08,4.52930582199185e-12,15.377202462652182,0.5048216133277048,1.0,0.0,1.0000000000000002,1.0,0.0
2248,3.4011442103967075e-08,3.4059066894178038e-12,15.37799667428617,0.5048423164473135,1.0,0.0,0.9999999999999999,1.0,0.0
2249,3.4011442103967075e-08,3.2089142817014017e-12,15.378532952701512,0.5048554674855553,1.0,0.0,1.0,1.0,0.0
2250,3.4011442103967075e-08,4.831345385981265e-12,15.369646728271364,0.5048427070722117,1.0,0.0,1.0000000000000002,1.0,0.0
2251,3.4011442103967075e-08,4.731043550915068e-12,15.361413310158959,0.5048848945612254,1.0,0.0,1.0,1.0,0.0
2252,3.4011442103967075e-08,4.6425449089396205e-12,15.352452802872786,0.5048662747744076,1.0,0.0,1.0,1.0,0.0
2253,3.4011442103967075e-08,3.566955376190483e-12,15.351776384349304,0.5048162747874284,1.0,0.0,1.0000000000000002,1.0,0.0
2254,3.4011442103967075e-08,3.790293941477983e-12,15.34969619019319,0.5049009101820546,1.0,0.0,0.9999999999999999,1.0000000000000002,0.0
2255,3.4011442103967075e-08,3.5126803637501536e-12,15.348343562453316,0.5049036445563425,1.0,0.0,0.9999999999999999,1.0,0.0
2256,3.4011442103967075e-08,3.581147026775692e-12,15.34761645657993,0.5048466133211944,1.0,0.0,1.0,1.0,0.0
2257,3.4011442103967075e-08,3.4216226189400114e-12,15.347993151945003,0.5048552070689565,1.0,0.0,1.0,1.0,0.0
2258,3.4011442103967075e-08,6.176464926448623e-12,15.329716971453294,0.5049555976678131,1.0,0.0,0.9999999999999999,1.0,0.0
2259,3.4011442103967075e-08,3.2745004948467182e-12,15.33046383063572,0.5049286445498321,1.0,0.0,0.9999999999999999,1.0,0.0
2260,3.4011442103967075e-08,4.359318503308591e-12,15.32381538929931,0.5049446601706614,1.0,0.0,1.0,1.0,0.0
2261,3.4011442103967075e-08,3.2933690940091404e-12,15.324016106086015,0.5049942695327423,1.0,0.0,1.0,1.0,0.0
2262,3.4011442103967075e-08,3.6268103571684964e-12,15.322812806460327,0.5049335924652103,1.0,0.0,1.0,1.0,0.0
2263,3.4011442103967075e-08,4.336362106704488e-12,15.31719034197087,0.5049369778809953,1.0,0.0,1.0,1.0,0.0
2264,3.4011442103967075e-08,3.6511288701488335e-12,15.315308386011159,0.5049709622471452,1.0,0.0,1.0000000000000002,1.0,0.0
2265,3.4011442103967075e-08,4.074130602617366e-12,15.311029959178272,0.5049941393244429,1.0,0.0,0.9999999999999999,1.0,0.0
2266,3.4011442103967075e-08,3.832476685106181e-12,15.307670914351986,0.5049533841267229,1.0,0.0,1.0000000000000002,1.0,0.0
2267,3.4011442103967075e-08,4.303697138185185e-12,15.3026953811514,0.5049311185075213,1.0,0.0,1.0,1.0,0.0
2268,3.4011442103967075e-08,2.781205433499753e-12,15.306217027486852,0.5049690091226539,1.0,0.0,1.0,1.0,0.0
2269,3.4011442103967075e-08,3.14571141129835e-12,15.30670048025219,0.5049403632967804,1.0,0.0,1.0,1.0,0.0
2270,3.4011442103967075e-08,3.9074570970256176e-12,15.303849732334976,0.5049424466295712,1.0,0.0,1.0,1.0,0.0
2271,3.4011442103967075e-08,5.029221236540509e-12,15.293373276541766,0.5049153633032908,1.0,0.0,0.9999999999999999,1.0,0.0
2272,3.4011442103967075e-08,7.963112008253701e-12,15.2617898258478,0.5049328112154138,1.0,0.0,0.9999999999999999,1.0,0.0
2273,3.4011442103967075e-08,3.4810357996628337e-12,15.25986533300072,0.5048699206067915,1.0,0.0,1.0000000000000002,1.0,0.0
2274,3.4011442103967075e-08,3.4869572992863103e-12,15.260246841769938,0.5048381497817318,1.0,0.0,1.0,1.0000000000000002,0.0
2275,3.4011442103967075e-08,3.356768900552199e-12,15.260358591044264,0.5047904935441423,1.0,0.0,0.9999999999999999,1.0,0.0
2276,3.4011442103967075e-08,3.991198466494687e-12,15.258287428847034,0.5048273424928795,1.0,0.0,1.0000000000000002,1.0,0.0
2277,3.4011442103967075e-08,4.466861310166583e-12,15.251876090059469,0.5048595039428375,1.0,0.0,1.0,1.0,0.0
2278,3.4011442103967075e-08,5.450254399298731e-12,15.237753561988665,0.5047679675083417,1.0,0.0,1.0000000000000002,1.0,0.0
2279,3.4011442103967075e-08,3.4721800819209627e-12,15.236970037359187,0.504777212297601,1.0,0.0,1.0,1.0,0.0
2280,3.4011442103967075e-08,4.5128029948274975e-12,15.229402563559661,0.5048666653993059,1.0,0.0,1.0,1.0,0.0
2281,3.4011442103967075e-08,2.997681395775696e-12,15.231053458731603,0.5048684883154978,1.0,0.0,1.0,1.0,0.0
2282,3.4011442103967075e-08,3.811380141405302e-12,15.229612055937032,0.5048389310315283,1.0,0.0,1.0000000000000002,1.0,0.0
2283,3.4011442103967075e-08,3.1089788170326376e-12,15.23100857545511,0.5049188789273753,1.0,0.0,1.0,1.0,0.0
2284,3.4011442103967075e-08,2.8627765467772547e-12,15.233334974481789,0.5049182278858781,1.0,0.0,1.0,1.0,0.0
2285,3.4011442103967075e-08,3.39306239213422e-12,15.232817734897779,0.5048959622666765,1.0,0.0,1.0000000000000002,1.0,0.0
2286,3.4011442103967075e-08,3.637113596655043e-12,15.231917432129904,0.504874347688972,1.0,0.0,0.9999999999999999,1.0,0.0
2287,3.4011442103967075e-08,4.345704226648785e-12,15.226654753465558,0.5048516914448721,1.0,0.0,0.9999999999999999,1.0,0.0
2288,3.4011442103967075e-08,5.3805838624479715e-12,15.211848115111518,0.5048874987272138,1.0,0.0,1.0,1.0,0.0
2289,3.4011442103967075e-08,3.5263840863273028e-12,15.210803762640532,0.504870962273187,1.0,0.0,1.0,1.0000000000000002,0.0
2290,3.4011442103967075e-08,4.565668816056562e-12,15.201946338621669,0.5048394518647261,1.0,0.0,1.0,1.0,0.0
2291,3.4011442103967075e-08,3.335850213949372e-12,15.202108685142372,0.5048463529045956,1.0,0.0,1.0,1.0,0.0
2292,3.4011442103967075e-08,4.5697600319783046e-12,15.195335948826694,0.5048032539574859,1.0,0.0,0.9999999999999999,1.0,0.0
2293,3.4011442103967075e-08,3.589558663596323e-12,15.19451062058307,0.5048136706214399,1.0,0.0,0.9999999999999999,1.0,0.0
2294,3.4011442103967075e-08,3.489093689671621e-12,15.195015010193472,0.5048610664424306,1.0,0.0,1.0000000000000002,1.0,0.0
2295,3.4011442103967075e-08,3.2590993070382837e-12,15.195893804374343,0.5049109362211104,1.0,0.0,1.0,1.0,0.0
2296,3.4011442103967075e-08,3.199596405317686e-12,15.195623910101887,0.5049126289290029,1.0,0.0,0.9999999999999999,1.0,0.0
2297,3.4011442103967075e-08,4.523134644227542e-12,15.18836978272537,0.5048287747841732,1.0,0.0,1.0,1.0000000000000002,0.0
2298,3.4011442103967075e-08,4.147405141920249e-12,15.182319527289874,0.5048537747776628,1.0,0.0,1.0,1.0,0.0
2299,3.4011442103967075e-08,3.0934539021990376e-12,15.183237654807682,0.5048645820665151,1.0,0.0,0.9999999999999999,1.0,0.0
2300,3.4011442103967075e-08,3.410515224169371e-12,15.183275415347449,0.5048954414334788,1.0,0.0,1.0,1.0,0.0
2301,3.4011442103967075e-08,3.827150208707274e-12,15.181605761398433,0.5049041653895403,1.0,0.0,1.0000000000000002,1.0000000000000002,0.0
2302,3.4011442103967075e-08,3.3724896974769074e-12,15.182062913984257,0.5048717435229835,1.0,0.0,1.0,1.0,0.0
2303,3.4011442103967075e-08,2.6066403855589824e-12,15.18660268564944,0.5048760403968645,1.0,0.0,1.0,1.0,0.0
2304,3.4011442103967075e-08,3.5419443915040274e-12,15.18604094201702,0.5049191393439741,1.0,0.0,1.0000000000000002,1.0,0.0
2305,3.4011442103967075e-08,5.018475924274659e-12,15.176297140926014,0.5048718737312828,1.0,0.0,1.0000000000000002,1.0,0.0
2306,3.4011442103967075e-08,3.385317858408387e-12,15.176855042474914,0.504842186239014,1.0,0.0,1.0,1.0,0.0
2307,3.4011442103967075e-08,3.727390914287991e-12,15.174650805067984,0.5048432279054094,1.0,0.0,0.9999999999999999,1.0,0.0
2308,3.4011442103967075e-08,3.184909948038486e-12,15.175175728218104,0.5048566393602502,1.0,0.0,1.0000000000000002,1.0,0.0
2309,3.4011442103967075e-08,3.875559866869012e-12,15.172985894575293,0.5049437487125654,1.0,0.0,0.9999999999999999,1.0000000000000002,0.0
2310,3.4011442103967075e-08,3.99852789026834e-12,15.170065158697344,0.5049432278793677,1.0,0.0,1.0,1.0,0.0
2311,3.4011442103967075e-08,5.065605928307336e-12,15.159453520158737,0.504891535184496,1.0,0.0,0.9999999999999999,1.0,0.0
2312,3.4011442103967075e-08,4.33697146030154e-12,15.152471238333733,0.5049305976743235,1.0,0.0,1.0,1.0,0.0
2313,3.4011442103967075e-08,3.252072632746707e-12,15.154028113948181,0.5049325507988149,1.0,0.0,1.0,1.0000000000000002,0.0
2314,3.4011442103967075e-08,6.998684192837578e-12,15.128824699781921,0.5049399726718821,1.0,0.0,1.0000000000000002,1.0,0.0
2315,3.4011442103967075e-08,8.357712729546966e-12,15.093303735656367,0.5049382799639895,1.0,0.0,1.0000000000000002,1.0,0.0
2316,3.4011442103967075e-08,4.905349003436141e-12,15.081611181392628,0.5048794258126496,1.0,0.0,1.0,1.0000000000000002,0.0
2317,3.4011442103967075e-08,3.1329274591922697e-12,15.082511353132528,0.5048807278956438,1.0,0.0,1.0000000000000002,1.0,0.0
2318,3.4011442103967075e-08,3.1230822434825173e-12,15.084560478300999,0.5048882799770105,1.0,0.0,0.9999999999999999,1.0,0.0
2319,3.4011442103967075e-08,2.9435816366668445e-12,15.08766741322536,0.5048059883317739,1.0,0.0,1.0,1.0,0.0
2320,3.4011442103967075e-08,2.899235524233928e-12,15.090786750517347,0.5047729154237199,1.0,0.0,1.0000000000000002,1.0,0.0
2321,3.4011442103967075e-08,3.1467626094319593e-12,15.092440633091039,0.5048166654123267,1.0,0.0,1.0,1.0,0.0
2322,3.4011442103967075e-08,6.1311178415651656e-12,15.073877760985972,0.5048273424928795,1.0,0.0,1.0000000000000002,1.0,0.0
2323,3.4011442103967075e-08,3.907385920339101e-12,15.069947016948062,0.5048773424798587,1.0,0.0,0.9999999999999999,1.0,0.0
2324,3.4011442103967075e-08,3.007026055122083e-12,15.072366608084774,0.5048632799835209,1.0,0.0,1.0,1.0,0.0
2325,3.4011442103967075e-08,3.168597154003334e-12,15.073952856114927,0.5048949206002811,1.0,0.0,1.0,1.0,0.0
2326,3.4011442103967075e-08,3.182742655454434e-12,15.075774167514288,0.5049282539249339,1.0,0.0,1.0000000000000002,1.0,0.0
2327,3.4011442103967075e-08,3.440355693706004e-12,15.076487224411428,0.504900389348857,1.0,0.0,1.0000000000000002,1.0,0.0
2328,3.4011442103967075e-08,3.879967211991019e-12,15.073056554936581,0.5049380195473907,1.0,0.0,1.0,1.0,0.0
2329,3.4011442103967075e-08,6.891396613991812e-12,15.049556229409358,0.5049854153683814,1.0,0.0,1.0000000000000002,1.0,0.0
2330,3.4011442103967075e-08,3.754430808219472e-12,15.047204794425797,0.5049656237068688,1.0,0.0,1.0,1.0,0.0
2331,3.4011442103967075e-08,4.025582483187793e-12,15.043171742352174,0.5049395820469839,1.0,0.0,0.9999999999999999,1.0,0.0
2332,3.4011442103967075e-08,2.812727731204521e-12,15.045736206223065,0.5049367174643965,1.0,0.0,1.0,1.0,0.0
2333,3.4011442103967075e-08,3.3205690215629802e-12,15.047389085804568,0.5049519518354292,1.0,0.0,1.0000000000000002,1.0,0.0
2334,3.4011442103967075e-08,3.850442916404996e-12,15.044436031303846,0.50492460809255,1.0,0.0,0.9999999999999999,1.0,0.0
2335,3.4011442103967075e-08,3.9942873853591944e-12,15.04215406739948,0.5049157539281891,1.0,0.0,1.0000000000000002,1.0000000000000002,0.0
2336,3.4011442103967075e-08,9.337184009660293e-12,15.000720451576385,0.5049404935050799,1.0,0.0,1.0000000000000002,1.0,0.0
2337,3.4011442103967075e-08,4.332185287522761e-12,14.995519664648295,0.5049457018370568,1.0,0.0,0.9999999999999999,1.0,0.0
2338,3.4011442103967075e-08,3.215515116550209e-12,14.997205305431637,0.5049221341348609,1.0,0.0,1.0,1.0,0.0
2339,3.4011442103967075e-08,3.0483519211470225e-12,14.999791128919938,0.5048453112382002,1.0,0.0,0.9999999999999999,1.0,0.0
2340,3.4011442103967075e-08,3.3572689227269542e-12,15.000468800285327,0.5049001289322581,1.0,0.0,1.0000000000000002,1.0,0.0
2341,3.4011442103967075e-08,6.165954483471708e-12,14.982600886301432,0.5049589830835981,1.0,0.0,1.0000000000000002,1.0,0.0
2342,3.4011442103967075e-08,4.899769184295705e-12,14.973250837486953,0.5048989570575633,1.0,0.0,1.0,1.0,0.0
2343,3.4011442103967075e-08,3.711759807610206e-12,14.970292822071052,0.50485442581916,1.0,0.0,1.0000000000000002,1.0,0.0
2344,3.4011442103967075e-08,4.051760999929486e-12,14.96825532692646,0.5048291654090715,1.0,0.0,1.0,1.0,0.0
2345,3.4011442103967075e-08,3.95651880431759e-12,14.963312416341003,0.5048458320713979,1.0,0.0,1.0,1.0,0.0
2346,3.4011442103967075e-08,5.372574459941438e-12,14.949320756732225,0.504810936247152,1.0,0.0,1.0000000000000002,1.0,0.0
2347,3.4011442103967075e-08,5.09733515013945e-12,14.93711215491029,0.5048333320746531,1.0,0.0,1.0000000000000002,1.0,0.0
2348,3.4011442103967075e-08,9.26766936556128e-12,14.89703012057214,0.504763410217862,1.0,0.0,1.0,1.0,0.0
2349,3.4011442103967075e-08,4.332619551192879e-12,14.89048942759062,0.5047638008427602,1.0,0.0,0.9999999999999999,1.0,0.0
2350,3.4011442103967075e-08,3.0983367696751953e-12,14.892683543850875,0.5047505195962189,1.0,0.0,1.0,1.0,0.0
2351,3.4011442103967075e-08,3.096034631325781e-12,14.89397551734366,0.5047691393830366,1.0,0.0,0.9999999999999999,1.0,0.0
2352,3.4011442103967075e-08,3.6004561887259516e-12,14.892631076066772,0.5047690091747372,1.0,0.0,1.0000000000000002,1.0,0.0
2353,3.4011442103967075e-08,3.4562493599669375e-12,14.892609225054057,0.5048193997866146,1.0,0.0,1.0000000000000002,1.0,0.0
2354,3.4011442103967075e-08,3.5971092768159625e-12,14.891036256330434,0.5048481758207876,1.0,0.0,1.0000000000000002,1.0,0.0
2355,3.4011442103967075e-08,3.853447384392341e-12,14.888081095421176,0.504775389381409,1.0,0.0,1.0000000000000002,1.0,0.0
2356,3.4011442103967075e-08,7.384782660341536e-12,14.85967593851811,0.5047930977101308,1.0,0.0,0.9999999999999999,1.0,0.0
2357,3.4011442103967075e-08,8.221516704146403e-12,14.826203912617778,0.5048315091584612,1.0,0.0,0.9999999999999999,1.0,0.0
2358,3.4011442103967075e-08,3.3435055725174117e-12,14.827423370784834,0.5047846341706682,1.0,0.0,1.0,1.0,0.0
2359,3.4011442103967075e-08,3.260537523389337e-12,14.828975513595564,0.5048063789566721,1.0,0.0,1.0,1.0,0.0
2360,3.4011442103967075e-08,3.292347332813675e-12,14.830702939986363,0.5048279935343767,1.0,0.0,1.0000000000000002,1.0,0.0
2361,3.4011442103967075e-08,1.118594979226697e-11,14.77730830707512,0.5048281237426762,1.0,0.0,1.0000000000000002,1.0,0.0
2362,3.4011442103967075e-08,3.392027176433239e-12,14.77772553866598,0.5048130195799428,1.0,0.0,1.0,1.0,0.0
2363,3.4011442103967075e-08,4.426131616431403e-12,14.773080325232181,0.5048329414497549,1.0,0.0,1.0,1.0,0.0
2364,3.4011442103967075e-08,3.640232862878274e-12,14.772625415212673,0.5048205716613094,1.0,0.0,1.0000000000000002,1.0,0.0
2365,3.4011442103967075e-08,4.818155245423172e-12,14.762184590027317,0.5048126289550445,1.0,0.0,1.0000000000000002,1.0,0.0
2366,3.4011442103967075e-08,3.8494057764043485e-12,14.759914875524402,0.5049016914318512,1.0,0.0,1.0000000000000002,1.0,0.0
2367,3.4011442103967075e-08,3.693853472696139e-12,14.76029525537482,0.504844009155206,1.0,0.0,1.0,1.0,0.0
2368,3.4011442103967075e-08,3.4308521133733057e-12,14.759966165938277,0.5048001289582997,1.0,0.0,1.0,1.0,0.0
2369,3.4011442103967075e-08,3.5789105059282803e-12,14.759770732733536,0.5047921862520348,1.0,0.0,0.9999999999999999,1.0,0.0
2370,3.4011442103967075e-08,2.7321217271234563e-12,14.76364500185902,0.5048501289452789,1.0,0.0,1.0000000000000002,1.0,0.0
2371,3.4011442103967075e-08,3.0585613303753805e-12,14.765945976551896,0.5048173164538239,1.0,0.0,0.9999999999999999,1.0,0.0
2372,3.4011442103967075e-08,5.786668143564138e-12,14.749495106164542,0.504840363322822,1.0,0.0,1.0,1.0,0.0
2373,3.4011442103967075e-08,4.630812207817737e-12,14.742485681012202,0.5048686185237973,1.0,0.0,1.0,1.0,0.0
2374,3.4011442103967075e-08,3.456187905308631e-12,14.74207732158459,0.5048744778972714,1.0,0.0,1.0,1.0,0.0
2375,3.4011442103967075e-08,5.153291921277364e-12,14.730853642896701,0.5048345039493479,1.0,0.0,1.0000000000000002,1.0,0.0
2376,3.4011442103967075e-08,4.4283658879102696e-12,14.725995629646988,0.5048550768606571,1.0,0.0,0.9999999999999999,1.0,0.0
2377,3.4011442103967075e-08,2.891121446891894e-12,14.729721509998,0.5048442695718048,1.0,0.0,1.0,1.0,0.0
2378,3.4011442103967075e-08,3.844796829861428e-12,14.72639957022885,0.5048842435197283,1.0,0.0,1.0,1.0,0.0
2379,3.4011442103967075e-08,4.257065452433767e-12,14.721798370212268,0.5048312487418624,1.0,0.0,1.0000000000000002,1.0,0.0
2380,3.4011442103967075e-08,3.4057160642089966e-12,14.723868004877879,0.5048279935343767,1.0,0.0,1.0,1.0000000000000002,0.0
2381,3.4011442103967075e-08,7.824200422877312e-12,14.691735337742227,0.5048972643496707,1.0,0.0,1.0,1.0,0.0
2382,3.4011442103967075e-08,3.3771974174884754e-12,14.691016056887044,0.504838800823229,1.0,0.0,1.0,1.0,0.0
2383,3.4011442103967075e-08,3.674439564029699e-12,14.690601710675674,0.5048068997898698,1.0,0.0,1.0,1.0,0.0
2384,3.4011442103967075e-08,3.58296626190736e-12,14.68944740917639,0.5048006497914974,1.0,0.0,0.9999999999999999,1.0,0.0
2385,3.4011442103967075e-08,3.09309375768743e-12,14.691407030871982,0.5048058581234744,1.0,0.0,1.0,1.0,0.0
2386,3.4011442103967075e-08,3.5888950481938553e-12,14.692139714289407,0.5048506497784766,1.0,0.0,0.9999999999999999,1.0,0.0
2387,3.4011442103967075e-08,6.668630319422643e-12,14.67080737566012,0.5048489570705841,1.0,0.0,0.9999999999999999,1.0,0.0
2388,3.4011442103967075e-08,4.4040919019777226e-12,14.663202577277596,0.5048804674790449,1.0,0.0,1.0,1.0,0.0
2389,3.4011442103967075e-08,3.671981648957809e-12,14.662391935212824,0.5048193997866146,1.0,0.0,1.0000000000000002,1.0,0.0
2390,3.4011442103967075e-08,4.659051977911221e-12,14.65367762510495,0.5048420560307145,1.0,0.0,0.9999999999999999,1.0,0.0
2391,3.4011442103967075e-08,4.185883518799881e-12,14.6520906087016,0.5048169258289256,1.0,0.0,1.0,1.0,0.0
2392,3.4011442103967075e-08,3.3759663041106887e-12,14.652255217679539,0.5048932278923886,1.0,0.0,1.0000000000000002,1.0,0.0
2393,3.4011442103967075e-08,2.6672251426569543e-12,14.656957567818822,0.5048484362373864,1.0,0.0,1.0,1.0,0.0
2394,3.4011442103967075e-08,3.2645762079930346e-12,14.658370146330693,0.5048566393602502,1.0,0.0,1.0000000000000002,1.0,0.0
2395,3.4011442103967075e-08,3.2873844619865735e-12,14.659616599540486,0.5049200508020701,1.0,0.0,1.0,1.0,0.0
2396,3.4011442103967075e-08,3.980092196537884e-12,14.655952054028365,0.5049462226702545,1.0,0.0,0.9999999999999999,1.0,0.0
2397,3.4011442103967075e-08,5.603671303995262e-12,14.641990668700986,0.5049076810136247,1.0,0.0,1.0000000000000002,1.0,0.0
2398,3.4011442103967075e-08,3.3936986669552703e-12,14.642215322502608,0.5048363268655399,1.0,0.0,0.9999999999999999,1.0,0.0
2399,3.4011442103967075e-08,4.768862909670731e-12,14.633740156955525,0.5047886706279504,1.0,0.0,1.0,1.0,0.0
2400,3.4011442103967075e-08,2.7589984151710617e-12,14.637905311954345,0.5048007799997969,1.0,0.0,0.9999999999999999,1.0,0.0
2401,3.4011442103967075e-08,6.443464870047166e-12,14.61701745005127,0.5048180977036204,1.0,0.0,1.0,1.0,0.0
2402,3.4011442103967075e-08,4.004822382545196e-12,14.613722430245259,0.5047725247988216,1.0,0.0,0.9999999999999999,1.0,0.0
2403,3.4011442103967075e-08,3.2032958950915393e-12,14.61408405846789,0.5048329414497549,1.0,0.0,1.0000000000000002,1.0,0.0
2404,3.4011442103967075e-08,3.046483837231085e-12,14.617406881049746,0.5047929675018313,1.0,0.0,1.0000000000000002,1.0,0.0
2405,3.4011442103967075e-08,3.5602755348368788e-12,14.615987686251218,0.5048182279119198,1.0,0.0,1.0,1.0,0.0
2406,3.4011442103967075e-08,3.559624385911801e-12,14.615236337518049,0.5048063789566721,1.0,0.0,1.0,1.0,0.0
2407,3.4011442103967075e-08,3.188469769179357e-12,14.617142784614533,0.5048494779037818,1.0,0.0,1.0,1.0000000000000002,0.0
2408,3.4011442103967075e-08,4.118037548887822e-12,14.612847084167392,0.5047236966865373,1.0,0.0,1.0,1.0000000000000002,0.0
2409,3.4011442103967075e-08,3.382602815493667e-12,14.612692627200094,0.5047229154367407,1.0,0.0,1.0000000000000002,1.0,0.0
2410,3.4011442103967075e-08,2.9137507064488727e-12,14.615670294281761,0.5047377591828752,1.0,0.0,1.0000000000000002,1.0,0.0
2411,3.4011442103967075e-08,4.3947048051815294e-12,14.607972487554417,0.5048557279021542,1.0,0.0,0.9999999999999999,1.0,0.0
2412,3.4011442103967075e-08,4.345142928957504e-12,14.602204710550094,0.5048973945579701,1.0,0.0,0.9999999999999999,1.0,0.0
2413,3.4011442103967075e-08,3.875412575557854e-12,14.600745149949708,0.5048859362276208,1.0,0.0,1.0,1.0,0.0
2414,3.4011442103967075e-08,3.543613913105688e-12,14.600129854544766,0.5047811185465837,1.0,0.0,1.0,1.0,0.0
2415,3.4011442103967075e-08,3.3432381912857597e-12,14.59980306989698,0.5048098945807566,1.0,0.0,0.9999999999999999,1.0000000000000002,0.0
2416,3.4011442103967075e-08,3.0001726081928637e-12,14.602831610905842,0.5048049466653785,1.0,0.0,1.0,1.0,0.0
2417,3.4011442103967075e-08,3.0807710574538237e-12,14.604813876688503,0.5048320299916589,1.0,0.0,1.0,1.0000000000000002,0.0
2418,3.4011442103967075e-08,2.7510557143816906e-12,14.608617775610421,0.5048841133114288,1.0,0.0,1.0000000000000002,1.0,0.0
2419,3.4011442103967075e-08,3.0730218258275243e-12,14.610285217284021,0.5048528633195668,1.0,0.0,1.0000000000000002,1.0,0.0
2420,3.4011442103967075e-08,3.651907189861734e-12,14.60866100049512,0.504857811234945,1.0,0.0,1.0000000000000002,1.0,0.0
2421,3.4011442103967075e-08,4.729514109999297e-12,14.599793365209061,0.5049084622634212,1.0,0.0,0.9999999999999999,1.0,0.0
2422,3.4011442103967075e-08,4.5954138926660215e-12,14.59217230434259,0.5049018216401506,1.0,0.0,0.9999999999999999,1.0000000000000002,0.0
2423,3.4011442103967075e-08,3.3934227460755808e-12,14.594221388183927,0.5049052070559357,1.0,0.0,0.9999999999999999,1.0,0.0
2424,3.4011442103967075e-08,5.283601625710616e-12,14.581464754972131,0.5048868476857168,1.0,0.0,1.0000000000000002,1.0,0.0
2425,3.4011442103967075e-08,5.984861843363695e-12,14.561766271870495,0.5048837226865306,1.0,0.0,1.0,1.0,0.0
2426,3.4011442103967075e-08,3.328684645399843e-12,14.562706022156766,0.5049195299688723,1.0,0.0,1.0000000000000002,1.0,0.0
2427,3.4011442103967075e-08,3.1589141984426696e-12,14.563032541653165,0.5049108060128109,1.0,0.0,1.0,1.0,0.0
2428,3.4011442103967075e-08,3.797411872714418e-12,14.56237577048238,0.504839712281325,1.0,0.0,1.0,1.0,0.0
2429,3.4011442103967075e-08,2.833771872153206e-12,14.565120010595873,0.50488385289483,1.0,0.0,0.9999999999999999,1.0,0.0
2430,3.4011442103967075e-08,3.5980225643978875e-12,14.567035205638293,0.5049138008036977,1.0,0.0,1.0,1.0,0.0
2431,3.4011442103967075e-08,6.916563055358655e-12,14.54296840897605,0.5049074205970259,1.0,0.0,1.0,1.0000000000000002,0.0
2432,3.4011442103967075e-08,3.554752873719381e-12,14.54224864550173,0.5048731758142772,1.0,0.0,1.0000000000000002,1.0,0.0
2433,3.4011442103967075e-08,3.909349767936186e-12,14.539059225608458,0.5049243476759512,1.0,0.0,1.0000000000000002,1.0,0.0
2434,3.4011442103967075e-08,3.1365051700047233e-12,14.540755027400943,0.5049503893358361,1.0,0.0,1.0000000000000002,1.0,0.0
2435,3.4011442103967075e-08,6.568138105728335e-12,14.517188566837424,0.5048970039330719,1.0,0.0,0.9999999999999999,1.0,0.0
2436,3.4011442103967075e-08,6.602142082186401e-12,14.496478837037179,0.5048037747906836,1.0,0.0,1.0,1.0,0.0
2437,3.4011442103967075e-08,7.265920713160142e-12,14.469037139954587,0.504845571654799,1.0,0.0,1.0000000000000002,1.0,0.0
2438,3.4011442103967075e-08,3.670798565048235e-12,14.467754703046763,0.5048382799900313,1.0,0.0,1.0000000000000002,1.0,0.0
2439,3.4011442103967075e-08,3.657064103499013e-12,14.4675381036792,0.5048479154041887,1.0,0.0,1.0000000000000002,1.0,0.0
2440,3.4011442103967075e-08,5.464098385263983e-12,14.45226337009509,0.504899477890761,1.0,0.0,1.0000000000000002,1.0,0.0
2441,3.4011442103967075e-08,7.052123463427427e-12,14.426629329408707,0.5048192695783152,1.0,0.0,0.9999999999999999,1.0,0.0
2442,3.4011442103967075e-08,4.142184732045225e-12,14.422904882147268,0.5048893216434058,1.0,0.0,1.0000000000000002,1.0,0.0
2443,3.4011442103967075e-08,3.889872511059641e-12,14.420611700914698,0.5048996080990604,1.0,0.0,1.0,1.0,0.0
2444,3.4011442103967075e-08,3.2516314461701675e-12,14.423106178755384,0.5049259101755442,1.0,0.0,1.0000000000000002,1.0,0.0
2445,3.4011442103967075e-08,3.391486985640269e-12,14.42410020485273,0.504870050815091,1.0,0.0,1.0000000000000002,1.0,0.0
2446,3.4011442103967075e-08,5.259402513771246e-12,14.414106825386177,0.5048916653927955,1.0,0.0,1.0,1.0,0.0
2447,3.4011442103967075e-08,5.238123340866448e-12,14.402362693911567,0.5049561185010109,1.0,0.0,1.0,1.0,0.0
2448,3.4011442103967075e-08,4.740311559600624e-12,14.391344227006567,0.5049009101820546,1.0,0.0,1.0000000000000002,1.0,0.0
2449,3.4011442103967075e-08,3.917329932564365e-12,14.390540578743648,0.5048567695685496,1.0,0.0,1.0000000000000002,1.0,0.0
2450,3.4011442103967075e-08,3.4439005467148593e-12,14.392547680865,0.5048511706116743,1.0,0.0,1.0000000000000002,1.0,0.0
2451,3.4011442103967075e-08,2.9763015134898034e-12,14.396155515663654,0.5048037747906836,1.0,0.0,0.9999999999999999,1.0,0.0
2452,3.4011442103967075e-08,7.922339064985422e-12,14.365400403459118,0.5048466133211944,1.0,0.0,1.0000000000000002,1.0,0.0
2453,3.4011442103967075e-08,5.102223785466314e-12,14.354255259755636,0.5049095039298167,1.0,0.0,0.9999999999999999,1.0,0.0
2454,3.4011442103967075e-08,2.903697007433287e-12,14.357698619846946,0.5048480456124881,1.0,0.0,1.0000000000000002,1.0,0.0
2455,3.4011442103967075e-08,3.334349222550843e-12,14.359031213709372,0.5048442695718048,1.0,0.0,0.9999999999999999,1.0,0.0
2456,3.4011442103967075e-08,3.026661396753893e-12,14.361163961828453,0.5048677070657013,1.0,0.0,0.9999999999999999,1.0000000000000002,0.0
2457,3.4011442103967075e-08,3.155661506480219e-12,14.363105731725588,0.5048652331080122,1.0,0.0,1.0,1.0,0.0
2458,3.4011442103967075e-08,4.1096166920363454e-12,14.35994399186056,0.5049364570477977,1.0,0.0,1.0000000000000002,1.0,0.0
2459,3.4011442103967075e-08,3.795030293112685e-12,14.357643314738842,0.5049315091324195,1.0,0.0,1.0000000000000002,1.0,0.0
2460,3.4011442103967075e-08,3.1607003551945766e-12,14.359871099673917,0.5049294257996287,1.0,0.0,1.0000000000000002,1.0000000000000002,0.0
2461,3.4011442103967075e-08,3.409630737468609e-12,14.361384166494526,0.5049930976580475,1.0,0.0,1.0,1.0,0.0
2462,3.4011442103967075e-08,3.5366254483048507e-12,14.36117689380071,0.5049460924619551,1.0,0.0,0.9999999999999999,1.0,0.0
2463,3.4011442103967075e-08,3.7570543870518625e-12,14.359597154328869,0.5049661445400665,1.0,0.0,1.0000000000000002,1.0,0.0
2464,3.4011442103967075e-08,3.2206301480862892e-12,14.361888459845757,0.5049117174709069,1.0,0.0,1.0000000000000002,1.0,0.0
2465,3.4011442103967075e-08,4.565144075455691e-12,14.354781646905247,0.5049673164147613,1.0,0.0,1.0000000000000002,1.0,0.0
2466,3.4011442103967075e-08,3.049173331159374e-12,14.357343722320076,0.5049505195441355,1.0,0.0,1.0,1.0,0.0
2467,3.4011442103967075e-08,3.256628752587412e-12,14.359210394038554,0.5049959622406348,1.0,0.0,1.0,1.0,0.0
2468,3.4011442103967075e-08,5.508610499679415e-12,14.346815973731939,0.5049096341381161,1.0,0.0,1.0000000000000002,1.0,0.0
2469,3.4011442103967075e-08,2.7740120709812858e-12,14.351100125939883,0.5049390612137862,1.0,0.0,1.0,1.0,0.0
2470,3.4011442103967075e-08,3.0446367916212586e-12,14.354409673949652,0.5049266914253407,1.0,0.0,1.0,1.0,0.0
2471,3.4011442103967075e-08,5.519982876350902e-12,14.338203603421354,0.5049645820404735,1.0,0.0,1.0000000000000002,1.0,0.0
2472,3.4011442103967075e-08,4.269868584825047e-12,14.332815793712525,0.5049131497622006,1.0,0.0,1.0000000000000002,1.0,0.0
2473,3.4011442103967075e-08,3.3887348205768425e-12,14.333643967495089,0.5049424466295712,1.0,0.0,1.0000000000000002,1.0,0.0
2474,3.4011442103967075e-08,3.1363358856103123e-12,14.33610124479238,0.5048779935213559,1.0,0.0,1.0,1.0,0.0
2475,3.4011442103967075e-08,3.5428168926940006e-12,14.336984649264503,0.5049367174643965,1.0,0.0,1.0,1.0,0.0
2476,3.4011442103967075e-08,3.0155222162668114e-12,14.340593024209669,0.5049199205937707,1.0,0.0,1.0000000000000002,1.0,0.0
2477,3.4011442103967075e-08,5.2733468452870364e-12,14.32790175315926,0.504982550785794,1.0,0.0,1.0,1.0,0.0
2478,3.4011442103967075e-08,3.205782877947578e-12,14.330320847288466,0.5049710924554447,1.0,0.0,1.0000000000000002,1.0,0.0
2479,3.4011442103967075e-08,4.038512955016015e-12,14.326866218200447,0.5049197903854713,1.0,0.0,0.9999999999999999,1.0,0.0
2480,3.4011442103967075e-08,4.8010573469020586e-12,14.319589343227392,0.5049902330754601,1.0,0.0,1.0000000000000002,1.0,0.0
2481,3.4011442103967075e-08,5.0700730600014095e-12,14.30914955117374,0.5049645820404735,1.0,0.0,1.0000000000000002,1.0,0.0
2482,3.4011442103967075e-08,3.4723746017521833e-12,14.310537851874505,0.5049921861999516,1.0,0.0,1.0000000000000002,1.0,0.0
2483,3.4011442103967075e-08,3.165775001692599e-12,14.313409368274318,0.5049347643399051,1.0,0.0,1.0000000000000002,1.0,0.0
2484,3.4011442103967075e-08,4.963905325622695e-12,14.305109586676231,0.5049305976743235,1.0,0.0,1.0,1.0,0.0
2485,3.4011442103967075e-08,3.58452452049791e-12,14.304438149805426,0.5049752591210263,1.0,0.0,1.0000000000000002,1.0,0.0
2486,3.4011442103967075e-08,3.18830404830117e-12,14.306633337935608,0.5049628893325809,1.0,0.0,1.0000000000000002,1.0,0.0
2487,3.4011442103967075e-08,3.5353103870912835e-12,14.307073088991382,0.5050217434839209,1.0,0.0,0.9999999999999999,1.0,0.0
2488,3.4011442103967075e-08,4.656910066776324e-12,14.30102192655486,0.5048970039330719,1.0,0.0,0.9999999999999999,1.0,0.0
2489,3.4011442103967075e-08,3.3365425404214037e-12,14.301540218192923,0.5048938789338857,1.0,0.0,1.0,1.0,0.0
2490,3.4011442103967075e-08,6.863428131454343e-12,14.279157090988063,0.5049716132886424,1.0,0.0,0.9999999999999999,1.0,0.0
2491,3.4011442103967075e-08,2.8786372096349177e-12,14.281511302965486,0.5049326810071143,1.0,0.0,0.9999999999999999,1.0,0.0
2492,3.4011442103967075e-08,5.468184133307612e-12,14.267937945995442,0.5048895820600047,1.0,0.0,1.0,1.0,0.0
2493,3.4011442103967075e-08,5.122162964780028e-12,14.256669093808371,0.5049253893423465,1.0,0.0,1.0000000000000002,1.0,0.0
2494,3.4011442103967075e-08,3.125246370603477e-12,14.260023232025826,0.5049417955880741,1.0,0.0,0.9999999999999999,1.0,0.0
2495,3.4011442103967075e-08,4.17156238837988e-12,14.258428077881454,0.5049566393342085,1.0,0.0,1.0000000000000002,1.0,0.0
2496,3.4011442103967075e-08,3.855075297706698e-12,14.254689217363193,0.5049269518419396,1.0,0.0,1.0,1.0,0.0
2497,3.4011442103967075e-08,3.363756802413101e-12,14.257034654162949,0.5048795560209489,1.0,0.0,1.0000000000000002,1.0,0.0
2498,3.4011442103967075e-08,4.427582762530392e-12,14.251641143531751,0.5049381497556902,1.0,0.0,1.0,1.0,0.0
2499,3.4011442103967075e-08,3.937988590257602e-12,14.249144407988746,0.5049675768313602,1.0,0.0,1.0,1.0,0.0
2500,3.4011442103967075e-08,4.997399645534145e-12,14.24042099841187,0.5049699205807499,1.0,0.0,1.0,1.0,0.0
2501,3.4011442103967075e-08,3.826948907717698e-12,14.239744443181698,0.5049964830738325,1.0,0.0,0.9999999999999999,1.0,0.0
2502,3.4011442103967075e-08,5.5742908944737786e-12,14.224585123474965,0.5049816393276981,1.0,0.0,0.9999999999999999,1.0,0.0
2503,3.4011442103967075e-08,3.361576412021757e-12,14.226016274104293,0.5050096341120744,1.0,0.0,1.0000000000000002,1.0,0.0
2504,3.4011442103967075e-08,3.45699812224393e-12,14.224106783821782,0.5049805976613027,1.0,0.0,0.9999999999999999,1.0,0.0
2505,3.4011442103967075e-08,3.1627990479535625e-12,14.225914761066251,0.5049744778712297,1.0,0.0,1.0,1.0,0.0
2506,3.4011442103967075e-08,3.05173394154073e-12,14.22980646955392,0.5049263008004425,1.0,0.0,0.9999999999999999,1.0,0.0
2507,3.4011442103967075e-08,3.3448103733147633e-12,14.231094140293937,0.5049847643268843,1.0,0.0,1.0000000000000002,1.0,0.0
2508,3.4011442103967075e-08,3.665879249863117e-12,14.23108921727193,0.5050207018175256,1.0,0.0,1.0000000000000002,1.0,0.0
2509,3.4011442103967075e-08,7.10650930845636e-12,14.20591829919296,0.5049565091259091,1.0,0.0,1.0,1.0,0.0
2510,3.4011442103967075e-08,3.1039068604035104e-12,14.209086220782781,0.504949738294339,1.0,0.0,1.0,1.0,0.0
2511,3.4011442103967075e-08,5.304216132523786e-12,14.195712713373133,0.5048415351975168,1.0,0.0,0.9999999999999999,1.0,0.0
2512,3.4011442103967075e-08,3.520424348814799e-12,14.195544000835698,0.5048404935311215,1.0,0.0,1.0000000000000002,1.0,0.0
2513,3.4011442103967075e-08,3.1983543225576164e-12,14.196066067148797,0.5048940091421851,1.0,0.0,1.0000000000000002,1.0,0.0
2514,3.4011442103967075e-08,3.821568146496289e-12,14.192405478494022,0.5048730456059777,1.0,0.0,0.9999999999999999,1.0000000000000002,0.0
2515,3.4011442103967075e-08,3.6060486449182026e-12,14.191932376853007,0.5048619779005266,1.0,0.0,1.0000000000000002,1.0,0.0
2516,3.4011442103967075e-08,4.0090500764913204e-12,14.188623138454105,0.5048946601836822,1.0,0.0,1.0000000000000002,1.0,0.0
2517,3.4011442103967075e-08,3.721488657865239e-12,14.188361231222835,0.5049204414269683,1.0,0.0,0.9999999999999999,1.0,0.0
2518,3.4011442103967075e-08,3.48500127612912e-12,14.18750107797643,0.5048509101950754,1.0,0.0,0.9999999999999999,1.0,0.0
2519,3.4011442103967075e-08,1.4992243972932764e-11,14.109605855198167,0.5048867174774173,1.0,0.0,1.0,1.0000000000000002,0.0
2520,3.4011442103967075e-08,4.143100861649029e-12,14.107134736532565,0.5048680976905996,1.0,0.0,1.0,1.0,0.0
2521,3.4011442103967075e-08,3.9324537282207424e-12,14.104345193425742,0.5048579414432444,1.0,0.0,1.0000000000000002,1.0000000000000002,0.0
2522,3.4011442103967075e-08,3.2107794839153893e-12,14.106182388314481,0.504893358100688,1.0,0.0,1.0000000000000002,1.0,0.0
2523,3.4011442103967075e-08,4.037158778421169e-12,14.102252451996073,0.5048343737410486,1.0,0.0,0.9999999999999999,1.0,0.0
2524,3.4011442103967075e-08,4.155161653953187e-12,14.096899420785197,0.5048079414562653,1.0,0.0,1.0,1.0000000000000002,0.0
2525,3.4011442103967075e-08,7.639130773540204e-12,14.067998362123818,0.5047850247955664,1.0,0.0,0.9999999999999999,1.0,0.0
2526,3.4011442103967075e-08,4.0428131620601544e-12,14.063546232414554,0.5048850247695248,1.0,0.0,1.0,1.0,0.0
2527,3.4011442103967075e-08,4.447194788032733e-12,14.058363034413654,0.5048541654025611,1.0,0.0,1.0000000000000002,1.0,0.0
2528,3.4011442103967075e-08,6.170441106431222e-12,14.038260124420518,0.5048528633195668,1.0,0.0,1.0,1.0,0.0
2529,3.4011442103967075e-08,6.805609682185827e-12,14.014832837461636,0.5048506497784766,1.0,0.0,1.0,1.0,0.0
2530,3.4011442103967075e-08,4.396702424929749e-12,14.009112676063582,0.5048539049859623,1.0,0.0,1.0,1.0,0.0
2531,3.4011442103967075e-08,8.958153663232582e-12,13.970408217936177,0.5048717435229835,1.0,0.0,0.9999999999999999,1.0,0.0
2532,3.4011442103967075e-08,3.9649825136875036e-12,13.967255867924052,0.5049466132951528,1.0,0.0,1.0000000000000002,1.0,0.0
2533,3.4011442103967075e-08,3.7418229740002904e-12,13.964913655245983,0.5049139310119971,1.0,0.0,0.9999999999999998,1.0000000000000002,0.0
2534,3.4011442103967075e-08,5.819709563024207e-12,13.949385107168052,0.5049459622536556,1.0,0.0,0.9999999999999999,1.0,0.0
2535,3.4011442103967075e-08,3.84532649046522e-12,13.946424008349707,0.5049380195473907,1.0,0.0,1.0000000000000002,1.0000000000000002,0.0
2536,3.4011442103967075e-08,8.448390268780823e-12,13.910804593297161,0.5049523424603275,1.0,0.0,1.0000000000000002,1.0,0.0
2537,3.4011442103967075e-08,6.4058498201661565e-12,13.891269897118102,0.5049404935050799,1.0,0.0,1.0,1.0,0.0
2538,3.4011442103967075e-08,3.714551578285873e-12,13.889754342174719,0.5049618476661855,1.0,0.0,0.9999999999999999,1.0,0.0
2539,3.4011442103967075e-08,3.0489130740367865e-12,13.89333003023909,0.5049494778777401,1.0,0.0,1.0000000000000002,1.0,0.0
2540,3.4011442103967075e-08,3.902818960329245e-12,13.88954508269378,0.5049016914318512,1.0,0.0,1.0,1.0,0.0
2541,3.4011442103967075e-08,5.525709538656758e-12,13.876397632832816,0.5048563789436513,1.0,0.0,1.0000000000000002,1.0000000000000002,0.0
2542,3.4011442103967075e-08,7.277378292008923e-12,13.848593290898181,0.5048963528915748,1.0,0.0,0.9999999999999999,1.0,0.0
2543,3.4011442103967075e-08,6.698634431542056e-12,13.825069648021678,0.5048955716417782,1.0,0.0,1.0,1.0,0.0
2544,3.4011442103967075e-08,9.741531409664562e-12,13.781217851323209,0.5048147122878354,1.0,0.0,1.0,1.0000000000000002,0.0
2545,3.4011442103967075e-08,5.7297161925511475e-12,13.768690613786843,0.5047696602162344,1.0,0.0,1.0,1.0,0.0
2546,3.4011442103967075e-08,5.173175013162552e-12,13.756470255963439,0.5048009102080963,1.0,0.0,1.0,1.0000000000000002,0.0
2547,3.4011442103967075e-08,5.617685637127374e-12,13.742008946282247,0.5048350247825456,1.0,0.0,1.0,1.0,0.0
2548,3.4011442103967075e-08,8.166747316544648e-12,13.708100711331278,0.504846483112895,1.0,0.0,0.9999999999999999,1.0,0.0
2549,3.4011442103967075e-08,2.6796835546759496e-12,13.712519338202503,0.5048580716515438,1.0,0.0,1.0000000000000002,1.0,0.0
2550,3.4011442103967075e-08,3.560326488453662e-12,13.71434384719941,0.5048740872723732,1.0,0.0,1.0000000000000002,1.0,0.0
2551,3.4011442103967075e-08,3.67889598520708e-12,13.713650015276746,0.5047997383334015,1.0,0.0,1.0,1.0,0.0
2552,3.4011442103967075e-08,4.6579614993594295e-12,13.70641733935084,0.5047903633358429,1.0,0.0,1.0,1.0,0.0
2553,3.4011442103967075e-08,1.1987127588512046e-11,13.649987307563421,0.504815233121033,1.0,0.0,1.0000000000000002,1.0,0.0
2554,3.4011442103967075e-08,2.7646875032053053e-12,13.653552688298479,0.5048031237491866,1.0,0.0,1.0,1.0,0.0
2555,3.4011442103967075e-08,4.5949025138905306e-12,13.645194657508174,0.504805727915175,1.0,0.0,1.0000000000000002,1.0000000000000002,0.0
2556,3.4011442103967075e-08,3.4330785531694905e-12,13.647402687630038,0.5048063789566721,1.0,0.0,1.0000000000000002,1.0,0.0
2557,3.4011442103967075e-08,4.780172103179006e-12,13.638294836075804,0.5047976550006107,1.0,0.0,1.0000000000000002,1.0,0.0
2558,3.4011442103967075e-08,6.745586490613407e-12,13.616172714780229,0.5047820300046797,1.0,0.0,1.0000000000000002,1.0000000000000002,0.0
2559,3.4011442103967075e-08,5.655420678436908e-12,13.602513990964788,0.5048243477019928,1.0,0.0,0.9999999999999999,1.0,0.0
2560,3.4011442103967075e-08,4.388468213537856e-12,13.597793980396874,0.5048313789501617,1.0,0.0,1.0,1.0,0.0
2561,3.4011442103967075e-08,3.579564437101583e-12,13.60011942979457,0.5048063789566721,1.0,0.0,0.9999999999999999,1.0,0.0
2562,3.4011442103967075e-08,2.8255148358056224e-12,13.604620676143139,0.5048200508281118,1.0,0.0,1.0,1.0,0.0
2563,3.4011442103967075e-08,4.627159235423478e-12,13.596516612283304,0.5048740872723732,1.0,0.0,1.0000000000000002,1.0,0.0
2564,3.4011442103967075e-08,2.848055716165143e-12,13.6004888948897,0.5048329414497549,1.0,0.0,1.0,1.0000000000000002,0.0
2565,3.4011442103967075e-08,5.850295046809476e-12,13.584123581975083,0.5049010403903541,1.0,0.0,1.0,1.0,0.0
2566,3.4011442103967075e-08,3.6733461473355774e-12,13.5844164775077,0.5048408841560198,1.0,0.0,0.9999999999999999,1.0,0.0
2567,3.4011442103967075e-08,3.6986243994944335e-12,13.585705405726106,0.5048730456059777,1.0,0.0,1.0,1.0,0.0
2568,3.4011442103967075e-08,3.922920734510689e-12,13.582365466714778,0.5048920560176937,1.0,0.0,1.0,1.0,0.0
2569,3.4011442103967075e-08,2.792277413063568e-12,13.586739292796723,0.5048294258256704,1.0,0.0,1.0000000000000002,1.0,0.0
2570,3.4011442103967075e-08,3.6181040531379497e-12,13.586295624925578,0.5048507799867761,1.0,0.0,1.0,1.0,0.0
2571,3.4011442103967075e-08,3.1521914564145944e-12,13.588603690337276,0.5047891914611481,1.0,0.0,1.0000000000000002,1.0,0.0
2572,3.4011442103967075e-08,3.4926793999427126e-12,13.58867248190887,0.5048220039526031,1.0,0.0,1.0000000000000002,1.0,0.0
2573,3.4011442103967075e-08,5.122770835783821e-12,13.579335899672039,0.5047455716808407,1.0,0.0,0.9999999999999999,1.0,0.0
2574,3.4011442103967075e-08,3.568855454123825e-12,13.58045370966594,0.5047894518777469,1.0,0.0,1.0,1.0,0.0
2575,3.4011442103967075e-08,5.480828821643854e-12,13.56486366803015,0.5047626289680653,1.0,0.0,1.0,1.0,0.0
2576,3.4011442103967075e-08,3.0207213434851142e-12,13.56954453996129,0.5048102852056549,1.0,0.0,0.9999999999999999,1.0000000000000002,0.0
2577,3.4011442103967075e-08,3.6515363988654805e-12,13.569740179080075,0.5048505195701772,1.0,0.0,1.0000000000000002,1.0,0.0
2578,3.4011442103967075e-08,3.711659755343621e-12,13.568690933737749,0.5048350247825456,1.0,0.0,1.0,1.0,0.0
2579,3.4011442103967075e-08,4.60724079098114e-12,13.560878683047061,0.5048101549973555,1.0,0.0,1.0000000000000002,1.0,0.0
2580,3.4011442103967075e-08,3.5302989842184104e-12,13.56254028604107,0.5048138008297394,1.0,0.0,0.9999999999999999,1.0,0.0
2581,3.4011442103967075e-08,2.797391775613562e-12,13.566942502679446,0.5047949206263228,1.0,0.0,0.9999999999999999,1.0,0.0
2582,3.4011442103967075e-08,3.559047940052564e-12,13.565998159196585,0.5047851550038659,1.0,0.0,0.9999999999999999,1.0,0.0
2583,3.4011442103967075e-08,4.135481481780107e-12,13.566089998311474,0.5047843737540694,1.0,0.0,1.0000000000000002,1.0,0.0
2584,3.4011442103967075e-08,2.9958028545724774e-12,13.569649104793523,0.5048019518744917,1.0,0.0,0.9999999999999999,1.0,0.0
2585,3.4011442103967075e-08,3.364037965034178e-12,13.573144546766494,0.5048246081185916,1.0,0.0,0.9999999999999999,1.0,0.0
2586,3.4011442103967075e-08,4.012828206321291e-12,13.570781690625427,0.5048268216596818,1.0,0.0,0.9999999999999999,1.0,0.0
2587,3.4011442103967075e-08,3.721105193700736e-12,13.572217994400159,0.5048041654155819,1.0,0.0,1.0000000000000002,1.0,0.0
2588,3.4011442103967075e-08,3.832019018168025e-12,13.570814200331949,0.5047777331307987,1.0,0.0,1.0000000000000002,1.0,0.0
2589,3.4011442103967075e-08,3.5960808279462807e-12,13.570645053249484,0.5047888008362498,1.0,0.0,1.0,1.0,0.0
2590,3.4011442103967075e-08,3.518088004736844e-12,13.572085484037817,0.5047628893846642,1.0,0.0,1.0,1.0,0.0
2591,3.4011442103967075e-08,3.659278815395283e-12,13.570704207965864,0.5047678373000424,1.0,0.0,0.9999999999999999,1.0,0.0
2592,3.4011442103967075e-08,3.829615281817551e-12,13.570420484849626,0.5047880195864533,1.0,0.0,1.0000000000000002,1.0,0.0
2593,3.4011442103967075e-08,3.278924518696726e-12,13.573114354823847,0.5048082018728641,1.0,0.0,0.9999999999999999,1.0,0.0
2594,3.4011442103967075e-08,3.1516663020985483e-12,13.577023364831124,0.504811847705248,1.0,0.0,1.0000000000000002,1.0,0.0
2595,3.4011442103967075e-08,3.1481624393228443e-12,13.57987943032544,0.504751170637716,1.0,0.0,0.9999999999999999,1.0,0.0
2596,3.4011442103967075e-08,3.4794497364247847e-12,13.580072245635275,0.5048339831161502,1.0,0.0,0.9999999999999999,1.0,0.0
2597,3.4011442103967075e-08,3.9089567911142785e-12,13.579946228922173,0.5048433581137088,1.0,0.0,1.0,1.0000000000000002,0.0
2598,3.4011442103967075e-08,3.659591447763396e-12,13.580356819449124,0.5048570299851485,1.0,0.0,1.0000000000000002,1.0,0.0
2599,3.4011442103967075e-08,6.394278409184445e-12,13.56317887897022,0.5048058581234744,1.0,0.0,0.9999999999999999,1.0,0.0
2600,3.4011442103967075e-08,2.7765797674600287e-12,13.566512057924891,0.5047381498077735,1.0,0.0,1.0,1.0,0.0
2601,3.4011442103967075e-08,3.512150195110771e-12,13.567329032815918,0.5047733060486183,1.0,0.0,0.9999999999999999,1.0,0.0
2602,3.4011442103967075e-08,3.5433508458607385e-12,13.567309934505511,0.5047963529176164,1.0,0.0,1.0000000000000002,1.0,0.0
2603,3.4011442103967075e-08,4.149033460010881e-12,13.562869316641558,0.5047949206263228,1.0,0.0,0.9999999999999999,1.0,0.0
2604,3.4011442103967075e-08,4.979576621304535e-12,13.55390831165567,0.5047678373000424,1.0,0.0,1.0,1.0,0.0
2605,3.4011442103967075e-08,4.85763557611174e-12,13.546945926620664,0.5047376289745757,1.0,0.0,1.0000000000000002,1.0,0.0
2606,3.4011442103967075e-08,3.1797534711900623e-12,13.549835911787111,0.5047545560535011,1.0,0.0,1.0000000000000002,1.0,0.0
2607,3.4011442103967075e-08,6.948957119137404e-12,13.525509041042826,0.5047568998028906,1.0,0.0,0.9999999999999999,1.0,0.0
2608,3.4011442103967075e-08,2.851138760372006e-12,13.529704269843927,0.5046915352365794,1.0,0.0,1.0,1.0,0.0
2609,3.4011442103967075e-08,7.025227064586629e-12,13.50703876982475,0.5047253893944298,1.0,0.0,1.0,1.0,0.0
2610,3.4011442103967075e-08,2.676992323650939e-12,13.513457538829627,0.5047144518972781,1.0,0.0,0.9999999999999999,1.0,0.0
2611,3.4011442103967075e-08,3.4106072945702934e-12,13.513938146376834,0.5047144518972781,1.0,0.0,0.9999999999999999,1.0,0.0
2612,3.4011442103967075e-08,4.125424194386045e-12,13.511437683507907,0.5047671862585452,1.0,0.0,1.0000000000000002,1.0000000000000002,0.0
2613,3.4011442103967075e-08,3.5259995360667984e-12,13.51230083925385,0.5047526029290097,1.0,0.0,0.9999999999999999,1.0,0.0
2614,3.4011442103967075e-08,6.2113652244181165e-12,13.492853561907536,0.5047746081316125,1.0,0.0,1.0000000000000002,1.0,0.0
2615,3.4011442103967075e-08,3.1538212567580235e-12,13.496156030583984,0.5047705716743303,1.0,0.0,0.9999999999999999,1.0,0.0
2616,3.4011442103967075e-08,3.940241335784156e-12,13.496434559792787,0.5047993477085032,1.0,0.0,1.0,1.0,0.0
2617,3.4011442103967075e-08,6.189468194636915e-12,13.47842151322339,0.5047575508443878,1.0,0.0,0.9999999999999999,1.0,0.0
2618,3.4011442103967075e-08,4.272085863833898e-12,13.472233309486445,0.5047217435620459,1.0,0.0,1.0000000000000002,1.0000000000000002,0.0
2619,3.4011442103967075e-08,3.977559477409526e-12,13.47011326597508,0.5047968737508142,1.0,0.0,0.9999999999999999,1.0,0.0
2620,3.4011442103967075e-08,8.003166258100482e-12,13.437893368500532,0.5047070300242109,1.0,0.0,0.9999999999999999,1.0,0.0
2621,3.4011442103967075e-08,6.150520274340636e-12,13.42142840252655,0.5046716133667674,1.0,0.0,1.0000000000000002,1.0,0.0
2622,3.4011442103967075e-08,3.3432864654615626e-12,13.423542902973349,0.5046623685775082,1.0,0.0,1.0,1.0,0.0
2623,3.4011442103967075e-08,7.489450566432745e-12,13.39724508119335,0.504656509204034,1.0,0.0,1.0000000000000002,1.0,0.0
2624,3.4011442103967075e-08,3.88074621829096e-12,13.39526596183781,0.5047037748167253,1.0,0.0,1.0000000000000002,1.0,0.0
2625,3.4011442103967075e-08,4.8516730873390235e-12,13.388127984135423,0.5047127591893856,1.0,0.0,1.0,1.0,0.0
2626,3.4011442103967075e-08,3.381418550175845e-12,13.38867788054318,0.5046946602357656,1.0,0.0,1.0,1.0,0.0
2627,3.4011442103967075e-08,2.6725023344529384e-12,13.393493427944872,0.504701821692234,1.0,0.0,1.0,1.0000000000000002,0.0
2628,3.4011442103967075e-08,3.4574949349511626e-12,13.395238695392967,0.5046897123203874,1.0,0.0,1.0,1.0,0.0
2629,3.4011442103967075e-08,6.7255918478128566e-12,13.375040361168223,0.5046255196287709,1.0,0.0,1.0000000000000002,1.0,0.0
2630,3.4011442103967075e-08,3.898965767069591e-12,13.374332026391516,0.5046338529599341,1.0,0.0,0.9999999999999999,1.0,0.0
2631,3.4011442103967075e-08,4.674492756067726e-12,13.370677272994655,0.5046029935929705,1.0,0.0,0.9999999999999999,1.0,0.0
2632,3.4011442103967075e-08,3.3096902025915083e-12,13.37412113389734,0.5046608060779151,1.0,0.0,0.9999999999999999,1.0,0.0
2633,3.4011442103967075e-08,4.75758877822413e-12,13.367189076736514,0.5045845040144521,1.0,0.0,1.0000000000000002,1.0000000000000002,0.0
2634,3.4011442103967075e-08,5.894580815665463e-12,13.352938422859678,0.5045634102699452,1.0,0.0,1.0,1.0,0.0
2635,3.4011442103967075e-08,2.847975384467908e-12,13.357241390016688,0.504608983174744,1.0,0.0,1.0,1.0,0.0
2636,3.4011442103967075e-08,3.6151010598864966e-12,13.357258679186316,0.5046182279640031,1.0,0.0,1.0,1.0,0.0
2637,3.4011442103967075e-08,7.204888369038831e-12,13.33345222664722,0.5046723946165639,1.0,0.0,1.0,1.0,0.0
2638,3.4011442103967075e-08,2.9855038377656893e-12,13.337383042632313,0.5046654935766944,1.0,0.0,1.0,1.0,0.0
2639,3.4011442103967075e-08,3.3860416027734567e-12,13.339941462462255,0.504641795666199,1.0,0.0,1.0,1.0,0.0
2640,3.4011442103967075e-08,6.123986467211709e-12,13.320845946139492,0.5046636706605024,1.0,0.0,0.9999999999999999,1.0,0.0
2641,3.4011442103967075e-08,5.7374774512503025e-12,13.307761057821592,0.5046134102569244,1.0,0.0,0.9999999999999999,1.0,0.0
2642,3.4011442103967075e-08,3.5283549242556825e-12,13.310105484957603,0.5046787748232358,1.0,0.0,0.9999999999999999,1.0,0.0
2643,3.4011442103967075e-08,3.33538252833533e-12,13.31101047106432,0.5047259102276276,1.0,0.0,0.9999999999999999,1.0000000000000002,0.0
2644,3.4011442103967075e-08,3.384144628953944e-12,13.31370261751507,0.5047003894009403,1.0,0.0,1.0,1.0,0.0
2645,3.4011442103967075e-08,3.5018560508220397e-12,13.31442734487053,0.5047609362601728,1.0,0.0,1.0,1.0,0.0
2646,3.4011442103967075e-08,2.7704746023304023e-12,13.320478917635299,0.5047404935571631,1.0,0.0,0.9999999999999999,1.0,0.0
2647,3.4011442103967075e-08,3.0704302630775926e-12,13.3239930099746,0.5047100248150977,1.0,0.0,0.9999999999999999,1.0,0.0
2648,3.4011442103967075e-08,3.052297521750385e-12,13.328406538202042,0.5047063789827138,1.0,0.0,1.0,1.0,0.0
2649,3.4011442103967075e-08,4.052075643424537e-12,13.326321711685255,0.5047557279281959,1.0,0.0,0.9999999999999999,1.0,0.0
2650,3.4011442103967075e-08,3.514274755730701e-12,13.327575540323537,0.5047399727239654,1.0,0.0,1.0000000000000002,1.0,0.0
2651,3.4011442103967075e-08,4.211226107261821e-12,13.323929841990983,0.5046776029485409,1.0,0.0,0.9999999999999999,1.0,0.0
2652,3.4011442103967075e-08,3.5279623382014374e-12,13.325556220620541,0.5047201810624529,1.0,0.0,1.0,1.0,0.0
2653,3.4011442103967075e-08,3.2268678231637143e-12,13.328313918104888,0.5046470039981761,1.0,0.0,1.0,1.0,0.0
2654,3.4011442103967075e-08,3.0345787566104052e-12,13.332416118398502,0.5046933581527713,1.0,0.0,1.0,1.0,0.0
2655,3.4011442103967075e-08,4.419621902507645e-12,13.326793941322999,0.5046179675474043,1.0,0.0,0.9999999999999999,1.0,0.0
2656,3.4011442103967075e-08,6.700800240728544e-12,13.305779356481558,0.5046313790022451,1.0,0.0,1.0000000000000002,1.0,0.0
2657,3.4011442103967075e-08,4.438033397473164e-12,13.297815602375614,0.5046208321299916,1.0,0.0,1.0000000000000002,1.0000000000000002,0.0
2658,3.4011442103967075e-08,2.8805146103403324e-12,13.302745159633377,0.5046067696336537,1.0,0.0,1.0000000000000002,1.0,0.0
2659,3.4011442103967075e-08,3.910600127730407e-12,13.300583165710885,0.5045977852609934,1.0,0.0,1.0,1.0,0.0
2660,3.4011442103967075e-08,3.760014792131865e-12,13.29971253552949,0.5045984363024906,1.0,0.0,1.0000000000000002,1.0,0.0
2661,3.4011442103967075e-08,5.271742539540019e-12,13.289934888339054,0.5045818998484636,1.0,0.0,0.9999999999999999,1.0,0.0
2662,3.4011442103967075e-08,4.149972976876154e-12,13.286329790912424,0.5045624988118492,1.0,0.0,1.0000000000000002,1.0,0.0
2663,3.4011442103967075e-08,7.789418107121863e-12,13.257349073284303,0.5045169259070506,1.0,0.0,1.0000000000000002,1.0,0.0
2664,3.4011442103967075e-08,7.348567637926203e-12,13.233002474879497,0.5045367175685631,1.0,0.0,1.0000000000000002,1.0,0.0
2665,3.4011442103967075e-08,5.737467160279262e-12,13.218381095867747,0.5045023425775149,1.0,0.0,1.0,1.0,0.0
2666,3.4011442103967075e-08,7.993481280912888e-12,13.19041660604617,0.5045333321527781,1.0,0.0,1.0000000000000002,1.0,0.0
2667,3.4011442103967075e-08,5.530585935698521e-12,13.176904953032892,0.5045921863041182,1.0,0.0,1.0,1.0,0.0
2668,3.4011442103967075e-08,3.384327603762904e-12,13.178007845700103,0.5045709623513119,1.0,0.0,1.0000000000000002,1.0,0.0
2669,3.4011442103967075e-08,4.333947492571515e-12,13.176074965854754,0.504570701934713,1.0,0.0,0.9999999999999998,1.0000000000000002,0.0
2670,3.4011442103967075e-08,2.620150786721957e-12,13.181499772635792,0.5045337227776764,1.0,0.0,1.0000000000000002,1.0,0.0
2671,3.4011442103967075e-08,7.873416193189562e-12,13.151753252363262,0.5045386706930545,1.0,0.0,1.0000000000000002,1.0,0.0
2672,3.4011442103967075e-08,3.0881400137370577e-12,13.15617063849402,0.5045032540356109,1.0,0.0,1.0,1.0,0.0
2673,3.4011442103967075e-08,3.710726702564894e-12,13.156759191281301,0.5045451811080257,1.0,0.0,1.0,1.0000000000000002,0.0
2674,3.4011442103967075e-08,3.657241827163885e-12,13.155826452468686,0.5045332019444787,1.0,0.0,1.0,1.0,0.0
2675,3.4011442103967075e-08,3.4666497948027885e-12,13.157814082293616,0.5045171863236494,1.0,0.0,1.0000000000000002,1.0,0.0
2676,3.4011442103967075e-08,2.968576984066403e-12,13.16076591330471,0.5045613269371545,1.0,0.0,1.0,1.0,0.0
2677,3.4011442103967075e-08,5.013467206951358e-12,13.150608148635282,0.5045606758956573,1.0,0.0,1.0000000000000002,1.0,0.0
2678,3.4011442103967075e-08,3.7832748308216825e-12,13.15007096451983,0.5046188790055003,1.0,0.0,1.0,1.0,0.0
2679,3.4011442103967075e-08,2.8247954429544908e-12,13.154654990654059,0.5046208321299916,1.0,0.0,0.9999999999999999,1.0,0.0
2680,3.4011442103967075e-08,3.396261876334111e-12,13.156886891093482,0.5045962227614004,1.0,0.0,1.0000000000000002,1.0,0.0
2681,3.4011442103967075e-08,6.430138590229327e-12,13.137271370266722,0.5046093737996422,1.0,0.0,0.9999999999999999,1.0,0.0
2682,3.4011442103967075e-08,5.859696749196878e-12,13.121767824778198,0.5045992175522871,1.0,0.0,0.9999999999999999,1.0,0.0
2683,3.4011442103967075e-08,3.303199542348062e-12,13.12426575740428,0.504620962338291,1.0,0.0,1.0,1.0,0.0
2684,3.4011442103967075e-08,4.709238099317781e-12,13.117933700402277,0.5045622383952504,1.0,0.0,0.9999999999999999,1.0,0.0
2685,3.4011442103967075e-08,3.3827358423027676e-12,13.11941413063276,0.5046023425514733,1.0,0.0,1.0,1.0,0.0
2686,3.4011442103967075e-08,3.1505525070651507e-12,13.122725489357041,0.504608071716648,1.0,0.0,1.0000000000000002,1.0,0.0
2687,3.4011442103967075e-08,4.192284686384683e-12,13.121090584027781,0.5046160144229129,1.0,0.0,1.0,1.0,0.0
2688,3.4011442103967075e-08,4.631908637630492e-12,13.11483648592714,0.5046205717133928,1.0,0.0,1.0,1.0,0.0
2689,3.4011442103967075e-08,7.534114089898437e-12,13.088212644544504,0.5046628894107059,1.0,0.0,1.0000000000000002,1.0,0.0
2690,3.4011442103967075e-08,3.2768648845408945e-12,13.090144819737908,0.5047524727207102,1.0,0.0,1.0000000000000002,1.0,0.0
2691,3.4011442103967075e-08,3.265226708389452e-12,13.09384613558591,0.5047274727272206,1.0,0.0,1.0,1.0,0.0
2692,3.4011442103967075e-08,3.042603865917603e-12,13.097994823143491,0.5046703112837732,1.0,0.0,1.0,1.0,0.0
2693,3.4011442103967075e-08,3.433130074326726e-12,13.097133577395295,0.5046235665042795,1.0,0.0,1.0000000000000002,1.0,0.0
2694,3.4011442103967075e-08,2.8879204208945042e-12,13.101082755839803,0.5046621081609093,1.0,0.0,1.0000000000000002,1.0,0.0
2695,3.4011442103967075e-08,4.041986835963937e-12,13.097599190903253,0.5046419258744985,1.0,0.0,1.0000000000000002,1.0,0.0
2696,3.4011442103967075e-08,4.203733802296651e-12,13.093779756307692,0.5046463529566789,1.0,0.0,0.9999999999999999,1.0000000000000002,0.0
2697,3.4011442103967075e-08,6.701606947415343e-12,13.073236248087744,0.5046033842178687,1.0,0.0,1.0,1.0,0.0
2698,3.4011442103967075e-08,2.760265265413545e-12,13.07759087580816,0.5046249987955732,1.0,0.0,1.0000000000000002,1.0,0.0
2699,3.4011442103967075e-08,3.1771517272304564e-12,13.080137755546023,0.5046122383822296,1.0,0.0,1.0,1.0000000000000002,0.0
2700,3.4011442103967075e-08,2.523132942536128e-12,13.086111077914895,0.5046430977491932,1.0,0.0,1.0000000000000002,1.0,0.0
2701,3.4011442103967075e-08,8.854460262951548e-12,13.050835159681132,0.5046348946263295,1.0,0.0,1.0,1.0,0.0
2702,3.4011442103967075e-08,4.276849446481414e-12,13.04742998543756,0.5045897123464291,1.0,0.0,1.0,1.0,0.0
2703,3.4011442103967075e-08,8.099087183393362e-12,13.018774554825535,0.504560285270759,1.0,0.0,0.9999999999999999,1.0,0.0
2704,3.4011442103967075e-08,3.822374307412741e-12,13.017669091670928,0.5045889310966325,1.0,0.0,1.0,1.0,0.0
2705,3.4011442103967075e-08,4.3216524192701216e-12,13.01278624272682,0.5046111967158342,1.0,0.0,1.0000000000000002,1.0,0.0
2706,3.4011442103967075e-08,4.760563915525068e-12,13.006864333481362,0.5045667956857303,1.0,0.0,1.0000000000000002,1.0,0.0
2707,3.4011442103967075e-08,5.962168356479493e-12,12.990882732654187,0.504570701934713,1.0,0.0,0.9999999999999999,1.0,0.0
2708,3.4011442103967075e-08,4.723018173493769e-12,12.980460957544008,0.5045335925693769,1.0,0.0,1.0000000000000002,1.0,0.0
2709,3.4011442103967075e-08,2.949505394238792e-12,12.985727508351353,0.5045342436108741,1.0,0.0,1.0000000000000002,1.0,0.0
2710,3.4011442103967075e-08,6.638544651568932e-12,12.964188780046483,0.5046005196352813,1.0,0.0,1.0,1.0,0.0
2711,3.4011442103967075e-08,3.9516918532400115e-12,12.963050651875518,0.504556899854974,1.0,0.0,1.0000000000000002,1.0,0.0
2712,3.4011442103967075e-08,2.988297314737739e-12,12.967392509019747,0.5045074207011925,1.0,0.0,1.0000000000000002,1.0,0.0
2713,3.4011442103967075e-08,3.5768878092091674e-12,12.96814768755131,0.504482420707703,1.0,0.0,0.9999999999999999,1.0000000000000002,0.0
2714,3.4011442103967075e-08,3.33150045415448e-12,12.969519960321346,0.5044908842471656,1.0,0.0,1.0,1.0,0.0
2715,3.4011442103967075e-08,3.5777651897269153e-12,12.971195158588653,0.5045451811080257,1.0,0.0,1.0000000000000002,1.0000000000000002,0.0
2716,3.4011442103967075e-08,3.3158794165027297e-12,12.97389581873418,0.5045666654774309,1.0,0.0,1.0000000000000002,1.0,0.0
2717,3.4011442103967075e-08,3.860199181479348e-12,12.972979864879935,0.5045511706897993,1.0,0.0,0.9999999999999999,1.0,0.0
2718,3.4011442103967075e-08,9.744506576636255e-12,12.930941999806306,0.5046026029680721,1.0,0.0,1.0,1.0,0.0
2719,3.4011442103967075e-08,4.731497896165079e-12,12.923850204808115,0.504577733182882,1.0,0.0,0.9999999999999999,1.0,0.0
2720,3.4011442103967075e-08,3.231094040490867e-12,12.926623374900764,0.5045221342390276,1.0,0.0,0.9999999999999999,1.0000000000000002,0.0
2721,3.4011442103967075e-08,5.217193270548649e-12,12.914033024801416,0.5045246081967166,1.0,0.0,1.0,1.0000000000000002,0.0
2722,3.4011442103967075e-08,6.3889677524164736e-12,12.895887755941114,0.5044921863301598,1.0,0.0,0.9999999999999999,1.0,0.0
2723,3.4011442103967075e-08,2.965485117711482e-12,12.900740108950453,0.504490102997369,1.0,0.0,1.0000000000000002,1.0,0.0
2724,3.4011442103967075e-08,3.4994785180927857e-12,12.904145264294026,0.5044416655099829,1.0,0.0,0.9999999999999999,1.0,0.0
2725,3.4011442103967075e-08,3.952735672314872e-12,12.902551803078632,0.5044148426003014,1.0,0.0,0.9999999999999999,1.0,0.0
2726,3.4011442103967075e-08,4.8871765207345525e-12,12.897242719909869,0.5044315092626278,1.0,0.0,0.9999999999999999,1.0,0.0
2727,3.4011442103967075e-08,3.56553463728861e-12,12.897848899732276,0.504493748829753,1.0,0.0,1.0,1.0,0.0
2728,3.4011442103967075e-08,6.06617693049792e-12,12.879665244976833,0.5045374988183596,1.0,0.0,1.0000000000000002,1.0,0.0
2729,3.4011442103967075e-08,2.744431974013312e-12,12.884667137764653,0.5044466134253611,1.0,0.0,1.0000000000000002,1.0,0.0
2730,3.4011442103967075e-08,2.7003194075659715e-12,12.89015929780465,0.5044687488362634,1.0,0.0,1.0,1.0,0.0
2731,3.4011442103967075e-08,5.334205708788711e-12,12.878205385715987,0.5044591134221059,1.0,0.0,1.0,1.0000000000000002,0.0
2732,3.4011442103967075e-08,5.875842436108007e-12,12.862887753579914,0.5044757800844323,1.0,0.0,1.0000000000000002,1.0,0.0
2733,3.4011442103967075e-08,2.559778006588151e-12,12.867891187753557,0.5045049467435034,1.0,0.0,1.0000000000000002,1.0,0.0
2734,3.4011442103967075e-08,5.130067267854114e-12,12.85948978247178,0.5044505196743438,1.0,0.0,1.0,1.0,0.0
2735,3.4011442103967075e-08,4.884703988340907e-12,12.853046995699527,0.504432160304125,1.0,0.0,1.0000000000000002,1.0,0.0
2736,3.4011442103967075e-08,3.975100639105438e-12,12.851779458375633,0.5044714832105512,1.0,0.0,1.0000000000000002,1.0,0.0
2737,3.4011442103967075e-08,6.500470743029136e-12,12.832245938933868,0.5044990873700294,1.0,0.0,1.0,1.0000000000000002,0.0
2738,3.4011442103967075e-08,5.0758458512340594e-12,12.823363253405615,0.5044445300925703,1.0,0.0,1.0,1.0,0.0
2739,3.4011442103967075e-08,3.1478553898779876e-12,12.827688092453888,0.5044580717557104,1.0,0.0,0.9999999999999999,1.0,0.0
2740,3.4011442103967075e-08,5.253142966874569e-12,12.81592225329342,0.5044501290494455,1.0,0.0,1.0000000000000002,1.0,0.0
2741,3.4011442103967075e-08,3.526426555341199e-12,12.817208655598948,0.5044447905091691,1.0,0.0,1.0,1.0,0.0
2742,3.4011442103967075e-08,5.0367746533513736e-12,12.809021186592297,0.504459764463603,1.0,0.0,0.9999999999999999,1.0,0.0
2743,3.4011442103967075e-08,4.007693321367577e-12,12.808682190193732,0.504399087396071,1.0,0.0,1.0,1.0,0.0
2744,3.4011442103967075e-08,3.357962196970079e-12,12.811103903252313,0.5044191394741824,1.0,0.0,1.0,1.0,0.0
2745,3.4011442103967075e-08,2.7669555852107454e-12,12.814615602603364,0.5044954415376455,1.0,0.0,0.9999999999999999,1.0,0.0
2746,3.4011442103967075e-08,3.9643148963003334e-12,12.811546315633844,0.5044563790478179,1.0,0.0,1.0000000000000002,1.0,0.0
2747,3.4011442103967075e-08,3.8013458738844466e-12,12.808997058853556,0.5044621082129926,1.0,0.0,0.9999999999999999,1.0,0.0
2748,3.4011442103967075e-08,3.5513767422737893e-12,12.812207927370748,0.5044264311389502,1.0,0.0,1.0,1.0,0.0
2749,3.4011442103967075e-08,2.8750250983867887e-12,12.816600554263882,0.5044270821804473,1.0,0.0,1.0,1.0,0.0
2750,3.4011442103967075e-08,3.4407933230983665e-12,12.819117969190074,0.5044311186377295,1.0,0.0,1.0,1.0,0.0
2751,3.4011442103967075e-08,3.1158277116509802e-12,12.822737195997064,0.5045007800779219,1.0,0.0,1.0000000000000002,1.0,0.0
2752,3.4011442103967075e-08,2.924873573318418e-12,12.82703972426977,0.5044734363350426,1.0,0.0,0.9999999999999999,1.0000000000000002,0.0
2753,3.4011442103967075e-08,6.8647409171713335e-12,12.804490406477411,0.5044675769615685,1.0,0.0,1.0000000000000002,1.0,0.0
2754,3.4011442103967075e-08,3.4921786759582518e-12,12.805723158207524,0.5045305977784902,1.0,0.0,1.0000000000000002,1.0,0.0
2755,3.4011442103967075e-08,3.6377901298217627e-12,12.805038248128414,0.5044954415376455,1.0,0.0,0.9999999999999999,1.0,0.0
2756,3.4011442103967075e-08,7.553524211596867e-12,12.779284663466052,0.5044537748818294,1.0,0.0,0.9999999999999998,1.0000000000000002,0.0
2757,3.4011442103967075e-08,4.88680807292713e-12,12.77116608689136,0.5045304675701907,1.0,0.0,1.0000000000000002,1.0,0.0
2758,3.4011442103967075e-08,3.4922644461270665e-12,12.773239216178116,0.5044841134155955,1.0,0.0,1.0000000000000002,1.0,0.0
2759,3.4011442103967075e-08,3.4071552426594654e-12,12.776620962365069,0.5045061186181983,1.0,0.0,1.0,1.0,0.0
2760,3.4011442103967075e-08,8.805212374745024e-12,12.74537956177897,0.5045335925693769,1.0,0.0,1.0000000000000002,1.0,0.0
2761,3.4011442103967075e-08,5.170495694957379e-12,12.73664772841309,0.5045536446474884,1.0,0.0,1.0000000000000002,1.0,0.0
2762,3.4011442103967075e-08,3.826336806792152e-12,12.736422624173281,0.5044999988281254,1.0,0.0,0.9999999999999999,1.0,0.0
2763,3.4011442103967075e-08,4.295158938127828e-12,12.73285921052653,0.5045255196548126,1.0,0.0,0.9999999999999999,1.0,0.0
2764,3.4011442103967075e-08,3.256614481817225e-12,12.73594714648318,0.5045533842308895,1.0,0.0,1.0000000000000002,1.0,0.0
2765,3.4011442103967075e-08,3.359439504435063e-12,12.739149890328251,0.5046157540063141,1.0,0.0,1.0,1.0,0.0
2766,3.4011442103967075e-08,4.696855242455911e-12,12.733263918028587,0.5045846342227515,1.0,0.0,1.0000000000000002,1.0,0.0
2767,3.4011442103967075e-08,3.220974115937544e-12,12.735704954783243,0.5045320300697839,1.0,0.0,1.0,1.0,0.0
2768,3.4011442103967075e-08,2.865117968568817e-12,12.73930651703944,0.5045358061104671,1.0,0.0,1.0000000000000002,1.0,0.0
2769,3.4011442103967075e-08,3.339146350005296e-12,12.743430240966624,0.5044874988313806,1.0,0.0,1.0000000000000002,1.0,0.0
2770,3.4011442103967075e-08,4.487767098084127e-12,12.739432957860938,0.5045246081967166,1.0,0.0,1.0000000000000002,1.0,0.0
2771,3.4011442103967075e-08,8.911029176431662e-12,12.703030486737584,0.5045419259005401,1.0,0.0,0.9999999999999999,1.0,0.0
2772,3.4011442103967075e-08,2.963551251650043e-12,12.70729727391064,0.5045546863138838,1.0,0.0,0.9999999999999999,1.0,0.0
2773,3.4011442103967075e-08,3.272035807588705e-12,12.709657386657101,0.5045712227679108,1.0,0.0,1.0000000000000002,1.0,0.0
2774,3.4011442103967075e-08,9.632358357587189e-12,12.668086680937833,0.5045666654774309,1.0,0.0,0.9999999999999999,1.0,0.0
2775,3.4011442103967075e-08,8.442624387954578e-12,12.635902465658704,0.504552602981093,1.0,0.0,1.0000000000000002,1.0,0.0
2776,3.4011442103967075e-08,3.3851807450771916e-12,12.637436520634195,0.5045479154823137,1.0,0.0,0.9999999999999999,1.0,0.0
2777,3.4011442103967075e-08,2.8628805087520716e-12,12.642533176531112,0.504501431119419,1.0,0.0,1.0,1.0,0.0
2778,3.4011442103967075e-08,3.562274571110391e-12,12.644787170235439,0.5044600248802018,1.0,0.0,1.0000000000000002,1.0,0.0
2779,3.4011442103967075e-08,3.1804144931780112e-12,12.647715855038093,0.5044651030038795,1.0,0.0,1.0,1.0,0.0
2780,3.4011442103967075e-08,4.371581578627153e-12,12.642071337622898,0.504490102997369,1.0,0.0,1.0000000000000002,1.0,0.0
2781,3.4011442103967075e-08,4.5219656483712594e-12,12.636326873998076,0.504544009233331,1.0,0.0,0.9999999999999999,1.0,0.0
2782,3.4011442103967075e-08,8.818496223369811e-12,12.603013298091044,0.5044946602878488,1.0,0.0,1.0000000000000002,1.0,0.0
2783,3.4011442103967075e-08,3.0912408849748795e-12,12.606943870100388,0.5044855457068892,1.0,0.0,0.9999999999999999,1.0,0.0
2784,3.4011442103967075e-08,3.015360261211332e-12,12.611548473987826,0.5044925769550581,1.0,0.0,1.0000000000000002,1.0000000000000002,0.0
2785,3.4011442103967075e-08,3.683805799401654e-12,12.612292860166265,0.5045156238240563,1.0,0.0,1.0000000000000002,1.0,0.0
2786,3.4011442103967075e-08,7.564068333942993e-12,12.584821026231063,0.5044997384115265,1.0,0.0,0.9999999999999999,1.0,0.0
2787,3.4011442103967075e-08,5.277068103768204e-12,12.574241773063516,0.5045399727760488,1.0,0.0,1.0,1.0000000000000002,0.0
2788,3.4011442103967075e-08,5.483175424738019e-12,12.56136346213066,0.5044770821674265,1.0,0.0,0.9999999999999999,1.0000000000000002,0.0
2789,3.4011442103967075e-08,3.0546712869791984e-12,12.564739105450709,0.5044773425840253,1.0,0.0,1.0000000000000002,1.0,0.0
2790,3.4011442103967075e-08,3.4264694791263208e-12,12.566851933420857,0.5044666655034725,1.0,0.0,0.9999999999999999,1.0,0.0
2791,3.4011442103967075e-08,3.035525653972698e-12,12.571572275453295,0.5044859363317874,1.0,0.0,1.0,1.0,0.0
2792,3.4011442103967075e-08,4.1758482857652545e-12,12.567954677593148,0.5045402331926476,1.0,0.0,1.0,1.0,0.0
2793,3.4011442103967075e-08,6.925888013700031e-12,12.54576582856143,0.504538800901354,1.0,0.0,0.9999999999999998,1.0000000000000002,0.0
2794,3.4011442103967075e-08,1.628517013586828e-11,12.460793333248782,0.5045554675636803,1.0,0.0,0.9999999999999999,1.0,0.0
2795,3.4011442103967075e-08,3.4665559188846693e-12,12.463966655172406,0.5045415352756418,1.0,0.0,1.0000000000000002,1.0,0.0
2796,3.4011442103967075e-08,4.811246809171578e-12,12.456935175178552,0.5045779935994809,1.0,0.0,1.0000000000000002,1.0,0.0
2797,3.4011442103967075e-08,8.010000288321562e-12,12.427607280968195,0.5045313790282867,1.0,0.0,1.0,1.0,0.0
2798,3.4011442103967075e-08,1.0262955325290498e-11,12.3861655440534,0.5045157540323557,1.0,0.0,0.9999999999999999,1.0,0.0
2799,3.4011442103967075e-08,2.9062488377898313e-12,12.390223607737314,0.5044705717524552,1.0,0.0,1.0,1.0000000000000002,0.0
2800,3.4011442103967075e-08,4.0825212909124744e-12,12.387023508213591,0.5044868477898834,1.0,0.0,1.0000000000000002,1.0,0.0
2801,3.4011442103967075e-08,3.4893267605935537e-12,12.389746527747993,0.5044561186312191,1.0,0.0,1.0,1.0000000000000002,0.0
2802,3.4011442103967075e-08,6.891719833705905e-12,12.369889250888686,0.5044851550819909,1.0,0.0,1.0000000000000002,1.0,0.0
2803,3.4011442103967075e-08,1.1669795790256559e-11,12.316229184292276,0.5044757800844323,1.0,0.0,1.0000000000000002,1.0,0.0
2804,3.4011442103967075e-08,5.305044042125931e-12,12.304723589947228,0.5045209623643327,1.0,0.0,0.9999999999999999,1.0,0.0
2805,3.4011442103967075e-08,4.780951034579328e-12,12.298399190499406,0.5045391915262523,1.0,0.0,1.0,1.0,0.0
2806,3.4011442103967075e-08,7.887652287651782e-12,12.270681207739107,0.5045153634074574,1.0,0.0,1.0000000000000002,1.0,0.0
2807,3.4011442103967075e-08,8.881382958118427e-12,12.237155933586404,0.5045399727760488,1.0,0.0,1.0000000000000002,1.0,0.0
2808,3.4011442103967075e-08,7.787532144591297e-12,12.211064312869913,0.5045196602813384,1.0,0.0,0.9999999999999999,1.0,0.0
2809,3.4011442103967075e-08,2.4868789931037543e-12,12.216745682805664,0.5045712227679108,1.0,0.0,0.9999999999999999,1.0,0.0
2810,3.4011442103967075e-08,5.592173420249676e-12,12.205728851229923,0.5045382800681563,1.0,0.0,1.0,1.0,0.0
2811,3.4011442103967075e-08,3.607739828046257e-12,12.20822037019764,0.5045494779819067,1.0,0.0,0.9999999999999999,1.0,0.0
2812,3.4011442103967075e-08,4.559599901456944e-12,12.202893382341593,0.5045098946588816,1.0,0.0,0.9999999999999999,1.0,0.0
2813,3.4011442103967075e-08,1.0900607110585956e-11,12.15614966273731,0.5045529936059913,1.0,0.0,1.0,1.0,0.0
2814,3.4011442103967075e-08,8.677994159240212e-12,12.122898879066208,0.5045765613081872,1.0,0.0,0.9999999999999999,1.0,0.0
2815,3.4011442103967075e-08,4.4407785063005304e-12,12.120279844818755,0.5045757800583907,1.0,0.0,1.0000000000000002,1.0,0.0
2816,3.4011442103967075e-08,7.61591574911061e-12,12.09517443847165,0.5046002592186825,1.0,0.0,1.0,1.0,0.0
2817,3.4011442103967075e-08,3.531897174910291e-12,12.097376966852515,0.5045233061137223,1.0,0.0,1.0000000000000002,1.0,0.0
2818,3.4011442103967075e-08,4.1988227863987836e-12,12.093496253190743,0.5045623686035499,1.0,0.0,1.0,1.0,0.0
2819,3.4011442103967075e-08,3.4184671055918444e-12,12.095493975071822,0.5045764310998877,1.0,0.0,1.0,1.0,0.0
2820,3.4011442103967075e-08,4.731134417227263e-12,12.088230842884514,0.5045582019379683,1.0,0.0,0.9999999999999999,1.0,0.0
2821,3.4011442103967075e-08,3.2326074157140616e-12,12.092566109299554,0.5045947904701067,1.0,0.0,1.0000000000000002,1.0000000000000002,0.0
2822,3.4011442103967075e-08,5.2777266789392866e-12,12.08419356668827,0.504542186317139,1.0,0.0,1.0000000000000002,1.0000000000000002,0.0
2823,3.4011442103967075e-08,3.5689302528066367e-12,12.087047757392781,0.5045489571487091,1.0,0.0,1.0,1.0,0.0
2824,3.4011442103967075e-08,7.035845794994663e-12,12.066088130213881,0.5045214831975304,1.0,0.0,1.0000000000000002,1.0,0.0
2825,3.4011442103967075e-08,3.036108251722631e-12,12.070090831175163,0.5045325509029815,1.0,0.0,1.0000000000000002,1.0,0.0
2826,3.4011442103967075e-08,4.732624771505657e-12,12.064053420125486,0.5046119779656307,1.0,0.0,1.0000000000000002,1.0,0.0
2827,3.4011442103967075e-08,3.075565430249571e-12,12.069152818150947,0.5045753894334923,1.0,0.0,1.0000000000000002,1.0,0.0
2828,3.4011442103967075e-08,4.0353892648901265e-12,12.06733840859279,0.5045920560958187,1.0,0.0,0.9999999999999999,1.0,0.0
2829,3.4011442103967075e-08,4.082666256400937e-12,12.066406670921449,0.5046199206718956,1.0,0.0,1.0,1.0,0.0
2830,3.4011442103967075e-08,9.413490255408746e-12,12.030597835163732,0.5046766914904449,1.0,0.0,0.9999999999999999,1.0,0.0
2831,3.4011442103967075e-08,4.112795610675726e-12,12.02934599232432,0.5046927071112742,1.0,0.0,1.0000000000000002,1.0,0.0
2832,3.4011442103967075e-08,2.730191188465655e-12,12.034466564140946,0.50466874878418,1.0,0.0,1.0000000000000002,1.0,0.0
2833,3.4011442103967075e-08,2.865476313043256e-12,12.039876143339395,0.5046964831519575,1.0,0.0,1.0,1.0,0.0
2834,3.4011442103967075e-08,4.820017173190316e-12,12.03408166183667,0.5046141915067209,1.0,0.0,1.0000000000000002,1.0,0.0
2835,3.4011442103967075e-08,6.184361458249792e-12,12.01847512725583,0.5046546862878422,1.0,0.0,1.0,1.0,0.0
2836,3.4011442103967075e-08,5.8618645668141e-12,12.004487901869116,0.5046373685840186,1.0,0.0,0.9999999999999999,1.0,0.0
2837,3.4011442103967075e-08,2.8518270697036675e-12,12.009949062944745,0.5046432279574927,1.0,0.0,1.0,1.0,0.0
2838,3.4011442103967075e-08,3.095628960035428e-12,12.013174716576208,0.5046199206718956,1.0,0.0,1.0000000000000002,1.0,0.0
2839,3.4011442103967075e-08,3.76876736611546e-12,12.016484731951804,0.5046584623285254,1.0,0.0,1.0000000000000002,1.0,0.0
2840,3.4011442103967075e-08,3.1296626595029862e-12,12.020461454817523,0.5046554675376387,1.0,0.0,0.9999999999999999,1.0,0.0
2841,3.4011442103967075e-08,4.72061306277599e-12,12.014719095492085,0.5045848946393503,1.0,0.0,1.0000000000000002,1.0,0.0
2842,3.4011442103967075e-08,3.3783575359864214e-12,12.017342802010338,0.5045938790120107,1.0,0.0,1.0,1.0,0.0
2843,3.4011442103967075e-08,3.830364606536205e-12,12.015541832120276,0.5046068998419532,1.0,0.0,0.9999999999999999,1.0,0.0
2844,3.4011442103967075e-08,4.2172859331710256e-12,12.015770289670384,0.504704295649923,1.0,0.0,1.0,1.0,0.0
2845,3.4011442103967075e-08,3.2747282099337597e-12,12.016596469782076,0.504655597745938,1.0,0.0,1.0000000000000002,1.0,0.0
2846,3.4011442103967075e-08,4.273880469872837e-12,12.013718334818224,0.504652212330153,1.0,0.0,1.0,1.0000000000000002,0.0
2847,3.4011442103967075e-08,5.2715303648735876e-12,12.005012009149908,0.5047100248150977,1.0,0.0,0.9999999999999999,1.0,0.0
2848,3.4011442103967075e-08,4.447185843170719e-12,12.00315299128007,0.5046690092007788,1.0,0.0,0.9999999999999999,1.0,0.0
2849,3.4011442103967075e-08,3.585225188482948e-12,12.006847526351612,0.5046700508671742,1.0,0.0,1.0000000000000002,1.0,0.0
2850,3.4011442103967075e-08,4.060445036957568e-12,12.00694765570928,0.5046759102406484,1.0,0.0,1.0,1.0,0.0
2851,3.4011442103967075e-08,6.533693074466641e-12,11.98863431848246,0.5047486966800269,1.0,0.0,0.9999999999999999,1.0,0.0
2852,3.4011442103967075e-08,7.628306441236338e-12,11.962482058290803,0.5046950508606638,1.0,0.0,1.0,1.0,0.0
2853,3.4011442103967075e-08,3.198470084666496e-12,11.965952692220833,0.504695701902161,1.0,0.0,0.9999999999999999,1.0,0.0
2854,3.4011442103967075e-08,3.6373846086644263e-12,11.966685197869424,0.5047548164700999,1.0,0.0,1.0000000000000002,1.0000000000000002,0.0
2855,3.4011442103967075e-08,3.3270780284534472e-12,11.971206716020495,0.5047359362666832,1.0,0.0,1.0000000000000002,1.0,0.0
2856,3.4011442103967075e-08,3.173392045299661e-12,11.974390422504333,0.504705207108019,1.0,0.0,1.0000000000000002,1.0,0.0
2857,3.4011442103967075e-08,1.0378995418107193e-11,11.931716175876122,0.5047374987662764,1.0,0.0,1.0,1.0,0.0
2858,3.4011442103967075e-08,5.444110979453321e-12,11.922094588400737,0.5047430977231516,1.0,0.0,1.0000000000000002,1.0,0.0
2859,3.4011442103967075e-08,4.622188113474483e-12,11.916280777609666,0.5047718737573246,1.0,0.0,1.0000000000000002,1.0,0.0
2860,3.4011442103967075e-08,3.3707840249564113e-12,11.918652563645406,0.5047582018858849,1.0,0.0,1.0000000000000002,1.0,0.0
2861,3.4011442103967075e-08,4.799710204547195e-12,11.913114277731605,0.5047714831324263,1.0,0.0,1.0,1.0,0.0
2862,3.4011442103967075e-08,3.6362758914907833e-12,11.915037062935065,0.5047395820990671,1.0,0.0,1.0,1.0000000000000002,0.0
2863,3.4011442103967075e-08,6.8142497622526026e-12,11.896787668699327,0.5047028633586294,1.0,0.0,0.9999999999999999,1.0,0.0
2864,3.4011442103967075e-08,4.768647269911621e-12,11.890003493505171,0.5046027331763716,1.0,0.0,1.0,1.0,0.0
2865,3.4011442103967075e-08,3.5074036075697506e-12,11.894134847287747,0.504617576922506,1.0,0.0,1.0,1.0,0.0
2866,3.4011442103967075e-08,3.937057790801091e-12,11.89376581288727,0.5046690092007788,1.0,0.0,0.9999999999999999,1.0,0.0
2867,3.4011442103967075e-08,3.2730959845855252e-12,11.897838785582618,0.504641795666199,1.0,0.0,1.0,1.0,0.0
2868,3.4011442103967075e-08,3.516606383368017e-12,11.899941582704557,0.5046130196320261,1.0,0.0,1.0,1.0,0.0
2869,3.4011442103967075e-08,3.004519936884828e-12,11.903790763631788,0.5046803373228288,1.0,0.0,1.0000000000000002,1.0,0.0
2870,3.4011442103967075e-08,4.0215078651991625e-12,11.903735796802787,0.5046548164961415,1.0,0.0,1.0,1.0,0.0
2871,3.4011442103967075e-08,2.9076391347854693e-12,11.908411908726398,0.5047128893976851,1.0,0.0,0.9999999999999999,1.0,0.0
2872,3.4011442103967075e-08,3.4225677969199546e-12,11.911624636404929,0.504710415439996,1.0,0.0,0.9999999999999999,1.0,0.0
2873,3.4011442103967075e-08,3.497505545767677e-12,11.914755431903991,0.5047372383496775,1.0,0.0,1.0000000000000002,1.0,0.0
2874,3.4011442103967075e-08,3.900414385277735e-12,11.913227344962987,0.5047440091812476,1.0,0.0,1.0000000000000002,1.0,0.0
2875,3.4011442103967075e-08,3.879562453594362e-12,11.913099622918546,0.5047860664619619,1.0,0.0,1.0000000000000002,1.0000000000000002,0.0
2876,3.4011442103967075e-08,4.307392490292478e-12,11.91040886216786,0.5048044258321808,1.0,0.0,0.9999999999999999,1.0,0.0
2877,3.4011442103967075e-08,3.7432812160397975e-12,11.912344258604449,0.5047572904277889,1.0,0.0,1.0,1.0000000000000002,0.0
2878,3.4011442103967075e-08,3.809863415241412e-12,11.91395796413178,0.5046871081543989,1.0,0.0,1.0000000000000002,1.0,0.0
2879,3.4011442103967075e-08,2.9788549840756476e-12,11.918604380304416,0.5047128893976851,1.0,0.0,0.9999999999999999,1.0,0.0
2880,3.4011442103967075e-08,3.6137959472243905e-12,11.918575986132499,0.5047324206425988,1.0,0.0,1.0,1.0000000000000002,0.0
2881,3.4011442103967075e-08,5.365912189479446e-12,11.910831712564171,0.5046881498207944,1.0,0.0,1.0000000000000002,1.0,0.0
2882,3.4011442103967075e-08,3.6084363480847423e-12,11.9145739536094,0.5047244779363339,1.0,0.0,1.0,1.0,0.0
2883,3.4011442103967075e-08,5.814731731278558e-12,11.902435645413638,0.504715623771973,1.0,0.0,1.0,1.0,0.0
2884,3.4011442103967075e-08,3.2833384081957377e-12,11.906483235313859,0.5048352851991444,1.0,0.0,1.0,1.0,0.0
2885,3.4011442103967075e-08,3.77777456277284e-12,11.908317571334836,0.5048342435327491,1.0,0.0,1.0,1.0,0.0
2886,3.4011442103967075e-08,4.137575963621409e-12,11.909430292943977,0.5048601549843347,1.0,0.0,1.0,1.0,0.0
2887,3.4011442103967075e-08,3.1173569662897573e-12,11.914067281470608,0.5047662748004492,1.0,0.0,1.0000000000000002,1.0,0.0
2888,3.4011442103967075e-08,3.866806656126618e-12,11.91581453363617,0.5048135404131405,1.0,0.0,1.0000000000000002,1.0,0.0
2889,3.4011442103967075e-08,1.4117240233029867e-11,11.848136344180379,0.5047152331470747,1.0,0.0,0.9999999999999998,1.0000000000000002,0.0
2890,3.4011442103967075e-08,4.8044764794275865e-12,11.84204359849954,0.5047080716906064,1.0,0.0,0.9999999999999999,1.0,0.0
2891,3.4011442103967075e-08,3.2185087171330595e-12,11.844931687338217,0.5047255196027293,1.0,0.0,1.0000000000000002,1.0,0.0
2892,3.4011442103967075e-08,4.704246044978934e-12,11.839199795368584,0.5047692695913361,1.0,0.0,1.0,1.0,0.0
2893,3.4011442103967075e-08,2.6248202025655332e-12,11.8451762548923,0.5047162748134701,1.0,0.0,0.9999999999999999,1.0,0.0
2894,3.4011442103967075e-08,4.4601162797355396e-12,11.841940686337702,0.5047263008525258,1.0,0.0,1.0000000000000002,1.0,0.0
2895,3.4011442103967075e-08,5.516024789283918e-12,11.832807653030848,0.5046639310771013,1.0,0.0,1.0000000000000002,1.0,0.0
2896,3.4011442103967075e-08,3.310855519375604e-12,11.837472675182307,0.5046617175360111,1.0,0.0,1.0,1.0,0.0
2897,3.4011442103967075e-08,3.3820781283051744e-12,11.840784028274687,0.5046748685742529,1.0,0.0,1.0,1.0,0.0
2898,3.4011442103967075e-08,3.898632110909189e-12,11.843423164331444,0.5047187487711592,1.0,0.0,1.0000000000000002,1.0,0.0
2899,3.4011442103967075e-08,2.6470809920719636e-12,11.84904311179318,0.5047356758500844,1.0,0.0,1.0000000000000002,1.0,0.0
2900,3.4011442103967075e-08,3.0719960208476397e-12,11.853817916745207,0.5047067696076121,1.0,0.0,0.9999999999999999,1.0,0.0
2901,3.4011442103967075e-08,4.746128554285423e-12,11.84812149117219,0.5046717435750667,1.0,0.0,1.0,1.0,0.0
2902,3.4011442103967075e-08,3.912146330122717e-12,11.846075205318071,0.5046631498273048,1.0,0.0,0.9999999999999999,1.0,0.0
2903,3.4011442103967075e-08,6.349193691743744e-12,11.829576346809498,0.5046238269208784,1.0,0.0,1.0,1.0,0.0
2904,3.4011442103967075e-08,3.793148132983016e-12,11.83083895179929,0.5045505196483022,1.0,0.0,0.9999999999999999,1.0,0.0
2905,3.4011442103967075e-08,4.404451474510628e-12,11.827881375386125,0.5045614571454539,1.0,0.0,0.9999999999999999,1.0000000000000002,0.0
2906,3.4011442103967075e-08,5.757543689144834e-12,11.81714871683563,0.5045772123496843,1.0,0.0,0.9999999999999999,1.0,0.0
2907,3.4011442103967075e-08,3.230115340140515e-12,11.819436518989724,0.5046626289941071,1.0,0.0,0.9999999999999999,1.0,0.0
2908,3.4011442103967075e-08,5.296501390293088e-12,11.810287945211474,0.5046305977524485,1.0,0.0,1.0,1.0000000000000002,0.0
2909,3.4011442103967075e-08,3.16120927655161e-12,11.811981442759336,0.5046289050445559,1.0,0.0,1.0,1.0000000000000002,0.0
2910,3.4011442103967075e-08,3.7822207942870735e-12,11.812476391998178,0.5046265612951664,1.0,0.0,1.0000000000000002,1.0,0.0
2911,3.4011442103967075e-08,2.880072940281475e-12,11.818572853112896,0.5046192696303985,1.0,0.0,1.0000000000000002,1.0,0.0
2912,3.4011442103967075e-08,3.66731125529646e-12,11.820294205679955,0.5046459623317806,1.0,0.0,0.9999999999999999,1.0000000000000004,0.0
2913,3.4011442103967075e-08,7.731762709324203e-12,11.795432392380704,0.5046893216954892,1.0,0.0,1.0,1.0,0.0
2914,3.4011442103967075e-08,5.369418304467609e-12,11.786880955083895,0.5046197904635963,1.0,0.0,0.9999999999999999,1.0,0.0
2915,3.4011442103967075e-08,4.848343401095117e-12,11.778669117904087,0.5046660144098921,1.0,0.0,1.0,1.0,0.0
2916,3.4011442103967075e-08,4.531235829301712e-12,11.773618887212804,0.5046358060844255,1.0,0.0,1.0000000000000002,1.0,0.0
2917,3.4011442103967075e-08,7.188532933746737e-12,11.750029078526323,0.5046541654546444,1.0,0.0,1.0,1.0,0.0
2918,3.4011442103967075e-08,3.0730600743141864e-12,11.754291461373988,0.5046614571194122,1.0,0.0,0.9999999999999999,1.0,0.0
2919,3.4011442103967075e-08,1.2579388885837381e-11,11.70129292081853,0.5046631498273048,1.0,0.0,1.0000000000000002,1.0,0.0
2920,3.4011442103967075e-08,3.161474858783847e-12,11.704783392766785,0.5046220040046865,1.0,0.0,0.9999999999999999,1.0,0.0
2921,3.4011442103967075e-08,3.4430919836989738e-12,11.708084645795353,0.5046457019151818,1.0,0.0,1.0000000000000002,1.0,0.0
2922,3.4011442103967075e-08,6.693212897030951e-12,11.691735619069103,0.5046619779526099,1.0,0.0,1.0000000000000002,1.0,0.0
2923,3.4011442103967075e-08,3.191522576349365e-12,11.695241635477627,0.5046492175392663,1.0,0.0,1.0000000000000002,1.0,0.0
2924,3.4011442103967075e-08,2.8194299420634183e-12,11.700135756164089,0.504604686300863,1.0,0.0,0.9999999999999999,1.0,0.0
2925,3.4011442103967075e-08,2.7814611716601028e-12,11.705265619995238,0.5046641914937001,1.0,0.0,1.0,1.0000000000000002,0.0
2926,3.4011442103967075e-08,3.6649526009615154e-12,11.707782101410034,0.504666274826491,1.0,0.0,1.0,1.0,0.0
2927,3.4011442103967075e-08,5.314557724825489e-12,11.699207185730332,0.5046868477378,1.0,0.0,0.9999999999999999,1.0,0.0
2928,3.4011442103967075e-08,3.0633705181162054e-12,11.703777163668358,0.5046789050315351,1.0,0.0,1.0,1.0,0.0
2929,3.4011442103967075e-08,3.1766547026715394e-12,11.707286969529248,0.5045713529762101,1.0,0.0,1.0000000000000002,1.0,0.0
2930,3.4011442103967075e-08,3.1822384914739743e-12,11.711576011590296,0.5045790352658762,1.0,0.0,1.0,1.0,0.0
2931,3.4011442103967075e-08,3.679675331191366e-12,11.71288520309386,0.5045818998484636,1.0,0.0,0.9999999999999999,1.0,0.0
2932,3.4011442103967075e-08,4.311153599827815e-12,11.710571903206947,0.5045721342260067,1.0,0.0,0.9999999999999999,1.0000000000000002,0.0
2933,3.4011442103967075e-08,3.073698098488222e-12,11.715145312142987,0.5046033842178687,1.0,0.0,0.9999999999999999,1.0,0.0
2934,3.4011442103967075e-08,4.7145029709404914e-12,11.709909836962826,0.5045917956792199,1.0,0.0,1.0,1.0,0.0
2935,3.4011442103967075e-08,3.2295605066057005e-12,11.712291424199519,0.5045934883871124,1.0,0.0,1.0000000000000002,1.0,0.0
2936,3.4011442103967075e-08,3.3061706707519366e-12,11.71635961285834,0.5045839831812544,1.0,0.0,1.0,1.0,0.0
2937,3.4011442103967075e-08,3.2115554998822943e-12,11.720070618811045,0.5046143217150204,1.0,0.0,1.0,1.0,0.0
2938,3.4011442103967075e-08,3.6077225593608675e-12,11.721622223530343,0.5046567696206329,1.0,0.0,0.9999999999999999,1.0,0.0
2939,3.4011442103967075e-08,3.4038393024634628e-12,11.723944501017035,0.5046410144164025,1.0,0.0,0.9999999999999999,1.0,0.0
2940,3.4011442103967075e-08,3.3388315198502133e-12,11.728314854368428,0.5046815091975236,1.0,0.0,1.0,1.0,0.0
2941,3.4011442103967075e-08,4.045764993942588e-12,11.72923935810649,0.5046070300502525,1.0,0.0,0.9999999999999999,1.0,0.0
2942,3.4011442103967075e-08,3.3127832744018723e-12,11.733033133649378,0.5046087227581452,1.0,0.0,1.0,1.0,0.0
2943,3.4011442103967075e-08,4.634900153776419e-12,11.730263243285851,0.5046558581625369,1.0,0.0,1.0000000000000002,1.0,0.0
2944,3.4011442103967075e-08,3.3220838419799756e-12,11.733090897138478,0.5046367175425215,1.0,0.0,0.9999999999999999,1.0,0.0
2945,3.4011442103967075e-08,3.0039266886760237e-12,11.73827680222574,0.5046502592056616,1.0,0.0,1.0,1.0,0.0
2946,3.4011442103967075e-08,3.351801801048358e-12,11.74033532514907,0.5046822904473202,1.0,0.0,0.9999999999999999,1.0,0.0
2947,3.4011442103967075e-08,2.8522219422884545e-12,11.745209081958116,0.5046610664945139,1.0,0.0,1.0,1.0,0.0
2948,3.4011442103967075e-08,3.228759592772254e-12,11.749196113325898,0.5046200508801951,1.0,0.0,0.9999999999999999,1.0,0.0
2949,3.4011442103967075e-08,5.537021444351706e-12,11.738677627433313,0.5046471342064754,1.0,0.0,0.9999999999999999,1.0,0.0
2950,3.4011442103967075e-08,4.353880115159716e-12,11.735908692958551,0.5047002591926408,1.0,0.0,1.0,1.0,0.0
2951,3.4011442103967075e-08,9.304610157300394e-12,11.69956480301413,0.5046217435880876,1.0,0.0,0.9999999999999999,1.0,0.0
2952,3.4011442103967075e-08,2.8813343712111767e-12,11.704718592843932,0.5046977852349518,1.0,0.0,1.0,1.0,0.0
2953,3.4011442103967075e-08,3.9581009752212006e-12,11.702897293712038,0.504669660242276,1.0,0.0,0.9999999999999999,1.0,0.0
2954,3.4011442103967075e-08,4.012359515982298e-12,11.703035087931637,0.5046213529631893,1.0,0.0,0.9999999999999999,1.0,0.0
2955,3.4011442103967075e-08,5.577591006234846e-12,11.692697388268904,0.5046414050413007,1.0,0.0,1.0,1.0000000000000002,0.0
2956,3.4011442103967075e-08,4.376112652299384e-12,11.689651173474422,0.5046499987890628,1.0,0.0,1.0,1.0,0.0
2957,3.4011442103967075e-08,4.020531904108686e-12,11.691086756419798,0.5046907539867829,1.0,0.0,0.9999999999999999,1.0,0.0
2958,3.4011442103967075e-08,3.024482954291825e-12,11.694940121958751,0.5047036446084259,1.0,0.0,0.9999999999999999,1.0,0.0
2959,3.4011442103967075e-08,3.725950939237577e-12,11.697007613385429,0.5047115873146908,1.0,0.0,0.9999999999999999,1.0,0.0
2960,3.4011442103967075e-08,2.9557873201990626e-12,11.702374141507942,0.5048007799997969,1.0,0.0,0.9999999999999999,1.0,0.0
2961,3.4011442103967075e-08,3.796951506608837e-12,11.704225387837727,0.5047852852121653,1.0,0.0,1.0,1.0,0.0
2962,3.4011442103967075e-08,3.3747282752057417e-12,11.707529334539757,0.5047747383399119,1.0,0.0,1.0000000000000002,1.0,0.0
2963,3.4011442103967075e-08,4.106906372967858e-12,11.707274128089885,0.5047503893879194,1.0,0.0,1.0,1.0,0.0
2964,3.4011442103967075e-08,5.0156302884949996e-12,11.70140500022227,0.5047690091747372,1.0,0.0,1.0000000000000002,1.0,0.0
2965,3.4011442103967075e-08,3.221331057095687e-12,11.704543973643217,0.5047463529306373,1.0,0.0,0.9999999999999999,1.0,0.0
2966,3.4011442103967075e-08,4.662436892585561e-12,11.70089617946709,0.504766795633647,1.0,0.0,0.9999999999999999,1.0,0.0
2967,3.4011442103967075e-08,4.157020404269343e-12,11.698672800768119,0.5047688789664377,1.0,0.0,0.9999999999999999,1.0,0.0
2968,3.4011442103967075e-08,3.1240781152518064e-12,11.703040521426965,0.5047272123106218,1.0,0.0,1.0,1.0,0.0
2969,3.4011442103967075e-08,3.509403601995031e-12,11.704953686240826,0.5046704414920725,1.0,0.0,1.0,1.0,0.0
2970,3.4011442103967075e-08,4.737872289772203e-12,11.70060364844923,0.5046329415018381,1.0,0.0,0.9999999999999999,1.0,0.0
2971,3.4011442103967075e-08,3.3740063580994274e-12,11.704692978224404,0.5046330717101376,1.0,0.0,1.0,1.0,0.0
2972,3.4011442103967075e-08,3.96351310534736e-12,11.704703721887839,0.5046493477475656,1.0,0.0,1.0,1.0000000000000002,0.0
2973,3.4011442103967075e-08,3.2198669270434224e-12,11.708296035371443,0.5046576810787289,1.0,0.0,1.0,1.0,0.0
2974,3.4011442103967075e-08,8.058428211077354e-12,11.680710229770874,0.5045847644310509,1.0,0.0,1.0,1.0,0.0
2975,3.4011442103967075e-08,8.017624362645416e-12,11.655821986109892,0.5045528633976918,1.0,0.0,1.0,1.0,0.0
2976,3.4011442103967075e-08,3.463197510467157e-12,11.658619925530978,0.5046420560827979,1.0,0.0,0.9999999999999999,1.0,0.0
2977,3.4011442103967075e-08,5.1167586465316645e-12,11.650640635499007,0.5046563789957347,1.0,0.0,1.0,1.0,0.0
2978,3.4011442103967075e-08,3.3843308634475427e-12,11.654406883406436,0.5046334623350358,1.0,0.0,1.0000000000000002,1.0,0.0
2979,3.4011442103967075e-08,5.635239519258462e-12,11.644624829609217,0.5045609363122562,1.0,0.0,1.0000000000000002,1.0,0.0
2980,3.4011442103967075e-08,2.818907408388747e-12,11.648567533992322,0.5045459623578223,1.0,0.0,1.0000000000000002,1.0,0.0
2981,3.4011442103967075e-08,7.036082292883605e-12,11.629642990666166,0.5045756498500912,1.0,0.0,0.9999999999999999,1.0,0.0
2982,3.4011442103967075e-08,5.285401273021534e-12,11.62345973595479,0.504604686300863,1.0,0.0,1.0,1.0,0.0
2983,3.4011442103967075e-08,3.476951638667013e-12,11.625782659883699,0.5045973946360951,1.0,0.0,0.9999999999999999,1.0,0.0
2984,3.4011442103967075e-08,2.7479737136710936e-12,11.631632186755649,0.5045647123529395,1.0,0.0,1.0,1.0,0.0
2985,3.4011442103967075e-08,3.6058714327063574e-12,11.634878892150661,0.5045907540128245,1.0,0.0,0.9999999999999999,1.0000000000000002,0.0
2986,3.4011442103967075e-08,3.3445150314951958e-12,11.637008779544885,0.5045919258875193,1.0,0.0,0.9999999999999999,1.0,0.0
2987,3.4011442103967075e-08,3.5149014582223715e-12,11.638469338230884,0.5045208321560333,1.0,0.0,1.0000000000000002,1.0,0.0
2988,3.4011442103967075e-08,6.94317885140876e-12,11.621465427682207,0.5044731759184438,1.0,0.0,0.9999999999999999,1.0,0.0
2989,3.4011442103967075e-08,3.1648277589580234e-12,11.625686282679554,0.5045531238142906,1.0,0.0,1.0,1.0000000000000002,0.0
2990,3.4011442103967075e-08,2.6543016250209177e-12,11.631257527049176,0.504507550909492,1.0,0.0,1.0,1.0,0.0
2991,3.4011442103967075e-08,2.8951963811437482e-12,11.636122826939955,0.5045197904896379,1.0,0.0,1.0,1.0000000000000002,0.0
2992,3.4011442103967075e-08,1.36553879573582e-11,11.577447202399881,0.5045095040339833,1.0,0.0,0.9999999999999999,1.0,0.0
2993,3.4011442103967075e-08,3.286479665114857e-12,11.581983956782805,0.5044601550885013,1.0,0.0,1.0,1.0,0.0
2994,3.4011442103967075e-08,3.826218153501878e-12,11.582990361689168,0.5044722644603478,1.0,0.0,1.0,1.0,0.0
2995,3.4011442103967075e-08,3.3738946664171374e-12,11.585559959908993,0.5044434884261749,1.0,0.0,0.9999999999999999,1.0,0.0
2996,3.4011442103967075e-08,2.8956523755834655e-12,11.590714022827056,0.5044022123952572,1.0,0.0,0.9999999999999999,1.0,0.0
2997,3.4011442103967075e-08,4.222062583350792e-12,11.587268330421317,0.5044472644668582,1.0,0.0,1.0000000000000002,1.0000000000000002,0.0
2998,3.4011442103967075e-08,3.005830069192243e-12,11.592450549945088,0.5044216134318715,1.0,0.0,1.0,1.0000000000000002,0.0
2999,3.4011442103967075e-08,7.352157153961984e-12,11.572395960250853,0.5044601550885013,1.0,0.0,1.0,1.0,0.0
3000,3.4011442103967075e-08,8.796951231725471e-12,11.543293086830632,0.504451821757338,1.0,0.0,0.9999999999999999,1.0,0.0
3001,3.4011442103967075e-08,6.2186183473859246e-12,11.53013795953016,0.5044563790478179,1.0,0.0,0.9999999999999999,1.0,0.0
3002,3.4011442103967075e-08,3.465735021315205e-12,11.534894844788456,0.5044420561348812,1.0,0.0,0.9999999999999999,1.0,0.0
3003,3.4011442103967075e-08,6.285072363410063e-12,11.522416522066564,0.504485806123488,1.0,0.0,1.0000000000000002,1.0,0.0
3004,3.4011442103967075e-08,7.638347184324806e-12,11.49742156116691,0.5045347644440717,1.0,0.0,1.0,1.0,0.0
3005,3.4011442103967075e-08,3.7069947049953345e-12,11.50034822077614,0.5045144519493615,1.0,0.0,1.0,1.0,0.0
3006,3.4011442103967075e-08,6.46046340633012e-12,11.485017910275493,0.5045131498663672,1.0,0.0,1.0,1.0,0.0
3007,3.4011442103967075e-08,4.9726515494883515e-12,11.478747091283841,0.5045214831975304,1.0,0.0,1.0000000000000002,1.0,0.0
3008,3.4011442103967075e-08,6.069550912542962e-12,11.465595445718803,0.504558722771166,1.0,0.0,0.9999999999999999,1.0,0.0
3009,3.4011442103967075e-08,3.385187504536146e-12,11.469518726120626,0.5045330717361792,1.0,0.0,0.9999999999999999,1.0,0.0
3010,3.4011442103967075e-08,1.1448577567873799e-11,11.42387465566284,0.5045434884001332,1.0,0.0,1.0,1.0,0.0
3011,3.4011442103967075e-08,5.355976803608594e-12,11.414640625775425,0.5045330717361792,1.0,0.0,0.9999999999999999,1.0,0.0
3012,3.4011442103967075e-08,3.765162283368007e-12,11.414786096647472,0.5044936186214535,1.0,0.0,1.0,1.0,0.0
3013,3.4011442103967075e-08,5.7504638717207514e-12,11.401000145727542,0.5044915352886626,1.0,0.0,0.9999999999999999,1.0,0.0
3014,3.4011442103967075e-08,3.813427200336129e-12,11.4035305165247,0.5045350248606706,1.0,0.0,1.0000000000000002,1.0,0.0
3015,3.4011442103967075e-08,3.1810547362497048e-12,11.408353463634452,0.5045908842211239,1.0,0.0,1.0,1.0,0.0
3016,3.4011442103967075e-08,3.406399469662909e-12,11.411822754603639,0.5045928373456152,1.0,0.0,1.0000000000000002,1.0,0.0
3017,3.4011442103967075e-08,7.817131923329436e-12,11.385293159027663,0.5045721342260067,1.0,0.0,1.0000000000000002,1.0,0.0
3018,3.4011442103967075e-08,1.2880889231314602e-11,11.331328766961153,0.5045533842308895,1.0,0.0,0.9999999999999999,1.0,0.0
3019,3.4011442103967075e-08,8.739667239672103e-12,11.301674885987978,0.5045605456873579,1.0,0.0,1.0000000000000002,1.0,0.0
3020,3.4011442103967075e-08,5.353955940870933e-12,11.293336699953093,0.5045662748525326,1.0,0.0,0.9999999999999999,1.0,0.0
3021,3.4011442103967075e-08,4.316114834353738e-12,11.29148020681223,0.5045117175750735,1.0,0.0,1.0,1.0,0.0
3022,3.4011442103967075e-08,3.2216094305100117e-12,11.295421560229121,0.5044351550950117,1.0,0.0,0.9999999999999999,1.0,0.0
3023,3.4011442103967075e-08,4.134022588416838e-12,11.292462173997485,0.5044785144587202,1.0,0.0,0.9999999999999999,1.0,0.0
3024,3.4011442103967075e-08,4.926479724607854e-12,11.285303337100114,0.5044955717459448,1.0,0.0,1.0,1.0,0.0
3025,3.4011442103967075e-08,1.773033637263069e-11,11.20250960017204,0.5045269519461063,1.0,0.0,1.0000000000000002,1.0,0.0
3026,3.4011442103967075e-08,8.678414089430448e-12,11.175097682199205,0.504495311329346,1.0,0.0,1.0000000000000002,1.0,0.0
3027,3.4011442103967075e-08,3.3404061101768726e-12,11.178964772161907,0.5045393217345516,1.0,0.0,1.0,1.0000000000000002,0.0
3028,3.4011442103967075e-08,4.187236965809216e-12,11.177867341901683,0.5045666654774309,1.0,0.0,1.0,1.0,0.0
3029,3.4011442103967075e-08,6.2089932429089676e-12,11.164403878181547,0.5045477852740142,1.0,0.0,0.9999999999999999,1.0,0.0
3030,3.4011442103967075e-08,1.3816582585752824e-11,11.103152107015537,0.5045838529729549,1.0,0.0,1.0000000000000002,1.0,0.0
3031,3.4011442103967075e-08,8.18773345229478e-12,11.077041768185921,0.5045286446539988,1.0,0.0,1.0,1.0,0.0
3032,3.4011442103967075e-08,5.56892492420268e-12,11.066126960802151,0.5045639311031429,1.0,0.0,1.0,1.0,0.0
3033,3.4011442103967075e-08,7.780423509871347e-12,11.044080489804731,0.5045624988118492,1.0,0.0,1.0000000000000002,1.0,0.0
3034,3.4011442103967075e-08,3.183138970560991e-12,11.049464207012095,0.5046307279607479,1.0,0.0,1.0,1.0,0.0
3035,3.4011442103967075e-08,4.694677856725669e-12,11.04656326820276,0.5046057279672583,1.0,0.0,1.0,1.0000000000000002,0.0
3036,3.4011442103967075e-08,1.3841801351433223e-11,10.988332882846327,0.5045627592284481,1.0,0.0,0.9999999999999999,1.0,0.0
3037,3.4011442103967075e-08,6.634627037446119e-12,10.972471551242018,0.5045910144294233,1.0,0.0,0.9999999999999999,1.0,0.0
3038,3.4011442103967075e-08,7.250748034259986e-12,10.953067689213098,0.5045729154758033,1.0,0.0,1.0,1.0,0.0
3039,3.4011442103967075e-08,2.9319285471495663e-12,10.958035579268012,0.5045144519493615,1.0,0.0,0.9999999999999999,1.0,0.0
3040,3.4011442103967075e-08,3.2257765169012883e-12,10.963216677344342,0.5045678373521257,1.0,0.0,1.0,1.0,0.0
3041,3.4011442103967075e-08,4.074871944609082e-12,10.963586011181384,0.5045484363155114,1.0,0.0,1.0000000000000002,1.0,0.0
3042,3.4011442103967075e-08,5.865424015396616e-12,10.953808118006291,0.5045225248639258,1.0,0.0,0.9999999999999999,1.0,0.0
3043,3.4011442103967075e-08,3.3319933617857475e-12,10.958625501920627,0.5045490873570085,1.0,0.0,1.0000000000000002,1.0,0.0
3044,3.4011442103967075e-08,4.1255859093429695e-12,10.957005670557894,0.5045205717394344,1.0,0.0,1.0000000000000002,1.0,0.0
3045,3.4011442103967075e-08,5.56857365082306e-12,10.94725873411584,0.5045443998582292,1.0,0.0,1.0,1.0,0.0
3046,3.4011442103967075e-08,5.0345074754342305e-12,10.94205799869009,0.5045554675636803,1.0,0.0,1.0000000000000002,1.0,0.0
3047,3.4011442103967075e-08,3.3147280734123666e-12,10.945226420304751,0.5045618477703522,1.0,0.0,0.9999999999999999,1.0,0.0
3048,3.4011442103967075e-08,3.4858537789384075e-12,10.94786111210453,0.5045753894334923,1.0,0.0,1.0,1.0,0.0
3049,3.4011442103967075e-08,7.88290831229012e-12,10.927897371226146,0.5045408842341448,1.0,0.0,0.9999999999999999,1.0,0.0
3050,3.4011442103967075e-08,4.9121573999168955e-12,10.924148792822873,0.5045348946523712,1.0,0.0,1.0,1.0000000000000002,0.0
3051,3.4011442103967075e-08,3.8739018658137705e-12,10.925098502870604,0.504525649863112,1.0,0.0,1.0,1.0,0.0
3052,3.4011442103967075e-08,3.6297521959088746e-12,10.92920814653182,0.5046484362894698,1.0,0.0,0.9999999999999999,1.0,0.0
3053,3.4011442103967075e-08,3.439758617696622e-12,10.93326443817214,0.5046226550461835,1.0,0.0,1.0,1.0,0.0
3054,3.4011442103967075e-08,2.6675013652445183e-12,10.939657371364335,0.5046766914904449,1.0,0.0,0.9999999999999999,1.0,0.0
3055,3.4011442103967075e-08,3.76296082624517e-12,10.942485530904207,0.5046703112837732,1.0,0.0,0.9999999999999999,1.0,0.0
3056,3.4011442103967075e-08,3.5169940583206646e-12,10.944385519926383,0.5047058581495161,1.0,0.0,0.9999999999999999,1.0,0.0
3057,3.4011442103967075e-08,3.985749752865716e-12,10.945392159349446,0.5047162748134701,1.0,0.0,0.9999999999999999,1.0000000000000002,0.0
3058,3.4011442103967075e-08,3.199286158814654e-12,10.950298536806953,0.5046537748297462,1.0,0.0,1.0000000000000002,1.0,0.0
3059,3.4011442103967075e-08,6.227799051340647e-12,10.937325138645502,0.5047261706442264,1.0,0.0,1.0000000000000002,1.0,0.0
3060,3.4011442103967075e-08,2.9235931650575644e-12,10.941819644248099,0.50472083210395,1.0,0.0,1.0000000000000002,1.0,0.0
3061,3.4011442103967075e-08,7.897881493465629e-12,10.91978268836758,0.5047105456482954,1.0,0.0,1.0000000000000002,1.0,0.0
3062,3.4011442103967075e-08,6.071897701186955e-12,10.909152863615779,0.5046757800323489,1.0,0.0,0.9999999999999999,1.0,0.0
3063,3.4011442103967075e-08,3.795472887762084e-12,10.912789160174192,0.5046627592024064,1.0,0.0,0.9999999999999999,1.0000000000000002,0.0
3064,3.4011442103967075e-08,5.572058972094379e-12,10.901906477721655,0.5046167956727095,1.0,0.0,1.0000000000000002,1.0,0.0
3065,3.4011442103967075e-08,4.461575341895226e-12,10.89792354222508,0.5046523425384525,1.0,0.0,1.0,1.0,0.0
3066,3.4011442103967075e-08,3.513795826127608e-12,10.902158184517596,0.5047036446084259,1.0,0.0,1.0000000000000002,1.0,0.0
3067,3.4011442103967075e-08,6.239497307428413e-12,10.891262812520813,0.5047001289843414,1.0,0.0,1.0,1.0,0.0
3068,3.4011442103967075e-08,3.1858053521691708e-12,10.895047564905095,0.5047354154334855,1.0,0.0,1.0000000000000002,1.0,0.0
3069,3.4011442103967075e-08,3.325103623207285e-12,10.900104635883462,0.5047264310608253,1.0,0.0,0.9999999999999999,1.0000000000000002,0.0
3070,3.4011442103967075e-08,5.800425634891597e-12,10.88968484923857,0.504673957116157,1.0,0.0,0.9999999999999999,1.0,0.0
3071,3.4011442103967075e-08,3.818331616099488e-12,10.8911692194137,0.504663540452203,1.0,0.0,0.9999999999999999,1.0,0.0
3072,3.4011442103967075e-08,3.2290864753363086e-12,10.89589509461712,0.5046230456710818,1.0,0.0,0.9999999999999999,1.0,0.0
3073,3.4011442103967075e-08,3.48699193959049e-12,10.899927450310624,0.5046425769159956,1.0,0.0,1.0000000000000002,1.0,0.0
3074,3.4011442103967075e-08,3.8094647371500534e-12,10.901204360945849,0.5046126290071279,1.0,0.0,1.0,1.0,0.0
3075,3.4011442103967075e-08,6.9985721628575975e-12,10.881834947580996,0.5046249987955732,1.0,0.0,1.0,1.0,0.0
3076,3.4011442103967075e-08,4.084915763492274e-12,10.882272533627491,0.504574998808594,1.0,0.0,1.0,1.0,0.0
3077,3.4011442103967075e-08,4.187716133404493e-12,10.882033688208296,0.5045410144424441,1.0,0.0,0.9999999999999999,1.0,0.0
3078,3.4011442103967075e-08,3.9226841679041155e-12,10.883458900165294,0.5045447904831275,1.0,0.0,1.0000000000000002,1.0,0.0
3079,3.4011442103967075e-08,3.0775145852912174e-12,10.888423526836275,0.5045406238175458,1.0,0.0,1.0000000000000002,1.0,0.0
3080,3.4011442103967075e-08,5.64549972326416e-12,10.87965777611317,0.5046148425482181,1.0,0.0,0.9999999999999999,1.0,0.0
3081,3.4011442103967075e-08,1.4532999071149284e-11,10.817849623986046,0.5045999988020836,1.0,0.0,1.0,1.0,0.0
3082,3.4011442103967075e-08,5.984037145154453e-12,10.807232302794652,0.5045358061104671,1.0,0.0,1.0000000000000002,1.0,0.0
3083,3.4011442103967075e-08,3.4589339789287036e-12,10.80964445908568,0.5045225248639258,1.0,0.0,1.0,1.0,0.0
3084,3.4011442103967075e-08,6.162041507264767e-12,10.79942942021695,0.5045565092300757,1.0,0.0,1.0,1.0,0.0
3085,3.4011442103967075e-08,3.897068023647898e-12,10.801866296112953,0.5045148425742597,1.0,0.0,1.0,1.0,0.0
3086,3.4011442103967075e-08,8.06808766579717e-12,10.778233746739241,0.5045488269404097,1.0,0.0,0.9999999999999999,1.0,0.0
3087,3.4011442103967075e-08,5.518924874614893e-12,10.770586244892002,0.5045882800551355,1.0,0.0,1.0,1.0,0.0
3088,3.4011442103967075e-08,4.838995166809847e-12,10.766277924842402,0.5045858060974463,1.0,0.0,1.0,1.0,0.0
3089,3.4011442103967075e-08,2.741738236431313e-12,10.771872294584973,0.5046044258842641,1.0,0.0,1.0000000000000002,1.0,0.0
3090,3.4011442103967075e-08,6.845113958982631e-12,10.755409781144182,0.50462799358646,1.0,0.0,0.9999999999999999,1.0,0.0
3091,3.4011442103967075e-08,3.423407157500235e-12,10.757565371825454,0.5046397123334082,1.0,0.0,0.9999999999999999,1.0,0.0
3092,3.4011442103967075e-08,4.332196851483609e-12,10.75592651173238,0.5046352852512278,1.0,0.0,0.9999999999999999,1.0,0.0
3093,3.4011442103967075e-08,3.5918718958402695e-12,10.759838513076083,0.5046571602455312,1.0,0.0,1.0,1.0000000000000002,0.0
3094,3.4011442103967075e-08,3.80380398715145e-12,10.762518682803362,0.5046457019151818,1.0,0.0,1.0,1.0,0.0
3095,3.4011442103967075e-08,6.310106377255175e-12,10.749599356065271,0.5046945300274661,1.0,0.0,1.0000000000000002,1.0,0.0
3096,3.4011442103967075e-08,3.3176802987555312e-12,10.754266563586553,0.5046410144164025,1.0,0.0,0.9999999999999999,1.0,0.0
3097,3.4011442103967075e-08,5.628391437914955e-12,10.744939398149217,0.5047100248150977,1.0,0.0,1.0,1.0,0.0
3098,3.4011442103967075e-08,8.794445171645678e-12,10.720007150276382,0.5046860664880035,1.0,0.0,0.9999999999999999,1.0,0.0
3099,3.4011442103967075e-08,3.758670630685408e-12,10.720489346053704,0.5046813789892243,1.0,0.0,0.9999999999999999,1.0,0.0
3100,3.4011442103967075e-08,3.1738921183554665e-12,10.724706180737083,0.5047216133537465,1.0,0.0,1.0,1.0,0.0
3101,3.4011442103967075e-08,3.648756933056351e-12,10.727577661692624,0.5046579414953277,1.0,0.0,0.9999999999999999,1.0000000000000002,0.0
3102,3.4011442103967075e-08,5.2948576159762146e-12,10.721274442878128,0.5046921862780764,1.0,0.0,1.0000000000000002,1.0,0.0
3103,3.4011442103967075e-08,2.831558941567797e-12,10.727303476752146,0.5046222644212853,1.0,0.0,0.9999999999999999,1.0,0.0
3104,3.4011442103967075e-08,5.5727683803135685e-12,10.718041721186271,0.5046015613016768,1.0,0.0,1.0000000000000002,1.0,0.0
3105,3.4011442103967075e-08,4.506554035695849e-12,10.716712416209786,0.5046546862878422,1.0,0.0,0.9999999999999999,1.0,0.0
3106,3.4011442103967075e-08,3.703830363640536e-12,10.718739902917301,0.5046518217052548,1.0,0.0,1.0,1.0,0.0
3107,3.4011442103967075e-08,5.634822702906305e-12,10.708736857185322,0.5047356758500844,1.0,0.0,1.0,1.0,0.0
3108,3.4011442103967075e-08,3.330270608531931e-12,10.713663214088795,0.5046964831519575,1.0,0.0,0.9999999999999999,1.0,0.0
3109,3.4011442103967075e-08,3.3388205235704433e-12,10.717996458081036,0.5048365872821388,1.0,0.0,0.9999999999999999,1.0,0.0
3110,3.4011442103967075e-08,4.327044266043216e-12,10.714287858255549,0.5047617175099693,1.0,0.0,1.0,1.0,0.0
3111,3.4011442103967075e-08,3.975182266551322e-12,10.71400049424781,0.5047555977198964,1.0,0.0,1.0,1.0,0.0
3112,3.4011442103967075e-08,5.6627775894622445e-12,10.702973028659319,0.5047747383399119,1.0,0.0,1.0000000000000002,1.0,0.0
3113,3.4011442103967075e-08,3.5210157442825707e-12,10.70519893366098,0.5047664050087487,1.0,0.0,1.0,1.0,0.0
3114,3.4011442103967075e-08,8.466336947795613e-12,10.67975940534338,0.5047417956401574,1.0,0.0,1.0000000000000002,1.0,0.0
3115,3.4011442103967075e-08,3.5379741259613863e-12,10.683962026832534,0.5047600248020768,1.0,0.0,1.0000000000000002,1.0,0.0
3116,3.4011442103967075e-08,3.4653442158126825e-12,10.68781969674817,0.5047416654318579,1.0,0.0,0.9999999999999999,1.0,0.0
3117,3.4011442103967075e-08,5.820539447972549e-12,10.67922343995307,0.5047717435490251,1.0,0.0,0.9999999999999999,1.0,0.0
3118,3.4011442103967075e-08,2.6865719862506752e-12,10.685666001645467,0.5047680977166412,1.0,0.0,1.0000000000000002,1.0,0.0
3119,3.4011442103967075e-08,5.380885960420346e-12,10.679343707802524,0.5047277331438195,1.0,0.0,1.0,1.0,0.0
3120,3.4011442103967075e-08,2.8641317903413105e-12,10.68537350257049,0.5047048164831207,1.0,0.0,0.9999999999999999,1.0,0.0
3121,3.4011442103967075e-08,4.20658452282421e-12,10.68426931593082,0.5047054675246179,1.0,0.0,1.0,1.0,0.0
3122,3.4011442103967075e-08,6.497310780458943e-12,10.67386859034208,0.5047354154334855,1.0,0.0,1.0000000000000002,1.0,0.0
3123,3.4011442103967075e-08,5.121914663995653e-12,10.666868998693268,0.5046902331535851,1.0,0.0,1.0,1.0,0.0
3124,3.4011442103967075e-08,2.9337670585515017e-12,10.671428559229163,0.5046699206588748,1.0,0.0,1.0000000000000002,1.0,0.0
3125,3.4011442103967075e-08,4.563737515055569e-12,10.670148148453036,0.5047619779265683,1.0,0.0,0.9999999999999999,1.0,0.0
3126,3.4011442103967075e-08,3.2705815840225954e-12,10.675470523799167,0.5047807279216855,1.0,0.0,0.9999999999999999,1.0,0.0
3127,3.4011442103967075e-08,3.1735729173268665e-12,10.678618146165281,0.5047626289680653,1.0,0.0,0.9999999999999999,1.0000000000000002,0.0
3128,3.4011442103967075e-08,7.011980200070077e-12,10.666235008426364,0.5047736966735165,1.0,0.0,1.0,1.0,0.0
3129,3.4011442103967075e-08,5.19099134579265e-12,10.660538556796132,0.5047460925140385,1.0,0.0,1.0,1.0,0.0
3130,3.4011442103967075e-08,3.736874952109741e-12,10.662513805417918,0.5047221341869442,1.0,0.0,0.9999999999999999,1.0,0.0
3131,3.4011442103967075e-08,8.16775879842526e-12,10.641062823546667,0.5047447904310441,1.0,0.0,0.9999999999999999,1.0,0.0
3132,3.4011442103967075e-08,4.2180944976939445e-12,10.641064140911142,0.504726040435927,1.0,0.0,1.0,1.0,0.0
3133,3.4011442103967075e-08,3.678201668571726e-12,10.64244826598797,0.5047145821055776,1.0,0.0,0.9999999999999999,1.0000000000000002,0.0
3134,3.4011442103967075e-08,4.5013084091126245e-12,10.640866313612255,0.5047028633586294,1.0,0.0,0.9999999999999999,1.0,0.0
3135,3.4011442103967075e-08,4.015750409390808e-12,10.640439145687337,0.504685285238207,1.0,0.0,1.0000000000000002,1.0,0.0
3136,3.4011442103967075e-08,3.6206722146384192e-12,10.642968616048716,0.5046888008622914,1.0,0.0,0.9999999999999999,1.0,0.0
3137,3.4011442103967075e-08,3.278628963080014e-12,10.646466672352492,0.5047082018989058,1.0,0.0,0.9999999999999999,1.0000000000000002,0.0
3138,3.4011442103967075e-08,3.844012230234623e-12,10.65033123956683,0.5046406237915042,1.0,0.0,1.0000000000000002,1.0,0.0
3139,3.4011442103967075e-08,3.701316213792289e-12,10.65278784527316,0.5045920560958187,1.0,0.0,1.0,1.0,0.0
3140,3.4011442103967075e-08,3.200069429818753e-12,10.6571594038814,0.504602863384671,1.0,0.0,0.9999999999999999,1.0,0.0
3141,3.4011442103967075e-08,5.051863576912868e-12,10.650888311601499,0.5045856758891469,1.0,0.0,1.0,1.0,0.0
3142,3.4011442103967075e-08,3.6084019958545595e-12,10.654860007525254,0.5046057279672583,1.0,0.0,1.0000000000000002,1.0000000000000002,0.0
3143,3.4011442103967075e-08,3.8220275226608215e-12,10.655462931952062,0.5046088529664445,1.0,0.0,1.0,1.0,0.0
3144,3.4011442103967075e-08,2.9742861071443287e-12,10.661119378377931,0.504555988396878,1.0,0.0,1.0000000000000002,1.0,0.0
3145,3.4011442103967075e-08,3.299430158826496e-12,10.664490520709169,0.5045998685937843,1.0,0.0,0.9999999999999999,1.0,0.0
3146,3.4011442103967075e-08,4.871215636090843e-12,10.662431695843958,0.5046432279574927,1.0,0.0,0.9999999999999999,1.0000000000000002,0.0
3147,3.4011442103967075e-08,5.74635261808601e-12,10.65288472835764,0.5046459623317806,1.0,0.0,0.9999999999999999,1.0,0.0
3148,3.4011442103967075e-08,2.979905531903507e-12,10.657353812215314,0.5046296862943526,1.0,0.0,1.0000000000000002,1.0000000000000002,0.0
3149,3.4011442103967075e-08,3.290656726380409e-12,10.662101462563191,0.5045871081804406,1.0,0.0,1.0,1.0,0.0
3150,3.4011442103967075e-08,4.058321885310502e-12,10.661484452195387,0.5045962227614004,1.0,0.0,1.0,1.0,0.0
3151,3.4011442103967075e-08,5.045940157310516e-12,10.65815841144524,0.5045871081804406,1.0,0.0,1.0000000000000002,1.0,0.0
3152,3.4011442103967075e-08,4.099561460070334e-12,10.66003980725217,0.5045947904701067,1.0,0.0,1.0,1.0000000000000002,0.0
3153,3.4011442103967075e-08,7.286705078019353e-12,10.643038862157626,0.504635024834629,1.0,0.0,1.0000000000000002,1.0,0.0
3154,3.4011442103967075e-08,3.0416993492987256e-12,10.648557188208747,0.5046076810917497,1.0,0.0,1.0,1.0,0.0
3155,3.4011442103967075e-08,5.890083829660401e-12,10.638840219188385,0.5046148425482181,1.0,0.0,0.9999999999999999,1.0,0.0
3156,3.4011442103967075e-08,9.026351909718745e-12,10.610765064249243,0.5045873685970395,1.0,0.0,1.0,1.0,0.0
3157,3.4011442103967075e-08,3.0268317795109654e-12,10.615694026974234,0.504618488380602,1.0,0.0,1.0,1.0,0.0
3158,3.4011442103967075e-08,4.261944581968589e-12,10.61542313291707,0.5045990873439876,1.0,0.0,1.0,1.0,0.0
3159,3.4011442103967075e-08,3.963517753483132e-12,10.61811987016815,0.504574347767097,1.0,0.0,0.9999999999999999,1.0000000000000002,0.0
3160,3.4011442103967075e-08,3.874669013532078e-12,10.621040820720136,0.5045585925628665,1.0,0.0,0.9999999999999999,1.0,0.0
3161,3.4011442103967075e-08,4.127840171798455e-12,10.622030320343958,0.5045631498533464,1.0,0.0,0.9999999999999999,1.0,0.0
3162,3.4011442103967075e-08,4.004839457655632e-12,10.622866027576697,0.5046131498403256,1.0,0.0,1.0,1.0,0.0
3163,3.4011442103967075e-08,2.7999730474763903e-12,10.62893223101275,0.5045921863041182,1.0,0.0,1.0000000000000002,1.0,0.0
3164,3.4011442103967075e-08,4.026070958756691e-12,10.630250462528839,0.5045848946393503,1.0,0.0,0.9999999999999999,1.0,0.0
3165,3.4011442103967075e-08,3.8208903050334284e-12,10.634161353408363,0.5045766915164865,1.0,0.0,1.0,1.0,0.0
3166,3.4011442103967075e-08,3.3934379569465482e-12,10.63748425355688,0.5045230456971235,1.0,0.0,0.9999999999999999,1.0,0.0
3167,3.4011442103967075e-08,3.6188374527614578e-12,10.640861940653107,0.5045545561055843,1.0,0.0,1.0000000000000002,1.0,0.0
3168,3.4011442103967075e-08,4.520329816872552e-12,10.636557733316993,0.5046557279542375,1.0,0.0,1.0,1.0,0.0
3169,3.4011442103967075e-08,5.373072469371542e-12,10.630681367429736,0.5046473946230743,1.0,0.0,1.0,1.0,0.0
3170,3.4011442103967075e-08,3.4449609164889788e-12,10.635408922866787,0.5046845039884105,1.0,0.0,1.0,1.0,0.0
3171,3.4011442103967075e-08,2.599500786890668e-12,10.641120263974999,0.5046679675343835,1.0,0.0,0.9999999999999999,1.0,0.0
3172,3.4011442103967075e-08,4.7139510273461366e-12,10.639892007561075,0.5046226550461835,1.0,0.0,1.0,1.0,0.0
3173,3.4011442103967075e-08,3.840143580411529e-12,10.641358451687871,0.5046363269176232,1.0,0.0,1.0000000000000002,1.0,0.0
3174,3.4011442103967075e-08,3.0219431030939735e-12,10.646550546493987,0.5046372383757192,1.0,0.0,0.9999999999999999,1.0,0.0
3175,3.4011442103967075e-08,6.64645075018722e-12,10.632315892104472,0.5045618477703522,1.0,0.0,1.0,1.0,0.0
3176,3.4011442103967075e-08,3.879017824781685e-12,10.632867989075619,0.5045983060941911,1.0,0.0,1.0,1.0,0.0
3177,3.4011442103967075e-08,3.645622740025268e-12,10.637394628842744,0.5046411446247019,1.0,0.0,1.0,1.0,0.0
3178,3.4011442103967075e-08,3.4733826005025366e-12,10.63928082777289,0.5045657540193349,1.0,0.0,1.0000000000000002,1.0,0.0
3179,3.4011442103967075e-08,3.006560387939387e-12,10.643878967445554,0.5046186185889014,1.0,0.0,1.0000000000000002,1.0,0.0
3180,3.4011442103967075e-08,3.727179299593063e-12,10.647182184801322,0.5045113269501753,1.0,0.0,1.0,1.0,0.0
3181,3.4011442103967075e-08,2.9220356385458086e-12,10.652150194521589,0.5046276029615617,1.0,0.0,1.0000000000000002,1.0,0.0
3182,3.4011442103967075e-08,3.836756341336728e-12,10.655465099619844,0.5046494779558651,1.0,0.0,0.9999999999999999,1.0,0.0
3183,3.4011442103967075e-08,3.559729130321898e-12,10.657684608775337,0.5046460925400801,1.0,0.0,0.9999999999999999,1.0,0.0
3184,3.4011442103967075e-08,3.3462968323773357e-12,10.661727481307596,0.504622785254483,1.0,0.0,1.0000000000000002,1.0,0.0
3185,3.4011442103967075e-08,3.3585861817379252e-12,10.66645049750109,0.5045941394286095,1.0,0.0,1.0000000000000002,1.0,0.0
3186,3.4011442103967075e-08,3.739189640529987e-12,10.669422633578966,0.5046471342064754,1.0,0.0,0.9999999999999999,1.0,0.0
3187,3.4011442103967075e-08,5.651686341957088e-12,10.660209814105684,0.5046610664945139,1.0,0.0,1.0,1.0,0.0
3188,3.4011442103967075e-08,3.0393283888689225e-12,10.66557935430304,0.5046475248313738,1.0,0.0,1.0,1.0,0.0
3189,3.4011442103967075e-08,6.368415045088808e-12,10.65409793120041,0.5046856758631052,1.0,0.0,1.0,1.0,0.0
3190,3.4011442103967075e-08,2.69127599812989e-12,10.659882355743564,0.5046514310803565,1.0,0.0,0.9999999999999999,1.0,0.0
3191,3.4011442103967075e-08,4.5418501808250945e-12,10.656587941314585,0.5046281237947594,1.0,0.0,1.0000000000000002,1.0,0.0
3192,3.4011442103967075e-08,4.075813875958466e-12,10.657553028690455,0.5046821602390208,1.0,0.0,1.0,1.0,0.0
3193,3.4011442103967075e-08,3.0545480139897533e-12,10.662386075253671,0.5046059883838572,1.0,0.0,0.9999999999999999,1.0,0.0
3194,3.4011442103967075e-08,2.720928684832211e-12,10.668163566958105,0.5046920560697771,1.0,0.0,1.0000000000000002,1.0,0.0
3195,3.4011442103967075e-08,4.0401911491589595e-12,10.670654512267108,0.5046838529469133,1.0,0.0,1.0,1.0,0.0
3196,3.4011442103967075e-08,2.55809957808553e-12,10.676624762730437,0.5046450508736847,1.0,0.0,0.9999999999999999,1.0,0.0
3197,3.4011442103967075e-08,3.0772485348290774e-12,10.682087418509298,0.5046878894041955,1.0,0.0,1.0,1.0,0.0
3198,3.4011442103967075e-08,3.0395006223459204e-12,10.687329046567642,0.5046654935766944,1.0,0.0,1.0000000000000002,1.0,0.0
3199,3.4011442103967075e-08,5.9067773436167156e-12,10.67724576466308,0.5046174467142066,1.0,0.0,1.0,1.0,0.0
3200,3.4011442103967075e-08,3.1704227591384637e-12,10.682339238986609,0.5046391915002105,1.0,0.0,0.9999999999999999,1.0,0.0
3201,3.4011442103967075e-08,4.635977670805962e-12,10.67969717368876,0.5046562487874352,1.0,0.0,0.9999999999999999,1.0,0.0
3202,3.4011442103967075e-08,3.3276036759374325e-12,10.684430814981287,0.5045781238077802,1.0,0.0,1.0,1.0,0.0
3203,3.4011442103967075e-08,3.558738846768206e-12,10.687806401425156,0.5046742175327559,1.0,0.0,1.0000000000000002,1.0,0.0
3204,3.4011442103967075e-08,3.511192511769458e-12,10.691808812749755,0.5047028633586294,1.0,0.0,0.9999999999999999,1.0,0.0
3205,3.4011442103967075e-08,3.5516512695029943e-12,10.695037089943009,0.5047063789827138,1.0,0.0,1.0000000000000002,1.0,0.0
3206,3.4011442103967075e-08,5.131010863884863e-12,10.686986109875944,0.5047488268883263,1.0,0.0,0.9999999999999999,1.0,0.0
3207,3.4011442103967075e-08,1.3159242142896194e-11,10.636422198926233,0.5047309883513051,1.0,0.0,0.9999999999999999,1.0,0.0
3208,3.4011442103967075e-08,5.576747051566406e-12,10.626704589557649,0.5047528633456085,1.0,0.0,0.9999999999999999,1.0,0.0
3209,3.4011442103967075e-08,3.3827361867997916e-12,10.630560984472204,0.5047664050087487,1.0,0.0,1.0000000000000002,1.0,0.0
3210,3.4011442103967075e-08,4.861797499553927e-12,10.624458047122468,0.5047947904180233,1.0,0.0,1.0000000000000002,1.0,0.0
3211,3.4011442103967075e-08,1.0790625090680957e-11,10.58648913424188,0.5048199206198123,1.0,0.0,1.0000000000000002,1.0,0.0
3212,3.4011442103967075e-08,9.847669322044293e-12,10.552874000466629,0.5048135404131405,1.0,0.0,1.0,1.0,0.0
3213,3.4011442103967075e-08,7.572163418108692e-12,10.53766251064922,0.5047734362569176,1.0,0.0,1.0,1.0,0.0
3214,3.4011442103967075e-08,2.8061159102574736e-12,10.543456758307485,0.504763149801263,1.0,0.0,1.0000000000000002,1.0,0.0
3215,3.4011442103967075e-08,4.222837915487687e-12,10.54358749504787,0.5047019519005334,1.0,0.0,0.9999999999999999,1.0,0.0
3216,3.4011442103967075e-08,5.479963961212898e-12,10.53694088668402,0.5047201810624529,1.0,0.0,0.9999999999999999,1.0,0.0
3217,3.4011442103967075e-08,1.5500284162040156e-11,10.473808334583671,0.5047792956303918,1.0,0.0,0.9999999999999999,1.0,0.0
3218,3.4011442103967075e-08,6.1310679298626306e-12,10.462182720766586,0.5047696602162344,1.0,0.0,0.9999999999999999,1.0,0.0
3219,3.4011442103967075e-08,3.901803531304401e-12,10.465894846017598,0.5048312487418624,1.0,0.0,1.0,1.0,0.0
3220,3.4011442103967075e-08,4.55495400268222e-12,10.462324432428847,0.5048675768574019,1.0,0.0,1.0000000000000002,1.0,0.0
3221,3.4011442103967075e-08,4.125843694968772e-12,10.460729591478787,0.5048613268590295,1.0,0.0,1.0,1.0,0.0
3222,3.4011442103967075e-08,9.778870779124199e-12,10.430916409844848,0.5048656237329104,1.0,0.0,0.9999999999999999,1.0,0.0
3223,3.4011442103967075e-08,5.443929861708833e-12,10.423381262331766,0.5047878893781538,1.0,0.0,1.0,1.0,0.0
3224,3.4011442103967075e-08,3.797047828370893e-12,10.424791924021882,0.5047950508346222,1.0,0.0,1.0,1.0000000000000002,0.0
3225,3.4011442103967075e-08,8.733220727796563e-12,10.399431862823857,0.5047259102276276,1.0,0.0,1.0,1.0000000000000002,0.0
3226,3.4011442103967075e-08,4.236173673177209e-12,10.398372296779883,0.5047207018956505,1.0,0.0,0.9999999999999999,1.0,0.0
3227,3.4011442103967075e-08,5.331809431467944e-12,10.39099714819578,0.5047041654416236,1.0,0.0,1.0000000000000002,1.0,0.0
3228,3.4011442103967075e-08,5.915561206821552e-12,10.381816103930317,0.5047786445888947,1.0,0.0,0.9999999999999999,1.0,0.0
3229,3.4011442103967075e-08,8.932893382169896e-12,10.358687137887708,0.5047464831389367,1.0,0.0,1.0000000000000002,1.0,0.0
3230,3.4011442103967075e-08,6.9925059171565875e-12,10.343985738550174,0.5046802071145294,1.0,0.0,1.0,1.0,0.0
3231,3.4011442103967075e-08,3.4664904700055376e-12,10.346657045975158,0.504725128977831,1.0,0.0,1.0,1.0,0.0
3232,3.4011442103967075e-08,4.612552347899557e-12,10.344377796925254,0.5047063789827138,1.0,0.0,0.9999999999999999,1.0,0.0
3233,3.4011442103967075e-08,1.4886740807026956e-11,10.286401260321941,0.504749347721524,1.0,0.0,0.9999999999999999,1.0,0.0
3234,3.4011442103967075e-08,7.969948881302546e-12,10.265868234020363,0.5047578112609866,1.0,0.0,0.9999999999999999,1.0,0.0
3235,3.4011442103967075e-08,3.001992042388896e-12,10.271201904259097,0.5048227852023996,1.0,0.0,1.0000000000000002,1.0,0.0
3236,3.4011442103967075e-08,3.2292554632344965e-12,10.276338190347637,0.5047877591698544,1.0,0.0,1.0,1.0,0.0
3237,3.4011442103967075e-08,3.81965595270399e-12,10.276283229618695,0.5048027331242882,1.0,0.0,1.0000000000000002,1.0,0.0
3238,3.4011442103967075e-08,4.47200070043915e-12,10.274267216408509,0.5047696602162344,1.0,0.0,1.0000000000000002,1.0,0.0
3239,3.4011442103967075e-08,3.81256258101206e-12,10.277114464997766,0.5047350248085873,1.0,0.0,1.0,1.0,0.0
3240,3.4011442103967075e-08,3.3536305821406553e-12,10.281468509990129,0.5047789050054935,1.0,0.0,0.9999999999999999,1.0000000000000002,0.0
3241,3.4011442103967075e-08,9.029538501788573e-12,10.256286837543263,0.5047106758565948,1.0,0.0,1.0,1.0,0.0
3242,3.4011442103967075e-08,1.0238155361362377e-11,10.226353579904119,0.5047354154334855,1.0,0.0,1.0,1.0,0.0
3243,3.4011442103967075e-08,3.4251189086188436e-12,10.228906772532293,0.5047287748102149,1.0,0.0,1.0000000000000002,1.0,0.0
3244,3.4011442103967075e-08,5.269526347720838e-12,10.223707642619082,0.5047686185498389,1.0,0.0,0.9999999999999999,1.0,0.0
3245,3.4011442103967075e-08,1.9250742212769446e-11,10.143916998307676,0.5047777331307987,1.0,0.0,1.0000000000000002,1.0000000000000002,0.0
3246,3.4011442103967075e-08,1.1622870745154635e-11,10.103038350571135,0.5047416654318579,1.0,0.0,0.9999999999999999,1.0,0.0
3247,3.4011442103967075e-08,3.5151082903006298e-12,10.106351140663529,0.504713149814284,1.0,0.0,1.0,1.0,0.0
3248,3.4011442103967075e-08,3.186414552179499e-12,10.110952453701993,0.5047217435620459,1.0,0.0,1.0,1.0,0.0
3249,3.4011442103967075e-08,3.053574004879216e-12,10.115463521666305,0.5046805977394276,1.0,0.0,1.0,1.0,0.0
3250,3.4011442103967075e-08,5.204583994361957e-12,10.10854294805394,0.5046463529566789,1.0,0.0,1.0000000000000002,1.0,0.0
3251,3.4011442103967075e-08,7.5621899742984e-12,10.092791547393023,0.5046908841950822,1.0,0.0,0.9999999999999999,1.0,0.0
3252,3.4011442103967075e-08,9.30323473224885e-12,10.066437383981816,0.5047148425221765,1.0,0.0,1.0,1.0,0.0
3253,3.4011442103967075e-08,5.9016876493958556e-12,10.05709878519643,0.5047178373130632,1.0,0.0,1.0000000000000002,1.0000000000000002,0.0
3254,3.4011442103967075e-08,2.9249557368488813e-12,10.062371222055788,0.5046511706637576,1.0,0.0,0.9999999999999999,1.0,0.0
3255,3.4011442103967075e-08,3.8229463960441605e-12,10.06380787309899,0.5047007800258385,1.0,0.0,1.0,1.0,0.0
3256,3.4011442103967075e-08,3.438173484645074e-12,10.06556976964588,0.5046837227386138,1.0,0.0,1.0000000000000002,1.0,0.0
3257,3.4011442103967075e-08,3.74984364577184e-12,10.065978599553354,0.5046743477410552,1.0,0.0,1.0,1.0,0.0
3258,3.4011442103967075e-08,6.50076985178107e-12,10.05866799301278,0.504697524818353,1.0,0.0,1.0,1.0,0.0
3259,3.4011442103967075e-08,9.513603645112968e-12,10.030490790476833,0.5046604154530168,1.0,0.0,1.0000000000000002,1.0,0.0
3260,3.4011442103967075e-08,3.0727104841310416e-12,10.035670981844506,0.5046552071210398,1.0,0.0,0.9999999999999999,1.0,0.0
3261,3.4011442103967075e-08,3.450418074602805e-12,10.038028464802508,0.5046717435750667,1.0,0.0,1.0,1.0,0.0
3262,3.4011442103967075e-08,2.863612297896406e-12,10.043403042457827,0.5046535144131473,1.0,0.0,0.9999999999999999,1.0000000000000002,0.0
3263,3.4011442103967075e-08,1.1830918901974506e-11,10.002090992223609,0.5046884102373932,1.0,0.0,1.0,1.0,0.0
3264,3.4011442103967075e-08,8.11089017721516e-12,9.98206459843586,0.5046962227353586,1.0,0.0,1.0000000000000002,1.0,0.0
3265,3.4011442103967075e-08,1.12872653906034e-11,9.944549998917648,0.504760675843574,1.0,0.0,1.0,1.0,0.0
3266,3.4011442103967075e-08,6.879483085222986e-12,9.931960445574601,0.5047834622959734,1.0,0.0,1.0000000000000002,1.0,0.0
3267,3.4011442103967075e-08,3.302208754754024e-12,9.93667866394893,0.5047846341706682,1.0,0.0,1.0,1.0,0.0
3268,3.4011442103967075e-08,5.965487205806081e-12,9.927253074176374,0.5047841133374705,1.0,0.0,0.9999999999999999,1.0,0.0
3269,3.4011442103967075e-08,8.76405975631672e-12,9.905732681394415,0.5048312487418624,1.0,0.0,1.0000000000000002,1.0,0.0
3270,3.4011442103967075e-08,1.0438295031717513e-11,9.873282981511824,0.5047253893944298,1.0,0.0,1.0,1.0,0.0
3271,3.4011442103967075e-08,3.087609643206262e-12,9.878536651742165,0.504759764385478,1.0,0.0,1.0,1.0,0.0
3272,3.4011442103967075e-08,3.3101665945200293e-12,9.883610786898336,0.5047731758403188,1.0,0.0,0.9999999999999999,1.0,0.0
3273,3.4011442103967075e-08,5.67598737078317e-12,9.877364833404348,0.5047347643919884,1.0,0.0,1.0000000000000002,1.0,0.0
3274,3.4011442103967075e-08,3.6474298696577e-12,9.881464654307711,0.5047510404294165,1.0,0.0,1.0,1.0,0.0
3275,3.4011442103967075e-08,7.75744633249509e-12,9.86307875566844,0.5047726550071211,1.0,0.0,1.0000000000000002,1.0,0.0
3276,3.4011442103967075e-08,5.915362178283447e-12,9.855731246521774,0.5047177071047638,1.0,0.0,1.0000000000000002,1.0,0.0
3277,3.4011442103967075e-08,5.322451897018261e-12,9.849588473688634,0.5047386706409712,1.0,0.0,1.0,1.0,0.0
3278,3.4011442103967075e-08,4.555273554556183e-12,9.84847081426949,0.5047652331340539,1.0,0.0,1.0000000000000002,1.0,0.0
3279,3.4011442103967075e-08,6.404651624088054e-12,9.837257440669898,0.5047302071015086,1.0,0.0,1.0000000000000002,1.0,0.0
3280,3.4011442103967075e-08,5.816520152780961e-12,9.83206790225375,0.5047574206360884,1.0,0.0,1.0,1.0,0.0
3281,3.4011442103967075e-08,4.3593334111196336e-12,9.830845552841263,0.504680988364326,1.0,0.0,1.0000000000000002,1.0000000000000002,0.0
3282,3.4011442103967075e-08,3.274807560619036e-12,9.83423259822192,0.5047134102308828,1.0,0.0,0.9999999999999999,1.0,0.0
3283,3.4011442103967075e-08,3.305257327486972e-12,9.838704414659187,0.5047101550233971,1.0,0.0,0.9999999999999999,1.0,0.0
3284,3.4011442103967075e-08,4.294652134000216e-12,9.837084306877376,0.5047369779330787,1.0,0.0,1.0000000000000002,1.0,0.0
3285,3.4011442103967075e-08,4.173655879906515e-12,9.836371786191497,0.5047940091682268,1.0,0.0,1.0000000000000002,1.0,0.0
3286,3.4011442103967075e-08,4.716270434956399e-12,9.83340317591085,0.5047399727239654,1.0,0.0,1.0000000000000002,1.0,0.0
3287,3.4011442103967075e-08,3.9988212933606466e-12,9.837372591737212,0.5047424466816545,1.0,0.0,1.0,1.0,0.0
3288,3.4011442103967075e-08,5.765191528023806e-12,9.830818623424516,0.5047270821023224,1.0,0.0,1.0,1.0000000000000002,0.0
3289,3.4011442103967075e-08,3.1633009654988716e-12,9.835935835183818,0.5048079414562653,1.0,0.0,1.0000000000000002,1.0,0.0
3290,3.4011442103967075e-08,2.5753938683756265e-12,9.842161537544742,0.5048045560404802,1.0,0.0,1.0000000000000002,1.0,0.0
3291,3.4011442103967075e-08,5.939261211686575e-12,9.83194181945994,0.5048833320616323,1.0,0.0,0.9999999999999999,1.0,0.0
3292,3.4011442103967075e-08,3.557520933415982e-12,9.834032470253812,0.504825649784987,1.0,0.0,0.9999999999999999,1.0,0.0
3293,3.4011442103967075e-08,4.375644283556483e-12,9.832988835449017,0.5048549466523576,1.0,0.0,1.0000000000000002,1.0,0.0
3294,3.4011442103967075e-08,2.871680539283746e-12,9.838119605010476,0.504824738326891,1.0,0.0,1.0000000000000002,1.0,0.0
3295,3.4011442103967075e-08,3.925979710261778e-12,9.838744053709659,0.5047960925010175,1.0,0.0,0.9999999999999999,1.0,0.0
3296,3.4011442103967075e-08,2.765069459886744e-12,9.844401209826781,0.5047894518777469,1.0,0.0,1.0000000000000002,1.0,0.0
3297,3.4011442103967075e-08,3.4368254539004973e-12,9.847192174192882,0.5047930977101308,1.0,0.0,1.0,1.0,0.0
3298,3.4011442103967075e-08,3.6377134241274168e-12,9.848088154531919,0.5047912747939388,1.0,0.0,1.0,1.0000000000000002,0.0
3299,3.4011442103967075e-08,3.827171046028378e-12,9.850847664103611,0.504847394570991,1.0,0.0,1.0000000000000002,1.0,0.0
3300,3.4011442103967075e-08,3.5359743930964912e-12,9.853506018745792,0.5048753893553674,1.0,0.0,0.9999999999999999,1.0,0.0
3301,3.4011442103967075e-08,4.169494401259751e-12,9.853913597739917,0.5048850247695248,1.0,0.0,0.9999999999999999,1.0,0.0
3302,3.4011442103967075e-08,3.0518793158787417e-12,9.85926707853732,0.5048645820665151,1.0,0.0,0.9999999999999999,1.0,0.0
3303,3.4011442103967075e-08,7.583890882153309e-12,9.84129224883847,0.5048484362373864,1.0,0.0,0.9999999999999999,1.0,0.0
3304,3.4011442103967075e-08,5.7947082892519615e-12,9.831552397886327,0.5048311185335629,1.0,0.0,1.0,1.0,0.0
3305,3.4011442103967075e-08,4.586114677446847e-12,9.830731848601992,0.5048360664489411,1.0,0.0,1.0000000000000002,1.0,0.0
3306,3.4011442103967075e-08,3.0359475742146037e-12,9.835372291545816,0.5048179674953209,1.0,0.0,1.0000000000000002,1.0,0.0
3307,3.4011442103967075e-08,2.7646412460044003e-12,9.840746582543545,0.5048385404066301,1.0,0.0,0.9999999999999999,1.0000000000000002,0.0
3308,3.4011442103967075e-08,4.9687333303785e-12,9.837214944449707,0.5049084622634212,1.0,0.0,1.0000000000000002,1.0,0.0
3309,3.4011442103967075e-08,5.317884099324853e-12,9.832090431563497,0.5048839831031294,1.0,0.0,1.0000000000000002,1.0000000000000002,0.0
3310,3.4011442103967075e-08,3.2948306348114626e-12,9.836986220586798,0.5048921862259932,1.0,0.0,1.0000000000000002,1.0,0.0
3311,3.4011442103967075e-08,3.0405735148406366e-12,9.842498620984845,0.5049097643464155,1.0,0.0,1.0000000000000002,1.0,0.0
3312,3.4011442103967075e-08,4.46738463435141e-12,9.8407893312841,0.5048947903919817,1.0,0.0,1.0,1.0,0.0
3313,3.4011442103967075e-08,3.5276500092007047e-12,9.843940709992621,0.5048401029062232,1.0,0.0,1.0000000000000002,1.0,0.0
3314,3.4011442103967075e-08,3.0601608866207973e-12,9.84956185117716,0.5048373685319353,1.0,0.0,1.0,1.0,0.0
3315,3.4011442103967075e-08,3.5815573646887757e-12,9.852802943193744,0.5048826810201351,1.0,0.0,1.0,1.0000000000000002,0.0
3316,3.4011442103967075e-08,3.0310187714505218e-12,9.857734442448557,0.5049398424635827,1.0,0.0,0.9999999999999999,1.0000000000000002,0.0
3317,3.4011442103967075e-08,3.1417548458999694e-12,9.863464531373078,0.5049026028899471,1.0,0.0,1.0000000000000002,1.0000000000000002,0.0
3318,3.4011442103967075e-08,3.594234709865753e-12,9.867656072350098,0.5049164049696863,1.0,0.0,1.0,1.0,0.0
3319,3.4011442103967075e-08,4.528424400378989e-12,9.865081575286183,0.5048929674757897,1.0,0.0,0.9999999999999999,1.0,0.0
3320,3.4011442103967075e-08,6.398230873409412e-12,9.854249427146318,0.504886326852519,1.0,0.0,1.0000000000000002,1.0,0.0
3321,3.4011442103967075e-08,3.1789116818874515e-12,9.85946096333809,0.5048791653960507,1.0,0.0,1.0,1.0,0.0
3322,3.4011442103967075e-08,9.043223624155357e-12,9.834824692041542,0.504878644562853,1.0,0.0,1.0,1.0,0.0
3323,3.4011442103967075e-08,5.954808509445458e-12,9.825190406121486,0.5048533841527646,1.0,0.0,1.0,1.0,0.0
3324,3.4011442103967075e-08,3.110150233515227e-12,9.830607785083728,0.5049316393407189,1.0,0.0,1.0,1.0000000000000002,0.0
3325,3.4011442103967075e-08,5.64371194118424e-12,9.824458218446436,0.5048680976905996,1.0,0.0,1.0,1.0,0.0
3326,3.4011442103967075e-08,5.6493628850505176e-12,9.815644479527995,0.5048545560274593,1.0,0.0,1.0000000000000002,1.0,0.0
3327,3.4011442103967075e-08,3.3598305718025497e-12,9.820271281350566,0.504919399760573,1.0,0.0,1.0000000000000002,1.0,0.0
3328,3.4011442103967075e-08,3.187830608651031e-12,9.825649221111572,0.5049102851796132,1.0,0.0,1.0000000000000002,1.0,0.0
3329,3.4011442103967075e-08,5.623026194543404e-12,9.818340012385772,0.5048910143512984,1.0,0.0,1.0000000000000002,1.0,0.0
3330,3.4011442103967075e-08,5.8699211688740235e-12,9.811724382313214,0.5049628893325809,1.0,0.0,0.9999999999999999,1.0000000000000002,0.0
3331,3.4011442103967075e-08,2.9989851073895687e-12,9.81685946562054,0.5048589831096398,1.0,0.0,1.0000000000000002,1.0,0.0
3332,3.4011442103967075e-08,3.2581271303959984e-12,9.820833440658562,0.5048855456027225,1.0,0.0,1.0000000000000002,1.0,0.0
3333,3.4011442103967075e-08,3.0972059496634825e-12,9.826325629995784,0.5048389310315283,1.0,0.0,1.0,1.0,0.0
3334,3.4011442103967075e-08,4.851563158003768e-12,9.822465441866205,0.504823175827298,1.0,0.0,1.0000000000000002,1.0,0.0
3335,3.4011442103967075e-08,5.447030414250544e-12,9.815255062683296,0.5048191393700158,1.0,0.0,1.0,1.0,0.0
3336,3.4011442103967075e-08,5.755646202579942e-12,9.808187856475417,0.504822264369202,1.0,0.0,0.9999999999999999,1.0,0.0
3337,3.4011442103967075e-08,6.838690446600787e-12,9.7947752112298,0.5048522122780698,1.0,0.0,1.0,1.0,0.0
3338,3.4011442103967075e-08,4.090255192413877e-12,9.79627504533992,0.5048300768671675,1.0,0.0,1.0000000000000002,1.0,0.0
3339,3.4011442103967075e-08,1.134020626954066e-11,9.763332315113974,0.504837889365133,1.0,0.0,1.0000000000000002,1.0,0.0
3340,3.4011442103967075e-08,1.0729856068169233e-11,9.730426855341168,0.5048139310380388,1.0,0.0,1.0000000000000002,1.0,0.0
3341,3.4011442103967075e-08,4.855564486097173e-12,9.72744894646227,0.5048188789534169,1.0,0.0,1.0,1.0,0.0
3342,3.4011442103967075e-08,4.783601490195783e-12,9.724093191802966,0.5048136706214399,1.0,0.0,0.9999999999999999,1.0,0.0
3343,3.4011442103967075e-08,3.4416504880379746e-12,9.728434233381893,0.5047635404261613,1.0,0.0,0.9999999999999999,1.0,0.0
3344,3.4011442103967075e-08,4.142648979503109e-12,9.729035309829722,0.5047813789631825,1.0,0.0,1.0,1.0,0.0
3345,3.4011442103967075e-08,1.1098664329748763e-11,9.69548763874269,0.5048498685286801,1.0,0.0,0.9999999999999999,1.0,0.0
3346,3.4011442103967075e-08,4.433959994047763e-12,9.694991721942877,0.504825649784987,1.0,0.0,1.0000000000000002,1.0000000000000002,0.0
3347,3.4011442103967075e-08,3.1655070876962214e-12,9.699091392666649,0.5048108060388526,1.0,0.0,1.0000000000000002,1.0,0.0
3348,3.4011442103967075e-08,3.0817052940194187e-12,9.70349297560783,0.5048003893748986,1.0,0.0,1.0000000000000002,1.0,0.0
3349,3.4011442103967075e-08,3.4930365562420384e-12,9.707519024300058,0.5048050768736779,1.0,0.0,1.0,1.0,0.0
3350,3.4011442103967075e-08,4.869296650479836e-12,9.706881943872144,0.5048338529078508,1.0,0.0,1.0,1.0,0.0
3351,3.4011442103967075e-08,9.526389907211695e-12,9.678986852060518,0.5048477851958892,1.0,0.0,1.0,1.0,0.0
3352,3.4011442103967075e-08,7.760511634214338e-12,9.661135387171175,0.5048102852056549,1.0,0.0,1.0000000000000002,1.0,0.0
3353,3.4011442103967075e-08,3.5075465348366193e-12,9.665474808306362,0.5048217435360043,1.0,0.0,1.0,1.0,0.0
3354,3.4011442103967075e-08,3.162345318002086e-12,9.670012769643245,0.5048769518549605,1.0,0.0,0.9999999999999999,1.0,0.0
3355,3.4011442103967075e-08,6.585241567687749e-12,9.658036233138128,0.5048376289485341,1.0,0.0,1.0,1.0,0.0
3356,3.4011442103967075e-08,3.370603781948097e-12,9.660856139828402,0.5048514310282731,1.0,0.0,1.0,1.0,0.0
3357,3.4011442103967075e-08,4.522693261377093e-12,9.658393765227702,0.5047854154204647,1.0,0.0,1.0,1.0,0.0
3358,3.4011442103967075e-08,3.4321134992825735e-12,9.660709845656491,0.5048509101950754,1.0,0.0,0.9999999999999999,1.0,0.0
3359,3.4011442103967075e-08,3.069887677880338e-12,9.66620347141477,0.5048316393667606,1.0,0.0,1.0,1.0,0.0
3360,3.4011442103967075e-08,3.2425237440280794e-12,9.669924882966935,0.504700910234138,1.0,0.0,1.0000000000000002,1.0,0.0
3361,3.4011442103967075e-08,3.3603176652537095e-12,9.67413107071465,0.5047373685579769,1.0,0.0,1.0,1.0,0.0
3362,3.4011442103967075e-08,3.863928012517889e-12,9.677954958565469,0.5047433581397505,1.0,0.0,0.9999999999999999,1.0,0.0
3363,3.4011442103967075e-08,3.768635624777828e-12,9.680742836046589,0.5047079414823069,1.0,0.0,1.0,1.0,0.0
3364,3.4011442103967075e-08,3.7934635821246536e-12,9.683172990353082,0.5046100248411394,1.0,0.0,0.9999999999999999,1.0,0.0
3365,3.4011442103967075e-08,3.4289164349750464e-12,9.68623716752932,0.5046657539932933,1.0,0.0,1.0000000000000002,1.0,0.0
3366,3.4011442103967075e-08,2.894268147206879e-12,9.691549055433882,0.5047175768964643,1.0,0.0,1.0,1.0,0.0
3367,3.4011442103967075e-08,5.152580935780622e-12,9.686048715296128,0.5046897123203874,1.0,0.0,1.0,1.0,0.0
3368,3.4011442103967075e-08,3.482915944463856e-12,9.68905907046992,0.5047220039786448,1.0,0.0,1.0,1.0,0.0
3369,3.4011442103967075e-08,3.397358895092478e-12,9.692685930695946,0.5047124987727868,1.0,0.0,1.0000000000000002,1.0000000000000002,0.0
3370,3.4011442103967075e-08,3.3005367227245196e-12,9.697802942042749,0.5047105456482954,1.0,0.0,1.0000000000000002,1.0,0.0
3371,3.4011442103967075e-08,3.2098898762673115e-12,9.703173800866933,0.504794399793125,1.0,0.0,1.0,1.0,0.0
3372,3.4011442103967075e-08,4.566044455687759e-12,9.700050437997566,0.5047760404229061,1.0,0.0,0.9999999999999999,1.0,0.0
3373,3.4011442103967075e-08,4.7803310283702116e-12,9.696345471577395,0.5047421862650556,1.0,0.0,1.0,1.0,0.0
3374,3.4011442103967075e-08,5.42409124697905e-12,9.689902201411144,0.5047505195962189,1.0,0.0,0.9999999999999999,1.0,0.0
3375,3.4011442103967075e-08,5.225293479795573e-12,9.684016456704931,0.5046891914871897,1.0,0.0,1.0,1.0,0.0
3376,3.4011442103967075e-08,3.4343424239626136e-12,9.687449493929396,0.5046927071112742,1.0,0.0,0.9999999999999999,1.0,0.0
3377,3.4011442103967075e-08,4.359004827366834e-12,9.686379320120349,0.5046908841950822,1.0,0.0,1.0,1.0,0.0
3378,3.4011442103967075e-08,2.5414893570854582e-12,9.692756581094558,0.5047398425156661,1.0,0.0,1.0,1.0,0.0
3379,3.4011442103967075e-08,8.984063805266002e-12,9.670641599986565,0.5047404935571631,1.0,0.0,1.0000000000000002,1.0000000000000002,0.0
3380,3.4011442103967075e-08,5.169775607311482e-12,9.665997484330973,0.5046874987792972,1.0,0.0,1.0,1.0,0.0
3381,3.4011442103967075e-08,3.223473542924216e-12,9.670924838661186,0.5046835925303145,1.0,0.0,0.9999999999999999,1.0,0.0
3382,3.4011442103967075e-08,2.9735454437109512e-12,9.67652412681217,0.5046242175457767,1.0,0.0,0.9999999999999999,1.0,0.0
3383,3.4011442103967075e-08,4.345237078384494e-12,9.676205932721828,0.5046128894237267,1.0,0.0,1.0,1.0,0.0
3384,3.4011442103967075e-08,5.762801855089222e-12,9.668459790764908,0.5045399727760488,1.0,0.0,0.9999999999999999,1.0,0.0
3385,3.4011442103967075e-08,4.434273045890736e-12,9.6668356852358,0.5045888008883331,1.0,0.0,1.0,1.0,0.0
3386,3.4011442103967075e-08,4.77404056566489e-12,9.665318102114753,0.5045722644343061,1.0,0.0,1.0000000000000002,1.0,0.0
3387,3.4011442103967075e-08,4.084599084099794e-12,9.666534496247095,0.5045710925596113,1.0,0.0,1.0000000000000002,1.0,0.0
3388,3.4011442103967075e-08,1.2018822646609482e-11,9.627714905669416,0.5046041654676653,1.0,0.0,1.0,1.0,0.0
3389,3.4011442103967075e-08,4.010259246799205e-12,9.627783518801833,0.5046128894237267,1.0,0.0,0.9999999999999999,1.0,0.0
3390,3.4011442103967075e-08,3.482910800592628e-12,9.632332709613058,0.5046621081609093,1.0,0.0,1.0000000000000002,1.0,0.0
3391,3.4011442103967075e-08,3.2206240147185816e-12,9.636884281703686,0.5046309883773468,1.0,0.0,1.0,1.0,0.0
3392,3.4011442103967075e-08,3.664832703947969e-12,9.641010311822297,0.5045763008915883,1.0,0.0,0.9999999999999999,1.0,0.0
3393,3.4011442103967075e-08,2.8388849661486143e-12,9.646427716496142,0.504632290460341,1.0,0.0,1.0,1.0,0.0
3394,3.4011442103967075e-08,6.1743347289740886e-12,9.636488597300369,0.5046085925498457,1.0,0.0,1.0,1.0,0.0
3395,3.4011442103967075e-08,3.238256514306621e-12,9.641050779084946,0.5045898425547285,1.0,0.0,0.9999999999999999,1.0,0.0
3396,3.4011442103967075e-08,5.268973004094572e-12,9.635244696318122,0.5045670561023291,1.0,0.0,1.0,1.0,0.0
3397,3.4011442103967075e-08,2.853636414058658e-12,9.639911358062465,0.5045639311031429,1.0,0.0,1.0,1.0000000000000002,0.0
3398,3.4011442103967075e-08,3.414781698484403e-12,9.644557220045648,0.5045570300632735,1.0,0.0,0.9999999999999999,1.0,0.0
3399,3.4011442103967075e-08,3.0247995439304067e-12,9.650322960813929,0.5046190092137997,1.0,0.0,0.9999999999999999,1.0,0.0
3400,3.4011442103967075e-08,7.628388563369503e-12,9.632078917898768,0.5046328112935388,1.0,0.0,1.0000000000000002,1.0,0.0
3401,3.4011442103967075e-08,4.427587363312914e-12,9.630698333820789,0.5046420560827979,1.0,0.0,0.9999999999999999,1.0000000000000002,0.0
3402,3.4011442103967075e-08,3.5423296575418876e-12,9.634830839407984,0.5046459623317806,1.0,0.0,1.0000000000000002,1.0,0.0
3403,3.4011442103967075e-08,4.99810262377512e-12,9.630977791028132,0.5046639310771013,1.0,0.0,1.0,1.0000000000000002,0.0
3404,3.4011442103967075e-08,3.1349600172187328e-12,9.636115575916405,0.5046226550461835,1.0,0.0,1.0,1.0,0.0
3405,3.4011442103967075e-08,6.3317260207375176e-12,9.626793576823717,0.5046443998321876,1.0,0.0,1.0000000000000002,1.0,0.0
3406,3.4011442103967075e-08,3.0609336867273084e-12,9.631575263224045,0.5047005196092397,1.0,0.0,1.0,1.0,0.0
3407,3.4011442103967075e-08,2.9130789411218937e-12,9.637203282258826,0.5046582019119266,1.0,0.0,1.0,1.0,0.0
3408,3.4011442103967075e-08,3.65979692547251e-12,9.640758812190668,0.5047046862748212,1.0,0.0,1.0000000000000002,1.0,0.0
3409,3.4011442103967075e-08,5.677472114800285e-12,9.633499278866415,0.5047283841853166,1.0,0.0,1.0000000000000002,1.0,0.0
3410,3.4011442103967075e-08,6.888593692380376e-12,9.620643500801876,0.5046942696108673,1.0,0.0,1.0000000000000002,1.0,0.0
3411,3.4011442103967075e-08,3.857861805914813e-12,9.624626115666645,0.5046546862878422,1.0,0.0,1.0,1.0000000000000002,0.0
3412,3.4011442103967075e-08,8.03480790421238e-12,9.606292218670847,0.5046923164863759,1.0,0.0,0.9999999999999999,1.0,0.0
3413,3.4011442103967075e-08,4.760506295196753e-12,9.604398152660313,0.5046959623187598,1.0,0.0,1.0000000000000002,1.0,0.0
3414,3.4011442103967075e-08,3.493997374180063e-12,9.608821223148142,0.5046584623285254,1.0,0.0,0.9999999999999999,1.0,0.0
3415,3.4011442103967075e-08,2.470068488432853e-12,9.615191229987893,0.5046424467076962,1.0,0.0,1.0000000000000002,1.0,0.0
3416,3.4011442103967075e-08,3.1149977467797005e-12,9.620708092388108,0.504683462322015,1.0,0.0,1.0,1.0,0.0
3417,3.4011442103967075e-08,4.4770636699868824e-12,9.618274653229818,0.5045548165221831,1.0,0.0,0.9999999999999999,1.0,0.0
3418,3.4011442103967075e-08,4.604928783468624e-12,9.615978247399065,0.5045558581885786,1.0,0.0,0.9999999999999999,1.0,0.0
3419,3.4011442103967075e-08,3.3174291436079023e-12,9.621235949830977,0.5046136706735233,1.0,0.0,1.0000000000000002,1.0,0.0
3420,3.4011442103967075e-08,7.333201870023077e-12,9.606227608009204,0.5046377592089168,1.0,0.0,1.0,1.0,0.0
3421,3.4011442103967075e-08,3.3557802924017813e-12,9.610912177896335,0.5046157540063141,1.0,0.0,0.9999999999999999,1.0,0.0
3422,3.4011442103967075e-08,4.99132165658319e-12,9.6075515842021,0.5046786446149363,1.0,0.0,1.0,1.0,0.0
3423,3.4011442103967075e-08,3.201888290677941e-12,9.612864459550611,0.5047111966897925,1.0,0.0,1.0,1.0,0.0
3424,3.4011442103967075e-08,7.031905111960922e-12,9.599911592888327,0.5047098946067983,1.0,0.0,1.0,1.0,0.0
3425,3.4011442103967075e-08,3.0787394127689794e-12,9.604932495183826,0.5047162748134701,1.0,0.0,0.9999999999999999,1.0,0.0
3426,3.4011442103967075e-08,3.773739798954795e-12,9.607899913080807,0.5047196602292552,1.0,0.0,1.0,1.0,0.0
3427,3.4011442103967075e-08,3.3359870163573743e-12,9.613362888069341,0.5047812487548832,1.0,0.0,0.9999999999999999,1.0,0.0
3428,3.4011442103967075e-08,3.411251306564336e-12,9.617393425120266,0.5047799466718889,1.0,0.0,1.0,1.0,0.0
3429,3.4011442103967075e-08,3.2252524208183835e-12,9.62172296331493,0.5047792956303918,1.0,0.0,1.0000000000000002,1.0,0.0
3430,3.4011442103967075e-08,5.2986040804856906e-12,9.616521178582197,0.504817056037225,1.0,0.0,1.0000000000000002,1.0,0.0
3431,3.4011442103967075e-08,4.561201663137659e-12,9.613674553278006,0.5048048164570791,1.0,0.0,1.0000000000000002,1.0000000000000002,0.0
3432,3.4011442103967075e-08,3.629147413188219e-12,9.616208447790415,0.5047923164603343,1.0,0.0,1.0000000000000002,1.0,0.0
3433,3.4011442103967075e-08,7.579207107641574e-12,9.599697969960635,0.5048475247792904,1.0,0.0,1.0,1.0,0.0
3434,3.4011442103967075e-08,9.001681036160406e-12,9.577004403361467,0.5048501289452789,1.0,0.0,1.0000000000000002,1.0,0.0
3435,3.4011442103967075e-08,8.882124599914882e-12,9.555941449469035,0.5048429674888105,1.0,0.0,0.9999999999999999,1.0,0.0
3436,3.4011442103967075e-08,1.0073402124023175e-11,9.528690461875446,0.5047917956271366,1.0,0.0,1.0,1.0,0.0
3437,3.4011442103967075e-08,1.4296493873670559e-11,9.48057786320375,0.5047601550103763,1.0,0.0,1.0,1.0,0.0
3438,3.4011442103967075e-08,4.029566985680716e-12,9.48116334560807,0.5048135404131405,1.0,0.0,1.0000000000000002,1.0,0.0
3439,3.4011442103967075e-08,3.6123524848233496e-12,9.48479080047037,0.5048243477019928,1.0,0.0,1.0,1.0,0.0
3440,3.4011442103967075e-08,3.213106898702465e-12,9.489517056312284,0.5048497383203806,1.0,0.0,1.0000000000000002,1.0,0.0
3441,3.4011442103967075e-08,6.245201569403629e-12,9.479772636120755,0.5048298164505687,1.0,0.0,0.9999999999999999,1.0,0.0
3442,3.4011442103967075e-08,8.04186714205398e-12,9.462080034398866,0.5047817695880809,1.0,0.0,0.9999999999999999,1.0,0.0
3443,3.4011442103967075e-08,1.6640343526788126e-11,9.404433724507676,0.5047843737540694,1.0,0.0,1.0000000000000002,1.0,0.0
3444,3.4011442103967075e-08,3.1767297603428755e-12,9.409630453001917,0.5048248685351905,1.0,0.0,1.0,1.0,0.0
3445,3.4011442103967075e-08,4.2333867179318884e-12,9.410232190359588,0.5048019518744917,1.0,0.0,0.9999999999999999,1.0,0.0
3446,3.4011442103967075e-08,3.692738043853969e-12,9.41253763677731,0.5048212227028066,1.0,0.0,1.0,1.0000000000000002,0.0
3447,3.4011442103967075e-08,5.636050651695244e-12,9.405638764863323,0.5047933581267297,1.0,0.0,1.0,1.0,0.0
3448,3.4011442103967075e-08,7.1745945240583314e-12,9.3898841867318,0.5047700508411326,1.0,0.0,1.0,1.0,0.0
3449,3.4011442103967075e-08,6.8990385230156115e-12,9.379605487613773,0.5047773425059003,1.0,0.0,0.9999999999999999,1.0,0.0
3450,3.4011442103967075e-08,2.8189692401352302e-12,9.385541817525539,0.504811847705248,1.0,0.0,1.0000000000000002,1.0,0.0
3451,3.4011442103967075e-08,3.5894932661549013e-12,9.388396641868804,0.5047826810461769,1.0,0.0,1.0,1.0,0.0
3452,3.4011442103967075e-08,4.771574137993053e-12,9.387178285722012,0.5048055977068756,1.0,0.0,1.0,1.0,0.0
3453,3.4011442103967075e-08,4.305635575976551e-12,9.384877072357185,0.504775389381409,1.0,0.0,0.9999999999999999,1.0,0.0
3454,3.4011442103967075e-08,2.995520794330021e-12,9.39013325076077,0.5047453112642418,1.0,0.0,1.0000000000000002,1.0,0.0
3455,3.4011442103967075e-08,3.417467474216138e-12,9.393957449097254,0.5047161446051707,1.0,0.0,1.0000000000000002,1.0,0.0
3456,3.4011442103967075e-08,2.494537966332171e-12,9.399584874528884,0.5047635404261613,1.0,0.0,0.9999999999999999,1.0,0.0
3457,3.4011442103967075e-08,3.700952353608603e-12,9.403448993456266,0.5047050768997196,1.0,0.0,0.9999999999999999,1.0,0.0
3458,3.4011442103967075e-08,3.813489146786483e-12,9.405947603685323,0.5047598945937775,1.0,0.0,1.0,1.0,0.0
3459,3.4011442103967075e-08,5.777058378272978e-12,9.399225958642123,0.504725128977831,1.0,0.0,1.0000000000000002,1.0,0.0
3460,3.4011442103967075e-08,5.243378711979596e-12,9.39494642336387,0.5047045560665219,1.0,0.0,1.0,1.0,0.0
3461,3.4011442103967075e-08,3.924492905576849e-12,9.39548773432164,0.5046735664912587,1.0,0.0,1.0000000000000002,1.0,0.0
3462,3.4011442103967075e-08,3.3497664021868972e-12,9.398228422610345,0.5046997383594432,1.0,0.0,1.0,1.0,0.0
3463,3.4011442103967075e-08,4.9423502583073894e-12,9.395118715330298,0.5046210925465905,1.0,0.0,1.0000000000000002,1.0,0.0
3464,3.4011442103967075e-08,3.6270957099987013e-12,9.39946252866149,0.50465064983056,1.0,0.0,1.0000000000000002,1.0,0.0
3465,3.4011442103967075e-08,2.6575488661582934e-12,9.405661718912574,0.504595832136502,1.0,0.0,1.0,1.0,0.0
3466,3.4011442103967075e-08,4.154379729941248e-12,9.407565764401754,0.5046134102569244,1.0,0.0,0.9999999999999999,1.0,0.0
3467,3.4011442103967075e-08,4.234251169797148e-12,9.409579477902314,0.5046226550461835,1.0,0.0,0.9999999999999999,1.0,0.0
3468,3.4011442103967075e-08,4.5993734919228374e-12,9.410282601891046,0.5046313790022451,1.0,0.0,1.0,1.0,0.0
3469,3.4011442103967075e-08,3.3267517935856396e-12,9.414873466810384,0.5046321602520416,1.0,0.0,0.9999999999999999,1.0,0.0
3470,3.4011442103967075e-08,3.3855553309700938e-12,9.419205823500533,0.5047135404391822,1.0,0.0,1.0000000000000002,1.0,0.0
3471,3.4011442103967075e-08,1.2105177270335846e-11,9.382462917428507,0.5047217435620459,1.0,0.0,0.9999999999999999,1.0,0.0
3472,3.4011442103967075e-08,5.067103429702751e-12,9.377359800374917,0.5046755196157501,1.0,0.0,1.0,1.0,0.0
3473,3.4011442103967075e-08,5.706190238886367e-12,9.371470902198327,0.5047621081348677,1.0,0.0,1.0000000000000002,1.0,0.0
3474,3.4011442103967075e-08,5.316038578137232e-12,9.367377532927055,0.5047089831487023,1.0,0.0,1.0000000000000002,1.0,0.0
3475,3.4011442103967075e-08,6.187471829346615e-12,9.357750528805413,0.50466874878418,1.0,0.0,0.9999999999999999,1.0,0.0
3476,3.4011442103967075e-08,5.932165297527497e-12,9.350808668212533,0.5047010404424374,1.0,0.0,0.9999999999999999,1.0,0.0
3477,3.4011442103967075e-08,3.963605481593388e-12,9.352050807829821,0.504688670653992,1.0,0.0,1.0,1.0,0.0
3478,3.4011442103967075e-08,4.334887822300756e-12,9.350406099218334,0.5047075508574086,1.0,0.0,0.9999999999999999,1.0,0.0
3479,3.4011442103967075e-08,3.740650344521516e-12,9.353284938653406,0.5046475248313738,1.0,0.0,1.0000000000000002,1.0,0.0
3480,3.4011442103967075e-08,4.1417822964367404e-12,9.354263002768416,0.5046631498273048,1.0,0.0,1.0,1.0,0.0
3481,3.4011442103967075e-08,3.116351098793466e-12,9.359227539882857,0.5046274727532623,1.0,0.0,0.9999999999999999,1.0,0.0
3482,3.4011442103967075e-08,4.106017453203963e-12,9.362368836449265,0.5046710925335697,1.0,0.0,1.0000000000000002,1.0,0.0
3483,3.4011442103967075e-08,3.5004073533650238e-12,9.365699729730839,0.5046690092007788,1.0,0.0,1.0000000000000002,1.0,0.0
3484,3.4011442103967075e-08,3.0129966522749222e-12,9.371406505703956,0.5046131498403256,1.0,0.0,1.0000000000000002,1.0,0.0
3485,3.4011442103967075e-08,8.475689476951277e-12,9.351770142762884,0.5046287748362566,1.0,0.0,0.9999999999999999,1.0,0.0
3486,3.4011442103967075e-08,6.7632966360265116e-12,9.33917150131967,0.5046621081609093,1.0,0.0,1.0,1.0,0.0
3487,3.4011442103967075e-08,4.2364866611580945e-12,9.33860588214467,0.504663540452203,1.0,0.0,1.0,1.0,0.0
3488,3.4011442103967075e-08,3.875650588057435e-12,9.340214897410185,0.5047381498077735,1.0,0.0,0.9999999999999999,1.0000000000000002,0.0
3489,3.4011442103967075e-08,5.8775671297953925e-12,9.331244750401368,0.5047128893976851,1.0,0.0,1.0,1.0,0.0
3490,3.4011442103967075e-08,4.523551318751951e-12,9.32994149846972,0.5047651029257545,1.0,0.0,0.9999999999999999,1.0,0.0
3491,3.4011442103967075e-08,8.62217638905793e-12,9.308113119134287,0.5047276029355201,1.0,0.0,0.9999999999999999,1.0,0.0
3492,3.4011442103967075e-08,3.3390261486643084e-12,9.311539625740537,0.50475025917962,1.0,0.0,1.0,1.0000000000000002,0.0
3493,3.4011442103967075e-08,4.5275164057791616e-12,9.310416506162476,0.5047984362504072,1.0,0.0,0.9999999999999999,1.0,0.0
3494,3.4011442103967075e-08,3.6717620500774404e-12,9.31461871459329,0.5047630195929637,1.0,0.0,1.0,1.0,0.0
3495,3.4011442103967075e-08,3.257237967173698e-12,9.318492035683077,0.5047820300046797,1.0,0.0,1.0000000000000002,1.0,0.0
3496,3.4011442103967075e-08,4.191061861362906e-12,9.321020849816605,0.5048300768671675,1.0,0.0,1.0000000000000002,1.0,0.0
3497,3.4011442103967075e-08,4.286280702523391e-12,9.32145885884331,0.5047110664814931,1.0,0.0,1.0,1.0,0.0
3498,3.4011442103967075e-08,3.438539916281416e-12,9.32508386456238,0.5047779935473975,1.0,0.0,0.9999999999999999,1.0,0.0
3499,3.4011442103967075e-08,3.728433467594912e-12,9.328384086347587,0.5047145821055776,1.0,0.0,1.0000000000000002,1.0,0.0
3500,3.4011442103967075e-08,4.885422506698552e-12,9.326730692875861,0.5047589831356815,1.0,0.0,1.0,1.0000000000000002,0.0
3501,3.4011442103967075e-08,3.204036855537386e-12,9.330825368339314,0.5048386706149295,1.0,0.0,0.9999999999999999,1.0,0.0
3502,3.4011442103967075e-08,3.371906148768999e-12,9.334786812886005,0.504813410204841,1.0,0.0,1.0000000000000002,1.0,0.0
3503,3.4011442103967075e-08,3.1878920291789427e-12,9.338986552958877,0.5048167956206261,1.0,0.0,1.0,1.0000000000000002,0.0
3504,3.4011442103967075e-08,7.670723467059376e-12,9.325189110213092,0.5048080716645647,1.0,0.0,1.0000000000000002,1.0,0.0
3505,3.4011442103967075e-08,3.0300679538533416e-12,9.330419520667697,0.5048919258093943,1.0,0.0,1.0000000000000002,1.0,0.0
3506,3.4011442103967075e-08,1.335637963374205e-11,9.28780320775202,0.5048565091519508,1.0,0.0,0.9999999999999999,1.0,0.0
3507,3.4011442103967075e-08,3.010313086041158e-12,9.292605950559697,0.5048906237264,1.0,0.0,0.9999999999999999,1.0000000000000002,0.0
3508,3.4011442103967075e-08,7.664403912648682e-12,9.277658276001034,0.5048420560307145,1.0,0.0,1.0,1.0,0.0
3509,3.4011442103967075e-08,8.143161587416358e-12,9.258998373372014,0.5047820300046797,1.0,0.0,1.0,1.0,0.0
3510,3.4011442103967075e-08,3.819810880346115e-12,9.25981468811259,0.5048098945807566,1.0,0.0,1.0,1.0,0.0
3511,3.4011442103967075e-08,3.3473441165933207e-12,9.264900587833798,0.5047911445856395,1.0,0.0,0.9999999999999999,1.0,0.0
3512,3.4011442103967075e-08,3.606213935670623e-12,9.269103210999036,0.504827472701179,1.0,0.0,1.0,1.0,0.0
3513,3.4011442103967075e-08,6.928718150461385e-12,9.255897103163305,0.5048180977036204,1.0,0.0,1.0000000000000002,1.0,0.0
3514,3.4011442103967075e-08,4.179802625450789e-12,9.256238222995211,0.5048203112447106,1.0,0.0,1.0000000000000002,1.0,0.0
3515,3.4011442103967075e-08,5.27971746062214e-12,9.25295445424717,0.5048347643659468,1.0,0.0,0.9999999999999999,1.0,0.0
3516,3.4011442103967075e-08,3.123827635318043e-12,9.25854851513895,0.5048471341543922,1.0,0.0,1.0000000000000002,1.0,0.0
3517,3.4011442103967075e-08,5.055638392958334e-12,9.255094048975558,0.5048162747874284,1.0,0.0,0.9999999999999999,1.0,0.0
3518,3.4011442103967075e-08,3.619127707603323e-12,9.258552741207815,0.5049007799737553,1.0,0.0,1.0,1.0,0.0
3519,3.4011442103967075e-08,9.451343809396178e-12,9.233927633125422,0.5049079414302236,1.0,0.0,0.9999999999999999,1.0,0.0
3520,3.4011442103967075e-08,5.406481596763261e-12,9.227605960805596,0.5049075508053253,1.0,0.0,0.9999999999999999,1.0,0.0
3521,3.4011442103967075e-08,6.880916595460003e-12,9.216997299315304,0.5048074206230675,1.0,0.0,0.9999999999999999,1.0,0.0
3522,3.4011442103967075e-08,4.475466295354e-12,9.21792841985707,0.504794399793125,1.0,0.0,1.0,1.0,0.0
3523,3.4011442103967075e-08,3.4638025316518118e-12,9.22258036583996,0.5048111966637508,1.0,0.0,1.0000000000000002,1.0,0.0
3524,3.4011442103967075e-08,7.225733183232262e-12,9.208913300221948,0.5048238268687951,1.0,0.0,0.9999999999999999,1.0,0.0
3525,3.4011442103967075e-08,3.557002526057162e-12,9.211981124683595,0.5047393216824683,1.0,0.0,0.9999999999999999,1.0,0.0
3526,3.4011442103967075e-08,1.1153174120219241e-11,9.181019866971429,0.5047300768932091,1.0,0.0,0.9999999999999999,1.0,0.0
3527,3.4011442103967075e-08,4.558877083041594e-12,9.180266535979742,0.5047578112609866,1.0,0.0,1.0000000000000002,1.0,0.0
3528,3.4011442103967075e-08,9.307450905570559e-12,9.157754669878369,0.5047394518907677,1.0,0.0,1.0,1.0,0.0
3529,3.4011442103967075e-08,3.133309561409563e-12,9.163130727711929,0.5047350248085873,1.0,0.0,1.0,1.0,0.0
3530,3.4011442103967075e-08,8.427985243368081e-12,9.148016736495455,0.5047782539639963,1.0,0.0,0.9999999999999999,1.0,0.0
3531,3.4011442103967075e-08,3.688311313533073e-12,9.150599580165792,0.5047966133342153,1.0,0.0,1.0,1.0,0.0
3532,3.4011442103967075e-08,3.354567653832647e-12,9.15438392091828,0.5046963529436581,1.0,0.0,1.0,1.0,0.0
3533,3.4011442103967075e-08,3.1661416751110714e-12,9.159379650901231,0.504718097729662,1.0,0.0,1.0,1.0,0.0
3534,3.4011442103967075e-08,4.809917487200586e-12,9.156541024809211,0.504766795633647,1.0,0.0,1.0,1.0,0.0
3535,3.4011442103967075e-08,6.070818998666226e-12,9.148609186583428,0.5046774727402414,1.0,0.0,0.9999999999999999,1.0,0.0
3536,3.4011442103967075e-08,4.666939538465254e-12,9.146669113571473,0.5046984362764488,1.0,0.0,0.9999999999999999,1.0,0.0
3537,3.4011442103967075e-08,3.48453517419292e-12,9.151804729871287,0.5047318998094011,1.0,0.0,1.0,1.0000000000000002,0.0
3538,3.4011442103967075e-08,3.2526077262140104e-12,9.156922220131777,0.5048009102080963,1.0,0.0,1.0,1.0,0.0
3539,3.4011442103967075e-08,5.627121479147376e-12,9.152535081474852,0.5048052070819773,1.0,0.0,1.0,1.0,0.0
3540,3.4011442103967075e-08,3.5233598393004846e-12,9.156806525324104,0.5048145820795359,1.0,0.0,1.0,1.0,0.0
3541,3.4011442103967075e-08,6.5942220363422296e-12,9.146210145904348,0.5047790352137929,1.0,0.0,1.0000000000000002,1.0,0.0
3542,3.4011442103967075e-08,1.2059258454408532e-11,9.111552450013098,0.5048160143708296,1.0,0.0,1.0000000000000002,1.0,0.0
3543,3.4011442103967075e-08,3.1674240066362577e-12,9.116491284744612,0.5048187487451176,1.0,0.0,1.0000000000000002,1.0,0.0
3544,3.4011442103967075e-08,1.7315126412130312e-11,9.059252879092577,0.5047881497947526,1.0,0.0,1.0,1.0000000000000002,0.0
3545,3.4011442103967075e-08,1.3401173490876417e-11,9.021646282289886,0.504799608125102,1.0,0.0,0.9999999999999999,1.0,0.0
3546,3.4011442103967075e-08,7.561820469938967e-12,9.007222552991882,0.5048193997866146,1.0,0.0,0.9999999999999999,1.0,0.0
3547,3.4011442103967075e-08,2.9161890223650393e-12,9.012464797408501,0.5047915352105377,1.0,0.0,0.9999999999999999,1.0,0.0
3548,3.4011442103967075e-08,3.755693709748431e-12,9.01472564473421,0.5047404935571631,1.0,0.0,1.0,1.0,0.0
3549,3.4011442103967075e-08,9.3259025538391e-12,8.991830096774791,0.5047881497947526,1.0,0.0,1.0,1.0,0.0
3550,3.4011442103967075e-08,1.1724320491168335e-11,8.959774443624681,0.5048015612495934,1.0,0.0,1.0,1.0,0.0
3551,3.4011442103967075e-08,5.6160327799039724e-12,8.955518511806947,0.504781509171482,1.0,0.0,0.9999999999999999,1.0,0.0
3552,3.4011442103967075e-08,3.4533438917473258e-12,8.95783758364955,0.504809373747559,1.0,0.0,0.9999999999999999,1.0,0.0
3553,3.4011442103967075e-08,3.545690818759652e-12,8.962846452843607,0.5047923164603343,1.0,0.0,0.9999999999999999,1.0,0.0
3554,3.4011442103967075e-08,7.269983165668601e-12,8.950559229333777,0.5047455716808407,1.0,0.0,0.9999999999999999,1.0,0.0
3555,3.4011442103967075e-08,6.905288951996487e-12,8.939177765739833,0.5047286446019155,1.0,0.0,1.0,1.0,0.0
3556,3.4011442103967075e-08,9.727996105130929e-12,8.917581190879464,0.5047227852284414,1.0,0.0,1.0000000000000002,1.0000000000000002,0.0
3557,3.4011442103967075e-08,4.562943947708769e-12,8.917861094149286,0.5047975247923112,1.0,0.0,1.0,1.0,0.0
3558,3.4011442103967075e-08,4.45822670160173e-12,8.918540743178305,0.5047515612626142,1.0,0.0,0.9999999999999999,1.0,0.0
3559,3.4011442103967075e-08,3.4956617132993637e-12,8.922695605570365,0.5047510404294165,1.0,0.0,1.0,1.0,0.0
3560,3.4011442103967075e-08,4.724552700036582e-12,8.922099468164275,0.5047524727207102,1.0,0.0,1.0,1.0,0.0
3561,3.4011442103967075e-08,9.529066945500786e-12,8.90156924660785,0.5047026029420305,1.0,0.0,1.0,1.0,0.0
3562,3.4011442103967075e-08,3.934461089168393e-12,8.90499211127113,0.5046658842015926,1.0,0.0,0.9999999999999999,1.0,0.0
3563,3.4011442103967075e-08,3.3584002872010268e-12,8.910341776471615,0.5046869779460995,1.0,0.0,0.9999999999999999,1.0,0.0
3564,3.4011442103967075e-08,3.3448042361135157e-12,8.914461258171633,0.5046627592024064,1.0,0.0,0.9999999999999999,1.0000000000000002,0.0
3565,3.4011442103967075e-08,1.0284549399949461e-11,8.888480135045056,0.5047013008590362,1.0,0.0,1.0000000000000002,1.0,0.0
3566,3.4011442103967075e-08,2.680594346451255e-12,8.894647495898491,0.5047507800128177,1.0,0.0,1.0,1.0000000000000002,0.0
3567,3.4011442103967075e-08,5.9949871456134306e-12,8.887243546370499,0.5047388008492706,1.0,0.0,1.0000000000000002,1.0,0.0
3568,3.4011442103967075e-08,3.701839119231597e-12,8.889994125932143,0.5047330716840959,1.0,0.0,0.9999999999999999,1.0,0.0
3569,3.4011442103967075e-08,3.1322132638745984e-12,8.895182494537321,0.5047079414823069,1.0,0.0,1.0000000000000002,1.0,0.0
3570,3.4011442103967075e-08,3.957615966090068e-12,8.89747884786001,0.5046924466946754,1.0,0.0,1.0000000000000002,1.0,0.0
3571,3.4011442103967075e-08,3.4612562140073973e-12,8.901087643418352,0.504659243578322,1.0,0.0,1.0,1.0,0.0
3572,3.4011442103967075e-08,9.241475387174988e-12,8.882048892517089,0.5046783841983374,1.0,0.0,1.0,1.0,0.0
3573,3.4011442103967075e-08,1.59249921565079e-11,8.834268585962098,0.5047080716906064,1.0,0.0,1.0,1.0,0.0
3574,3.4011442103967075e-08,4.079739711639839e-12,8.834790596494681,0.5046605456613162,1.0,0.0,1.0000000000000002,1.0000000000000002,0.0
3575,3.4011442103967075e-08,5.387136930642763e-12,8.831624896940774,0.5047110664814931,1.0,0.0,0.9999999999999999,1.0,0.0
3576,3.4011442103967075e-08,3.738666907431789e-12,8.832456415828775,0.5046585925368249,1.0,0.0,1.0,1.0,0.0
3577,3.4011442103967075e-08,1.1015924619546198e-11,8.805934746429383,0.5046240873374772,1.0,0.0,0.9999999999999999,1.0,0.0
3578,3.4011442103967075e-08,5.601528570859921e-12,8.802538280290468,0.5046848946133087,1.0,0.0,0.9999999999999999,1.0,0.0
3579,3.4011442103967075e-08,3.145770264501983e-12,8.807606725675884,0.5047075508574086,1.0,0.0,0.9999999999999999,1.0,0.0
3580,3.4011442103967075e-08,3.219400827899762e-12,8.811882245090024,0.5047575508443878,1.0,0.0,1.0,1.0,0.0
3581,3.4011442103967075e-08,7.215589658269234e-12,8.799551592901997,0.5047481758468292,1.0,0.0,1.0,1.0,0.0
3582,3.4011442103967075e-08,4.144046942373851e-12,8.800695224453383,0.5047843737540694,1.0,0.0,1.0000000000000002,1.0,0.0
3583,3.4011442103967075e-08,9.003190523863874e-12,8.782713896041024,0.5047443998061459,1.0,0.0,1.0,1.0,0.0
3584,3.4011442103967075e-08,3.719921257960462e-12,8.78768415461618,0.5047026029420305,1.0,0.0,1.0000000000000002,1.0,0.0
3585,3.4011442103967075e-08,8.560654093420111e-12,8.769471027046247,0.5047462227223378,1.0,0.0,1.0000000000000002,1.0,0.0
3586,3.4011442103967075e-08,6.068660462866406e-12,8.763843627075158,0.5046746081576541,1.0,0.0,1.0,1.0,0.0
3587,3.4011442103967075e-08,3.8837800139658604e-12,8.767131780412509,0.5047111966897925,1.0,0.0,1.0,1.0,0.0
3588,3.4011442103967075e-08,5.629183338524421e-12,8.761211929110269,0.5046652331600955,1.0,0.0,1.0000000000000002,1.0,0.0
3589,3.4011442103967075e-08,5.440673279452431e-12,8.755882696219535,0.5046727852414622,1.0,0.0,0.9999999999999999,1.0,0.0
3590,3.4011442103967075e-08,6.53618128947334e-12,8.746894724505841,0.5047220039786448,1.0,0.0,1.0000000000000002,1.0,0.0
3591,3.4011442103967075e-08,3.1689971825623092e-12,8.751821040988478,0.5047117175229903,1.0,0.0,0.9999999999999999,1.0,0.0
3592,3.4011442103967075e-08,3.0864137938887773e-12,8.75713321683749,0.5047070300242109,1.0,0.0,0.9999999999999999,1.0,0.0
3593,3.4011442103967075e-08,1.4906305121242725e-11,8.712727647989162,0.5046904935701839,1.0,0.0,0.9999999999999999,1.0000000000000002,0.0
3594,3.4011442103967075e-08,3.093205487958061e-12,8.717625264946568,0.5047518216792131,1.0,0.0,1.0000000000000002,1.0,0.0
3595,3.4011442103967075e-08,2.9029711342920433e-12,8.72261103366997,0.5047204414790517,1.0,0.0,1.0,1.0,0.0
3596,3.4011442103967075e-08,4.283810549205296e-12,8.724859417802948,0.5047186185628597,1.0,0.0,1.0,1.0,0.0
3597,3.4011442103967075e-08,3.433762860622393e-12,8.728916015274422,0.5047070300242109,1.0,0.0,0.9999999999999999,1.0,0.0
3598,3.4011442103967075e-08,8.597359420264168e-12,8.710516320902428,0.5047174466881649,1.0,0.0,1.0000000000000002,1.0,0.0
3599,3.4011442103967075e-08,4.553509558046349e-12,8.71180771518382,0.5046847644050093,1.0,0.0,1.0,1.0,0.0
3600,3.4011442103967075e-08,2.9850837867697193e-12,8.717364018098069,0.5047358060583839,1.0,0.0,1.0,1.0,0.0
3601,3.4011442103967075e-08,2.9223327065406327e-12,8.72250932384172,0.5047140612723798,1.0,0.0,1.0000000000000002,1.0,0.0
3602,3.4011442103967075e-08,5.1583155569079945e-12,8.719551591434854,0.5047592435522803,1.0,0.0,1.0,1.0,0.0
3603,3.4011442103967075e-08,3.8691683431652506e-12,8.720381919050595,0.504745962305739,1.0,0.0,0.9999999999999999,1.0,0.0
3604,3.4011442103967075e-08,4.562596292516147e-12,8.720677363890434,0.5047555977198964,1.0,0.0,0.9999999999999999,1.0,0.0
3605,3.4011442103967075e-08,6.219080500604981e-12,8.712808951667032,0.5047298164766103,1.0,0.0,0.9999999999999999,1.0,0.0
3606,3.4011442103967075e-08,3.1558652494552257e-12,8.718047546757504,0.5046907539867829,1.0,0.0,1.0,1.0,0.0
3607,3.4011442103967075e-08,3.4253474598078436e-12,8.72321910179396,0.5046726550331627,1.0,0.0,1.0,1.0000000000000002,0.0
3608,3.4011442103967075e-08,6.953978312415925e-12,8.71359899860874,0.5046894519037886,1.0,0.0,1.0,1.0,0.0
3609,3.4011442103967075e-08,4.273163393725467e-12,8.714032409800447,0.5046684883675812,1.0,0.0,0.9999999999999999,1.0,0.0
3610,3.4011442103967075e-08,2.620180158092493e-12,8.719747319263723,0.5046216133797882,1.0,0.0,0.9999999999999999,1.0,0.0
3611,3.4011442103967075e-08,5.207443260647291e-12,8.716606988363552,0.5047095039819,1.0,0.0,1.0,1.0,0.0
3612,3.4011442103967075e-08,3.7776823291990905e-12,8.719445587223996,0.5046649727434966,1.0,0.0,1.0,1.0,0.0
3613,3.4011442103967075e-08,4.116300709208539e-12,8.721051872294352,0.5047068998159115,1.0,0.0,1.0,1.0000000000000002,0.0
3614,3.4011442103967075e-08,3.3075370190523514e-12,8.7260061424318,0.5046804675311283,1.0,0.0,1.0,1.0,0.0
3615,3.4011442103967075e-08,2.9047334434515373e-12,8.731381411472388,0.5046865873212012,1.0,0.0,1.0000000000000002,1.0,0.0
3616,3.4011442103967075e-08,8.2351520514738e-12,8.715118065933131,0.5046770821153432,1.0,0.0,1.0,1.0,0.0
3617,3.4011442103967075e-08,4.569000560508321e-12,8.714726744350642,0.5047384102243724,1.0,0.0,0.9999999999999999,1.0,0.0
3618,3.4011442103967075e-08,4.132163935981643e-12,8.715832804166908,0.5046906237784834,1.0,0.0,1.0000000000000002,1.0,0.0
3619,3.4011442103967075e-08,3.135241940222501e-12,8.72103984080581,0.5047019519005334,1.0,0.0,0.9999999999999999,1.0,0.0
3620,3.4011442103967075e-08,3.497769159158744e-12,8.725406483028975,0.5047578112609866,1.0,0.0,1.0000000000000002,1.0,0.0
3621,3.4011442103967075e-08,8.289623089829826e-12,8.709211440025186,0.5048341133244496,1.0,0.0,1.0,1.0,0.0
3622,3.4011442103967075e-08,5.544252844114226e-12,8.70546618875905,0.5047891914611481,1.0,0.0,1.0,1.0,0.0
3623,3.4011442103967075e-08,3.795028371753507e-12,8.708776853571955,0.5047904935441423,1.0,0.0,1.0,1.0,0.0
3624,3.4011442103967075e-08,3.182710579220025e-12,8.71411243761967,0.5047372383496775,1.0,0.0,1.0000000000000002,1.0,0.0
3625,3.4011442103967075e-08,4.742145407787014e-12,8.71441005059931,0.5047692695913361,1.0,0.0,1.0000000000000002,1.0,0.0
3626,3.4011442103967075e-08,3.099228271809015e-12,8.719407035454841,0.5048279935343767,1.0,0.0,1.0,1.0,0.0
3627,3.4011442103967075e-08,3.5267135949186837e-12,8.72274680256023,0.5047592435522803,1.0,0.0,1.0000000000000002,1.0,0.0
3628,3.4011442103967075e-08,4.295766078570201e-12,8.723794459034727,0.504699998776042,1.0,0.0,1.0000000000000002,1.0,0.0
3629,3.4011442103967075e-08,6.7486987967101406e-12,8.712848381331282,0.50466874878418,1.0,0.0,1.0,1.0,0.0
3630,3.4011442103967075e-08,6.354285602509049e-12,8.70464929653463,0.5047697904245337,1.0,0.0,0.9999999999999999,1.0,0.0
3631,3.4011442103967075e-08,3.4526365658747533e-12,8.709211055917827,0.5047630195929637,1.0,0.0,1.0000000000000002,1.0,0.0
3632,3.4011442103967075e-08,7.528721885659308e-12,8.696456705418639,0.5048054674985761,1.0,0.0,1.0000000000000002,1.0,0.0
3633,3.4011442103967075e-08,5.336389490409434e-12,8.692709811379435,0.5047674466751441,1.0,0.0,1.0000000000000002,1.0,0.0
3634,3.4011442103967075e-08,3.265053325262254e-12,8.697986641635525,0.5047981758338084,1.0,0.0,1.0,1.0,0.0
3635,3.4011442103967075e-08,1.2776865424273948e-11,8.663104584531183,0.5048151029127336,1.0,0.0,1.0,1.0,0.0
3636,3.4011442103967075e-08,4.150370389504976e-12,8.664010618980884,0.5048273424928795,1.0,0.0,1.0,1.0000000000000002,0.0
3637,3.4011442103967075e-08,2.949778050207111e-12,8.668484854822236,0.5047975247923112,1.0,0.0,1.0000000000000002,1.0,0.0
3638,3.4011442103967075e-08,3.4116105187927383e-12,8.672984118148607,0.5048330716580542,1.0,0.0,1.0000000000000002,1.0,0.0
3639,3.4011442103967075e-08,9.70176982245543e-12,8.652414327035373,0.5048415351975168,1.0,0.0,1.0,1.0,0.0
3640,3.4011442103967075e-08,7.2391597435466215e-12,8.639872736500338,0.5048252591600888,1.0,0.0,0.9999999999999999,1.0,0.0
3641,3.4011442103967075e-08,7.533926466226513e-12,8.627639436279688,0.5047766914644033,1.0,0.0,1.0000000000000002,1.0000000000000002,0.0
3642,3.4011442103967075e-08,3.3878033925548774e-12,8.631544791676506,0.5047888008362498,1.0,0.0,1.0000000000000002,1.0,0.0
3643,3.4011442103967075e-08,8.298626496816148e-12,8.615693061904981,0.5047161446051707,1.0,0.0,1.0,1.0,0.0
3644,3.4011442103967075e-08,6.988804831485051e-12,8.606073538334456,0.5047567695945913,1.0,0.0,1.0000000000000002,1.0,0.0
3645,3.4011442103967075e-08,5.742846624295291e-12,8.599787340473128,0.5047134102308828,1.0,0.0,0.9999999999999999,1.0,0.0
3646,3.4011442103967075e-08,1.5771565835591595e-11,8.554276157465562,0.5047436185563493,1.0,0.0,1.0,1.0,0.0
3647,3.4011442103967075e-08,5.078458696966146e-12,8.552122361225473,0.5047473945970327,1.0,0.0,1.0000000000000002,1.0,0.0
3648,3.4011442103967075e-08,4.187528370653419e-12,8.554294803516338,0.5047481758468292,1.0,0.0,1.0000000000000002,1.0,0.0
3649,3.4011442103967075e-08,3.184729082052663e-12,8.559262671040793,0.5047082018989058,1.0,0.0,1.0,1.0,0.0
3650,3.4011442103967075e-08,8.630898327377144e-12,8.54091848023452,0.5047352852251862,1.0,0.0,1.0000000000000002,1.0000000000000002,0.0
3651,3.4011442103967075e-08,2.7513116776365413e-12,8.546537456143378,0.5047304675181075,1.0,0.0,1.0,1.0,0.0
3652,3.4011442103967075e-08,1.6451569135073437e-11,8.497360272759972,0.5047348946002879,1.0,0.0,0.9999999999999999,1.0,0.0
3653,3.4011442103967075e-08,9.295407265840373e-12,8.475631239742407,0.50472083210395,1.0,0.0,1.0000000000000002,1.0,0.0
3654,3.4011442103967075e-08,4.267536786074382e-12,8.477122867618835,0.5047291654351131,1.0,0.0,1.0,1.0,0.0
3655,3.4011442103967075e-08,4.687646214657499e-12,8.475208570685131,0.5047678373000424,1.0,0.0,0.9999999999999999,1.0,0.0
3656,3.4011442103967075e-08,1.109408809978935e-11,8.450848776284953,0.504711326898092,1.0,0.0,0.9999999999999999,1.0,0.0
3657,3.4011442103967075e-08,5.613500348874149e-12,8.447612610094078,0.5047183581462609,1.0,0.0,0.9999999999999999,1.0,0.0
3658,3.4011442103967075e-08,7.629502317667184e-12,8.43554336749495,0.5047553373032976,1.0,0.0,1.0,1.0,0.0
3659,3.4011442103967075e-08,2.9207432202213697e-12,8.440838303808077,0.5047812487548832,1.0,0.0,1.0,1.0000000000000002,0.0
3660,3.4011442103967075e-08,2.677196410693158e-12,8.44655911850202,0.504730337309808,1.0,0.0,0.9999999999999999,1.0,0.0
3661,3.4011442103967075e-08,6.025853405406213e-12,8.440446023184363,0.5047117175229903,1.0,0.0,1.0000000000000002,1.0,0.0
3662,3.4011442103967075e-08,6.913224000581559e-12,8.430905541888343,0.5046882800290937,1.0,0.0,1.0000000000000002,1.0,0.0
3663,3.4011442103967075e-08,1.0894369839440647e-11,8.406008617448975,0.5046654935766944,1.0,0.0,1.0000000000000002,1.0,0.0
3664,3.4011442103967075e-08,3.224252417728447e-12,8.410370362381483,0.5046945300274661,1.0,0.0,0.9999999999999999,1.0,0.0
3665,3.4011442103967075e-08,4.1718754156499805e-12,8.412053731807346,0.5046792956564334,1.0,0.0,0.9999999999999999,1.0,0.0
3666,3.4011442103967075e-08,2.9499202521000417e-12,8.417235453370708,0.5046880196124949,1.0,0.0,0.9999999999999999,1.0,0.0
3667,3.4011442103967075e-08,9.892275897374029e-12,8.395341854354134,0.5046851550299075,1.0,0.0,1.0,1.0,0.0
3668,3.4011442103967075e-08,1.4926655789085257e-11,8.354743672091876,0.5046546862878422,1.0,0.0,1.0,1.0,0.0
3669,3.4011442103967075e-08,4.807794827534384e-12,8.354036223219031,0.5046869779460995,1.0,0.0,1.0000000000000002,1.0,0.0
3670,3.4011442103967075e-08,3.682581205050215e-12,8.357272380324648,0.5047417956401574,1.0,0.0,0.9999999999999999,1.0,0.0
3671,3.4011442103967075e-08,3.173613210639022e-12,8.361980543691816,0.5047863268785607,1.0,0.0,1.0,1.0000000000000002,0.0
3672,3.4011442103967075e-08,1.331134479684525e-11,8.329212954417569,0.5046993477345448,1.0,0.0,0.9999999999999999,1.0000000000000002,0.0
3673,3.4011442103967075e-08,3.4036132275048403e-12,8.332545592790515,0.5047253893944298,1.0,0.0,1.0,1.0,0.0
3674,3.4011442103967075e-08,4.477248006291962e-12,8.333121250128276,0.5047382800160729,1.0,0.0,1.0,1.0,0.0
3675,3.4011442103967075e-08,3.6095697558202825e-12,8.335168625136955,0.5048149727044342,1.0,0.0,0.9999999999999999,1.0,0.0
3676,3.4011442103967075e-08,3.1568080537704127e-12,8.340607831056529,0.5048384101983306,1.0,0.0,1.0,1.0,0.0
3677,3.4011442103967075e-08,3.722141865647428e-12,8.344468376737606,0.5047860664619619,1.0,0.0,1.0,1.0000000000000002,0.0
3678,3.4011442103967075e-08,4.1864903417756635e-12,8.344295444080997,0.5047455716808407,1.0,0.0,0.9999999999999999,1.0,0.0
3679,3.4011442103967075e-08,6.590423895628457e-12,8.337961989278346,0.5046708321169708,1.0,0.0,0.9999999999999999,1.0,0.0
3680,3.4011442103967075e-08,6.112859112677068e-12,8.33118290050773,0.5046976550266523,1.0,0.0,0.9999999999999999,1.0,0.0
3681,3.4011442103967075e-08,3.316817383574203e-12,8.335550556915745,0.5046785144066369,1.0,0.0,1.0000000000000002,1.0,0.0
3682,3.4011442103967075e-08,5.7431700119947955e-12,8.330077699196888,0.5047332018923953,1.0,0.0,1.0000000000000002,1.0,0.0
3683,3.4011442103967075e-08,4.080322397113368e-12,8.332613490267525,0.5047289050185143,1.0,0.0,1.0,1.0,0.0
3684,3.4011442103967075e-08,3.276896955821352e-12,8.33771253055476,0.5047315091845028,1.0,0.0,1.0000000000000002,1.0,0.0
3685,3.4011442103967075e-08,4.091017750556568e-12,8.33809301507336,0.5046576810787289,1.0,0.0,0.9999999999999999,1.0,0.0
3686,3.4011442103967075e-08,5.814571965873087e-12,8.331370839398895,0.5046477852479726,1.0,0.0,1.0000000000000002,1.0,0.0
3687,3.4011442103967075e-08,5.8877828108442415e-12,8.324692245777882,0.5045843738061526,1.0,0.0,0.9999999999999999,1.0,0.0
3688,3.4011442103967075e-08,4.5775474972926174e-12,8.324080756917002,0.5045627592284481,1.0,0.0,0.9999999999999999,1.0,0.0
3689,3.4011442103967075e-08,3.0454098042354813e-12,8.328174232784672,0.5044921863301598,1.0,0.0,0.9999999999999999,1.0,0.0
3690,3.4011442103967075e-08,3.0884999560606477e-12,8.33318588244412,0.504581118598667,1.0,0.0,0.9999999999999998,1.0000000000000002,0.0
3691,3.4011442103967075e-08,1.331820482401346e-11,8.3001664687044,0.504543097775235,1.0,0.0,0.9999999999999999,1.0,0.0
3692,3.4011442103967075e-08,3.2178829964949604e-12,8.304624170486298,0.5045805977654694,1.0,0.0,0.9999999999999999,1.0,0.0
3693,3.4011442103967075e-08,4.652465566359819e-12,8.303822241600614,0.504637498792318,1.0,0.0,1.0,1.0000000000000002,0.0
3694,3.4011442103967075e-08,2.745195140714845e-12,8.309460060852373,0.5046169258810089,1.0,0.0,1.0,1.0,0.0
3695,3.4011442103967075e-08,3.0864146006898906e-12,8.313555924477889,0.5045779935994809,1.0,0.0,1.0,1.0,0.0
3696,3.4011442103967075e-08,3.7311664212861466e-12,8.317355836470732,0.5045138009078644,1.0,0.0,1.0,1.0,0.0
3697,3.4011442103967075e-08,3.0375117478221936e-12,8.32264120971765,0.5045282540291005,1.0,0.0,1.0000000000000002,1.0,0.0
3698,3.4011442103967075e-08,6.5759758337636216e-12,8.31382112830258,0.5045214831975304,1.0,0.0,1.0,1.0,0.0
3699,3.4011442103967075e-08,6.111903021003986e-12,8.305479992175629,0.504576821724786,1.0,0.0,0.9999999999999999,1.0,0.0
3700,3.4011442103967075e-08,3.4225260653682945e-12,8.309372048321993,0.5045894519298302,1.0,0.0,1.0,1.0,0.0
3701,3.4011442103967075e-08,4.8689345498173746e-12,8.307450221816088,0.5045374988183596,1.0,0.0,0.9999999999999999,1.0,0.0
3702,3.4011442103967075e-08,3.2921252834671425e-12,8.311344352990606,0.5045106759086782,1.0,0.0,0.9999999999999999,1.0,0.0
3703,3.4011442103967075e-08,9.768291639439043e-12,8.291195114190966,0.5045126290331695,1.0,0.0,1.0,1.0,0.0
3704,3.4011442103967075e-08,6.1292750248518546e-12,8.284780169987302,0.5044992175783287,1.0,0.0,1.0000000000000002,1.0,0.0
3705,3.4011442103967075e-08,3.2846091464085017e-12,8.2886980661928,0.5044830717492,1.0,0.0,1.0000000000000002,1.0,0.0
3706,3.4011442103967075e-08,3.1795625263671955e-12,8.293943895237135,0.5045690092268205,1.0,0.0,0.9999999999999999,1.0,0.0
3707,3.4011442103967075e-08,6.66768661783978e-12,8.287241097804959,0.5045928373456152,1.0,0.0,0.9999999999999999,1.0,0.0
3708,3.4011442103967075e-08,4.9252703797153515e-12,8.286324806118323,0.5045555977719798,1.0,0.0,0.9999999999999999,1.0,0.0
3709,3.4011442103967075e-08,3.7450340753786744e-12,8.28952252809598,0.504540363400947,1.0,0.0,1.0,1.0,0.0
3710,3.4011442103967075e-08,3.3987081182292164e-12,8.292188743201315,0.5044934884131541,1.0,0.0,1.0,1.0,0.0
3711,3.4011442103967075e-08,6.017659127401018e-12,8.28757975340769,0.5044261707223514,1.0,0.0,0.9999999999999999,1.0,0.0
3712,3.4011442103967075e-08,3.67442890569926e-12,8.292021092611,0.5044950509127472,1.0,0.0,1.0,1.0,0.0
3713,3.4011442103967075e-08,3.6508549190928496e-12,8.296576493556824,0.5045187488232425,1.0,0.0,1.0,1.0,0.0
3714,3.4011442103967075e-08,2.7162009137422575e-12,8.30238263045292,0.504524087363519,1.0,0.0,0.9999999999999999,1.0,0.0
3715,3.4011442103967075e-08,9.037304814437612e-12,8.28468639717455,0.5044923165384593,1.0,0.0,0.9999999999999999,1.0000000000000002,0.0
3716,3.4011442103967075e-08,7.418329782085713e-12,8.273632685796025,0.5044653634204783,1.0,0.0,1.0,1.0,0.0
3717,3.4011442103967075e-08,5.83091007394313e-12,8.268727459717034,0.504483983207296,1.0,0.0,0.9999999999999998,1.0000000000000002,0.0
3718,3.4011442103967075e-08,3.692251398401125e-12,8.272255163409778,0.5045180977817454,1.0,0.0,1.0,1.0000000000000002,0.0
3719,3.4011442103967075e-08,2.8905874296806365e-12,8.276826397918652,0.5045434884001332,1.0,0.0,1.0,1.0,0.0
3720,3.4011442103967075e-08,8.688135287336596e-12,8.260098309223975,0.5045382800681563,1.0,0.0,1.0,1.0,0.0
3721,3.4011442103967075e-08,5.737501847248858e-12,8.255904630247917,0.5045696602683176,1.0,0.0,1.0000000000000002,1.0,0.0
3722,3.4011442103967075e-08,1.1791236347108637e-11,8.226886231351122,0.5045315092365862,1.0,0.0,1.0,1.0,0.0
3723,3.4011442103967075e-08,3.721060442816437e-12,8.23152846055155,0.5046115873407324,1.0,0.0,1.0,1.0,0.0
3724,3.4011442103967075e-08,7.863297356880136e-12,8.21972442372958,0.5045394519428511,1.0,0.0,1.0,1.0,0.0
3725,3.4011442103967075e-08,4.0860486639217276e-12,8.221005761205411,0.5045563790217763,1.0,0.0,0.9999999999999999,1.0,0.0
3726,3.4011442103967075e-08,6.499741482803311e-12,8.21489187500773,0.504590623804525,1.0,0.0,0.9999999999999999,1.0,0.0
3727,3.4011442103967075e-08,2.5254500962704264e-12,8.220712248177747,0.5046338529599341,1.0,0.0,1.0,1.0,0.0
3728,3.4011442103967075e-08,3.4483266073290858e-12,8.224979672716772,0.5046428373325944,1.0,0.0,0.9999999999999999,1.0,0.0
3729,3.4011442103967075e-08,4.442151587291226e-12,8.225120478944941,0.5046992175262455,1.0,0.0,1.0,1.0,0.0
3730,3.4011442103967075e-08,3.780475902882424e-12,8.227715593865094,0.5047101550233971,1.0,0.0,1.0,1.0,0.0
3731,3.4011442103967075e-08,3.398896300881818e-12,8.231253363640896,0.5046691394090783,1.0,0.0,0.9999999999999999,1.0,0.0
3732,3.4011442103967075e-08,2.9666556214311298e-12,8.235048685073744,0.5046533842048478,1.0,0.0,1.0000000000000002,1.0,0.0
3733,3.4011442103967075e-08,7.568569375231472e-12,8.223877737043665,0.5046526029550513,1.0,0.0,1.0,1.0,0.0
3734,3.4011442103967075e-08,2.951166558173257e-12,8.229165345938979,0.5046553373293392,1.0,0.0,1.0000000000000002,1.0,0.0
3735,3.4011442103967075e-08,4.330891332406921e-12,8.230786199694483,0.504593358178813,1.0,0.0,1.0000000000000002,1.0,0.0
3736,3.4011442103967075e-08,5.302553171535774e-12,8.226771595010613,0.5046196602552968,1.0,0.0,1.0000000000000002,1.0,0.0
3737,3.4011442103967075e-08,3.270411710623576e-12,8.231147756267472,0.5046378894172163,1.0,0.0,1.0,1.0000000000000002,0.0
3738,3.4011442103967075e-08,4.056941936023379e-12,8.233752164892929,0.5046260404619687,1.0,0.0,1.0000000000000002,1.0,0.0
3739,3.4011442103967075e-08,3.4051587858197006e-12,8.237921481617201,0.5046845039884105,1.0,0.0,1.0000000000000002,1.0,0.0
3740,3.4011442103967075e-08,2.951406233205873e-12,8.242308069864249,0.5046786446149363,1.0,0.0,1.0000000000000002,1.0,0.0
3741,3.4011442103967075e-08,3.6420881765601265e-12,8.246855879233218,0.5046263008785675,1.0,0.0,1.0,1.0,0.0
3742,3.4011442103967075e-08,3.613336005491296e-12,8.249751058303064,0.5046263008785675,1.0,0.0,0.9999999999999999,1.0,0.0
3743,3.4011442103967075e-08,5.349919029201961e-12,8.24599922094592,0.5046677071177846,1.0,0.0,1.0000000000000002,1.0,0.0
3744,3.4011442103967075e-08,3.941219822167808e-12,8.248514418713098,0.5045921863041182,1.0,0.0,1.0,1.0,0.0
3745,3.4011442103967075e-08,3.684493046064709e-12,8.250472875091111,0.5045943998452084,1.0,0.0,1.0000000000000002,1.0000000000000002,0.0
3746,3.4011442103967075e-08,8.298139220089535e-12,8.235564292745648,0.50460533734236,1.0,0.0,0.9999999999999999,1.0,0.0
3747,3.4011442103967075e-08,2.7571440920815442e-12,8.240616610879073,0.5046781237817386,1.0,0.0,1.0000000000000002,1.0,0.0
3748,3.4011442103967075e-08,4.00806263052183e-12,8.243207977805499,0.5046420560827979,1.0,0.0,1.0000000000000002,1.0,0.0
3749,3.4011442103967075e-08,3.918160628942955e-12,8.244961301496556,0.5046955716938616,1.0,0.0,0.9999999999999999,1.0000000000000002,0.0
3750,3.4011442103967075e-08,2.6887855220804512e-12,8.250512746243972,0.5047367175164799,1.0,0.0,1.0000000000000002,1.0,0.0
3751,3.4011442103967075e-08,3.0982876866552083e-12,8.255676083718898,0.5047492175132247,1.0,0.0,1.0,1.0,0.0
3752,3.4011442103967075e-08,3.1329538352666068e-12,8.26072487750505,0.5047545560535011,1.0,0.0,1.0000000000000002,1.0,0.0
3753,3.4011442103967075e-08,3.1207567785686436e-12,8.266157892834132,0.5047338529338925,1.0,0.0,1.0000000000000002,1.0,0.0
3754,3.4011442103967075e-08,4.14905424715383e-12,8.267372206927622,0.5047036446084259,1.0,0.0,1.0,1.0,0.0
3755,3.4011442103967075e-08,4.666482224255419e-12,8.26600316510576,0.5046783841983374,1.0,0.0,1.0,1.0000000000000002,0.0
3756,3.4011442103967075e-08,3.521636297911904e-12,8.270154250176551,0.504718097729662,1.0,0.0,0.9999999999999998,1.0000000000000002,0.0
3757,3.4011442103967075e-08,4.956613383762378e-12,8.2684893464316,0.5047281237687178,1.0,0.0,1.0,1.0,0.0
3758,3.4011442103967075e-08,3.646512682441891e-12,8.271952603447376,0.5047186185628597,1.0,0.0,1.0000000000000002,1.0,0.0
3759,3.4011442103967075e-08,3.3505848632293375e-12,8.275576767076297,0.5047445300144453,1.0,0.0,1.0000000000000002,1.0,0.0
3760,3.4011442103967075e-08,3.5507890700621348e-12,8.27988344091168,0.5047289050185143,1.0,0.0,1.0,1.0,0.0
3761,3.4011442103967075e-08,3.1308247842024652e-12,8.284038690754008,0.5047414050152591,1.0,0.0,0.9999999999999999,1.0,0.0
3762,3.4011442103967075e-08,3.8671454000052615e-12,8.288135768858714,0.504748436263428,1.0,0.0,0.9999999999999999,1.0,0.0
3763,3.4011442103967075e-08,3.3082324995530266e-12,8.292603419343974,0.5047233060616391,1.0,0.0,1.0000000000000002,1.0,0.0
3764,3.4011442103967075e-08,3.245646119558542e-12,8.29726689163557,0.504744139389547,1.0,0.0,1.0,1.0,0.0
3765,3.4011442103967075e-08,3.286912953603826e-12,8.302272103444123,0.5046458321234812,1.0,0.0,1.0000000000000002,1.0,0.0
3766,3.4011442103967075e-08,5.696235112720882e-12,8.297723567552728,0.5046468737898766,1.0,0.0,1.0,1.0,0.0
3767,3.4011442103967075e-08,4.050655497935073e-12,8.298433529627145,0.5046325508769399,1.0,0.0,0.9999999999999999,1.0,0.0
3768,3.4011442103967075e-08,3.6297452725351157e-12,8.302193298026953,0.5046841133635122,1.0,0.0,0.9999999999999999,1.0,0.0
3769,3.4011442103967075e-08,3.1377934362699167e-12,8.307918548831625,0.5047449206393436,1.0,0.0,1.0000000000000002,1.0,0.0
3770,3.4011442103967075e-08,1.0068830173801707e-11,8.285573243097172,0.5047471341804338,1.0,0.0,1.0,1.0,0.0
3771,3.4011442103967075e-08,2.8102026251073535e-12,8.291119267547272,0.5047867175034589,1.0,0.0,1.0,1.0,0.0
3772,3.4011442103967075e-08,4.636683948128167e-12,8.289384423771079,0.5047954414595205,1.0,0.0,0.9999999999999999,1.0,0.0
3773,3.4011442103967075e-08,3.000902114607082e-12,8.294123193881672,0.5048287747841732,1.0,0.0,0.9999999999999999,1.0,0.0
3774,3.4011442103967075e-08,3.7985650643973035e-12,8.296181770461944,0.5047720039656239,1.0,0.0,0.9999999999999999,1.0,0.0
3775,3.4011442103967075e-08,5.9542942829913896e-12,8.289171763235297,0.5046645821185984,1.0,0.0,0.9999999999999999,1.0,0.0
3776,3.4011442103967075e-08,5.055875738526621e-12,8.287012265362632,0.5047007800258385,1.0,0.0,1.0,1.0,0.0
3777,3.4011442103967075e-08,2.8789919098148364e-12,8.292578980346198,0.5046963529436581,1.0,0.0,1.0,1.0,0.0
3778,3.4011442103967075e-08,2.64099155213396e-12,8.298284076461073,0.5046496081641645,1.0,0.0,1.0,1.0,0.0
3779,3.4011442103967075e-08,1.0787554272774117e-11,8.273454902433953,0.5046772123236426,1.0,0.0,1.0,1.0,0.0
3780,3.4011442103967075e-08,4.568068107265775e-12,8.273130041813067,0.5046501289973623,1.0,0.0,0.9999999999999999,1.0,0.0
3781,3.4011442103967075e-08,3.308690851665226e-12,8.276502512703011,0.5046024727597728,1.0,0.0,0.9999999999999999,1.0,0.0
3782,3.4011442103967075e-08,3.657098911895458e-12,8.279212751033477,0.5045649727695384,1.0,0.0,0.9999999999999999,1.0,0.0
3783,3.4011442103967075e-08,4.434464603387516e-12,8.278225701702178,0.5045826810982601,1.0,0.0,1.0000000000000002,1.0,0.0
3784,3.4011442103967075e-08,9.997702271521736e-12,8.255889916493242,0.5045955717199032,1.0,0.0,1.0,1.0,0.0
3785,3.4011442103967075e-08,3.068753422687337e-12,8.261446785443955,0.5046291654611549,1.0,0.0,1.0000000000000002,1.0,0.0
3786,3.4011442103967075e-08,3.771319421679046e-12,8.263700709123462,0.5046242175457767,1.0,0.0,0.9999999999999999,1.0,0.0
3787,3.4011442103967075e-08,3.3686460339554276e-12,8.26876010838867,0.5046145821316192,1.0,0.0,1.0,1.0,0.0
3788,3.4011442103967075e-08,8.10989219425748e-12,8.256020724421571,0.5046295560860531,1.0,0.0,1.0000000000000002,1.0,0.0
3789,3.4011442103967075e-08,5.16213339638767e-12,8.253756245291509,0.5046023425514733,1.0,0.0,1.0,1.0,0.0
3790,3.4011442103967075e-08,3.559164673000979e-12,8.255966863222351,0.5045221342390276,1.0,0.0,0.9999999999999999,1.0,0.0
3791,3.4011442103967075e-08,5.2715519669002475e-12,8.252925360418137,0.5045083321592885,1.0,0.0,0.9999999999999999,1.0,0.0
3792,3.4011442103967075e-08,8.801578561222779e-12,8.236125104455207,0.5045503894400027,1.0,0.0,1.0000000000000002,1.0,0.0
3793,3.4011442103967075e-08,4.424626190522871e-12,8.237917168919886,0.5045315092365862,1.0,0.0,1.0000000000000002,1.0,0.0
3794,3.4011442103967075e-08,7.706589371065971e-12,8.225582420057309,0.5044656238370772,1.0,0.0,1.0000000000000002,1.0,0.0
3795,3.4011442103967075e-08,4.0800358694964185e-12,8.226055182225087,0.5044834623740984,1.0,0.0,0.9999999999999999,1.0,0.0
3796,3.4011442103967075e-08,5.082068706748068e-12,8.225428034267432,0.504454556131626,1.0,0.0,1.0,1.0,0.0
3797,3.4011442103967075e-08,3.2379543988285802e-12,8.230453160916547,0.5045117175750735,1.0,0.0,1.0000000000000002,1.0,0.0
3798,3.4011442103967075e-08,3.375505890370038e-12,8.235148739074244,0.5045337227776764,1.0,0.0,1.0,1.0000000000000002,0.0
3799,3.4011442103967075e-08,4.310574619860078e-12,8.235800971028665,0.5044825509160024,1.0,0.0,1.0,1.0,0.0
3800,3.4011442103967075e-08,4.3545711872678845e-12,8.236717248104434,0.504445962383864,1.0,0.0,1.0000000000000002,1.0,0.0
3801,3.4011442103967075e-08,3.2219827551825034e-12,8.242031510947264,0.5045361967353654,1.0,0.0,1.0000000000000002,1.0,0.0
3802,3.4011442103967075e-08,4.8253687806474995e-12,8.241165696665393,0.5045113269501753,1.0,0.0,0.9999999999999999,1.0,0.0
3803,3.4011442103967075e-08,3.3294348968060863e-12,8.244968922991202,0.5045124988248701,1.0,0.0,1.0,1.0,0.0
3804,3.4011442103967075e-08,3.2946874268928147e-12,8.249324391542256,0.5045818998484636,1.0,0.0,1.0000000000000002,1.0,0.0
3805,3.4011442103967075e-08,4.160971036853714e-12,8.25157371832239,0.5045752592251929,1.0,0.0,1.0,1.0,0.0
3806,3.4011442103967075e-08,4.608608283810544e-12,8.250689452522584,0.5045499988151044,1.0,0.0,1.0000000000000002,1.0000000000000002,0.0
3807,3.4011442103967075e-08,3.1243833236334948e-12,8.255384865130061,0.5045596342292619,1.0,0.0,1.0000000000000002,1.0,0.0
3808,3.4011442103967075e-08,3.7823410255139445e-12,8.258074380853998,0.5045696602683176,1.0,0.0,1.0000000000000002,1.0,0.0
3809,3.4011442103967075e-08,3.1680686932487266e-12,8.262680904221932,0.5044304675962324,1.0,0.0,1.0,1.0,0.0
3810,3.4011442103967075e-08,3.048079078831099e-12,8.26762932887406,0.5044924467467586,1.0,0.0,0.9999999999999999,1.0,0.0
3811,3.4011442103967075e-08,3.019861456072051e-12,8.272858434989704,0.5045312488199872,1.0,0.0,1.0,1.0,0.0
3812,3.4011442103967075e-08,5.614359842528572e-12,8.26808034408295,0.5044861967483862,1.0,0.0,1.0,1.0,0.0
3813,3.4011442103967075e-08,3.2898640993249837e-12,8.272677068190795,0.5044579415474111,1.0,0.0,1.0,1.0000000000000002,0.0
3814,3.4011442103967075e-08,4.913076814918968e-12,8.27151992767557,0.50446497279558,1.0,0.0,1.0,1.0,0.0
3815,3.4011442103967075e-08,3.822093555436176e-12,8.275641717418967,0.5045187488232425,1.0,0.0,1.0,1.0,0.0
3816,3.4011442103967075e-08,4.478631570768531e-12,8.275628029893856,0.5044714832105512,1.0,0.0,1.0,1.0000000000000002,0.0
3817,3.4011442103967075e-08,3.444721071837421e-12,8.279628612461746,0.5044605457133996,1.0,0.0,0.9999999999999999,1.0,0.0
3818,3.4011442103967075e-08,3.5135060385056e-12,8.283442299458713,0.5045082019509891,1.0,0.0,0.9999999999999999,1.0,0.0
3819,3.4011442103967075e-08,1.3920494271409302e-11,8.247352391622211,0.5044302071796335,1.0,0.0,1.0000000000000002,1.0,0.0
3820,3.4011442103967075e-08,3.850801624393831e-12,8.249310539783957,0.5044141915588043,1.0,0.0,1.0,1.0,0.0
3821,3.4011442103967075e-08,4.31752116211025e-12,8.24995618391991,0.504413800933906,1.0,0.0,0.9999999999999999,1.0,0.0
3822,3.4011442103967075e-08,5.4589348940407934e-12,8.246989136844578,0.5043874988574222,1.0,0.0,1.0000000000000002,1.0000000000000002,0.0
3823,3.4011442103967075e-08,2.2607130048397437e-11,8.179412849162741,0.5043891915653147,1.0,0.0,0.9999999999999999,1.0,0.0
3824,3.4011442103967075e-08,6.521089634748524e-12,8.172740116754222,0.5044432280095761,1.0,0.0,1.0,1.0,0.0
3825,3.4011442103967075e-08,4.12363169422571e-12,8.174182215719238,0.5044410144684858,1.0,0.0,1.0000000000000002,1.0,0.0
3826,3.4011442103967075e-08,3.784878603731321e-12,8.176709730618986,0.5044826811243018,1.0,0.0,0.9999999999999999,1.0,0.0
3827,3.4011442103967075e-08,4.579825394716171e-12,8.176043162333704,0.504536977985162,1.0,0.0,1.0,1.0,0.0
3828,3.4011442103967075e-08,1.319292827005182e-11,8.142394667606133,0.5044404936352881,1.0,0.0,1.0000000000000002,1.0000000000000002,0.0
3829,3.4011442103967075e-08,1.4817227094887406e-11,8.103255777576587,0.5044292957215376,1.0,0.0,1.0000000000000002,1.0,0.0
3830,3.4011442103967075e-08,3.08977256110349e-12,8.108428343848209,0.5043688790706045,1.0,0.0,1.0,1.0,0.0
3831,3.4011442103967075e-08,4.129244753873117e-12,8.112329425016284,0.5044283842634416,1.0,0.0,0.9999999999999999,1.0,0.0
3832,3.4011442103967075e-08,9.273701657195568e-12,8.093862204583969,0.5044126290592111,1.0,0.0,0.9999999999999999,1.0,0.0
3833,3.4011442103967075e-08,8.050027472109208e-12,8.079568126200979,0.5044541655067277,1.0,0.0,1.0,1.0,0.0
3834,3.4011442103967075e-08,1.0139865646011636e-11,8.060490782163507,0.5044647123789812,1.0,0.0,1.0,1.0,0.0
3835,3.4011442103967075e-08,5.850258091174633e-12,8.056824580073558,0.5044256498891537,1.0,0.0,1.0000000000000002,1.0,0.0
3836,3.4011442103967075e-08,3.300610271402947e-12,8.06181075986417,0.5044562488395186,1.0,0.0,1.0000000000000002,1.0,0.0
3837,3.4011442103967075e-08,5.266064381224193e-12,8.058187177548186,0.5043967436466813,1.0,0.0,1.0000000000000002,1.0,0.0
3838,3.4011442103967075e-08,3.046582373993871e-12,8.061600063096908,0.5044108061430193,1.0,0.0,1.0,1.0000000000000002,0.0
3839,3.4011442103967075e-08,5.948647909248503e-12,8.055826111662926,0.5044193998907813,1.0,0.0,0.9999999999999999,1.0,0.0
3840,3.4011442103967075e-08,6.298107473911417e-12,8.0502497437735,0.504355597824063,1.0,0.0,1.0,1.0,0.0
3841,3.4011442103967075e-08,4.451471517349884e-12,8.050678869878556,0.5043717436531917,1.0,0.0,1.0000000000000002,1.0,0.0
3842,3.4011442103967075e-08,7.099626087405534e-12,8.041386327929112,0.5043610665726389,1.0,0.0,1.0,1.0,0.0
3843,3.4011442103967075e-08,7.748327263630366e-12,8.02917198616783,0.5043749988606774,1.0,0.0,1.0,1.0,0.0
3844,3.4011442103967075e-08,4.657853888983723e-12,8.027518216815308,0.5043388009534373,1.0,0.0,1.0,1.0,0.0
3845,3.4011442103967075e-08,4.691540741556478e-12,8.026708798691029,0.504433722803718,1.0,0.0,1.0000000000000002,1.0,0.0
3846,3.4011442103967075e-08,7.301540312904727e-12,8.01660091242473,0.5044714832105512,1.0,0.0,0.9999999999999999,1.0,0.0
3847,3.4011442103967075e-08,1.1772957731359822e-11,7.989721285518019,0.5044601550885013,1.0,0.0,1.0000000000000002,1.0,0.0
3848,3.4011442103967075e-08,3.776895995630568e-12,7.992742641511346,0.5044712227939524,1.0,0.0,1.0000000000000002,1.0000000000000002,0.0
3849,3.4011442103967075e-08,6.62819394390765e-12,7.985757532999943,0.5044679675864667,1.0,0.0,1.0,1.0,0.0
3850,3.4011442103967075e-08,1.3822539147912675e-11,7.9540410674361315,0.5044804675832115,1.0,0.0,1.0,1.0,0.0
3851,3.4011442103967075e-08,3.1185571523014923e-12,7.957295518293013,0.5044161446832957,1.0,0.0,0.9999999999999999,1.0,0.0
3852,3.4011442103967075e-08,4.0400886526013926e-12,7.95967049543099,0.5044113269762169,1.0,0.0,1.0,1.0,0.0
3853,3.4011442103967075e-08,6.501266588201398e-12,7.952310293697316,0.5043317697052683,1.0,0.0,1.0000000000000002,1.0,0.0
3854,3.4011442103967075e-08,4.4537079719881494e-12,7.953517339142342,0.5043563790738597,1.0,0.0,1.0,1.0,0.0
3855,3.4011442103967075e-08,3.975674504811447e-12,7.956456888033233,0.5044360665531077,1.0,0.0,1.0000000000000002,1.0,0.0
3856,3.4011442103967075e-08,6.089118382690686e-12,7.94973486422042,0.5044220040567697,1.0,0.0,0.9999999999999999,1.0,0.0
3857,3.4011442103967075e-08,4.745024383020505e-12,7.948236500111798,0.5043964832300825,1.0,0.0,1.0,1.0,0.0
3858,3.4011442103967075e-08,6.467257745888605e-12,7.940225327983586,0.5044470040502593,1.0,0.0,1.0,1.0,0.0
3859,3.4011442103967075e-08,3.724849782677987e-12,7.941886127344562,0.5044669259200714,1.0,0.0,1.0000000000000002,1.0,0.0
3860,3.4011442103967075e-08,3.4290417343196217e-12,7.944539118857777,0.5044304675962324,1.0,0.0,1.0000000000000002,1.0,0.0
3861,3.4011442103967075e-08,2.7654738976304864e-12,7.949944378468816,0.5044816394579064,1.0,0.0,1.0000000000000002,1.0,0.0
3862,3.4011442103967075e-08,4.3754295256498184e-12,7.950183465508021,0.5045154936157569,1.0,0.0,1.0,1.0000000000000002,0.0
3863,3.4011442103967075e-08,3.042495629762392e-12,7.955186313765696,0.5044973946621368,1.0,0.0,0.9999999999999999,1.0,0.0
3864,3.4011442103967075e-08,3.922087013300461e-12,7.958762330632082,0.5045039050771081,1.0,0.0,1.0,1.0,0.0
3865,3.4011442103967075e-08,6.352428575631881e-12,7.952495565221246,0.5045039050771081,1.0,0.0,0.9999999999999999,1.0,0.0
3866,3.4011442103967075e-08,5.00352328545357e-12,7.952477281240207,0.5045035144522098,1.0,0.0,1.0000000000000002,1.0,0.0
3867,3.4011442103967075e-08,4.04644688646561e-12,7.953715171731401,0.5045468738159182,1.0,0.0,1.0,1.0,0.0
3868,3.4011442103967075e-08,4.010752389733664e-12,7.955847672706468,0.5044730457101444,1.0,0.0,0.9999999999999999,1.0,0.0
3869,3.4011442103967075e-08,3.3612021750029088e-12,7.960629281874862,0.5044818998745052,1.0,0.0,0.9999999999999999,1.0,0.0
3870,3.4011442103967075e-08,3.189384434451673e-12,7.965927052297572,0.5045558581885786,1.0,0.0,1.0000000000000002,1.0,0.0
3871,3.4011442103967075e-08,6.681840949751479e-12,7.957540795141048,0.504509113409085,1.0,0.0,1.0000000000000002,1.0,0.0
3872,3.4011442103967075e-08,6.904191984200664e-12,7.948791267774675,0.5044678373781674,1.0,0.0,1.0000000000000002,1.0,0.0
3873,3.4011442103967075e-08,6.248839149218195e-12,7.94272786723894,0.5044360665531077,1.0,0.0,1.0000000000000002,1.0,0.0
3874,3.4011442103967075e-08,6.835001854362731e-12,7.934703876555606,0.504356509282159,1.0,0.0,0.9999999999999999,1.0,0.0
3875,3.4011442103967075e-08,3.512579519641066e-12,7.939176598656197,0.504403384269952,1.0,0.0,0.9999999999999999,1.0,0.0
3876,3.4011442103967075e-08,3.2567139412804977e-12,7.9432854901352075,0.5043619780307349,1.0,0.0,1.0,1.0,0.0
3877,3.4011442103967075e-08,3.4664689481816733e-12,7.947083232805063,0.504400910312263,1.0,0.0,1.0,1.0,0.0
3878,3.4011442103967075e-08,4.3123668612420634e-12,7.947961331324686,0.504400910312263,1.0,0.0,0.9999999999999999,1.0,0.0
3879,3.4011442103967075e-08,5.155457732216148e-12,7.945295601986543,0.5044613269631961,1.0,0.0,1.0000000000000002,1.0,0.0
3880,3.4011442103967075e-08,3.9452068247250235e-12,7.946674567258553,0.5044605457133996,1.0,0.0,1.0,1.0,0.0
3881,3.4011442103967075e-08,3.085970662683938e-12,7.951989356069579,0.5044381498858984,1.0,0.0,1.0,1.0,0.0
3882,3.4011442103967075e-08,4.240749624948686e-12,7.953252325331985,0.5044239571812611,1.0,0.0,1.0000000000000002,1.0,0.0
3883,3.4011442103967075e-08,5.864371067732387e-12,7.94749598400937,0.5044593738387048,1.0,0.0,1.0,1.0,0.0
3884,3.4011442103967075e-08,4.543728840020285e-12,7.947696350377291,0.5043713530282935,1.0,0.0,1.0,1.0,0.0
3885,3.4011442103967075e-08,3.189009014329085e-12,7.952296926090281,0.5043916655230037,1.0,0.0,0.9999999999999999,1.0,0.0
3886,3.4011442103967075e-08,3.3551643336005184e-12,7.95734387075904,0.5044277332219445,1.0,0.0,1.0000000000000002,1.0,0.0
3887,3.4011442103967075e-08,3.4549631492520864e-12,7.961769339119432,0.5043966134383819,1.0,0.0,1.0000000000000002,1.0,0.0
3888,3.4011442103967075e-08,7.956401479984083e-12,7.949012836915508,0.5043032540876943,1.0,0.0,1.0000000000000002,1.0,0.0
3889,3.4011442103967075e-08,2.8695770997229195e-12,7.952806174430162,0.5043188790836253,1.0,0.0,0.9999999999999999,1.0,0.0
3890,3.4011442103967075e-08,3.6150506754062487e-12,7.9569172596699165,0.5043318999135677,1.0,0.0,1.0000000000000002,1.0,0.0
3891,3.4011442103967075e-08,5.072659143286207e-12,7.95401812044996,0.5043523426165775,1.0,0.0,1.0,1.0,0.0
3892,3.4011442103967075e-08,5.407362183673476e-12,7.952567673257788,0.5043515613667809,1.0,0.0,0.9999999999999999,1.0,0.0
3893,3.4011442103967075e-08,3.6105572889512314e-12,7.957258040217606,0.5043628894888309,1.0,0.0,1.0000000000000002,1.0,0.0
3894,3.4011442103967075e-08,3.291271596160053e-12,7.961859960326158,0.5043584624066504,1.0,0.0,1.0000000000000002,1.0,0.0
3895,3.4011442103967075e-08,4.156673613090729e-12,7.964283251647102,0.5043613269892377,1.0,0.0,0.9999999999999999,1.0,0.0
3896,3.4011442103967075e-08,3.7079389276988515e-12,7.967659039709105,0.5044496082162478,1.0,0.0,1.0,1.0,0.0
3897,3.4011442103967075e-08,3.3077987222510746e-12,7.97121438613026,0.504338410328539,1.0,0.0,0.9999999999999999,1.0,0.0
3898,3.4011442103967075e-08,3.651692859959123e-12,7.975332010106713,0.504354946782566,1.0,0.0,1.0000000000000002,1.0,0.0
3899,3.4011442103967075e-08,3.080062247499713e-12,7.978690220153824,0.5043993478126698,1.0,0.0,1.0000000000000002,1.0,0.0
3900,3.4011442103967075e-08,3.072526674216748e-12,7.983836700415734,0.5043790353179596,1.0,0.0,0.9999999999999999,1.0000000000000002,0.0
3901,3.4011442103967075e-08,1.0031175821020196e-11,7.964726329671794,0.5044385405107967,1.0,0.0,1.0,1.0,0.0
3902,3.4011442103967075e-08,3.651151341865354e-12,7.968379521584047,0.5044239571812611,1.0,0.0,1.0,1.0,0.0
3903,3.4011442103967075e-08,4.722728504140596e-12,7.9672212411558885,0.5044443998842708,1.0,0.0,1.0,1.0,0.0
3904,3.4011442103967075e-08,3.420662979849425e-12,7.971509338301721,0.5044324207207238,1.0,0.0,0.9999999999999999,1.0,0.0
3905,3.4011442103967075e-08,3.227292250309586e-12,7.975643312888703,0.5044252592642554,1.0,0.0,0.9999999999999999,1.0,0.0
3906,3.4011442103967075e-08,7.807277313163074e-12,7.962310853148031,0.5044238269729617,1.0,0.0,0.9999999999999999,1.0,0.0
3907,3.4011442103967075e-08,6.416331980423653e-12,7.954796535737054,0.5043641915718251,1.0,0.0,0.9999999999999999,1.0,0.0
3908,3.4011442103967075e-08,6.849022858928009e-12,7.946460704596549,0.504356509282159,1.0,0.0,1.0000000000000002,1.0,0.0
3909,3.4011442103967075e-08,3.2487144353228246e-12,7.9514095117726455,0.5043394519949344,1.0,0.0,1.0,1.0,0.0
3910,3.4011442103967075e-08,4.2341370527408475e-12,7.951950563727768,0.5043835926084395,1.0,0.0,1.0000000000000002,1.0,0.0
3911,3.4011442103967075e-08,4.034860115210737e-12,7.954014226564088,0.5043368478289458,1.0,0.0,1.0,1.0,0.0
3912,3.4011442103967075e-08,1.1052962400225055e-11,7.930096965316769,0.5042753895116173,1.0,0.0,1.0,1.0,0.0
3913,3.4011442103967075e-08,3.7661760783715984e-12,7.9335474754619595,0.5043401030364315,1.0,0.0,1.0000000000000002,1.0000000000000002,0.0
3914,3.4011442103967075e-08,3.1371663915561084e-12,7.938380736211995,0.5043884103155182,1.0,0.0,1.0000000000000002,1.0,0.0
3915,3.4011442103967075e-08,2.9608965739218045e-12,7.9439200778737336,0.5043632801137291,1.0,0.0,1.0,1.0,0.0
3916,3.4011442103967075e-08,3.457620363798965e-12,7.947059035120727,0.5043138009599477,1.0,0.0,1.0000000000000002,1.0,0.0
3917,3.4011442103967075e-08,2.6867030141454113e-12,7.952588044236743,0.5043065092951798,1.0,0.0,1.0,1.0000000000000002,0.0
3918,3.4011442103967075e-08,3.88515947368046e-12,7.9567694226463175,0.5043720040697907,1.0,0.0,1.0,1.0,0.0
3919,3.4011442103967075e-08,3.5542119901498513e-12,7.960099099874031,0.5044281238468428,1.0,0.0,1.0,1.0,0.0
3920,3.4011442103967075e-08,4.215694459140371e-12,7.961404434141889,0.5044626290461903,1.0,0.0,1.0000000000000002,1.0,0.0
3921,3.4011442103967075e-08,3.9215499438767955e-12,7.962110143377093,0.5044027332284549,1.0,0.0,0.9999999999999999,1.0,0.0
3922,3.4011442103967075e-08,7.97838866134265e-12,7.9505741824173946,0.5044187488492842,1.0,0.0,1.0000000000000002,1.0,0.0
3923,3.4011442103967075e-08,3.3266395050746038e-12,7.955609414904749,0.5043731759444854,1.0,0.0,1.0000000000000002,1.0000000000000002,0.0
3924,3.4011442103967075e-08,4.596411895132402e-12,7.956491091807459,0.5044269519721479,1.0,0.0,1.0,1.0,0.0
3925,3.4011442103967075e-08,3.4501397625383677e-12,7.961032175825873,0.5044315092626278,1.0,0.0,1.0000000000000002,1.0,0.0
3926,3.4011442103967075e-08,3.021702760686018e-12,7.965888992536126,0.5043826811503435,1.0,0.0,1.0,1.0,0.0
3927,3.4011442103967075e-08,3.3811124862775863e-12,7.970550656450641,0.504461587379795,1.0,0.0,1.0,1.0,0.0
3928,3.4011442103967075e-08,3.7446221195778285e-12,7.974867536050177,0.5044829415409007,1.0,0.0,0.9999999999999999,1.0000000000000002,0.0
3929,3.4011442103967075e-08,3.3357758580635866e-12,7.979621246804382,0.5045200509062367,1.0,0.0,1.0000000000000002,1.0000000000000002,0.0
3930,3.4011442103967075e-08,3.5621010340234044e-12,7.982961874423958,0.504498696745131,1.0,0.0,1.0,1.0,0.0
3931,3.4011442103967075e-08,5.9032398299585226e-12,7.9785170392906615,0.5044282540551421,1.0,0.0,0.9999999999999999,1.0,0.0
3932,3.4011442103967075e-08,2.7825091891593307e-12,7.983586077328682,0.5044451811340674,1.0,0.0,1.0,1.0,0.0
3933,3.4011442103967075e-08,3.585795731096726e-12,7.985013963068098,0.5044506498826432,1.0,0.0,1.0,1.0,0.0
3934,3.4011442103967075e-08,4.806446052529852e-12,7.983556124714664,0.5044231759314646,1.0,0.0,0.9999999999999999,1.0,0.0
3935,3.4011442103967075e-08,4.114542672931566e-12,7.985179695143361,0.5044520821739369,1.0,0.0,1.0,1.0,0.0
3936,3.4011442103967075e-08,2.5339911265822584e-12,7.990942736962024,0.5044639311291846,1.0,0.0,0.9999999999999999,1.0,0.0
3937,3.4011442103967075e-08,4.27027135910441e-12,7.9938697267540215,0.5044708321690541,1.0,0.0,1.0000000000000002,1.0,0.0
3938,3.4011442103967075e-08,7.579518447292896e-12,7.984275489459999,0.504405207186144,1.0,0.0,1.0,1.0,0.0
3939,3.4011442103967075e-08,3.2540346875077927e-12,7.989341448035234,0.5044447905091691,1.0,0.0,1.0,1.0,0.0
3940,3.4011442103967075e-08,3.117378775773232e-12,7.99294169070524,0.5044354155116105,1.0,0.0,1.0,1.0,0.0
3941,3.4011442103967075e-08,2.9264372624476318e-12,7.998327684549201,0.5044568998810156,1.0,0.0,1.0,1.0,0.0
3942,3.4011442103967075e-08,5.391167348422666e-12,7.995358209660435,0.5044976550787357,1.0,0.0,1.0000000000000002,1.0,0.0
3943,3.4011442103967075e-08,6.198206835786521e-12,7.988376374468667,0.5044911446637644,1.0,0.0,0.9999999999999999,1.0,0.0
3944,3.4011442103967075e-08,5.337392180173152e-12,7.984743526857054,0.5044226550982669,1.0,0.0,1.0000000000000002,1.0,0.0
3945,3.4011442103967075e-08,4.29311510212871e-12,7.985338067236086,0.5044542957150272,1.0,0.0,0.9999999999999999,1.0,0.0
3946,3.4011442103967075e-08,4.3881544641017135e-12,7.987197567247678,0.5044197905156795,1.0,0.0,0.9999999999999999,1.0,0.0
3947,3.4011442103967075e-08,9.448369191764146e-12,7.969746746280125,0.5044740873765398,1.0,0.0,0.9999999999999999,1.0,0.0
3948,3.4011442103967075e-08,7.828640656734067e-12,7.958899888006089,0.5045039050771081,1.0,0.0,0.9999999999999999,1.0,0.0
3949,3.4011442103967075e-08,3.6264406222393477e-12,7.9626702758582,0.5045326811112809,1.0,0.0,1.0,1.0,0.0
3950,3.4011442103967075e-08,2.5864031580976795e-12,7.967615214378767,0.5045589831877648,1.0,0.0,1.0000000000000002,1.0,0.0
3951,3.4011442103967075e-08,3.4778181250144938e-12,7.971044889568496,0.504510024867181,1.0,0.0,0.9999999999999999,1.0,0.0
3952,3.4011442103967075e-08,6.769882777144657e-12,7.963954790316607,0.5045220040307281,1.0,0.0,1.0,1.0,0.0
3953,3.4011442103967075e-08,5.4556589538911566e-12,7.960164282816114,0.5045148425742597,1.0,0.0,1.0,1.0000000000000002,0.0
3954,3.4011442103967075e-08,3.0081772961917488e-12,7.965552486686334,0.5045165352821522,1.0,0.0,0.9999999999999999,1.0,0.0
3955,3.4011442103967075e-08,4.396922614133134e-12,7.9656303023827855,0.5045332019444787,1.0,0.0,1.0000000000000002,1.0,0.0
3956,3.4011442103967075e-08,2.909894805088488e-12,7.970738978312427,0.504529946736993,1.0,0.0,1.0000000000000002,1.0,0.0
3957,3.4011442103967075e-08,3.6235529190558707e-12,7.974401208043047,0.5044740873765398,1.0,0.0,0.9999999999999999,1.0,0.0
3958,3.4011442103967075e-08,8.268700347845112e-12,7.960226061150877,0.5045355456938683,1.0,0.0,1.0,1.0000000000000002,0.0
3959,3.4011442103967075e-08,5.339338082954029e-12,7.956884911968716,0.5045393217345516,1.0,0.0,0.9999999999999999,1.0,0.0
3960,3.4011442103967075e-08,3.5701317233623945e-12,7.96080937775955,0.5046102852577382,1.0,0.0,1.0,1.0,0.0
3961,3.4011442103967075e-08,3.1702586722278527e-12,7.964889263367761,0.5046368477508208,1.0,0.0,1.0,1.0,0.0
3962,3.4011442103967075e-08,3.5644792032543193e-12,7.9687647722003545,0.5046321602520416,1.0,0.0,0.9999999999999999,1.0,0.0
3963,3.4011442103967075e-08,2.716288818309166e-12,7.974415452788704,0.5045998685937843,1.0,0.0,1.0,1.0,0.0
3964,3.4011442103967075e-08,8.861235981531081e-12,7.959131557303029,0.5046289050445559,1.0,0.0,0.9999999999999999,1.0,0.0
3965,3.4011442103967075e-08,3.4399044994363197e-12,7.963198877749568,0.5046545560795427,1.0,0.0,1.0,1.0,0.0
3966,3.4011442103967075e-08,2.9678349440383505e-12,7.968355632928298,0.5045438790250315,1.0,0.0,1.0000000000000002,1.0,0.0
3967,3.4011442103967075e-08,3.4260649592833572e-12,7.972915055262174,0.5045614571454539,1.0,0.0,0.9999999999999999,1.0,0.0
3968,3.4011442103967075e-08,4.929255272824731e-12,7.971020889328756,0.5046063790087555,1.0,0.0,1.0,1.0,0.0
3969,3.4011442103967075e-08,3.629757219289483e-12,7.972853489695358,0.5045763008915883,1.0,0.0,1.0000000000000002,1.0,0.0
3970,3.4011442103967075e-08,4.9087716853090995e-12,7.972064625805072,0.5045546863138838,1.0,0.0,1.0,1.0,0.0
3971,3.4011442103967075e-08,3.4454521349021872e-12,7.976611830953868,0.5045920560958187,1.0,0.0,1.0,1.0,0.0
3972,3.4011442103967075e-08,3.849702260830025e-12,7.979024435316244,0.50463932170851,1.0,0.0,0.9999999999999999,1.0,0.0
3973,3.4011442103967075e-08,7.015953806488206e-12,7.96999202510735,0.504667837326084,1.0,0.0,1.0000000000000002,1.0000000000000002,0.0
3974,3.4011442103967075e-08,4.284132309883546e-12,7.972099240952168,0.5045903633879262,1.0,0.0,0.9999999999999999,1.0,0.0
3975,3.4011442103967075e-08,1.1601043296970732e-11,7.946988118452737,0.5045503894400027,1.0,0.0,1.0,1.0,0.0
3976,3.4011442103967075e-08,3.3400300462784525e-12,7.951625583037474,0.5045963529696997,1.0,0.0,1.0000000000000002,1.0,0.0
3977,3.4011442103967075e-08,3.084229418234324e-12,7.9564412435889675,0.5046136706735233,1.0,0.0,0.9999999999999999,1.0,0.0
3978,3.4011442103967075e-08,3.716860290231559e-12,7.9602308637884525,0.5045160144489546,1.0,0.0,1.0000000000000002,1.0,0.0
3979,3.4011442103967075e-08,9.512240977105126e-12,7.941493254869134,0.5045778633911814,1.0,0.0,1.0,1.0,0.0
3980,3.4011442103967075e-08,6.267530537928638e-12,7.936498236622595,0.5045669258940297,1.0,0.0,1.0,1.0,0.0
3981,3.4011442103967075e-08,8.51685537017109e-12,7.921689564562674,0.5045678373521257,1.0,0.0,1.0,1.0,0.0
3982,3.4011442103967075e-08,3.744837165756361e-12,7.924230245001299,0.5045498686068051,1.0,0.0,1.0000000000000002,1.0,0.0
3983,3.4011442103967075e-08,4.962931270538659e-12,7.921581996733983,0.5044460925921634,1.0,0.0,0.9999999999999999,1.0,0.0
3984,3.4011442103967075e-08,3.3484415986539234e-12,7.9251359077461805,0.5045404936092465,1.0,0.0,0.9999999999999999,1.0,0.0
3985,3.4011442103967075e-08,3.776208935763553e-12,7.926650747568874,0.5045677071438263,1.0,0.0,1.0,1.0,0.0
3986,3.4011442103967075e-08,2.677821769701384e-12,7.932498407702396,0.5045068998679948,1.0,0.0,1.0,1.0,0.0
3987,3.4011442103967075e-08,3.2987876430707033e-12,7.936448283435653,0.5045529936059913,1.0,0.0,0.9999999999999999,1.0,0.0
3988,3.4011442103967075e-08,9.296955864666865e-12,7.919185530208116,0.504537889443258,1.0,0.0,1.0,1.0,0.0
3989,3.4011442103967075e-08,4.162865509659387e-12,7.920331908132649,0.5045432279835343,1.0,0.0,1.0,1.0,0.0
3990,3.4011442103967075e-08,3.4976213102154905e-12,7.9239525806072155,0.5045104154920793,1.0,0.0,0.9999999999999999,1.0,0.0
3991,3.4011442103967075e-08,5.305021250921105e-12,7.921624419872727,0.5044514311324398,1.0,0.0,1.0000000000000002,1.0,0.0
3992,3.4011442103967075e-08,2.881779949245465e-12,7.926633338707717,0.5045830717231584,1.0,0.0,1.0,1.0,0.0
3993,3.4011442103967075e-08,8.969267764416805e-12,7.913487949082428,0.5046318998354428,1.0,0.0,1.0,1.0,0.0
3994,3.4011442103967075e-08,7.816173550131854e-12,7.903018276959868,0.5045859363057458,1.0,0.0,1.0000000000000002,1.0000000000000002,0.0
3995,3.4011442103967075e-08,3.8467377993753815e-12,7.906774144602437,0.5045860665140451,1.0,0.0,0.9999999999999999,1.0,0.0
3996,3.4011442103967075e-08,4.598272766718493e-12,7.906682088247756,0.5045990873439876,1.0,0.0,1.0000000000000002,1.0,0.0
3997,3.4011442103967075e-08,4.153026740917915e-12,7.907526645267741,0.5045507800649011,1.0,0.0,0.9999999999999999,1.0,0.0
3998,3.4011442103967075e-08,3.847438171375458e-12,7.909632457283124,0.5045774727662832,1.0,0.0,1.0,1.0,0.0
3999,3.4011442103967075e-08,4.3341557382420535e-12,7.910807031271966,0.5045372384017608,1.0,0.0,1.0,1.0,0.0
4000,3.4011442103967075e-08,3.2536034571547663e-12,7.915815587193989,0.5045972644277957,1.0,0.0,0.9999999999999999,1.0,0.0
4001,3.4011442103967075e-08,2.5438430844084665e-12,7.921235787070045,0.504574998808594,1.0,0.0,1.0000000000000002,1.0,0.0
4002,3.4011442103967075e-08,3.148615076816722e-12,7.9263457079021595,0.5045800769322716,1.0,0.0,0.9999999999999999,1.0,0.0
4003,3.4011442103967075e-08,3.0218333679770207e-12,7.931370424136591,0.5046072904668515,1.0,0.0,1.0000000000000002,1.0,0.0
4004,3.4011442103967075e-08,3.5934877936322205e-12,7.934515237024656,0.5045549467304826,1.0,0.0,1.0,1.0,0.0
4005,3.4011442103967075e-08,5.427392782060523e-12,7.930375255845275,0.5045845040144521,1.0,0.0,1.0,1.0,0.0
4006,3.4011442103967075e-08,3.6013759168875265e-12,7.934545653861444,0.5045562488134768,1.0,0.0,1.0,1.0,0.0
4007,3.4011442103967075e-08,3.2711538810959007e-12,7.939209021998577,0.5045585925628665,1.0,0.0,1.0000000000000002,1.0,0.0
4008,3.4011442103967075e-08,3.3680877700112285e-12,7.9435041785604525,0.5045666654774309,1.0,0.0,1.0,1.0,0.0
4009,3.4011442103967075e-08,1.040735267272716e-11,7.922048281946707,0.5045514311063981,1.0,0.0,1.0000000000000002,1.0000000000000002,0.0
4010,3.4011442103967075e-08,2.8950183707385967e-12,7.926825437307744,0.5045805977654694,1.0,0.0,1.0000000000000002,1.0,0.0
4011,3.4011442103967075e-08,6.002430440917309e-12,7.921982733871302,0.5045785144326785,1.0,0.0,0.9999999999999999,1.0,0.0
4012,3.4011442103967075e-08,3.222288096895505e-12,7.926730663241631,0.5045584623545671,1.0,0.0,0.9999999999999999,1.0,0.0
4013,3.4011442103967075e-08,3.2856903285724465e-12,7.931406654020052,0.5046068998419532,1.0,0.0,0.9999999999999999,1.0,0.0
4014,3.4011442103967075e-08,4.5806692627180155e-12,7.93125990680312,0.5046104154660377,1.0,0.0,1.0,1.0,0.0
4015,3.4011442103967075e-08,4.101139593874078e-12,7.934631159302743,0.5045984363024906,1.0,0.0,1.0,1.0,0.0
4016,3.4011442103967075e-08,3.1637587705554297e-12,7.938296657958348,0.504607160258552,1.0,0.0,0.9999999999999999,1.0,0.0
4017,3.4011442103967075e-08,6.124758534703103e-12,7.932289056258697,0.5046983060681495,1.0,0.0,1.0,1.0,0.0
4018,3.4011442103967075e-08,4.563669166332208e-12,7.932190802533764,0.504666274826491,1.0,0.0,1.0000000000000002,1.0,0.0
4019,3.4011442103967075e-08,4.741896803676155e-12,7.930839656316074,0.5046084623415462,1.0,0.0,1.0000000000000002,1.0,0.0
4020,3.4011442103967075e-08,7.990020963094848e-12,7.918814366205851,0.5045828113065596,1.0,0.0,1.0,1.0,0.0
4021,3.4011442103967075e-08,8.905543045413494e-12,7.901627278453945,0.504602863384671,1.0,0.0,1.0000000000000002,1.0,0.0
4022,3.4011442103967075e-08,8.439326812569599e-12,7.889688918678966,0.5045898425547285,1.0,0.0,1.0000000000000002,1.0000000000000002,0.0
4023,3.4011442103967075e-08,9.885645801291802e-12,7.871353673071225,0.5045901029713273,1.0,0.0,1.0000000000000002,1.0,0.0
4024,3.4011442103967075e-08,4.404599887410926e-12,7.871821920171761,0.5045463529827205,1.0,0.0,1.0,1.0,0.0
4025,3.4011442103967075e-08,3.3672588424382994e-12,7.875543624507933,0.5046191394220991,1.0,0.0,1.0,1.0000000000000002,0.0
4026,3.4011442103967075e-08,9.76296171293712e-12,7.855099077087252,0.5045803373488705,1.0,0.0,1.0000000000000002,1.0000000000000002,0.0
4027,3.4011442103967075e-08,6.114882803348103e-12,7.8488728338114155,0.5046063790087555,1.0,0.0,0.9999999999999999,1.0,0.0
4028,3.4011442103967075e-08,4.365334559721232e-12,7.848150292739509,0.5045628894367475,1.0,0.0,1.0000000000000002,1.0,0.0
4029,3.4011442103967075e-08,2.989625816726566e-12,7.853650300182663,0.5045567696466746,1.0,0.0,1.0000000000000002,1.0,0.0
4030,3.4011442103967075e-08,2.656682262798967e-12,7.859488046000116,0.504572524850905,1.0,0.0,0.9999999999999999,1.0000000000000002,0.0
4031,3.4011442103967075e-08,5.669738064188904e-12,7.854959403503534,0.504588149846836,1.0,0.0,1.0,1.0,0.0
4032,3.4011442103967075e-08,3.982150900796511e-12,7.857097271173118,0.5045445300665287,1.0,0.0,1.0,1.0,0.0
4033,3.4011442103967075e-08,9.374658337294838e-12,7.8393552445308625,0.5045484363155114,1.0,0.0,1.0,1.0,0.0
4034,3.4011442103967075e-08,4.582816117529044e-12,7.839176430250759,0.5045713529762101,1.0,0.0,0.9999999999999999,1.0,0.0
4035,3.4011442103967075e-08,3.3738321116104125e-12,7.843525064563306,0.5045221342390276,1.0,0.0,0.9999999999999999,1.0,0.0
4036,3.4011442103967075e-08,4.53327451442219e-12,7.8423671680915055,0.5045675769355268,1.0,0.0,0.9999999999999999,1.0,0.0
4037,3.4011442103967075e-08,4.061114671377847e-12,7.842026080266479,0.5045627592284481,1.0,0.0,1.0000000000000002,1.0,0.0
4038,3.4011442103967075e-08,1.355169393499808e-11,7.809283463618631,0.5045876290136383,1.0,0.0,1.0,1.0,0.0
4039,3.4011442103967075e-08,8.638684979917787e-12,7.79468907952406,0.5046302071275502,1.0,0.0,0.9999999999999999,1.0,0.0
4040,3.4011442103967075e-08,4.7690349409056455e-12,7.794203547217745,0.5046093737996422,1.0,0.0,0.9999999999999999,1.0,0.0
4041,3.4011442103967075e-08,6.056014708170384e-12,7.789317552837171,0.5046256498370704,1.0,0.0,1.0000000000000002,1.0,0.0
4042,3.4011442103967075e-08,1.087699734841604e-11,7.766860849834124,0.504651561288656,1.0,0.0,1.0,1.0,0.0
4043,3.4011442103967075e-08,6.000337217492728e-12,7.761717245581496,0.5046023425514733,1.0,0.0,0.9999999999999999,1.0,0.0
4044,3.4011442103967075e-08,6.465676816204867e-12,7.755803166032436,0.5046141915067209,1.0,0.0,1.0,1.0,0.0
4045,3.4011442103967075e-08,5.235253673599964e-12,7.752565822604737,0.5046040352593658,1.0,0.0,1.0,1.0,0.0
4046,3.4011442103967075e-08,3.0954680586613315e-12,7.757991893472986,0.5046289050445559,1.0,0.0,1.0,1.0,0.0
4047,3.4011442103967075e-08,7.538847815954687e-12,7.747256132745713,0.5045604154790585,1.0,0.0,0.9999999999999999,1.0000000000000002,0.0
4048,3.4011442103967075e-08,4.891218801708885e-12,7.747554444001557,0.5045828113065596,1.0,0.0,0.9999999999999999,1.0,0.0
4049,3.4011442103967075e-08,4.881042311280471e-12,7.745934886900074,0.5045938790120107,1.0,0.0,1.0000000000000002,1.0,0.0
4050,3.4011442103967075e-08,3.018112434152425e-12,7.750956318416971,0.504555988396878,1.0,0.0,1.0000000000000002,1.0,0.0
4051,3.4011442103967075e-08,4.704059256791048e-12,7.750358398912045,0.5045342436108741,1.0,0.0,1.0000000000000002,1.0,0.0
4052,3.4011442103967075e-08,2.994825369240944e-12,7.755407649398315,0.5045666654774309,1.0,0.0,1.0,1.0,0.0
4053,3.4011442103967075e-08,5.925914917196915e-12,7.7501189065294565,0.5045873685970395,1.0,0.0,0.9999999999999999,1.0,0.0
4054,3.4011442103967075e-08,3.943974423805653e-12,7.751283751185743,0.5045809883903676,1.0,0.0,1.0,1.0,0.0
4055,3.4011442103967075e-08,4.051981922013104e-12,7.752663812149594,0.5046442696238881,1.0,0.0,1.0000000000000002,1.0,0.0
4056,3.4011442103967075e-08,3.356403142010237e-12,7.757444059034978,0.5046471342064754,1.0,0.0,1.0000000000000002,1.0,0.0
4057,3.4011442103967075e-08,3.0199770400335534e-12,7.7626418499659025,0.5046734362829594,1.0,0.0,1.0,1.0,0.0
4058,3.4011442103967075e-08,3.1060737296027957e-12,7.767102728284519,0.5046790352398346,1.0,0.0,0.9999999999999999,1.0,0.0
4059,3.4011442103967075e-08,5.768849019944594e-12,7.7631664217565755,0.5047149727304758,1.0,0.0,0.9999999999999999,1.0,0.0
4060,3.4011442103967075e-08,3.47018300839984e-12,7.767694035123804,0.5047483060551287,1.0,0.0,1.0,1.0,0.0
4061,3.4011442103967075e-08,2.9541273516358782e-12,7.772330967769327,0.5047846341706682,1.0,0.0,0.9999999999999999,1.0000000000000002,0.0
4062,3.4011442103967075e-08,7.056894959581266e-12,7.763912529196849,0.5047399727239654,1.0,0.0,0.9999999999999999,1.0,0.0
4063,3.4011442103967075e-08,6.0862724504674866e-12,7.7579648062764015,0.5047765612561038,1.0,0.0,1.0,1.0,0.0
4064,3.4011442103967075e-08,5.326603705875117e-12,7.75575729505006,0.5047619779265683,1.0,0.0,1.0,1.0,0.0
4065,3.4011442103967075e-08,4.609270443877897e-12,7.754818414479802,0.5047867175034589,1.0,0.0,0.9999999999999999,1.0,0.0
4066,3.4011442103967075e-08,9.122056526353809e-12,7.739581205716445,0.5047934883350291,1.0,0.0,0.9999999999999999,1.0,0.0
4067,3.4011442103967075e-08,6.367327383090128e-12,7.733913979991449,0.5047979154172095,1.0,0.0,1.0,1.0,0.0
4068,3.4011442103967075e-08,6.483550022222146e-12,7.7279217133343865,0.5048480456124881,1.0,0.0,1.0,1.0,0.0
4069,3.4011442103967075e-08,5.862133438282253e-12,7.723174376774853,0.5047506498045182,1.0,0.0,1.0000000000000002,1.0,0.0
4070,3.4011442103967075e-08,4.326114809007021e-12,7.724334186162007,0.5047705716743303,1.0,0.0,1.0000000000000002,1.0,0.0
4071,3.4011442103967075e-08,3.1605838454652497e-12,7.729775489599352,0.5047489570966257,1.0,0.0,1.0000000000000002,1.0,0.0
4072,3.4011442103967075e-08,3.4472360059554075e-12,7.7343028041603334,0.5048295560339697,1.0,0.0,1.0,1.0,0.0
4073,3.4011442103967075e-08,3.988020919846224e-12,7.737113331476052,0.5048221341609026,1.0,0.0,0.9999999999999999,1.0,0.0
4074,3.4011442103967075e-08,2.938616259676672e-12,7.742603827141059,0.5047914050022383,1.0,0.0,1.0000000000000002,1.0,0.0
4075,3.4011442103967075e-08,3.3340578684965958e-12,7.747053307612737,0.5047242175197351,1.0,0.0,1.0,1.0,0.0
4076,3.4011442103967075e-08,6.2559653878406245e-12,7.741154258456714,0.5047598945937775,1.0,0.0,0.9999999999999999,1.0,0.0
4077,3.4011442103967075e-08,1.6055866611086798e-11,7.701171041013329,0.5047134102308828,1.0,0.0,1.0000000000000002,1.0,0.0
4078,3.4011442103967075e-08,3.0902497589605648e-12,7.706337972534304,0.5047524727207102,1.0,0.0,0.9999999999999999,1.0,0.0
4079,3.4011442103967075e-08,3.3477248673037942e-12,7.7101030488958,0.5047561185530941,1.0,0.0,0.9999999999999999,1.0,0.0
4080,3.4011442103967075e-08,3.2483277946551225e-12,7.714743199618654,0.5046934883610708,1.0,0.0,1.0,1.0,0.0
4081,3.4011442103967075e-08,5.5978542289882756e-12,7.7104484779551345,0.5046604154530168,1.0,0.0,0.9999999999999998,1.0000000000000002,0.0
4082,3.4011442103967075e-08,3.186921191694673e-12,7.715543094788002,0.5046404935832048,1.0,0.0,1.0,1.0,0.0
4083,3.4011442103967075e-08,3.490623242538498e-12,7.718683541457941,0.504703384191827,1.0,0.0,1.0,1.0,0.0
4084,3.4011442103967075e-08,4.272377114955016e-12,7.718929560872182,0.5046602852447174,1.0,0.0,0.9999999999999999,1.0000000000000002,0.0
4085,3.4011442103967075e-08,3.6342435569718325e-12,7.722842217386427,0.5046747383659536,1.0,0.0,0.9999999999999999,1.0,0.0
4086,3.4011442103967075e-08,3.1909837632297372e-12,7.7272997987473495,0.5046027331763716,1.0,0.0,1.0000000000000002,1.0,0.0
4087,3.4011442103967075e-08,3.252926814881638e-12,7.732029437496369,0.5046111967158342,1.0,0.0,1.0,1.0,0.0
4088,3.4011442103967075e-08,2.5362149484590346e-12,7.7376946083470015,0.5045608061039567,1.0,0.0,0.9999999999999999,1.0,0.0
4089,3.4011442103967075e-08,2.977471430048652e-12,7.743029756091518,0.5045385404847551,1.0,0.0,1.0000000000000002,1.0,0.0
4090,3.4011442103967075e-08,8.224842472096197e-12,7.730620594290209,0.5045481758989125,1.0,0.0,1.0000000000000002,1.0,0.0
4091,3.4011442103967075e-08,4.640249095883637e-12,7.729688336758478,0.504547394649116,1.0,0.0,1.0000000000000002,1.0,0.0
4092,3.4011442103967075e-08,3.4743878554073347e-12,7.733073292475009,0.5046098946328399,1.0,0.0,1.0,1.0,0.0
4093,3.4011442103967075e-08,6.4389978304637726e-12,7.727813428880105,0.5045860665140451,1.0,0.0,1.0,1.0,0.0
4094,3.4011442103967075e-08,3.709749588506152e-12,7.730689167893026,0.5045424467337378,1.0,0.0,1.0,1.0,0.0
4095,3.4011442103967075e-08,5.3968384309294885e-12,7.728566359960496,0.504541274859043,1.0,0.0,1.0000000000000002,1.0,0.0
4096,3.4011442103967075e-08,3.132108490469908e-12,7.733783896958144,0.504529946736993,1.0,0.0,1.0,1.0,0.0
4097,3.4011442103967075e-08,3.4062572542037194e-12,7.736750884639232,0.5045799467239722,1.0,0.0,0.9999999999999999,1.0,0.0
4098,3.4011442103967075e-08,2.719237144534648e-12,7.741919605277341,0.5045818998484636,1.0,0.0,1.0,1.0,0.0
4099,3.4011442103967075e-08,3.190267602093247e-12,7.746724486720516,0.5045631498533464,1.0,0.0,0.9999999999999999,1.0,0.0
4100,3.4011442103967075e-08,4.718866225454875e-12,7.746216775575278,0.5045195300730391,1.0,0.0,1.0,1.0,0.0
