global_step,predictor_x_gap_mse,x2_mean,phi,predictor_gap_over_x2,predictor_gap_over_phi,fpc_expected_bias_ratio,v_clean_nrmse_fpc,v_clean_nrmse_bc,v_nrmse_ratio_fpc_over_bc,clamp_fraction_fpc,clamp_fraction_bc,clamp_fraction_delta,update_cosine_fpc_bc,update_norm_ratio_fpc_over_bc
1,3.3609238516965123e-12,3.3609238516965123e-12,3.4011442103967075e-08,1.0,9.881744624126056e-05,-0.5,194.74394994487147,389.48660711339784,0.500001659590242,0.7221464265243681,0.703506327211894,0.018640099312474137,0.988542552808691,1.1023822728421093
2,3.40003950528577e-08,3.118321030692964e-12,3.4011442103967075e-08,10903.429992678468,0.9996751960391562,-5451.714996339234,211.25906031698526,319.40072054227267,0.6614232427475852,0.814992756512303,0.6634806865935712,0.15151206991873178,0.9115614376276164,1.1416861097050957
3,1.7041854908487508e-08,5.071161109715698e-12,3.4011442103967075e-08,3360.542988042223,0.5010624029523216,-1680.2714940211115,139.57998970786133,220.09070626824092,0.6341930201166459,0.8449549882929718,0.6476196230157232,0.19733536527724863,0.9246521734585662,1.135579887071785
4,1.142117030053559e-08,3.1036274440354505e-12,3.4011442103967075e-08,3679.942424302501,0.33580376467493067,-1839.9712121512505,134.64573112619843,219.6128659766619,0.6131049313864294,0.856810453955611,0.6396970990372138,0.21711335491839714,0.9358418994939083,1.1328573075264259
5,8.623921280275238e-09,3.0072361007954587e-12,3.4011442103967075e-08,2867.7233816108023,0.2535594125622021,-1433.8616908054012,128.3793595234761,214.37187876739853,0.5988628744667228,0.8631139679390708,0.635778219849422,0.22733574808964893,0.943991215112647,1.1315053262160382
6,6.954317432873423e-09,3.4012625765728176e-12,3.4011442103967075e-08,2044.628215643597,0.20446993725274223,-1022.3141078217985,120.70984251055845,205.04329858487986,0.5887041583101986,0.866849383632973,0.6336412412392601,0.23320814239371293,0.9500890343072911,1.130769513276011
7,5.853377449099364e-09,2.982108305818928e-12,3.4011442103967075e-08,1962.8319460020234,0.17210024294784693,-981.4159730010117,116.90736458120766,201.1402532112376,0.5812231152877763,0.8692638361292093,0.632538376943131,0.23672545918607835,0.9547817645226617,1.130396229346544
8,5.0769771557234354e-09,3.4545556218464943e-12,3.4011442103967075e-08,1469.6469565048546,0.14927262243700215,-734.8234782524273,112.15830553711167,194.881571259689,0.5755203265867319,0.8710982106515076,0.6323473613678746,0.238750849283633,0.9585049302286476,1.1296902939609366
9,4.501894233853642e-09,2.823609675841622e-12,3.4011442103967075e-08,1594.3755513983285,0.13236410911634186,-797.1877756991643,108.38394475418853,189.83812159712386,0.5709282405575098,0.8727635748011524,0.6327322571009747,0.2400313177001777,0.9615225514387327,1.128964730452326
10,4.060003824862709e-09,2.95573018959569e-12,3.4011442103967075e-08,1373.6043428977769,0.11937170474724307,-686.8021714488884,104.93298373676336,184.9828283803237,0.5672579701345127,0.8740273765553707,0.6335206683539926,0.24050670820137807,0.9639926391788897,1.128317154127222
11,3.7130504235308088e-09,2.7888510933346885e-12,3.4011442103967075e-08,1331.3907050845928,0.10917062593760823,-665.6953525422964,102.48830545053282,181.67180300610758,0.564139859651678,0.8753767251623111,0.6342469702481849,0.24112975491412633,0.9660961182696884,1.1279536758197242
12,3.432921868170726e-09,2.689236954322071e-12,3.4011442103967075e-08,1276.5412369681385,0.10093432256347377,-638.2706184840692,100.51327455497326,178.95997761317105,0.5616522526183849,0.8766849279466333,0.6354758761781573,0.2412090517684761,0.9678510322158569,1.1272314029205777
13,3.2042152773357054e-09,2.8928374194143686e-12,3.4011442103967075e-08,1107.637524263072,0.09420992110657865,-553.818762131536,97.79906076362533,174.81121146837975,0.559455311487933,0.8779950838554469,0.6368806935206527,0.24111439033479418,0.9693771106558798,1.1265407869101507
14,3.0119872795461338e-09,3.812569862320498e-12,3.4011442103967075e-08,790.0149737093357,0.08855805850098951,-395.00748685466783,93.06133000319531,166.90641340486565,0.557565932337519,0.8791919585437608,0.637996188021826,0.24119577052193475,0.9706793827771628,1.1259496561387166
15,2.8539937985781257e-09,2.8040603098852468e-12,3.4011442103967075e-08,1017.8075658775407,0.08391275470925232,-508.90378293877035,90.67312791861484,163.07120172695454,0.5560339714086205,0.8803579738651109,0.6393825157858032,0.24097545807930779,0.9718456607625658,1.1251397770859857
16,2.720363535709327e-09,3.190727845638239e-12,3.4011442103967075e-08,852.5840081999143,0.07998377508938456,-426.2920040999571,88.154847155675,158.9384236514003,0.5546478008931626,0.8816226870774252,0.6407486612633695,0.2408740258140558,0.9728879826640716,1.1244405361642515
17,2.6058254834916237e-09,2.9860079414263454e-12,3.4011442103967075e-08,872.6786849223457,0.07661614216551205,-436.33934246117286,86.50874615119896,156.3257160513464,0.5533878131911738,0.8829096659089412,0.6422523067051285,0.2406573592038127,0.9738142781125332,1.1235025550037663
18,2.508289602251957e-09,3.2646293074984783e-12,3.4011442103967075e-08,768.3229445042058,0.07374840486282679,-384.1614722521029,84.4743351601339,152.937468334784,0.5523455833283276,0.8841881812009945,0.6437819938067725,0.24040618739422204,0.9746343744153553,1.1226559367006035
19,2.423858414437315e-09,2.9253584013236488e-12,3.4011442103967075e-08,828.5680186539132,0.07126597005290163,-414.2840093269566,82.94217981974644,150.41110930044624,0.551436527564393,0.8855846652123268,0.645198790312815,0.24038587489951174,0.9754065337702359,1.1216813784158925
20,2.3508234013480598e-09,2.876717876965173e-12,3.4011442103967075e-08,817.189415817198,0.06911860409099975,-408.594707908599,81.27232972192537,147.6153883965627,0.5505681393025949,0.8868758107094243,0.6466935815902132,0.24018222911921117,0.9760837743744031,1.1207176518958044
21,2.2877473183463763e-09,2.8571096825416835e-12,3.4011442103967075e-08,800.7208586795301,0.06726404929709037,-400.36042933976506,79.70090498052696,144.94097291793295,0.5498852627797277,0.8881902634921189,0.6482089457789204,0.2399813177131985,0.9767082914529122,1.1198820024865044
22,2.2322747917679127e-09,2.970947931582166e-12,3.4011442103967075e-08,751.3678607551778,0.06563305328084108,-375.6839303775889,78.33059556509957,142.63011172279352,0.5491869467040575,0.8894868777377922,0.649713112053877,0.23977376568391517,0.9772931192216159,1.1188731341707827
23,2.183642004984265e-09,2.9140772128756604e-12,3.4011442103967075e-08,749.3425346919378,0.06420315840502294,-374.6712673459689,77.0144800073527,140.38179931598154,0.5486073008225442,0.8907769815684944,0.6511978772922195,0.23957910427627493,0.977819802621411,1.1179523155271875
24,2.141131740722534e-09,2.7309823882878188e-12,3.4011442103967075e-08,784.015213684666,0.06295327714060067,-392.007606842333,75.88120365613494,138.44246352716496,0.5481064243070599,0.8920364864488316,0.6529403247551238,0.2390961616937079,0.9783335351192468,1.1168686868742963
25,2.1043501279753866e-09,3.5880114319186338e-12,3.4011442103967075e-08,586.494822523494,0.06187182894341126,-293.247411261747,73.94153160741395,135.03056794308608,0.5475910583341359,0.893368647560248,0.6543111577314693,0.2390574898287787,0.9787882826420559,1.11592396114707
26,2.0709226882760434e-09,3.3557090860728674e-12,3.4011442103967075e-08,617.1341541109605,0.060888999706204525,-308.56707705548024,72.14509624730272,131.85300391401998,0.5471630839320719,0.8946591420158484,0.6557588136044756,0.23890032841137282,0.9792184317527877,1.1149440700427768
27,2.041416140548566e-09,3.421341180146767e-12,3.4011442103967075e-08,596.6713148616749,0.06002145202512469,-298.33565743083744,70.61891178321736,129.1536442704255,0.5467821847547214,0.8960808864372691,0.6574672767012301,0.23861360973603912,0.9796164501339926,1.1140209170618431
28,2.0146535343315425e-09,3.24589012948306e-12,3.4011442103967075e-08,620.6782897646618,0.059234581355683075,-310.3391448823309,69.26931472242214,126.75411866168983,0.5464857115002615,0.8974304954608084,0.6590276929615383,0.23840280249927018,0.9799914842268954,1.113065435282544
29,1.9912080766592825e-09,3.137207058670595e-12,3.4011442103967075e-08,634.7072537517066,0.0585452410565981,-317.3536268758533,68.19714466853326,124.86862753250308,0.5461511511430817,0.898725937831787,0.660455557173032,0.23827038065875503,0.9803637994655736,1.112116078671746
30,1.9707418864334575e-09,3.1062677512807593e-12,3.4011442103967075e-08,634.4404424315618,0.05794349679173384,-317.2202212157809,67.1439471692904,122.99813015130556,0.545894048037101,0.9001130468455607,0.6618873276335084,0.2382257192120523,0.9807387473864358,1.1111079376486517
31,1.951668415165937e-09,3.3791278894300813e-12,3.4011442103967075e-08,577.5657148907444,0.05738270106865877,-288.7828574453722,65.67794506298651,120.35784797861633,0.5456889281923297,0.9013629163117406,0.6634502178515058,0.23791269846023477,0.9810604357281071,1.1101399973367734
32,1.9329185408800946e-09,2.9304539555184225e-12,3.4011442103967075e-08,659.5969669614361,0.056831419701978476,-329.79848348071806,65.00257705810986,119.1598507193193,0.5455073723717837,0.9027006763800322,0.6650696184714535,0.23763105790857866,0.9813684473173122,1.109111700900795
33,1.9186983799112764e-09,3.528469502908872e-12,3.4011442103967075e-08,543.7763818929144,0.05641332037748204,-271.8881909464572,63.81669080323481,117.01999138384046,0.5453486199115154,0.9038850510716013,0.6665093316381949,0.2373757194334064,0.9816584825783619,1.1082293504201943
34,1.9053628545740224e-09,2.816301747692152e-12,3.4011442103967075e-08,676.5478365858316,0.056021230994841645,-338.2739182929158,63.12888549410783,115.79610796751406,0.5451727748208798,0.9051735924027103,0.6679552948033086,0.23721829759940166,0.9819391387357617,1.1072986689139939
35,1.894165848926319e-09,3.205879301667852e-12,3.4011442103967075e-08,590.8412858652799,0.0556920180901528,-295.42064293263996,62.29057911386335,114.28676106798841,0.5450375750591717,0.9064810139372359,0.6694067267169983,0.2370742872202377,0.9821924344133183,1.106499832334456
36,1.883311827823667e-09,3.0008408559416646e-12,3.4011442103967075e-08,627.5947036960356,0.055372889572477095,-313.7973518480178,61.753910412980005,113.32836940420789,0.5449113115950919,0.9077571854798996,0.670871700293828,0.23688548518607155,0.982459773913347,1.1055791731501148
37,1.875125128092313e-09,3.4770543037641787e-12,3.4011442103967075e-08,539.2855458318111,0.05513218529106707,-269.64277291590554,60.76520912456107,111.53245000028386,0.5448208940483815,0.9089647372487664,0.6723266478316021,0.23663808941716422,0.9827114021021768,1.104669304751584
38,1.8657795331270574e-09,2.7516633749191107e-12,3.4011442103967075e-08,678.0551538873844,0.054857407322620816,-339.0275769436922,60.205777002294326,110.51358394138045,0.5447816897715414,0.9101712473512377,0.673609329789237,0.23656191756200062,0.9829553405441902,1.1037675544205743
39,1.8588277436634894e-09,3.186275931684937e-12,3.4011442103967075e-08,583.3856776743505,0.054653011712393014,-291.69283883717526,59.45721686320106,109.1480593327907,0.5447391115028162,0.9113482001697395,0.6749950065117171,0.2363531936580225,0.9831835599476,1.1029707679458443
40,1.8525982651948865e-09,3.825689203950218e-12,3.4011442103967075e-08,484.2521612267888,0.0544698533961546,-242.1260806133944,58.35844873659457,107.13897286118298,0.5446986019943275,0.9126233300460078,0.6763783394848074,0.23624499056120038,0.9833931008617051,1.102150174593732
41,1.845380482106536e-09,2.839733645401307e-12,3.4011442103967075e-08,649.842806593838,0.05425763707594427,-324.921403296919,57.85793194108005,106.22854655974045,0.5446552157102338,0.9137748922461219,0.6776999537239704,0.23607493852215142,0.9836080604353222,1.1013802043724785
42,1.8405150199982378e-09,2.784272666590838e-12,3.4011442103967075e-08,661.03979042104,0.054114583391439354,-330.51989521052,57.338039251420916,105.27976379715084,0.544625454915512,0.9149299700703203,0.6789933127621581,0.23593665730816216,0.9838123085292343,1.100615158028344
43,1.8371686751662114e-09,3.055988296681443e-12,3.4011442103967075e-08,601.1700624512301,0.05401619459563948,-300.58503122561507,56.855473867953506,104.3927497698965,0.5446304843322443,0.9161103083046072,0.6803065936701579,0.23580371463444932,0.9840103923406269,1.0998039453701622
44,1.832276895681114e-09,3.3651133420681973e-12,3.4011442103967075e-08,544.4918816776012,0.0538723671310426,-272.2459408388006,56.21377796114511,103.2125891347384,0.544640711296963,0.9172907767471935,0.6817252130923924,0.23556556365480114,0.9841935213494281,1.0990399745416792
45,1.8275163486518978e-09,2.729529404367092e-12,3.4011442103967075e-08,669.5353219965227,0.05373239814605619,-334.76766099826136,55.83899734205086,102.520034517187,0.5446642464082444,0.9184149952044284,0.6830644054519778,0.23535058975245057,0.9843864254400586,1.0982177511420677
46,1.8235220476286816e-09,3.1949815181746273e-12,3.4011442103967075e-08,570.7457264637027,0.05361495822654303,-285.37286323185134,55.26928325703634,101.46834408979562,0.5446948381075888,0.9195294480392062,0.6842629728481842,0.2352664751910221,0.9845679120273304,1.097444018857642
47,1.820525819290942e-09,3.225344872998982e-12,3.4011442103967075e-08,564.4437698838033,0.05352686351040072,-282.22188494190164,54.59282221453429,100.20987442179454,0.544784858074435,0.9207130414809788,0.6856736495641538,0.23503939191682502,0.9847581785523587,1.0965963409983355
48,1.817003852365015e-09,2.5769850379900293e-12,3.4011442103967075e-08,705.0890189809651,0.053423311096623,-352.54450949048254,54.283776901656566,99.63108801832583,0.544847777750573,0.9218422078535917,0.6869698731849289,0.23487233466866284,0.9849288756423803,1.0957895870735894
49,1.815141828065086e-09,2.475352075206286e-12,3.4011442103967075e-08,733.2863257093718,0.053368564100178775,-366.6431628546859,54.01972053599168,99.13356088560619,0.544918593192945,0.9229189002815363,0.6882637530563143,0.23465514722522207,0.9850884005382734,1.0950989678981164
50,1.8135425083323267e-09,2.7608257574986593e-12,3.4011442103967075e-08,656.8840874533921,0.05332154110927264,-328.44204372669606,53.669264235113495,98.47397649317779,0.5450096172244214,0.924017337495485,0.6894920079447896,0.23452532955069544,0.9852518606011692,1.0943792523337923
51,1.8112879988695967e-09,3.2305954970571646e-12,3.4011442103967075e-08,560.6669112612666,0.05325525431508619,-280.3334556306333,53.15560395458555,97.52168718886259,0.5450644414266878,0.9251174674173261,0.6906401847291186,0.23447728268820764,0.9854170103206186,1.0936655028371058
52,1.8106531932349887e-09,3.2756869332902173e-12,3.4011442103967075e-08,552.7552632803965,0.05323658984232824,-276.3776316401983,52.6058832143171,96.49339139604842,0.5451760214168554,0.9261733265173628,0.6919050281497322,0.23426829836763063,0.9855742223215884,1.0928857684484055
53,1.8077275963092578e-09,3.1014599980725177e-12,3.4011442103967075e-08,582.8634247846875,0.05315057182178128,-291.43171239234374,52.210711205722475,95.7509189388437,0.5452763460063454,0.9272037949990117,0.6931657049047644,0.23403809009424736,0.9856953046422442,1.0923583800445955
54,1.8076277036725227e-09,3.3586010752976058e-12,3.4011442103967075e-08,538.2085169231801,0.05314763479145984,-269.10425846159006,51.6561906978085,94.7164635583995,0.5453771050685264,0.9282338728557623,0.6945365378811099,0.23369733497465234,0.9858345247262765,1.0916828150487947
55,1.8050881427142387e-09,2.9848558604120195e-12,3.4011442103967075e-08,604.7488478941393,0.05307296695025155,-302.37442394706966,51.30079133630978,94.04084171760546,0.5455160800278728,0.9291824403170729,0.6957466938159651,0.23343574650110768,0.9859841230819806,1.0909560318647369
56,1.8029703560435775e-09,3.0518288795105913e-12,3.4011442103967075e-08,590.7835685507741,0.05301070006182655,-295.39178427538707,50.9124085114207,93.31008633405087,0.545625992983801,0.9302162942145067,0.697013099736172,0.23320319447833476,0.9861278591424142,1.0902326737881713
57,1.8023561187335357e-09,3.3214517411968216e-12,3.4011442103967075e-08,542.641067572486,0.052992640336274065,-271.320533786243,50.492498110224076,92.51864132634802,0.5457548596300508,0.9312643408165779,0.6982616671193576,0.23300267369722039,0.9862650706633319,1.089558405324087
58,1.8015755392095728e-09,3.3058887975781427e-12,3.4011442103967075e-08,544.9595099899873,0.05296968983856871,-272.47975499499364,50.083823128835164,91.74751361102945,0.5458875249869913,0.9321455905870858,0.6995102345025431,0.2326353560845427,0.9863991424863304,1.0888851364824583
59,1.8004646756841713e-09,3.676533688366808e-12,3.4011442103967075e-08,489.7179866408282,0.052937028373582724,-244.8589933204141,49.456247399661,90.57361745505492,0.5460336993187065,0.9331231944991681,0.7006022915098199,0.2325209029893482,0.9865380550704549,1.088222066018564
60,1.7977354387737482e-09,2.762528339797966e-12,3.4011442103967075e-08,650.7572837805614,0.05285678370468335,-325.3786418902807,49.187157504275014,90.05447085807818,0.5461933986796922,0.9341505379816307,0.7018030724471166,0.23234746553451419,0.9866843418326814,1.0874769466794039
61,1.7984511857822485e-09,3.4936238677792343e-12,3.4011442103967075e-08,514.7809992852655,0.05287782800519588,-257.39049964263273,48.69433939694159,89.12774435878272,0.546343226200397,0.9350651210767914,0.7029395304844973,0.23212559059229412,0.9868136345633355,1.086781659610199
62,1.7974007583722253e-09,3.2258686426014412e-12,3.4011442103967075e-08,557.1834930397988,0.05284694347501888,-278.5917465198994,48.29206592587336,88.37060624010817,0.546472045180509,0.9359785322972572,0.7041877072427846,0.23179082505447265,0.986935302573622,1.0861517077952614
63,1.7964379130958864e-09,2.6627898858995155e-12,3.4011442103967075e-08,674.6450114628675,0.05281863402335272,-337.32250573143375,48.04532745019582,87.89689583010735,0.5466100593934609,0.936819287286644,0.7052168736414391,0.23160241364520479,0.9870223271601574,1.0856903001617355
64,1.7968327417274241e-09,3.311138677677671e-12,3.4011442103967075e-08,542.6630886350149,0.05283024272345813,-271.33154431750745,47.65236280521032,87.14990999723899,0.5467861390415665,0.9376804849790403,0.7064393993647398,0.23124108561430062,0.9871337854699541,1.0850969554369272
65,1.7968991494528651e-09,3.0655687644264103e-12,3.4011442103967075e-08,586.1552251916547,0.05283219523477,-293.07761259582736,47.30225982148552,86.47939407551944,0.5469772346020152,0.9385326982987765,0.7075765084436176,0.2309561898551589,0.9872484983607063,1.0845276532290826
66,1.7967941087839345e-09,3.4212865419027745e-12,3.4011442103967075e-08,525.1808308884393,0.05282910684267508,-262.5904154442197,46.907114338723446,85.7283185621491,0.5471600881185829,0.9394342605639946,0.7085892685965446,0.23084499196745,0.9873668510530516,1.0839683136624327
67,1.7953992771962547e-09,2.9657449068815654e-12,3.4011442103967075e-08,605.37886216387,0.05278809618563161,-302.689431081935,46.61912495065058,85.17573539193869,0.5473287050135968,0.9402828280513469,0.7096800235208273,0.23060280453051965,0.9874735487177615,1.0834283483083114
68,1.7948921048010787e-09,2.87401595894977e-12,3.4011442103967075e-08,624.5240563858847,0.05277318436878992,-312.26202819294235,46.37457743788686,84.69917587956489,0.5475209995411008,0.9411285309561117,0.7108245544727723,0.23030397648333945,0.9875856902416636,1.082881659738088
69,1.7942960388354395e-09,2.832705435785663e-12,3.4011442103967075e-08,633.4213279531424,0.052755658914743694,-316.7106639765712,46.11059927229263,84.18579380048318,0.5477242322092113,0.9420070463523317,0.7118961687770394,0.2301108775752923,0.9876921348415972,1.0823173616272104
70,1.7945163765321316e-09,3.2877992834651174e-12,3.4011442103967075e-08,545.8108058959224,0.05276213725506277,-272.9054029479612,45.81056665246302,83.60914157540742,0.5479133715437837,0.9428263169723133,0.7130611424319941,0.22976517454031914,0.987792235510826,1.0817938086962777
71,1.7940682431826624e-09,2.8232186755541074e-12,3.4011442103967075e-08,635.4691043656208,0.05274896129656917,-317.7345521828104,45.5441832166905,83.09816933324429,0.548076853944243,0.9436366032196346,0.7140956473709251,0.22954095584870943,0.9879020015560147,1.081213652050416
72,1.7955072162699793e-09,3.174011319250779e-12,3.4011442103967075e-08,565.6902372653814,0.05279126979624755,-282.8451186326907,45.298854260480596,82.61955455351527,0.5482824799199215,0.9444332175955162,0.7152960376833235,0.22913717991219273,0.9879984983351194,1.0806810328190428
73,1.794504228697344e-09,3.115629267157743e-12,3.4011442103967075e-08,575.968472120046,0.052761780086003296,-287.984236060023,45.00851560027344,82.06155378461249,0.5484726223732931,0.9451668111544763,0.7163481207426768,0.22881869041179936,0.9881035436893959,1.0801242817392762
74,1.7947464897465751e-09,2.967004841482846e-12,3.4011442103967075e-08,604.9017732136895,0.05276890301388417,-302.45088660684473,44.77781146635839,81.61344257428786,0.5486573051443066,0.9459354307459816,0.7174114017157808,0.22852402903020078,0.9882081870105628,1.0795129061215716
75,1.7945110382551613e-09,3.672255622669899e-12,3.4011442103967075e-08,488.6672450515493,0.052761980299737145,-244.33362252577464,44.37477406759965,80.8451389273601,0.5488861130843091,0.946689987841149,0.7184999430989731,0.22819004474217586,0.98830074628646,1.0789912740713332
76,1.7938598100877502e-09,3.1904569375351774e-12,3.4011442103967075e-08,562.2579602887906,0.05274283297380429,-281.1289801443953,44.111592944385606,80.33860140721735,0.5490709593112579,0.9474731907621899,0.7196853594569377,0.22778783130525226,0.988399181760676,1.078415907448429
77,1.7944652967389968e-09,3.1714988929391598e-12,3.4011442103967075e-08,565.8098449077469,0.052760635413624274,-282.90492245387344,43.79813560795182,79.7384280321952,0.5492726241137821,0.9482704561795687,0.7206895258621027,0.22758093031746607,0.988498032108072,1.077840323598254
78,1.793693456233344e-09,2.8893093998310027e-12,3.4011442103967075e-08,620.803523616494,0.05273794185939939,-310.401761808247,43.60357582502344,79.3527224942445,0.5494906091997793,0.9489475393365783,0.7217711662054255,0.22717637313115283,0.9885699112830765,1.0774795318695096
79,1.7944560642539271e-09,3.010123068585051e-12,3.4011442103967075e-08,596.1404312606512,0.05276036396129827,-298.0702156303256,43.4039736462623,78.95871792730924,0.5497046404200832,0.9496364714488356,0.7227612701142526,0.226875201334583,0.9886618636753921,1.076973931474698
80,1.7938963625770333e-09,3.1701210335136866e-12,3.4011442103967075e-08,565.8763004984454,0.05274390768534317,-282.9381502492227,43.12774183168449,78.42844418701942,0.5498992397304561,0.9503975389589743,0.723784577139433,0.2266129618195412,0.9887542287464612,1.0764719387524968
81,1.7942279146777503e-09,3.375962030249618e-12,3.4011442103967075e-08,531.4715919790974,0.05275365593711396,-265.7357959895487,42.820513252435546,77.84137706990882,0.550099636777735,0.9510757939906787,0.7248263737431319,0.22624942024754682,0.9888557341282368,1.0758871746346388
82,1.7929784110656674e-09,2.264284493203541e-12,3.4011442103967075e-08,791.8520912223961,0.052716918194319534,-395.92604561119805,42.70855465601238,77.60857443456436,0.550307166020967,0.9517780073494773,0.7257567120425229,0.22602129530695433,0.9889369169692479,1.075448544754002
83,1.7944642679567907e-09,3.1774224986722207e-12,3.4011442103967075e-08,564.7546930591258,0.052760605165503564,-282.3773465295629,42.471723443741304,77.14529848477306,0.5505419549595024,0.9524897259141338,0.7267464253264517,0.22574330058768213,0.9890221164988287,1.0750148945040767
84,1.7948464742652334e-09,3.5796976173352455e-12,3.4011442103967075e-08,501.396113898953,0.05277184274570597,-250.6980569494765,42.10122293855236,76.43909321071027,0.5507812975030602,0.9531661580296463,0.7278136125485384,0.22535254548110795,0.9890917936673784,1.0745982499684026
85,1.7933597036137974e-09,3.037704068913433e-12,3.4011442103967075e-08,590.3668240650151,0.052728128908259994,-295.18341203250753,41.88906594585332,76.02337664444921,0.551002438917738,0.9537769651622486,0.7288275445761603,0.22494942058608838,0.9891760283769913,1.0741073119707922
86,1.7931187551040306e-09,3.2161209170833564e-12,3.4011442103967075e-08,557.5408392076808,0.05272104457149385,-278.7704196038404,41.67899295377472,75.61247874610113,0.5512184449570613,0.9544367306154348,0.729883403676197,0.22455332693923777,0.9892466615582203,1.0737354610496415
87,1.7926903852241359e-09,2.7387649866274848e-12,3.4011442103967075e-08,654.5615976461181,0.05270844969596386,-327.28079882305906,41.50697198896571,75.26893814194469,0.5514488846739205,0.9551142043973426,0.7308491586330316,0.224265045764311,0.989340197159756,1.0731653112009973
88,1.7938926210476877e-09,3.816441011530622e-12,3.4011442103967075e-08,470.04332456018466,0.052743797677383665,-235.02166228009233,41.15946207387916,74.60947747756848,0.5516653308053773,0.9557204542394651,0.7317625698534974,0.22395788438596761,0.9894104911255404,1.0727647741368758
89,1.7929374940660764e-09,2.6513473628061547e-12,3.4011442103967075e-08,676.2363616393336,0.052715715158015874,-338.1181808196668,41.02100620275501,74.32888097639831,0.5518851577461583,0.9563420686609196,0.7327098352318138,0.22363223342910588,0.9894951123169914,1.072264623913903
90,1.7928659533143673e-09,3.5788350685995992e-12,3.4011442103967075e-08,500.96355907675763,0.05271361172613285,-250.48177953837882,40.72756172268331,73.76687036778678,0.5521118290585446,0.9569427195461668,0.7337443401707447,0.22319837937542203,0.9895752833123191,1.0717391290915204
91,1.7921618013004651e-09,3.3438470961382823e-12,3.4011442103967075e-08,535.958059616477,0.0526929083401444,-267.9790298082385,40.546507906105894,73.4066348795746,0.5523548106056549,0.9576100370807195,0.7347813190673649,0.2228287180133547,0.9896601263340029,1.071228697721175
92,1.7914754442861417e-09,3.1267970289425672e-12,3.4011442103967075e-08,572.9426719111314,0.05267272816042061,-286.4713359555657,40.3224169297162,72.97026371470935,0.5525869700480198,0.9582510525387884,0.7358313187939274,0.22241973374486101,0.9897450184060703,1.0707305609704258
93,1.791026211238015e-09,2.9945475904730368e-12,3.4011442103967075e-08,598.0957580824734,0.05265951986873002,-299.0478790412367,40.153447662378284,72.63742710718532,0.5527928130373755,0.9588102971848185,0.736562959228396,0.2222473379564224,0.9898284143503673,1.070276915277622
94,1.7915551141810374e-09,3.0829136782080564e-12,3.4011442103967075e-08,581.1239954089077,0.052675070604315,-290.56199770445386,39.98032823489559,72.29120910228306,0.5530455048597734,0.9594388126461425,0.7375686881331541,0.2218701245129884,0.9899074551289921,1.069837648371241
95,1.7923929251360658e-09,3.048089663169198e-12,3.4011442103967075e-08,588.038123285539,0.052699703813117706,-294.0190616427695,39.783897258194635,71.90800267035218,0.553261052745074,0.9599882916697157,0.7385159535114705,0.22147233815824527,0.9899819355605004,1.0693827044603286
96,1.79289629674397e-09,3.1482928525071325e-12,3.4011442103967075e-08,569.482059242425,0.05271450387970605,-284.7410296212125,39.59951732059067,71.54600058464663,0.5534833113940474,0.9605406352758762,0.739445510561065,0.22109512471481127,0.9900470547337479,1.0690046783388238
97,1.793202196881062e-09,2.8056617706736327e-12,3.4011442103967075e-08,639.1369820926485,0.052723497915776525,-319.56849104632425,39.46254581532674,71.266724707193,0.5537303135153587,0.9610626403482707,0.740414130100487,0.22064851024778379,0.990107141523841,1.0686576152420961
98,1.7929193365998828e-09,2.8758253724805933e-12,3.4011442103967075e-08,623.4451346582873,0.05271518129455492,-311.72256732914366,39.28806386249095,70.92368710401925,0.5539484122542818,0.9616032652074831,0.7413304059035402,0.2202728593039429,0.990172496215106,1.0682396626875847
99,1.7934362718556148e-09,2.9835019046046146e-12,3.4011442103967075e-08,601.1178572025373,0.05273038015775371,-300.55892860126863,39.12185644706695,70.59174932774293,0.5541987104673132,0.9621175879902114,0.7422133483819405,0.21990423960827093,0.9902554450806252,1.0677412984548211
100,1.7937532220427378e-09,3.4497101516494094e-12,3.4011442103967075e-08,519.9721551055792,0.05273969908595894,-259.9860775527896,38.88854695414564,70.14266611863712,0.554420712899204,0.962691676382376,0.7431016294006173,0.2195900469817586,0.9903297013887024,1.0672861825056907
101,1.7932468633957413e-09,3.1024014069770352e-12,3.4011442103967075e-08,578.0189692290891,0.05272481119483546,-289.00948461454453,38.75392420736317,69.86858837581588,0.5546687733106878,0.9632009210414268,0.7440041031239315,0.21919681791749535,0.990399859790192,1.06685708429168
102,1.7923717894202121e-09,2.8169490608027198e-12,3.4011442103967075e-08,636.2812215388292,0.052699082383547355,-318.1406107694146,38.63782422961917,69.62814501048372,0.55491675419188,0.9637615979787505,0.7447850925038821,0.21897650547486835,0.990472442831759,1.0664665888847933
103,1.792127744946752e-09,2.877357896600116e-12,3.4011442103967075e-08,622.8379677982808,0.052691907019659104,-311.4189838991404,38.50666160466452,69.36278785867302,0.5551487013919051,0.9642668061805192,0.7456552745689389,0.2186115316115803,0.9905469921430845,1.0660413125490256
104,1.793465394994013e-09,3.323852313413166e-12,3.4011442103967075e-08,539.5743329980736,0.05273123643248353,-269.7871664990368,38.327670692721156,69.01036621075497,0.5553900493104172,0.9647519623041765,0.7465754566209748,0.21817650568320165,0.9906183574136106,1.0655995979222188
105,1.7928555342989888e-09,2.857246173670696e-12,3.4011442103967075e-08,627.476746953068,0.052713305387596936,-313.738373476534,38.20417569860806,68.75671203007666,0.5556428539208824,0.9652576913391429,0.7473521491270445,0.21790554221209837,0.9906853155512804,1.0652084301144922
106,1.7927601721813132e-09,2.9263857230556364e-12,3.4011442103967075e-08,612.6192313121905,0.052710501563008015,-306.3096156560953,38.062457314935656,68.46927608714972,0.5559056483449399,0.9657776130787465,0.7482389978544276,0.21753861522431894,0.9907538673050011,1.064823947950236
107,1.7928643079657692e-09,3.311734091853584e-12,3.4011442103967075e-08,541.36722884122,0.05271356334980723,-270.68361442061,37.86859954360829,68.08968191737803,0.5561576802423477,0.9662063890087529,0.7490848309674919,0.21712155804126093,0.9908117327499681,1.0644827778211088
108,1.7933386746806526e-09,3.256050028620747e-12,3.4011442103967075e-08,550.7712286104847,0.05272751061830097,-275.38561430524237,37.678680827125774,67.71847281930333,0.5564018097050967,0.9666712326376998,0.7499567057404413,0.21671452689725862,0.9908725242943918,1.0641330660675652
109,1.7934359175161954e-09,3.2224107013819112e-12,3.4011442103967075e-08,556.5510059742203,0.052730369739512166,-278.27550298711014,37.50973647210123,67.38267812834515,0.5566673441007447,0.9671698002161978,0.7507939451057435,0.2163758551104544,0.9909481118085697,1.0636788201349117
110,1.7935484568720703e-09,3.3785920058366825e-12,3.4011442103967075e-08,530.8567751813855,0.052733678607025956,-265.42838759069275,37.34930177352787,67.06628973035339,0.5569012677411321,0.9676458417588953,0.7516796219584317,0.2159662198004636,0.9910149402953389,1.0632682190909333
111,1.7934581160605445e-09,2.826600400192887e-12,3.4011442103967075e-08,634.4929817239674,0.052731022418227795,-317.2464908619837,37.233737647633134,66.83051105410749,0.5571368086275423,0.9680964926832051,0.7524447259258527,0.2156517667573524,0.9910720390718796,1.062918666221096
112,1.7948740914943355e-09,3.686627583823717e-12,3.4011442103967075e-08,486.86070146329183,0.05277265474388639,-243.43035073164592,37.036304616153735,66.44823815389047,0.557370754215931,0.9685393311095492,0.7533471996491667,0.21519213146038244,0.9911268237915759,1.0625910867582542
113,1.794232260117454e-09,3.365461593989914e-12,3.4011442103967075e-08,533.1311054987577,0.05275378370116731,-266.56555274937887,36.881678506983285,66.142857105197,0.5576063708334336,0.968969799747448,0.7540962879957583,0.21487351175168964,0.9911948067178687,1.062208517620556
114,1.7940610734145175e-09,2.943769350751389e-12,3.4011442103967075e-08,609.4434922208115,0.05274875049197809,-304.7217461104058,36.77949707245418,65.93223059128647,0.557837900259284,0.9694065183837192,0.7549219388224118,0.2144845795613074,0.9912553597504975,1.0618467876079554
115,1.7937607809711522e-09,2.6266127019980954e-12,3.4011442103967075e-08,682.9178811198991,0.05273992133258969,-341.45894055994955,36.71466820427759,65.78673630021342,0.5580861776868308,0.9698178464016025,0.7558253240038219,0.21399252239778063,0.9913185135037024,1.0614552535433024
116,1.7942430361367579e-09,3.1213254144494754e-12,3.4011442103967075e-08,574.8336997580299,0.05275410053628624,-287.41684987901493,36.579581631173454,65.51394671452236,0.5583480078000692,0.9702442785822191,0.7565736311006169,0.21367064748160222,0.991368738156298,1.0611547964204036
117,1.7930162079347736e-09,3.0685185578426665e-12,3.4011442103967075e-08,584.3263366786872,0.052718029492952234,-292.1631683393436,36.45471340135129,65.26021119327199,0.5586055076252894,0.9706722732624289,0.7573986308857732,0.21327364237665564,0.991422395879846,1.0608412518520427
118,1.7928817230895489e-09,3.4640311234207757e-12,3.4011442103967075e-08,517.57090488236,0.05271407538701301,-258.78545244118,36.29391476804876,64.94238401309241,0.5588632958212912,0.9710354242095249,0.7582067035920043,0.21282872061752067,0.9914782260780174,1.0605300838458918
119,1.7919854643883464e-09,2.9312641374952616e-12,3.4011442103967075e-08,611.3353762515519,0.05268772370517421,-305.66768812577595,36.199342407796344,64.74511686146215,0.5591053682898371,0.9714112053616653,0.7589499325651218,0.21246127279654353,0.9915359946773397,1.0601993657960151
120,1.7919160772205121e-09,3.1643501255392127e-12,3.4011442103967075e-08,566.2824928120638,0.05268568359268436,-283.1412464060319,36.03374205821292,64.41903932283938,0.5593647846505121,0.9718589917033876,0.7597093073673679,0.21214968433601972,0.991593480933566,1.0598512022182012
121,1.7922364673582405e-09,3.3408201356342957e-12,3.4011442103967075e-08,536.4660157072366,0.05269510366187016,-268.2330078536183,35.879412533416925,64.11250354794916,0.5596320615772403,0.9722588613909215,0.7605229790304742,0.2117358823604473,0.9916533324823112,1.05949545141028
122,1.7918664463081523e-09,3.4839250950946688e-12,3.4011442103967075e-08,514.324044690594,0.05268422435105009,-257.162022345297,35.70870469501558,63.777032481071004,0.5598991252158668,0.9726567779539641,0.7613033173689278,0.21135346058503632,0.9917253303153529,1.0590259263561799
123,1.7910041467497766e-09,3.181606547264591e-12,3.4011442103967075e-08,562.9244597480493,0.05265887113151473,-281.4622298740247,35.58484401259011,63.527671137792304,0.5601471512375472,0.9730454497277474,0.7621641244364259,0.21088132529132153,0.9917822149959048,1.0586586346910927
124,1.7917397931330261e-09,3.0113981750252234e-12,3.4011442103967075e-08,594.9860128071634,0.05268050051085716,-297.4930064035817,35.492784029721214,63.33531374795981,0.5603948560350271,0.9734156319230125,0.7629288377789485,0.21048679414406402,0.9918385380459578,1.0583313252050777
125,1.7917779538376711e-09,2.3029169064487702e-12,3.4011442103967075e-08,778.0471578545556,0.052681622506935075,-389.0235789272778,35.467526612636114,63.26159057478714,0.5606486699177569,0.9737996161980166,0.7636968063289566,0.21010280986905994,0.9918935403798584,1.0580086359271723
126,1.7930075426949358e-09,3.062279460198616e-12,3.4011442103967075e-08,585.5140152945555,0.05271777471869681,-292.75700764727776,35.35786446110442,63.03689376407791,0.5609074678304246,0.9741507879815656,0.76449758737042,0.20965320061114567,0.9919447966568419,1.057674716462276
127,1.792855907727856e-09,3.1832469215634014e-12,3.4011442103967075e-08,563.2160972442952,0.05271331636710395,-281.6080486221476,35.25157786057461,62.81936353586863,0.5611578321777592,0.9745363347561629,0.7653275350709544,0.20920879968520842,0.9920017241047978,1.0573365415309786
128,1.7924482909957238e-09,2.915595968561772e-12,3.4011442103967075e-08,614.779383125542,0.052701331672927024,-307.389691562771,35.13955424011724,62.591342905159536,0.561412371250156,0.9748345117618459,0.7660671182116879,0.20876739355015794,0.9920480410062101,1.0570333889471974
129,1.7926346228934616e-09,2.907603938709097e-12,3.4011442103967075e-08,616.5332901871587,0.05270681017916526,-308.26664509357937,35.039674684234846,62.383733227172534,0.561679669869013,0.975149876263053,0.7668418575932663,0.2083080186697868,0.9921015460335125,1.0567370721378395
130,1.792607639077067e-09,3.006190558227769e-12,3.4011442103967075e-08,596.3053919422387,0.052706016804502924,-298.15269597111933,34.93038166176682,62.16077369637106,0.5619360825910386,0.9755091209611664,0.7675311803304218,0.20797794063074462,0.9921431099061706,1.0564824965588935
131,1.7927137915563836e-09,3.1808151365370844e-12,3.4011442103967075e-08,563.6020059650779,0.0527091378859023,-281.80100298253893,34.8097844559272,61.91591558265867,0.5622106065677995,0.9758582094119246,0.7683102165858811,0.20754799282604353,0.9921952316259478,1.0561557377021489
132,1.7925116939910306e-09,2.875717690788212e-12,3.4011442103967075e-08,623.326726310091,0.05270319583955404,-311.6633631550455,34.71979880478581,61.7281445103625,0.5624630236367674,0.9761748759961261,0.7690990184637972,0.20707585753232877,0.9922538743494023,1.0558128882063453
133,1.7926408400262933e-09,3.5277720431303236e-12,3.4011442103967075e-08,508.15098541220266,0.052706992974496686,-254.07549270610133,34.60004852279874,61.48609141731748,0.5627296795947201,0.9765108134086423,0.7697089141383036,0.20680189927033873,0.9923109406164874,1.0554783635583522
134,1.7924463113332725e-09,3.258397153368148e-12,3.4011442103967075e-08,550.1006252354634,0.052701273467148944,-275.0503126177317,34.454472297111955,61.19897480929033,0.5629910044160018,0.9768259174932507,0.7705215441350145,0.2063043733582361,0.9923502438742242,1.0552185952206872
135,1.7928657352879465e-09,2.868473913076166e-12,3.4011442103967075e-08,625.0242427218967,0.05271360531574836,-312.51212136094836,34.376589363935416,61.03251772868686,0.5632503891901142,0.9771345111628877,0.7712884710186273,0.2058460401442604,0.9924062941606955,1.054859860287939
136,1.7926118745579082e-09,3.0197607463205864e-12,3.4011442103967075e-08,593.6271198776618,0.0527061413355601,-296.8135599388309,34.27363247563774,60.82451695269095,0.563483841594593,0.9774520892051851,0.772015814579215,0.20543627462597014,0.992444581317691,1.054674143749324
137,1.7933294224640548e-09,3.0690748818174646e-12,3.4011442103967075e-08,584.3224722500318,0.05272723858583114,-292.1612361250159,34.1803458216842,60.63111344077219,0.5637426707506112,0.9777872453679048,0.7726537050380976,0.2051335403298072,0.9924966246091296,1.0543426554123942
138,1.7943160527611577e-09,2.9491768237961666e-12,3.4011442103967075e-08,608.4125028663159,0.05275624736158629,-304.20625143315795,34.075834919656174,60.418245041397896,0.5639990849834814,0.9780937557047511,0.7734134704652421,0.20468028523950904,0.9925522705970605,1.0539859181509577
139,1.7939349190524034e-09,3.0698366365682928e-12,3.4011442103967075e-08,584.3747180820039,0.052745041317820505,-292.18735904100197,33.97397273642432,60.20816962592321,0.5642751298952708,0.9783725316738199,0.7740688088362477,0.20430372283757217,0.9925887511286452,1.0537664648152183
140,1.7932784155936356e-09,2.8800584040332923e-12,3.4011442103967075e-08,622.6534896244784,0.05272573888845685,-311.3267448122392,33.87260243241895,59.99819519140488,0.56456035593003,0.9787102920025281,0.7747852148996837,0.2039250771028445,0.9926277563069479,1.053527687372037
141,1.7924107144036433e-09,2.545615822171744e-12,3.4011442103967075e-08,704.1167401585687,0.05270022685085081,-352.0583700792844,33.82328469966114,59.882877830222824,0.5648239684731812,0.9789617242287176,0.7755356053292695,0.2034261188994482,0.9926778742343514,1.053222172392493
142,1.7932968298073903e-09,2.875978366366462e-12,3.4011442103967075e-08,623.543226464898,0.052726280300776224,-311.771613232449,33.74531817466552,59.71686430001065,0.5650885820985665,0.9792537814443277,0.7763004488800914,0.2029533325642363,0.9927346712709434,1.0529056124598322
143,1.7935933929140934e-09,3.070808616776011e-12,3.4011442103967075e-08,584.0785332943204,0.052734999810692816,-292.0392666471602,33.653033303062934,59.525414205018784,0.5653557182677368,0.9795363334540799,0.7769930268247326,0.20254330662934722,0.9927741573257083,1.0526505226998824
144,1.7930073259729685e-09,3.0341785996397236e-12,3.4011442103967075e-08,590.9366463087799,0.0527177683466657,-295.46832315438996,33.560924395869456,59.3324398975596,0.5656420746191132,0.9798183646306342,0.7776984953910169,0.2021198692396174,0.9928208613263426,1.0523638237903958
145,1.7935640733382827e-09,3.383855035888313e-12,3.4011442103967075e-08,530.0357297567994,0.05273413776033573,-265.0178648783997,33.44366015008342,59.09601133070317,0.5659207685427639,0.980115239553323,0.7783803962551051,0.2017348432982179,0.9928701812247145,1.052059805688004
146,1.792818599853427e-09,2.873310253728767e-12,3.4011442103967075e-08,623.9558006403385,0.0527122194458292,-311.9779003201692,33.36934931752913,58.93646976764463,0.5661918579291709,0.9803716196948907,0.7791464116806219,0.20122520801426874,0.9929245825561664,1.0517162140342593
147,1.7929901511251518e-09,2.862636242643143e-12,3.4011442103967075e-08,626.342294007163,0.05271726337402255,-313.1711470035815,33.27008662014808,58.731649913759064,0.566476281000134,0.9806431039991916,0.7798441979572401,0.20079890604195155,0.9929643273198185,1.0514499515510112
148,1.7928843080768323e-09,2.783752862937388e-12,3.4011442103967075e-08,644.0529732172412,0.05271415139047313,-322.0264866086206,33.20894199869566,58.59757943672659,0.5667289044687337,0.980902739348245,0.7805865154722615,0.20031622387598336,0.9930057045953731,1.0511806375376271
149,1.7934192157436715e-09,2.4476058402947326e-12,3.4011442103967075e-08,732.7238668166087,0.05272987867616728,-366.36193340830437,33.18256202926846,58.523941816477354,0.5669912346868944,0.9811946663555556,0.7813224527806113,0.1998722135749444,0.9930565430871298,1.0508731888301406
150,1.7934354048680228e-09,2.947618858969272e-12,3.4011442103967075e-08,608.435313612817,0.052730354666697225,-304.2176568064085,33.09910814049395,58.35012014983249,0.5672500425963385,0.9814572964954957,0.7819740151109336,0.19948328138456214,0.9930903055756075,1.0506352231136658
151,1.793074989824297e-09,2.769439303041434e-12,3.4011442103967075e-08,647.4505463452905,0.05271975779042764,-323.72527317264525,33.0408823034282,58.222058109614785,0.5674976697186153,0.981704692264403,0.7826926347154597,0.19901205754894336,0.993130207484453,1.0503563999927337
152,1.7931625541363216e-09,3.0658612745705947e-12,3.4011442103967075e-08,584.8805257463819,0.05272233234494835,-292.44026287319093,32.95605449513835,58.04463107267284,0.5677709356766663,0.9819669317794448,0.7833327387154326,0.19863419306401223,0.9931772705909645,1.0500905219660905
153,1.7936426846760557e-09,3.949105701554893e-12,3.4011442103967075e-08,454.1895862574253,0.05273644908067118,-227.09479312871264,32.81064942574057,57.76145943897069,0.5680370569654232,0.9821981817192235,0.7840771395632449,0.19812104215597862,0.9932206310806522,1.0498326620170053
154,1.79198732907863e-09,2.551462872255278e-12,3.4011442103967075e-08,702.3372154714775,0.05268777853055556,-351.16860773573876,32.771864633444395,57.66668381938553,0.5682980615997835,0.9824174524954551,0.7847231029366919,0.19769434955876314,0.9932613738283271,1.0495715883086436
155,1.7929215125393592e-09,3.1262202796100106e-12,3.4011442103967075e-08,573.5109340289426,0.05271524527124458,-286.7554670144713,32.6765580832969,57.46947849677392,0.5685897790969378,0.982657035766397,0.785405524633978,0.19725151113241898,0.9933019728022835,1.0493407431979684
156,1.7927409932100243e-09,2.9312545935586907e-12,3.4011442103967075e-08,611.5951160126102,0.05270993766538703,-305.7975580063051,32.603795430523675,57.31318988876241,0.5688707170863022,0.9828903690389664,0.7859764880269562,0.19691388101201016,0.9933490574490672,1.04907717900429
157,1.7923419810821017e-09,2.6848427644991074e-12,3.4011442103967075e-08,667.578006720437,0.05269820596266466,-333.7890033602185,32.548952715883324,57.191290413394626,0.5691242928881374,0.9831101606483956,0.7866332586892556,0.1964769019591401,0.9933957415831036,1.0487660167192316
158,1.793601661370997e-09,3.4324322997534205e-12,3.4011442103967075e-08,522.545386109974,0.05273524291878798,-261.272693054987,32.42825326522773,56.952239904260665,0.5693938169901854,0.9833529991268232,0.7873441960041156,0.19600880312270752,0.9934382538991872,1.048505344583891
159,1.793788479299503e-09,3.4663971430405064e-12,3.4011442103967075e-08,517.4792169734205,0.052740735715239684,-258.73960848671027,32.295216175762356,56.69067600004879,0.5696742119592041,0.983582165733811,0.7879699770911518,0.1956121886426592,0.9934764388589301,1.0482720747766736
160,1.7935838837403824e-09,3.2162853095104525e-12,3.4011442103967075e-08,557.6569586152112,0.05273472022320335,-278.8284793076056,32.21549911078043,56.52613730213912,0.5699221749150246,0.983803389634534,0.7885938050536966,0.19520958458083734,0.9935239484457747,1.047970219966876
161,1.7936817400794561e-09,3.004721249805989e-12,3.4011442103967075e-08,596.954456322786,0.05273759738256562,-298.477228161393,32.15424216416898,56.391614430737455,0.5701954535042114,0.9840388062398943,0.7892691955028137,0.19476961073708055,0.9935588687472637,1.0477590093639644
162,1.7925066812125444e-09,2.9234364984674883e-12,3.4011442103967075e-08,613.1505446252056,0.052703048454492536,-306.5752723126028,32.10051067530602,56.27223459642223,0.5704502567834219,0.984229040565354,0.7899542213660882,0.19427481919926584,0.9935930008237573,1.047539965454193
163,1.7935817080215888e-09,3.3346451016081653e-12,3.4011442103967075e-08,537.8628469808126,0.05273465625300217,-268.9314234904063,32.002559013429064,56.07369573215174,0.570723199096708,0.984469274877793,0.7905915909917732,0.1938776838860198,0.9936281620709779,1.0473261476664915
164,1.7945625071609016e-09,3.399776207043589e-12,3.4011442103967075e-08,527.8472457813436,0.05276349358181389,-263.9236228906718,31.88292952516868,55.840452298110804,0.5709647435331993,0.9846630248273373,0.7911833877126595,0.19347963711467783,0.9936664990492857,1.0470684016734066
165,1.7941618948464147e-09,2.9653380209777313e-12,3.4011442103967075e-08,605.0446465643885,0.05275171483061416,-302.52232328219424,31.8205093613437,55.70467768469316,0.5712358581708035,0.9848608112341637,0.7919298718932626,0.19293093934090122,0.9937134488929152,1.046758421423162
166,1.7949642511186911e-09,3.2167461060039687e-12,3.4011442103967075e-08,558.0061938268735,0.052775305605442926,-279.00309691343676,31.73970485025951,55.53527871097262,0.5715232837030564,0.9851044309623878,0.792504871743523,0.1925995592188648,0.9937601870312989,1.046464663071558
167,1.793981403018831e-09,2.9604593754427397e-12,3.4011442103967075e-08,605.9807534938861,0.05274640803335952,-302.99037674694307,31.678834597084848,55.400641935562916,0.5718134933153093,0.9853205767394332,0.7931190642919104,0.1922015124475228,0.9937984863353094,1.0462410937990267
168,1.7934642828816511e-09,2.746009716792904e-12,3.4011442103967075e-08,653.1165100814932,0.052731203734300416,-326.5582550407466,31.626830587499565,55.283112099537256,0.5720884622152864,0.9855000037760406,0.793805652654778,0.19169435112126273,0.9938217864195208,1.0460821891589138
169,1.793555986334909e-09,3.2501999172432733e-12,3.4011442103967075e-08,551.8294357278035,0.05273389998731367,-275.9147178639017,31.52242066766297,55.07385005573299,0.5723663886901548,0.9856864620608172,0.7944129441632958,0.1912735178975214,0.99386190082627,1.0458259279562894
170,1.792941073952187e-09,3.3695786932324884e-12,3.4011442103967075e-08,532.0965132979849,0.052715820413361994,-266.04825664899244,31.43565483235199,54.89681318191023,0.5726316886225149,0.9858717484708989,0.7950822148223399,0.19078953364855894,0.9938987221184863,1.0456012168963533
171,1.7928213605475455e-09,3.0836756773061294e-12,3.4011442103967075e-08,581.3910242706645,0.05271230061539883,-290.69551213533225,31.367054518616502,54.750908764746576,0.5729047284565504,0.9860889359143397,0.7957535688141748,0.19033536710016483,0.99393693069834,1.0453400254362417
172,1.7924078808493828e-09,3.029073623500069e-12,3.4011442103967075e-08,591.7346699477944,0.05270014353905674,-295.8673349738972,31.282107501154037,54.579918305941995,0.5731431719227843,0.9862990921096114,0.7963595582396984,0.18993953386991305,0.9939800592742909,1.0450389112853296
173,1.7940296327980007e-09,3.652132059934329e-12,3.4011442103967075e-08,491.22802882167963,0.052747826079057855,-245.61401441083981,31.163426732505354,54.34794180673088,0.5734058309572604,0.9864661493577737,0.7969547403763697,0.18951140898140392,0.9940175540242487,1.044795978404261
174,1.793552869903011e-09,2.9478191221560704e-12,3.4011442103967075e-08,608.4338270358952,0.052733808358388076,-304.2169135179476,31.09903879536251,54.2093474520929,0.5736840647795299,0.9866570347247305,0.797659297484558,0.1889977372401726,0.9940563509437911,1.044579135534213
175,1.7951850471855012e-09,3.3817542244581497e-12,3.4011442103967075e-08,530.8443275392491,0.05278179742270064,-265.42216376962455,31.00241960520014,54.014679331208086,0.5739628558210815,0.986840107593722,0.798219453588684,0.18862065400503802,0.9940873696716895,1.0443840285093542
176,1.7937892693388839e-09,2.8020434075605927e-12,3.4011442103967075e-08,640.1718347755804,0.05274075894387487,-320.0859173877902,30.94431985771289,53.88883892013084,0.5742250246581814,0.9869868523471739,0.798836901344557,0.18814995100261692,0.9941239882337845,1.0441590654135784
177,1.793889913523606e-09,3.1913562575252846e-12,3.4011442103967075e-08,562.1089495394242,0.05274371807111254,-281.0544747697121,30.85680591033449,53.71365701276838,0.5744685360559133,0.9871898470859773,0.7994570834747179,0.18773276361125948,0.9941598308094253,1.04392781951958
178,1.7949261136882188e-09,3.928572882371437e-12,3.4011442103967075e-08,456.890114408348,0.05277418429366921,-228.445057204174,30.712035390556604,53.43630003655624,0.5747410537321302,0.9873477897531797,0.800016067704149,0.18733172204903073,0.9941924124080033,1.0437190364239868
179,1.794338888928879e-09,3.374317392012368e-12,3.4011442103967075e-08,531.7635185049309,0.052756918787621426,-265.88175925246543,30.613609375670812,53.24176616585288,0.574992371220494,0.9875231803325051,0.8005905467212118,0.18693263361129334,0.9942247105252217,1.0435331815449296
180,1.7949917975653099e-09,3.703730024555848e-12,3.4011442103967075e-08,484.6443411545812,0.05277611552248598,-242.3221705772906,30.504832774301157,53.026666406850325,0.575273439598314,0.9876852896652891,0.8011805205259062,0.18650476913938305,0.9942552199474708,1.0433541040521823
181,1.7938865599820095e-09,2.9015177143172046e-12,3.4011442103967075e-08,618.2580072250751,0.0527436194707184,-309.12900361253753,30.451378210632946,52.908401819756826,0.5755490085368998,0.9878522167051519,0.8019191922085437,0.1859330244966082,0.9942828645528468,1.0431737820648628
182,1.7929480799317305e-09,2.7637816201005885e-12,3.4011442103967075e-08,648.7300106824199,0.052716026402261904,-324.36500534120995,30.409868524104507,52.81217600080589,0.5758116939480105,0.9880044302071797,0.802433775407871,0.18557065479930865,0.9943282003943563,1.042880002198208
183,1.7935636794934205e-09,3.3097653692006954e-12,3.4011442103967075e-08,541.9005516776448,0.05273412618056029,-270.9502758388224,30.33883326003464,52.66515225538229,0.5760703607751189,0.9881852895350809,0.8029733586006879,0.18521193093439298,0.9943691568114849,1.0426377950312746
184,1.7949464887415055e-09,3.557406814242932e-12,3.4011442103967075e-08,504.56598934791674,0.05277478335833763,-252.28299467395837,30.234542602888773,52.45827157631723,0.576354151487874,0.9883434926188821,0.803627915721897,0.18471557689698517,0.9943977557144364,1.0424338571852712
185,1.7944061610605606e-09,3.916063575246193e-12,3.4011442103967075e-08,458.2168104734486,0.05275889671409323,-229.1084052367243,30.10927467408412,52.216002525277126,0.5766292557441292,0.9885057321599656,0.8042138530693091,0.18429187909065647,0.9944355324552421,1.0421959732406816
186,1.7937416027076646e-09,3.4016943529008496e-12,3.4011442103967075e-08,527.3082812916517,0.05273935745577938,-263.65414064582586,30.017728513155866,52.032707752627864,0.5769011417946023,0.98864739878974,0.8048030456242069,0.18384435316553302,0.9944590949100578,1.0420455751183435
187,1.7931757957305684e-09,3.1297339829075325e-12,3.4011442103967075e-08,572.9483098319757,0.05272272167258128,-286.47415491598787,29.969051599450488,51.92354474535609,0.5771765341989838,0.9888127633300096,0.8053816913068512,0.18343107202315834,0.9944906631772478,1.041855011341484
188,1.7941200969982586e-09,3.4148937134118143e-12,3.4011442103967075e-08,525.3809481542418,0.052750485895715474,-262.6904740771209,29.884776755093377,51.754936195528344,0.5774285305306867,0.9889643257905402,0.8059557796990157,0.18300854609152445,0.9945291536066411,1.0416356294491143
189,1.7934385817994572e-09,2.9395456693713944e-12,3.4011442103967075e-08,610.1074055375959,0.05273044807442233,-305.05370276879796,29.834357294892392,51.642967382856796,0.5777041639322239,0.9890888049247903,0.8065316910073721,0.18255711391741825,0.9945586421680895,1.0414353331268096
190,1.7933166970167507e-09,2.6726132704639896e-12,3.4011442103967075e-08,670.9974528807959,0.05272686443388354,-335.49872644039795,29.803555278310206,51.56610303236657,0.5779679581294589,0.9892306017628641,0.8071044773165423,0.18212612444632176,0.9945810764248086,1.0412967445103
191,1.7940539499021469e-09,3.1460433399388743e-12,3.4011442103967075e-08,570.2572266334399,0.052748541047393266,-285.12861331671996,29.72174101754094,51.4007557765447,0.5782354863953892,0.989403388176201,0.8076190605158696,0.18178432766033134,0.9946116285245815,1.041081619444495
192,1.7936892536235013e-09,3.0974926597345065e-12,3.4011442103967075e-08,579.0778060398189,0.05273781829481104,-289.53890301990947,29.63213081963617,51.22333759921347,0.5784888726206542,0.9895255235610616,0.8082189301513203,0.1813065934097413,0.9946479162767785,1.0408433576006944
193,1.7939633079906986e-09,2.716909341244728e-12,3.4011442103967075e-08,660.2956089689803,0.052745876005694324,-330.14780448449017,29.592335922396007,51.131593479140385,0.5787485565938499,0.9896619818588589,0.8088059091651278,0.18085607269373108,0.994679175726647,1.0406301894417687
194,1.7946608315710485e-09,3.378142970193401e-12,3.4011442103967075e-08,531.2566245437217,0.052766384503341014,-265.62831227186086,29.51457664390638,50.97487395459032,0.5790024448162185,0.9897792995366408,0.8093316902782056,0.1804476092584351,0.9947099836307967,1.0404430932221864
195,1.7943487313413741e-09,3.1396502656967938e-12,3.4011442103967075e-08,571.5122957948782,0.05275720817295431,-285.7561478974391,29.44324500439538,50.828181023122305,0.5792700901690997,0.9899390651200352,0.8098509609763123,0.18008810414372287,0.9947442070611578,1.0402471163492304
196,1.7942135544038648e-09,3.5590717964371064e-12,3.4011442103967075e-08,504.1240123899734,0.05275323371820769,-252.0620061949867,29.35226218659083,50.647770910230804,0.5795370982587844,0.9900679713364658,0.8104238774937819,0.1796440938426839,0.9947781317429482,1.0400209750216962
197,1.794097425215615e-09,3.284107789273813e-12,3.4011442103967075e-08,546.2967540454355,0.05274981930290902,-273.14837702271774,29.277068033917125,50.49190896391447,0.5798368220706578,0.990206252550455,0.8109185388232972,0.17928771372715788,0.9948045831539652,1.0398674898279163
198,1.794037542007416e-09,3.441869371083412e-12,3.4011442103967075e-08,521.2392884750008,0.052748058624605056,-260.6196442375004,29.193552988460112,50.323748002589085,0.5801148393589076,0.9903197941875536,0.8114732261788473,0.17884656800870624,0.9948400196586449,1.039643252617875
199,1.7926160469412238e-09,2.8551511462541726e-12,3.4011442103967075e-08,627.8532922129373,0.052706264011432025,-313.92664610646864,29.150258249957307,50.22676836931487,0.5803729604026471,0.9904502629035774,0.8120598145677567,0.17839044833582074,0.9948668760000456,1.0394513474951834
200,1.7931780731809134e-09,3.4118331891109523e-12,3.4011442103967075e-08,525.5761269055994,0.05272278863388031,-262.7880634527997,29.066739745210544,50.0584971980631,0.5806554605545613,0.9905710962054437,0.8126470539981631,0.17792404220728067,0.9948963775184689,1.0392672896169635
201,1.793279529213067e-09,3.70229101379936e-12,3.4011442103967075e-08,484.3702244175479,0.05272577163095063,-242.18511220877394,28.968528149208513,49.868149282113166,0.5809024109823746,0.9906859399255364,0.813128434081137,0.17755750584439953,0.9949286166974467,1.0390531428244807
202,1.792714088415805e-09,2.4639278155070902e-12,3.4011442103967075e-08,727.5838509282198,0.05270914661412442,-363.7919254641099,28.94604973626538,49.80567119669913,0.5811797942035118,0.9908040388531149,0.8137655432902231,0.17703849556289178,0.9949608327085888,1.0388419513143257
203,1.7935492230653652e-09,3.3145658752873226e-12,3.4011442103967075e-08,541.1113523003647,0.05273370113454162,-270.55567615018236,28.897930990153643,49.70121590850229,0.5814330788879177,0.9909281273624668,0.81431645460509,0.17661167275737688,0.9949924479180794,1.038627959573066
204,1.7945481020883541e-09,2.9950825313588395e-12,3.4011442103967075e-08,599.1648254427852,0.052763070045743196,-299.5824127213926,28.846053923668507,49.5902985962857,0.5816874417011288,0.9910502627473274,0.8147986159378604,0.17625164680946698,0.9950163991052562,1.0384622460783015
205,1.7937339772221926e-09,2.8917322342131998e-12,3.4011442103967075e-08,620.2973968335774,0.052739133252246675,-310.1486984167887,28.81383099826466,49.51140552677348,0.5819635029888915,0.9911498720963875,0.8153441887124508,0.17580568338393662,0.995051395234765,1.0382542529075065
206,1.7930115424443812e-09,3.2401665921544443e-12,3.4011442103967075e-08,553.3701713936183,0.052717892318810126,-276.68508569680915,28.759553259682942,49.396041859789705,0.5822238417668508,0.9912656272745762,0.8158859854463579,0.17537964182821827,0.9950802552038226,1.0380916580378106
207,1.7935492498061625e-09,2.6499695423365384e-12,3.4011442103967075e-08,676.8188166512847,0.052733701920771064,-338.40940832564235,28.734576345687472,49.33043870617386,0.5824918062626362,0.9913834657855558,0.8164324696790444,0.17495099610651144,0.995105001700899,1.0379093753805388
208,1.7939142892339891e-09,3.311118882336358e-12,3.4011442103967075e-08,541.7849231581156,0.052744434762580915,-270.8924615790578,28.67753819086664,49.21117607681379,0.5827444185870264,0.9915237001240365,0.8169307768409435,0.1745929232830929,0.9951320087119104,1.037728179650236
209,1.7930540925072623e-09,2.9693124783621764e-12,3.4011442103967075e-08,603.8617038703455,0.052719143370228386,-301.93085193517277,28.635826307136476,49.117028219621936,0.5830121924130712,0.9916162782249276,0.8175022610671195,0.17411401715780803,0.995159816297977,1.0375362952032114
210,1.792807737254611e-09,2.795474611813947e-12,3.4011442103967075e-08,641.3249935012938,0.0527119000651107,-320.6624967506469,28.60411900106651,49.03888393786338,0.5832946573031814,0.9917295594454272,0.8181040838270615,0.17362547561836572,0.9951926243683338,1.0373405972457057
211,1.7925704640593276e-09,3.21038007424628e-12,3.4011442103967075e-08,558.367053932136,0.05270492378946329,-279.183526966068,28.5461999072219,48.91743328407421,0.5835588253669789,0.9918455750402149,0.8186173649433945,0.1732282100968203,0.995217514225568,1.0371859061772837
212,1.7928612829764112e-09,2.952221810607122e-12,3.4011442103967075e-08,607.2922016004316,0.05271347440946331,-303.6461008002158,28.50695177951013,48.82786939622707,0.5838254286334448,0.9919674500084765,0.819162937717985,0.1728045122904916,0.995246415545428,1.0369916297255106
213,1.7928688577099671e-09,2.8383501729040298e-12,3.4011442103967075e-08,631.6587977147341,0.05271369712079477,-315.82939885736704,28.470265337283333,48.741734734088276,0.5841044741760538,0.9920694031069263,0.8197010886195082,0.1723683144874181,0.9952677374752317,1.0368596403319743
214,1.792474546822059e-09,2.635364717857622e-12,3.4011442103967075e-08,680.1618518590561,0.05270210364332025,-340.08092592952806,28.440730305332377,48.66966019010807,0.5843626233312567,0.9921799499531381,0.8201608541247776,0.17201909582836047,0.9952956431443769,1.0366632160906488
215,1.7925386865274278e-09,2.777405154291941e-12,3.4011442103967075e-08,645.4005040486826,0.05270398947060075,-322.7002520243413,28.404274303083323,48.58544997265421,0.584625115524717,0.9922941426317337,0.82061541129807,0.1716787313336637,0.9953276463934139,1.0364710611427121
216,1.792849981086778e-09,3.75081826845488e-12,3.4011442103967075e-08,477.9890287314103,0.05271314211277331,-238.99451436570516,28.318074114481277,48.41685564073997,0.5848804871717705,0.9923747415690777,0.8211319476218887,0.17124279394718908,0.9953500997134752,1.036325111041135
217,1.7923009074390062e-09,2.8631661812437576e-12,3.4011442103967075e-08,625.9856375714916,0.05269699832074904,-312.9928187857458,28.282195956731982,48.33323680700579,0.5851500504644983,0.992469533211059,0.8216206193696304,0.1708489138414287,0.9953778534277992,1.0361933101741636
218,1.7918699949523842e-09,3.1929852129088362e-12,3.4011442103967075e-08,561.1895688423735,0.05268432868782655,-280.5947844211868,28.232516239329158,48.22706854155598,0.5854080932786108,0.9925565123550749,0.8221592911043513,0.17039722125072362,0.9954088272187553,1.0359652148773928
219,1.7909321843426688e-09,2.696568781049236e-12,3.4011442103967075e-08,664.1522355850371,0.052656755302174486,-332.0761177925186,28.209125257268347,48.16510304056114,0.5856755924203604,0.9926736998245573,0.8226908013826038,0.16998289844195352,0.9954302305798066,1.0358540742265114
220,1.7917445913935057e-09,3.0719251898813062e-12,3.4011442103967075e-08,583.2643963125728,0.05268064158868811,-291.6321981562864,28.16022623131054,48.05972742056917,0.5859422793825125,0.9927748716732105,0.8232202283280655,0.16955464334514497,0.9954606468496938,1.0356520625828192
221,1.792095931591282e-09,3.2880414319581692e-12,3.4011442103967075e-08,545.0344737669599,0.05269097164751661,-272.51723688347994,28.096667838625997,47.93053417269717,0.5861955916742274,0.9928891945601056,0.8237156709073774,0.16917352365272822,0.9954888457812284,1.0354604748474323
222,1.7914382966347545e-09,2.9932419792421318e-12,3.4011442103967075e-08,598.4943112044467,0.0526716359500029,-299.24715560222336,28.059723968384066,47.84510097104263,0.5864701588855815,0.9929602882915916,0.8242490041018219,0.16871128418976974,0.9955084885507356,1.0353288316225913
223,1.7917074064587042e-09,2.8796779663505154e-12,3.4011442103967075e-08,622.1901988330236,0.0526795482820683,-311.0950994165118,28.024316194695054,47.763728810279446,0.5867279815193954,0.993065496597527,0.8247177539797516,0.16834774261777535,0.995529997134956,1.0351876433533536
224,1.7930324234690977e-09,3.415941564390253e-12,3.4011442103967075e-08,524.9013748246466,0.05271850625998477,-262.4506874123233,27.950967128857272,47.61850852325491,0.5869769548789453,0.9931475278261647,0.825249264258004,0.16789826356816054,0.9955563325748639,1.0350220670257497
225,1.792906581814062e-09,2.885795352669084e-12,3.4011442103967075e-08,621.2868075193882,0.052714806280000054,-310.6434037596941,27.91491362577303,47.5356892330179,0.5872411671351881,0.9932464861337276,0.8257484828779993,0.1674980032557283,0.9955790395364993,1.0348636245125034
226,1.7927832340449467e-09,2.3762218209366e-12,3.4011442103967075e-08,754.4679618076699,0.05271117962492503,-377.23398090383495,27.903388092713342,47.494164857578276,0.587511922283249,0.993343751733398,0.8262762171155684,0.16706753461782953,0.9956096014646092,1.0346470551303124
227,1.7924926250082076e-09,3.0560123861310934e-12,3.4011442103967075e-08,586.5462565344835,0.05270263517579962,-293.27312826724176,27.851701995133308,47.38473822719018,0.5877779014330721,0.9934178402557707,0.8267591596981355,0.16665868055763527,0.9956345847496934,1.0344685513368284
228,1.7928804053328233e-09,3.0948465036258447e-12,3.4011442103967075e-08,579.3115759480573,0.052714036642501044,-289.65578797402867,27.802676712217018,47.28090639859282,0.5880318045900339,0.9935039079416906,0.8272845501863151,0.16621935775537558,0.9956595744290312,1.0343065867881667
229,1.7935553214095021e-09,2.679546903311086e-12,3.4011442103967075e-08,669.3502245447638,0.052733880437263285,-334.6751122723819,27.773717602391606,47.21009974265843,0.5883003372961663,0.9935770850059674,0.8277458781911775,0.16583120681478988,0.9956823417559132,1.0341764024935953
230,1.7932309149429616e-09,2.7797344555663476e-12,3.4011442103967075e-08,645.1087122196375,0.05272434228049978,-322.55435610981874,27.749283895796943,47.1476360728691,0.5885615103355128,0.9936591162346051,0.8282863728420904,0.16537274339251473,0.9957049597064005,1.0340266289391007
231,1.7924437254809836e-09,2.4042246356942594e-12,3.4011442103967075e-08,745.5392058086062,0.052701197438256055,-372.7696029043031,27.72981239515365,47.09380352249613,0.588820828241394,0.9937119808041717,0.8287052529413403,0.1650067278628313,0.9957242851048993,1.0339070573036302
232,1.7923889122558514e-09,3.134613707989983e-12,3.4011442103967075e-08,571.8053576066283,0.05269958582693523,-285.90267880331413,27.680113718089363,46.987887820484566,0.5890904018465393,0.9938009130726789,0.8291888465654046,0.16461206650727433,0.9957492218839741,1.0337375846270562
233,1.7926208501003852e-09,3.0352445088318773e-12,3.4011442103967075e-08,590.6017933264561,0.05270640523329338,-295.30089666322806,27.634172941848618,46.88879539852071,0.5893555743323797,0.993901173463236,0.8296341589494378,0.1642670145137983,0.9957784382660394,1.0335535857940126
234,1.7934095632858778e-09,3.4037794718583704e-12,3.4011442103967075e-08,526.8877076536116,0.052729594875857835,-263.4438538268058,27.574833792924846,46.76815936484798,0.5896069926081102,0.9939656265714514,0.83013402861093,0.16383159796052135,0.9958051109160458,1.033362485754268
235,1.793250368904066e-09,2.7261477352478226e-12,3.4011442103967075e-08,657.7964743869792,0.05272491426333558,-328.8982371934896,27.551698172924947,46.708798515970386,0.5898609908260569,0.994059897380235,0.8305875441178271,0.163472353262408,0.9958314986808501,1.033183374417863
236,1.794148651180629e-09,3.04184159177283e-12,3.4011442103967075e-08,589.8231702903939,0.05275132544207411,-294.91158514519697,27.509064522891162,46.61717893146206,0.5901057325527097,0.9941089859091182,0.831113064814306,0.1629959210948122,0.9958492630815117,1.0330644485739215
237,1.7948395460959462e-09,2.844488126003473e-12,3.4011442103967075e-08,630.9885879600099,0.0527716390445731,-315.49429398000495,27.477239613591994,46.54324225600822,0.5903593794015282,0.9942019546349077,0.8315602001145312,0.16264175452037644,0.9958732427853622,1.032883130202975
238,1.794559371823494e-09,3.369867083610391e-12,3.4011442103967075e-08,532.531202952031,0.05276340139703096,-266.2656014760155,27.419555099566043,46.42421774777258,0.5906304172649549,0.994290626486816,0.8319713979241151,0.1623192285627009,0.9958952962670221,1.0327546610046643
239,1.7936056379074667e-09,3.0787859185309416e-12,3.4011442103967075e-08,582.5691312643443,0.0527353598363964,-291.28456563217213,27.377092804773604,46.33063581575046,0.590906909062244,0.9943518243875458,0.8324939238297073,0.16185790055783839,0.9959152902506148,1.0326190056327331
240,1.7940488162524141e-09,3.338328060772998e-12,3.4011442103967075e-08,537.4093808614476,0.05274839010849108,-268.7046904307238,27.318434490094237,46.20978396992618,0.5911829085345511,0.9944342462410817,0.8329703559973032,0.16146389024377858,0.9959444062353066,1.0324066125023417
241,1.794229721892719e-09,3.4567083964667485e-12,3.4011442103967075e-08,519.0572984769785,0.05275370907261357,-259.52864923848927,27.262963991679232,46.09444038610509,0.5914588345864266,0.9945074233053585,0.833397178802818,0.1611102445025405,0.9959553190018737,1.0323871290158457
242,1.793973737548976e-09,3.297193427593592e-12,3.4011442103967075e-08,544.0911420408481,0.05274618265421118,-272.04557102042406,27.194888301197498,45.958381157887814,0.5917285947860252,0.9945813816194319,0.833894183881723,0.16068719773770893,0.9959775446895688,1.0322463436007807
243,1.7939328062996517e-09,3.223167611493521e-12,3.4011442103967075e-08,556.5744703758661,0.05274497919893871,-278.28723518793305,27.152152621468414,45.86539759018347,0.5919964515314649,0.9946493503517316,0.8343461368890268,0.16030321346270482,0.9959998482269621,1.0320826519547623
244,1.7935656293552475e-09,2.9725185762581412e-12,3.4011442103967075e-08,603.3824796523288,0.052734183510144285,-301.6912398261644,27.12458603676822,45.798443101618936,0.5922600027381584,0.9947048190872867,0.834788063857275,0.15991675523001167,0.9960167217353306,1.0319796832938544
245,1.7934942790394696e-09,2.916203971977014e-12,3.4011442103967075e-08,615.0098882910398,0.05273208567743375,-307.5049441455199,27.097045963927872,45.73121905257254,0.5925283980026237,0.9947662774046152,0.8352108502055078,0.1595554271991075,0.9960400811389059,1.0318164863424326
246,1.7944317938953743e-09,3.307350888102208e-12,3.4011442103967075e-08,542.558638199117,0.052759650367370715,-271.2793190995585,27.03314863420341,45.603129461407605,0.5927915244737898,0.9948377617609996,0.8356535584235525,0.15918420333744704,0.996067623147014,1.0316456583007705
247,1.7938757098928637e-09,3.332483065165618e-12,3.4011442103967075e-08,538.3000227800742,0.05274330045780761,-269.1500113900371,26.978845741593023,45.49109446201156,0.5930577415349363,0.9949022148692149,0.8361615009996091,0.15874071386960575,0.9960867227587676,1.031523445194565
248,1.7921216853066362e-09,2.8285562587753904e-12,3.4011442103967075e-08,633.5817715298074,0.05269172885490804,-316.7908857649037,26.951061222466144,45.423214660789,0.5933323174885572,0.9949613294371538,0.8366738706578462,0.1582874587793076,0.9961108051346047,1.0313401457608342
249,1.7928603639953036e-09,3.1927324600340333e-12,3.4011442103967075e-08,561.5441902627169,0.05271344738970023,-280.77209513135847,26.90617665974379,45.32739102914832,0.593596411548184,0.9950226575461829,0.8370947038815876,0.1579279536645954,0.9961267456641489,1.0312324403272906
250,1.7937778687040082e-09,2.851025153074431e-12,3.4011442103967075e-08,629.1694293786464,0.05274042374389009,-314.5847146893232,26.879590209638877,45.26441731892214,0.593834888456683,0.9950825533639184,0.8375463964722926,0.1575361568916258,0.9961477616310809,1.0310938498653517
251,1.7942713136528334e-09,2.966315222697673e-12,3.4011442103967075e-08,604.8822120870414,0.052754931948138434,-302.4411060435207,26.840855457009734,45.179378633836386,0.5940952768418045,0.9951410168903602,0.8379667088628362,0.15717430802752394,0.9961639222035024,1.030983361906089
252,1.793652098675253e-09,2.9948772901586424e-12,3.4011442103967075e-08,598.9067079874385,0.05273672586985197,-299.45335399371925,26.812060616610605,45.11122978414216,0.5943544599627781,0.9952088554143605,0.8383973077090344,0.15681154770532613,0.9961887351465103,1.0308315279029814
253,1.7931814019004214e-09,2.9592847344304283e-12,3.4011442103967075e-08,605.9509519436473,0.052722886504458624,-302.97547597182364,26.780091311161467,45.03676521562452,0.594627326872728,0.9952658866495087,0.838859547171993,0.15640633947751575,0.996199169932997,1.0307740578594826
254,1.7927371085555653e-09,2.838857200888875e-12,3.4011442103967075e-08,631.499572431555,0.052709823449281545,-315.7497862157775,26.75549828111861,44.97565496664478,0.5948884635690407,0.9953532564184228,0.83928363560322,0.15606962081520293,0.9962244027876834,1.0306022995290602
255,1.7939785273570044e-09,2.8521904376129203e-12,3.4011442103967075e-08,628.9827297992192,0.05274632348352426,-314.4913648996096,26.73258863389678,44.917378140941054,0.595150245635791,0.9954304699399817,0.8397180104901014,0.15571245944988035,0.9962481548266889,1.0304477889895949
256,1.7938522525684002e-09,3.1331216573947443e-12,3.4011442103967075e-08,572.5447169708774,0.05274261076860267,-286.2723584854387,26.692118524571598,44.829355242070854,0.5954160701272352,0.995476824094577,0.8401243905926066,0.15535243350197045,0.9962725326975653,1.0302779112400644
257,1.7943797433333218e-09,3.1609777634720217e-12,3.4011442103967075e-08,567.6660443705156,0.052758119983510675,-283.8330221852578,26.6559376798877,44.74903764341988,0.5956762219624475,0.9955328136633298,0.8405713956845323,0.1549614179787974,0.9962935342958364,1.0301444993872702
258,1.7936987158233043e-09,3.1787378229199124e-12,3.4011442103967075e-08,564.280168968341,0.05273809650117977,-282.1400844841705,26.616322950107712,44.663027620531444,0.5959363788824803,0.9955897146901784,0.8410262132744236,0.15456350141575484,0.9963172456206693,1.0299661784083884
259,1.7939798178896344e-09,3.355449139335882e-12,3.4011442103967075e-08,534.6467025409013,0.05274636142759691,-267.32335127045064,26.56158221460411,44.55131462742168,0.5962019849859884,0.995656381339484,0.8414501714973511,0.15420620984213285,0.9963352847136926,1.0298380209872298
260,1.7931564912261035e-09,2.9912798496437017e-12,3.4011442103967075e-08,599.4612946159787,0.05272215408405016,-299.73064730798933,26.531884285671097,44.482396597522694,0.5964580669007548,0.9957238292385862,0.8418531661840714,0.15387066305451483,0.9963489592920421,1.0297565031912517
261,1.7929545558830865e-09,2.9879205528690994e-12,3.4011442103967075e-08,600.0676805684919,0.05271621680734194,-300.03384028424597,26.500916568907737,44.41157047706475,0.5967119893360555,0.9957816417235308,0.8423411868903159,0.1534404548332149,0.9963658997449468,1.0296347814389961
262,1.7936588660241274e-09,2.820686940742606e-12,3.4011442103967075e-08,635.8943419477484,0.05273692484256397,-317.9471709738742,26.466853032134786,44.335032258727196,0.5969738079287148,0.9958171885892738,0.8427456138683297,0.15307157472094407,0.9963777419833132,1.0295536019785778
263,1.7937188343313355e-09,2.904065335489908e-12,3.4011442103967075e-08,617.6578785644779,0.052738688022937935,-308.82893928223893,26.44634168159856,44.281137932964285,0.5972371740228262,0.9958597667031858,0.8432135824964629,0.15264618420672285,0.9963980474105325,1.0294334429538088
264,1.7940168736825222e-09,2.765201981321304e-12,3.4011442103967075e-08,648.7833025583477,0.052747450937202955,-324.39165127917386,26.431915170398995,44.23820459620225,0.5974906850688084,0.9959036469000919,0.8435891032320043,0.15231454366808758,0.9964153457910999,1.0293309745780461
265,1.7944553907161037e-09,3.0557963798942547e-12,3.4011442103967075e-08,587.2300270144964,0.05276034415802673,-293.6150135072482,26.38893893919656,44.14660380187512,0.5977569431530244,0.9959601573020423,0.8439844156290585,0.15197574167298394,0.9964379721227468,1.0291698967249172
266,1.7950505201560542e-09,3.1701560209424303e-12,3.4011442103967075e-08,566.2341248499239,0.052777842076466394,-283.11706242496194,26.344491745667657,44.05272754677707,0.5980218073374446,0.9960131520799083,0.8444198321823354,0.15159331989757294,0.9964630754962118,1.0289928344285553
267,1.793822918957408e-09,2.485449189840203e-12,3.4011442103967075e-08,721.729869308951,0.05274174830558501,-360.8649346544755,26.32796753700498,44.00531260549798,0.5982906603353066,0.9960768239383271,0.8448029049992435,0.1512739189390836,0.9964852271093537,1.028843071294712
268,1.793937831175184e-09,3.3620723042116464e-12,3.4011442103967075e-08,533.5809788885056,0.052745126939675986,-266.7904894442528,26.28382544862049,43.91206976227151,0.5985558319367378,0.9961042978895057,0.8452202225989004,0.15088407529060538,0.9965037854087042,1.028724922361005
269,1.793759060088554e-09,3.035943678632607e-12,3.4011442103967075e-08,590.8406907260102,0.05273987073542321,-295.4203453630051,26.25344102522616,43.84084368598008,0.598835214332834,0.9961691416226194,0.8456402745728452,0.1505288670497742,0.996524468198544,1.0285887016673219
270,1.7936796285572084e-09,2.9590128643063847e-12,3.4011442103967075e-08,606.1750018709907,0.05273753529986294,-303.08750093549537,26.219897386278834,43.76576856695499,0.5990960114447977,0.9962309905648462,0.846013451558997,0.15021753900584922,0.9965467519506509,1.0284325198899198
271,1.793923429058802e-09,3.343428753715918e-12,3.4011442103967075e-08,536.5520132782907,0.052744703490522085,-268.27600663914535,26.175575980673464,43.67276992675568,0.5993568996098245,0.996272266595764,0.8464467847794831,0.14982548181628078,0.9965607894318027,1.028312549559845
272,1.793031155505126e-09,2.986464630853379e-12,3.4011442103967075e-08,600.3858666133841,0.052718468979472875,-300.19293330669205,26.147394170073753,43.60692915235505,0.5996155812467163,0.9963320322052,0.8468781648754778,0.14945386732972205,0.9965815719319469,1.0281810899620092
273,1.7928854227492918e-09,2.940858929710403e-12,3.4011442103967075e-08,609.6468635868378,0.052714184163927896,-304.8234317934189,26.11461585716672,43.53258599929219,0.5998866195909273,0.9963772144851004,0.8472970449747279,0.14908016951037253,0.9966024819983763,1.028044982183006
274,1.7935478588512863e-09,3.2892063091727595e-12,3.4011442103967075e-08,545.2828707793542,0.05273366102409659,-272.6414353896771,26.067591132593122,43.43506921064947,0.6001507907394293,0.9964195321824135,0.8477685292269456,0.148651002955468,0.996612465406455,1.0279812606288512
275,1.7942882899196595e-09,3.4729559325434993e-12,3.4011442103967075e-08,516.6458557985708,0.052755431082129114,-258.3229278992854,26.023363210883307,43.3418625608095,0.6004209711655102,0.9964755217511662,0.8481746489128519,0.14830087283831436,0.9966294324198375,1.0278697622205824
276,1.7942036436548075e-09,2.8385010321852138e-12,3.4011442103967075e-08,632.0954698662005,0.052752942323652095,-316.04773493310023,26.004157280939168,43.29167507235446,0.6006733913039348,0.9965131519497,0.8485310290283778,0.14798212292132215,0.9966413730135243,1.0277967710763831
277,1.7946070023840745e-09,3.056869478330588e-12,3.4011442103967075e-08,587.0734799459419,0.05276480182458222,-293.53673997297096,25.97079527347719,43.21639346634579,0.6009477698249303,0.9965580738130017,0.8489488674612324,0.1476092063517692,0.9966558966399786,1.0276841824645655
278,1.7941304113715867e-09,3.0760072633724885e-12,3.4011442103967075e-08,583.2659866363674,0.05275078915757942,-291.6329933181837,25.93634304873365,43.13922937839703,0.6012240696566981,0.9965923185957504,0.8494036850511237,0.1471886335446267,0.9966761814978459,1.027540000416553
279,1.7939983065259203e-09,3.0460858058657166e-12,3.4011442103967075e-08,588.9519931025235,0.05274690502807787,-294.47599655126174,25.896039303808706,43.05343176464039,0.6014860660904856,0.9966371102507525,0.8497975651568841,0.14683954509386846,0.9966920494031742,1.0274452624744468
280,1.7939217126759333e-09,2.7876480527320675e-12,3.4011442103967075e-08,643.5251791982058,0.05274465302565607,-321.7625895991029,25.87516869810269,42.99860788147482,0.601767591393361,0.9966876310709294,0.850186106722368,0.14650152434856137,0.9967143238752263,1.0272880176636086
281,1.7931696649485105e-09,2.980623520156173e-12,3.4011442103967075e-08,601.6089092843754,0.052722541416124084,-300.8044546421877,25.84999832987341,42.93914327390055,0.6020147669221353,0.9967347664753212,0.8505562889176331,0.14617847755768815,0.9967296437104171,1.0272084452354164
282,1.7933585862308285e-09,3.2638858430413037e-12,3.4011442103967075e-08,549.4550583177777,0.052728096055111175,-274.72752915888884,25.803061588743915,42.84274484205757,0.6022737731643595,0.9967726570904539,0.8510055075506491,0.1457671495398048,0.9967484124365719,1.0270731387847223
283,1.7933240030094216e-09,3.1348196484216743e-12,3.4011442103967075e-08,572.0660848582879,0.05272707924373043,-286.03304242914396,25.768579685316038,42.76743289306597,0.6025280907027268,0.9968152352043659,0.8513896220339526,0.14542561317041325,0.9967671770912858,1.0269318813928723
284,1.7929517211206975e-09,2.952001309809334e-12,3.4011442103967075e-08,607.3681997236315,0.05271613346002664,-303.68409986181575,25.74279479515393,42.70626650769731,0.6027872933007171,0.9968436206136405,0.8517483458988683,0.1450952747147722,0.9967846152486907,1.0268110794670566
285,1.7938251378896253e-09,3.450926211218519e-12,3.4011442103967075e-08,519.8097635522109,0.052741813546341644,-259.90488177610547,25.69371905559971,42.6057598380484,0.6030574071033077,0.9968875008105467,0.8521578510005596,0.14472964980998704,0.9968048427414862,1.026674744560569
286,1.7930590012182446e-09,3.4733978401921462e-12,3.4011442103967075e-08,516.2262095260168,0.05271928769551066,-258.1131047630084,25.638047963576998,42.49481392277786,0.6033218079308877,0.9969423185046046,0.8525200904895598,0.14442222801504478,0.996822321045514,1.0265692449154822
287,1.792514425352747e-09,2.716411833149797e-12,3.4011442103967075e-08,659.8831603800845,0.05270327614669621,-329.94158019004226,25.616635607713963,42.44220288412889,0.6035651749191655,0.9969740893296642,0.8529444393373856,0.14402964999227866,0.9968343137874139,1.0264733300106477
288,1.7929176661428198e-09,3.275686011230782e-12,3.4011442103967075e-08,547.3411248806359,0.052715132179993476,-273.67056244031795,25.574713023645547,42.3544262224452,0.603826218523828,0.9970199226510618,0.853343527775123,0.14367639487593883,0.9968573743586883,1.0263115737656718
289,1.7924116999663972e-09,2.9709636958548136e-12,3.4011442103967075e-08,603.3098628795865,0.05270025582823879,-301.65493143979324,25.54958584422043,42.29420044047091,0.6040919458964942,0.9970527351425169,0.8536785537295433,0.1433741814129736,0.9968810537579192,1.0261396431483032
290,1.7935183483120944e-09,3.0227636994441084e-12,3.4011442103967075e-08,593.3372657088365,0.05273279335905899,-296.66863285441826,25.518262843442375,42.224043436579066,0.6043538412367129,0.9970829434679834,0.8541321994447397,0.14295074402324373,0.9968976642695789,1.026025951730018
291,1.7940158708959923e-09,3.6791437381498345e-12,3.4011442103967075e-08,487.61777157371023,0.05274742145340375,-243.80888578685511,25.450936383427955,42.094815723873154,0.6046097588448169,0.997119271583523,0.8545234753845116,0.14259579619901142,0.9969086501268043,1.0259522661374956
292,1.7938811966501096e-09,2.987128562135567e-12,3.4011442103967075e-08,600.536990402456,0.052743461778730995,-300.268495201228,25.424622620827957,42.03190744703312,0.604888623074435,0.9971665371962143,0.8548657930036997,0.14230074419251454,0.9969280806073402,1.025821168057537
293,1.793047608477215e-09,2.8166889109582375e-12,3.4011442103967075e-08,636.5799224406433,0.052718952727619714,-318.28996122032163,25.400686394189396,41.97500894564666,0.6051383199722646,0.9972102871848211,0.8552819387286618,0.14192834845615926,0.9969452032161618,1.0257132846120443
294,1.794044528902735e-09,2.996578378221608e-12,3.4011442103967075e-08,598.6976819766865,0.052748264052393086,-299.3488409883432,25.383188020197437,41.92629819764381,0.6054240205166487,0.9972453132173663,0.8557251677799043,0.14152014543746214,0.9969542208224963,1.0256667524591239
295,1.7935360184156338e-09,2.999161012883993e-12,3.4011442103967075e-08,598.0125810887924,0.05273331289314653,-299.0062905443962,25.360905330379353,41.871806656680356,0.6056797486270681,0.9972799486250133,0.8560598031094263,0.1412201455155871,0.9969659616774863,1.02561812963178
296,1.7946421600899363e-09,3.1419512945412553e-12,3.4011442103967075e-08,571.1871355892439,0.05276583552688024,-285.59356779462195,25.316267006152593,41.78004139343157,0.6059416449054232,0.9973158861156547,0.8564281623884994,0.14088772372715527,0.9969791748111996,1.0255419543459
297,1.793470522088735e-09,2.3789386435662688e-12,3.4011442103967075e-08,753.8952410307405,0.052731387178656136,-376.94762051537026,25.306551047672173,41.745649264484264,0.6062081077560841,0.9973537767307873,0.8568474331126477,0.14050634361813968,0.9969957429917231,1.0254088049662522
298,1.794691109046304e-09,3.508760848596055e-12,3.4011442103967075e-08,511.4885814359238,0.05276727471773308,-255.7442907179619,25.258684593603107,41.649621637685954,0.6064565199014489,0.9973768235997855,0.8571506882420082,0.14022613535777725,0.9970102718653466,1.025309340192686
299,1.794931059499931e-09,2.8870472497905673e-12,3.4011442103967075e-08,621.7186295202267,0.05277432970978232,-310.85931476011336,25.238580087142005,41.59835782174623,0.6067205872715514,0.997405469425659,0.8575836308375961,0.13982183858806288,0.9970308172891127,1.025171825789301
300,1.7935054402457728e-09,2.4081734438844524e-12,3.4011442103967075e-08,744.7575857961449,0.05273241383777077,-372.37879289807245,25.236161762619368,41.57670087527254,0.6069784574376463,0.997437630875617,0.8578901411744424,0.13954748970117456,0.9970473401506991,1.0250651407075009
301,1.7931106100580038e-09,3.0838338595001758e-12,3.4011442103967075e-08,581.4549978216496,0.05272080509190925,-290.7274989108248,25.20401514066857,41.50581000596526,0.6072406522616044,0.9974759121156479,0.8582976931516424,0.13917821896400548,0.9970612994297026,1.0249599644799565
302,1.7934522864814186e-09,3.1290390816419728e-12,3.4011442103967075e-08,573.1639138045854,0.05273085101770005,-286.5819569022927,25.174068131527793,41.440406523613866,0.607476379778826,0.9975003912759398,0.858605505571483,0.13889488570445685,0.9970800625157653,1.0248193727975512
303,1.7931092715348676e-09,2.879648653986291e-12,3.4011442103967075e-08,622.6833502943738,0.05272076573682597,-311.3416751471869,25.150908657678144,41.38429330001864,0.6077404409287525,0.9975434902230494,0.8590176148391628,0.1385258753838866,0.9970922089375123,1.0247222492970662
304,1.7932708188873729e-09,3.0948673912760143e-12,3.4011442103967075e-08,579.4338148194477,0.052725515531086724,-289.71690740972383,25.116554633179504,41.309831040408696,0.6080042934237819,0.9975713547991264,0.8593989949481784,0.13817235985094795,0.9971093140451638,1.0245959974939285
305,1.7931989319899666e-09,3.1610100455671065e-12,3.4011442103967075e-08,567.2866919561638,0.0527234019218729,-283.6433459780819,25.086841005966846,41.24370341020053,0.6082586899740503,0.997596354792616,0.8597840208895778,0.13781233390303804,0.9971182786403272,1.0245315697955464
306,1.7929827418953226e-09,3.81319998509279e-12,3.4011442103967075e-08,470.2042245108454,0.052717045528810146,-235.1021122554227,25.02549811437191,41.12409067568708,0.6085362059851502,0.9976272141595797,0.8602079791125055,0.1374192350470742,0.9971344342277247,1.0244167903850254
307,1.7921366351612698e-09,3.004473743965455e-12,3.4011442103967075e-08,596.489364821647,0.052692168408590825,-298.2446824108235,25.008549244621218,41.07887860750724,0.6087933773355454,0.9976565110269503,0.860621520671479,0.13703499035547126,0.9971487237153251,1.0243202631596036
308,1.7931468037556018e-09,3.224120485502299e-12,3.4011442103967075e-08,556.1661891417311,0.05272186925430163,-278.08309457086557,24.977692045708967,41.01139717742527,0.6090426994635028,0.9976971360163708,0.8609552445429051,0.13674189147346577,0.9971641410610517,1.0242149094675563
309,1.792239651219378e-09,2.9344847033003954e-12,3.4011442103967075e-08,610.7510627687574,0.0526951972733415,-305.3755313843787,24.953795184770698,40.9548531324153,0.6093000774313619,0.9977261724671426,0.861340400692604,0.1363857717745386,0.9971763088645585,1.024124608346114
310,1.7934287305352787e-09,3.420407413717015e-12,3.4011442103967075e-08,524.3319036624147,0.0527301584288334,-262.16595183120734,24.9086925585613,40.86364386112115,0.6095563245220075,0.9977476568365476,0.8616871453939725,0.13606051144257514,0.9971911522066176,1.024030118446879
311,1.7932188620875923e-09,3.376350757954125e-12,3.4011442103967075e-08,531.1115433913567,0.052723987904012816,-265.55577169567835,24.871845197613297,40.78590508645972,0.6098147177288057,0.9977773443288166,0.8620299838463584,0.1357473604824582,0.9972061698100771,1.0239284067257362
312,1.7938300042344362e-09,2.8069156749403576e-12,3.4011442103967075e-08,639.0751315578983,0.05274195662597926,-319.53756577894916,24.841886589067386,40.72088114482063,0.6100527761351519,0.9977970057820298,0.8623584993858074,0.1354385063962223,0.9972195331583859,1.0238354873336495
313,1.7945903469726778e-09,2.947591864682423e-12,3.4011442103967075e-08,608.8327113652246,0.05276431212434117,-304.4163556826123,24.823296258769467,40.67316050082365,0.6103114671471568,0.997832943272671,0.8627372753288346,0.13509566794383648,0.9972318978266481,1.0237583164257007
314,1.7953768765381385e-09,3.663797037547204e-12,3.4011442103967075e-08,490.03175070529727,0.052787437564393275,-245.01587535264864,24.78087875258473,40.58682813770633,0.6105645572624233,0.9978673182637192,0.8630918325281686,0.1347754857355506,0.9972478681370013,1.023648215705542
315,1.7942632502775557e-09,2.9401121900016096e-12,3.4011442103967075e-08,610.2703347101095,0.052754694869826584,-305.13516735505476,24.757673080679645,40.531258740876744,0.6108291192967796,0.9978799484687634,0.8634224314004085,0.13445751706835493,0.9972578638842691,1.0235765196979678
316,1.7937765642727598e-09,3.2686830245765598e-12,3.4011442103967075e-08,548.7765411285586,0.052740385391172075,-274.3882705642793,24.728531822135015,40.4665212562444,0.6110861782644376,0.9979053390871513,0.8637077177844485,0.1341976213027028,0.9972673364269319,1.0235103540686226
317,1.7939797177606037e-09,3.338610095719258e-12,3.4011442103967075e-08,537.3432854770408,0.05274635848361616,-268.6716427385204,24.687111114125035,40.38113006639194,0.6113526558948733,0.9979329432466294,0.8640876656021704,0.13384527764445894,0.9972797630386878,1.0234245697942737
318,1.7936021576977347e-09,3.1821881403213753e-12,3.4011442103967075e-08,563.6379995799354,0.05273525751172221,-281.8189997899677,24.65641003355277,40.31284844126387,0.6116265902042956,0.9979673182376776,0.8644831082075239,0.13348421003015365,0.9972982925973077,1.023293543426126
319,1.793517985248209e-09,3.5023703714030996e-12,3.4011442103967075e-08,512.0868997443295,0.05273278268430182,-256.04344987216473,24.622475429710192,40.24158997829966,0.6118663661895045,0.9979911463564723,0.8647991237502282,0.1331920226062441,0.9973104764907507,1.0232233419997983
320,1.7943738452847318e-09,3.228617822996549e-12,3.4011442103967075e-08,555.771523189863,0.05275794656985265,-277.8857615949315,24.593285433547138,40.177305362638826,0.6121188370292403,0.9980139328088716,0.8651493840756812,0.13286454873319042,0.9973229549777115,1.0231273178995453
321,1.7936351714818862e-09,2.954053871211559e-12,3.4011442103967075e-08,607.1775430237008,0.05273622817871276,-303.5887715118504,24.575556986970657,40.13240774180946,0.6123618883042529,0.9980350265533785,0.8654982121098406,0.1325368144435379,0.9973346433338081,1.0230381922629093
322,1.7943312151122328e-09,3.1503169091124758e-12,3.4011442103967075e-08,569.5716548141633,0.05275669316306182,-284.7858274070816,24.550824568447297,40.07443521569748,0.6126305819733809,0.9980558598812865,0.8658655297225183,0.1321903301587682,0.9973487961368457,1.0229318969008305
323,1.7940123846638926e-09,2.8101013567854246e-12,3.4011442103967075e-08,638.4155433867081,0.05274731895166068,-319.20777169335406,24.532106522276774,40.02750731708277,0.6128811951227117,0.998086979664849,0.8662289410862133,0.1318580385786358,0.9973595416310894,1.022858268726261
324,1.7948351457762982e-09,3.1121237992668753e-12,3.4011442103967075e-08,576.7235693512927,0.05277150966694675,-288.36178467564633,24.50356855449727,39.96548248510216,0.6131182968610829,0.9981140629911295,0.8665542014181767,0.1315598615729527,0.9973777393067407,1.0227311775782333
325,1.7962912806722413e-09,3.614360986138462e-12,3.4011442103967075e-08,496.9872371800295,0.0528143227558917,-248.49361859001476,24.45300438797083,39.86744946620564,0.613357631736609,0.9981421879838052,0.8668961284124665,0.13124605957133864,0.9973840699940814,1.0226790392352052
326,1.794967409341922e-09,2.999584771228426e-12,3.4011442103967075e-08,598.4052948124635,0.05277539846311186,-299.20264740623173,24.431643627321364,39.81539421085348,0.6136230498670139,0.9981647140196057,0.867301987681774,0.1308627263378317,0.9973950007205704,1.0226076469442749
327,1.7947068653689915e-09,2.8089186820836187e-12,3.4011442103967075e-08,638.9315848893502,0.052767737983084755,-319.4657924446751,24.412973805821366,39.76753792915052,0.6138920103456064,0.9982011723434447,0.8676111021846088,0.1305900701588359,0.9974153215636519,1.022470638017402
328,1.7957286619827728e-09,3.4172995341812287e-12,3.4011442103967075e-08,525.481785843225,0.05279778071431202,-262.7408929216125,24.370914285309116,39.68232138770947,0.6141504184494949,0.9982260421286349,0.8679462583473285,0.1302797837813063,0.9974229942896626,1.0224229508766343
329,1.7946395663251185e-09,2.6898283566731596e-12,3.4011442103967075e-08,667.1948274590908,0.0527657592653442,-333.5974137295454,24.358046550259385,39.64459285958498,0.6144103090308386,0.9982343754597981,0.8682690447216029,0.12996533073819513,0.9974322766368299,1.022341073002331
330,1.7943700594254883e-09,3.397301561129922e-12,3.4011442103967075e-08,528.1750904764226,0.05275783525851125,-264.0875452382113,24.324042619508763,39.57190256723184,0.6146796348288466,0.9982451827486504,0.8686633154522616,0.12958186729638874,0.997440431618326,1.0222858724342432
331,1.795009591315232e-09,3.9237332524782026e-12,3.4011442103967075e-08,457.4749290567896,0.052776638692008396,-228.7374645283948,24.273015370418936,39.47215758019003,0.6149401719707586,0.998253646288113,0.8690209976507819,0.12923264863733108,0.997446319567635,1.0222346862314506
332,1.7940996702030441e-09,3.160132078283229e-12,3.4011442103967075e-08,567.7293308505338,0.052749885309737614,-283.8646654252669,24.254603595481456,39.42573397957272,0.6151972619723012,0.998284896279975,0.8693444350665533,0.12894046121342156,0.9974601641302392,1.0221295128308991
333,1.7937213056244192e-09,3.1540151731612425e-12,3.4011442103967075e-08,568.7104237442801,0.05273876068357597,-284.35521187214005,24.23329314719871,39.37439262957507,0.6154582084650746,0.9983013025257025,0.8696763360217875,0.12862496650391497,0.9974785326518175,1.0220064305111936
334,1.793557060261037e-09,3.1950069767737147e-12,3.4011442103967075e-08,561.3624863104845,0.0527339315627501,-280.68124315524227,24.209441994950932,39.3186642273844,0.6157239181612304,0.9983208337706162,0.8699989921877624,0.12832184158285376,0.9974910806904552,1.0219185134968407
335,1.7933079623189337e-09,2.981755360161256e-12,3.4011442103967075e-08,601.4269266617332,0.05272660761743364,-300.7134633308666,24.187711062767598,39.26619509847982,0.6159932481898155,0.9983384118910386,0.8703793306303826,0.12795908126065592,0.9975095798929287,1.021794853782419
336,1.7948004741124482e-09,3.5987039967023664e-12,3.4011442103967075e-08,498.7352323939658,0.05277049025519279,-249.3676161969829,24.147765382663778,39.18514411094279,0.6162479666859336,0.9983615889683362,0.8707911794814637,0.12757040948687254,0.9975230049113172,1.0216915629481453
337,1.7935906876335018e-09,2.82139112081955e-12,3.4011442103967075e-08,635.7114667294,0.05273492027038449,-317.8557333647,24.131546238395362,39.14307015753961,0.6164960014958669,0.9983770837559678,0.8710844085717686,0.12729267518419918,0.9975336928277138,1.0216344208143824
338,1.794595194459467e-09,2.9083519053159563e-12,3.4011442103967075e-08,617.0488485864665,0.052764454649517685,-308.52442429323327,24.107453652025004,39.087025996043565,0.616763568926047,0.9984022139577567,0.8714397470208992,0.12696246693685756,0.9975493286100106,1.0215093431214122
339,1.7936006827093896e-09,2.7591534072133372e-12,3.4011442103967075e-08,650.0547153414253,0.052735214144306604,-325.02735767071266,24.091690586345166,39.04556585153064,0.6170147636726012,0.9984192712449814,0.8717586271461909,0.1266606440987906,0.9975621230648278,1.0214280053021705
340,1.7940171349756819e-09,3.408424848242598e-12,3.4011442103967075e-08,526.3478629727414,0.052747458619710474,-263.1739314863707,24.061247849360964,38.980614241201884,0.6172618958869204,0.9984429691554768,0.872015137496058,0.12642783165941884,0.9975674298519684,1.0213879134762147
341,1.7930038485545913e-09,2.95189799167743e-12,3.4011442103967075e-08,607.4071169158892,0.05271766610406256,-303.7035584579446,24.042165550276255,38.934237278642364,0.6175070382967216,0.9984601566510009,0.8723353197043439,0.12612483694665705,0.9975805828707561,1.0212845950400984
342,1.7939223031752385e-09,3.323682975734155e-12,3.4011442103967075e-08,539.7392941121246,0.05274467038743989,-269.8696470560623,24.00848341644178,38.863406733952715,0.6177657965189901,0.9984802087291124,0.8726612310778044,0.1258189776513079,0.9975930901436695,1.0211975127353647
343,1.795226472541117e-09,3.798399449602393e-12,3.4011442103967075e-08,472.6270884251094,0.052783015405622066,-236.3135442125547,23.96068120048523,38.77023304008896,0.6180174665370093,0.9984855472693888,0.872933236215303,0.12555231105408565,0.9976034342979231,1.0211254988944816
344,1.7961524911623432e-09,3.64610393394091e-12,3.4011442103967075e-08,492.6224056429907,0.05281024208476126,-246.31120282149536,23.924834155093052,38.695491082078654,0.6182848049232679,0.9985066410138955,0.8733133142413244,0.12519332677257114,0.9976147628082045,1.0210302412378833
345,1.794893793281786e-09,3.1795971265570175e-12,3.4011442103967075e-08,564.5035272834587,0.05277323401328021,-282.2517636417293,23.902149819776945,38.64261685303806,0.6185437676407718,0.998535286839769,0.873618392286877,0.12491689455289204,0.9976287647870838,1.0209254151272824
346,1.794486062473105e-09,3.2508615135377403e-12,3.4011442103967075e-08,552.0032320664011,0.05276124596503943,-276.00161603320055,23.873493682092708,38.579947518293025,0.6188057583741626,0.998548437878011,0.8739491213674163,0.12459931651059467,0.9976372931862033,1.0208514221613074
347,1.7941251351237212e-09,3.395831762772685e-12,3.4011442103967075e-08,528.3315724860363,0.05275063402602548,-264.16578624301815,23.84194509864056,38.513522700861344,0.6190538654130265,0.9985750003710937,0.874234017126558,0.12434098324453562,0.9976537824275972,1.02074905240326
348,1.7941894387073413e-09,3.576270090666449e-12,3.4011442103967075e-08,501.69293515887347,0.05275252467163302,-250.84646757943673,23.800676731192425,38.43006365210154,0.6193244160783713,0.9985936201579114,0.8745887045341916,0.12400491562371989,0.997662377242165,1.0206824789114055
349,1.7934170896890335e-09,3.13605758497953e-12,3.4011442103967075e-08,571.8699485235186,0.052729816166185155,-285.9349742617593,23.778375477779722,38.37815676647973,0.6195809669147072,0.9986046878633625,0.8749030273690033,0.12370166049435925,0.997671346942007,1.020627709939083
350,1.7942426444233648e-09,3.2914566222534735e-12,3.4011442103967075e-08,545.1211576942943,0.052754089019179974,-272.56057884714716,23.74450681327795,38.307259382868594,0.6198435282451122,0.9986264326493665,0.8752328449914466,0.12339358765791988,0.997685735805704,1.0205234800285443
351,1.7933510527633302e-09,3.0066833341810725e-12,3.4011442103967075e-08,596.4549150806344,0.052727874557078974,-298.2274575403172,23.725019916946533,38.26086793957992,0.6200857741756451,0.9986390628544107,0.8755659178213756,0.12307314503303515,0.9976950050819835,1.020447807162396
352,1.7943452204508026e-09,3.426362154245451e-12,3.4011442103967075e-08,523.6881391033082,0.052757104946206064,-261.8440695516541,23.69161803657159,38.19068886180223,0.6203506336924862,0.9986542972254434,0.8758887041956499,0.12276559302979348,0.997708671808073,1.0203567707301169
353,1.7946029736083213e-09,3.34341279558981e-12,3.4011442103967075e-08,536.7578230171055,0.05276468337104118,-268.37891150855273,23.659426947505587,38.12352446823136,0.6205991517710063,0.9986730472205606,0.8762121416114215,0.12246090560913916,0.9977157659981859,1.020303563421119
354,1.7946217736841836e-09,2.730464291339897e-12,3.4011442103967075e-08,657.2588330036444,0.05276523612842809,-328.6294165018222,23.654347584471935,38.09961179339238,0.6208553439532503,0.9986813805517238,0.8764634436293115,0.12221793692241226,0.9977290197562214,1.0201953610533157
355,1.794361727556625e-09,3.004919340714886e-12,3.4011442103967075e-08,597.1413951929029,0.052757590285985895,-298.57069759645145,23.63460032904064,38.05219318910294,0.6211100687833393,0.9987049482539198,0.8768169591622502,0.12188798909166951,0.9977410058116339,1.0201054654629034
356,1.7930412929753945e-09,2.9026785338954824e-12,3.4011442103967075e-08,617.7195552444034,0.05271876704005606,-308.8597776222017,23.617507213321492,38.0093036036345,0.6213612188112585,0.9987191409585571,0.877098209089008,0.12162093186954899,0.9977499795212743,1.020044554217953
357,1.7929788350153389e-09,3.3214382317680683e-12,3.4011442103967075e-08,539.8200146750585,0.05271693065923267,-269.91000733752924,23.593134402208364,37.953374238422136,0.6216346998292402,0.9987424482441541,0.8774458652484726,0.12129658299568151,0.9977594185167534,1.019977194864202
358,1.7922265445398977e-09,3.0878122409310967e-12,3.4011442103967075e-08,580.4195348352758,0.052694811912454995,-290.2097674176379,23.5683555956619,37.898190836090066,0.6218860340219193,0.9987545576160006,0.8777946932826319,0.12095986433336867,0.9977728033266321,1.019871397466889
359,1.7923845832412438e-09,2.879701470847985e-12,3.4011442103967075e-08,622.420275638308,0.052699458545810415,-311.210137819154,23.554498541201273,37.859808150650764,0.6221504992173712,0.9987779951098971,0.8780887036227334,0.12068929148716367,0.9977827542691069,1.0198096544090567
360,1.7916978077572055e-09,3.0024614385710043e-12,3.4011442103967075e-08,596.7429871838583,0.05267926606229446,-298.37149359192915,23.539559808669942,37.82056366530176,0.6224010836270577,0.9987932294809299,0.878409406664217,0.12038382281671281,0.9977921376865916,1.019739384847161
361,1.7917050094070684e-09,2.761177615333401e-12,3.4011442103967075e-08,648.8916176407315,0.05267947780426767,-324.44580882036576,23.526482524427642,37.783965672966005,0.6226578419019836,0.9988003909373981,0.8787234690824299,0.12007692185496827,0.9978065453007146,1.0196253668598478
362,1.7920487056160843e-09,2.9451615954992574e-12,3.4011442103967075e-08,608.4721151989285,0.05268958311553219,-304.23605759946423,23.506602224968432,37.73682609053627,0.6229088309804484,0.9988132815590413,0.8789967763029228,0.11981650525611842,0.9978155939722189,1.0195482794507402
363,1.7909870854177167e-09,2.8194297041592782e-12,3.4011442103967075e-08,635.2302675876676,0.05265836949644711,-317.6151337938338,23.49524793222185,37.70392524769814,0.6231512442767815,0.9988321617624579,0.8793135730954237,0.1195185886670342,0.9978299395515645,1.019448459901503
364,1.7914252398294519e-09,3.3040269133657134e-12,3.4011442103967075e-08,542.1945059171993,0.052671252055510494,-271.09725295859965,23.470601517456554,37.64867844661727,0.6234110328928527,0.998849349257982,0.8796202136405694,0.1192291356174126,0.9978367727934192,1.0193982050485195
365,1.790984917818001e-09,2.9980457121439057e-12,3.4011442103967075e-08,597.3841261203672,0.05265830576496201,-298.6920630601836,23.44845886728251,37.598642651623614,0.6236517388286607,0.9988571617559474,0.8799134427308742,0.11894371902507317,0.9978439289547484,1.0193334511484808
366,1.7922934331781938e-09,3.56292124872564e-12,3.4011442103967075e-08,503.0404289231058,0.052696778563504125,-251.5202144615529,23.408826595675116,37.52034352361218,0.6238969155744416,0.9988747398763699,0.8802173489017321,0.11865739097463776,0.9978523499934738,1.0192866232097582
367,1.7910225037750603e-09,2.6370903234295187e-12,3.4011442103967075e-08,679.1661581943266,0.05265941086238612,-339.5830790971633,23.40585346086597,37.50056015811394,0.624146769066373,0.9988942711212836,0.8805058904932577,0.11838838062802588,0.9978639455569934,1.0191957152613882
368,1.7922774005642566e-09,3.5627081004461593e-12,3.4011442103967075e-08,503.06602450529385,0.05269630717467303,-251.53301225264693,23.370522838081,37.42906181794167,0.6243951011050538,0.998900521119656,0.8807666977170058,0.11813382340265016,0.9978726275386759,1.0191475721443326
369,1.791892923107117e-09,2.993324402143939e-12,3.4011442103967075e-08,598.6297114417974,0.05268500281845184,-299.3148557208987,23.356437814880003,37.39127630776239,0.6246493867349275,0.9989093752840168,0.8810510726429498,0.11785830264106702,0.9978840512808412,1.0190558717997225
370,1.7930923117849935e-09,3.6676695007464004e-12,3.4011442103967075e-08,488.89146402643007,0.05272026708846457,-244.44573201321504,23.32158298510697,37.320544201110316,0.6248993278188354,0.9989233075720553,0.8813472965241416,0.11757601104791379,0.997890869718329,1.0190120981628619
371,1.7926415819453474e-09,2.4526589589533363e-12,3.4011442103967075e-08,730.897206642358,0.05270701478830428,-365.448603321179,23.316646222658353,37.29696858272992,0.6251619664729254,0.998947396107449,0.8816436506136327,0.11730374549381628,0.9979030602317198,1.0189249454287643
372,1.7929593695470267e-09,2.7074230078918357e-12,3.4011442103967075e-08,662.2383588825057,0.05271635833806344,-331.11917944125287,23.303458355147946,37.261727254473215,0.6253993057273103,0.9989555992303127,0.881910056794256,0.11704554243605665,0.9979103974253525,1.0188722545368278
373,1.7930185471242378e-09,3.1642675287591905e-12,3.4011442103967075e-08,566.6456868226111,0.05271809826949681,-283.32284341130554,23.28366847217291,37.21586568784315,0.6256382336358952,0.9989632815199788,0.8821505515232939,0.11681272999668489,0.9979217177594006,1.0188014400576821
374,1.7935085261132477e-09,3.775240068951887e-12,3.4011442103967075e-08,475.07138443017635,0.05273250456804517,-237.53569221508818,23.231507382239787,37.11733966772116,0.6258936548311652,0.9989812502652994,0.8824985983076566,0.11648265195764272,0.9979393695235562,1.018672538600649
375,1.7929604833837964e-09,3.3345683096529233e-12,3.4011442103967075e-08,537.6889350844984,0.05271639108694737,-268.8444675422492,23.20651193287803,37.06182164646887,0.6261568077857573,0.9989947919284397,0.8828079732270903,0.1161868187013493,0.9979453900588915,1.018628826516881
376,1.7929068661153316e-09,3.3914804629284184e-12,3.4011442103967075e-08,528.6502121162812,0.052714814638989034,-264.3251060581406,23.182579851093582,37.009577325665695,0.626394072191058,0.9990088544247775,0.8830794575313913,0.11592939689338623,0.997954215014832,1.018563280638392
377,1.7933836296650786e-09,2.8532606165467572e-12,3.4011442103967075e-08,628.5383183242384,0.0527288323789099,-314.2691591621192,23.171249267207155,36.97668725329791,0.6266448129460418,0.9990230471294148,0.883411228278326,0.11561181885108884,0.997962846066524,1.018494253232187
378,1.7945655351112008e-09,3.2338975664111975e-12,3.4011442103967075e-08,554.9234316356877,0.05276358260921502,-277.46171581784387,23.14909932243368,36.925756746828434,0.6269092731436564,0.9990325523352729,0.8836690407111873,0.11536351162408552,0.9979713035797487,1.0184418045468406
379,1.7937999265951846e-09,3.0145738981325493e-12,3.4011442103967075e-08,595.042612060828,0.052741072287139416,-297.521306030414,23.12652788352026,36.87565665118887,0.6271489102492949,0.9990432294158257,0.8839439104312733,0.11509931898455235,0.9979800114319856,1.0183868893585044
380,1.7943498080567545e-09,3.0567055149933268e-12,3.4011442103967075e-08,587.0208298625299,0.052757239830399975,-293.51041493126496,23.11022901293431,36.83434580436046,0.6274097858471676,0.9990529950382825,0.8842311499398047,0.11482184509847784,0.9979893602645872,1.018321823191305
381,1.7940887243985247e-09,2.813215806258623e-12,3.4011442103967075e-08,637.7359036612747,0.05274956348261584,-318.86795183063737,23.103734770261987,36.81008044957149,0.6276469512723095,0.999055599204271,0.8845370092351539,0.1145185899691172,0.9979936883438413,1.0182810739747206
382,1.794855762315441e-09,3.1218127410320164e-12,3.4011442103967075e-08,574.9402386390714,0.052772115831750926,-287.4701193195357,23.08086891147733,36.75985607966035,0.6278824612767796,0.999073047116394,0.8847900039609364,0.11428304315545751,0.9980042082170993,1.0182094177770262
383,1.795134405230309e-09,3.130807875486512e-12,3.4011442103967075e-08,573.3773762631008,0.052780308454516416,-286.6886881315504,23.06313628778159,36.716941440543415,0.6281333733946292,0.9990813804475571,0.8850666965972144,0.11401468385034275,0.9980155575433431,1.0181247710578294
384,1.7954436887307954e-09,3.358172869586243e-12,3.4011442103967075e-08,534.6489768264997,0.052789401967797654,-267.32448841324987,23.035521354232035,36.658869653918806,0.6283751128090104,0.9990891929455227,0.8853531548559492,0.11373603808957342,0.9980260128953389,1.0180507485173889
385,1.795215149134168e-09,3.2816402299507356e-12,3.4011442103967075e-08,547.0481293926354,0.05278268247628274,-273.5240646963177,23.013152913558194,36.608663479934926,0.6286258695614938,0.9991039064833577,0.8856157849958893,0.11348812148746837,0.998034999133726,1.0179755093747611
386,1.7940640329806573e-09,2.941925483875068e-12,3.4011442103967075e-08,609.8264700496554,0.05274883750875705,-304.9132350248277,23.000396938985617,36.57438501612176,0.6288662660724763,0.999112890856018,0.8859156547094649,0.11319723614655308,0.9980435934529919,1.0179188973856195
387,1.7948878220069062e-09,2.8191786754400425e-12,3.4011442103967075e-08,636.6704734409018,0.05277305844663233,-318.3352367204509,22.991842523134935,36.54667199164425,0.6291090616511296,0.9991253908527628,0.8861755504751171,0.11294984037764573,0.9980556544743102,1.0178370687447846
388,1.794602235177683e-09,2.9926296209272564e-12,3.4011442103967075e-08,599.674020008407,0.05276466165979953,-299.8370100042035,22.9748869094995,36.5050686031254,0.6293615596036023,0.9991359377250162,0.8864789358127771,0.11265700191223908,0.9980623817378117,1.0177781031362105
389,1.7955718570601046e-09,3.739243137760237e-12,3.4011442103967075e-08,480.1966042078855,0.05279317035635693,-240.09830210394276,22.94161981162247,36.43770152365967,0.6296121558799765,0.9991466148055691,0.8867061492952736,0.11244046551029543,0.9980735080627756,1.0177003674596685
390,1.7939405861445282e-09,2.5154863286781027e-12,3.4011442103967075e-08,713.1585513673813,0.05274520794092656,-356.57927568369064,22.9343855496268,36.41250357005278,0.6298491809414893,0.999154557511834,0.8869780242244728,0.11217653328736113,0.998082717372932,1.0176337757995257
391,1.7954574912839982e-09,3.3965435918389376e-12,3.4011442103967075e-08,528.6131158740442,0.05278980778867289,-264.3065579370221,22.900496579312613,36.34408591053528,0.6301024225972982,0.9991675783417765,0.8872609668591233,0.11190661148265325,0.998092630960872,1.0175505906254898
392,1.7947115464504975e-09,3.1357697088072375e-12,3.4011442103967075e-08,572.3352519828879,0.05276787561563476,-286.16762599144397,22.885043132356174,36.30584743840295,0.6303404202637959,0.9991753908397419,0.8875659146963764,0.11160947614336558,0.9980990960488496,1.0175081373774544
393,1.7945312639286367e-09,2.985939679637047e-12,3.4011442103967075e-08,600.99380981024,0.052762574972359776,-300.49690490512,22.873583031236407,36.27348335086113,0.630586889325957,0.9991795575053236,0.8878591437866813,0.11132041371864226,0.998107124343671,1.0174512615458449
394,1.794562460221836e-09,2.6685385065586252e-12,3.4011442103967075e-08,672.4888757689776,0.05276349220171759,-336.2444378844888,22.86487215145162,36.245687464268904,0.630830141489022,0.9991954429178534,0.8881116176792663,0.11108382523858717,0.9981173820264367,1.0173859485340984
395,1.7946101318439897e-09,3.0233114980003765e-12,3.4011442103967075e-08,593.590879745917,0.05276489383655589,-296.7954398729585,22.848185641278025,36.205678194190476,0.6310663625393494,0.9992093752058919,0.8884629196711147,0.1107464555347772,0.9981301827500928,1.0172797767130015
396,1.795110436016329e-09,3.2590095290606264e-12,3.4011442103967075e-08,550.8147245380254,0.05277960371480245,-275.4073622690127,22.82780547516436,36.15841540070066,0.6313275961402339,0.9992125002050781,0.8887040654416496,0.11050843476342845,0.998140010127801,1.0172063762742485
397,1.7948809066960144e-09,3.3549086425079674e-12,3.4011442103967075e-08,535.0014256585682,0.05277285512356033,-267.5007128292841,22.807380288366268,36.11257929275131,0.6315633149179204,0.999219531453247,0.8889577112089294,0.11026182024431765,0.9981477945563498,1.0171467432840864
398,1.7937244224044022e-09,2.8513907942235434e-12,3.4011442103967075e-08,629.0700054297004,0.05273885232273592,-314.5350027148502,22.796785604047603,36.081184319845846,0.6318192164082768,0.9992294272840033,0.88923153926262,0.10999788802138333,0.9981542209822821,1.0170971256149504
399,1.7933420093051904e-09,3.329584018167942e-12,3.4011442103967075e-08,538.6084266141908,0.052727608662498204,-269.3042133070954,22.769755136566538,36.02463656271528,0.6320606481879887,0.9992389324898613,0.8894696902422682,0.10976924224759317,0.9981632253921177,1.0170142626138448
400,1.793496730107166e-09,2.915785040909734e-12,3.4011442103967075e-08,615.0990916489474,0.05273215774340758,-307.5495458244737,22.75878846725988,35.993538802448604,0.6323020526592851,0.9992513022783067,0.8897513307939243,0.10949997148438242,0.9981726974761947,1.0169552173327503
401,1.7934282550431698e-09,2.63232630555537e-12,3.4011442103967075e-08,681.3092477396305,0.05273014444847622,-340.6546238698152,22.752797893489607,35.96850072781201,0.6325756546170525,0.9992596356094698,0.8900342734285747,0.10922536218089526,0.9981807211112603,1.0168939672656139
402,1.7938360056660458e-09,3.2101164498633924e-12,3.4011442103967075e-08,558.8071441278659,0.05274213307929139,-279.4035720639329,22.73181956557324,35.92177050448081,0.6328145647146685,0.9992733074809095,0.8902906535701423,0.10898265391076721,0.9981871241575943,1.016853113282085
403,1.793551812582825e-09,3.338476557457254e-12,3.4011442103967075e-08,537.2366052942667,0.05273377727119739,-268.61830264713336,22.704892194777823,35.86579969922045,0.6330513298235845,0.9992772137298923,0.8905294555912876,0.10874775813860466,0.9981932687677898,1.016805908323961
404,1.7930451781947126e-09,2.9068121267639605e-12,3.4011442103967075e-08,616.8424720970321,0.05271888127276946,-308.42123604851605,22.68715332988218,35.82378827250735,0.633298554505282,0.9992799481041802,0.8907970336466058,0.10848291445757435,0.9981982139785914,1.0167658447816164
405,1.7935224889275148e-09,3.3205949893142e-12,3.4011442103967075e-08,540.1208201238447,0.052732915100895394,-270.06041006192237,22.655567752894214,35.75955008520789,0.6335529305852704,0.9992908856013318,0.891100158567667,0.10819072703366484,0.9982054710985951,1.0167084599419134
406,1.7932150089503171e-09,2.5501511839532223e-12,3.4011442103967075e-08,703.1798821317294,0.052723874614571474,-351.5899410658647,22.647696653046303,35.73386164801208,0.633788110451987,0.9992972658080037,0.8913549762096417,0.10794228959836208,0.9982104531774412,1.0166579297718998
407,1.7938903856623281e-09,3.0785035278662797e-12,3.4011442103967075e-08,582.715065753288,0.05274373195287388,-291.357532876644,22.62306363022733,35.68171115156721,0.6340240672351747,0.9993106772628445,0.8916536740485224,0.10765700321432208,0.9982260995197935,1.016545624756644
408,1.792668189933624e-09,2.5247360490536526e-12,3.4011442103967075e-08,710.0418242158701,0.05270779711291713,-355.02091210793503,22.622440855890673,35.66717228350591,0.6342650512373894,0.9993154949699232,0.8918988562763395,0.10741663869358367,0.9982319228250544,1.0165054054100089
409,1.7928083917508469e-09,3.0997949540803152e-12,3.4011442103967075e-08,578.3635428501299,0.05271191930852396,-289.18177142506494,22.602577065282542,35.621896751473436,0.6345135752589488,0.9993266928836737,0.8921890905757577,0.10713760230791607,0.9982446993698216,1.016408046918632
410,1.7933134694483177e-09,3.3595086349996597e-12,3.4011442103967075e-08,533.8023098870527,0.05272676953733599,-266.90115494352636,22.586086767817847,35.58145170544434,0.6347713678124588,0.9993321616322496,0.8924622675879511,0.10686989404429842,0.9982504651012055,1.016360468734037
411,1.7932263221330037e-09,2.878961217024397e-12,3.4011442103967075e-08,622.872691555889,0.05272420724329836,-311.4363457779445,22.570696026819782,35.543823804614156,0.6350103509091147,0.9993412762132093,0.8927176060631234,0.10662367015008589,0.9982569438843766,1.0163097188240295
412,1.7936346017470031e-09,2.6163725219473173e-12,3.4011442103967075e-08,685.5425160985998,0.05273621142744179,-342.7712580492999,22.56629542269273,35.52270173497845,0.6352640514522627,0.9993459637119886,0.8929760695374819,0.10636989417450672,0.9982640024132458,1.0162507395294769
413,1.7939164545760596e-09,3.2394306231786715e-12,3.4011442103967075e-08,553.7752349873725,0.05274449842768702,-276.88761749368626,22.542391777601036,35.4706120978112,0.6355230554082282,0.9993527345435587,0.8932487257164777,0.10610400882708103,0.9982755402910353,1.016152238806319
414,1.7932494559892467e-09,2.9614188998526947e-12,3.4011442103967075e-08,605.5372497549893,0.05272488742193272,-302.76862487749463,22.52634370325718,35.43149620467128,0.6357717318267614,0.999358333500434,0.8935538037620303,0.10580452973840371,0.9982825067810602,1.0160939339539465
415,1.793961538830987e-09,3.1007621521603803e-12,3.4011442103967075e-08,578.5550296339525,0.05274582398909043,-289.27751481697624,22.5070261047514,35.386727790491086,0.636030159047352,0.9993688803726875,0.8938237255667382,0.10554515480594927,0.9982924426415095,1.0160319807884293
416,1.794155381647298e-09,3.195982083905545e-12,3.4011442103967075e-08,561.3784228273298,0.0527515233303803,-280.6892114136649,22.487274087015802,35.34303101847378,0.6362576564319489,0.999383463702223,0.894038178635891,0.10534528506633202,0.9982997752403282,1.0159808163810988
417,1.7945906706395051e-09,3.0691351239097525e-12,3.4011442103967075e-08,584.7219487532328,0.05276432164075116,-292.3609743766164,22.47070372523269,35.304018240999255,0.636491392334967,0.9993914064084879,0.8942902619035776,0.10510114450491029,0.9983055308082833,1.0159387540430467
418,1.7949524711132934e-09,3.3018014083303347e-12,3.4011442103967075e-08,543.6282347523046,0.05277495925125537,-271.8141173761523,22.447886018289836,35.25471463704518,0.6367342992106337,0.9993998699479505,0.8945562774593028,0.10484359248864779,0.9983084022003708,1.0159058512792594
419,1.7954780377165285e-09,3.2148478673226344e-12,3.4011442103967075e-08,558.4954908649612,0.052790411892211564,-279.2477454324806,22.427753645762746,35.20869749462053,0.6369946985170195,0.9994061199463229,0.8948049753112044,0.10460114463511859,0.9983155943561983,1.0158696076184048
420,1.795455372389588e-09,3.199945303869364e-12,3.4011442103967075e-08,561.0893943151244,0.052789745489214855,-280.5446971575622,22.40704937432187,35.161764948211804,0.6372561049573083,0.999416536610277,0.8950286731696163,0.10438786344066056,0.9983218053330645,1.015830615240116
421,1.7943478782097975e-09,3.4103040023958467e-12,3.4011442103967075e-08,526.1548169750296,0.05275718308929058,-263.0774084875148,22.386223595819736,35.11615330184054,0.6374907696580311,0.9994192709845648,0.8952746366472301,0.10414463433733481,0.9983328931861459,1.0157476885021643
422,1.795059563614565e-09,3.618627906004111e-12,3.4011442103967075e-08,496.06083030426,0.05277810797105808,-248.03041515213,22.35477250362836,35.0535073395342,0.6377328318988527,0.9994272136908298,0.8955021105463253,0.10392510314450439,0.9983398547910972,1.0156760510897604
423,1.7943198244199371e-09,3.015795684969528e-12,3.4011442103967075e-08,594.9739345283489,0.05275635825540748,-297.48696726417444,22.34359556710515,35.02266664801312,0.6379752801710983,0.9994313803564113,0.8957452094413517,0.10368617091505966,0.9983456632457538,1.0156314131165207
424,1.7935909097553946e-09,2.8609528364988084e-12,3.4011442103967075e-08,626.9208240253148,0.05273492680118351,-313.4604120126574,22.332272367360037,34.99185161432866,0.6382135079189492,0.9994401043124729,0.8960466416545204,0.10339346265795243,0.9983517185192453,1.0155705122483039
425,1.7940832215762956e-09,2.926976323840258e-12,3.4011442103967075e-08,612.9476371105108,0.05274940168935191,-306.4738185552554,22.323550469801546,34.96494476551779,0.6384551904631318,0.999445052227851,0.896301459296495,0.10314359293135601,0.9983593197674508,1.0155262792176782
426,1.7954334716342432e-09,2.5940821803458424e-12,3.4011442103967075e-08,692.1266740265246,0.05278910156605282,-346.0633370132623,22.317466104933697,34.94219830555912,0.6386966815817969,0.9994540366005114,0.8965182561150374,0.10293578048547383,0.9983693810916954,1.0154652509906972
427,1.7955341239365598e-09,2.8181338010371387e-12,3.4011442103967075e-08,637.1358674580183,0.052792060931962946,-318.56793372900916,22.30810234153967,34.91388049634396,0.6389465170987134,0.9994626303482733,0.8967655216756454,0.10269710867262795,0.9983803742765371,1.0153791375612768
428,1.7941404818091038e-09,3.2186322703346372e-12,3.4011442103967075e-08,557.4232565631268,0.052751085247274364,-278.7116282815634,22.285370007563724,34.86491724747052,0.6391918228109532,0.9994608074320814,0.897019427859524,0.1024413795725574,0.9983894775410499,1.0153148956208533
429,1.7934986459200204e-09,3.4084142758702066e-12,3.4011442103967075e-08,526.1973753064743,0.05273221407188811,-263.09868765323716,22.262756854391665,34.81622237519824,0.6394363126038284,0.9994707032628377,0.8972627871711492,0.10220791609168851,0.9983974383370369,1.0152551690879825
430,1.793222805465936e-09,2.7416675068355667e-12,3.4011442103967075e-08,654.0628289152663,0.05272410384671033,-327.03141445763316,22.25427552859201,34.79039796375741,0.6396671734475474,0.9994742188869221,0.8974910423200411,0.1019831765668811,0.9984036101209146,1.015212829974261
431,1.794028309455286e-09,2.9714268247383417e-12,3.4011442103967075e-08,603.7598821277602,0.05274778717030736,-301.8799410638801,22.242955406640412,34.76040986634421,0.6398933583397279,0.9994786459691026,0.8977243755926105,0.1017542703764921,0.998411588118408,1.0151425901930353
432,1.7949350505374452e-09,3.0897854129865556e-12,3.4011442103967075e-08,580.9254723623279,0.05277444705374857,-290.46273618116396,22.22308124891782,34.717554498271475,0.64011079035029,0.9994920574239434,0.897991432814731,0.10150062460921234,0.9984177124518752,1.0150900896046953
433,1.7947591218943293e-09,2.8563000223232067e-12,3.4011442103967075e-08,628.3510513137692,0.05276927442265054,-314.1755256568846,22.217813921596697,34.696282417292664,0.6403514259649706,0.9994984376306152,0.8982416931662257,0.10125674446438947,0.99842294682698,1.015062395939161
434,1.7944257691069038e-09,3.4465447500879234e-12,3.4011442103967075e-08,520.6448484561608,0.052759473227323196,-260.3224242280804,22.19301237893865,34.64437117479243,0.6405950411675099,0.9995045574206882,0.8984830993533596,0.10102145806732862,0.9984256850221552,1.0150373386326765
435,1.7940854181736977e-09,3.0196144682774713e-12,3.4011442103967075e-08,594.143867378251,0.05274946627342322,-297.0719336891255,22.17796925718111,34.608463028222445,0.6408250270777833,0.9995093751277669,0.8986758076365085,0.10083356749125846,0.9984325567585386,1.0149911555752746
436,1.7943559431595178e-09,3.375555466328986e-12,3.4011442103967075e-08,531.5735324328507,0.05275742021389399,-265.78676621642535,22.155110276773577,34.55931336260834,0.6410749555210906,0.99951093762736,0.8989239846552123,0.10058695297214766,0.9984415346325187,1.014925134285271
437,1.7932837200910309e-09,2.821342759695878e-12,3.4011442103967075e-08,635.6135616376987,0.0527258948505998,-317.80678081884935,22.14448947995661,34.52965218589412,0.6413180579039532,0.9995141928348457,0.8991827085461697,0.10033148428867597,0.9984471897091535,1.0148725359280055
438,1.7931716862416162e-09,2.705843438210754e-12,3.4011442103967075e-08,662.7034147353905,0.05272260084592125,-331.35170736769527,22.137237366597034,34.50537149466554,0.6415591662306667,0.9995240886656019,0.8993910418252495,0.10013304684035239,0.9984576990148575,1.014798461667
439,1.794891433092881e-09,3.679240149636105e-12,3.4011442103967075e-08,487.84296759492713,0.0527731646193128,-243.92148379746357,22.10294342751072,34.43847498583413,0.6418095875790817,0.9995315105386692,0.8996698177943183,0.09986169274435085,0.9984642940849887,1.0147540405140947
440,1.7940496684515543e-09,2.785742405296799e-12,3.4011442103967075e-08,644.0113289155364,0.05274841516473944,-322.0056644577682,22.095436627466817,34.41411791556847,0.6420457058256068,0.9995321615801662,0.8999159114802314,0.09961625009993487,0.9984702733995376,1.014693024020672
441,1.7944921938454517e-09,3.2437909635114218e-12,3.4011442103967075e-08,553.2083337154697,0.05276142623885222,-276.60416685773487,22.081263700126858,34.37954472299955,0.6422791191110431,0.9995372397038438,0.9001817968276571,0.09935544287618675,0.9984742282076646,1.014647267022104
442,1.794290378672319e-09,3.3345785941370687e-12,3.4011442103967075e-08,538.0860963442519,0.052755492495363314,-269.04304817212596,22.058404269072266,34.33082176674424,0.6425247964917611,0.999543099077318,0.900406666560764,0.09913643251655403,0.9984827502360989,1.0145576758755588
443,1.7927598596050849e-09,2.579240296233392e-12,3.4011442103967075e-08,695.072832966805,0.05271049237268238,-347.5364164834025,22.05788368449211,34.316855044791964,0.6427711296883449,0.9995479167843967,0.9006334894183621,0.09891442736603454,0.9984863824304271,1.0145312382401843
444,1.793370892376024e-09,2.8592112318615664e-12,3.4011442103967075e-08,627.2257440764184,0.052728457878792684,-313.6128720382092,22.04503930566124,34.28488649396066,0.6429958375258005,0.9995498699088881,0.900834140407776,0.09871572950111211,0.9984896468238872,1.0145061291874182
445,1.7933415297226305e-09,3.1026399110144347e-12,3.4011442103967075e-08,578.0050476873683,0.05272759456187411,-289.0025238436842,22.028986140665705,34.24746808787387,0.6432296274907864,0.9995561199072605,0.90103700493828,0.09851911496898047,0.9984980769606001,1.0144395090403988
446,1.7943249595531736e-09,2.9978500288769295e-12,3.4011442103967075e-08,598.5372657969061,0.05275650923792745,-299.26863289845306,22.010006694138855,34.20506835162033,0.6434720862967145,0.9995595053230455,0.9012519788406305,0.09830752648241498,0.9985096634581495,1.0143587328918011
447,1.793798125156357e-09,3.0787195527519646e-12,3.4011442103967075e-08,582.6442111471117,0.05274101932146915,-291.32210557355586,21.98686713990919,34.15485951238233,0.643740523422097,0.9995662761546156,0.9015229423117338,0.09804333384288182,0.9985179648397835,1.0142959089981207
448,1.7929634250811733e-09,3.1178194104920823e-12,3.4011442103967075e-08,575.0696846159514,0.05271647757835129,-287.5348423079757,21.971804117563334,34.11847217586173,0.6439855807232784,0.9995727865695868,0.901727108925232,0.09784567764435478,0.9985228569611543,1.0142570831895439
449,1.7925936254156804e-09,2.595679048059494e-12,3.4011442103967075e-08,690.6068093263715,0.05270560477665231,-345.30340466318574,21.97135345254004,34.105533183431774,0.6442166827995396,0.9995738282359822,0.9019436453271757,0.09763018290880654,0.9985316834730252,1.0142046894626453
450,1.7940313609379584e-09,3.3789637850689648e-12,3.4011442103967075e-08,530.9412811304641,0.052747876889604264,-265.47064056523203,21.943596582695633,34.05002655013028,0.6444516731988179,0.9995735678193833,0.9021926035956761,0.09738096422370723,0.9985425917968477,1.0141298067907303
451,1.7940640969442873e-09,3.4690496357885106e-12,3.4011442103967075e-08,517.1629942782582,0.05274883938940739,-258.5814971391291,21.923260994767,34.00490648370496,0.6447087571104645,0.9995798178177557,0.9024509368617352,0.09712888095602058,0.9985477880879491,1.0140880102848702
452,1.7932648213436253e-09,3.2796438836864e-12,3.4011442103967075e-08,546.7864454014904,0.052725339192085004,-273.3932227007452,21.90719422604052,33.966950584520774,0.6449561661865503,0.999589974065111,0.9026259368161623,0.09696403724894863,0.998553059785965,1.0140579753431416
453,1.7938362850141437e-09,2.9497708982746838e-12,3.4011442103967075e-08,608.1273247571042,0.05274214129264786,-304.0636623785521,21.89912171837324,33.941244646811526,0.645206796222497,0.9995932292725965,0.9028790617502443,0.0967141675223522,0.9985573214171068,1.014026820481893
454,1.7935936296731764e-09,3.1006873218731412e-12,3.4011442103967075e-08,578.4503380978309,0.052735006771852604,-289.22516904891546,21.883399761979632,33.90382178173006,0.6454552499379896,0.999601953228658,0.9031482023051557,0.09645375092350236,0.9985630031834548,1.0139776058427998
455,1.7936951908808708e-09,3.023935678499362e-12,3.4011442103967075e-08,593.1657884241102,0.0527379928612805,-296.5828942120551,21.870180593632888,33.87035896045867,0.6457026516655708,0.999606250102539,0.903408749112305,0.09619750099023412,0.9985685664871731,1.0139224936209283
456,1.7933517090510212e-09,2.832426663931434e-12,3.4011442103967075e-08,633.1502707158648,0.05272789385316436,-316.5751353579324,21.865779837639284,33.850997018703744,0.6459419740445976,0.9996148438503011,0.9035991136460642,0.09601573020423693,0.9985733507606395,1.013881626455668
457,1.7933336339969445e-09,2.9976280081505544e-12,3.4011442103967075e-08,598.2508934133481,0.05272736241277376,-299.12544670667404,21.851423948243326,33.81611350237546,0.6461837770537511,0.9996190105158826,0.9038260667119618,0.09579294380392088,0.9985763151837899,1.0138611194546407
458,1.7932243102412362e-09,3.1427305276837065e-12,3.4011442103967075e-08,570.5943587733881,0.05272414808991811,-285.29717938669404,21.839625868254952,33.7854443560679,0.64642115220049,0.99962187509847,0.9040954676834719,0.09552640741499807,0.9985759929236919,1.0138562043815371
459,1.793849538068808e-09,3.4978201223651997e-12,3.4011442103967075e-08,512.8478524664157,0.05274253095723849,-256.42392623320785,21.817325580667656,33.73827011815788,0.6466640258750436,0.9996260417640517,0.9043864832326867,0.09523955853136497,0.9985837771979601,1.013802689936281
460,1.7940591211912587e-09,3.5136260589834916e-12,3.4011442103967075e-08,510.60047115835897,0.05274869309296358,-255.30023557917949,21.794336194211905,33.69050495789888,0.6468984724760598,0.9996274740553452,0.9046212487965498,0.0950062252587955,0.9985890896225113,1.0137495665029
461,1.7938804582586326e-09,3.072687841869729e-12,3.4011442103967075e-08,583.8147415479267,0.05274344006864076,-291.90737077396335,21.77862106812572,33.653383479161,0.6471450658627408,0.9996343750952148,0.904857576860006,0.09477679823520879,0.9985962947481845,1.01369364517089
462,1.793339223562916e-09,3.007809079582511e-12,3.4011442103967075e-08,596.2277445521358,0.052727526756465935,-298.1138722760679,21.763239591866334,33.617251467469536,0.6473830739233993,0.9996420573848809,0.9050825768014122,0.0945594805834686,0.9986022148509447,1.0136476800234566
463,1.7934073264879522e-09,2.9594902781048977e-12,3.4011442103967075e-08,605.9852062215107,0.052729529109815966,-302.99260311075534,21.7499736676069,33.5848826947801,0.6476120183378627,0.9996414063433837,0.9052769777924538,0.09436442855093007,0.9986066815299386,1.0135998319647255
464,1.7938084805659935e-09,3.073424768064744e-12,3.4011442103967075e-08,583.65133879477,0.05274132378987731,-291.825669397385,21.7345633249928,33.54843813721413,0.6478561903865026,0.9996511719658406,0.9054782798233646,0.09417289214247601,0.9986160311733082,1.0135347579678105
465,1.794158176796226e-09,3.0702096404687943e-12,3.4011442103967075e-08,584.3764390376526,0.05275160551298577,-292.1882195188263,21.71769921861672,33.509453404309774,0.648106638940984,0.9996514323824395,0.9057018474734773,0.09394958490896227,0.9986243988685184,1.01348360359317
466,1.79416954700799e-09,3.244982462267912e-12,3.4011442103967075e-08,552.9057761853197,0.05275193981847418,-276.45288809265986,21.703805000105834,33.4753489322161,0.648351867640085,0.999657421964213,0.9058866130503612,0.09377080891385184,0.9986289358622172,1.0134421321663623
467,1.7934587521958456e-09,2.7511259367167705e-12,3.4011442103967075e-08,651.8999106003059,0.05273104112179523,-325.94995530015296,21.698390523341313,33.453910737613924,0.6486055006700522,0.9996563802978177,0.9061466390243128,0.09350974127350488,0.998633839865821,1.0133975970694549
468,1.7927887298656267e-09,3.0563153007519223e-12,3.4011442103967075e-08,586.585006273587,0.05271134121233033,-293.2925031367935,21.684562652668394,33.42025099756389,0.6488449968328799,0.9996585938389079,0.9064242431186866,0.09323435072022117,0.9986414016652221,1.0133339797395917
469,1.7929023155217321e-09,3.2384860040456135e-12,3.4011442103967075e-08,553.6236109348581,0.0527146808430275,-276.81180546742905,21.663802553332594,33.37599278897199,0.6490833902771782,0.9996692709194607,0.906652628475878,0.0930166424435827,0.9986501540055835,1.0132612355574442
470,1.7930189888977007e-09,3.3032114869237327e-12,3.4011442103967075e-08,542.8108360592836,0.05271811125846275,-271.4054180296418,21.64883774128829,33.34094643793854,0.649316832729564,0.9996722657103475,0.9068657794620366,0.09280648624831088,0.9986519304773538,1.0132481191659901
471,1.7936089196651773e-09,2.945715013918212e-12,3.4011442103967075e-08,608.8874555720945,0.052735456326210045,-304.44372778604725,21.639613600060095,33.31488717903644,0.6495478578020498,0.9996733073767429,0.9070385658753735,0.0926347415013694,0.9986597783410148,1.0131864786101832
472,1.7941372655898483e-09,3.1670013392890573e-12,3.4011442103967075e-08,566.5097906124045,0.052750990684413857,-283.25489530620223,21.625952725306878,33.28175347776858,0.6497840547900368,0.9996757813344319,0.9072627845669832,0.09241299676744875,0.9986638934009555,1.0131475528769978
473,1.79436414042341e-09,3.0677755378288664e-12,3.4011442103967075e-08,584.9072457541407,0.052757661228781484,-292.45362287707036,21.608275095421334,33.24214135512676,0.6500265691243986,0.9996833334157986,0.9075204667915451,0.09216286662425348,0.998671527266747,1.0130864579470382
474,1.7934085346484912e-09,2.880615431669738e-12,3.4011442103967075e-08,622.578257038965,0.052729564631995095,-311.2891285194825,21.60186290481378,33.22060127590002,0.6502550247483001,0.9996842448738945,0.907722680280552,0.09196156459334255,0.9986726377946217,1.0130669879394543
475,1.7937379389415277e-09,3.691141431831045e-12,3.4011442103967075e-08,485.95752074764505,0.05273924973420363,-242.97876037382252,21.573311570522307,33.16370116351809,0.650509768621789,0.999687760497979,0.907916951063294,0.09177080943468505,0.9986794853207036,1.0130238864061891
476,1.792655277962179e-09,2.623548370788355e-12,3.4011442103967075e-08,683.2941591328469,0.05270741747681098,-341.64707956642343,21.57245432867233,33.15055273318819,0.6507419198194961,0.9996911459137641,0.9081202062186963,0.09157093969506779,0.998687738768804,1.012964034686967
477,1.792934828197495e-09,3.4238713755879974e-12,3.4011442103967075e-08,523.6571797004453,0.052715636776494344,-261.82858985022267,21.55104886414095,33.10524726701295,0.6509858902523605,0.9996921875801594,0.9083699457369933,0.09132224184316619,0.998690707741007,1.0129374787160987
478,1.7925338233038949e-09,2.9779951107906786e-12,3.4011442103967075e-08,601.92638221893,0.05270384648273455,-300.963191109465,21.540800814333043,33.07812200035777,0.6512099088968853,0.9996959636208428,0.9086066644253478,0.09108929919549501,0.9986968453551203,1.0128836857011405
479,1.7921294135573175e-09,2.7756961900979766e-12,3.4011442103967075e-08,645.6504209468468,0.05269195607993007,-322.8252104734234,21.528231015440795,33.046580281031595,0.651451098188147,0.9996989584117296,0.9087595289688727,0.09093942944285692,0.9987007012913411,1.0128577331571096
480,1.7912641680238707e-09,2.961595279183732e-12,3.4011442103967075e-08,604.8308425577902,0.052666516243218595,-302.4154212788951,21.518380633844437,33.01862056939815,0.6517044098985709,0.9996997396615261,0.908991299741849,0.0907084399196771,0.9987066035551839,1.012816661858909
481,1.7910522743984174e-09,3.2939652009208572e-12,3.4011442103967075e-08,543.7374608261536,0.052660286174384535,-271.8687304130768,21.505439765592318,32.986051016407856,0.6519555722173328,0.999701822994317,0.9091896069818732,0.09051221601244375,0.9987096434280472,1.01279145132286
482,1.7909853760260892e-09,3.5142342105373287e-12,3.4011442103967075e-08,509.6374540592291,0.05265831923713666,-254.81872702961456,21.482849848591506,32.94038541274026,0.6521736032961728,0.9997071615345934,0.9093638256865038,0.09034333584808962,0.9987186636317306,1.012722294733256
483,1.7909702380005542e-09,3.2044615826549264e-12,3.4011442103967075e-08,558.8989575330526,0.05265787415087749,-279.4494787665263,21.464004132107114,32.89987808975366,0.652403758869607,0.9997113282001749,0.9095700756327928,0.09014125256738215,0.9987239670033329,1.0126731240637148
484,1.7904832015346012e-09,3.27956239339848e-12,3.4011442103967075e-08,545.9518639251119,0.05264355436800959,-272.97593196255593,21.451713766204996,32.869845016940076,0.6526259480429392,0.999713802157864,0.9097942943244025,0.0899195078334615,0.9987307843509897,1.0126221286122368
485,1.7909345991535247e-09,2.7975354894703867e-12,3.4011442103967075e-08,640.1829774436835,0.0526568263021294,-320.09148872184176,21.44510706455637,32.84797455544965,0.6528593423121278,0.9997148438242595,0.9099720286531175,0.08974281517114188,0.9987331176933864,1.0126036569161363
486,1.7919290122437028e-09,2.8499158190733297e-12,3.4011442103967075e-08,628.7655937944024,0.05268606390655494,-314.3827968972012,21.436664612481678,32.82314894194057,0.6530959186883639,0.9997195313230387,0.9101958567198289,0.08952367460320974,0.9987411106251114,1.0125518809238871
487,1.7923330541511264e-09,3.3050215756877543e-12,3.4011442103967075e-08,542.3060071183206,0.052697943494200435,-271.1530035591603,21.420975021881645,32.78776182380063,0.653322271187543,0.9997207031977335,0.9103939035432543,0.08932679965447926,0.9987503667222289,1.0124804030266592
488,1.7925901934035477e-09,2.860560156998327e-12,3.4011442103967075e-08,626.6570514233014,0.052705503869077665,-313.3285257116507,21.41312525764267,32.76355082414478,0.6535654628088258,0.9997222656973267,0.9106058826547181,0.08911638304260858,0.9987559543918825,1.012434011974336
489,1.7918103637617101e-09,2.630201602397242e-12,3.4011442103967075e-08,681.2444955278721,0.05268257541930909,-340.62224776393606,21.411139402765055,32.748822351284346,0.6537987587185818,0.9997210938226319,0.9108164294748882,0.08890466434774366,0.9987621570768698,1.0123827649998127
490,1.791795488495434e-09,2.8484541438663104e-12,3.4011442103967075e-08,629.0413670003355,0.0526821380586635,-314.52068350016776,21.405120990243898,32.72764231723832,0.6540379775224255,0.9997239584052192,0.9110251533788664,0.08869880502635286,0.9987672678534261,1.0123347264747204
491,1.7922606064246508e-09,3.000238951137161e-12,3.4011442103967075e-08,597.3726211858365,0.05269581339556321,-298.68631059291823,21.39504275709489,32.70134137138226,0.6542558152008471,0.9997255209048123,0.9112562731103455,0.08846924779446672,0.9987728314913557,1.0122858916734787
492,1.7927372580805447e-09,3.1057878508173867e-12,3.4011442103967075e-08,577.2246348406344,0.05270982784559555,-288.6123174203172,21.3805773914893,32.66780607306055,0.6544846428827297,0.9997286459039985,0.9114828355513449,0.08824581035265355,0.9987755541379945,1.01226211631056
493,1.793945331717229e-09,3.3486908011535575e-12,3.4011442103967075e-08,535.7154297731073,0.05274534746963829,-267.85771488655365,21.365203441957398,32.63243030423762,0.6547230237762257,0.9997316406948852,0.9116552313397835,0.08807640935510173,0.9987803419943726,1.0122268658458387
494,1.7931678338592363e-09,3.2865477706859388e-12,3.4011442103967075e-08,545.6083279401055,0.052722487578675245,-272.80416397005274,21.351565832932728,32.59994344556127,0.6549571433639988,0.9997356771521674,0.9118631739939651,0.0878725031582023,0.998781959388902,1.0122016878958933
495,1.7936267372131686e-09,3.2170088055922264e-12,3.4011442103967075e-08,557.5448640660392,0.0527359801954402,-278.7724320330196,21.334067929490104,32.56169557889213,0.6551890971955328,0.9997399740260484,0.9120814031038013,0.08765857092224716,0.9987870924113614,1.0121670167348829
496,1.7936611075120254e-09,3.4322260430359106e-12,3.4011442103967075e-08,522.5941080283501,0.052736990746499804,-261.29705401417505,21.31725985245635,32.5239903185609,0.6554318717863763,0.9997437500667318,0.9123290592893075,0.08741469077742428,0.9987922101046793,1.012132942443701
497,1.7922636756391977e-09,3.1261837440054823e-12,3.4011442103967075e-08,573.3072085336948,0.05269590363621039,-286.6536042668474,21.301985933668934,32.488835553856816,0.6556709580543933,0.9997497396485053,0.912512132158299,0.08723760749020638,0.9987976915286736,1.0120903448948164
498,1.7926372232474296e-09,3.3448056670188207e-12,3.4011442103967075e-08,535.9465995060881,0.05270688663443463,-267.97329975304405,21.286745567383168,32.454303763627806,0.6558990056425014,0.999751171939799,0.9127245018946609,0.087026670045138,0.9988029664560858,1.0120463616110167
499,1.7925577841906673e-09,3.479076783731972e-12,3.4011442103967075e-08,515.2395004825987,0.05270455097761304,-257.61975024129936,21.264890367151306,32.40981018601532,0.6561251128933487,0.9997546875638834,0.9128712466481128,0.08688344091577059,0.9988100859546981,1.0119889733725134
500,1.792640430871491e-09,3.696940322913581e-12,3.4011442103967075e-08,484.8983955085053,0.052706980944580366,-242.44919775425265,21.242214881468126,32.363457660763686,0.6563641964381771,0.9997537761057874,0.9131117413771507,0.08664203472863678,0.9988147898594123,1.011928583711936
501,1.791895474713268e-09,2.8987411598789604e-12,3.4011442103967075e-08,618.1633253477831,0.05268507784044424,-309.08166267389157,21.232983821498117,32.33826761583696,0.6565900212632209,0.9997582031879679,0.9133179913234397,0.08644021186452816,0.9988216794170697,1.0118832379511964
502,1.792000316019595e-09,3.0792411952177223e-12,3.4011442103967075e-08,581.9616595162137,0.052688160370905804,-290.98082975810684,21.225845558619493,32.31604208746311,0.6568207053689282,0.9997626302701483,0.9135333558506886,0.08622927441945978,0.9988246151211283,1.011865016697193
503,1.7921535815763133e-09,2.8437391298766837e-12,3.4011442103967075e-08,630.2102618161141,0.05269266666488327,-315.10513090805705,21.209876580779323,32.28038779525007,0.6570514801529203,0.9997635417282443,0.9136586162347353,0.08610492549350898,0.9988283511029072,1.0118264898780367
504,1.7924254816076616e-09,3.419568103530623e-12,3.4011442103967075e-08,524.1672127415812,0.05270066103426394,-262.0836063707906,21.194955747994413,32.24649359697102,0.6572793933162798,0.9997677083938259,0.9138983297139767,0.0858693786798493,0.9988327238585699,1.0117910798779723
505,1.7928122950517291e-09,3.440316038267702e-12,3.4011442103967075e-08,521.1184888567568,0.05271203407286916,-260.5592444283784,21.171164971942552,32.19789753577236,0.6575325282783157,0.9997723958926052,0.9141241109051794,0.08564828498742579,0.9988345494490866,1.0117697644870673
506,1.79279077353348e-09,3.451324169561876e-12,3.4011442103967075e-08,519.4501256487488,0.05271140129998692,-259.7250628243744,21.149880256241687,32.15505353645688,0.6577466970242265,0.9997742188087971,0.9142366108758826,0.0855376079329146,0.9988403631192175,1.0117285036176964
507,1.79326367970816e-09,3.143106207537373e-12,3.4011442103967075e-08,570.5386841233036,0.05272530562586744,-285.2693420616518,21.136316676616122,32.122994596488375,0.6579808931925265,0.9997757813083903,0.9144862201858801,0.08528956112251013,0.9988471433877963,1.0116745775132368
508,1.7935240975139098e-09,3.6395116081701395e-12,3.4011442103967075e-08,492.79252015235403,0.0527329623963435,-246.39626007617701,21.113530448291815,32.07703687067195,0.6582132424954728,0.9997751302668931,0.9146781472192325,0.08509698304766067,0.9988498795636491,1.0116566700194356
509,1.7935905099038913e-09,3.285013409349807e-12,3.4011442103967075e-08,545.9918382064965,0.052734915044801586,-272.99591910324824,21.103755578771683,32.051008954000025,0.658442784408442,0.9997807292237685,0.9148875221647078,0.08489320705906066,0.9988531547926117,1.0116257810153897
510,1.7940518271190483e-09,3.3609693417100367e-12,3.4011442103967075e-08,533.7900006568485,0.05274847863360052,-266.89500032842426,21.08871907944873,32.016895167594235,0.6586747081207796,0.999783072973158,0.9150633033689314,0.08471976960422667,0.9988539231520477,1.0116088291736798
511,1.7938079874648972e-09,3.5686067147269594e-12,3.4011442103967075e-08,502.66340083433505,0.052741309291782966,-251.33170041716753,21.06784608136133,31.973935408449552,0.6589068818783522,0.9997825521399604,0.915232313741585,0.08455023839837542,0.9988601595062833,1.0115577544447143
512,1.7938527082210497e-09,3.0395156601429427e-12,3.4011442103967075e-08,590.1771560988399,0.05274262416564265,-295.08857804941994,21.055764773532744,31.944346521811383,0.6591390047423887,0.999782161515062,0.915473199095521,0.08430896241954104,0.9988657359613061,1.0115103076014529
513,1.793320603970373e-09,2.894622736438398e-12,3.4011442103967075e-08,619.5351751354343,0.05272697930562612,-309.76758756771716,21.04917230728252,31.92263478619155,0.6593807951086652,0.9997855469308472,0.9156997615365204,0.08408578539432672,0.9988739973579635,1.0114408345752386
514,1.7935170760413752e-09,3.35851858061723e-12,3.4011442103967075e-08,534.0202928732233,0.05273275595192067,-267.01014643661165,21.027896452043038,31.878844589444284,0.6596191525399823,0.9997903646379259,0.9159186416878538,0.08387172295007214,0.998880024533015,1.011389537354719
515,1.7938130449000028e-09,3.5736347069898917e-12,3.4011442103967075e-08,501.95758435840514,0.05274145798983259,-250.97879217920257,21.00374801299989,31.83075261862012,0.6598570968351302,0.9997967448445977,0.916085438519417,0.08371130632518065,0.9988849625926328,1.011348281042819
516,1.7923743933882898e-09,2.62307680064706e-12,3.4011442103967075e-08,683.3099179353602,0.05269915894507832,-341.6549589676801,20.99953991331164,31.813813472809468,0.6600761625530829,0.9997988281773885,0.9162534072256752,0.0835454209517133,0.9988879318423796,1.0113341913718576
517,1.7934455989057038e-09,3.1192052673417617e-12,3.4011442103967075e-08,574.9687645385736,0.052730654390468125,-287.4843822692868,20.987018793772304,31.78344957960563,0.6603128065507077,0.9998023438014729,0.916396766563342,0.08340557723813093,0.9988942977655624,1.0112771740074609
518,1.7929103365052016e-09,2.679330813134615e-12,3.4011442103967075e-08,669.1634820590265,0.05271491667494092,-334.58174102951324,20.986493916397936,31.77156813444784,0.6605432198873322,0.9998039063010661,0.9166011935934392,0.0832027127076269,0.9988967039756498,1.011250743572403
519,1.7931929488135267e-09,2.992660000739541e-12,3.4011442103967075e-08,599.1970181612331,0.05272322600529689,-299.59850908061657,20.975667210294706,31.744181307386814,0.660772032744587,0.9998044271342638,0.9167704643826916,0.0830339627515722,0.998901238527811,1.0112113970230685
520,1.7942530503735312e-09,3.760934340145795e-12,3.4011442103967075e-08,477.0764092371727,0.05275439497357422,-238.53820461858635,20.950973167885866,31.695964470278494,0.6609981276175309,0.9998076823417494,0.9169836153688502,0.08282406697289922,0.99890511990674,1.0111889615441614
521,1.7942573045078991e-09,3.531369081958036e-12,3.4011442103967075e-08,508.09112920959205,0.05275452005307996,-254.04556460479603,20.931393346836025,31.655730229332402,0.6612197284724414,0.9998106771326362,0.9172047090612737,0.08260596807136249,0.9989069967116038,1.0111793323331055
522,1.794419174402998e-09,3.357949522768141e-12,3.4011442103967075e-08,534.3794366878274,0.05275927933069612,-267.1897183439137,20.917961803510245,31.624821270857023,0.6614412655285616,0.9998131510903252,0.9174229381711099,0.08239021291921539,0.9989106135941306,1.011146354440766
523,1.7946153641101744e-09,2.7965154314286196e-12,3.4011442103967075e-08,641.7326877375328,0.05276504767496617,-320.8663438687664,20.911469070531318,31.604758470382126,0.6616557152344054,0.9998121094239298,0.9175868704200858,0.08222523900384401,0.9989155491624077,1.0111079716254094
524,1.7948280616337393e-09,2.823316886562826e-12,3.4011442103967075e-08,635.7161217630112,0.052771301379908014,-317.8580608815056,20.90480227606855,31.583266406491582,0.6618948783515249,0.9998162760895114,0.9177838755771157,0.0820324005123957,0.9989223070197063,1.0110577244517964
525,1.7958581965441832e-09,3.258020379041472e-12,3.4011442103967075e-08,551.2114681960752,0.05280158927264996,-275.6057340980376,20.890139228234062,31.54964774055008,0.6621354190710795,0.9998164062978109,0.9179834849001342,0.08183292139767671,0.9989286003657396,1.0110025009337809
526,1.7950715031456576e-09,3.0959631791853536e-12,3.4011442103967075e-08,579.8103527891434,0.05277845901559938,-289.9051763945717,20.87878166950399,31.52170477830889,0.6623620713519073,0.9998188802554999,0.9182160369229071,0.08160284333259288,0.9989320690993525,1.0109701625298602
527,1.795734034182684e-09,3.497494297400347e-12,3.4011442103967075e-08,513.4344423427467,0.05279793866703555,-256.71722117137335,20.859300038837937,31.481171457998837,0.6625960557620209,0.9998192708803982,0.9183338754338866,0.08148539544651161,0.9989367219362684,1.01093482481537
528,1.7947073905090261e-09,3.2326697938082386e-12,3.4011442103967075e-08,555.1780741560912,0.052767753423183794,-277.5890370780456,20.845235635180337,31.44950838858747,0.6628159454074246,0.9998261719202677,0.9184720264395765,0.08135414548069128,0.9989420462381856,1.0108946934910246
529,1.7948239814958095e-09,3.4915708498854633e-12,3.4011442103967075e-08,514.0448407497406,0.05277118141622293,-257.0224203748703,20.828845305326524,31.413824935000747,0.6630470930688667,0.9998252604621718,0.9187166878341959,0.08110857262797588,0.9989482630090462,1.0108454692325843
530,1.79384619971913e-09,2.9702442886161588e-12,3.4011442103967075e-08,603.9389442121899,0.05274243280351517,-301.96947210609494,20.81726713673087,31.385643561948168,0.6632735472077317,0.9998311198356459,0.9188912971637248,0.08093982267192118,0.9989535484176161,1.0108087900770768
531,1.7931428562069366e-09,2.7177141077496234e-12,3.4011442103967075e-08,659.7981925669625,0.052721753188988876,-329.89909628348124,20.81335784464396,31.369260704298004,0.6634953255940856,0.9998328125435384,0.9190496304558254,0.080783182087713,0.998957578950654,1.0107650071140866
532,1.7938353878830029e-09,3.0255950719272905e-12,3.4011442103967075e-08,592.8868025093449,0.05274211491531466,-296.44340125467244,20.808676090748058,31.351392236348467,0.6637241476830718,0.9998343750431316,0.9192692918569553,0.08056508318617625,0.9989613564711695,1.0107313612442312
533,1.793322222569595e-09,2.5325666026915165e-12,3.4011442103967075e-08,708.104663728772,0.05272702689547006,-354.052331864386,20.80616635842689,31.33657191743424,0.6639579598319523,0.9998341146265326,0.919441427228795,0.08039268739773765,0.9989625837775612,1.0107209061470954
534,1.7945423257878122e-09,3.1260079964550274e-12,3.4011442103967075e-08,574.0683734087913,0.05276290021170545,-287.03418670439567,20.79867069693501,31.314315902617906,0.6641904859622438,0.9998368490008206,0.9196152553085273,0.08022159369229331,0.9989698410124535,1.0106656408698727
535,1.7941090623039704e-09,2.7331006914494115e-12,3.4011442103967075e-08,656.437235524068,0.05275016145506828,-328.218617762034,20.796544869608784,31.30071468125547,0.6644111829837183,0.9998368490008206,0.919807312550179,0.08002953645064155,0.9989733622655118,1.0106283844288342
536,1.793563964897467e-09,3.0286585586693182e-12,3.4011442103967075e-08,592.1974795618736,0.052734134571972964,-296.0987397809368,20.78971860215667,31.279444991668203,0.6646447405858497,0.9998399740000068,0.9200230677023261,0.07981690629768065,0.9989781703170338,1.0105923020890932
537,1.7933945097979785e-09,2.7508320802331342e-12,3.4011442103967075e-08,651.9461957292527,0.05272915227516325,-325.97309786462637,20.787857549675014,31.265671403185944,0.6648780153032872,0.9998410156664022,0.9201962447405613,0.07964477092584091,0.9989821734733645,1.010570508809029
538,1.7932939008797057e-09,2.9803819626356768e-12,3.4011442103967075e-08,601.6993537612947,0.05272619418482514,-300.84967688064734,20.781277379272268,31.24526434361035,0.6651016663112992,0.999844010457289,0.9203497603255832,0.07949425013170569,0.9989832708694492,1.0105551720977135
539,1.7944036857894418e-09,3.666159574394485e-12,3.4011442103967075e-08,489.4505133715603,0.052758823936493525,-244.72525668578015,20.75976440514625,31.201870865511907,0.6653371682302698,0.9998449219153849,0.92056785922712,0.07927706268826493,0.9989856815260402,1.0105258993166646
540,1.7934495584113074e-09,3.4380430465078405e-12,3.4011442103967075e-08,521.6483720973147,0.05273077080733723,-260.82418604865734,20.746673788214164,31.171776621792862,0.6655595553610414,0.9998451823319837,0.9207752810481039,0.07906990128387988,0.9989894608488895,1.0104913768908055
541,1.7927881136930143e-09,3.706382458965656e-12,3.4011442103967075e-08,483.7029458080614,0.05271132309570327,-241.8514729040307,20.72395737083771,31.127490437019112,0.665776684206808,0.9998479167062717,0.9209170778861776,0.07893083882009405,0.9989939801685509,1.0104556002020664
542,1.7928474829721179e-09,3.216045977186584e-12,3.4011442103967075e-08,557.4694813724371,0.05271306866353077,-278.7347406862186,20.713074546868633,31.100402508762407,0.6660066390148105,0.9998488281643677,0.9210672080554145,0.0787816201089531,0.9989987705043166,1.0104216587694208
543,1.7927202868679067e-09,3.1229605576038757e-12,3.4011442103967075e-08,574.0451260272688,0.052709328860207454,-287.0225630136344,20.70438085108727,31.07635163124169,0.6662423278243748,0.9998506510805596,0.9212474163418186,0.07860323473874095,0.9990066000056148,1.0103626279194713
544,1.7925052880475694e-09,2.9278704067141115e-12,3.4011442103967075e-08,612.2215259039627,0.052703007492837024,-306.11076295198137,20.700136706179645,31.059253236992507,0.6664724534176873,0.9998567708706326,0.9214001506770441,0.0784566201935885,0.9990119587412595,1.0103187411290075
545,1.792901191611796e-09,2.8979431349651885e-12,3.4011442103967075e-08,618.6805979660236,0.05271464779797364,-309.3402989830118,20.69489878957055,31.040405103995376,0.6667083989476285,0.9998588542034234,0.9215979370838705,0.07826091711955284,0.9990147750779149,1.0102953583788143
546,1.793044863804497e-09,3.4176088656833413e-12,3.4011442103967075e-08,524.6489385630683,0.05271887202910921,-262.32446928153416,20.681365819868038,31.008934858159797,0.6669486041512926,0.9998571614955308,0.9217424682962322,0.07811469319929865,0.9990175804781641,1.0102672307899234
547,1.791755723898053e-09,3.3762530030959476e-12,3.4011442103967075e-08,530.6935594740838,0.052680968905139826,-265.3467797370419,20.667090843507953,30.97750015104411,0.6671645788955426,0.9998627604524062,0.9218978067974462,0.07796495365495999,0.9990198750332671,1.01024401943042
548,1.7925440893625204e-09,2.7197053031789347e-12,3.4011442103967075e-08,659.0949715277242,0.05270414832405589,-329.5474857638621,20.663529550408757,30.96100926670305,0.6674049082964264,0.9998617187860107,0.9220457234255929,0.07781599536041788,0.9990240369559591,1.0102137651346557
549,1.7919782418101967e-09,3.273727600141873e-12,3.4011442103967075e-08,547.3815969699306,0.05268751134787023,-273.6907984849653,20.65326646377454,30.934954371780293,0.6676352651295653,0.9998641927436998,0.9222271035866918,0.07763708915700804,0.9990230842902045,1.0102109887001867
550,1.7922880082745036e-09,3.195891275731005e-12,3.4011442103967075e-08,560.81006944285,0.05269661906119094,-280.405034721425,20.640347061723617,30.904718165001054,0.6678704187342623,0.9998683594092814,0.9223937702099557,0.07747458919932573,0.9990288113973945,1.010164058068461
551,1.7924295383292372e-09,3.491564053526733e-12,3.4011442103967075e-08,513.3600618091922,0.05270078030946442,-256.6800309045961,20.62290271408161,30.869265238527046,0.6680723546455767,0.999868229200982,0.9225165566363134,0.0773516725646686,0.9990315160333771,1.010133537021665
552,1.792691958126213e-09,3.344775097201753e-12,3.4011442103967075e-08,535.9678621220253,0.05270849594222629,-267.98393106101264,20.608790417276882,30.8387853343553,0.6682750372245723,0.9998675781594849,0.9226815305516848,0.0771860476078001,0.9990321509610406,1.010123042519061
553,1.7935341194124921e-09,3.572864731560675e-12,3.4011442103967075e-08,501.9876917167957,0.05273325705890299,-250.99384585839786,20.58855052220624,30.79880411932662,0.6684853880182535,0.9998686198258803,0.9228814002913021,0.07698721953457825,0.9990382107712308,1.01007863317791
554,1.7943727883626608e-09,3.1574867134718332e-12,3.4011442103967075e-08,568.2914771127089,0.0527579154943673,-284.14573855635444,20.57560066917751,30.76848474867127,0.6687232353899412,0.9998726562831625,0.9230755408657446,0.07679711541741786,0.9990401360147578,1.0100562292553974
555,1.7937185835305402e-09,3.2968948232456344e-12,3.4011442103967075e-08,544.0630289093392,0.052738680648925555,-272.0315144546696,20.55844842059892,30.73169940067441,0.6689655574383161,0.999872526074863,0.9232504106118722,0.07662211546299076,0.9990452627956772,1.010025927513666
556,1.7930053036949072e-09,3.1151288046264127e-12,3.4011442103967075e-08,575.5798286838211,0.05271770888790899,-287.78991434191056,20.548442048478723,30.70621203480728,0.6691949506889964,0.9998733073246595,0.923425019941401,0.0764482873832585,0.9990497597177792,1.0099834131588628
557,1.7936735707781324e-09,3.3455264068201968e-12,3.4011442103967075e-08,536.1409095804911,0.05273735718982993,-268.07045479024555,20.533138939926133,30.672182071354918,0.6694384798629065,0.9998735677412584,0.9236771032090877,0.07619646453217069,0.9990532149105638,1.009965357688705
558,1.792466278599551e-09,3.0775743503187023e-12,3.4011442103967075e-08,582.4282615345847,0.05270186054211676,-291.2141307672924,20.523750553194965,30.64760778083411,0.6696689248950048,0.9998760416989475,0.9238692906590389,0.07600675103990859,0.9990596391124101,1.0099092016609585
559,1.792133242300829e-09,3.2953274681992033e-12,3.4011442103967075e-08,543.8407137364638,0.05269206865214914,-271.9203568682319,20.509841789164476,30.616876606645814,0.6698868095745774,0.9998795573230319,0.9239994989584638,0.07588005836456814,0.9990619614024149,1.0098886629856054
560,1.7917334565185956e-09,2.964962908376192e-12,3.4011442103967075e-08,604.3021487576943,0.052680314202543294,-302.15107437884717,20.496990484304167,30.5881495797875,0.6700957974211188,0.9998776041985405,0.9241847853685454,0.0756928188299951,0.9990650774375197,1.0098520343824682
561,1.7940322078348512e-09,3.494151183198006e-12,3.4011442103967075e-08,513.438633239925,0.05274790178995663,-256.7193166199625,20.477775114878757,30.549353725679055,0.6703177847479513,0.9998800781562297,0.9243359572041778,0.07554412095205183,0.9990680738123784,1.0098251332473174
562,1.793882456132123e-09,3.3351270128295843e-12,3.4011442103967075e-08,537.8753040683027,0.052743498809857445,-268.93765203415137,20.465794946287023,30.520880990474296,0.6705505962516117,0.9998828125305176,0.9244889519560021,0.07539386057451547,0.9990715723377127,1.0097952685960319
563,1.7933606809189044e-09,3.121651307429757e-12,3.4011442103967075e-08,574.4910319261397,0.05272815764285772,-287.24551596306986,20.456132449028306,30.49534976322692,0.6707951411560955,0.9998843750301106,0.924655618579266,0.07522875645084467,0.9990772520950725,1.0097487910254928
564,1.792673374516686e-09,2.774743855129245e-12,3.4011442103967075e-08,646.0680582111552,0.05270794954935444,-323.0340291055776,20.45389014414608,30.482450983808572,0.6710054304691777,0.9998856771131049,0.9248366081154666,0.07504906899763829,0.9990795380074888,1.0097284062174958
565,1.7935488459952989e-09,3.5395421118768435e-12,3.4011442103967075e-08,506.7177587680314,0.05273369004797654,-253.3588793840157,20.432218710450673,30.44143292620279,0.6711976653655952,0.9998875000292968,0.9249603059999203,0.07492719402937656,0.9990815167769482,1.0097101617276512
566,1.7942692779299093e-09,3.304404400423213e-12,3.4011442103967075e-08,542.993247951161,0.05275487209407762,-271.4966239755805,20.417737277811952,30.409456603846348,0.6714272321205966,0.9998882812790935,0.9250980663807119,0.07479021489838154,0.9990852173375356,1.0096847714191621
567,1.7938173460278132e-09,2.757871695088889e-12,3.4011442103967075e-08,650.4353879921875,0.05274158445103342,-325.2176939960938,20.412382521823808,30.391401958426922,0.671649914332559,0.9998893229454888,0.925250410091039,0.07463891285444978,0.9990858071318175,1.0096721848846306
568,1.7945978981350826e-09,3.25372917605934e-12,3.4011442103967075e-08,551.5510975343552,0.05276453414263671,-275.7755487671776,20.39741469063145,30.358605025262293,0.6718824752869297,0.9998903646118842,0.9254285350446523,0.07446182956723188,0.9990899162064303,1.0096370888782455
569,1.7935883471264985e-09,2.835018465879718e-12,3.4011442103967075e-08,632.6549081471118,0.052734851455101796,-316.3274540735559,20.394223133693544,30.343205211116718,0.672118287827477,0.9998907552367825,0.9256174672871179,0.07427328794966459,0.9990971924488106,1.0095803345630032
570,1.7939465207765681e-09,3.660535916126148e-12,3.4011442103967075e-08,490.0775629255555,0.052745382430206426,-245.03878146277776,20.375555215915284,30.30570931228193,0.6723338828983529,0.9998927083612739,0.9257629099575755,0.07412979840369834,0.9991005025489871,1.0095625722489125
571,1.7934577214079806e-09,3.0946039361724987e-12,3.4011442103967075e-08,579.5435404332175,0.0527310108147044,-289.77177021660873,20.366069974995785,30.28136351225816,0.6725611931824478,0.9998941406525675,0.9259478057427589,0.07394633490980862,0.9991025001037193,1.009548532491589
572,1.7935226908651743e-09,3.148829163514621e-12,3.4011442103967075e-08,569.5839938370307,0.05273292103824021,-284.79199691851534,20.354111543708218,30.253484356606613,0.6727856964767558,0.9998951823189629,0.9261308786117504,0.07376430370721257,0.9991062095786664,1.0095246560202977
573,1.7940008066027414e-09,3.6591509216643444e-12,3.4011442103967075e-08,490.2778936996537,0.05274697853501161,-245.13894684982685,20.33207071852841,30.21076524605254,0.673007471109494,0.9998936198193699,0.9262549671211023,0.07363865269826753,0.9991078778435314,1.0095044406679887
574,1.7938445801805431e-09,3.329717068485366e-12,3.4011442103967075e-08,538.737839667721,0.05274238518605214,-269.3689198338605,20.316639938136234,30.177811706560814,0.6732310525258958,0.9998960937770589,0.9263816597964427,0.07351443398061615,0.9991113082024091,1.0094681363875087
575,1.7933039566843738e-09,3.837100313737278e-12,3.4011442103967075e-08,467.35915406332515,0.052726489844286954,-233.67957703166257,20.29204404224369,30.130976564602083,0.6734612135367299,0.9998971354434543,0.9265134305954608,0.07338370484799353,0.9991158676519305,1.0094259425321304
576,1.7933813509454582e-09,2.970331388946217e-12,3.4011442103967075e-08,603.7647373688143,0.05272876538029181,-301.88236868440714,20.283443616566085,30.108163010691488,0.6736858575318388,0.9998989583596463,0.9266916857573735,0.07320727260227276,0.9991181848698358,1.0094078291881516
577,1.7939384300657058e-09,3.2125027672554374e-12,3.4011442103967075e-08,558.4239330004797,0.05274514454817727,-279.21196650023984,20.270058884776084,30.078421432346087,0.6739070044074131,0.9998998698177423,0.926865904462004,0.0730339653557382,0.999122335617625,1.0093736352325164
578,1.793420344649854e-09,3.5034988352361338e-12,3.4011442103967075e-08,511.89408902114803,0.05272991186812013,-255.94704451057402,20.247992424988055,30.03523628736244,0.6741412729790162,0.9998988281513468,0.9270168158810376,0.0728820122703093,0.9991228104857127,1.009362587994532
579,1.7922622045725701e-09,3.138720917727601e-12,3.4011442103967075e-08,571.0167458501369,0.05269586038410061,-285.50837292506844,20.236491392335118,30.008475229191337,0.6743592014515176,0.9998994791928439,0.9271888210445779,0.0727106581482661,0.9991247057435285,1.009346273585936
580,1.7933647189214303e-09,3.109760493244892e-12,3.4011442103967075e-08,576.6890160245546,0.05272827636768314,-288.3445080122773,20.230367327257035,29.989586642778303,0.6745797322327763,0.9999000000260416,0.9273228053846861,0.07257719464135556,0.9991256637969887,1.009333382884085
581,1.793646810005241e-09,3.1221881407485917e-12,3.4011442103967075e-08,574.483896916983,0.05273657037306369,-287.2419484584915,20.217831700006382,29.96133540863663,0.6747974155443821,0.9999036458584255,0.9275035345042879,0.07240011135413767,0.9991312946288546,1.0092777856841004
582,1.7941751167215204e-09,3.4865917818153077e-12,3.4011442103967075e-08,514.5928256009873,0.05275210357846746,-257.29641280049367,20.196108648327588,29.91947925649803,0.6750153796189925,0.9999041666916233,0.927650018841141,0.07225414785048233,0.9991395408842753,1.0092224007221702
583,1.7947571141598575e-09,3.209359807890681e-12,3.4011442103967075e-08,559.2258960018083,0.052769215391502554,-279.61294800090417,20.187469993355414,29.89643669309219,0.6752466924601717,0.9999057291912163,0.9278066594253491,0.07209906976586725,0.9991444566105254,1.0091919994064007
584,1.7936776875233129e-09,3.1856610295555237e-12,3.4011442103967075e-08,563.0472516950663,0.05273747822983664,-281.52362584753314,20.176306296212662,29.86944412738856,0.6754831529560388,0.9999076823157077,0.9279711125075227,0.07193656980818494,0.9991460926261175,1.0091742122280447
585,1.7942042508466789e-09,3.5639428082280203e-12,3.4011442103967075e-08,503.4323914245837,0.052752960176228575,-251.71619571229186,20.160573277280044,29.835585783789526,0.6757223881367137,0.9999065104410129,0.928125018717443,0.07178149172356986,0.9991499864413306,1.009142484410331
586,1.7938188166220118e-09,3.364052452464327e-12,3.4011442103967075e-08,533.2315241719714,0.0527416276892529,-266.6157620859857,20.14819501712153,29.80714583625356,0.6759518381198333,0.9999050781497192,0.9282724145123921,0.07163266363732718,0.9991516577084784,1.009117685220727
587,1.7938596208103134e-09,3.666509385300784e-12,3.4011442103967075e-08,489.255428610652,0.052742827408693696,-244.627714305326,20.131749765698327,29.772531508550614,0.6761853542724954,0.9999084635655043,0.9284040551031106,0.07150440846239363,0.9991557961080082,1.0090899429183962
588,1.7934794400846984e-09,3.2309118037158462e-12,3.4011442103967075e-08,555.1000921851323,0.05273164938441431,-277.55004609256616,20.124822196067427,29.751469101314054,0.6764312084063963,0.9999082031489054,0.9286058779672193,0.07130232518168615,0.9991585036347416,1.0090587252983652
589,1.794225444152255e-09,4.0195624563901274e-12,3.4011442103967075e-08,446.37332137976176,0.05275358329904446,-223.18666068988088,20.10079813831278,29.706093618302877,0.6766557190787291,0.9999101562733969,0.9287592633439419,0.07115089292945496,0.9991613382359046,1.0090240121077534
590,1.7934405818590773e-09,3.316064849787074e-12,3.4011442103967075e-08,540.8339894119487,0.05273050687991532,-270.41699470597433,20.083207054878518,29.670447671904263,0.6768757680018371,0.9999113281480916,0.9288842633113897,0.07102706483670186,0.9991626211089868,1.009013703084657
591,1.7936525990648575e-09,2.9123483026234563e-12,3.4011442103967075e-08,615.8784639354872,0.052736740582242085,-307.9392319677436,20.077157020799266,29.652133995901643,0.6770897846196912,0.9999119791895887,0.9290449403528801,0.07086703883670864,0.9991674422966543,1.0089740590965424
592,1.7941665092827566e-09,2.938177124410295e-12,3.4011442103967075e-08,610.6393295274374,0.052751850503671704,-305.3196647637187,20.071157736287766,29.63374878801229,0.6773074132425368,0.999913281272583,0.9292144715587314,0.07069880971385163,0.9991717147377364,1.0089383668125425
593,1.7935178873440092e-09,2.5927521422465423e-12,3.4011442103967075e-08,691.7429005728175,0.05273277980573527,-345.87145028640873,20.068701089555795,29.621004451479656,0.6775158864861959,0.9999144531472778,0.9293360861103942,0.07057836703688358,0.9991761302108988,1.0088963343001542
594,1.793983840040795e-09,2.9630897988546573e-12,3.4011442103967075e-08,605.4436287196681,0.05274647968636254,-302.72181435983407,20.06314857838854,29.602995529154192,0.6777404860474192,0.9999151041887749,0.9295399923072937,0.07037511188148128,0.9991805469147909,1.0088575572030727
595,1.7947209245253307e-09,3.713640965627242e-12,3.4011442103967075e-08,483.2779854425691,0.05276815134857206,-241.63899272128455,20.043886616016657,29.564330783168817,0.6779753197534842,0.9999173177298651,0.9297127787206305,0.07020453900923464,0.9991829586681246,1.0088335399342112
596,1.7918697687566836e-09,2.813213324616729e-12,3.4011442103967075e-08,636.9477042772102,0.05268432203724996,-318.4738521386051,20.038725729099472,29.546689418369702,0.6782054478374501,0.9999190104377577,0.9298317891063049,0.07008722133145277,0.9991871103896515,1.0088112887487986
597,1.7923856677117273e-09,3.510059742497284e-12,3.4011442103967075e-08,510.64249591276416,0.05269949043127061,-255.32124795638208,20.01924222333643,29.507987048075787,0.6784346960272196,0.9999197916875543,0.9299855651079257,0.0699342265796285,0.9991882593887981,1.008784509496528
598,1.7928107119957217e-09,3.6269546109942795e-12,3.4011442103967075e-08,494.30194316775516,0.05271198752806219,-247.15097158387758,19.999496492447413,29.469549768007408,0.6786495433384317,0.9999205729373508,0.9301202004895311,0.06980037244781967,0.9991899933944318,1.0087697257300416
599,1.7927131216493596e-09,3.6894147145596474e-12,3.4011442103967075e-08,485.9071859215833,0.05270911818938306,-242.95359296079164,19.98281264361754,29.43525175793847,0.6788735088100044,0.999921875020345,0.9302351744179234,0.06968670060242171,0.999188776084869,1.0087759765248896
600,1.7919363442003946e-09,3.2627852160133577e-12,3.4011442103967075e-08,549.2045064461449,0.0526862794797926,-274.60225322307247,19.97523027982922,29.414827696906308,0.6790871082318155,0.999921875020345,0.930384913962262,0.06953696105808306,0.9991948270956009,1.008728240781076
601,1.792100303280135e-09,3.807846927125352e-12,3.4011442103967075e-08,470.6334938292912,0.052691100183344046,-235.3167469146456,19.951028892504535,29.369720525800393,0.6793060517882072,0.999923697936537,0.9305397316302783,0.06938396630625877,0.9992002139631194,1.0086931129959944
602,1.7915480530831343e-09,2.7038117471274834e-12,3.4011442103967075e-08,662.6008837288565,0.05267486299483223,-331.30044186442825,19.9493768505409,29.357921519168922,0.6795227937888989,0.9999252604361301,0.9307126482519145,0.06921261218421558,0.9992029310837476,1.0086687899655111
603,1.7927619816694315e-09,3.2016519769769266e-12,3.4011442103967075e-08,559.9490496035108,0.05271055476534248,-279.9745248017554,19.93696362364351,29.330080477731713,0.6797445932267475,0.9999248698112319,0.9309165544488139,0.06900831536241787,0.9992036897221059,1.0086499731803276
604,1.7938846869335139e-09,3.861735061083153e-12,3.4011442103967075e-08,464.5281611914513,0.05274356439958999,-232.26408059572566,19.918688146433528,29.293698825769745,0.6799649393852238,0.9999252604361301,0.9310685075342429,0.06885675290188727,0.9992071483733705,1.0086187893199734
605,1.7933895197445928e-09,2.8880757032798954e-12,3.4011442103967075e-08,620.9634732593393,0.052729005558262196,-310.4817366296696,19.915959466633574,29.279331355126764,0.6802054058227774,0.999924609394633,0.931194809584685,0.06872979980994796,0.9992120458580969,1.0085764404322735
606,1.7934823573234837e-09,3.699889503023822e-12,3.4011442103967075e-08,484.73943772042867,0.0527317351566899,-242.36971886021433,19.898374920110218,29.24409933741688,0.6804235853025875,0.9999277343938192,0.9313200699687317,0.0686076644250874,0.9992126297275192,1.008565723908387
607,1.792765708411736e-09,2.750496573937094e-12,3.4011442103967075e-08,651.7971065295856,0.05271066433853532,-325.8985532647928,19.893113025362407,29.226298880742796,0.6806579617397254,0.9999272135606214,0.9314763199280417,0.06845089363257978,0.999218108449174,1.0085113620229291
608,1.792360985210269e-09,3.1436094546322226e-12,3.4011442103967075e-08,570.1601967665417,0.05269876471957092,-285.08009838327087,19.884823570501144,29.20442471887298,0.6808839332366933,0.9999286458519151,0.9316162938499235,0.06831235200199166,0.9992218067785986,1.0084839808798267
609,1.7924104245501965e-09,3.2360417055625753e-12,3.4011442103967075e-08,553.8897788211885,0.05270021832861744,-276.94488941059427,19.871679615426427,29.17593721903443,0.6810982442909189,0.9999290364768134,0.9317423354837668,0.06818670099304662,0.9992249100817534,1.0084557468013766
610,1.7932414374659943e-09,2.951390939779816e-12,3.4011442103967075e-08,607.5919707200078,0.05272465166235429,-303.7959853600039,19.86535073054361,29.157350211441173,0.681315365987838,0.9999290364768134,0.9319070489825393,0.06802198749427409,0.9992277774708341,1.0084378029890053
611,1.7925484477205275e-09,3.0074392590884264e-12,3.4011442103967075e-08,596.0381219017073,0.05270427646793153,-298.01906095085366,19.861205519691335,29.141771635550114,0.681537339873414,0.9999303385598076,0.9320812676871699,0.06784907087263779,0.9992303543075459,1.008419334478731
612,1.7936321502583992e-09,3.3203247848610908e-12,3.4011442103967075e-08,540.197801864566,0.05273613934909249,-270.098900932283,19.849970115356328,29.117066413340815,0.6817297399940503,0.9999308593930054,0.9321669447481915,0.06776391464481389,0.9992325639462142,1.0084023743540593
613,1.793978085636638e-09,2.803037891415098e-12,3.4011442103967075e-08,640.0120708789128,0.05274631049611946,-320.0060354394564,19.848895331387368,29.105836631244568,0.6819558421516031,0.9999305989764066,0.9323648613633173,0.06756573761308916,0.9992367253293584,1.0083765175564106
614,1.7938847565244573e-09,2.9664548638958977e-12,3.4011442103967075e-08,604.7234287490613,0.05274356644569386,-302.36171437453066,19.839140413311824,29.081999494093786,0.6821793810064856,0.9999312500179036,0.9324906425805618,0.06744060743734182,0.9992385333868367,1.0083544600583423
615,1.79375890244314e-09,3.0609047759786023e-12,3.4011442103967075e-08,586.022445559306,0.05273986610035324,-293.011222779653,19.83057043923469,29.0604045935776,0.6823914090864819,0.9999322916842991,0.9326394706668045,0.06729282101749452,0.9992415366298988,1.0083242317508607
616,1.793795633341161e-09,3.3582015492254694e-12,3.4011442103967075e-08,534.1536554751693,0.052740946057442645,-267.07682773758467,19.81923861392514,29.03523218085524,0.6825927373500811,0.9999324218925985,0.9327763195895001,0.06715610230309836,0.9992428978862573,1.008317123348328
617,1.7938659369393757e-09,3.725966918454952e-12,3.4011442103967075e-08,481.4497756419261,0.05274301311469943,-240.72488782096306,19.802244607858412,29.000823736866714,0.6828166257458821,0.9999326823091973,0.9329112153877043,0.067021466921493,0.9992459666540849,1.0082848706168028
618,1.7937419444856268e-09,3.882122507833989e-12,3.4011442103967075e-08,462.05186489244414,0.0527393675046906,-231.02593244622207,19.780039251603647,28.958715781545894,0.6830426943244696,0.9999335937672933,0.933062517431636,0.0668710763356572,0.9992495606206594,1.008259293240991
619,1.7925304958185604e-09,3.3073064748694024e-12,3.4011442103967075e-08,541.9910460186013,0.052703748648443245,-270.99552300930065,19.768378745179106,28.931621598984794,0.6832793204330024,0.9999324218925985,0.9332000173958288,0.06673240449676966,0.9992486328128352,1.008265412802742
620,1.7922774047253513e-09,2.994147581292942e-12,3.4011442103967075e-08,598.5935415886896,0.052696307297017,-299.2967707943448,19.759768260798833,28.90976386443128,0.6834980857491536,0.9999334635589938,0.9333531423559525,0.06658032120304136,0.9992488758102005,1.008252775978962
621,1.7926500926571291e-09,2.974842432091057e-12,3.4011442103967075e-08,602.6033760037002,0.052707265019145876,-301.3016880018501,19.752670534664986,28.889445567326987,0.6837331124486725,0.9999345052253893,0.9335177256464257,0.06641677957896365,0.9992526805081398,1.0082211501554326
622,1.7917851363717176e-09,2.8477596505381527e-12,3.4011442103967075e-08,629.1911383859648,0.05268183368686754,-314.5955691929824,19.746769152143795,28.87159949534242,0.6839513396315072,0.9999372395996772,0.9336497568620424,0.0662874827376347,0.9992563156659339,1.008193046269001
623,1.7917983739897245e-09,2.7505866226106306e-12,3.4011442103967075e-08,651.4240850517541,0.05268222289759158,-325.71204252587705,19.743403206987445,28.857975454162325,0.6841575992864655,0.9999371093913778,0.9337276214250986,0.06620948796627918,0.9992588048243481,1.0081672193914706
624,1.7921643102528583e-09,3.3999870654471866e-12,3.4011442103967075e-08,527.1091553453136,0.05269298210803656,-263.5545776726568,19.73086763221543,28.8298779996538,0.6843895639257428,0.9999378906411743,0.9338823088848154,0.06605558175635892,0.9992593356541093,1.0081596011671727
625,1.7920742431012317e-09,3.269977165474338e-12,3.4011442103967075e-08,548.0387637022768,0.05269033396535119,-274.0193818511384,19.72184798291921,28.807376743336928,0.6846110341331522,0.9999412760569594,0.9340491057163787,0.06589217034058065,0.9992646222302418,1.0081118580532005
626,1.7923573252348727e-09,3.8517982601086245e-12,3.4011442103967075e-08,465.3300106076497,0.052698657109450035,-232.66500530382484,19.701026128031703,28.767196389329325,0.6848434536825231,0.9999403645988634,0.9341965015113277,0.06574386308753566,0.9992699007011153,1.0080644906202556
627,1.792858773586258e-09,3.796934018420526e-12,3.4011442103967075e-08,472.1859176083506,0.05271340062870018,-236.0929588041753,19.68204833400405,28.73061639419495,0.6850548579939562,0.999940234390564,0.9343261889775549,0.06561404541300901,0.9992716245215723,1.0080468922770394
628,1.7919189025884318e-09,3.257005890968538e-12,3.4011442103967075e-08,550.1736756317525,0.052685766663784696,-275.08683781587627,19.671030429951504,28.705702126539293,0.6852656083184615,0.9999416666818577,0.9344449389466305,0.06549672773522715,0.9992728207702464,1.0080382186367363
629,1.7928424171761032e-09,3.4054621984918566e-12,3.4011442103967075e-08,526.4608187311788,0.05271291971965479,-263.2304093655894,19.66107388925656,28.68151656251913,0.6854963141994227,0.9999420573067559,0.9345804857863318,0.06536157152042409,0.9992772653928823,1.0080043914616181
630,1.7922630065398422e-09,3.082250774653143e-12,3.4011442103967075e-08,581.4786458254787,0.052695883963438106,-290.73932291273934,19.656647852594734,28.666070401986502,0.6857112808608943,0.999941796890157,0.9347269701231848,0.0652148267669722,0.9992785251262316,1.0079881578056387
631,1.7919457582026425e-09,3.112657195303994e-12,3.4011442103967075e-08,575.6964695328854,0.05268655626906308,-287.8482347664427,19.65050312061632,28.64771405608329,0.6859361651734851,0.999943619806349,0.9348605638383949,0.06508305596795418,0.9992789692032982,1.007981745016323
632,1.7929575196123777e-09,3.3189931600487597e-12,3.4011442103967075e-08,540.2112728626524,0.05271630394652534,-270.1056364313262,19.64297818874505,28.62770067738663,0.6861528423154598,0.9999415364735582,0.9349916835959158,0.06494985287764247,0.9992837448566341,1.0079397114745938
633,1.7930713160745277e-09,3.445226009298376e-12,3.4011442103967075e-08,520.4509983482009,0.05271964977531444,-260.22549917410043,19.630587454757794,28.60047781129627,0.6863727097246027,0.999943619806349,0.9351372564746728,0.06480636333167622,0.9992851398058066,1.00792290591208
634,1.7934716207547717e-09,3.469803633438272e-12,3.4011442103967075e-08,516.8798612899019,0.052731419481492146,-258.43993064495095,19.62047969265936,28.576480029176892,0.6865953984754819,0.999943619806349,0.9353438970458602,0.06459972276048886,0.9992896766192034,1.007881605323238
635,1.793624110809954e-09,3.3054936451236584e-12,3.4011442103967075e-08,542.6191375245722,0.05273590297427425,-271.3095687622861,19.60735171984209,28.548972540820724,0.6867971059836404,0.9999438802229479,0.9354521001426822,0.0644917800802656,0.9992954185951232,1.0078286878932097
636,1.793364060309044e-09,2.9761670372531974e-12,3.4011442103967075e-08,602.5750698335127,0.052728257003247354,-301.28753491675633,19.604023020352773,28.534756777096614,0.6870226080247481,0.9999432291814507,0.9355812667757117,0.06436196240573895,0.999297762164552,1.0078108084217148
637,1.7932856398774624e-09,3.132696028738792e-12,3.4011442103967075e-08,572.441636030493,0.052725951295910935,-286.2208180152465,19.59353007297279,28.51095608757436,0.6872280962023591,0.999943619806349,0.9357539229807492,0.06418969682559979,0.9993019299164494,1.0077688088774284
638,1.7940050472306059e-09,3.0518995978629172e-12,3.4011442103967075e-08,587.8322630557218,0.05274710321740089,-293.9161315278609,19.587656111004005,28.493736579540446,0.6874372568274765,0.9999440104312473,0.9358823083639822,0.06406170206726508,0.9993047770005182,1.0077442438121396
639,1.7928763318217868e-09,2.528814677203175e-12,3.4011442103967075e-08,708.9789330883974,0.05271391687365902,-354.4894665441987,19.590704816411584,28.489279359726808,0.6876518204986791,0.9999437500146484,0.9360191572866778,0.06392459272797064,0.9993063000505563,1.0077251447697246
640,1.7947537194004318e-09,4.009685736952198e-12,3.4011442103967075e-08,447.60458478340547,0.05276911557922717,-223.80229239170274,19.574680177142582,28.45697627806915,0.6878692938373829,0.9999458333474393,0.9361366051727591,0.06380922817468017,0.9993091563474736,1.00770795384555
641,1.7932321298493528e-09,3.26264654264489e-12,3.4011442103967075e-08,549.625007309451,0.05272437800101958,-274.8125036547255,19.568442500395413,28.439054940218508,0.6880834310960778,0.9999445312644449,0.9362798343021265,0.0636646969623185,0.9993116464782736,1.0076908161052134
642,1.7920924835754316e-09,3.1274348121217507e-12,3.4011442103967075e-08,573.0231295723216,0.052690870269402744,-286.5115647861608,19.56243714000103,28.421464055429027,0.6882980096257301,0.9999458333474393,0.9364117353094439,0.0635340980379953,0.9993123379341331,1.0076805735470686
643,1.793038416734611e-09,2.881795076082388e-12,3.4011442103967075e-08,622.1949754915015,0.0527186824731984,-311.09748774575075,19.56031565447698,28.408744054872646,0.6885315175037459,0.9999449218893433,0.9365863446389727,0.0633585772503705,0.9993149211128539,1.00765532417077
644,1.7936279948278567e-09,3.6206963394635644e-12,3.4011442103967075e-08,495.38205545665755,0.0527360171716638,-247.69102772832878,19.545371542929793,28.377690823535097,0.6887583512158008,0.9999462239723375,0.9366916831532075,0.06325454081913,0.999316663089282,1.0076359711629126
645,1.7921304774913783e-09,2.954030835280986e-12,3.4011442103967075e-08,606.6729081116418,0.05269198736158104,-303.3364540558209,19.5424249086314,28.364426046832328,0.6889765679152127,0.9999455729308404,0.9368379070734617,0.06310766585737869,0.9993169470480927,1.007621244494075
646,1.7920876042405282e-09,3.576301041230952e-12,3.4011442103967075e-08,501.10088149170383,0.05269072680783213,-250.55044074585192,19.521831449099526,28.325869037510472,0.6891873793262188,0.9999475260553318,0.9369830893273204,0.06296443672801127,0.9993206965294816,1.0075927732660184
647,1.792395587633463e-09,3.424562932265559e-12,3.4011442103967075e-08,523.393969708036,0.05269978209552011,-261.696984854018,19.51076837876894,28.30097280611656,0.6894027464155636,0.9999475260553318,0.9371242351238971,0.06282329093143466,0.9993229472878152,1.0075732853647457
648,1.7928277563376961e-09,3.3801189779713638e-12,3.4011442103967075e-08,530.4037425965676,0.05271248866358953,-265.2018712982838,19.50260352121546,28.279623192486397,0.6896344901228069,0.9999480468885295,0.9372212403069686,0.06272680658156078,0.9993245049506346,1.0075583917203832
649,1.791458592422326e-09,2.8873339424879854e-12,3.4011442103967075e-08,620.4542419082445,0.052672232684111066,-310.22712095412226,19.500335935583404,28.26700085335392,0.689862219085392,0.9999498698047214,0.937400927760175,0.06254894204454635,0.9993276427429346,1.007533365085453
650,1.791277474899423e-09,2.941247510031274e-12,3.4011442103967075e-08,609.019631564559,0.052666907490243976,-304.5098157822795,19.494540746009083,28.24924724877784,0.6900906269936974,0.9999494791798231,0.9375303548098034,0.062419124370019695,0.9993298436608316,1.0075163135874263
651,1.7913191080909438e-09,3.082508843903138e-12,3.4011442103967075e-08,581.1237530214958,0.052668131583929675,-290.5618765107479,19.492022162398193,28.236396254546978,0.690315505798986,0.9999496093881226,0.937669026648691,0.06228058273943158,0.9993338710649519,1.007490155233412
652,1.7916974036124331e-09,3.330353080550252e-12,3.4011442103967075e-08,537.9902251434563,0.05267925417968239,-268.99511257172816,19.476988307946346,28.205934633726635,0.690528024008719,0.9999498698047214,0.9377993651564154,0.06215050464830608,0.9993374161373417,1.0074545262014725
653,1.7915895428295727e-09,3.3583406404216863e-12,3.4011442103967075e-08,533.4746336525927,0.052676082870964265,-266.73731682629636,19.464680614220086,28.178507722169268,0.690763357880246,0.9999489583466254,0.9379303547056368,0.062018603640988636,0.9993389023194046,1.0074402114502574
654,1.793212291377792e-09,3.9372845466869116e-12,3.4011442103967075e-08,455.4439157532361,0.05272379471285732,-227.72195787661806,19.44487435141804,28.14112936789219,0.6909770427907488,0.9999498698047214,0.9380829588325628,0.0618669109721586,0.9993396754537321,1.007430298529976
655,1.7921041300749043e-09,3.2967335861266167e-12,3.4011442103967075e-08,543.5999249731535,0.05269121269826646,-271.79996248657676,19.435608052125975,28.11899242227236,0.6911914822641906,0.9999490885549248,0.9382086098415079,0.061740478713417,0.9993423450240576,1.0074055444536885
656,1.7918455490902403e-09,2.7581360417975187e-12,3.4011442103967075e-08,649.6581466382157,0.05268360993376522,-324.82907331910786,19.434790521188614,28.109478642805335,0.6913963353127852,0.9999509114711168,0.9383578285526488,0.06159308291846799,0.9993428306227453,1.007396772275008
657,1.793080932547947e-09,3.1794826215503576e-12,3.4011442103967075e-08,563.9536823993135,0.05271993251761598,-281.97684119965675,19.42680741520198,28.089632382968873,0.691600628671122,0.9999502604296197,0.9384578285266072,0.061492431903012526,0.999345355643647,1.0073721546795829
658,1.7945749848332339e-09,3.792972328129457e-12,3.4011442103967075e-08,473.13157850488375,0.052763860448713985,-236.56578925244187,19.409376009268318,28.05567530043305,0.6918163901393857,0.9999500000130208,0.9386134274444199,0.061336572568600894,0.9993466643258831,1.0073564971338387
659,1.7935351262840549e-09,3.014215249678526e-12,3.4011442103967075e-08,595.0255631130989,0.052733286662809804,-297.51278155654944,19.40147935113077,28.035792277081867,0.6920253638414456,0.9999510416794162,0.938707828461503,0.06124321321791323,0.9993510209090414,1.0073303878190087
660,1.7931836351151578e-09,3.403009231683602e-12,3.4011442103967075e-08,526.9405731902759,0.05272295216514803,-263.47028659513796,19.386491207671202,28.005454168365432,0.6922398433934313,0.9999518229292128,0.9388478023833848,0.06110402054582798,0.9993544271422975,1.0072891790034812
661,1.7929738998362167e-09,3.4860643643901375e-12,3.4011442103967075e-08,514.3261031412095,0.05271678555573758,-257.16305157060475,19.368290232688953,27.97091006760657,0.6924440494025823,0.9999532552205065,0.9389685054769517,0.06098474974355476,0.9993554683341719,1.0072771100829503
662,1.7931826200241337e-09,3.1931949855969043e-12,3.4011442103967075e-08,561.5637717434703,0.05272292231957368,-280.78188587173514,19.359190247283454,27.948720276623458,0.6926682172090591,0.9999542968869018,0.9391160314802002,0.060838265406701716,0.9993603057976428,1.0072352745157234
663,1.7917505464559282e-09,2.8923886454461167e-12,3.4011442103967075e-08,619.4708824061132,0.05268081667865943,-309.7354412030566,19.354325879995997,27.93333418635167,0.6928756070033556,0.9999539062620035,0.9391830887544039,0.060770817507599606,0.9993617988698262,1.0072248220373443
664,1.791930784331267e-09,3.0952389778164024e-12,3.4011442103967075e-08,578.931319091691,0.052686116009243174,-289.4656595458455,19.34836474792731,27.916268333716335,0.693085641556146,0.9999546875118002,0.9393248855924777,0.060629801919322414,0.9993646635901025,1.00720374787244
665,1.7920619232142503e-09,2.5986092735713944e-12,3.4011442103967075e-08,689.6234618417,0.052689971737635476,-344.81173092085,19.35034584318977,27.91047133733541,0.693300575590965,0.9999553385532972,0.939444156394751,0.06051118215854631,0.9993641314704859,1.0071978422781234
666,1.7926118874125534e-09,3.5590389870912318e-12,3.4011442103967075e-08,503.67863176391836,0.05270614171351071,-251.83931588195918,19.335805463946443,27.88054487977742,0.6935232273014603,0.9999566406362915,0.9395744949024752,0.060382145733816214,0.9993680056270449,1.0071721945418635
667,1.792007236707127e-09,3.12987859065186e-12,3.4011442103967075e-08,572.5484822508421,0.052688363852061076,-286.27424112542104,19.329204969516752,27.861792616470314,0.6937530989334268,0.999955598969896,0.9397295729870904,0.060226025982805735,0.9993697962971614,1.0071591239203743
668,1.7922244081695048e-09,3.0323754417911293e-12,3.4011442103967075e-08,591.0298518678459,0.052694749099170386,-295.51492593392294,19.321275872153883,27.842007694783874,0.6939613006347123,0.999955598969896,0.9398592604533176,0.06009633851657851,0.9993723774265608,1.0071344273361813
669,1.7920874702330193e-09,3.2862738748634026e-12,3.4011442103967075e-08,545.3250515547824,0.05269072286776077,-272.6625257773912,19.310168115653333,27.816848590077694,0.6941896402506679,0.9999550781366984,0.9399869947950534,0.05996808334164496,0.9993736144584253,1.0071218057300346
670,1.7931558602278852e-09,3.6920700005355324e-12,3.4011442103967075e-08,485.6776442396241,0.052722135531522565,-242.83882211981205,19.29696896702914,27.789546779090493,0.694396678018104,0.9999566406362915,0.9401289218414266,0.0598277187948649,0.9993763950416612,1.007093894682779
671,1.7920382367959725e-09,2.406555623697993e-12,3.4011442103967075e-08,744.648583705814,0.05268927531264398,-372.324291852907,19.299821847984994,27.785638456377395,0.6945970263841562,0.9999582031358846,0.9402319166062717,0.059726286529612885,0.9993759632577551,1.0070913947516797
672,1.7929559101584394e-09,2.8621690480243296e-12,3.4011442103967075e-08,626.4325691719935,0.05271625662556984,-313.21628458599673,19.297945367587705,27.774419956204884,0.6948100229641876,0.999957421886088,0.9404157707250597,0.059541651161028344,0.9993781793605381,1.0070635186610573
673,1.7932899256814013e-09,3.3046590104458803e-12,3.4011442103967075e-08,542.6550576059108,0.05272607730656128,-271.3275288029554,19.286503298978893,27.749825915393956,0.6950134879325454,0.9999575520943875,0.9405069165346571,0.059450635559730326,0.9993792648721641,1.007054224650503
674,1.793691060602636e-09,3.331063352939197e-12,3.4011442103967075e-08,538.4740158183887,0.052737871423376693,-269.23700790919435,19.275134262260725,27.72538592961923,0.695216085041722,0.999957421886088,0.9406759269073107,0.05928149497877735,0.9993807448438251,1.007037365230906
675,1.7929875998049912e-09,3.2554270903996715e-12,3.4011442103967075e-08,550.7687778026276,0.0527171883604388,-275.3843889013138,19.263750918056402,27.701024118135823,0.695416560626163,0.9999589843856812,0.9407817862547432,0.05917719813093799,0.9993833737785094,1.0070177919055594
676,1.7938029492122263e-09,3.2683372660864716e-12,3.4011442103967075e-08,548.8426692757256,0.0527411611577328,-274.4213346378628,19.25585304818577,27.681745141800057,0.6956155744353343,0.9999610677184719,0.9409057445557957,0.05905532316267626,0.9993854858316097,1.0070049457091852
677,1.794804951280055e-09,3.3022485590842497e-12,3.4011442103967075e-08,543.5099506191546,0.05277062189229283,-271.7549753095773,19.25032645407758,27.66508364132074,0.6958347461970139,0.9999601562603759,0.9410291820236505,0.058930974236725456,0.9993871635355578,1.0069900475180973
678,1.7932997854576747e-09,2.7999551667265966e-12,3.4011442103967075e-08,640.474464294443,0.052726367202421714,-320.2372321472215,19.248369728743576,27.654015580680635,0.696042485135167,0.9999589843856812,0.9411263174150215,0.05883266697065964,0.9993888055293787,1.006979346891064
679,1.79334076288571e-09,2.9948315730084195e-12,3.4011442103967075e-08,598.8118928117992,0.05272757201543465,-299.4059464058996,19.24338306892758,27.63860544751921,0.6962501456691561,0.9999597656354777,0.9412588694638361,0.05870089617164162,0.9993906250444723,1.0069548893984845
680,1.7938882447962197e-09,3.452986242780789e-12,3.4011442103967075e-08,519.5179241002564,0.052743669007406825,-259.7589620501282,19.230077378479546,27.611605912857478,0.6964490743193233,0.9999606770935737,0.9413313954866157,0.05862928160695791,0.9993947125223274,1.0069202023126833
681,1.793264069018526e-09,3.084256325620991e-12,3.4011442103967075e-08,581.4251085818771,0.05272531707232022,-290.71255429093856,19.226594784463703,27.59809258419295,0.6966638989926393,0.9999622395931668,0.9414543121212728,0.058507927471893886,0.9993956743303495,1.0069031518097207
682,1.7922250582662375e-09,2.648447634522054e-12,3.4011442103967075e-08,676.7077569912638,0.05269476821323003,-338.3538784956319,19.227380779712902,27.591041606761657,0.696870420977543,0.9999621093848673,0.9416011870830242,0.05836092230184315,0.9993979910293403,1.0068765536318618
683,1.7928605069254393e-09,3.0033991435938834e-12,3.4011442103967075e-08,596.9438030737709,0.0527134515921135,-298.47190153688547,19.22120726844205,27.574258870580632,0.6970706759030767,0.9999621093848673,0.9416954578918079,0.058266651493059506,0.9994017443465835,1.0068451426825247
684,1.7931948057794478e-09,3.4762011742810382e-12,3.4011442103967075e-08,515.8489730245038,0.05272328060356755,-257.9244865122519,19.212930930976825,27.55384476862877,0.6972867522594004,0.9999605468852742,0.9418225411920466,0.05813800569322768,0.9994044020382451,1.0068199435478022
685,1.7932115009078832e-09,2.958074976799714e-12,3.4011442103967075e-08,606.208941616458,0.0527237714715638,-303.104470808229,19.21146627132118,27.54341277823015,0.6974976712582835,0.9999606770935737,0.9419369942872411,0.058023682806332605,0.9994059551771509,1.0068038678511602
686,1.793187496981396e-09,3.167687148803488e-12,3.4011442103967075e-08,566.0873099979984,0.05272306571123721,-283.0436549989992,19.20265752589178,27.522643181260296,0.6977039741214444,0.9999614583433702,0.942052489048831,0.057908969294539245,0.9994100521561344,1.0067797227332287
687,1.792787100615682e-09,3.6088387487565475e-12,3.4011442103967075e-08,496.7767266502002,0.05271129330933522,-248.3883633251001,19.189903557794395,27.49564445573184,0.6979252146168191,0.9999608073018731,0.942176577558183,0.05778422974369017,0.9994094636065409,1.0067766436454602
688,1.7923106054861323e-09,2.9108473688274142e-12,3.4011442103967075e-08,615.7350002889826,0.05269728346147011,-307.8675001444913,19.184811310171373,27.480377225761735,0.6981276549648814,0.9999623698014662,0.9422931139861682,0.057669255815297964,0.9994105072200941,1.0067709240145433
689,1.7924299431886555e-09,3.060353304076647e-12,3.4011442103967075e-08,585.6937958114146,0.05270079221308841,-292.8468979057073,19.17884439253944,27.46343037175317,0.698341180723926,0.9999619791765679,0.9424186347868139,0.057543344389754066,0.9994126053345235,1.0067463298582833
690,1.792012999180991e-09,3.0264059698568453e-12,3.4011442103967075e-08,592.1257812169055,0.05268853327956863,-296.06289060845273,19.174487139382286,27.449035274477588,0.6985486720260414,0.9999606770935737,0.9425224108014555,0.05743826629211815,0.9994164710651967,1.0067042432881768
691,1.7927661433728343e-09,3.2719979237946458e-12,3.4011442103967075e-08,547.911760681591,0.052710677127204994,-273.9558803407955,19.167861636650123,27.430948123895817,0.6987677403666736,0.9999606770935737,0.9426517076427845,0.057308969450789206,0.9994188670919796,1.0066786745450458
692,1.7924827083752724e-09,3.4793680233110442e-12,3.4011442103967075e-08,515.1747950679578,0.05270234360824701,-257.5873975339789,19.155819026438095,27.40533849374369,0.6989812963197348,0.9999614583433702,0.9427674628209732,0.057193995522397,0.9994201670004936,1.0066619344802885
693,1.792771537781947e-09,3.833595113570612e-12,3.4011442103967075e-08,467.6475957087078,0.052710835732920576,-233.8237978543539,19.13600886126017,27.369534492221863,0.6991718791088107,0.9999617187599691,0.9428778794588856,0.05708383930108352,0.9994225308914025,1.006644011324254
694,1.7919215115425515e-09,2.8132911534706542e-12,3.4011442103967075e-08,636.9484755717244,0.05268584337191462,-318.4742377858622,19.13290772498739,27.356483336388003,0.6993920779114876,0.9999619791765679,0.9429906398461876,0.056971339330380386,0.9994231427212813,1.0066377864648297
695,1.793293096725837e-09,4.373003328437448e-12,3.4011442103967075e-08,410.0827193668322,0.05272617054119762,-205.0413596834161,19.1132943907154,27.320117280169917,0.6996051369292118,0.9999626302180651,0.9431113429397544,0.056851287278310604,0.9994268680074899,1.0066114134130157
696,1.791727758121772e-09,3.1926889753602715e-12,3.4011442103967075e-08,561.1970887078309,0.05268014665902055,-280.59854435391543,19.108881011024604,27.30598334565222,0.6998056348725931,0.9999614583433702,0.9432241033270564,0.0567373550163138,0.9994291411964892,1.0065947378601632
697,1.791984846886938e-09,3.020618149945946e-12,3.4011442103967075e-08,593.251036023539,0.05268770554947806,-296.6255180117695,19.100557747267608,27.286251188002975,0.7000066669350902,0.9999625000097656,0.9433537907932836,0.05660870921648198,0.9994289508019109,1.0065892449690763
698,1.7929815612949199e-09,3.4262040748019892e-12,3.4011442103967075e-08,523.3142924793648,0.05271701081695056,-261.6571462396824,19.090479333576713,27.264108613953532,0.7002055194207366,0.9999627604263644,0.9434550928502362,0.05650766757612823,0.999430348065492,1.0065758344723204
699,1.793324664986299e-09,3.07722165451596e-12,3.4011442103967075e-08,582.7739650650499,0.052727098707088534,-291.38698253252494,19.08389685577681,27.246980742622892,0.7004040937983107,0.9999632812595621,0.9435713688616227,0.05639191239793948,0.9994313409910532,1.0065621117301866
700,1.7936067796662224e-09,2.9550111976466455e-12,3.4011442103967075e-08,606.9712294473337,0.05273539340623893,-303.48561472366686,19.079628604033854,27.232727280834442,0.7006139490649367,0.9999632812595621,0.9436730615434735,0.056290219716088614,0.9994349768985937,1.0065257097336626
701,1.7945131371082586e-09,3.13768600961005e-12,3.4011442103967075e-08,571.9224714047407,0.05276204200994311,-285.96123570237035,19.072336975436848,27.214499551936125,0.7008152745575651,0.999963541676161,0.9437907698461537,0.05617277183000734,0.9994374771685384,1.0065028714693196
702,1.7956270387351523e-09,4.031232231030465e-12,3.4011442103967075e-08,445.4288256859252,0.05279479280079428,-222.7144128429626,19.05423529091226,27.180555404789676,0.7010245010502831,0.9999636718844604,0.9438920719031063,0.05607159998135417,0.9994404427523012,1.0064836435800122
703,1.794381328373836e-09,3.5570481277010628e-12,3.4011442103967075e-08,504.4579842481786,0.05275816658666586,-252.2289921240893,19.04035553633371,27.153014509607168,0.7012243715922197,0.9999641927176581,0.9440220197859324,0.0559421729317258,0.999440387776032,1.00647958836273
704,1.7934827764315673e-09,2.9516749764753313e-12,3.4011442103967075e-08,607.6152661541379,0.0527317474792513,-303.80763307706894,19.037542223652714,27.141007589806225,0.7014309310610467,0.9999660156338501,0.9441703270389773,0.055795688594872765,0.9994420058446619,1.0064632289294104
705,1.7936396199934181e-09,3.341232572374748e-12,3.4011442103967075e-08,536.8197457498765,0.052736358973270614,-268.40987287493823,19.030181651445307,27.122405949853032,0.701640617231025,0.9999654948006524,0.9442843895092735,0.05568110529137883,0.9994432312134487,1.0064481743072529
706,1.7937061287681047e-09,3.151145573760695e-12,3.4011442103967075e-08,569.2235051608322,0.05273831445561927,-284.6117525804161,19.021161480504915,27.101542537456286,0.7018479281840249,0.9999657552172513,0.9443853009413279,0.05558045427592337,0.9994455653191303,1.006431124675222
707,1.7931569367358006e-09,3.2868920252392603e-12,3.4011442103967075e-08,545.5478680061821,0.052722167182868374,-272.77393400309103,19.01261969100519,27.081334423270558,0.7020562352595133,0.9999665364670478,0.9444675925865644,0.05549894388048336,0.9994506293222611,1.006393180090278
708,1.7944924959854758e-09,3.999980190515761e-12,3.4011442103967075e-08,448.6253457555479,0.052761435122333944,-224.31267287777396,18.995066043269667,27.048258953876427,0.7022657567594525,0.9999661458421495,0.9445379050682539,0.05542824077389563,0.99945073538988,1.0063932420849455
709,1.7928901153196313e-09,2.9934882081602952e-12,3.4011442103967075e-08,598.9300744302867,0.05271432213427109,-299.46503721514335,18.99072362305876,27.034461473492584,0.7024635442314711,0.999967187508545,0.9446612123278093,0.05530597518073563,0.9994556307821848,1.006361612540468
710,1.7935126431526168e-09,3.3223909916451403e-12,3.4011442103967075e-08,539.825880717467,0.05273262561670158,-269.9129403587335,18.977886035875468,27.008557642125997,0.7026619594922437,0.999967187508545,0.944784910212263,0.05518227729628195,0.9994577066591358,1.0063361818531136
711,1.7934240806660137e-09,3.1460147995181077e-12,3.4011442103967075e-08,570.0621881819254,0.052730021713981653,-285.0310940909627,18.97453698365112,26.996273419473404,0.7028576384903588,0.999967187508545,0.944914858095089,0.055052329413455885,0.999458326778877,1.006332485163222
712,1.7945277453295421e-09,3.524702753806297e-12,3.4011442103967075e-08,509.12881756955153,0.052762471518966535,-254.56440878477576,18.965863481937994,26.97669766938782,0.7030461516963127,0.9999664062587483,0.9449832174522871,0.05498318880646125,0.9994602604893703,1.0063164521870405
713,1.7949586155590119e-09,2.897713905451739e-12,3.4011442103967075e-08,619.4395561901364,0.052775139909449736,-309.7197780950682,18.959525352085446,26.959882479810314,0.7032495548259097,0.9999670573002455,0.9451145976264068,0.05485245967383863,0.9994618073929149,1.0062983807486654
714,1.7950138060040898e-09,3.1172744708147996e-12,3.4011442103967075e-08,575.827962154037,0.05277676261174237,-287.9139810770185,18.954997838404644,26.94649918298161,0.7034308133939678,0.9999666666753472,0.9452349100950755,0.054731756580271726,0.9994625482998188,1.0062993175921062
715,1.795522993445545e-09,3.6088753724775568e-12,3.4011442103967075e-08,497.52978646444274,0.05279173367471285,-248.76489323222137,18.94755940351246,26.92862999494869,0.7036213653300102,0.9999667968836466,0.9453442850665924,0.054622511817054215,0.99946313815694,1.0062859905633663
716,1.7957131808833593e-09,3.2991734843150335e-12,3.4011442103967075e-08,544.2918323090794,0.05279732554103927,-272.1459161545397,18.940294628187157,26.90996915195227,0.7038393288835514,0.9999670573002455,0.9454524881634145,0.054514569136830955,0.9994651710844189,1.0062687047802688
717,1.7951524695892781e-09,3.524246592627855e-12,3.4011442103967075e-08,509.37198133196534,0.05278083958045086,-254.68599066598267,18.933554193973354,26.891599234404193,0.7040694764538367,0.999966276050449,0.9455563943863556,0.054409881664093315,0.9994659883996889,1.006258536131243
718,1.7943552592750328e-09,3.212952712276568e-12,3.4011442103967075e-08,558.4754647707297,0.05275740010641126,-279.23773238536484,18.9256125354635,26.87283669844677,0.7042655283413897,0.9999675781334432,0.9456513162366365,0.0543162618968068,0.999470031049715,1.0062237944105337
719,1.794880502515924e-09,3.000396644467703e-12,3.4011442103967075e-08,598.2144080268266,0.05277284323990985,-299.1072040134133,18.921088992799564,26.858446822268203,0.7044744291435417,0.9999692708413357,0.9457442849624258,0.05422498587890993,0.9994735034523204,1.0061941182806657
720,1.7952203375781576e-09,3.5430714634484666e-12,3.4011442103967075e-08,506.6847666207873,0.05278283502623854,-253.34238331039364,18.908185030594577,26.832623536526732,0.7046714982921901,0.9999694010496352,0.9458718890958622,0.05409751195377293,0.9994749190863632,1.0061735119617898
721,1.7953694075457688e-09,3.4848320796575485e-12,3.4011442103967075e-08,515.1953857478832,0.05278721796205042,-257.5976928739416,18.898138465500693,26.8105806467435,0.7048761350790111,0.999968750008138,0.9459714984449222,0.05399725156321574,0.9994761268112707,1.006158965127321
722,1.7959855060622962e-09,3.8323567724464036e-12,3.4011442103967075e-08,468.6373458167936,0.05280533241055408,-234.3186729083968,18.880923996932594,26.778602483033623,0.705075031786859,0.9999682291749403,0.9461103004921092,0.05385792868283107,0.9994784511677818,1.0061445881641988
723,1.7950091093431848e-09,3.890456167820681e-12,3.4011442103967075e-08,461.3878249523361,0.052776624521128905,-230.69391247616804,18.86415458819718,26.747490258643374,0.7052682104296227,0.9999697916745334,0.9462319150437721,0.053737876630761294,0.9994797469767335,1.0061273540472215
724,1.7957969430347246e-09,4.049855329703934e-12,3.4011442103967075e-08,443.4224921229487,0.05279978830492647,-221.71124606147436,18.847508977819817,26.716137003593712,0.7054728374571725,0.9999699218828328,0.9462976702349817,0.05367225164785113,0.9994811608582558,1.0061030151514974
725,1.794473064114078e-09,3.354770760318395e-12,3.4011442103967075e-08,534.9018434701535,0.05276086378897682,-267.45092173507675,18.838360994400258,26.69565699984967,0.7056713754790279,0.9999701822994317,0.946451576444902,0.05351860585452973,0.9994851762045103,1.0060677023313358
726,1.7931974718948148e-09,2.772183197718565e-12,3.4011442103967075e-08,646.8538851871587,0.05272335899234503,-323.4269425935793,18.838150028129668,26.687638748020202,0.7058754881237727,0.999969661466234,0.9465621232911138,0.05340753817512027,0.9994877752907756,1.0060381553109674
727,1.79312864420202e-09,2.7228072960206306e-12,3.4011442103967075e-08,658.5587774877307,0.052721335329467565,-329.27938874386535,18.83801782847593,26.679238805322566,0.7060927774565182,0.9999703125077312,0.9467060034619783,0.053264309045752856,0.9994879380491357,1.0060337827844839
728,1.7948860168631107e-09,3.749345195430222e-12,3.4011442103967075e-08,478.7198626178123,0.052773005372029086,-239.35993130890614,18.825178449543845,26.654062399281166,0.7062780212464551,0.9999707031326294,0.9468166805164895,0.05315402261613995,0.9994879790818575,1.006030265699094
729,1.7940290230708746e-09,2.842812129246572e-12,3.4011442103967075e-08,631.0754779093843,0.05274780815194014,-315.53773895469214,18.822505608194664,26.642570384068513,0.7064823452413578,0.9999709635492282,0.9469859513057418,0.052985012243486396,0.9994903318227298,1.0060113978245486
730,1.7943117811595776e-09,3.650198288175178e-12,3.4011442103967075e-08,491.56556425229087,0.05275612176851184,-245.78278212614543,18.810798429565107,26.618222001788087,0.7066887648732318,0.9999708333409288,0.947051576288652,0.05291925705227681,0.9994895845633085,1.00602048632372
731,1.7951229856187804e-09,4.392345183844935e-12,3.4011442103967075e-08,408.6935134836967,0.05277997269658255,-204.34675674184834,18.787168738011108,26.57669704168348,0.7069038228695197,0.9999716145907254,0.9471136856474777,0.05285792894324767,0.9994935576559139,1.0059915891672353
732,1.793307841222222e-09,2.701817939906687e-12,3.4011442103967075e-08,663.7411850497067,0.05272660405696387,-331.87059252485335,18.79011256651941,26.573503210841388,0.7070995652110134,0.9999716145907254,0.947241550197513,0.0527300643932124,0.9994938150469201,1.005983152411686
733,1.7936127100975559e-09,3.684453768495688e-12,3.4011442103967075e-08,486.80559529177197,0.05273556777201017,-243.40279764588598,18.777334338827316,26.548512764053527,0.7072838507267223,0.9999720052156237,0.9473283991332294,0.05264360608239425,0.9994956534244369,1.005963184539721
734,1.7942801430800562e-09,3.547033241983443e-12,3.4011442103967075e-08,505.85377149629534,0.05275519154981001,-252.92688574814767,18.767632460680343,26.52704936017731,0.7074903886164782,0.9999717447990248,0.9474130345278556,0.0525587102711692,0.9994962219747008,1.0059548981408624
735,1.794344763451588e-09,3.3171236935020597e-12,3.4011442103967075e-08,540.9339323000057,0.05275709150957456,-270.46696615000286,18.759668628169397,26.50912110471888,0.7076684494390874,0.9999727864654202,0.947522539707672,0.05245024675774824,0.999496168150203,1.005960110998842
736,1.7950028059634566e-09,3.465851075141323e-12,3.4011442103967075e-08,517.9111182352992,0.05277643918997744,-258.9555591176496,18.746706947007453,26.483854189392048,0.7078541821347263,0.9999727864654202,0.9476152480168625,0.05235753844855769,0.9994975898537359,1.005951453304595
737,1.7947657716667739e-09,2.8828918552994226e-12,3.4011442103967075e-08,622.5574394570435,0.052769469938395624,-311.27871972852176,18.743825385322474,26.471709185224245,0.7080700854701419,0.9999720052156237,0.9477020969525789,0.05226990826304472,0.9994989515523252,1.0059303800832262
738,1.7954018671441483e-09,2.9996538299631433e-12,3.4011442103967075e-08,598.53635416531,0.05278817233494294,-299.268177082655,18.744398224642605,26.464881741098477,0.7082743995614992,0.9999725260488214,0.9478145969232821,0.05215792912553929,0.9995013732321139,1.0059144304311773
739,1.794477916247578e-09,3.361156298871268e-12,3.4011442103967075e-08,533.8870783397349,0.05276100645077531,-266.94353916986745,18.731830214669493,26.43953110208203,0.7084781550151781,0.9999725260488214,0.9478963677353209,0.05207615831350044,0.9995011678835168,1.005903072212029
740,1.7946562464903965e-09,4.11126606057879e-12,3.4011442103967075e-08,436.52155322629307,0.05276624969339565,-218.26077661314653,18.71323004796162,26.406035193071535,0.708672464879227,0.9999718750073242,0.9479885552113138,0.05198331979601047,0.9995019758543887,1.0058964994258188
741,1.7944753382367695e-09,3.027658747517989e-12,3.4011442103967075e-08,592.6940543440844,0.05276093065243661,-296.3470271720422,18.710324941090246,26.394680298831382,0.7088672690579488,0.9999713541741265,0.9481014458069151,0.051869908367211365,0.9995042954622849,1.0058761757739534
742,1.7941243818217105e-09,2.9287729038355532e-12,3.4011442103967075e-08,612.5856939853908,0.05275061187753767,-306.2928469926954,18.707251002725997,26.383601815204553,0.7090484132437609,0.9999727864654202,0.948179831203169,0.051792955262251236,0.9995065568214424,1.0058569911806488
743,1.7950138204706315e-09,2.6818214340335393e-12,3.4011442103967075e-08,669.3263756084153,0.05277676303708575,-334.66318780420767,18.70618374914058,26.374303317204472,0.7092579289834045,0.9999727864654202,0.9483015759631312,0.051671210502288935,0.9995088682274011,1.0058324751288141
744,1.795658058861839e-09,3.2188781797318066e-12,3.4011442103967075e-08,557.8521331339887,0.05279570485052718,-278.92606656699434,18.700028484367728,26.358318459269228,0.7094545319066676,0.9999729166737196,0.948400143645796,0.05157277302792369,0.9995102224340493,1.0058184556509975
745,1.7955834731449401e-09,3.3309678223077164e-12,3.4011442103967075e-08,539.0575859423788,0.05279351189097343,-269.5287929711894,18.688551031553317,26.33506300824522,0.7096451990907383,0.9999734375069174,0.9485062634098272,0.051467174097090077,0.9995134289127673,1.005796392272804
746,1.7957020035163292e-09,3.64303635124699e-12,3.4011442103967075e-08,492.91355627062876,0.052796996905546664,-246.45677813531438,18.676898288969205,26.31024761777063,0.7098716272192869,0.9999731770903185,0.9486015758850063,0.05137160120531219,0.9995157370229713,1.0057774887455897
747,1.7946651928571404e-09,3.4264413150674483e-12,3.4011442103967075e-08,523.7694236773506,0.05276651273330782,-261.8847118386753,18.666785007874726,26.289195016887206,0.7100554047350585,0.9999729166737196,0.9487343883504197,0.05123852832329991,0.9995174814929203,1.0057627313890583
748,1.7947019477241211e-09,3.0931123216453287e-12,3.4011442103967075e-08,580.2252750942649,0.052767593395129465,-290.11263754713246,18.662876212863903,26.276280444469315,0.7102556334906261,0.9999726562571207,0.9488483206124165,0.05112433564470426,0.9995198263140384,1.0057458976086282
749,1.7949541343773158e-09,3.3680684121913995e-12,3.4011442103967075e-08,532.9328014478918,0.052775008154327965,-266.4664007239459,18.655092630523114,26.257591040607064,0.7104647414788823,0.9999733072986179,0.9489350393398335,0.051038267958784383,0.9995206438351539,1.0057386184900896
750,1.7937363501918926e-09,2.9792297194106395e-12,3.4011442103967075e-08,602.0805775751778,0.052739203021993364,-301.0402887875889,18.650257666728468,26.243108824502094,0.7106725728056845,0.9999736979235162,0.9490550913919032,0.050918606531612884,0.9995209209745447,1.0057287983500216
751,1.7939249539941116e-09,3.4053620141573443e-12,3.4011442103967075e-08,526.7941988358667,0.05274474832647185,-263.39709941793336,18.64269166658189,26.224386747523905,0.7108914250718227,0.9999740885484144,0.9491343882462531,0.05083970030216138,0.9995225084167417,1.0057156139552825
752,1.7933509950041622e-09,3.8008931443368616e-12,3.4011442103967075e-08,471.8235759077217,0.05272787285885142,-235.91178795386085,18.623227989718266,26.189809831253076,0.7110867971058964,0.9999743489650132,0.9492280080135396,0.05074634095147371,0.9995243952835938,1.0056984909792808
753,1.7935461968024272e-09,3.323722919601031e-12,3.4011442103967075e-08,539.6196494675671,0.05273361215675206,-269.80982473378356,18.61542486435744,26.1722238121452,0.7112664555359245,0.9999740885484144,0.9493007944529182,0.05067329409549633,0.9995262407956952,1.0056746065717803
754,1.7941588596684636e-09,3.2604882843579817e-12,3.4011442103967075e-08,550.2730582642621,0.05275162559070654,-275.13652913213105,18.60951410118779,26.156404673009238,0.7114706449082785,0.9999743489650132,0.949425794420366,0.05054855454464725,0.9995261359257509,1.0056680648199516
755,1.7938423334573553e-09,3.129649981683943e-12,3.4011442103967075e-08,573.1766631909932,0.052742319128189,-286.5883315954966,18.60003121343793,26.135680500977617,0.7116719693884453,0.9999743489650132,0.9495278777271152,0.05044647123789812,0.9995287120972882,1.0056493818864223
756,1.793956000337444e-09,3.0762024959766836e-12,3.4011442103967075e-08,583.1722725287854,0.052745661147023164,-291.5861362643927,18.59569020890066,26.122317463642,0.7118698497858326,0.9999750000065104,0.9496492318621792,0.050325768144331214,0.9995327238548911,1.0056077589789127
757,1.7942285627227224e-09,3.473667286695586e-12,3.4011442103967075e-08,516.5228603196272,0.052753674990847994,-258.2614301598136,18.58534282262653,26.100691171024728,0.7120632438752716,0.9999753906314087,0.9497580860004985,0.05021730463091025,0.9995323071424272,1.0056071125183939
758,1.7942958475373181e-09,3.243067280965976e-12,3.4011442103967075e-08,553.2712374079613,0.05275565329022119,-276.63561870398064,18.578603473684712,26.083542644287764,0.7122730116475717,0.9999753906314087,0.9498591276408522,0.050116262990556514,0.9995350071977165,1.0055821963691713
759,1.7942908931255405e-09,3.5915081222304507e-12,3.4011442103967075e-08,499.59260345796565,0.052755507621250065,-249.79630172898283,18.567856561379482,26.06049715292447,0.7124904967246883,0.9999764322978041,0.94995925782311,0.05001717447469415,0.9995383031467491,1.0055562355777372
760,1.7932467966138927e-09,3.1451163581013424e-12,3.4011442103967075e-08,570.1686654596296,0.05272480923132423,-285.0843327298148,18.561690530308084,26.044808558799904,0.7126829321245497,0.9999756510480076,0.9500552213397861,0.04992042970822143,0.9995408380756834,1.0055310983606214
761,1.794150430418691e-09,3.2376209721852016e-12,3.4011442103967075e-08,554.1570325348325,0.05275137775500035,-277.07851626741626,18.55445249928674,26.027124209464333,0.7128890748728867,0.9999764322978041,0.9501734504756639,0.04980298182214015,0.9995408516416245,1.0055222231571523
762,1.7931379337971885e-09,3.0677049476914374e-12,3.4011442103967075e-08,584.5209902427519,0.052721608460937264,-292.2604951213759,18.550994507950023,26.01491924065861,0.7130906052922413,0.9999770833393012,0.9502612108694763,0.049715872469824875,0.9995432895451589,1.0055055975886955
763,1.7926713783111382e-09,3.1936976416242214e-12,3.4011442103967075e-08,561.3153089218044,0.052707890857178384,-280.6576544609022,18.54353532089562,25.996784495888356,0.7133011132137692,0.9999778645890978,0.9503617316766324,0.04961613291246539,0.9995429092667528,1.0055055713177283
764,1.7939710307282475e-09,4.148913104793278e-12,3.4011442103967075e-08,432.3954215034429,0.05274610306861995,-216.19771075172144,18.522187150317908,25.96003206143484,0.7134886084302534,0.9999773437559001,0.9504748826888326,0.04950246106706743,0.999545127868345,1.0054858214632076
765,1.7936665599146493e-09,3.0995055760733414e-12,3.4011442103967075e-08,578.6944129931151,0.05273715105733306,-289.34720649655753,18.516329921458077,25.9449213916621,0.713678397476612,0.9999770833393012,0.9505514451688944,0.049425638170406724,0.9995471464654719,1.005466736992884
766,1.7944090081042798e-09,3.351803186657782e-12,3.4011442103967075e-08,535.3563166378983,0.052758980422502606,-267.67815831894916,18.51117273814137,25.9302601324948,0.7138830325479026,0.9999765625061036,0.9506423305618931,0.04933423194421043,0.9995472345377725,1.0054569111276914
767,1.7942128790602715e-09,3.4285646903613264e-12,3.4011442103967075e-08,523.3131181990866,0.052753213861843146,-261.6565590995433,18.503570109000396,25.912442220640816,0.7140805158944529,0.9999769531310018,0.9507457159516365,0.04923123717936532,0.9995475329607502,1.0054477172807867
768,1.7947499071891657e-09,3.4831385013868184e-12,3.4011442103967075e-08,515.2680280943703,0.052769003493087024,-257.63401404718513,18.494983583749477,25.89362429023229,0.714267859008298,0.9999768229227024,0.9508539190484586,0.049122903874243784,0.9995489450812873,1.005433752389671
769,1.7953071322154576e-09,4.1120341569668735e-12,3.4011442103967075e-08,436.59830236909204,0.052785386950883036,-218.29915118454602,18.47129837530303,25.8525446045322,0.71448666496314,0.9999765625061036,0.9509773565163134,0.04899920598979011,0.9995505659782636,1.0054121747070657
770,1.7938201323705709e-09,3.473393215494453e-12,3.4011442103967075e-08,516.4460287330908,0.05274166637472102,-258.2230143665454,18.461833197236526,25.832337287589223,0.714679163240341,0.9999770833393012,0.9510724085748936,0.048904674764407616,0.9995523235334252,1.005392234890946
771,1.7936533856070538e-09,3.3220369488978078e-12,3.4011442103967075e-08,539.925778430055,0.052736763708053504,-269.9628892150275,18.454356396482748,25.81438522330716,0.7148865346528095,0.9999769531310018,0.9511652470923836,0.048811706038618216,0.9995547957125372,1.0053730114344315
772,1.7929380068387128e-09,3.1738816263448522e-12,3.4011442103967075e-08,564.9038678558153,0.05271573023449028,-282.45193392790765,18.44658137985394,25.796760609322444,0.7150735574600675,0.9999774739641994,0.9512166793706565,0.04876079459354307,0.999555924905193,1.0053681086484558
773,1.793659269554908e-09,4.044267878967061e-12,3.4011442103967075e-08,443.50654388725184,0.05273693670712353,-221.75327194362592,18.42927103315491,25.765764063075654,0.7152619649873101,0.9999769531310018,0.9512703251900195,0.04870662794098231,0.9995556105337688,1.0053709994661637
774,1.7932782212250698e-09,3.5220883733304695e-12,3.4011442103967075e-08,509.1519664310282,0.052725733173657544,-254.5759832155141,18.421162149277404,25.74732334212936,0.7154593083132476,0.9999776041724989,0.9513815230777284,0.048596081094770545,0.9995561964224933,1.005362967242551
775,1.7929942086795484e-09,3.507415756538293e-12,3.4011442103967075e-08,511.2009334328749,0.05271738267370952,-255.60046671643744,18.41047867777877,25.724741999276233,0.7156720436028765,0.9999778645890978,0.9514584761826885,0.04851938840640927,0.9995579291607574,1.0053440830956615
776,1.7919925912595155e-09,2.7880801561032827e-12,3.4011442103967075e-08,642.7335266300472,0.05268793324851399,-321.3667633150236,18.406250056536514,25.711842413959218,0.7158666329777899,0.9999783854222954,0.9515694136537985,0.048408971768496935,0.9995596029106165,1.0053308732773898
777,1.7922452723380228e-09,3.5341740972500567e-12,3.4011442103967075e-08,507.1185581187328,0.05269536254474127,-253.5592790593664,18.397554143281265,25.6919862606694,0.7160814254149427,0.9999781250056966,0.9516880334145746,0.04829009159112198,0.9995606899237126,1.0053190153718026
778,1.7926771540329708e-09,3.4094559251190106e-12,3.4011442103967075e-08,525.795667521467,0.05270806067420099,-262.8978337607335,18.391076468592022,25.675969283344514,0.7162758400915343,0.9999779947973972,0.951751575064694,0.048226419732703196,0.9995646478989864,1.0052817224193826
779,1.7934843714456707e-09,3.787307922945769e-12,3.4011442103967075e-08,473.55124218436885,0.05273179437564865,-236.77562109218442,18.38243940744118,25.65723381204548,0.7164622477272296,0.9999779947973972,0.9518886844039884,0.04808931039340875,0.9995658278429286,1.0052685426199206
780,1.792967793768729e-09,3.4488699461230966e-12,3.4011442103967075e-08,519.8710945259676,0.05271660602593497,-259.9355472629838,18.37644545346197,25.641833214191045,0.7166588012627674,0.9999774739641994,0.9519905072941387,0.04798696667006076,0.999568148590032,1.005251995816551
781,1.7930474986040603e-09,2.9916182072197858e-12,3.4011442103967075e-08,599.3570617657128,0.0527189494971435,-299.6785308828564,18.371717866710693,25.628308771363972,0.7168525254869139,0.9999779947973972,0.9521080853885194,0.04786990940887776,0.9995693654802236,1.0052380514863133
782,1.7942168319564912e-09,4.126077969530637e-12,3.4011442103967075e-08,434.84801916154595,0.05275333008438401,-217.42400958077297,18.3580488599417,25.602170950981986,0.7170504757229412,0.9999779947973972,0.9521872520345698,0.0477907427628274,0.9995693962865494,1.0052372741088378
783,1.7933264191333466e-09,3.4093205055936644e-12,3.4011442103967075e-08,526.0069905985782,0.05272715028229203,-263.0034952992891,18.35041340204002,25.584178433049843,0.7172563094046753,0.9999781250056966,0.9522401166041363,0.04773800840156031,0.999569668338594,1.0052307275976322
784,1.793228497793437e-09,2.6121341838232146e-12,3.4011442103967075e-08,686.4993800467029,0.05272427121178363,-343.24969002335143,18.35452863968639,25.582532417069125,0.7174633199112032,0.9999777343807983,0.9523466269930659,0.04763110738773245,0.999569991220463,1.0052309518239122
785,1.7943433169902625e-09,3.5002030372400715e-12,3.4011442103967075e-08,512.6397805783037,0.052757048980906676,-256.31989028915183,18.346106903781624,25.56363975455738,0.7176641151231588,0.9999781250056966,0.9524336061370817,0.047544518868614875,0.999571757454557,1.0052139927338017
786,1.7933273660174104e-09,3.860868549323695e-12,3.4011442103967075e-08,464.48806611961606,0.0527271781224542,-232.24403305980803,18.33773332828995,25.544175226197545,0.7178831638096177,0.9999787760471938,0.9525350384023338,0.04744373764485999,0.9995739583964613,1.0051913075044403
787,1.79217979019168e-09,3.113023251558429e-12,3.4011442103967075e-08,575.7039525144845,0.05269343724718574,-287.85197625724226,18.334221429845897,25.53217631356558,0.7180829869212788,0.9999777343807983,0.9526388144169754,0.047338919963822924,0.9995735676949316,1.005193601508876
788,1.7923246469303384e-09,2.934856836405127e-12,3.4011442103967075e-08,610.7025817060762,0.05269769630618758,-305.3512908530381,18.33263069597387,25.52298187833727,0.7182793446064294,0.9999790364637926,0.9527397258490298,0.04723931061476286,0.9995741100537413,1.005184806115946
789,1.7917885699975027e-09,2.9400882238820885e-12,3.4011442103967075e-08,609.4336065982495,0.05268193464188657,-304.71680329912476,18.328240027064187,25.51016821702036,0.7184680191499326,0.9999785156305949,0.9528214966610685,0.04715701896952631,0.9995762239566536,1.0051654755406205
790,1.7926812113187764e-09,3.1540273810608765e-12,3.4011442103967075e-08,568.378455457732,0.05270817996599089,-284.189227728866,18.322658378289315,25.495652854746055,0.718658136846985,0.9999782552139961,0.9528983195577293,0.04707993565626676,0.9995752392632412,1.0051739984753225
791,1.7938091871402362e-09,3.1890537850143027e-12,3.4011442103967075e-08,562.4894743291986,0.05274134456448135,-281.2447371645993,18.31777048827528,25.48182744667164,0.7188562330001921,0.9999790364637926,0.9529781372452768,0.04700089921851583,0.9995780827528713,1.0051479306935587
792,1.7929219448768443e-09,2.880853588993179e-12,3.4011442103967075e-08,622.3578843878169,0.05271525798277513,-311.1789421939084,18.317556224368953,25.474584906086662,0.7190521962142875,0.9999799479218886,0.953105090337216,0.046874857584672504,0.999581583726275,1.0051133880039873
793,1.7943156497934891e-09,3.700587611444404e-12,3.4011442103967075e-08,484.87317101867944,0.05275623551358327,-242.43658550933972,18.303154176425426,25.447341682635304,0.7192560387914738,0.9999794270886908,0.953212642392541,0.04676678469614982,0.9995829417907002,1.0050996454339485
794,1.7945907133700403e-09,3.7487469719625036e-12,3.4011442103967075e-08,478.71748261274496,0.0527643228971088,-239.35874130637248,18.291754337667598,25.424644535449072,0.7194497571898703,0.9999798177135891,0.9532892048726029,0.04669061284098624,0.9995851829241021,1.005075906999776
795,1.7936774691827599e-09,3.372333478992365e-12,3.4011442103967075e-08,531.8802189511522,0.052737471810216076,-265.9401094755761,18.28565843864729,25.409562375082693,0.719636889794635,0.9999803385467868,0.9533769652664152,0.04660337328037154,0.9995872159013889,1.0050574638823315
796,1.7930141236718346e-09,2.9772485731031404e-12,3.4011442103967075e-08,602.2386373345386,0.05271796821172421,-301.1193186672693,18.283603015497004,25.400047394420568,0.719825547235523,0.9999796875052898,0.9535104287733258,0.04646925873196387,0.999587618113276,1.00504465454073
797,1.7930050372896162e-09,3.023518876445183e-12,3.4011442103967075e-08,593.0192965746228,0.052717701055095254,-296.5096482873114,18.282806085904184,25.392486797332616,0.720008490378529,0.9999792968803914,0.9536026162493186,0.04637668063107275,0.9995883361981323,1.0050356412796153
798,1.7932892617174905e-09,3.2980926713348916e-12,3.4011442103967075e-08,543.7352556232639,0.05272605778478068,-271.86762781163196,18.278538610305493,25.379543346584104,0.7202075451355845,0.9999795572969903,0.9536444131134341,0.0463351441835562,0.9995899739229438,1.0050281372364294
799,1.7924264729703206e-09,2.753118996597479e-12,3.4011442103967075e-08,651.053033009304,0.05270069018217998,-325.526516504652,18.28060682741049,25.375413722716573,0.7204062572995737,0.9999795572969903,0.9537578245422332,0.0462217327547571,0.9995931304954577,1.0049986682601857
800,1.7927163024470193e-09,3.1544512026178728e-12,3.4011442103967075e-08,568.3132143427192,0.05270921171078241,-284.1566071713596,18.27373125418541,25.359195706978184,0.7205958526972115,0.9999803385467868,0.9538527463925139,0.046127592154272874,0.999594929797182,1.0049814427157873
801,1.7921980492344614e-09,3.0815765883360905e-12,3.4011442103967075e-08,581.5847822890444,0.052693974097188324,-290.7923911445222,18.270123999560862,25.347319879485582,0.7207911560838223,0.9999802083384874,0.9539539182411672,0.04602629009732029,0.9995942537063002,1.0049816555022304
802,1.7928750720344977e-09,2.5485539563780605e-12,3.4011442103967075e-08,703.4871941979544,0.05271387983355689,-351.7435970989772,18.27289080821938,25.34383299630769,0.7209994956517246,0.9999795572969903,0.9540174598912865,0.0459620974057038,0.9995959573530475,1.0049703461732864
803,1.7933030404133013e-09,3.141876097500008e-12,3.4011442103967075e-08,570.7745896918829,0.05272646290420398,-285.3872948459414,18.269454350700958,25.332409603596126,0.7211889684630503,0.9999796875052898,0.9540984494535288,0.04588123805176093,0.9995975546944323,1.0049598566181883
804,1.7935493944259248e-09,2.9467813830298405e-12,3.4011442103967075e-08,608.6469138005148,0.05273370617286252,-304.3234569002574,18.266508638792935,25.32179169315397,0.7213750456580642,0.9999799479218886,0.9542032671345658,0.045776680787322714,0.9995989499574228,1.0049392152033583
805,1.7947341005202053e-09,3.5512928945350862e-12,3.4011442103967075e-08,505.3748462375591,0.05276853874746077,-252.68742311877955,18.25527678020447,25.298957171816017,0.7215821844444058,0.9999798177135891,0.9542950639856604,0.04568475372792872,0.999600303617851,1.004922158633166
806,1.7939331771348006e-09,3.671895846536458e-12,3.4011442103967075e-08,488.5577511211112,0.05274499010218556,-244.2788755605556,18.244714472147482,25.277930687777403,0.7217645580842311,0.9999799479218886,0.9543842566707665,0.04559569125112207,0.9996007243170437,1.0049201771188954
807,1.7930362575300856e-09,3.145666706881369e-12,3.4011442103967075e-08,570.0019819670316,0.052718618988547586,-285.0009909835158,18.239712118743743,25.26387093409561,0.7219682275263604,0.9999798177135891,0.9544544389441565,0.04552537876943261,0.9996012268441744,1.0049109474820779
808,1.7932355922343014e-09,3.318414455076278e-12,3.4011442103967075e-08,540.3892782262731,0.0527244798016118,-270.19463911313653,18.231453437383802,25.245557511411377,0.722164817677047,0.999980078130188,0.9545754024543223,0.04540467567586571,0.9996029959856094,1.0048944485386668
809,1.7924569504621035e-09,2.7861883052323496e-12,3.4011442103967075e-08,643.3366140744836,0.05270158627743198,-321.6683070372418,18.230186144483604,25.237517979049358,0.7223446521015731,0.9999808593799845,0.9546627722232364,0.045318087156748135,0.9996041679160409,1.004885259530862
810,1.793248541346385e-09,3.0349603650080427e-12,3.4011442103967075e-08,590.8639078196439,0.05272486052972219,-295.43195390982197,18.229933957969397,25.230770768591587,0.7225278262471018,0.9999812500048828,0.9547097774193288,0.045271472585554015,0.9996040476111251,1.0048831978308814
811,1.7932072646440267e-09,3.347202909836801e-12,3.4011442103967075e-08,535.7330621857811,0.05272364691748452,-267.86653109289057,18.225053367597482,25.217200012197974,0.7227231159201547,0.9999815104214816,0.9547989701044348,0.04518254031704679,0.9996051296059307,1.0048674709013714
812,1.792704578418362e-09,2.993690754430081e-12,3.4011442103967075e-08,598.827576216918,0.05270886700241569,-299.413788108459,18.22197005152832,25.206218598952557,0.7229156559122094,0.9999813802131823,0.9548860794567502,0.045095300756432095,0.9996054691404915,1.0048592963873386
813,1.7927870305118103e-09,3.1820195480734256e-12,3.4011442103967075e-08,563.4116960712151,0.0527112912481503,-281.7058480356076,18.216804220345775,25.192627653420526,0.7231006019283737,0.9999812500048828,0.9549609492289195,0.04502030077596334,0.9996076624315264,1.0048457420231545
814,1.7928746580158953e-09,3.0285859803708407e-12,3.4011442103967075e-08,591.9840709942016,0.05271386766063576,-295.9920354971008,18.2134155920697,25.180648673083976,0.7233100238413767,0.9999815104214816,0.9550401158749698,0.04494139454651184,0.9996086996182184,1.0048375287099138
815,1.792873316900075e-09,3.777235136935176e-12,3.4011442103967075e-08,474.65229245823457,0.052713828229322725,-237.32614622911728,18.203905597592207,25.160170385323774,0.7235207599472682,0.9999811197965834,0.9550932408611352,0.0448878789354482,0.9996102005069358,1.0048211291234117
816,1.792184927756167e-09,3.3251845559741064e-12,3.4011442103967075e-08,538.9730697913548,0.05269358830118902,-269.4865348956774,18.19676331858585,25.143161951183778,0.7237261309422987,0.9999815104214816,0.955180220005151,0.04480129041633062,0.9996123622939292,1.0048029975070742
817,1.7919937534257866e-09,3.325346844725969e-12,3.4011442103967075e-08,538.8892759466295,0.052687967418375635,-269.44463797331474,18.187554823381923,25.12397199465698,0.7239123983759336,0.99998190104638,0.9552533970694278,0.04472850397695209,0.9996135940409182,1.0047917036544296
818,1.7927185161824864e-09,3.4431599372162775e-12,3.4011442103967075e-08,520.6608315824741,0.052709276798744875,-260.33041579123704,18.178343686268573,25.104093422669436,0.7241187076627594,0.9999815104214816,0.9553285272581961,0.044652983163285635,0.9996136813339958,1.004789016598366
819,1.7920240734292167e-09,3.2918631678723465e-12,3.4011442103967075e-08,544.3798791270746,0.05268885888317556,-272.1899395635373,18.170814148305567,25.08686944410651,0.7243157297402173,0.9999817708380805,0.9554073032793481,0.04457446755873241,0.9996143394533781,1.004782304830211
820,1.7915902409324437e-09,3.413614115153275e-12,3.4011442103967075e-08,524.8367801678132,0.05267610339649414,-262.4183900839066,18.158823234113587,25.064052943362018,0.7244966835630142,0.9999820312546793,0.9555217563745426,0.04446027488013675,0.9996177486096327,1.004748754147481
821,1.7926032126945245e-09,3.7219197389834796e-12,3.4011442103967075e-08,481.6340325447521,0.052705886660578745,-240.81701627237604,18.145681516247272,25.039687206737238,0.7246768446598227,0.9999816406297811,0.9556255323891842,0.04435610824059681,0.9996189574150872,1.0047367937600462
822,1.792486180657166e-09,3.1300771065942102e-12,3.4011442103967075e-08,572.6651835128571,0.052702445699827925,-286.33259175642854,18.14049144515046,25.025325850612756,0.7248853243086256,0.9999826822961765,0.9557052198684324,0.044277462427744156,0.99961870179065,1.0047388547457086
823,1.793607767161089e-09,3.4855638726671945e-12,3.4011442103967075e-08,514.5818101989332,0.052735422440434644,-257.2909050994666,18.131852704831257,25.006666950195026,0.7250807451046509,0.9999826822961765,0.955782042765093,0.044200639531083455,0.9996198699289167,1.004735801218286
824,1.7928607001766715e-09,3.361288475218978e-12,3.4011442103967075e-08,533.384954428784,0.052713457274061105,-266.692477214392,18.125477145244446,24.990164489425965,0.7253044353875238,0.9999829427127753,0.9558509229554888,0.04413201975728652,0.999621511873909,1.0047176060575975
825,1.7916605434888217e-09,3.246236818288516e-12,3.4011442103967075e-08,551.9192356500419,0.052678170423118974,-275.9596178250209,18.12496994031451,24.982954460406972,0.7254934547088493,0.9999830729210748,0.9559237093948674,0.044059363526207415,0.999622721975074,1.0046985663350134
826,1.7916369933422486e-09,3.702035748595492e-12,3.4011442103967075e-08,483.95993853435203,0.052677478004770434,-241.97996926717602,18.116088942306487,24.964222132942265,0.7256820919887936,0.9999837239625718,0.9560216260360349,0.043962097926537,0.9996247669074612,1.0046747172841297
827,1.7918407980742335e-09,3.4877561816997557e-12,3.4011442103967075e-08,513.7517374282112,0.05268347024501011,-256.8758687141056,18.10712383025572,24.9452469192147,0.7258747082719095,0.9999835937542725,0.9561231885095863,0.04386040524468614,0.9996248927611566,1.0046734551939258
828,1.7909639209470454e-09,2.759689754129725e-12,3.4011442103967075e-08,648.9729210564216,0.052657688417691306,-324.4864605282108,18.108081942322418,24.940242370043656,0.7260587797684149,0.9999837239625718,0.9562198030677597,0.043763920894812264,0.9996248550122996,1.0046744615189667
829,1.7917732627706453e-09,3.6321272379382395e-12,3.4011442103967075e-08,493.31236088186637,0.052681484580792116,-246.65618044093318,18.098148504442232,24.919996654145827,0.7262500374947413,0.9999838541708713,0.9562940217984318,0.04368983237243949,0.9996253348153846,1.0046699377053998
830,1.7929797992434071e-09,3.711253073467105e-12,3.4011442103967075e-08,483.1197883167747,0.05271695900934101,-241.55989415838735,18.08738878637623,24.898187078801794,0.7264540478039766,0.999983463545973,0.9563806103175494,0.04360285322842364,0.9996267193237354,1.004648973308428
831,1.7934114642598278e-09,3.968025166880689e-12,3.4011442103967075e-08,451.96574841022226,0.05272965076804683,-225.98287420511113,18.073459819194596,24.87247671405033,0.7266449588828038,0.9999832031293742,0.9564937613297496,0.04348944179962453,0.9996283432497871,1.0046323994122994
832,1.7927449399617367e-09,3.3723472285940504e-12,3.4011442103967075e-08,531.60152808735,0.05271005370726788,-265.800764043675,18.064933478683923,24.85470948108205,0.7268213491867161,0.999983463545973,0.9565888133883298,0.04339465015764319,0.9996300072618614,1.0046181631628222
833,1.792715694569271e-09,3.13648701684166e-12,3.4011442103967075e-08,571.5680265670212,0.05270919383803987,-285.7840132835106,18.061729091850964,24.843583777256054,0.727017859169989,0.9999841145874702,0.9566451935819809,0.04333892100548932,0.999632658142641,1.0045955962249618
834,1.7936039723103736e-09,3.1639495856541596e-12,3.4011442103967075e-08,566.8876585274472,0.05273531086472716,-283.4438292637236,18.056833708467224,24.82993294223607,0.7272203976738211,0.9999832031293742,0.9567421987650524,0.04324100436432178,0.9996336858266933,1.0045815843916697
835,1.7934936136744e-09,3.794205443857196e-12,3.4011442103967075e-08,472.69280491336053,0.05273206611445646,-236.34640245668027,18.042297303291996,24.803652906668358,0.7274048452129969,0.9999832031293742,0.9567938914599241,0.04318931166945009,0.9996362381369598,1.0045602555253765
836,1.792745663255961e-09,2.7751148540739153e-12,3.4011442103967075e-08,646.0077357245882,0.052710074973470654,-323.0038678622941,18.041767367137833,24.796586190504662,0.7275907751384968,0.999983463545973,0.9568649851914101,0.04311847835456293,0.9996384789513882,1.0045366530297337
837,1.7934656819170883e-09,3.646860326526962e-12,3.4011442103967075e-08,491.7834853371176,0.0527312448685585,-245.8917426685588,18.03458618075971,24.780275332837494,0.7277798950385851,0.9999838541708713,0.9569295685079249,0.04305428566294644,0.9996403325269073,1.0045189563075032
838,1.7923745792876151e-09,3.2512930942911554e-12,3.4011442103967075e-08,551.2805297174807,0.05269916441086612,-275.64026485874035,18.030636036373973,24.768512442783322,0.7279660447120421,0.9999832031293742,0.956983214327288,0.04299998880208625,0.9996392572648397,1.0045195718136497
839,1.7911443851868474e-09,2.971480415856937e-12,3.4011442103967075e-08,602.7784587199792,0.05266299440381357,-301.3892293599896,18.02746670289951,24.75786748703902,0.7281510296610586,0.9999833333376736,0.9571135528350123,0.042869780502661325,0.9996392043261091,1.0045214849867479
840,1.7920649208024515e-09,3.1198476778338765e-12,3.4011442103967075e-08,574.4078255918859,0.05269005987233415,-287.2039127959429,18.01908622560514,24.739562751355233,0.7283510386463097,0.9999839843791707,0.9572131621840724,0.04277082219509839,0.9996409387566805,1.0045035933120734
841,1.7931414004502688e-09,3.3843660505719394e-12,3.4011442103967075e-08,529.830808386474,0.052721710387020546,-264.915404193237,18.014285722493945,24.726411897416607,0.7285442706863611,0.9999837239625718,0.9572647246706446,0.04271899929192727,0.9996430111506645,1.004490472046548
842,1.791258698439917e-09,2.564024102037681e-12,3.4011442103967075e-08,698.61227007046,0.05266635542722211,-349.30613503523,18.01714230462004,24.724272275690875,0.7287228559739918,0.9999833333376736,0.9573372506934243,0.04264608264424931,0.9996445015997336,1.0044742522181662
843,1.7932045149843581e-09,3.662577407085359e-12,3.4011442103967075e-08,489.60180650799447,0.052723566072348335,-244.80090325399723,18.00504009179786,24.701115304150616,0.7289160780838267,0.9999838541708713,0.9574161569228758,0.04256769724799551,0.9996459792044154,1.0044563874347376
844,1.7941714749531089e-09,3.3176467352611903e-12,3.4011442103967075e-08,540.7964193064871,0.05275199650366597,-270.39820965324355,17.998035736232602,24.68493281772912,0.7291101770107359,0.999984375004069,0.9574968860685192,0.04248748893554976,0.9996463499268833,1.0044442695310032
845,1.7944348104980476e-09,3.48543120366615e-12,3.4011442103967075e-08,514.8386829757453,0.05275973906113043,-257.41934148787266,17.98625112070958,24.66220922449726,0.7293041331773159,0.9999839843791707,0.9576109485388155,0.04237303584035525,0.9996463702357544,1.0044420445982343
846,1.793913258679911e-09,3.36674100538225e-12,3.4011442103967075e-08,532.8337569810291,0.05274440446236386,-266.41687849051453,17.978244110308903,24.644751033479846,0.7294958705764767,0.9999837239625718,0.9576707141482516,0.04231300981432036,0.9996463348454335,1.0044405110388783
847,1.7943751063023849e-09,3.663843517837651e-12,3.4011442103967075e-08,489.75211347492257,0.05275798364612978,-244.87605673746128,17.96780673487119,24.62426666147788,0.7296788563039713,0.9999838541708713,0.9577431099627318,0.04224074420813953,0.9996472334948836,1.0044237147779744
848,1.79431123985454e-09,3.270720889333489e-12,3.4011442103967075e-08,548.5980921533744,0.05275610585313149,-274.2990460766872,17.96381731703645,24.612597310332227,0.7298627239757156,0.9999841145874702,0.9578252713996689,0.042158843187801255,0.9996483817495954,1.004413609362876
849,1.7940382131497127e-09,3.2683695862266955e-12,3.4011442103967075e-08,548.9092239476241,0.05274807835744363,-274.45461197381206,17.957568910281534,24.597246168999234,0.7300642025900478,0.9999842447957696,0.9579113390855888,0.042072905710180804,0.9996508815773958,1.004397020909829
850,1.7934115524419993e-09,3.101717865144693e-12,3.4011442103967075e-08,578.1994463762545,0.05272965336076758,-289.09972318812726,17.95391024198575,24.58601817321543,0.7302487989513141,0.9999845052123685,0.9580019640619886,0.04198254115037991,0.9996511440733166,1.0043982278574861
851,1.7932957542791018e-09,3.919240895200131e-12,3.4011442103967075e-08,457.5620132141761,0.05272624867823328,-228.78100660708805,17.93848972059048,24.558610308391174,0.7304358632402447,0.9999841145874702,0.9580549588398545,0.04192915574761569,0.9996515672910031,1.0043897198869232
852,1.793716389267541e-09,3.3364934218814653e-12,3.4011442103967075e-08,537.6052527195019,0.052738616133490054,-268.80262635975095,17.92991948014225,24.54110692219852,0.7306076102021235,0.9999839843791707,0.9581578233964002,0.041826160982770574,0.9996514064151049,1.0043879149847026
853,1.7946677701014055e-09,3.271228852128659e-12,3.4011442103967075e-08,548.6218944705065,0.05276658850910872,-274.31094723525325,17.925004181717824,24.527149274222303,0.7308229742197051,0.9999839843791707,0.9582053494256902,0.041778634953480484,0.9996513906711059,1.0043881651793183
854,1.7930729527905594e-09,2.6201322065108874e-12,3.4011442103967075e-08,684.3444572510004,0.05271969789782646,-342.1722286255002,17.922063930681194,24.51704270425353,0.7310043118524995,0.999984375004069,0.9583060004411457,0.04167837456292329,0.9996527436926624,1.00437652071868
855,1.7947035116244578e-09,3.649589599255986e-12,3.4011442103967075e-08,491.75488443695974,0.052767639376723886,-245.87744221847987,17.909447044704727,24.49261341637567,0.7312182959100044,0.9999845052123685,0.9583851670871961,0.041599338125172365,0.999653211352269,1.0043727907827678
856,1.7939457390358542e-09,3.765528438484825e-12,3.4011442103967075e-08,476.41274480925256,0.05274535944556757,-238.20637240462628,17.89718672079945,24.469724051803073,0.7314012484534201,0.9999835937542725,0.9584662868577378,0.04151730689653466,0.9996549121641776,1.004358621686376
857,1.7930163244347634e-09,3.389225651161275e-12,3.4011442103967075e-08,529.0342128209755,0.05271803291826979,-264.51710641048777,17.89254968841312,24.45710802685464,0.73158893802025,0.9999833333376736,0.9585280055916652,0.0414553277460084,0.9996559294898286,1.0043461503845876
858,1.7926436810959336e-09,2.744660015354176e-12,3.4011442103967075e-08,653.1387024504045,0.05270707650725697,-326.56935122520224,17.892080379280003,24.450196812104892,0.7317765381103978,0.9999837239625718,0.9586269638992282,0.04135676006334373,0.999656163320601,1.004343011195734
859,1.7935781514981018e-09,3.825702461945892e-12,3.4011442103967075e-08,468.82322118323395,0.05273455168456088,-234.41161059161698,17.87954722779664,24.426412782787803,0.7319759715350243,0.999983463545973,0.9586881617999579,0.04129530174601517,0.9996578658760275,1.004328343568601
860,1.7929187428507165e-09,2.9860285497543075e-12,3.4011442103967075e-08,600.4359010560161,0.05271516383721911,-300.21795052800803,17.876617192155827,24.416480984379533,0.7321537122238216,0.9999835937542725,0.9587586044899468,0.04122498926432571,0.9996591401218404,1.004321935160469
861,1.7926010359939456e-09,3.13177407539261e-12,3.4011442103967075e-08,572.3915559806845,0.05270582266151125,-286.19577799034226,17.87244283666107,24.404365120201064,0.7323461499052437,0.9999841145874702,0.9588321721791219,0.04115194240834833,0.9996600887257703,1.0043111747776756
862,1.7931259943964103e-09,3.2294101059947856e-12,3.4011442103967075e-08,555.2487716155383,0.052721257420227444,-277.62438580776916,17.863988000869686,24.38672121815799,0.73252930728418,0.9999838541708713,0.9589230575721204,0.041060796598750886,0.9996600122588973,1.0043107217779081
863,1.7934790285050945e-09,3.0796331495716033e-12,3.4011442103967075e-08,582.3677501180877,0.05273163728320429,-291.1838750590438,17.859576238572366,24.374735328680824,0.7327085196103722,0.9999842447957696,0.9589699325599134,0.041014312235856186,0.9996610945996464,1.00430172157468
864,1.7945328594362129e-09,3.2416548058223e-12,3.4011442103967075e-08,553.5854268668805,0.05276262188326615,-276.79271343344027,17.853313470755268,24.359899492724672,0.7328976655296685,0.9999850260455662,0.9590423283743936,0.04094269767117248,0.9996632502527828,1.0042728415193845
865,1.7948532826456534e-09,3.662782191108827e-12,3.4011442103967075e-08,490.02457394342105,0.052772042924822134,-245.01228697171052,17.845687177106257,24.34282105475035,0.7330985647460027,0.9999842447957696,0.9591506616795152,0.040833583116254395,0.9996669714071134,1.004239694240398
866,1.7934959507883838e-09,3.0472272387070538e-12,3.4011442103967075e-08,588.5665263183223,0.05273213482997804,-294.28326315916115,17.842124650605218,24.331462935652617,0.7332943644938569,0.9999842447957696,0.9592304793670626,0.04075376542870692,0.999667495695372,1.0042310908069356
867,1.794073810297442e-09,3.2404226741248243e-12,3.4011442103967075e-08,553.6542577063612,0.05274912498015432,-276.8271288531806,17.839352519947816,24.321374674807675,0.7334845484053168,0.9999846354206678,0.9593023543483452,0.040682281072322635,0.9996694904244785,1.00421491021736
868,1.7945426772574474e-09,4.1535340163515806e-12,3.4011442103967075e-08,432.051999620736,0.05276291054556998,-216.025999810368,17.827344530908462,24.29898405040224,0.7336662509811126,0.9999839843791707,0.959356521000906,0.04062746337826475,0.9996689847928999,1.0042205591549858
869,1.793726742796816e-09,2.8810357313830296e-12,3.4011442103967075e-08,622.5978814694342,0.05273892054661207,-311.2989407347171,17.82629312031618,24.290474119310232,0.7338799989146686,0.9999847656289673,0.9594721459707953,0.04051261965817196,0.9996689181643883,1.004215002877826
870,1.7936135919647118e-09,3.814313969481619e-12,3.4011442103967075e-08,470.2322898207751,0.05273559370055367,-235.11614491038756,17.812750724931856,24.26553018762253,0.7340763044204104,0.9999847656289673,0.9595296980391411,0.04045506758982615,0.9996699076344331,1.0042039555248103
871,1.7933926303671545e-09,3.717572327140311e-12,3.4011442103967075e-08,482.40961373485794,0.05272909701638245,-241.20480686742897,17.80384498491287,24.247098956496075,0.7342670154832283,0.9999851562538655,0.9596000105208305,0.04038514573303496,0.9996707675279817,1.004197619210116
872,1.7929665989243982e-09,2.816837075541168e-12,3.4011442103967075e-08,636.5176795253361,0.05271657089527726,-318.25883976266806,17.803448775973354,24.24014291818283,0.7344613782214447,0.999984375004069,0.9596600365468655,0.040324338457203526,0.999671705233492,1.0041814486200933
873,1.7931324778001974e-09,3.453541591607193e-12,3.4011442103967075e-08,519.2155444595986,0.05272144804442289,-259.6077722297993,17.797506691675387,24.226262269317374,0.7346369197949275,0.9999845052123685,0.9597240990301825,0.04026040618218589,0.9996725671259248,1.0041773134997476
874,1.794180839366065e-09,3.1989175448390255e-12,3.4011442103967075e-08,560.8712366658863,0.05275227183491854,-280.43561833294314,17.791296111073603,24.21188796691324,0.7348165552139636,0.999984375004069,0.9598086042165093,0.04017577078755969,0.9996737267753477,1.004162034618129
875,1.7938464998628724e-09,3.2231834742947473e-12,3.4011442103967075e-08,556.5449544430222,0.05274244162830247,-278.2724772215111,17.78442811404977,24.196428746382168,0.7350021898049267,0.9999847656289673,0.9598619896192735,0.040122776009693745,0.9996743963812008,1.004153638566089
876,1.794891456186705e-09,3.8684989826528995e-12,3.4011442103967075e-08,463.97619961523753,0.05277316529831441,-231.98809980761877,17.77643120514368,24.178873070319455,0.7352051170228016,0.9999846354206678,0.9599362083499458,0.04004842707072212,0.9996751271803551,1.0041463336210579
877,1.7945704506117343e-09,4.130563896767749e-12,3.4011442103967075e-08,434.46137027828627,0.0527637271341228,-217.23068513914313,17.76124044765373,24.152343871559726,0.7353837185370752,0.9999850260455662,0.9600238385354587,0.03996118751010742,0.9996770184679005,1.0041284967506416
878,1.7943021591519186e-09,3.686504188374575e-12,3.4011442103967075e-08,486.7218555753353,0.052755838863493304,-243.36092778766766,17.752215035701717,24.13381898020434,0.7355742184965792,0.9999851562538655,0.9600989687242268,0.03988618752963866,0.9996793099306788,1.0041087412800724
879,1.794015426835962e-09,3.4653206079159015e-12,3.4011442103967075e-08,517.7054679263606,0.052747408397208456,-258.8527339631803,17.745312163949425,24.117709733749315,0.7357793239843738,0.999985286462165,0.9601490989195055,0.039836187542659496,0.9996810381125866,1.0040881864154432
880,1.7937063236326182e-09,3.6911189877709396e-12,3.4011442103967075e-08,485.95191040314694,0.05273832018500037,-242.97595520157347,17.736192906160813,24.09912987286377,0.7359681863921658,0.9999850260455662,0.9602569113914293,0.03972811465413681,0.9996817979626078,1.0040809688983818
881,1.7929497473693508e-09,3.162013850529866e-12,3.4011442103967075e-08,567.027796879796,0.052716075428046086,-283.513898439898,17.73384643584536,24.089576893439204,0.7361626364087438,0.9999845052123685,0.9603569113653877,0.039627593846980766,0.9996813082032778,1.0040842563879497
882,1.7937807906703263e-09,3.0321196497520086e-12,3.4011442103967075e-08,591.5930101297408,0.052740509655163983,-295.7965050648704,17.731873717321825,24.0811127637244,0.736339466174212,0.9999851562538655,0.960417718641219,0.03956743761264646,0.9996830387046123,1.0040670314856652
883,1.7938198597844528e-09,3.0981886169789525e-12,3.4011442103967075e-08,578.9898813628747,0.052741658360179404,-289.49494068143736,17.730127299652363,24.07295636911837,0.7365164057040037,0.9999851562538655,0.9604671977950006,0.03951795845886499,0.999684668737701,1.00404835404279
884,1.7931958524546447e-09,2.989604535918946e-12,3.4011442103967075e-08,599.8103865946441,0.05272331137777564,-299.90519329732206,17.729190651998245,24.06577085264613,0.7366973931794438,0.9999845052123685,0.9605220154890585,0.03946248972330997,0.9996839611237582,1.0040536266338318
885,1.793221637363156e-09,2.816631261926352e-12,3.4011442103967075e-08,636.6547377368577,0.05272406950230422,-318.32736886842883,17.72794153192941,24.058293356655767,0.7368744436323429,0.9999847656289673,0.9605707133930433,0.039414052235923897,0.9996860163086524,1.0040386683390798
886,1.7939348208113173e-09,3.4304183483286477e-12,3.4011442103967075e-08,522.9492845050079,0.05274503842934886,-261.47464225250394,17.72196467117426,24.044974084549203,0.737034051642502,0.9999845052123685,0.9606145935899496,0.039369911622418846,0.9996870586708723,1.0040233449465543
887,1.7940261899534418e-09,2.9579676601595587e-12,3.4011442103967075e-08,606.5063570900123,0.052747724852989626,-303.25317854500616,17.71996394693837,24.035982435010933,0.7372265308834385,0.9999846354206678,0.9607205831456814,0.03926405227498639,0.9996858669034535,1.00402389610143
888,1.7943305811748372e-09,2.93519127716274e-12,3.4011442103967075e-08,611.3164055561315,0.05275667452411691,-305.65820277806574,17.71927878346251,24.02878050390349,0.7374189789025707,0.9999846354206678,0.9608264424931139,0.039158192927553924,0.999687964045523,1.004002508206927
889,1.7952523034914083e-09,2.9712248329789655e-12,3.4011442103967075e-08,604.21287664437,0.05278377488386507,-302.106438322185,17.718490885640968,24.0221221035734,0.7375905762715802,0.999984375004069,0.9609062601806614,0.039078114823407596,0.9996897863079645,1.0039909711716932
890,1.7958510566039084e-09,3.2621847423700938e-12,3.4011442103967075e-08,550.5056268821729,0.052801379345054036,-275.25281344108646,17.71480032581509,24.010817356286516,0.7377841438278651,0.9999847656289673,0.9609961039072646,0.03898866172170268,0.9996907737275962,1.003978627066268
891,1.7950456759175536e-09,3.185535302289664e-12,3.4011442103967075e-08,563.4989116671633,0.05277769964679564,-281.74945583358164,17.7095834888293,23.997669537221668,0.7379709709461908,0.9999847656289673,0.9610337341057984,0.03895103152316887,0.9996907820560025,1.0039834673012076
892,1.7938559975697415e-09,2.4410305934199815e-12,3.4011442103967075e-08,734.8764912677631,0.052742720878645344,-367.43824563388154,17.71476959139064,23.99874624597225,0.7381539606204944,0.9999848958372667,0.9610855570089696,0.03889933882829718,0.9996918876813174,1.0039734844500798
893,1.7955261718995779e-09,3.936718300877031e-12,3.4011442103967075e-08,456.0971943305079,0.05279182712720519,-228.04859716525394,17.70347393693886,23.977279856776004,0.7383437171642236,0.9999848958372667,0.9611964944800796,0.03878840135718715,0.9996923668005651,1.0039674671085075
894,1.7938477220431373e-09,3.0817658745083455e-12,3.4011442103967075e-08,582.0843617230727,0.05274247756268776,-291.04218086153634,17.69817783986902,23.96397603545535,0.7385326130223169,0.9999846354206678,0.9612846454987902,0.03869998992187763,0.9996919312727767,1.003966298532049
895,1.7937936734145504e-09,3.4096770937430928e-12,3.4011442103967075e-08,526.0890178446049,0.05274088843193518,-263.04450892230244,17.690917133043577,23.947708805287583,0.7387310943557771,0.9999851562538655,0.9613588642294625,0.03862629202440312,0.9996952222365177,1.0039376889274025
896,1.794038030693137e-09,3.4821449962219297e-12,3.4011442103967075e-08,515.2106051412675,0.052748072992879105,-257.60530257063374,17.682672643838963,23.930363206161132,0.7389220335480059,0.9999850260455662,0.9614315204605416,0.038553505585024586,0.9996969191899271,1.0039213422320803
897,1.7936487030736562e-09,3.112175732924441e-12,3.4011442103967075e-08,576.3327192928805,0.052736626032815176,-288.16635964644024,17.680283643714006,23.921799323376,0.739086696812021,0.9999847656289673,0.961514983980473,0.038469781648494364,0.9996976418215985,1.0039164394920523
898,1.794635281136694e-09,3.1551446785052664e-12,3.4011442103967075e-08,568.7965098281621,0.05276563327279112,-284.39825491408106,17.67429134547889,23.908016305876636,0.7392621420094362,0.9999845052123685,0.9615673277168417,0.03841717749552669,0.9996984252951254,1.0039117159394408
899,1.7947487391443336e-09,2.9784329897870005e-12,3.4011442103967075e-08,602.581540460537,0.05276896915038469,-301.2907702302685,17.673170571231108,23.900362990000932,0.7394519731196106,0.9999842447957696,0.9616078224979628,0.038376422297806696,0.999699303550412,1.00389986438657
900,1.7944087075447415e-09,2.77400247170952e-12,3.4011442103967075e-08,646.866297288809,0.05275897158549013,-323.4331486444045,17.674185694726898,23.896117745647103,0.7396258205141466,0.9999842447957696,0.9616644631082127,0.03831978168755685,0.9996994234552247,1.003895507426724
901,1.7948001882713498e-09,3.6220604112131726e-12,3.4011442103967075e-08,495.5191201988262,0.052770481850929966,-247.7595600994131,17.663136496567848,23.87460012016579,0.7398296267860252,0.999984375004069,0.9617136818453954,0.03827069315867366,0.9997002683407455,1.0038893800409416
902,1.7947259890024107e-09,3.862904720206715e-12,3.4011442103967075e-08,464.60529549545026,0.052768300253668896,-232.30264774772513,17.652240871052502,23.853995098627212,0.7400119266423586,0.999984375004069,0.9617593849584934,0.03822499004557551,0.9997019309961833,1.0038731936707923
903,1.7944094462944718e-09,3.532021020032032e-12,3.4011442103967075e-08,508.0404210839601,0.05275899330611368,-254.02021054198005,17.643642674351856,23.836891099175816,0.7401822075262954,0.9999845052123685,0.9618372495215496,0.03814725569081883,0.9997004446981906,1.0038837391885986
904,1.7941689112952541e-09,3.3245644571529622e-12,3.4011442103967075e-08,539.6703641690605,0.05275192112733095,-269.83518208453023,17.63926870913528,23.82504819036557,0.7403665490283579,0.9999846354206678,0.9619099057526287,0.038074729668039146,0.9997016187625614,1.0038713611340195
905,1.7937388208514364e-09,3.0533364717527143e-12,3.4011442103967075e-08,587.4684422911872,0.05273927566400414,-293.7342211455936,17.637779762939093,23.81687350377178,0.7405581492527081,0.9999850260455662,0.9620115984344796,0.03797342761108656,0.9997034267152526,1.0038548686711555
906,1.7923699661775086e-09,3.0397576414881663e-12,3.4011442103967075e-08,589.6423917862157,0.05269902877680237,-294.82119589310787,17.636970317629494,23.809706932680605,0.740747056126988,0.9999858072953627,0.9620931088299196,0.03789269846544311,0.9997042022662158,1.003849908050947
907,1.7918542544523924e-09,3.4223113753111885e-12,3.4011442103967075e-08,523.5801357465494,0.05268386588769171,-261.7900678732747,17.630898597855715,23.79526435168016,0.7409414889148233,0.9999858072953627,0.9621393327762154,0.03784647451914726,0.9997054684090216,1.0038328313346576
908,1.7917425812948846e-09,3.5195504050685364e-12,3.4011442103967075e-08,509.0828018017813,0.052680582488029724,-254.54140090089064,17.62293517974647,23.778833655120106,0.741118569369018,0.9999856770870632,0.9622432389991565,0.03774243808790675,0.9997065642259384,1.0038231885246516
909,1.7921289102037815e-09,3.183022618672683e-12,3.4011442103967075e-08,563.0273877698983,0.05269194128039483,-281.51369388494913,17.618104644230407,23.76682983956233,0.7412896361509376,0.9999855468787638,0.9623242285613988,0.03766131831736502,0.9997079052438164,1.0038099132907863
910,1.7918476875010113e-09,2.871000033048921e-12,3.4011442103967075e-08,624.1197028472757,0.052683672807040755,-312.05985142363784,17.61594914309198,23.757558354083713,0.7414881984311303,0.999985286462165,0.9624225358274646,0.037562750634700354,0.9997074030369534,1.0038075273176748
911,1.7925814588857088e-09,3.799718733075264e-12,3.4011442103967075e-08,471.7668819225736,0.052705247057919465,-235.8834409612868,17.607033531015002,23.73994879810423,0.7416626581949926,0.9999858072953627,0.9624880306020753,0.03749777669328732,0.999707038370944,1.0038089965509471
912,1.7937312475353864e-09,3.509487933366317e-12,3.4011442103967075e-08,511.10910810707105,0.05273905299435,-255.55455405353553,17.59840043740598,23.723202144365338,0.7418223024999978,0.9999856770870632,0.9625636816240413,0.037421995463022016,0.9997092372163142,1.0037892809438402
913,1.7939983854066833e-09,3.465385210002569e-12,3.4011442103967075e-08,517.6908991902096,0.052746907347319814,-258.8454495951048,17.59133894217728,23.708040050087945,0.7419988706368001,0.9999856770870632,0.9626149836940147,0.0373706933930486,0.9997109106500345,1.0037716246575497
914,1.794027711784904e-09,3.448954739644138e-12,3.4011442103967075e-08,520.1656290711461,0.05274776959768047,-260.08281453557305,17.585971793235245,23.695233928606964,0.7421733774066657,0.9999858072953627,0.9626587336826214,0.03732707361274125,0.9997113492265777,1.0037710956970978
915,1.7949108214291542e-09,4.0262198886250736e-12,3.4011442103967075e-08,445.80546296047027,0.05277373467265585,-222.90273148023513,17.57128375383821,23.669588030453045,0.7423569743263456,0.9999860677119615,0.9627458430349367,0.03724022467702482,0.999711335768694,1.0037656777622088
916,1.7935212527044385e-09,2.691062209269349e-12,3.4011442103967075e-08,666.4733526139472,0.05273287875362519,-333.2366763069736,17.571837865556255,23.66496232922132,0.7425254949110431,0.9999863281285604,0.9627985773962038,0.03718775073235658,0.9997122216818392,1.0037567366878326
917,1.793699409794973e-09,2.904029731709531e-12,3.4011442103967075e-08,617.6587623085616,0.05273811690524457,-308.8293811542808,17.571670815566243,23.65924014364914,0.7426980202609345,0.9999859375036622,0.9628711034189835,0.037114834084678625,0.9997133628749608,1.0037456018629833
918,1.7934435882980958e-09,3.029313765004413e-12,3.4011442103967075e-08,592.0296566887594,0.05273059527484457,-296.0148283443797,17.566897363859105,23.647065518353447,0.742878533923151,0.999986197920261,0.9629527440227229,0.037033453897538045,0.9997141487705412,1.0037391776253666
919,1.7933513022131683e-09,3.429584898261502e-12,3.4011442103967075e-08,522.9062278418124,0.05272788189137069,-261.4531139209062,17.56175029202019,23.634740510233215,0.7430481533916743,0.9999864583368598,0.9630130304653567,0.03697342787150316,0.9997148985765999,1.0037332946880775
920,1.7929269187652303e-09,3.6268666880283127e-12,3.4011442103967075e-08,494.3459666392993,0.052715404224394954,-247.17298331964966,17.55257778631623,23.616344632474707,0.7432385519213578,0.9999864583368598,0.9630977960682823,0.03688866226857753,0.9997154029350777,1.0037275522866802
921,1.7927161765308514e-09,3.303826862634959e-12,3.4011442103967075e-08,542.6180762696127,0.052709208008611605,-271.30903813480637,17.54940329500253,23.606701430173107,0.7434076864534581,0.999986197920261,0.963153785637035,0.036832412283225965,0.999716420563693,1.003711897557321
922,1.793481969494736e-09,3.4965237383426635e-12,3.4011442103967075e-08,512.9328738219401,0.05273172375379947,-256.46643691097006,17.5419283112236,23.591323855331552,0.7435754101293975,0.9999865885451592,0.9632424574889433,0.03674413105621587,0.9997183045081021,1.0036906216097987
923,1.7927881610152859e-09,3.0749119262920417e-12,3.4011442103967075e-08,583.037239436371,0.05271132448706655,-291.5186197181855,17.539513194274175,23.582824654334722,0.7437409831671824,0.9999863281285604,0.9633005303904869,0.036685797738073504,0.9997181599507833,1.0036895254900096
924,1.7938502960667438e-09,3.310447888478787e-12,3.4011442103967075e-08,541.8754067417299,0.05274255324379527,-270.93770337086494,17.534166623032352,23.56923244794771,0.7439430478593774,0.9999864583368598,0.9633828220357235,0.03660363630113638,0.9997183787470952,1.003683748922449
925,1.7928811342497535e-09,3.5778693057982057e-12,3.4011442103967075e-08,501.1030255756562,0.05271405807402189,-250.5515127878281,17.524255417692828,23.550067533899817,0.7441276078069432,0.9999863281285604,0.9634382907712784,0.03654803735728194,0.9997196867907122,1.0036743839420625
926,1.7925574576055507e-09,3.1977617141236526e-12,3.4011442103967075e-08,560.5663016378946,0.05270454137539989,-280.2831508189473,17.519390864405736,23.53801121105176,0.744302086838156,0.9999863281285604,0.9634876397167604,0.036498688411799894,0.9997208945697854,1.0036643080073204
927,1.7927145514518717e-09,3.3394172460645735e-12,3.4011442103967075e-08,536.8345490712622,0.05270916022825067,-268.4172745356311,17.51354008863498,23.524535283836425,0.744479747519962,0.9999863281285604,0.9635259209567915,0.03646040717176897,0.9997225627153364,1.003653442746131
928,1.7932741673457488e-09,4.348422460756644e-12,3.4011442103967075e-08,412.3964917230492,0.05272561398202466,-206.1982458615246,17.49863399382635,23.498484161235695,0.7446707572181611,0.9999863281285604,0.9636000094791642,0.036386318649396183,0.9997233613099291,1.0036421554512553
929,1.7925893655425776e-09,4.0235355302725864e-12,3.4011442103967075e-08,445.5259191960294,0.052705479528417025,-222.7629595980147,17.48349179840082,23.47261333096004,0.7448464110871006,0.9999869791700575,0.9636379000942968,0.036349079075760654,0.9997226858084158,1.0036471585445645
930,1.7922249921862422e-09,3.570560914931404e-12,3.4011442103967075e-08,501.9449422334456,0.05269476627035459,-250.9724711167228,17.476653900727563,23.457678476368336,0.7450291348452849,0.9999871093783569,0.9636920667468576,0.03629504263149932,0.9997226248524879,1.0036476924185453
931,1.792555485251951e-09,3.756341590611636e-12,3.4011442103967075e-08,477.2077943422802,0.05270448338451572,-238.6038971711401,17.4701578292057,23.443529664999875,0.7452016858744548,0.9999864583368598,0.9637298271536908,0.036256631183168964,0.9997233759905951,1.0036383843061139
932,1.7926037323084597e-09,3.6604072938762295e-12,3.4011442103967075e-08,489.7279423815599,0.05270590193820013,-244.86397119077995,17.462289288572943,23.426814074072386,0.7453975275237841,0.9999867187534587,0.9638123792155262,0.036174339537932414,0.9997242240716202,1.0036269389472614
933,1.7920933835301967e-09,3.0441830979874153e-12,3.4011442103967075e-08,588.6943478251994,0.05269089672975578,-294.3471739125997,17.457185123648955,23.41416786061004,0.7455821290585948,0.9999867187534587,0.9638643323269968,0.036122386426461865,0.9997240426981518,1.0036259468421846
934,1.791488591213076e-09,2.991286135430756e-12,3.4011442103967075e-08,598.9024486803551,0.05267311470465752,-299.45122434017753,17.45431571939728,23.404229443729058,0.7457761325303534,0.999986848961758,0.9639140718973771,0.03607277706438097,0.9997253557948758,1.0036150616593251
935,1.7925777214808218e-09,3.5732154581698882e-12,3.4011442103967075e-08,501.67076194138474,0.052705137171226754,-250.83538097069237,17.4470139353451,23.389048615742702,0.7459479956616049,0.9999867187534587,0.9640255302016848,0.03596118855177381,0.999724899014962,1.0036104105957706
936,1.79193076393881e-09,2.628470971389032e-12,3.4011442103967075e-08,681.7388449193536,0.052686115409666806,-340.8694224596768,17.446351842149323,23.38232989782293,0.7461340216474197,0.999986848961758,0.9641049572643341,0.035881891697424034,0.9997244229670003,1.0036141063315247
937,1.7930661701666564e-09,2.960227441530643e-12,3.4011442103967075e-08,605.7190555734854,0.052719498476000055,-302.8595277867427,17.444822894374308,23.374979716822864,0.74630323130588,0.9999871093783569,0.9641179780942766,0.0358691312840804,0.9997265146459335,1.0035927546805472
938,1.7933717125480661e-09,2.864575779794561e-12,3.4011442103967075e-08,626.0514122885872,0.052728481993384466,-313.0257061442936,17.444275732662348,23.36870898449478,0.746480079162126,0.9999871093783569,0.9641729259966338,0.035814183381723076,0.9997287595941537,1.0035711509547676
939,1.7942508527028161e-09,3.764047499818979e-12,3.4011442103967075e-08,476.68124612909526,0.0527543303579455,-238.34062306454763,17.434094842394153,23.34969841446647,0.7466518210613263,0.9999872395866564,0.96423946243764,0.03574777714901637,0.9997292354200675,1.0035655539093917
940,1.79403528787256e-09,3.760093173310319e-12,3.4011442103967075e-08,477.12522141921386,0.052747992348825004,-238.56261070960693,17.426453352484682,23.334015463599844,0.7468261679893574,0.9999869791700575,0.9643134207517133,0.03567355841834416,0.9997289996936375,1.0035631781292675
941,1.7950685529180304e-09,3.718287823188334e-12,3.4011442103967075e-08,482.7675097456029,0.052778372273390155,-241.38375487280146,17.41865327656717,23.317573925379904,0.7470182503681448,0.9999867187534587,0.9643940196890574,0.03559269906440129,0.9997297912426861,1.0035572312103553
942,1.7948030504026339e-09,2.9761448614186377e-12,3.4011442103967075e-08,603.0630678195905,0.052770566002941964,-301.53153390979526,17.418929839045365,23.31257040902462,0.74719044418638,0.9999869791700575,0.9644326915539866,0.035554287616070934,0.9997317749690017,1.0035413764652923
943,1.7956457519408368e-09,3.1139932808579465e-12,3.4011442103967075e-08,576.6376449746585,0.05279534300403551,-288.31882248732927,17.416859185054008,23.303728052325546,0.7473851027589523,0.9999864583368598,0.9645084727842519,0.03547798555260793,0.9997331374379191,1.0035243733924257
944,1.795206713651997e-09,3.5702483668213267e-12,3.4011442103967075e-08,502.82404169273815,0.05278243445733238,-251.41202084636907,17.408307090141665,23.286588538181718,0.7475679428782896,0.9999859375036622,0.9645756602667551,0.03541027723690697,0.9997346871881135,1.0035132728565157
945,1.7950923829123364e-09,3.362105662596119e-12,3.4011442103967075e-08,533.9190861497848,0.05277907291978536,-266.9595430748924,17.401141469594485,23.271281597563007,0.7477517470037727,0.9999867187534587,0.9646518321219187,0.03533488663153994,0.9997346052369008,1.0035142652284526
946,1.7945802987426874e-09,3.2643600600826253e-12,3.4011442103967075e-08,549.7494962909404,0.052764016687589045,-274.8747481454702,17.396477088955752,23.259131238037888,0.7479418259829768,0.9999864583368598,0.964724878977896,0.03526157935896371,0.9997362276479456,1.0034979105486084
947,1.7939446022655062e-09,3.36115493735728e-12,3.4011442103967075e-08,533.7286247434942,0.05274532602239355,-266.8643123717471,17.39285934454277,23.249174907519095,0.7481065204992581,0.9999867187534587,0.9647558685531592,0.035230850200299424,0.9997363094945076,1.0034983485352948
948,1.7947637947919767e-09,4.1373069644922166e-12,3.4011442103967075e-08,433.80000812007745,0.05276941181457979,-216.90000406003873,17.380185664401736,23.22653449981407,0.7482900931493188,0.9999865885451592,0.9648108164555166,0.03517577208964268,0.9997369927336766,1.0034915058453844
949,1.7938931089561569e-09,3.5151239493259192e-12,3.4011442103967075e-08,510.3356623598336,0.052743812022805064,-255.1678311799168,17.372306490616538,23.210819353687654,0.7484572701159938,0.9999869791700575,0.964875920605229,0.0351110585648285,0.9997381368086068,1.003479247446606
950,1.7932322798019714e-09,2.5095077043863297e-12,3.4011442103967075e-08,714.5753235455736,0.052724382409906984,-357.2876617727868,17.373826860808652,23.206681388979547,0.7486562412607252,0.9999871093783569,0.9649347747565691,0.03505233462178786,0.9997390100224952,1.0034652878456334
951,1.7931653658476461e-09,3.1727486035503866e-12,3.4011442103967075e-08,565.1772610792574,0.052722415014519255,-282.5886305396287,17.36969097906308,23.195417910262712,0.7488414757717271,0.9999871093783569,0.9649980559900896,0.03498905338826735,0.9997391700680017,1.0034583277419074
952,1.7929857298699197e-09,3.433137680619123e-12,3.4011442103967075e-08,522.2586149083825,0.05271713338085088,-261.12930745419123,17.361655543622273,23.179445845454207,0.7490108115344406,0.9999871093783569,0.9650156341105119,0.034971475267844984,0.9997404303968958,1.0034469512777944
953,1.7937046574975847e-09,3.676952331031962e-12,3.4011442103967075e-08,487.82374532284695,0.052738271197514675,-243.91187266142347,17.351628820338597,23.160626049738013,0.7491865195299794,0.9999871093783569,0.9651187590836565,0.034868350294700444,0.9997412158735639,1.0034391435084087
954,1.792684977372057e-09,3.1813745875955107e-12,3.4011442103967075e-08,563.4938382804434,0.052708290694999944,-281.7469191402217,17.349672970201954,23.1519237500105,0.7493836433438532,0.9999871093783569,0.9652050871861753,0.03478202219218172,0.9997422805643208,1.0034328213405868
955,1.7926170385010722e-09,3.124684651812551e-12,3.4011442103967075e-08,573.695344732218,0.05270629316514581,-286.847672366109,17.348983832556222,23.145887600522506,0.749549299296026,0.9999875000032552,0.9652522225905671,0.03473527741268818,0.9997426537930121,1.0034317467306584
956,1.7927624323948467e-09,2.8373772428002153e-12,3.4011442103967075e-08,631.8378837160069,0.05271056801751255,-315.91894185800345,17.34794558757535,23.139171344390377,0.7497219900133116,0.9999873697949557,0.9653319100698151,0.0346554597251407,0.9997431330165899,1.003425213054304
957,1.7928764156172328e-09,3.1508978781833996e-12,3.4011442103967075e-08,569.0049265103087,0.052713919337401834,-284.50246325515434,17.344361246039327,23.129106231977566,0.7498932761206123,0.9999869791700575,0.9653936288037425,0.03459335036631501,0.9997453183528867,1.003404641216466
958,1.7926452380927838e-09,3.3266059845114423e-12,3.4011442103967075e-08,538.8811438563134,0.052707122285875985,-269.4405719281567,17.34041272579867,23.118101531974194,0.7500794432369581,0.999986848961758,0.9654726652414934,0.03451418372026466,0.9997451543546952,1.0034089589709558
959,1.7921182903724028e-09,2.679792025105688e-12,3.4011442103967075e-08,668.752751550458,0.05269162903749298,-334.376375775229,17.34322773775756,23.116552721809178,0.7502514733260894,0.9999864583368598,0.9655326912675283,0.034453767069331495,0.9997445569794269,1.0034136208847197
960,1.7928231793654035e-09,3.0512899807103186e-12,3.4011442103967075e-08,587.5623722095554,0.05271235409204509,-293.7811861047777,17.341608543095496,23.10926158852046,0.7504181159864473,0.9999865885451592,0.9656030037492178,0.03438358479594146,0.9997450160818839,1.003403005791839
961,1.792726651813861e-09,3.3497751751081574e-12,3.4011442103967075e-08,535.1782009537334,0.0527095160015211,-267.5891004768667,17.335231730520814,23.095736884693917,0.7505814521990539,0.9999867187534587,0.9656714933147152,0.03431522543874337,0.9997452636696259,1.0033929300070736
962,1.7934468985745475e-09,3.55190082400997e-12,3.4011442103967075e-08,504.9259501986346,0.052730692603162536,-252.4629750993173,17.323771709749533,23.075150227381496,0.7507544496586962,0.9999865885451592,0.9657218839265928,0.034264704618566504,0.9997459315543549,1.0033839954031347
963,1.7926353373541626e-09,2.8628508980485357e-12,3.4011442103967075e-08,626.1713938983387,0.052706831185645925,-313.08569694916935,17.32295647803112,23.06873795775134,0.7509277928318755,0.9999871093783569,0.9657954516157679,0.034191657762589124,0.999745838730344,1.0033804455918096
964,1.7926447156020733e-09,2.8993166422804136e-12,3.4011442103967075e-08,618.2990465615703,0.052707106923672024,-309.14952328078516,17.32101090706042,23.060899539651455,0.7510986671304067,0.999986848961758,0.9658643318061636,0.034122517155594494,0.9997475008721716,1.0033603905768609
965,1.793201859386899e-09,3.102167836620299e-12,3.4011442103967075e-08,578.0479825168094,0.052723487992817016,-289.0239912584047,17.318802760762722,23.052869782156595,0.7512645030497608,0.9999865885451592,0.9659168057508318,0.034069782794327395,0.999748510696068,1.003352466374805
966,1.7939055836686995e-09,3.071782350915944e-12,3.4011442103967075e-08,583.9950161618035,0.0527441788026818,-291.99750808090175,17.31646370293067,23.044281292049003,0.7514429928828108,0.9999865885451592,0.9659705817784944,0.03401600676666491,0.9997488460790739,1.003347759473928
967,1.7944979714965608e-09,3.2149514524958004e-12,3.4011442103967075e-08,558.1726498866642,0.05276159611259917,-279.0863249433321,17.31349813163451,23.035079459023287,0.7516144306093322,0.9999867187534587,0.9659921963561988,0.033994522397259794,0.9997496659995809,1.003340624704231
968,1.7944693399565805e-09,3.0538845105315602e-12,3.4011442103967075e-08,587.6022271858062,0.05276075429178214,-293.8011135929031,17.30867716330031,23.023304994799904,0.75178942237918,0.9999864583368598,0.9660434984261723,0.03394295991068752,0.9997509958357016,1.0033314688572206
969,1.7943099270478196e-09,3.3468291520891425e-12,3.4011442103967075e-08,536.1223550738416,0.05275606725415893,-268.0611775369208,17.30331005066424,23.01122510808642,0.7519508400525642,0.9999865885451592,0.9661063890347945,0.03388019951036471,0.9997516042228592,1.003325384328261
970,1.794133257275278e-09,3.5187303603319016e-12,3.4011442103967075e-08,509.88085859072413,0.05275087283246985,-254.94042929536207,17.29844676482594,22.999653151115403,0.7521177233051893,0.9999867187534587,0.9661514411063955,0.033835277647063115,0.9997519280871434,1.003317815602247
971,1.7933859214447935e-09,3.729135544091346e-12,3.4011442103967075e-08,480.9119701444845,0.0527288997615192,-240.45598507224224,17.290981427539073,22.98433439316915,0.7522941988121215,0.9999869791700575,0.9662075608834477,0.03377941828660982,0.9997536522267646,1.0033025868356673
972,1.7923801084758379e-09,2.9873544185247873e-12,3.4011442103967075e-08,599.9891065355913,0.05269932697933957,-299.99455326779565,17.289071939774335,22.976759504626656,0.7524591070508861,0.9999871093783569,0.9662519619135516,0.03373514746480535,0.9997536701282265,1.0033021274433087
973,1.793905204400273e-09,3.5521650318615057e-12,3.4011442103967075e-08,505.01741566330895,0.05274416765148082,-252.50870783165448,17.278001150588693,22.956718218560535,0.7526337600214741,0.9999872395866564,0.9663122483561853,0.03367499123047103,0.9997542965099956,1.0033012298461834
974,1.793851673562684e-09,3.3964260187082135e-12,3.4011442103967075e-08,528.158618407049,0.05274259374475186,-264.0793092035245,17.27145613819297,22.942329194817304,0.7528205175477393,0.999986848961758,0.9663599045937749,0.03362694436798324,0.9997550703169418,1.0032898508844603
975,1.794631192384953e-09,4.249980909144405e-12,3.4011442103967075e-08,422.26805972788316,0.05276551305584388,-211.13402986394158,17.261295624756713,22.92337754124394,0.7529996656775398,0.9999865885451592,0.9664270920762781,0.03355949646888113,0.9997552132556543,1.0032860879596184
976,1.7939370810415e-09,3.836838676008929e-12,3.4011442103967075e-08,467.5560357172873,0.05274510488434291,-233.77801785864364,17.25512175081556,22.909455810106312,0.7531877620246051,0.9999871093783569,0.9664791753960481,0.033507933982308856,0.9997558943209777,1.0032776975082656
977,1.7940306536477547e-09,4.569264293061714e-12,3.4011442103967075e-08,392.6300906629399,0.05274785609394963,-196.31504533146995,17.240059747570644,22.884028038367983,0.7533664841987386,0.9999871093783569,0.9665386805888853,0.03344842878947167,0.9997563720015675,1.003276353175244
978,1.7924213360683087e-09,3.489416094254966e-12,3.4011442103967075e-08,513.673717221452,0.05270053914765471,-256.836858610726,17.232846762312782,22.869007373514787,0.7535459008277992,0.9999873697949557,0.9665915451584518,0.033395824636504,0.9997569260370471,1.0032638901228914
979,1.7932248255402989e-09,3.2968340372624216e-12,3.4011442103967075e-08,543.9232928538106,0.05272416324067418,-271.9616464269053,17.226912672717948,22.855673965272917,0.753725866885074,0.9999872395866564,0.9666330816059683,0.033354157980688026,0.9997574725331854,1.003257265984877
980,1.7930818704741958e-09,3.675280391688014e-12,3.4011442103967075e-08,487.87621062311763,0.052719960094401636,-243.93810531155881,17.21794773547004,22.838519458305555,0.7538994708874829,0.9999869791700575,0.9667157638761031,0.033271215293954354,0.9997580778491274,1.0032474715901016
981,1.7927677421073775e-09,3.289084460193879e-12,3.4011442103967075e-08,545.065888031863,0.05271072413299024,-272.5329440159315,17.2107704560775,22.82413814429569,0.7540600371093921,0.999986848961758,0.9667660242796812,0.033220824682076905,0.999758684240872,1.0032456147454243
982,1.7914999240413161e-09,2.9822173814805343e-12,3.4011442103967075e-08,600.7274772008466,0.05267344791100042,-300.3637386004233,17.208602125880354,22.816262369278192,0.7542252910385322,0.9999876302115547,0.9668108159346833,0.03317681427687128,0.999758067428389,1.0032509539890877
983,1.7925025970554175e-09,3.0583162229933286e-12,3.4011442103967075e-08,586.1076704818329,0.052702928372635544,-293.05383524091644,17.20766053456597,22.81014828937185,0.7543861756735576,0.9999876302115547,0.9668838627906607,0.0331037674208939,0.9997597872689369,1.0032293056063657
984,1.7935279592786087e-09,2.7231102718743852e-12,3.4011442103967075e-08,658.632144942143,0.05273307593944723,-329.3160724710715,17.208765404048265,22.806539753634084,0.7545539827586581,0.9999875000032552,0.9669470138158818,0.03304048618737339,0.9997597491707919,1.0032266882208871
985,1.7950461441701956e-09,4.2625852238421454e-12,3.4011442103967075e-08,421.11677536201927,0.05277771341429896,-210.55838768100963,17.19472029830794,22.782832414061577,0.7547226782783754,0.9999873697949557,0.9670102950494023,0.032977074745553454,0.9997600454119384,1.0032203497633982
986,1.7946487270172898e-09,3.6031751707475744e-12,3.4011442103967075e-08,498.0742378519838,0.05276602860682473,-249.0371189259919,17.185816945012338,22.76592991626543,0.7548919375673601,0.9999875000032552,0.9670596439948844,0.03292785600837083,0.9997609526813489,1.0032124046461381
987,1.794758089928716e-09,3.5416700850898597e-12,3.4011442103967075e-08,506.7547362710322,0.052769244080931706,-253.3773681355161,17.181041520545126,22.754367232718998,0.755065669145048,0.9999875000032552,0.9670972741934182,0.032890225809837026,0.9997614819431382,1.0032081200665546
988,1.7941631348270574e-09,3.431529627362027e-12,3.4011442103967075e-08,522.8464648886952,0.05275175128836384,-261.4232324443476,17.175683741817174,22.742043632060685,0.7552392396962816,0.9999875000032552,0.9671481856384934,0.03283931436476188,0.9997607284931723,1.003217676786802
989,1.7935066585055542e-09,3.274258904310326e-12,3.4011442103967075e-08,547.7595727523354,0.05273244965688652,-273.8797863761677,17.172388648130134,22.732945025828524,0.7553965677838641,0.9999875000032552,0.9671963627092806,0.03279113729397466,0.9997612720971392,1.003204645871674
990,1.7936105708605981e-09,3.066835750454497e-12,3.4011442103967075e-08,584.8407664462597,0.052735504874443194,-292.4203832231299,17.170242658065032,22.72515981997399,0.7555609198828809,0.9999876302115547,0.9672451908215649,0.03274243938998974,0.9997624147613042,1.0031865309286272
991,1.7938002001296736e-09,3.2196062888868104e-12,3.4011442103967075e-08,557.1489303898353,0.052741080329564906,-278.57446519491765,17.168052116353884,22.716792856237465,0.7557427769404502,0.9999878906281535,0.9673035241397072,0.03268436648844623,0.9997632853236071,1.003181682157846
992,1.7930665938947874e-09,3.275619642847936e-12,3.4011442103967075e-08,547.3976802556459,0.052719510934399486,-273.69884012782296,17.164932651073176,22.707693414582298,0.7559082438575773,0.9999878906281535,0.9673389407971509,0.032648949831002645,0.9997618693047932,1.003192764614016
993,1.7934086346314004e-09,3.6489013360007225e-12,3.4011442103967075e-08,491.4927726155009,0.0527295675716796,-245.74638630775044,17.157446770534836,22.692307029228736,0.7560908967270386,0.9999876302115547,0.9674156334855121,0.03257199672604252,0.9997640991159493,1.0031679990976556
994,1.7929934195111534e-09,3.115436908041903e-12,3.4011442103967075e-08,575.5190916827378,0.05271735947068295,-287.7595458413689,17.154514916564057,22.683363654331554,0.756259749567092,0.9999878906281535,0.9674632897231016,0.03252460090505185,0.9997658038937681,1.0031502447277796
995,1.7933637764970218e-09,3.4103433523964106e-12,3.4011442103967075e-08,525.8601821534611,0.05272824865864317,-262.93009107673055,17.143963202261073,22.664053019295597,0.7564385411411251,0.9999878906281535,0.9675151126262728,0.032472778001880725,0.9997666881611444,1.0031411265280352
996,1.7920073922283125e-09,3.117785590355286e-12,3.4011442103967075e-08,574.7692842547601,0.05268836842467476,-287.38464212738006,17.143072829422575,22.657999276991507,0.7566013494770844,0.9999876302115547,0.9675765709436013,0.03241105926795332,0.9997657184845612,1.003148319823974
997,1.7927132794606332e-09,3.880530073059175e-12,3.4011442103967075e-08,461.9763912942353,0.05270912282932961,-230.98819564711766,17.131719472664784,22.63758828497469,0.7567820059717081,0.9999875000032552,0.9676653730038091,0.032322126999446095,0.9997648323934172,1.003154664635506
998,1.7923216460359292e-09,3.3742383520669396e-12,3.4011442103967075e-08,531.1781383013491,0.05269760807428021,-265.58906915067456,17.126230483511506,22.62536162334491,0.7569483647872666,0.9999875000032552,0.9677065188264274,0.03228098117682782,0.9997665818048015,1.0031374147836825
999,1.7927924957014744e-09,3.353585825387919e-12,3.4011442103967075e-08,534.5897165145899,0.052711451934946446,-267.29485825729495,17.122346751786825,22.61536621614554,0.7571111866215484,0.9999875000032552,0.9677622479785812,0.03222525202467395,0.9997667340136906,1.0031370103088775
1000,1.793087172692813e-09,3.2767584580276745e-12,3.4011442103967075e-08,547.2137161346022,0.05272011598954424,-273.6068580673011,17.116232950066244,22.6020834595456,0.7572856272609461,0.999987760419854,0.9678526125383822,0.032135147881471905,0.9997679743928484,1.0031254180845512
1001,1.7921958931038503e-09,3.480989323872373e-12,3.4011442103967075e-08,514.8524532416978,0.05269391070291635,-257.4262266208489,17.107781210280095,22.58603910147387,0.7574493754048143,0.999987760419854,0.9678858156547355,0.03210194476511855,0.9997701060264262,1.003107608539204
1002,1.7925079496667587e-09,4.143523542976545e-12,3.4011442103967075e-08,432.6047459547174,0.052703085749418475,-216.3023729773587,17.096283875398473,22.565734566981384,0.7576214204174007,0.9999878906281535,0.9679398520989968,0.032048038529156636,0.9997714830522353,1.0030946996683363
1003,1.791364828447355e-09,3.4852871095497912e-12,3.4011442103967075e-08,513.9791277278023,0.05266947584790623,-256.98956386390114,17.091009617226735,22.55324122748795,0.757807245745067,0.9999875000032552,0.9680231854106288,0.03196431459262641,0.9997723240693582,1.0030868460407605
1004,1.7913413969474878e-09,3.3484418557786127e-12,3.4011442103967075e-08,534.9776027485917,0.05266878691799272,-267.48880137429586,17.086659848441133,22.542667593731288,0.757969737937875,0.9999876302115547,0.9680707114399189,0.03191691877163574,0.9997727485380102,1.0030810670240766
1005,1.7922845933251446e-09,3.3280306405638857e-12,3.4011442103967075e-08,538.5420949794707,0.05269651865529376,-269.27104748973534,17.083539703639648,22.532995955754775,0.7581566045271768,0.9999875000032552,0.9681043051811705,0.03188319482208468,0.9997736985953719,1.0030713525929829
1006,1.792988929436226e-09,3.298718038588986e-12,3.4011442103967075e-08,543.5411297545061,0.05271722745408354,-271.77056487725304,17.080013938848392,22.523795838446524,0.7583097476711282,0.9999873697949557,0.9681591228752284,0.03182824691972736,0.9997737537857813,1.0030712438986495
1007,1.7939507074643807e-09,3.456241044466257e-12,3.4011442103967075e-08,519.0467575566386,0.05274550552665731,-259.5233787783193,17.07564360088774,22.512796342565235,0.7584861223393471,0.9999872395866564,0.9682237061917431,0.031763533394913175,0.9997745879552571,1.0030692144771833
1008,1.7937112757722924e-09,3.680508266958425e-12,3.4011442103967075e-08,487.3542309020859,0.0527384657871674,-243.67711545104294,17.06780444446963,22.497717939088407,0.7586460320411149,0.9999875000032552,0.9682643311811637,0.03172316882209145,0.9997754109586313,1.0030630421394342
1009,1.7940395666913957e-09,3.3793225976879955e-12,3.4011442103967075e-08,530.887334615171,0.052748118154100264,-265.4436673075855,17.06226744207909,22.48491961738795,0.7588315961283031,0.9999880208364529,0.9683130290851487,0.031674991751304234,0.9997755611666098,1.003054843878773
1010,1.7933638541782407e-09,3.4797171145790526e-12,3.4011442103967075e-08,515.3763352384428,0.052728250942616274,-257.6881676192214,17.057300506086452,22.47399190103926,0.75897956096076,0.9999878906281535,0.9683662842796135,0.03162160634854001,0.9997751650529584,1.0030575238493655
1011,1.7933632500485978e-09,2.8373110113357977e-12,3.4011442103967075e-08,632.0643887411862,0.05272823318007504,-316.0321943705931,17.05798806458371,22.469634137632593,0.7591573569956197,0.9999880208364529,0.9684252686392529,0.03156275219719995,0.9997759164570819,1.0030484118514118
1012,1.7947096954633356e-09,4.297276068815242e-12,3.4011442103967075e-08,417.6389104919984,0.05276782119315081,-208.8194552459992,17.045757265869195,22.44803805451359,0.7593428532362022,0.9999873697949557,0.9684811279997062,0.03150624179524953,0.9997774822908816,1.0030307873439752
1013,1.7933797944349818e-09,3.4828238515939557e-12,3.4011442103967075e-08,514.9211877638371,0.05272871961597309,-257.46059388191856,17.04169175620742,22.437725803049723,0.7595106520951924,0.9999876302115547,0.9685166748654492,0.031470955346105375,0.9997772360790593,1.0030320903717942
1014,1.7936431153651303e-09,3.501164362199938e-12,3.4011442103967075e-08,512.299032496179,0.05273646174373538,-256.1495162480895,17.03570312859568,22.425275195059953,0.7596652875122114,0.9999875000032552,0.9685781331827779,0.03140936682047739,0.9997766927051857,1.003037418671181
1015,1.7941492844778055e-09,3.4168774851285455e-12,3.4011442103967075e-08,525.0844644815552,0.05275134406219538,-262.5422322407776,17.031965200228004,22.415468951596782,0.7598308666665089,0.9999878906281535,0.9686559977458339,0.031331892882319565,0.9997784211971086,1.0030208108692473
1016,1.7937579272726417e-09,3.1000704187039454e-12,3.4011442103967075e-08,578.6184457134244,0.052739837428517,-289.3092228567122,17.030376533020377,22.408442276049445,0.7599982329527097,0.999987760419854,0.968726180019224,0.0312615804006301,0.99977959670564,1.0030062489241534
1017,1.7942532278607064e-09,3.6002895958305577e-12,3.4011442103967075e-08,498.3635844012672,0.05275440019202907,-249.1817922006336,17.023454268765956,22.394401630414926,0.7601656230745445,0.9999878906281535,0.9687669352169439,0.03122095541120953,0.9997795160712343,1.0030024419565062
1018,1.7941807397623463e-09,3.3109779957607173e-12,3.4011442103967075e-08,541.888451708095,0.05275226890638295,-270.9442258540475,17.019848108504583,22.384841506758324,0.760329176481595,0.9999878906281535,0.9688367268654358,0.03115116376271777,0.9997806706546587,1.0029954876668026
1019,1.7939331102496012e-09,3.797284088711468e-12,3.4011442103967075e-08,472.4253093368993,0.05274498813563562,-236.21265466844966,17.010075251080004,22.367071709087785,0.7604962988592189,0.9999880208364529,0.9688694091485913,0.03111861168786154,0.9997812672411807,1.0029874544305213
1020,1.7936883919501402e-09,3.321932020933724e-12,3.4011442103967075e-08,539.9533707032249,0.052737792960002874,-269.97668535161245,17.00472222180269,22.35545210342302,0.7606521283100762,0.9999880208364529,0.9689135497620964,0.031074471074356493,0.9997809800752585,1.0029929874286556
1021,1.7943628326364759e-09,3.3750563668965646e-12,3.4011442103967075e-08,531.6541822044976,0.05275762277740003,-265.8270911022488,16.9982542475024,22.34126226410442,0.7608457412369846,0.9999884114613512,0.9689695393308492,0.03101887213050205,0.9997816037892712,1.002981384139098
1022,1.7935971738518808e-09,3.2753893156341428e-12,3.4011442103967075e-08,547.5981634582042,0.0527351109773342,-273.7990817291021,16.99208906284045,22.328244315140363,0.7610132181919217,0.9999881510447524,0.969039982020838,0.030948169023914316,0.999782568959703,1.0029637489404235
1023,1.7946725342331783e-09,3.9094132873095395e-12,3.4011442103967075e-08,459.0644176861313,0.05276672858349187,-229.53220884306566,16.984887842511114,22.314287567999106,0.7611664854077225,0.9999881510447524,0.9690648518060282,0.030923299238724156,0.9997838142115677,1.0029530249968541
1024,1.7933769655190756e-09,2.909014562202215e-12,3.4011442103967075e-08,616.489511197714,0.05272863644055531,-308.244755598857,16.98378819147402,22.30792728420493,0.7613342098124619,0.9999881510447524,0.9691220132494757,0.030866137795276617,0.9997855491863661,1.002941054697308
1025,1.7941247943910734e-09,3.678352716576974e-12,3.4011442103967075e-08,487.7522447223773,0.052750624007848454,-243.87612236118866,16.977935934490056,22.29542872154944,0.761498518217781,0.9999882812530517,0.9691809976091152,0.03080728364393655,0.999785284043231,1.0029409276645251
1026,1.7942481721881175e-09,3.3224205084232224e-12,3.4011442103967075e-08,540.0424683266973,0.05275425154580074,-270.02123416334865,16.973222492894504,22.28465191057059,0.7616552666386213,0.9999888020862494,0.9692362059280714,0.030752596158178085,0.9997859565325307,1.0029335154227186
1027,1.7944805921932544e-09,3.3952893645232597e-12,3.4011442103967075e-08,528.5206648197484,0.052761085128582276,-264.2603324098742,16.968679414802732,22.274115835080632,0.7618115816780435,0.99998867187795,0.9693065184097608,0.0306821534681892,0.9997867868222119,1.0029298307059802
1028,1.7944072043912805e-09,3.1512481680103744e-12,3.4011442103967075e-08,569.4274486557586,0.052758927389967444,-284.7137243278793,16.965504089016402,22.265407770764945,0.7619669158402994,0.9999888020862494,0.9693576902714348,0.03063111181481463,0.9997868252376807,1.0029281322282546
1029,1.7953847886141185e-09,3.638510081720979e-12,3.4011442103967075e-08,493.4395530834752,0.05278767019422284,-246.7197765417376,16.962675156819344,22.25651106939774,0.7621443946864918,0.9999890625028484,0.9693791746408399,0.03060988786200837,0.9997872620628241,1.0029179749267527
1030,1.7943636244963305e-09,3.2560989416365057e-12,3.4011442103967075e-08,551.0777334040374,0.052757646059560556,-275.5388667020187,16.960207351883778,22.24839258316696,0.7623115822181149,0.9999890625028484,0.9694447996237501,0.03054426287909821,0.9997879960670203,1.0029085661480468
1031,1.7947928935598812e-09,3.2634041047445597e-12,3.4011442103967075e-08,549.97568059392,0.05277026737277152,-274.98784029696,16.95853261166463,22.2409805359488,0.7624903310469616,0.9999890625028484,0.9694940183609327,0.03049504414191559,0.9997880988160209,1.0029146302615788
1032,1.7940909008960623e-09,2.859023580985032e-12,3.4011442103967075e-08,627.5187489981934,0.052749627475713545,-313.7593744990967,16.9594282208356,22.237619773383745,0.7626458404120381,0.99998867187795,0.9695434975147141,0.030445174363235843,0.999788034895258,1.0029158603715294
1033,1.7941637050792013e-09,3.863209885758044e-12,3.4011442103967075e-08,464.4230466725336,0.05275176805484326,-232.2115233362668,16.951860491021304,22.22311228194419,0.7628031697789842,0.9999884114613512,0.9696238360354593,0.030364575425891816,0.9997891955646284,1.0029029483763665
1034,1.7938031892691509e-09,3.3165952399061326e-12,3.4011442103967075e-08,540.8568304282797,0.0527411682158553,-270.4284152141399,16.947232398513872,22.21234400784358,0.7629646106925725,0.9999884114613512,0.9696737058141391,0.03031470564721207,0.9997904649424824,1.002891662621939
1035,1.7936288128019695e-09,3.4699365672001873e-12,3.4011442103967075e-08,516.9053606790304,0.05273604122163234,-258.4526803395152,16.94073616318884,22.19937827589985,0.7631175951256297,0.9999885416696506,0.969704304764504,0.03028423690514664,0.999791300646923,1.0028835710741568
1036,1.7925553475435106e-09,3.084918742950449e-12,3.4011442103967075e-08,581.0705230534181,0.05270447933563005,-290.53526152670906,16.939987222045538,22.19319964186181,0.7632963022642564,0.9999888020862494,0.9697651120403354,0.03022369004591405,0.9997910995610658,1.002883524013196
1037,1.7934472421646501e-09,4.1803060288138456e-12,3.4011442103967075e-08,429.0229542533128,0.05273070270535408,-214.5114771266564,16.92842331721322,22.173285649080608,0.7634603001614756,0.99998867187795,0.9698247474414721,0.03016392443647801,0.9997899959226719,1.002887974938211
1038,1.7937850145266702e-09,3.3508612966617968e-12,3.4011442103967075e-08,535.3205805067727,0.052740633844439194,-267.66029025338634,16.921887905121764,22.159290085273437,0.7636475645204748,0.9999888020862494,0.969878653677434,0.03011014840881552,0.9997911861990414,1.002872268610977
1039,1.7936333530037825e-09,3.2171907559154824e-12,3.4011442103967075e-08,557.5153881397333,0.05273617471205592,-278.75769406986666,16.919901185266756,22.15162062070302,0.7638222717417491,0.9999888020862494,0.9699127682518832,0.03007603383436619,0.9997907594328225,1.0028765413710403
1040,1.7938246951619171e-09,3.4194562582699247e-12,3.4011442103967075e-08,524.5935492883023,0.052741800529319115,-262.2967746441511,16.914291351571055,22.139512452226402,0.763986622924486,0.9999884114613512,0.9699695390704325,0.030018872390918647,0.999792990380586,1.0028528939962407
1041,1.7938459856453646e-09,3.237719550956982e-12,3.4011442103967075e-08,554.0461295096273,0.052742426509346144,-277.0230647548137,16.911608975563077,22.131278964630436,0.7641496455126121,0.9999889322945489,0.9700032630199836,0.029985669274565294,0.9997931487695307,1.0028480090379983
1042,1.7931985212321933e-09,2.8410771062997956e-12,3.4011442103967075e-08,631.1685512709107,0.05272338984482624,-315.58427563545536,16.912831425162167,22.128051717128766,0.7643163366285145,0.9999888020862494,0.9700588619638381,0.029929940122411427,0.9997940843276651,1.0028423605039383
1043,1.7941704639681002e-09,3.703323908069543e-12,3.4011442103967075e-08,484.47570574601986,0.052751966778816155,-242.23785287300993,16.906709320948956,22.115353917091706,0.764478352204109,0.9999891927111477,0.9701313879866177,0.02985780472453002,0.9997946535891795,1.0028357232981935
1044,1.7948182151904218e-09,3.4488618391677376e-12,3.4011442103967075e-08,520.4088475818847,0.05277101187606142,-260.20442379094237,16.902373753768927,22.105295369539455,0.7646300794089355,0.9999888020862494,0.9701644608946717,0.029824341191577813,0.9997943805169627,1.0028366681536771
1045,1.7952084421953077e-09,3.2177598116167162e-12,3.4011442103967075e-08,557.9062911141685,0.052782485279738126,-278.95314555708427,16.899357094674624,22.096715454402815,0.7647904562805687,0.9999885416696506,0.9702265702534973,0.029761971416153277,0.99979538588804,1.0028257732367185
1046,1.7948793499543747e-09,3.65236400929598e-12,3.4011442103967075e-08,491.42948112128374,0.05277280935244498,-245.71474056064187,16.891646402855745,22.081896721127293,0.7649545062265565,0.9999888020862494,0.9702802160728604,0.02970858601338906,0.9997948817729377,1.0028258367820184
1047,1.7942138093721178e-09,3.719565436833643e-12,3.4011442103967075e-08,482.37188989998765,0.052753241214751126,-241.18594494999383,16.884001969883155,22.06715500088083,0.7651191088841862,0.9999884114613512,0.9703311275179355,0.02965728394341564,0.9997950895492898,1.0028223910230236
1048,1.7937804697873708e-09,3.180443866035063e-12,3.4011442103967075e-08,564.0031848836269,0.05274050022060503,-282.00159244181344,16.881048917646556,22.0585927270754,0.7652822247779313,0.9999885416696506,0.9703604243853061,0.029628117284344457,0.9997954214393275,1.0028222682581525
1049,1.794108308300834e-09,2.9814146265396523e-12,3.4011442103967075e-08,601.7641063172575,0.052750139285966065,-300.88205315862876,16.878391021306296,22.050385169757522,0.7654465394307622,0.99998867187795,0.9704022212494215,0.029586450628528483,0.999796058210404,1.0028150748412752
1050,1.795304209770281e-09,3.486664145239968e-12,3.4011442103967075e-08,514.9059774573498,0.05278530102552981,-257.4529887286749,16.873407834014916,22.038122699821244,0.7656463331221847,0.99998867187795,0.9704619868588575,0.029526685019092443,0.99979730064767,1.002801197985062
1051,1.7929973885973483e-09,3.1775902558731368e-12,3.4011442103967075e-08,564.2632448546043,0.05271747616923935,-282.13162242730215,16.872219488757377,22.031618800392547,0.7658184195006478,0.9999888020862494,0.9705127680956334,0.029476033990616147,0.9997985263071913,1.0027876918516359
1052,1.7928831029655032e-09,2.9330256011375995e-12,3.4011442103967075e-08,611.2742767298445,0.052714115957946464,-305.63713836492224,16.872471250692623,22.02699123384294,0.7659907370721266,0.9999889322945489,0.9705783930785434,0.02941053921600541,0.9997990551110808,1.0027779510615984
1053,1.792821576100757e-09,3.16989423918344e-12,3.4011442103967075e-08,565.5777262028101,0.05271230695306634,-282.78886310140507,16.871269091830307,22.020693883187967,0.7661551984386348,0.9999889322945489,0.9706367263966859,0.029352205897863047,0.9997989607520049,1.0027808407676981
1054,1.7925557976624258e-09,3.8150454115971875e-12,3.4011442103967075e-08,469.86486509788716,0.05270449256996789,-234.93243254894358,16.86405878332483,22.00641453978291,0.7663246892326873,0.9999890625028484,0.9706599034739835,0.029329159028864835,0.9998002371529114,1.0027660539643453
1055,1.7924360614626812e-09,4.117699269495734e-12,3.4011442103967075e-08,435.30038114759856,0.05270097210178608,-217.65019057379928,16.854500688731065,21.989272873895082,0.7664874043534271,0.9999891927111477,0.9707281326228822,0.0292610600882656,0.9998004410979358,1.0027605715828138
1056,1.7922630360071188e-09,3.649682527289546e-12,3.4011442103967075e-08,491.0736817807962,0.05269588482983115,-245.5368408903981,16.849314735916373,21.978083472440048,0.7666416754238367,0.9999890625028484,0.9707774815683642,0.029211580934484133,0.999801686276626,1.0027489307587087
1057,1.7923111159659942e-09,2.870960424218295e-12,3.4011442103967075e-08,624.2897327482334,0.05269729847053266,-312.1448663741167,16.85055351177601,21.975145354475167,0.7668005485271773,0.9999888020862494,0.9708354242616083,0.02915337782464119,0.999802620867661,1.0027386297826837
1058,1.7932149477721307e-09,3.6028792165476848e-12,3.4011442103967075e-08,497.7171978277993,0.05272387281581839,-248.85859891389964,16.844175191733868,21.961470666333586,0.7669875778198948,0.9999890625028484,0.9708854242485875,0.02910363825426087,0.9998026853912377,1.002737139970293
1059,1.7924072082020745e-09,3.0760914734812808e-12,3.4011442103967075e-08,582.6898268969771,0.05270012376196801,-291.34491344848857,16.84248510511965,21.954745293632975,0.7671455478011893,0.9999888020862494,0.9709234450720196,0.029065357014229944,0.9998021339440518,1.002745223244988
1060,1.7931257447128093e-09,3.4106450530709623e-12,3.4011442103967075e-08,525.7438744903312,0.05272125007906266,-262.8719372451656,16.83910411417069,21.946082943067395,0.7672942892749814,0.9999888020862494,0.9709410231924419,0.02904777889380758,0.9998021826537353,1.0027398886759606
1061,1.7922767205353943e-09,3.0228920805878525e-12,3.4011442103967075e-08,592.9013252060442,0.05269628718055281,-296.4506626030221,16.839105354027915,21.941797312840976,0.7674442122466049,0.9999890625028484,0.9709910231794211,0.02899803932342726,0.999802348994892,1.0027369606521732
1062,1.7934427199639898e-09,3.216422010407718e-12,3.4011442103967075e-08,557.5893692310141,0.05273056974419805,-278.79468461550704,16.83702812137442,21.934060389039608,0.7676202136193552,0.9999888020862494,0.9710679762843811,0.02892082580186828,0.9998031149366121,1.0027272061465218
1063,1.7919601056309174e-09,3.051140919779634e-12,3.4011442103967075e-08,587.3082078950126,0.05268697811028437,-293.6541039475063,16.83473047552481,21.9267873213193,0.7677700444130496,0.9999889322945489,0.9711072991908075,0.02888163310374138,0.9998042192665405,1.0027198524460692
1064,1.7916537739184379e-09,2.918467304724763e-12,3.4011442103967075e-08,613.9022942000738,0.05267797138509044,-306.9511471000369,16.832992816378045,21.920185577447384,0.7679220030735823,0.9999888020862494,0.9711580804275832,0.028830721658666236,0.9998049156872257,1.0027111573549814
1065,1.7929208013446564e-09,3.934786639661359e-12,3.4011442103967075e-08,455.65896337875165,0.05271522436079037,-227.82948168937583,16.821959960606673,21.900732031545598,0.7681003510008929,0.9999890625028484,0.9711970127091113,0.028792049793737035,0.9998056932054434,1.002701765478023
1066,1.7917443696428719e-09,2.8846226641574932e-12,3.4011442103967075e-08,621.136480658618,0.0526806350688048,-310.568240329309,16.82026025234497,21.893743570618792,0.768267893432241,0.9999889322945489,0.9712299554088658,0.028758976885683102,0.9998069475494697,1.0026871681732543
1067,1.791565245277179e-09,3.207161435313111e-12,3.4011442103967075e-08,558.613989788846,0.05267536847748693,-279.306994894423,16.81783459953223,21.886254498521094,0.7684199505524644,0.9999889322945489,0.9712837314365282,0.02870520085802061,0.9998074823215322,1.00268099375961
1068,1.7919236440384135e-09,3.1453915953814535e-12,3.4011442103967075e-08,569.6981090270574,0.05268590607128077,-284.8490545135287,16.814188085339712,21.877529520778022,0.7685597256020411,0.9999889322945489,0.971323184551254,0.028665747743294858,0.9998078347768301,1.0026769772252608
1069,1.7932376681364205e-09,3.543213218246818e-12,3.4011442103967075e-08,506.1049272738135,0.05272454083701609,-253.05246363690674,16.807193599760495,21.863772974533276,0.7687233863678223,0.9999890625028484,0.9713850334934808,0.028604029009367444,0.9998086453481208,1.0026674118816805
1070,1.7930127818326635e-09,2.9083402607029318e-12,3.4011442103967075e-08,616.5072244329832,0.05271792875914331,-308.2536122164916,16.80606732844461,21.857815486335216,0.7688813797038047,0.9999894531277466,0.9714399813958382,0.028549471731908402,0.9998093118989625,1.0026634166062776
1071,1.7925482088397535e-09,3.07076511790745e-12,3.4011442103967075e-08,583.7464410372331,0.052704269444390064,-291.87322051861656,16.804336825832326,21.85076677831355,0.7690502121193429,0.9999897135443454,0.9714699293047059,0.02851978423963952,0.9998092466958052,1.0026561805384528
1072,1.7928124982390196e-09,2.582467812466379e-12,3.4011442103967075e-08,694.2245280210477,0.05271204004695546,-347.11226401052386,16.808008061922173,21.850860096822643,0.769214941079882,0.9999894531277466,0.9715190178335891,0.028470435294157475,0.9998093920844116,1.0026506825884105
1073,1.7937612066719797e-09,3.2341666631789943e-12,3.4011442103967075e-08,554.6285623106444,0.05273993384899008,-277.3142811553222,16.804565239069486,21.84197407188441,0.7693702585564729,0.999989583336046,0.9715911532314705,0.028398430104575493,0.9998096794949314,1.0026464069683825
1074,1.7936996709627569e-09,3.540708804278568e-12,3.4011442103967075e-08,506.5933885314891,0.05273812458406581,-253.29669426574455,16.79761788561189,21.8282892312557,0.7695343280296816,0.9999893229194472,0.9716330803038853,0.02835624261556182,0.9998103377097788,1.0026413242386205
1075,1.7935009278354225e-09,3.4486369422125287e-12,3.4011442103967075e-08,520.0608118188205,0.05273228116446817,-260.03040590941026,16.790214600671256,21.814442988964036,0.7696833977913373,0.9999890625028484,0.9716665438368376,0.028322518666010765,0.9998109767353549,1.002633230375888
1076,1.794080227625863e-09,3.805393171974194e-12,3.4011442103967075e-08,471.45725725237344,0.052749313661610446,-235.72862862618672,16.78055740944935,21.79723027510176,0.7698481503228974,0.9999890625028484,0.9717309969450528,0.028258065557795427,0.9998114861243093,1.0026319563664599
1077,1.793399534450024e-09,3.55096655733232e-12,3.4011442103967075e-08,505.04545888974064,0.05272930000932959,-252.52272944487032,16.773625140073122,21.784068500142197,0.7699950603792689,0.9999894531277466,0.9717544344389494,0.028235018688797218,0.9998123069539591,1.0026212451593683
1078,1.7928085773338126e-09,3.0231817175308327e-12,3.4011442103967075e-08,593.0204482706647,0.0527119247650102,-296.51022413533235,16.775737098746255,21.781752855569735,0.7701738794844782,0.9999894531277466,0.9717795646407383,0.028209888487008207,0.9998129329044715,1.0026151871806506
1079,1.793472847872111e-09,3.1663338452662502e-12,3.4011442103967075e-08,566.4193782198295,0.05273145556103666,-283.20968910991473,16.775459923186858,21.777230450710565,0.7703210911578288,0.9999893229194472,0.9718479239979365,0.0281413989215107,0.9998130112280654,1.0026118093814906
1080,1.794587176949215e-09,4.094570645583835e-12,3.4011442103967075e-08,438.2845803099653,0.052764218919723355,-219.14229015498265,16.76564222223687,21.760666047966883,0.7704562987769071,0.9999894531277466,0.971873835449522,0.028115617678224562,0.9998142082782473,1.0026041929107592
1081,1.7941773951802859e-09,2.8499607405375883e-12,3.4011442103967075e-08,629.544600267669,0.05275217056941593,-314.7723001338345,16.766668863646633,21.75833329276043,0.7705860847910324,0.9999891927111477,0.9719298250182747,0.028059367692872997,0.9998144809923275,1.0026030334218063
1082,1.7951126125128865e-09,3.484775220998551e-12,3.4011442103967075e-08,515.1301012747969,0.05277966770787133,-257.56505063739843,16.760478451005007,21.74593040700719,0.7707409219705899,0.9999893229194472,0.9719867260451234,0.02800259687432373,0.9998149039883888,1.0025999946391946
1083,1.7952219310033414e-09,3.637613786792275e-12,3.4011442103967075e-08,493.5163643599465,0.05278288187591868,-246.75818217997326,16.755394711993798,21.734915201002178,0.7708976343842014,0.9999893229194472,0.9720274812428434,0.02796184167660373,0.9998152656958665,1.0025934194557111
1084,1.7951262496743084e-09,2.9660197199993185e-12,3.4011442103967075e-08,605.2307196645074,0.05278006866591893,-302.6153598322537,16.751804500506775,21.725608563263208,0.771062612664077,0.9999893229194472,0.972074226022337,0.02791509689711018,0.9998164211934131,1.0025819766868114
1085,1.794437073073464e-09,3.213396011282111e-12,3.4011442103967075e-08,558.4238813931628,0.052759805585078735,-279.2119406965814,16.751339660689567,21.719831167927264,0.7712463108564833,0.9999893229194472,0.9720864656024829,0.02790285731696424,0.999816276933805,1.00257899136463
1086,1.793985094558034e-09,3.5127586729424784e-12,3.4011442103967075e-08,510.7054772582183,0.05274651657151534,-255.35273862910915,16.74361146821613,21.70507071374656,0.7714147393959804,0.9999894531277466,0.9721618562078499,0.027827596919896634,0.9998165328662745,1.0025788932660975
1087,1.7937739027279797e-09,3.5328219858382396e-12,3.4011442103967075e-08,507.74534067058784,0.05274030713677839,-253.87267033529392,16.738739012557108,21.694114020992068,0.7715797472236042,0.9999893229194472,0.9722212311923877,0.027768091727059446,0.9998176559756656,1.0025727865009972
1088,1.7939319742439007e-09,4.019155542960159e-12,3.4011442103967075e-08,446.3454959801449,0.05274495473494367,-223.17274799007245,16.73046227169679,21.678610558000386,0.7717497496869095,0.9999893229194472,0.9722752676366491,0.027714055282798102,0.9998178755396167,1.0025642158998245
1089,1.793828839397571e-09,3.817165864199434e-12,3.4011442103967075e-08,469.9373575095582,0.05274192237759715,-234.9686787547791,16.720547368226054,21.661429689428296,0.7719041451999078,0.9999894531277466,0.972316934292465,0.027672518835281552,0.9998183932062651,1.0025530225887973
1090,1.7939289232921712e-09,2.9732048043745053e-12,3.4011442103967075e-08,603.3654057913353,0.05274486503125748,-301.68270289566766,16.717701381503403,21.653289180531434,0.7720629065691489,0.9999894531277466,0.9723562571988914,0.027633195928855228,0.9998189594381417,1.0025461729437979
1091,1.7941131505922951e-09,3.0547825626422515e-12,3.4011442103967075e-08,587.3128819487782,0.05275028165839021,-293.6564409743891,16.714781989188687,21.64493610042053,0.7722259798615873,0.999989583336046,0.9724027415617861,0.027586841774259956,0.9998195313460982,1.0025397328947896
1092,1.7950549909118957e-09,3.601717534536899e-12,3.4011442103967075e-08,498.38860868435654,0.052777973525048545,-249.19430434217827,16.70818836717736,21.631629346508866,0.7723962027795146,0.9999893229194472,0.9724691477944928,0.027520175124954395,0.9998188304286875,1.0025422149116232
1093,1.7940461035180414e-09,3.3113567198647205e-12,3.4011442103967075e-08,541.7858162956644,0.052748310349027654,-270.8929081478322,16.704924518618764,21.622606891569095,0.7725675540599227,0.9999891927111477,0.9725177154901783,0.027471477220969473,0.9998206079840606,1.0025194465194365
1094,1.7941417016631813e-09,3.566964740013043e-12,3.4011442103967075e-08,502.9883479186343,0.0527511211132654,-251.49417395931715,16.70064313819655,21.612692935156776,0.7727238428039697,0.999989583336046,0.9725401113176794,0.02744947201836666,0.9998214370361417,1.0025124664066642
1095,1.7942662646647977e-09,3.893281442564044e-12,3.4011442103967075e-08,460.8622035511326,0.05275478349844847,-230.4311017755663,16.691593538814562,21.597076604465222,0.7728635613286455,0.999989583336046,0.9725695383933494,0.02742004494269663,0.9998210082001595,1.0025198058835183
1096,1.7931973306799214e-09,3.3801218258965897e-12,3.4011442103967075e-08,530.5126332848282,0.05272335484036309,-265.2563166424141,16.688562070729066,21.58871813094877,0.7730223707356193,0.9999894531277466,0.9726157623396452,0.027373690788101358,0.9998209772610105,1.0025200131684577
1097,1.7935166470008034e-09,3.464557248354364e-12,3.4011442103967075e-08,517.675569613609,0.05273274333732555,-258.8377848068045,16.682830852402404,21.577142909932693,0.773171449159876,0.9999894531277466,0.9726441477489198,0.027345305378826724,0.9998215281274108,1.0025124719016765
1098,1.793718890563045e-09,3.866917243699416e-12,3.4011442103967075e-08,463.8627561749999,0.05273868967625535,-231.93137808749995,16.675829062210397,21.564328834366627,0.7733061942384439,0.9999893229194472,0.9726988352346784,0.02729048768476883,0.9998210831273054,1.0025156892964475
1099,1.7941661018888028e-09,3.6073137416738125e-12,3.4011442103967075e-08,497.36902037700236,0.05275183852552763,-248.68451018850118,16.669894163698455,21.552381413737756,0.773459500539131,0.9999893229194472,0.9727298248099414,0.0272594981095057,0.999820138207469,1.0025230115732535
1100,1.7943108270067687e-09,3.079575475537581e-12,3.4011442103967075e-08,582.6487583304149,0.05275609371463497,-291.32437916520746,16.667939276068047,21.54548722546276,0.7736162613379957,0.9999890625028484,0.9728043039572125,0.027184758545635797,0.9998212893232602,1.0025128777135222
1101,1.7947500039683901e-09,3.725349869280948e-12,3.4011442103967075e-08,481.76683182640386,0.0527690063385772,-240.88341591320193,16.660125126192924,21.531333153078773,0.7737618942471608,0.9999890625028484,0.9728414133225486,0.02714764918029969,0.9998225099113401,1.0024982864206482
1102,1.7939874466396157e-09,3.698618191832511e-12,3.4011442103967075e-08,485.0426168889765,0.05274658572711229,-242.52130844448826,16.65290135062965,21.51808643533652,0.7739025215217386,0.9999893229194472,0.972852871652898,0.02713645126654915,0.9998225339086348,1.0024967756461203
1103,1.793564241722721e-09,3.2481083438741446e-12,3.4011442103967075e-08,552.1873200767272,0.0527341427111531,-276.0936600383636,16.651046413358266,21.511661131852215,0.7740474485581749,0.999989583336046,0.9729330799653437,0.027056503370702246,0.9998227704835551,1.0024985054774282
1104,1.7936492271554365e-09,3.4028959323292763e-12,3.4011442103967075e-08,527.0949399641753,0.05273664144179956,-263.54746998208765,16.646974700729256,21.50196269736907,0.7742072170354077,0.9999897135443454,0.9729743559962615,0.02701535754808397,0.9998223341230642,1.002502895923337
1105,1.7936151879766072e-09,2.877645946569215e-12,3.4011442103967075e-08,623.2925180093783,0.052735640626287966,-311.64625900468917,16.644893411774223,21.494562240146553,0.7743769436106802,0.999989583336046,0.973011595569897,0.026977987766149018,0.9998232936509573,1.0024899491848882
1106,1.7944936274565111e-09,3.648358650732396e-12,3.4011442103967075e-08,491.8632731176998,0.05276146838969825,-245.9316365588499,16.638176402085175,21.481071827065662,0.7745505687998981,0.999989583336046,0.9730873768001623,0.026902206535883714,0.9998249824568453,1.002473061752234
1107,1.7948822171363624e-09,3.295012794106546e-12,3.4011442103967075e-08,544.7269340946674,0.05277289365295711,-272.3634670473337,16.63730324559768,21.475043587598886,0.7747273330427679,0.9999894531277466,0.973129564289176,0.026859888838570614,0.9998245494046284,1.0024715717724488
1108,1.7939836293258148e-09,3.509484678541209e-12,3.4011442103967075e-08,511.1814963305444,0.05274647349094808,-255.5907481652722,16.632643872343632,21.464495249946516,0.7748909852601857,0.9999897135443454,0.9732044340613453,0.026785279483000135,0.999824648083081,1.0024703667999324
1109,1.7939111458657153e-09,3.1619177652994505e-12,3.4011442103967075e-08,567.3490833800424,0.05274434234167549,-283.6745416900212,16.629129648325247,21.455961502415853,0.7750353973394702,0.9999898437526449,0.9732265694722475,0.026763274280397324,0.999824531118625,1.0024694919935215
1110,1.7930169856891595e-09,3.293050029560653e-12,3.4011442103967075e-08,544.4851944531124,0.0527180523603856,-272.2425972265562,16.627563138483378,21.44921675570797,0.7752060752548704,0.9999898437526449,0.9732830798741979,0.026706763878446907,0.9998249784053255,1.0024679288444915
1111,1.7935386710755288e-09,3.578779628267476e-12,3.4011442103967075e-08,501.1592937740621,0.052733390886307976,-250.57964688703106,16.621782229876885,21.43755943338577,0.7753579544129899,0.9999899739609442,0.9733191475731386,0.02667082638780563,0.9998260689475303,1.0024609360995185
1112,1.7927372017757825e-09,2.708737552548389e-12,3.4011442103967075e-08,661.8349570593023,0.05270982619013025,-330.91747852965113,16.622039172582173,21.433557659013747,0.7755147062854439,0.9999897135443454,0.9733622465202483,0.02662746702409713,0.9998268116312322,1.0024506490444989
1113,1.7929997245057743e-09,2.7684794233363382e-12,3.4011442103967075e-08,647.6478421302485,0.052717544849315276,-323.82392106512424,16.622731159186774,21.430077613713074,0.7756729330998743,0.9999897135443454,0.9733787829742753,0.026610930570070163,0.9998272342064118,1.0024472493209124
1114,1.794101484694359e-09,3.702185184261133e-12,3.4011442103967075e-08,484.6060894850721,0.052749938659175405,-242.30304474253606,16.614193265234004,21.414254783643116,0.7758473705059514,0.9999898437526449,0.9734237048375769,0.02656613891506799,0.9998274041885866,1.0024443063739936
1115,1.793016802064984e-09,2.980188427896962e-12,3.4011442103967075e-08,601.6454480800287,0.052718046961491453,-300.82272404001435,16.61483153042781,21.410220347619873,0.7760233785858651,0.9999897135443454,0.9734630277440032,0.026526685800342238,0.9998277621186757,1.002437804833095
1116,1.7927269360697891e-09,3.369455758197987e-12,3.4011442103967075e-08,532.0523742470963,0.05270952435917695,-266.02618712354814,16.611684388547754,21.402182548993103,0.7761677740352362,0.9999897135443454,0.973508600648802,0.026481112895543515,0.999828937289796,1.002423615760057
1117,1.7923673129399834e-09,2.9631991830900046e-12,3.4011442103967075e-08,604.87574482621,0.05269895076665752,-302.437872413105,16.612899064744052,21.39959539935685,0.776318372133491,0.9999898437526449,0.9735777412557965,0.02641210249684831,0.9998302172522138,1.0024113441096911
1118,1.79316197150247e-09,4.0094002863212975e-12,3.4011442103967075e-08,447.2394481588993,0.052722315214423575,-223.61972407944964,16.603187619748983,21.38241060883692,0.7764881108815308,0.9999894531277466,0.9736122464551441,0.02637720667260243,0.9998300554658779,1.0024098022698449
1119,1.7921892076542934e-09,3.1894791306233472e-12,3.4011442103967075e-08,561.9065478268329,0.052693714138197435,-280.95327391341647,16.602142399980146,21.376917194428426,0.7766387570751898,0.9999894531277466,0.9736554756105532,0.026333977517193356,0.999830791521434,1.0024006878102818
1120,1.7930002250409948e-09,3.1500688379824792e-12,3.4011442103967075e-08,569.1939818652838,0.052717559565986775,-284.5969909326419,16.599396122580565,21.36905420076812,0.776796013834992,0.9999893229194472,0.9737161526780852,0.026273170241361915,0.9998308083596059,1.0023919358716011
1121,1.7935426761015316e-09,3.6037384768877486e-12,3.4011442103967075e-08,497.6894654271545,0.05273350864156195,-248.84473271357726,16.594880198041896,21.359453250292017,0.7769337540423709,0.9999893229194472,0.9737543037098167,0.026235019209630416,0.9998303121345766,1.002394132244018
1122,1.7953196223197368e-09,3.720994365042034e-12,3.4011442103967075e-08,482.4838325976492,0.05278575418330562,-241.2419162988246,16.58891143668643,21.347273373856705,0.7770974375117301,0.999989583336046,0.9737748766211258,0.026214706714920127,0.999830522130302,1.0023945256341475
1123,1.7948381503112832e-09,3.4298323871615982e-12,3.4011442103967075e-08,523.3020007128175,0.05277159800589385,-261.65100035640876,16.5860637465899,21.33959404591033,0.7772436397293401,0.9999894531277466,0.9738345120222625,0.026154941105484088,0.9998315010686483,1.0023850915974104
1124,1.7940121170197868e-09,3.529383226867753e-12,3.4011442103967075e-08,508.3075431884827,0.05274731108242347,-254.15377159424136,16.579018044360495,21.326463524344643,0.7773918083246746,0.9999894531277466,0.9739070380450422,0.026082415082704407,0.9998304798101362,1.0023961191006854
1125,1.7933597962776852e-09,2.7657484543907162e-12,3.4011442103967075e-08,648.4175353802216,0.05272813163275158,-324.2087676901108,16.579534097085265,21.3228786158241,0.7775467091381034,0.999989583336046,0.9739481838676605,0.026041399468385556,0.999830777697914,1.002398103174362
1126,1.793999711364419e-09,3.292820046004047e-12,3.4011442103967075e-08,544.8216684484477,0.05274694633295681,-272.41083422422383,16.57624548379024,21.314791461978533,0.7776874342570538,0.999989583336046,0.9739744859441443,0.02601509739190172,0.9998316417561693,1.0023868420881266
1127,1.7954132862295802e-09,3.419030004429229e-12,3.4011442103967075e-08,525.1235829763668,0.05278850807740858,-262.5617914881834,16.574742189542082,21.30903534043246,0.7778269604768371,0.999989583336046,0.9740066473941023,0.025982935941943765,0.9998322679269757,1.002381465748912
1128,1.7952642888338767e-09,3.0588727739794775e-12,3.4011442103967075e-08,586.903876521254,0.052784127275346496,-293.451938260627,16.572457551197594,21.301967915704385,0.77797777260663,0.9999894531277466,0.9740346421784786,0.025954810949267982,0.9998333640609933,1.0023716661048498
1129,1.7948132147828612e-09,2.8572782034193295e-12,3.4011442103967075e-08,628.1548687261159,0.05277086485472826,-314.07743436305793,16.57262294349888,21.298202929697386,0.7781230650399458,0.9999894531277466,0.9741212306975962,0.025868222430150408,0.9998322979477791,1.0023794422793157
1130,1.794969037776359e-09,3.2669484461519237e-12,3.4011442103967075e-08,549.4329241376976,0.052775446342129516,-274.7164620688488,16.57041381960008,21.29094505507383,0.7782845607246164,0.9999897135443454,0.974140501525911,0.02584921201843437,0.9998323877470787,1.0023718020343018
1131,1.7940903602688206e-09,2.9797366546694734e-12,3.4011442103967075e-08,602.0969529160723,0.05274961158026166,-301.04847645803613,16.57064192193388,21.287391276621815,0.7784252051650898,0.9999898437526449,0.9741665431857961,0.02582330056684881,0.9998332902792956,1.0023638463318667
1132,1.7940525697328549e-09,3.605603958968369e-12,3.4011442103967075e-08,497.5733858041822,0.052748500467835135,-248.7866929020911,16.56443518406182,21.275342480265255,0.7785743143466097,0.9999898437526449,0.9742162827561763,0.025773560996468492,0.9998338069906857,1.0023542446152094
1133,1.7945929367607704e-09,4.425667953578831e-12,3.4011442103967075e-08,405.4965161382175,0.052764388268954056,-202.74825806910874,16.55360376971342,21.256587091232806,0.778751720521536,0.9999897135443454,0.9742578192036929,0.025731894340652515,0.9998340053848284,1.0023521993134312
1134,1.7922123583635443e-09,2.952485816698145e-12,3.4011442103967075e-08,607.0181093597362,0.05269439481234175,-303.5090546798681,16.552477870627136,21.2506687085129,0.7789156236761766,0.999989583336046,0.9743022202337969,0.025687363102249193,0.9998349226181003,1.002346746168857
1135,1.792002148010714e-09,3.3030779942527945e-12,3.4011442103967075e-08,542.5249270918569,0.052688214234870565,-271.2624635459284,16.54930668366108,21.24219495668747,0.7790770547678748,0.9999897135443454,0.9743160223135359,0.025673691230809575,0.9998353486819648,1.0023404785584875
1136,1.7917741964761833e-09,3.576887732834081e-12,3.4011442103967075e-08,500.9310692165627,0.05268151203348098,-250.46553460828136,16.543907547559673,21.231434003272614,0.7792176235015306,0.9999897135443454,0.9743496160547875,0.025640097489557947,0.9998347406209123,1.0023495486314562
1137,1.7922661328100374e-09,3.3836858868834537e-12,3.4011442103967075e-08,529.6786382440497,0.05269597588162804,-264.83931912202485,16.538563507636137,21.22094206975161,0.7793510511114514,0.999989583336046,0.9743921941686995,0.025597389167346572,0.9998355362200376,1.0023435725530132
1138,1.7929055924981262e-09,3.4957136369521846e-12,3.4011442103967075e-08,512.8868605099217,0.0527147771922615,-256.44343025496084,16.53264110360491,21.208788624491888,0.7795184060872309,0.9999898437526449,0.9744290431174367,0.02556080063520817,0.9998352568151742,1.0023439466597304
1139,1.7917769996385761e-09,2.8626588095990937e-12,3.4011442103967075e-08,625.9135715476721,0.05268159445169731,-312.95678577383603,16.53080420199,21.201910144329037,0.7796846647051546,0.9999898437526449,0.9744559962354177,0.025533847517227207,0.9998361579058548,1.0023326008069495
1140,1.7931806492263587e-09,3.625658611884521e-12,3.4011442103967075e-08,494.58066552336294,0.05272286437443366,-247.29033276168147,16.52400452126656,21.188631700959807,0.7798523639692152,0.9999897135443454,0.9745155014282548,0.025474212116090595,0.9998371891556009,1.0023264876702171
1141,1.793832868235962e-09,3.6338509057890946e-12,3.4011442103967075e-08,493.64514801039405,0.05274204083297986,-246.82257400519703,16.51724810225055,21.176275593784432,0.7799883425723182,0.9999897135443454,0.9745513087105967,0.02543840483374874,0.9998375009341852,1.0023208728257327
1142,1.7954880784918083e-09,4.687513868338193e-12,3.4011442103967075e-08,383.03632350176724,0.05279070710978126,-191.51816175088362,16.506370540642553,21.158165234308914,0.7801418675886288,0.9999898437526449,0.9745800847447696,0.02540975900787526,0.9998370645146918,1.0023265692792507
1143,1.793619103851362e-09,3.371912488377407e-12,3.4011442103967075e-08,531.929316088054,0.05273575576032853,-265.964658044027,16.502354643219157,21.148985834521895,0.780290590401836,0.9999897135443454,0.9745921941166161,0.025397519427729314,0.99983770453595,1.0023163482339288
1144,1.7934045159918522e-09,3.2888668073072288e-12,3.4011442103967075e-08,545.2955747576194,0.05272944647597493,-272.6477873788097,16.50157060290917,21.143643930907622,0.7804506478085026,0.999989583336046,0.9746571680580292,0.025332415278016853,0.9998384138274677,1.0023060170704259
1145,1.7928887663334708e-09,3.3479360771840764e-12,3.4011442103967075e-08,535.5206088168374,0.05271428247155534,-267.7603044084187,16.49592571101311,21.132487281797232,0.7805955584424797,0.9999894531277466,0.9747341211629893,0.0252553319647573,0.9998387906918254,1.0023029123013132
1146,1.7935749560165885e-09,3.6635071745570565e-12,3.4011442103967075e-08,489.57866616801266,0.05273445773142877,-244.78933308400633,16.488118908221146,21.117982949052635,0.7807620144404375,0.9999893229194472,0.9747515690751122,0.025237753844334937,0.9998405777986322,1.0022820953885352
1147,1.7927963694938474e-09,2.585725575966408e-12,3.4011442103967075e-08,693.3436348224211,0.05271156583168629,-346.67181741121055,16.489559242766916,21.115840389070755,0.7809094470756497,0.9999898437526449,0.974789199273646,0.025200644478998835,0.9998411392915808,1.002278021438437
1148,1.7930123171027352e-09,3.4523220290059007e-12,3.4011442103967075e-08,519.3641560775936,0.05271791509521436,-259.6820780387968,16.487114566612874,21.108735436154028,0.7810564785597974,0.9999901041692437,0.9748377669693316,0.025152337199912188,0.9998406057118228,1.002282444365358
1149,1.7930168416041518e-09,3.612681695341529e-12,3.4011442103967075e-08,496.31187932117194,0.052718048124016925,-248.15593966058597,16.482216200543505,21.098177538372557,0.7812151628057107,0.9999899739609442,0.9748681055030975,0.025121868457846756,0.9998416715409798,1.0022736388602989
1150,1.7918622414724852e-09,3.535589112579564e-12,3.4011442103967075e-08,506.80726306602514,0.05268410072101834,-253.40363153301257,16.47857416232655,21.08920616616533,0.7813747958310592,0.9999898437526449,0.9748864648733164,0.025103378879328418,0.99984243542754,1.0022657067222462
1151,1.7918589354811815e-09,3.520864635812284e-12,3.4011442103967075e-08,508.92582386024884,0.05268400351869173,-254.46291193012442,16.470872572838694,21.075114611581803,0.7815318149580618,0.9999899739609442,0.9749238346552513,0.02506613930569289,0.9998413475917993,1.0022755858371688
1152,1.791357214939096e-09,3.3482801659435113e-12,3.4011442103967075e-08,535.0081612523334,0.05266925199652599,-267.5040806261667,16.469314921380708,21.06953301638088,0.7816649238773516,0.999989583336046,0.974973053392434,0.025016529943611993,0.9998415453693931,1.0022709485333976
1153,1.7925116923247596e-09,3.851417815275101e-12,3.4011442103967075e-08,465.41605670916374,0.052703195790562554,-232.70802835458187,16.462521177784847,21.05685759426121,0.7818128181800263,0.9999898437526449,0.975006126300488,0.024983717452156915,0.9998421332375831,1.0022671674880996
1154,1.7915016771180177e-09,3.3555329360180167e-12,3.4011442103967075e-08,533.8948272234747,0.052673499454733735,-266.9474136117374,16.45885584136381,21.04782426026802,0.7819742144290512,0.9999899739609442,0.9750411523330332,0.024948821627911035,0.9998427577979697,1.0022598000282719
1155,1.7911712572511983e-09,2.9901730491145695e-12,3.4011442103967075e-08,599.0192633772779,0.05266378449275684,-299.50963168863893,16.455725912438446,21.040012932362608,0.7821157698590165,0.9999898437526449,0.9750679752427148,0.024921868509930077,0.9998423553207169,1.002262109508837
1156,1.7925897242465677e-09,3.2857003512991956e-12,3.4011442103967075e-08,545.5730993660945,0.05270549007498512,-272.78654968304727,16.45139186087754,21.0296269153047,0.7822959450081701,0.9999898437526449,0.9751065168993446,0.0248833268533003,0.999843083953024,1.0022574093492156
1157,1.7925521096281315e-09,3.3846026749190638e-12,3.4011442103967075e-08,529.6196575484291,0.05270438413486293,-264.80982877421457,16.4502198301434,21.023726209446824,0.7824597631390214,0.9999898437526449,0.975157818969318,0.02483202478332688,0.9998443746836226,1.002241679365754
1158,1.7919519413424916e-09,3.216727467116819e-12,3.4011442103967075e-08,557.0729754574558,0.05268673806493725,-278.5364877287279,16.448759048421913,21.017436220257554,0.7826244303083864,0.9999897135443454,0.9752070377065006,0.024782675837844832,0.9998450664317525,1.0022319111240376
1159,1.7928781368383967e-09,3.104302963338364e-12,3.4011442103967075e-08,577.5461216292941,0.05271396994452277,-288.77306081464707,16.44796387050581,21.01213052597736,0.782784204113483,0.9999899739609442,0.9752514387366045,0.024738535224339785,0.9998452161314594,1.0022272837892803
1160,1.792964823470746e-09,2.9982856529228743e-12,3.4011442103967075e-08,597.996665768946,0.05271651869361974,-298.998332884473,16.448942631949645,21.00888891165455,0.7829515735515502,0.9999899739609442,0.9753062564306624,0.024683717530281892,0.9998462222457426,1.0022165930675062
1161,1.7933958350662549e-09,2.8174809002523635e-12,3.4011442103967075e-08,636.5245758740084,0.05272919124052885,-318.2622879370042,16.44769728761648,21.00305911896538,0.7831096029608616,0.9999902343775431,0.9753752668293576,0.024614967548185533,0.9998455444981915,1.0022236951187546
1162,1.7937423373221832e-09,3.1866610286255196e-12,3.4011442103967075e-08,562.890850708356,0.05273937905481997,-281.445425354178,16.443807134241332,20.993597845141036,0.7832772283978588,0.9999901041692437,0.9753764387040524,0.024613665465191285,0.9998455392293152,1.002219890997452
1163,1.7943575407801417e-09,3.971667834692197e-12,3.4011442103967075e-08,451.7894283873827,0.05275746718692792,-225.89471419369136,16.436940690618364,20.980786730157448,0.7834282337464575,0.9999903645858426,0.9754200584843598,0.024570306101482788,0.9998450361796208,1.0022196487259578
1164,1.793775244823105e-09,3.083159650521438e-12,3.4011442103967075e-08,581.7977166767,0.05274034659688482,-290.89885833835,16.434864798045723,20.974205371179824,0.7835750869793854,0.9999901041692437,0.9754533918090126,0.024536712360231156,0.9998461357376719,1.0022091915719669
1165,1.794308107396839e-09,3.413005386801711e-12,3.4011442103967075e-08,525.7267141550764,0.05275601375301731,-262.8633570775382,16.431197991790036,20.965758595967344,0.7837158820931236,0.9999903645858426,0.9754871157585636,0.024503248827278952,0.9998463187218133,1.0022095812113927
1166,1.7935087855505168e-09,2.7957364307648833e-12,3.4011442103967075e-08,641.5156900394334,0.052732512195986035,-320.7578450197167,16.433035053453114,20.96370651827711,0.7838802283902443,0.9999903645858426,0.9755092511694659,0.024481113416376713,0.9998469621327639,1.0022041290220915
1167,1.7939882572296528e-09,4.123550072604998e-12,3.4011442103967075e-08,435.0591664081151,0.052746609559975205,-217.52958320405756,16.422984095666195,20.9467403936725,0.784035309886553,0.9999902343775431,0.9755570376153548,0.024433196762188344,0.9998473646606287,1.0021996352701559
1168,1.7940309696842116e-09,3.910891213265003e-12,3.4011442103967075e-08,458.7268916095641,0.052747865386012456,-229.36344580478206,16.417408875673253,20.935416145614095,0.7841930994580516,0.9999902343775431,0.9755751365689749,0.02441509780856828,0.9998484149334386,1.002185660708332
1169,1.7940265175662347e-09,3.671050518776025e-12,3.4011442103967075e-08,488.69567672536033,0.05274773448541838,-244.34783836268016,16.410857305493234,20.92303222826576,0.7843441202237958,0.9999902343775431,0.9755947980221881,0.024395436355355116,0.9998486755122065,1.0021807281031605
1170,1.7945522284952743e-09,3.182122965786598e-12,3.4011442103967075e-08,563.9481087908473,0.05276319136982312,-281.97405439542365,16.408890470915626,20.916289444391147,0.784502935596724,0.9999903645858426,0.9756622459212901,0.02432811866455243,0.9998488541552681,1.0021786554051964
1171,1.7948078849760206e-09,3.5081356365264863e-12,3.4011442103967075e-08,511.61302496077815,0.052770708148440294,-255.80651248038907,16.406340355831972,20.90931670055442,0.7846425873590097,0.9999904947941419,0.975694667787847,0.02429582700629505,0.9998488345000484,1.0021818247776584
1172,1.7941602862152146e-09,3.0741473505428464e-12,3.4011442103967075e-08,583.6285908345916,0.052751667533848697,-291.8142954172958,16.40403487741688,20.902298212217023,0.7847957535994301,0.9999904947941419,0.975729303195494,0.02426119159864802,0.9998488344632059,1.0021787305159962
1173,1.79324387551816e-09,3.048404522330552e-12,3.4011442103967075e-08,588.2565330099949,0.05272472334564717,-294.12826650499744,16.40384583260544,20.89776842808824,0.7849568191480859,0.9999904947941419,0.9757472719408146,0.024243222853327383,0.9998501417538856,1.0021662929246247
1174,1.7932723917312829e-09,3.6134756530802e-12,3.4011442103967075e-08,496.27355042579603,0.052725561775638925,-248.13677521289802,16.39605075427212,20.883577633661197,0.7851169489199085,0.9999901041692437,0.9757950583867036,0.02419504578254016,0.9998501861650413,1.0021653799694128
1175,1.7920878430759125e-09,3.099363913345205e-12,3.4011442103967075e-08,578.2114953844438,0.05269073383003905,-289.1057476922219,16.396334038161687,20.879950595716448,0.7852668981661968,0.9999901041692437,0.9758419333744965,0.024148170794747188,0.9998500030675566,1.0021665670945314
1176,1.7930938849435918e-09,3.2701430657724406e-12,3.4011442103967075e-08,548.3227641357169,0.0527203133422692,-274.1613820678584,16.394257791056003,20.87344469341645,0.7854121843256089,0.9999899739609442,0.9759123760644854,0.024077597896458882,0.9998497512616719,1.0021680427990678
1177,1.7938650311881808e-09,3.2101971453475636e-12,3.4011442103967075e-08,558.8021389240757,0.05274298648392052,-279.40106946203787,16.392726094744205,20.867465182196934,0.785563840726072,0.9999899739609442,0.9759441468895451,0.0240458270713992,0.9998496811163311,1.0021724072902845
1178,1.7937842257348735e-09,3.265941418480324e-12,3.4011442103967075e-08,549.2395594068983,0.052740610652485316,-274.6197797034491,16.388522830521293,20.858910621534832,0.7856845032741887,0.9999899739609442,0.9759816468797795,0.024008327081164824,0.9998499328731084,1.0021684797693506
1179,1.7938365325365704e-09,3.6174140548458635e-12,3.4011442103967075e-08,495.8891919307825,0.05274214857027007,-247.94459596539124,16.384533085867837,20.84961705842894,0.7858433581754447,0.9999902343775431,0.9760105531222518,0.02397968125529134,0.9998502365756142,1.0021661084365585
1180,1.7944746651963354e-09,3.7402206735410275e-12,3.4011442103967075e-08,479.7777515884989,0.05276091086378924,-239.88887579424946,16.37816847871923,20.83751317452576,0.785994391055351,0.9999902343775431,0.9760489645705821,0.02394126980696099,0.9998508115010609,1.0021608851249568
1181,1.792266922958889e-09,2.83754906012233e-12,3.4011442103967075e-08,631.6249992455188,0.05269599911348187,-315.8124996227594,16.377708552345112,20.832794292616214,0.7861503513309244,0.9999906250024414,0.9760694072735918,0.023921217728849548,0.999850572394426,1.0021607588947206
1182,1.7941841767612069e-09,3.732748860496541e-12,3.4011442103967075e-08,480.6602972273199,0.052752369960576716,-240.33014861365996,16.37384239018734,20.823196337511412,0.7863270424382975,0.9999906250024414,0.9761010478903521,0.023889577112089295,0.9998503954304434,1.0021563560372364
1183,1.79355950439469e-09,4.126166957370825e-12,3.4011442103967075e-08,434.6793338526316,0.05273400342485008,-217.3396669263158,16.36314018233919,20.80506078609378,0.7864980713383162,0.9999904947941419,0.9761264385087399,0.02386405628540201,0.9998504900145793,1.0021508664510899
1184,1.792535234965924e-09,3.0095115617603077e-12,3.4011442103967075e-08,595.6233090254166,0.052703887988238045,-297.8116545127083,16.363846695899465,20.80179923341499,0.7866553518896281,0.9999907552107409,0.9761903707837576,0.02380038442698322,0.9998517753727121,1.0021419171791037
1185,1.7938171474532586e-09,3.101224515126219e-12,3.4011442103967075e-08,578.422213130303,0.05274157861257017,-289.2111065651515,16.360466846481835,20.793415666416262,0.7868099743182576,0.9999902343775431,0.9762175843183374,0.023772650059205713,0.9998524209760166,1.0021376528285508
1186,1.7934078596211503e-09,3.669632696441018e-12,3.4011442103967075e-08,488.715903736219,0.05272954478492896,-244.3579518681095,16.35481187013974,20.782315254570374,0.7869581261665756,0.9999899739609442,0.9762684957634126,0.02372147819753172,0.9998526266167163,1.002134235124875
1187,1.7929214062284118e-09,3.4437426968623565e-12,3.4011442103967075e-08,520.6316394839744,0.052715242145503924,-260.3158197419872,16.35166769276549,20.77410809409644,0.7871176764220402,0.9999901041692437,0.9762835999261459,0.023706504243097854,0.9998525566935998,1.0021354290469962
1188,1.7925019883764657e-09,2.878627913613112e-12,3.4011442103967075e-08,622.6931865350411,0.052702910476336115,-311.3465932675206,16.350198421821926,20.768041438857615,0.7872768585308302,0.9999901041692437,0.9763113342939234,0.023678769875320346,0.9998526349759103,1.0021325475700669
1189,1.7930718169456258e-09,2.8409382562393826e-12,3.4011442103967075e-08,631.1548000058114,0.05271966450186136,-315.5774000029057,16.350177643094604,20.764710173896027,0.7874021600190176,0.9999902343775431,0.9763623759472979,0.023627858430245202,0.9998531896904208,1.0021232091442367
1190,1.7933242290621827e-09,3.1083566048601635e-12,3.4011442103967075e-08,576.9364513254937,0.05272708589010433,-288.4682256627469,16.347514717171613,20.75720538430539,0.787558556872595,0.9999904947941419,0.9763733134444497,0.023617181349692356,0.9998541956100482,1.002110100740571
1191,1.7934555064139266e-09,3.2497323439945713e-12,3.4011442103967075e-08,551.8779138005596,0.05273094568973713,-275.9389569002798,16.342859834038844,20.7474330696161,0.7877051478706731,0.9999903645858426,0.9764106832263846,0.02357968135945798,0.9998554546538401,1.0020947187315867
1192,1.7957225850595213e-09,4.398092186712156e-12,3.4011442103967075e-08,408.2958039135451,0.05279760204140445,-204.14790195677256,16.33597835094715,20.73446498005169,0.7878659211445168,0.9999903645858426,0.9764615946714598,0.023528769914382835,0.9998562436118185,1.0020865776080794
1193,1.793503537482665e-09,3.113445225001309e-12,3.4011442103967075e-08,576.0510970550031,0.05273235789297719,-288.02554852750154,16.33203957852459,20.72507357771344,0.7880328876654571,0.9999906250024414,0.9764927144550223,0.023497910547419128,0.9998566410510955,1.002088664167457
1194,1.7938720620111834e-09,3.569794440657612e-12,3.4011442103967075e-08,502.5141060169067,0.05274319320326459,-251.25705300845334,16.32727671000458,20.714692920823495,0.7881978638259969,0.9999904947941419,0.9765204488227998,0.023470045971342196,0.9998571438440471,1.002080392291218
1195,1.7925149773169602e-09,2.9120807705902972e-12,3.4011442103967075e-08,615.5443885416702,0.05270329237547626,-307.7721942708351,16.329711945591686,20.71357795333313,0.788357857941389,0.9999904947941419,0.9765694071433836,0.023421087650758423,0.9998575267357945,1.002076925776658
1196,1.792931655664143e-09,4.028185621414348e-12,3.4011442103967075e-08,445.0965829709262,0.052715543498081094,-222.5482914854631,16.323538259386357,20.70203314384447,0.7884992814940008,0.9999904947941419,0.9766126362987926,0.02337785849534935,0.9998580103587801,1.0020696130788551
1197,1.7932208755253761e-09,3.996036471157083e-12,3.4011442103967075e-08,448.74987715168055,0.05272404710284884,-224.37493857584028,16.31574689211569,20.688025401234775,0.7886565573890816,0.9999904947941419,0.9766524800384166,0.023338014755725323,0.9998590535630397,1.0020581807907816
1198,1.7929853564066005e-09,3.576664640127875e-12,3.4011442103967075e-08,501.30094286460604,0.052717122400330906,-250.65047143230302,16.31012893653688,20.677124718245587,0.7888006267208298,0.9999906250024414,0.9766842508634763,0.023306374138965066,0.9998583502188993,1.0020656568861144
1199,1.7935521636494538e-09,3.741579439716591e-12,3.4011442103967075e-08,479.3569647649411,0.05273378759321278,-239.67848238247055,16.304586446567065,20.66602429801683,0.7889561248668279,0.9999906250024414,0.9767408914737262,0.023249733528715226,0.9998583881456602,1.0020648719668723
1200,1.7935475136594674e-09,4.2027611177961786e-12,3.4011442103967075e-08,426.754570005149,0.0527336508748116,-213.3772850025745,16.29859203680783,20.654462056244725,0.7891075542139365,0.9999906250024414,0.9767877664615191,0.023202858540922255,0.9998569723917088,1.002078907427623
1201,1.7924446455972724e-09,2.8950829675106533e-12,3.4011442103967075e-08,619.1341200623731,0.052701224491395575,-309.56706003118654,16.299191075185792,20.651628779637438,0.7892448217574412,0.9999907552107409,0.9768212299944714,0.023169525216269474,0.9998574875073639,1.0020718766809178
1202,1.7931107429869674e-09,3.6688050025942415e-12,3.4011442103967075e-08,488.74517498723543,0.052720809000269354,-244.37258749361771,16.29203170143979,20.63838984876492,0.7894042035655591,0.9999907552107409,0.9768395893646903,0.02315116584605056,0.9998584716969182,1.0020640901043563
1203,1.7937901731692768e-09,3.1494665559915312e-12,3.4011442103967075e-08,569.5536502068194,0.0527407855181786,-284.7768251034097,16.292731060819076,20.63529513703042,0.7895564833275134,0.9999907552107409,0.9768709695648516,0.023119785645889155,0.9998591159882894,1.002059652587737
1204,1.7935509259424254e-09,2.973880563811382e-12,3.4011442103967075e-08,603.1011963855658,0.05273375120231161,-301.5505981927829,16.292746563312054,20.63147936250038,0.7897032625263716,0.9999906250024414,0.9769140685119613,0.02307655649048008,0.9998601088821922,1.002048699144911
1205,1.793619455022665e-09,3.3031497946121837e-12,3.4011442103967075e-08,543.0027599560468,0.052735766085421534,-271.5013799780234,16.287607784839988,20.62070094036648,0.789866834883185,0.9999904947941419,0.9769161518447521,0.023074342949389856,0.999860628570159,1.002040504381891
1206,1.7929052624771009e-09,2.65255427551955e-12,3.4011442103967075e-08,675.9165228111792,0.05271476748902621,-337.9582614055896,16.288064990300835,20.616774017404676,0.7900394589643586,0.9999904947941419,0.9769863341181422,0.023004160675999825,0.9998605947092887,1.002040604940393
1207,1.7926964610190886e-09,3.3832497956849166e-12,3.4011442103967075e-08,529.8741060460684,0.05270862833569734,-264.9370530230342,16.282622792525444,20.6059989664767,0.7901884698244996,0.9999904947941419,0.9770394591043076,0.022951035689834455,0.9998612783755998,1.0020314277183244
1208,1.7945465488905123e-09,3.938280160561848e-12,3.4011442103967075e-08,455.66756952976556,0.05276302437882213,-227.83378476488278,16.27371766076272,20.590653779321112,0.7903448737070298,0.9999903645858426,0.9770582090994248,0.022932155486417843,0.9998618022229466,1.0020265311865533
1209,1.7945657668693575e-09,3.3386722719784858e-12,3.4011442103967075e-08,537.5088120901139,0.052763589423338225,-268.75440604505695,16.271214870330144,20.58362067226523,0.7904933310520192,0.9999904947941419,0.9770964903394557,0.02289400445468634,0.9998606893207291,1.0020404984958176
1210,1.793330095189112e-09,2.39634711740314e-12,3.4011442103967075e-08,748.3599025221763,0.05272725836520584,-374.17995126108815,16.2746708915391,20.584379289531586,0.7906320935222838,0.9999904947941419,0.9771325580383964,0.022857936755745635,0.9998620230489544,1.0020263320210314
1211,1.7947088758372527e-09,3.363068683127544e-12,3.4011442103967075e-08,533.6521626338692,0.052767797094611255,-266.8260813169346,16.273417731069586,20.578213756743445,0.7908080809850084,0.9999904947941419,0.9771761778187037,0.022814316975438287,0.9998628825848564,1.0020157847163453
1212,1.7938692355977171e-09,3.4489716862475914e-12,3.4011442103967075e-08,520.1171244027836,0.05274311010142323,-260.0585622013918,16.27023650572215,20.57044903023874,0.7909519370143432,0.9999903645858426,0.977188547607149,0.022801816978693497,0.9998638632673713,1.0020065145654815
1213,1.7941649786739598e-09,3.324029223083258e-12,3.4011442103967075e-08,539.7560786212802,0.052751805500910805,-269.8780393106401,16.26600848829888,20.560754587311518,0.7911192373424359,0.9999902343775431,0.9772446673842012,0.022745566993341928,0.9998633245489775,1.0020125730568086
1214,1.7937123405917537e-09,3.6262638794781847e-12,3.4011442103967075e-08,494.64473634772185,0.052738497094850796,-247.32236817386092,16.26002416404843,20.549265480123776,0.7912703342012831,0.9999903645858426,0.977232037179157,0.022758327406685572,0.9998634075837948,1.0020107952911144
1215,1.7931901130405062e-09,3.3051001173637337e-12,3.4011442103967075e-08,542.5524339247003,0.05272314262826713,-271.27621696235013,16.25371999518665,20.537318973690503,0.7914236525229319,0.9999902343775431,0.9772782611254528,0.0227119732520903,0.99986321576634,1.0020096521387314
1216,1.7932777790751526e-09,2.7607193118279226e-12,3.4011442103967075e-08,649.5690349222032,0.05272572017362315,-324.7845174611016,16.25562444189811,20.535512153480138,0.7915860252427783,0.9999902343775431,0.9773005267446545,0.022689707632888637,0.9998642341944396,1.0019998972351256
1217,1.7938830841347966e-09,3.4128207390216735e-12,3.4011442103967075e-08,525.630620918295,0.05274351727431043,-262.8153104591475,16.251688986285735,20.526489730489875,0.7917422413509707,0.9999902343775431,0.977346360066052,0.022643874311491063,0.9998654913244982,1.0019914209495009
1218,1.793299690166086e-09,3.229256775770246e-12,3.4011442103967075e-08,555.3289238630911,0.052726364400670814,-277.66446193154553,16.249412985341856,20.519398420792868,0.7919049404916219,0.9999902343775431,0.9773878965135686,0.022602337863974514,0.9998668234837197,1.001978542832042
1219,1.7929227220660033e-09,3.337707776257653e-12,3.4011442103967075e-08,537.1718683162511,0.052715280833589756,-268.58593415812555,16.248303005311023,20.514477717455048,0.7920407835431225,0.9999901041692437,0.9774049538007933,0.022585150368450425,0.9998673447302716,1.001972645867763
1220,1.7929208836200567e-09,2.913136566004192e-12,3.4011442103967075e-08,615.4606359836125,0.052715226779840994,-307.73031799180626,16.25139156749883,20.514220584681905,0.7922012684037258,0.9999899739609442,0.9774294329610852,0.022560540999859116,0.9998672054874499,1.0019689027955692
1221,1.7928407233077818e-09,2.7093725693251553e-12,3.4011442103967075e-08,661.7180463129656,0.05271286991675857,-330.8590231564828,16.252588218372136,20.512066122000125,0.792342815282781,0.9999901041692437,0.9774778704484712,0.02251223372077247,0.9998667270112349,1.0019670855045397
1222,1.7935073991774358e-09,3.3385865962067923e-12,3.4011442103967075e-08,537.2055950907993,0.05273247143402491,-268.60279754539965,16.246504314377038,20.499981295490336,0.7925131286803176,0.9999902343775431,0.977519146479389,0.022471087898154194,0.999866388816101,1.001971241816413
1223,1.7929951593123348e-09,3.074525598066199e-12,3.4011442103967075e-08,583.1778276427702,0.052717410624091146,-291.5889138213851,16.245204876559896,20.494548312142697,0.792659815143858,0.9999901041692437,0.977551047512748,0.022439056656495662,0.9998676931357665,1.0019586306962611
1224,1.7926648373501845e-09,2.9438207328868387e-12,3.4011442103967075e-08,608.9585610032101,0.052707698540694604,-304.47928050160505,16.242249791718546,20.487469119681514,0.7927894703262908,0.9999903645858426,0.977585031878898,0.022405332706944607,0.999867109648742,1.0019659543383053
1225,1.7941095723034321e-09,3.3988421356248746e-12,3.4011442103967075e-08,527.859047496946,0.05275017645000617,-263.929523748473,16.240274113857275,20.481813925990522,0.792911905778476,0.9999903645858426,0.9776088599976928,0.022381504588149848,0.9998664331291226,1.0019731988066696
1226,1.7940080942013004e-09,3.379775571285338e-12,3.4011442103967075e-08,530.806870563608,0.05274719280403722,-265.403435281804,16.237133003895163,20.474269423736256,0.7930506660751034,0.9999903645858426,0.9776540422775931,0.0223363223082494,0.9998663373887714,1.0019680055778883
1227,1.7941830933252502e-09,3.161263232118658e-12,3.4011442103967075e-08,567.5525767978519,0.052752338105533536,-283.77628839892594,16.2368289327344,20.47060629641975,0.7931777250571311,0.9999903645858426,0.9776750058138006,0.022315358772041986,0.9998666075990092,1.0019643729497087
1228,1.7936746770452242e-09,3.0431487682813076e-12,3.4011442103967075e-08,589.4140620861746,0.052737389716151176,-294.7070310430873,16.237739167453803,20.468175310587636,0.793316400756762,0.9999903645858426,0.9777071672637585,0.02228319732208403,0.9998678807991653,1.0019561709726004
1229,1.7944392403252594e-09,3.709545595387368e-12,3.4011442103967075e-08,483.73559353376163,0.05275986930633433,-241.86779676688082,16.231143681008064,20.456233331482633,0.7934571051273621,0.9999904947941419,0.9777455787120889,0.022244916082053104,0.9998686644533197,1.001950443971862
1230,1.7937574614087385e-09,3.064837756690322e-12,3.4011442103967075e-08,585.2699567842029,0.05273982373124707,-292.63497839210146,16.231026299086118,20.4523326028155,0.7936026962935138,0.9999904947941419,0.9777785214118434,0.0222119733822986,0.999868619539511,1.001949781059108
