global_step,predictor_x_gap_mse
1,3.3609238516965123e-12
2,3.400018894381466e-08
3,1.704146826389355e-08
4,1.1420567534698718e-08
5,8.62443274302057e-09
6,6.954310308657591e-09
7,5.853359281618613e-09
8,5.076958840541085e-09
9,4.501820688668609e-09
10,4.0594760106105035e-09
11,3.7132901706063447e-09
12,3.432995288040185e-09
13,3.2044635945355686e-09
14,3.012085047658766e-09
15,2.8539505236442574e-09
16,2.720081410054646e-09
17,2.6057688890840877e-09
18,2.508490802284638e-09
19,2.4240876318137284e-09
20,2.3509331625560996e-09
21,2.287912253991827e-09
22,2.232242668842765e-09
23,2.1833304836389208e-09
24,2.140948821822444e-09
25,2.104421910914654e-09
26,2.0713361925359904e-09
27,2.041375808798189e-09
28,2.0148947056340513e-09
29,1.9911927470941485e-09
30,1.9705084783254083e-09
31,1.951475503500038e-09
32,1.9327961192652815e-09
33,1.918650712332209e-09
34,1.905859395562071e-09
35,1.8945011577894308e-09
36,1.8832430523489786e-09
37,1.8750769503948344e-09
38,1.866323813149894e-09
39,1.8589938199863412e-09
40,1.8527847127897156e-09
41,1.845643999652941e-09
42,1.8402924017770226e-09
43,1.837160411856246e-09
44,1.8322692589019247e-09
45,1.8275450099252864e-09
46,1.8232702738979348e-09
47,1.8202297995467112e-09
48,1.8172357698065913e-09
49,1.814985231627442e-09
50,1.8135887684392236e-09
51,1.811158876688275e-09
52,1.8108200131142101e-09
53,1.8075678615194576e-09
54,1.8074845917329343e-09
55,1.8051564842165557e-09
56,1.802722432406005e-09
57,1.8027870992682928e-09
58,1.8019073996245316e-09
59,1.800177837553054e-09
60,1.7975393900108672e-09
61,1.7983739699153573e-09
62,1.797926437904556e-09
63,1.79668843708303e-09
64,1.7966858337300742e-09
65,1.7968805705975509e-09
66,1.79628191094219e-09
67,1.7959622039023277e-09
68,1.7951058394047345e-09
69,1.7945620605476954e-09
70,1.7944498172677142e-09
71,1.7941386838098836e-09
72,1.7954613779407581e-09
73,1.794339835102335e-09
74,1.7952289782800339e-09
75,1.7942465698921916e-09
76,1.7940756641418033e-09
77,1.7941400516949032e-09
78,1.7938872351838443e-09
79,1.7947849393804864e-09
80,1.793939067723913e-09
81,1.7941405582320263e-09
82,1.7929267235095282e-09
83,1.7943694172197802e-09
84,1.7947301047415423e-09
85,1.793703826411356e-09
86,1.7929775814827197e-09
87,1.793065580748362e-09
88,1.7936931082442e-09
89,1.7931348610419609e-09
90,1.7932417771987446e-09
91,1.792407219602168e-09
92,1.791187983924646e-09
93,1.7910512486479153e-09
94,1.7913343364987864e-09
95,1.7923242449615903e-09
96,1.793034504590843e-09
97,1.7934022289895119e-09
98,1.7924652960231473e-09
99,1.7929365011060374e-09
100,1.7933665068003408e-09
101,1.7932609298695839e-09
102,1.7923905933026561e-09
103,1.7917587340618658e-09
104,1.7935352787955686e-09
105,1.7924875259980326e-09
106,1.792910101249736e-09
107,1.7928517906612846e-09
108,1.7928350547449058e-09
109,1.7933624220570868e-09
110,1.7933521370535556e-09
111,1.7929669516877528e-09
112,1.7946292610134646e-09
113,1.7941209165508036e-09
114,1.793921940983814e-09
115,1.7934555858743533e-09
116,1.7943317281596576e-09
117,1.7932622625805357e-09
118,1.7928921661198318e-09
119,1.792072127238246e-09
120,1.7916754502617884e-09
121,1.791807346953932e-09
122,1.791477860741415e-09
123,1.7908075261149849e-09
124,1.7919024399623032e-09
125,1.7917752247563958e-09
126,1.793194248985357e-09
127,1.7930709907277158e-09
128,1.7927780863185426e-09
129,1.7928382526195185e-09
130,1.7921939962249007e-09
131,1.792275700872845e-09
132,1.792377625797361e-09
133,1.7922635075534383e-09
134,1.7921969939276454e-09
135,1.7926850927562437e-09
136,1.793063227783968e-09
137,1.7934817654089399e-09
138,1.7943035541387728e-09
139,1.793930283188037e-09
140,1.7932131716276982e-09
141,1.7926008399376972e-09
142,1.7939037597225355e-09
143,1.7931266488307696e-09
144,1.7931557679008098e-09
145,1.7936382519029326e-09
146,1.7931994764652558e-09
147,1.792823477275066e-09
148,1.7927324786444528e-09
149,1.7936671834805906e-09
150,1.793491627835833e-09
151,1.7932432082046282e-09
152,1.7931961094007498e-09
153,1.7931643735701658e-09
154,1.792426566598655e-09
155,1.7925017774161618e-09
156,1.7929263825573384e-09
157,1.792330063933069e-09
158,1.7933217824197982e-09
159,1.7938047686166441e-09
160,1.7934615730131312e-09
161,1.7934555593461216e-09
162,1.7926668055006706e-09
163,1.7932759397348697e-09
164,1.7944037861527772e-09
165,1.7945095485469178e-09
166,1.7947893618951692e-09
167,1.7938736903540306e-09
168,1.7936667770881979e-09
169,1.7937700298216932e-09
170,1.793290378090887e-09
171,1.792653702542217e-09
172,1.792333178376963e-09
173,1.7938720885292267e-09
174,1.7932721996697782e-09
175,1.7955956727049205e-09
176,1.7941537199162822e-09
177,1.793944095915414e-09
178,1.7950973023524238e-09
179,1.7939334581334669e-09
180,1.7944773534623183e-09
181,1.7939906726441641e-09
182,1.7935185858292325e-09
183,1.7935055085391171e-09
184,1.7948244660967854e-09
185,1.7936485668048945e-09
186,1.7936994008055285e-09
187,1.7931532902302004e-09
188,1.7942476593532775e-09
189,1.7938803692117988e-09
190,1.7939999319978266e-09
191,1.7940071187522624e-09
192,1.793846930311194e-09
193,1.7937995191105131e-09
194,1.7941378466405039e-09
195,1.7940491974209379e-09
196,1.793773117171249e-09
197,1.7936132410592576e-09
198,1.794043231908913e-09
199,1.7923236496150324e-09
200,1.793261233493126e-09
201,1.79296082690996e-09
202,1.7931181858422134e-09
203,1.7939734248743933e-09
204,1.7947353359453712e-09
205,1.7940438593091503e-09
206,1.7927942698177382e-09
207,1.7941471335319976e-09
208,1.7933281885370536e-09
209,1.79310375412653e-09
210,1.793319096818978e-09
211,1.7922894618582084e-09
212,1.79327682558656e-09
213,1.7931561298887417e-09
214,1.7928784577970134e-09
215,1.7926239515582953e-09
216,1.7926500890627045e-09
217,1.7924061005133665e-09
218,1.7916709219163825e-09
219,1.7912593179946898e-09
220,1.79159292118563e-09
221,1.7917884642196543e-09
222,1.7914554632787795e-09
223,1.7916815755081038e-09
224,1.792568411399665e-09
225,1.7931136206626211e-09
226,1.7931768754189122e-09
227,1.7925566449958485e-09
228,1.792745527637401e-09
229,1.793646183460245e-09
230,1.7932748259269095e-09
231,1.7926994411959187e-09
232,1.7926421954130577e-09
233,1.7926941775017813e-09
234,1.7928804367913784e-09
235,1.7941434230783707e-09
236,1.7943269855651933e-09
237,1.7949682257900078e-09
238,1.7943363233552122e-09
239,1.7934244617859487e-09
240,1.7940635751414928e-09
241,1.793621049494711e-09
242,1.7939785759705612e-09
243,1.7940268713185403e-09
244,1.7939063692185704e-09
245,1.7937998682737402e-09
246,1.794248841993206e-09
247,1.7938785631351144e-09
248,1.7918582012046505e-09
249,1.7926226589467884e-09
250,1.7939284334500108e-09
251,1.7941897510715958e-09
252,1.7935316513303128e-09
253,1.7933940143829714e-09
254,1.7931394804164695e-09
255,1.7939478076155373e-09
256,1.7941853768996074e-09
257,1.7943902014135376e-09
258,1.7936944068546762e-09
259,1.7933627298198778e-09
260,1.7936829478939722e-09
261,1.7930912757937088e-09
262,1.7935241080305048e-09
263,1.7939559615323085e-09
264,1.794831161225808e-09
265,1.7940000296114815e-09
266,1.795174054779096e-09
267,1.7938320277467901e-09
268,1.7939270479280773e-09
269,1.7934560062373942e-09
270,1.7937053348253528e-09
271,1.7932324589493282e-09
272,1.7929449896196236e-09
273,1.7929456528775876e-09
274,1.793151433809093e-09
275,1.7942198159085571e-09
276,1.79390588314482e-09
277,1.7949189059900322e-09
278,1.7945301368353451e-09
279,1.7941140957737212e-09
280,1.7941012027899694e-09
281,1.793254014397741e-09
282,1.7931813416862304e-09
283,1.7932799472001494e-09
284,1.793262028720401e-09
285,1.7943656810710246e-09
286,1.792514318309056e-09
287,1.7921984264686528e-09
288,1.7929949051829333e-09
289,1.7925606409218734e-09
290,1.7934929893552785e-09
291,1.7936130740233759e-09
292,1.7936310176883294e-09
293,1.7934526044341286e-09
294,1.7941933759899495e-09
295,1.7933507268962208e-09
296,1.793817610433486e-09
297,1.7936254924485852e-09
298,1.7944493451461345e-09
299,1.7951633098786552e-09
300,1.793908680470063e-09
301,1.7928944804438088e-09
302,1.7933976126302296e-09
303,1.7932654169258745e-09
304,1.7932300279613033e-09
305,1.7933048835496233e-09
306,1.7930536762820748e-09
307,1.792704852563651e-09
308,1.793210481586391e-09
309,1.7925740411962729e-09
310,1.7933023038398348e-09
311,1.7935762160829293e-09
312,1.7939675812421913e-09
313,1.7952383416019576e-09
314,1.7948363557351985e-09
315,1.7946334587984235e-09
316,1.79374553460892e-09
317,1.7935579200045021e-09
318,1.793116170499392e-09
319,1.7938089686787516e-09
320,1.7947025289054427e-09
321,1.7935373532087523e-09
322,1.7941237388341064e-09
323,1.7937443972492458e-09
324,1.794607796511768e-09
325,1.7957465475428801e-09
326,1.7951677002426832e-09
327,1.7945544587169004e-09
328,1.7960103833958305e-09
329,1.7949572185801674e-09
330,1.7938799375955714e-09
331,1.7946660074189047e-09
332,1.7945234119931564e-09
333,1.7939607782008284e-09
334,1.7935011526196167e-09
335,1.793214118290008e-09
336,1.7946610175773537e-09
337,1.7939720091308532e-09
338,1.79429498966898e-09
339,1.7938288253691718e-09
340,1.7937618654395104e-09
341,1.7933977676672572e-09
342,1.7939490884512928e-09
343,1.7948032836438714e-09
344,1.7961862040971606e-09
345,1.7947187773403262e-09
346,1.7946057233825647e-09
347,1.7939235062656361e-09
348,1.7943186913000554e-09
349,1.7939355947571109e-09
350,1.7940996812381573e-09
351,1.7941682368067766e-09
352,1.7944930779660507e-09
353,1.7943214441993125e-09
354,1.794700143486064e-09
355,1.7948711741272124e-09
356,1.7928952155916566e-09
357,1.792597891558811e-09
358,1.7926345461248812e-09
359,1.7925625552683305e-09
360,1.7917856496246829e-09
361,1.7920058707358546e-09
362,1.7919132903204225e-09
363,1.791251958254187e-09
364,1.7916913195237697e-09
365,1.7909300081198397e-09
366,1.7923140879777529e-09
367,1.7913277524900183e-09
368,1.7921715763702157e-09
369,1.792652062288965e-09
370,1.7926183131803054e-09
371,1.793453957896728e-09
372,1.792995239178907e-09
373,1.7931452463173207e-09
374,1.7935410323982156e-09
375,1.7930269525429677e-09
376,1.7930834421777455e-09
377,1.7936231670164213e-09
378,1.7949591264390239e-09
379,1.7937715217914303e-09
380,1.7946305303297642e-09
381,1.7940036040430685e-09
382,1.7950485782312844e-09
383,1.7949492830546535e-09
384,1.7952214495726762e-09
385,1.7948739725230286e-09
386,1.7938521694847973e-09
387,1.795189091307108e-09
388,1.7946060313768313e-09
389,1.7962806953723901e-09
390,1.7941311850089225e-09
391,1.79511356763928e-09
392,1.7947452775598959e-09
393,1.794549576610184e-09
394,1.7947278637453002e-09
395,1.794621741712327e-09
396,1.7949430408114606e-09
397,1.7950216544941936e-09
398,1.7938877033022268e-09
399,1.7931631826321546e-09
400,1.7932725236782455e-09
401,1.793345740197793e-09
402,1.7936828145549857e-09
403,1.793396282113208e-09
404,1.793305016513838e-09
405,1.7936272298841122e-09
406,1.7935999202651852e-09
407,1.793709380565977e-09
408,1.7929415608760605e-09
409,1.7932257485623538e-09
410,1.793775384836326e-09
411,1.793009990902603e-09
412,1.7924852006949525e-09
413,1.792692022495587e-09
414,1.792941850310057e-09
415,1.7926885922246248e-09
416,1.7922029759524776e-09
417,1.7926508278776196e-09
418,1.793051895207342e-09
419,1.7930899002566121e-09
420,1.7929740537079534e-09
421,1.7933007957627e-09
422,1.7928450502936728e-09
423,1.7929376240331883e-09
424,1.7929954275521708e-09
425,1.7926840449599553e-09
426,1.7921318154005302e-09
427,1.7910985902070587e-09
428,1.7929568704705195e-09
429,1.7935339757184288e-09
430,1.792902568281965e-09
431,1.7939925970407088e-09
432,1.7939313197917946e-09
433,1.7935658304285899e-09
434,1.793952357562025e-09
435,1.7933560281991744e-09
436,1.7931033480321859e-09
437,1.7932398910154736e-09
438,1.7926073028492452e-09
439,1.7924418807743068e-09
440,1.7920996958934186e-09
441,1.7925330458710963e-09
442,1.7929192718227705e-09
443,1.7930510788348377e-09
444,1.7920650243293894e-09
445,1.7936298346226101e-09
446,1.7924790772876605e-09
447,1.792767667364114e-09
448,1.7921233684037707e-09
449,1.791511883756483e-09
450,1.7926648042373205e-09
451,1.7934373151476214e-09
452,1.7938103802939705e-09
453,1.7953498929901249e-09
454,1.7946532390746911e-09
455,1.7933207171832596e-09
456,1.7932581155395414e-09
457,1.7939120049202037e-09
458,1.7922548332395082e-09
459,1.7926598792364105e-09
460,1.792820500480056e-09
461,1.7921829444914565e-09
462,1.7924611013852442e-09
463,1.7928738428831175e-09
464,1.7937517236750244e-09
465,1.7928940567220878e-09
466,1.7928944520626584e-09
467,1.7932084117249102e-09
468,1.793699932033809e-09
469,1.7927914436634026e-09
470,1.7928641729830022e-09
471,1.7928774063364325e-09
472,1.7932925776019608e-09
473,1.792448978378209e-09
474,1.7920538627974e-09
475,1.7924121290898908e-09
476,1.7920258526117e-09
477,1.792739396396666e-09
478,1.79272526176726e-09
479,1.7922190960431352e-09
480,1.7925144722464876e-09
481,1.7942663928292938e-09
482,1.7932574977302192e-09
483,1.7935035043741802e-09
484,1.7937425529804867e-09
485,1.7935231876064484e-09
486,1.7938929681748734e-09
487,1.7952647494605313e-09
488,1.794607125155009e-09
489,1.7937523508034247e-09
490,1.7940372085947354e-09
491,1.7933354482714656e-09
492,1.7924830148623674e-09
493,1.7936724816926255e-09
494,1.7919211659843165e-09
495,1.791829379996788e-09
496,1.792605153323604e-09
497,1.7912945035413766e-09
498,1.7917059619523195e-09
499,1.7915239389082103e-09
500,1.7908317587690646e-09
501,1.7915834751069338e-09
502,1.7917114319682545e-09
503,1.7918977639823795e-09
504,1.7926173626710286e-09
505,1.7920118306653671e-09
506,1.7931639393405768e-09
507,1.7924824623374064e-09
508,1.7928614267461584e-09
509,1.7925231753280726e-09
510,1.7923818326044785e-09
511,1.7920096080477415e-09
512,1.7912472759388272e-09
513,1.7912172408741817e-09
514,1.7914899868124084e-09
515,1.7913168280937314e-09
516,1.791706078744111e-09
517,1.792959370133905e-09
518,1.7937862464421106e-09
519,1.793360435622287e-09
520,1.7930697912426124e-09
521,1.7930228223431382e-09
522,1.7934071422703446e-09
523,1.792315725863623e-09
524,1.7935936472252707e-09
525,1.7927099732666737e-09
526,1.7919902798535062e-09
527,1.7914416666136131e-09
528,1.7925000039916903e-09
529,1.7925845707822706e-09
530,1.792224211315966e-09
531,1.7922013977042854e-09
532,1.7924860231999434e-09
533,1.791575646231941e-09
534,1.7923880316183402e-09
535,1.7931670309951633e-09
536,1.7936958286328104e-09
537,1.7926671050454492e-09
538,1.7925439229085558e-09
539,1.7938987289159576e-09
540,1.7931882516732302e-09
541,1.794022395536973e-09
542,1.7922515063373396e-09
543,1.793304405849231e-09
544,1.7928852790724343e-09
545,1.793300058140892e-09
546,1.7945024294129408e-09
547,1.7936865143260913e-09
548,1.7931487907269269e-09
549,1.794853927568079e-09
550,1.7933620557262233e-09
551,1.7935887450610876e-09
552,1.7928029622966246e-09
553,1.7931335886895367e-09
554,1.7924832289201878e-09
555,1.7935627499043967e-09
556,1.7945885018672091e-09
557,1.7950387603369252e-09
558,1.7941575245817706e-09
559,1.7942513271387324e-09
560,1.7927287032300914e-09
561,1.793941994618375e-09
562,1.7935092412574207e-09
563,1.7941750421024914e-09
564,1.7932909430019873e-09
565,1.793725397168053e-09
566,1.793719097473635e-09
567,1.7934515969379907e-09
568,1.79341003370871e-09
569,1.7935662871856216e-09
570,1.7939749785094092e-09
571,1.7929579916210142e-09
572,1.7930857688728397e-09
573,1.7934874540779816e-09
574,1.792976919916128e-09
575,1.7924970895323737e-09
576,1.7926136708403136e-09
577,1.7938641522329624e-09
578,1.7944192757210348e-09
579,1.7942431289212228e-09
580,1.7947587385027637e-09
581,1.7944880814668336e-09
582,1.7951420287522388e-09
583,1.7943798494104003e-09
584,1.7947299659181957e-09
585,1.7944629913860742e-09
586,1.7937168514538054e-09
587,1.7940595504765437e-09
588,1.7943526551518605e-09
589,1.7953448763083892e-09
590,1.7934097116679866e-09
591,1.793082274204685e-09
592,1.7945486886831838e-09
593,1.794400593272073e-09
594,1.7948444941595912e-09
595,1.7937966964347696e-09
596,1.7937791079318739e-09
597,1.7943302536256164e-09
598,1.7936169166495392e-09
599,1.793082546385617e-09
600,1.7939214695786438e-09
601,1.79556518606579e-09
602,1.795571809787877e-09
603,1.79577944648232e-09
604,1.7949197416886236e-09
605,1.794237174776733e-09
606,1.7947251238319773e-09
607,1.7949743356946173e-09
608,1.7948215766631964e-09
609,1.7950522102668808e-09
610,1.7948392985380333e-09
611,1.7954126774507574e-09
612,1.7959513772788673e-09
613,1.7955741482386842e-09
614,1.7953400119308629e-09
615,1.7952111511706477e-09
616,1.7947332109808793e-09
617,1.7940719435601824e-09
618,1.7935393608488158e-09
619,1.7926983029314066e-09
620,1.7910431396277352e-09
621,1.7920685394865778e-09
622,1.7917370350713834e-09
623,1.7909130530204524e-09
624,1.7912562901762586e-09
625,1.7918859888675538e-09
626,1.7921144892350313e-09
627,1.7914190191848098e-09
628,1.7906960178923184e-09
629,1.79146380518129e-09
630,1.7923974965249594e-09
631,1.7917331399772212e-09
632,1.7920622061980372e-09
633,1.7928257675432588e-09
634,1.7926652697550147e-09
635,1.7927117610552437e-09
636,1.7927004910305687e-09
637,1.792979101536317e-09
638,1.7927548148825866e-09
639,1.7930606467704338e-09
640,1.7930304091260224e-09
641,1.793948942102233e-09
642,1.7925407009181873e-09
643,1.7929168678161263e-09
644,1.7935315358784267e-09
645,1.7933704696328973e-09
646,1.7945138083974555e-09
647,1.7940353734731244e-09
648,1.7942582693593357e-09
649,1.7946707169436171e-09
650,1.7939773865858341e-09
651,1.7929547342029314e-09
652,1.793906555293219e-09
653,1.7939947002111943e-09
654,1.793660506456545e-09
655,1.7953918470616403e-09
656,1.7940494417109991e-09
657,1.7937697102968156e-09
658,1.7936567102033526e-09
659,1.7930099513233196e-09
660,1.7927336144826907e-09
661,1.7932340972265878e-09
662,1.7936530482267926e-09
663,1.7941132965183498e-09
664,1.7945164665878108e-09
665,1.7946008203508817e-09
666,1.793772539610082e-09
667,1.7942674413458202e-09
668,1.7923146768405534e-09
669,1.792846269644993e-09
670,1.7931244336666662e-09
671,1.7923137061266842e-09
672,1.7927546064521753e-09
673,1.7933889516926434e-09
674,1.7936433571998885e-09
675,1.7937599495664047e-09
676,1.793493003147024e-09
677,1.7945995172358839e-09
678,1.7944220910181167e-09
679,1.7929243530285096e-09
680,1.7925702615292246e-09
681,1.792698146970484e-09
682,1.7928402753097598e-09
683,1.7918706186091566e-09
684,1.7927398217744447e-09
685,1.792968261801148e-09
686,1.7936293835422761e-09
687,1.7951887108196888e-09
688,1.7940080745500866e-09
689,1.7940330162299693e-09
690,1.7948457229829717e-09
691,1.793372267713141e-09
692,1.7941358156987447e-09
693,1.7932292171286957e-09
694,1.7942137793645756e-09
695,1.7941385126209207e-09
696,1.7944488470841813e-09
697,1.7935613774803041e-09
698,1.7947997240781028e-09
699,1.7957330674232654e-09
700,1.7958826233573453e-09
701,1.7955742861461071e-09
702,1.7941962285935864e-09
703,1.795228667825037e-09
704,1.7949533855063526e-09
705,1.794934847738857e-09
706,1.7949164502353012e-09
707,1.7957524035228668e-09
708,1.795416323790676e-09
709,1.7946028205327318e-09
710,1.7948517882454523e-09
711,1.7957574351665785e-09
712,1.7956580295835775e-09
713,1.7951364495188271e-09
714,1.7950041691829322e-09
715,1.7957071644654472e-09
716,1.7951348097238624e-09
717,1.7953191828215042e-09
718,1.7958562192923736e-09
719,1.794404593647881e-09
720,1.7942994465504016e-09
721,1.7932642785195151e-09
722,1.794139307921391e-09
723,1.7946388961224831e-09
724,1.7934767794225128e-09
725,1.7922428408708717e-09
726,1.7921632461714673e-09
727,1.792716442442108e-09
728,1.793633686051932e-09
729,1.7927549957356161e-09
730,1.7936817780091423e-09
731,1.7942233093281284e-09
732,1.7935824040837335e-09
733,1.7947491169112568e-09
734,1.7924608146655951e-09
735,1.7925097341312614e-09
736,1.7934248908085236e-09
737,1.792442786273381e-09
738,1.7936550537755043e-09
739,1.7933651925225802e-09
740,1.794028421781004e-09
741,1.792889312704346e-09
742,1.7931331909759657e-09
743,1.792952075459456e-09
744,1.7932212150827078e-09
745,1.7947568132755444e-09
746,1.7928135128845697e-09
747,1.7925724355402483e-09
748,1.7928905904335057e-09
749,1.7919419724773962e-09
750,1.7920613020028294e-09
751,1.792431530090001e-09
752,1.792525342635742e-09
753,1.7922909398137885e-09
754,1.7934237949494328e-09
755,1.7937428324833826e-09
756,1.7928518550308592e-09
757,1.7930217123816896e-09
758,1.7926436112371345e-09
759,1.7931815095344728e-09
760,1.792460329687394e-09
761,1.792311289376651e-09
762,1.7924644198462868e-09
763,1.7932158630360054e-09
764,1.7917007928467226e-09
765,1.791539785052577e-09
766,1.7940672165205016e-09
767,1.7936103555425782e-09
768,1.7926164855884986e-09
769,1.7937465938299325e-09
770,1.7934820913750007e-09
771,1.7925779684399406e-09
772,1.7930949946425205e-09
773,1.793584969804288e-09
774,1.7931815837262297e-09
775,1.7926520778660535e-09
776,1.7931075212806437e-09
777,1.7929193677637655e-09
778,1.7944322085133287e-09
779,1.7939235462290596e-09
780,1.7932346465461403e-09
781,1.7939183996082626e-09
782,1.7936138481811152e-09
783,1.7933584738937802e-09
784,1.794518152472297e-09
785,1.7930001197780735e-09
786,1.7936544769375528e-09
787,1.79370894584979e-09
788,1.7924833942211124e-09
789,1.7933054698663855e-09
790,1.7936185109176988e-09
791,1.7927226894762009e-09
792,1.7934143608312281e-09
793,1.7943911713866276e-09
794,1.7945874931822477e-09
795,1.7939500870440756e-09
796,1.7919871944993648e-09
797,1.7926421071504172e-09
798,1.7923472230192338e-09
799,1.7928726084089058e-09
800,1.7912057278625445e-09
801,1.7919313980091364e-09
802,1.790889782094663e-09
803,1.7904854307630751e-09
804,1.7905028701415547e-09
805,1.7907785295415634e-09
806,1.7914267045425406e-09
807,1.7914222335524545e-09
808,1.7914052901291744e-09
809,1.7915265166619903e-09
810,1.7918422654071455e-09
811,1.7919995881624847e-09
812,1.7915479126013628e-09
813,1.7917994831023859e-09
814,1.7907980062345749e-09
815,1.7924103864847979e-09
816,1.7921777551786097e-09
817,1.792234329483426e-09
818,1.7914590159472781e-09
819,1.7924515362653928e-09
820,1.7916943131494617e-09
821,1.7927083449085902e-09
822,1.7916960620345727e-09
823,1.7924247598976091e-09
824,1.7926319544363508e-09
825,1.7932137116207434e-09
826,1.7939339753536975e-09
827,1.7920308307929716e-09
828,1.793137247350595e-09
829,1.7932082521839096e-09
830,1.7949569524141606e-09
831,1.793157961341284e-09
832,1.7928687141519966e-09
833,1.7929206705653491e-09
834,1.7934770098955126e-09
835,1.7944865545867304e-09
836,1.793605523028507e-09
837,1.7933762198407828e-09
838,1.7931165630466204e-09
839,1.7931248699415635e-09
840,1.7936793028224825e-09
841,1.7930366086580858e-09
842,1.7935650637726417e-09
843,1.7945071629927767e-09
844,1.7933627667534505e-09
845,1.7937849620673754e-09
846,1.7934209969543157e-09
847,1.7925262114485559e-09
848,1.7941975559953791e-09
849,1.7939813644834307e-09
850,1.7939755362449036e-09
851,1.7941020195845594e-09
852,1.793099271116216e-09
853,1.7929619375767427e-09
854,1.7923087780710267e-09
855,1.7924368044340486e-09
856,1.7939550392981647e-09
857,1.794098989269755e-09
858,1.7924361358062762e-09
859,1.7926090391450476e-09
860,1.792989692243546e-09
861,1.7924731831666283e-09
862,1.7930191291514493e-09
863,1.792900937705286e-09
864,1.7922225398974945e-09
865,1.7919111040590931e-09
866,1.7919297569210354e-09
867,1.7942201244127182e-09
868,1.793802310721147e-09
869,1.793680455872475e-09
870,1.7943799756719949e-09
871,1.7944063710204042e-09
872,1.7937223223888115e-09
873,1.7940902551485984e-09
874,1.7939874865415878e-09
875,1.7936886596856977e-09
876,1.7939168036993837e-09
877,1.7938247114382092e-09
878,1.7945670923240626e-09
879,1.794173228860563e-09
880,1.7937422199464018e-09
881,1.7927665536089406e-09
882,1.79339588718593e-09
883,1.7932066705176055e-09
884,1.7925221862476366e-09
885,1.7918111960347158e-09
886,1.7924273475368894e-09
887,1.7917195224729987e-09
888,1.791673046446353e-09
889,1.7926633572302066e-09
890,1.7920025988717044e-09
891,1.7924553260529798e-09
892,1.7920893897840762e-09
893,1.793551204353692e-09
894,1.7933320016297001e-09
895,1.7942210975391434e-09
896,1.7940614496449912e-09
897,1.7941730053080884e-09
898,1.7944787895419886e-09
899,1.79427950659205e-09
900,1.7928374297162482e-09
901,1.7926838055476493e-09
902,1.7918932041636356e-09
903,1.7925777085330793e-09
904,1.7928649392066925e-09
905,1.791704772896334e-09
906,1.7911970881313353e-09
907,1.791822833491409e-09
908,1.7924325118612732e-09
909,1.7919294669024706e-09
910,1.7924406427254123e-09
911,1.792441734963377e-09
912,1.7925232575437097e-09
913,1.7938417454712486e-09
914,1.7936979453368147e-09
915,1.7933689470326873e-09
916,1.7930908947618907e-09
917,1.7935667114610517e-09
918,1.7940264102064541e-09
919,1.79281375836846e-09
920,1.7931235763569207e-09
921,1.7929518188218855e-09
922,1.7930329442157043e-09
923,1.7935814705607948e-09
924,1.7938144847629086e-09
925,1.7938622246394714e-09
926,1.7934072795855122e-09
927,1.7928411735057867e-09
928,1.7929371679204675e-09
929,1.7934234475766367e-09
930,1.7927964562342375e-09
931,1.794023754282767e-09
932,1.79318553113375e-09
933,1.7925255018309054e-09
934,1.7932815548265535e-09
935,1.7943119784726916e-09
936,1.7937985485102098e-09
937,1.794298889963798e-09
938,1.7945811466225775e-09
939,1.7947820977964553e-09
940,1.7936849564079404e-09
941,1.793273507224022e-09
942,1.7932973752797434e-09
943,1.7938023983851529e-09
944,1.793830536322709e-09
945,1.7936529250285787e-09
946,1.7936786785932868e-09
947,1.793077642725724e-09
948,1.7928778775790146e-09
949,1.792549650751308e-09
950,1.792162774836071e-09
951,1.7934964423461978e-09
952,1.7936270023627606e-09
953,1.7930122448562449e-09
954,1.7929596891761617e-09
955,1.7931265615507945e-09
956,1.793987764497578e-09
957,1.7942065059518955e-09
958,1.7942095561801615e-09
959,1.7950559154461877e-09
960,1.794102427842917e-09
961,1.7927334489175371e-09
962,1.791554167213402e-09
963,1.7922424901948012e-09
964,1.7917549517702675e-09
965,1.7933331939756509e-09
966,1.7938173872934686e-09
967,1.7950110315251844e-09
968,1.7941749289193475e-09
969,1.7945315240666717e-09
970,1.7939172547350896e-09
971,1.7957051215559689e-09
972,1.793237503185113e-09
973,1.7918695118082745e-09
974,1.793046368424586e-09
975,1.7942463079748952e-09
976,1.7953297018238654e-09
977,1.794923428538049e-09
978,1.79530787794779e-09
979,1.7958270215446787e-09
980,1.7956820169476682e-09
981,1.7955231208978825e-09
982,1.7956254457290778e-09
983,1.7955312230337727e-09
984,1.7944036566414963e-09
985,1.7949984746689477e-09
986,1.7936160566294537e-09
987,1.7935799408075318e-09
988,1.79371482011885e-09
989,1.7946935847862965e-09
990,1.7940350586619794e-09
991,1.7940760550875682e-09
992,1.7934143158774496e-09
993,1.7943991272074961e-09
994,1.7936793489100307e-09
995,1.793768248641704e-09
996,1.7935782712994088e-09
997,1.7949680836596863e-09
998,1.7930815544298831e-09
999,1.793463670287714e-09
1000,1.7927358528822048e-09
1001,1.793152903236506e-09
1002,1.792574604278387e-09
1003,1.7920525247376473e-09
1004,1.792458975424959e-09
1005,1.7917909817579696e-09
1006,1.7927626293780572e-09
1007,1.7935713684684972e-09
1008,1.7925507627284605e-09
1009,1.7929072359572012e-09
1010,1.7931407432195582e-09
1011,1.7924874324299558e-09
1012,1.7946159473537048e-09
1013,1.7939940044988105e-09
1014,1.794032798305487e-09
1015,1.7932350567567344e-09
1016,1.7935497961290332e-09
1017,1.793923746503431e-09
1018,1.7943987029429694e-09
1019,1.7932929144471162e-09
1020,1.7928772875145963e-09
1021,1.7927079943207432e-09
1022,1.7918343581332018e-09
1023,1.7928468523879688e-09
1024,1.7922925663913442e-09
1025,1.7927958533290388e-09
1026,1.7936238095565421e-09
1027,1.7935164999210757e-09
1028,1.7932213045284076e-09
1029,1.792578264564188e-09
1030,1.7919620672279521e-09
1031,1.7934523764387384e-09
1032,1.7921315178395598e-09
1033,1.7924981880301769e-09
1034,1.7934426158986353e-09
1035,1.793882940135936e-09
1036,1.793913000870206e-09
1037,1.7941315339914832e-09
1038,1.7941886501372214e-09
1039,1.793872954785784e-09
1040,1.794333095756766e-09
1041,1.7935953423802424e-09
1042,1.7923348095797321e-09
1043,1.7924034531701147e-09
1044,1.794036136174625e-09
1045,1.7948110536669155e-09
1046,1.7931545733480953e-09
1047,1.7937008833480476e-09
1048,1.7940504457833949e-09
1049,1.7938019787853416e-09
1050,1.7933305015028013e-09
1051,1.7925001469775034e-09
1052,1.7923749542978537e-09
1053,1.792522738837446e-09
1054,1.7932472811046936e-09
1055,1.793092925897609e-09
1056,1.7937968302126186e-09
1057,1.7936993355287603e-09
1058,1.7935559499422044e-09
1059,1.7932447238387908e-09
1060,1.7932170429839928e-09
1061,1.792349327514034e-09
1062,1.7930814780354272e-09
1063,1.792702033360057e-09
1064,1.7909863818716308e-09
1065,1.7918207116856994e-09
1066,1.7914336400184072e-09
1067,1.7921694151955598e-09
1068,1.7934738326356157e-09
1069,1.7911283002049117e-09
1070,1.7910758055321811e-09
1071,1.7919462970033187e-09
1072,1.7924976799554249e-09
1073,1.7925296829837303e-09
1074,1.7925753093094227e-09
1075,1.7928976718107315e-09
1076,1.793932999553414e-09
1077,1.7940323058660754e-09
1078,1.7941788454097621e-09
1079,1.7940695805857861e-09
1080,1.7936372040472363e-09
1081,1.7941188701508262e-09
1082,1.7934511963407937e-09
1083,1.7943636082411857e-09
1084,1.79341622280483e-09
1085,1.7939400599714798e-09
1086,1.7932131233889305e-09
1087,1.7933062599514397e-09
1088,1.7946294271573208e-09
1089,1.7936004066383738e-09
1090,1.793218932277099e-09
1091,1.7940758103702516e-09
1092,1.7931600133055437e-09
1093,1.7943017885853644e-09
1094,1.7946739291234008e-09
1095,1.7948828684474092e-09
1096,1.7937982128217164e-09
1097,1.7938901519886352e-09
1098,1.795261224100576e-09
1099,1.7952071722936567e-09
1100,1.7951687693991445e-09
1101,1.7945028057131812e-09
1102,1.7935219295778092e-09
1103,1.7938557799485873e-09
1104,1.7928565520995077e-09
1105,1.7930776776089707e-09
1106,1.7933362560845458e-09
1107,1.7942393034461471e-09
1108,1.7942312015692773e-09
1109,1.793291337800089e-09
1110,1.792970570750356e-09
1111,1.7919917739904375e-09
1112,1.7923233800579287e-09
1113,1.7913437023854862e-09
1114,1.7925825548127486e-09
1115,1.7929571507713839e-09
1116,1.7939308777454696e-09
1117,1.793684771778022e-09
1118,1.7939037297635343e-09
1119,1.7941189569766415e-09
1120,1.7941719646158168e-09
1121,1.7938270008167818e-09
1122,1.7948423260845557e-09
1123,1.7932387981810566e-09
1124,1.7946710712102949e-09
1125,1.7929404064982353e-09
1126,1.7939531756811507e-09
1127,1.7943688217980847e-09
1128,1.7934195249020863e-09
1129,1.7940203480349095e-09
1130,1.7936353971970536e-09
1131,1.794531437963277e-09
1132,1.793356274326748e-09
1133,1.7939272962132211e-09
1134,1.793540559819623e-09
1135,1.793488657886664e-09
1136,1.7929462343843404e-09
1137,1.793496773823613e-09
1138,1.7936292962659733e-09
1139,1.7930625915025889e-09
1140,1.7925987321495907e-09
1141,1.792917934114642e-09
1142,1.7923158917990595e-09
1143,1.793808638559113e-09
1144,1.7927125359862505e-09
1145,1.7926507124730238e-09
1146,1.7933839786727989e-09
1147,1.7935685075093985e-09
1148,1.793474395225167e-09
1149,1.7936235681749433e-09
1150,1.7925684238561528e-09
1151,1.7920959762331013e-09
1152,1.7926422954319687e-09
1153,1.7928890471591653e-09
1154,1.79295021387921e-09
1155,1.7925994809119068e-09
1156,1.7931767949642456e-09
1157,1.794107364725828e-09
1158,1.794973316162659e-09
1159,1.795279650091892e-09
1160,1.7949950165828725e-09
1161,1.7940729542493018e-09
1162,1.7940708350322535e-09
1163,1.793765042592257e-09
1164,1.7940455858242568e-09
1165,1.7963901574312228e-09
1166,1.793260558462869e-09
1167,1.7929315483095574e-09
1168,1.793026464476256e-09
1169,1.7924185551607141e-09
1170,1.7927603346050883e-09
1171,1.7936515744802936e-09
1172,1.7930707358874305e-09
1173,1.795371521000438e-09
1174,1.7958956487496164e-09
1175,1.795099120707209e-09
1176,1.7953455290349767e-09
1177,1.7948472602914503e-09
1178,1.7948879934766673e-09
1179,1.795346288314956e-09
1180,1.7944185550867472e-09
1181,1.79466262167505e-09
1182,1.7937796599194352e-09
1183,1.7933558143314358e-09
1184,1.795725645846057e-09
1185,1.7935409435033645e-09
1186,1.7935946775082799e-09
1187,1.7939392208026619e-09
1188,1.7935655062950885e-09
1189,1.7942304497732306e-09
1190,1.7946434314041795e-09
1191,1.7938637124916783e-09
1192,1.7940074747576637e-09
1193,1.794879683809906e-09
1194,1.7940927971312864e-09
1195,1.7945969672672144e-09
1196,1.7942284461811687e-09
1197,1.7960303509946877e-09
1198,1.7930221117307683e-09
1199,1.7938586785386994e-09
1200,1.792662621835308e-09
1201,1.7937164741837506e-09
1202,1.7940932799610304e-09
1203,1.7943840852113548e-09
1204,1.7943957294053822e-09
1205,1.7958096355561854e-09
1206,1.7947329045271892e-09
1207,1.7945374121033325e-09
1208,1.7944503689284654e-09
1209,1.7947512941220188e-09
1210,1.793280928969813e-09
1211,1.7929289403846317e-09
1212,1.7929443969774988e-09
1213,1.7928166499710908e-09
1214,1.7936227832198622e-09
1215,1.7926072881054338e-09
1216,1.7932074037883088e-09
1217,1.793374521767153e-09
1218,1.792702527798121e-09
1219,1.7938892901242351e-09
1220,1.7928709184720713e-09
1221,1.792737403106456e-09
1222,1.7932322449454021e-09
1223,1.792877739934968e-09
1224,1.793242443270749e-09
1225,1.7921648108939151e-09
1226,1.7935355972635867e-09
1227,1.7926302229616786e-09
1228,1.7932870955980748e-09
1229,1.793856367502351e-09
1230,1.7932183167826722e-09
1231,1.7932463340876126e-09
1232,1.7918759125409731e-09
1233,1.7931742318276584e-09
1234,1.792928225603066e-09
1235,1.7932600023278915e-09
1236,1.7930178861128212e-09
1237,1.7925462687471828e-09
1238,1.79291681465172e-09
1239,1.7931844733428886e-09
1240,1.7938841190040536e-09
1241,1.7938215103266427e-09
1242,1.795548869688751e-09
1243,1.794129530174645e-09
1244,1.7950031496496004e-09
1245,1.7949722483871818e-09
1246,1.7937679666678728e-09
1247,1.7933291394711075e-09
1248,1.7940525680612045e-09
1249,1.7948600678675328e-09
1250,1.7922574880190734e-09
1251,1.791962194665482e-09
1252,1.7918770060243708e-09
1253,1.791104203890479e-09
1254,1.7911751200547304e-09
1255,1.7924811006290875e-09
1256,1.792103141441798e-09
1257,1.7927699525685354e-09
1258,1.7932767760718925e-09
1259,1.7936380854782465e-09
1260,1.792996043892375e-09
1261,1.7934803891126722e-09
1262,1.794050703460635e-09
1263,1.7939218067898003e-09
1264,1.793964244671772e-09
1265,1.7933615744780393e-09
1266,1.793578542539846e-09
1267,1.7940243543812873e-09
1268,1.794401265913066e-09
1269,1.7945185577098733e-09
1270,1.7944274954469967e-09
1271,1.7946561369213962e-09
1272,1.7940502958365842e-09
1273,1.794629141170491e-09
1274,1.7934641675318443e-09
1275,1.793292485791151e-09
1276,1.7925308831577e-09
1277,1.7934764006529912e-09
1278,1.7933383419238688e-09
1279,1.7936845741631242e-09
1280,1.7926873911497863e-09
1281,1.7935211995808455e-09
1282,1.7923008311100903e-09
1283,1.7929052476518738e-09
1284,1.7940007837521725e-09
1285,1.793501769540119e-09
1286,1.7944280141947032e-09
1287,1.7954197248393252e-09
1288,1.7932724487255276e-09
1289,1.7939066147469588e-09
1290,1.7938330679748896e-09
1291,1.795582056369061e-09
1292,1.795283162780455e-09
1293,1.7967916976369475e-09
1294,1.7936463372044905e-09
1295,1.7928007589172346e-09
1296,1.7921874556307462e-09
1297,1.7930219664042723e-09
1298,1.7937993082191996e-09
1299,1.7942315807842414e-09
1300,1.7929589413078003e-09
1301,1.7924870345982504e-09
1302,1.7926517461199755e-09
1303,1.7930812929443001e-09
1304,1.7930619424485973e-09
1305,1.792884416354705e-09
1306,1.7936941734912506e-09
1307,1.7933234333580035e-09
1308,1.7937275496725215e-09
1309,1.7939292482118512e-09
1310,1.7950418341998957e-09
1311,1.7932733847868234e-09
1312,1.7947707412433403e-09
1313,1.794604001856885e-09
1314,1.7936377571673712e-09
1315,1.7931760384790245e-09
1316,1.793614123171656e-09
1317,1.7939333357517377e-09
1318,1.7940684121754657e-09
1319,1.7944140118327246e-09
1320,1.7936601273880938e-09
1321,1.7934872106385383e-09
1322,1.7937490988342803e-09
1323,1.7928211562022542e-09
1324,1.7928161859521964e-09
1325,1.7923370046444536e-09
1326,1.7927734837741091e-09
1327,1.7936920636240006e-09
1328,1.7932572330503019e-09
1329,1.7944828555137546e-09
1330,1.7932893055251677e-09
1331,1.7935390741514437e-09
1332,1.792612725357129e-09
1333,1.7945891884988302e-09
1334,1.7927994225794378e-09
1335,1.793103571732151e-09
1336,1.793659857381338e-09
1337,1.7935170645289805e-09
1338,1.7947239062241019e-09
1339,1.7952846000874134e-09
1340,1.7937222316675081e-09
1341,1.7929921724448977e-09
1342,1.7920518886520432e-09
1343,1.7931638749769844e-09
1344,1.7942272509973348e-09
1345,1.7924157587678215e-09
1346,1.792421444491932e-09
1347,1.7912423213493147e-09
1348,1.7906527739334708e-09
1349,1.7908008476405983e-09
1350,1.7917208088437448e-09
1351,1.7911784891762484e-09
1352,1.7925219178940767e-09
1353,1.7917059787081071e-09
1354,1.792820176269048e-09
1355,1.7924680822447652e-09
1356,1.792601267057972e-09
1357,1.7921310560430213e-09
1358,1.792085661140963e-09
1359,1.791949718840996e-09
1360,1.7920173445853414e-09
1361,1.7918358084646277e-09
1362,1.792277559401433e-09
1363,1.792657022320814e-09
1364,1.7947597231367118e-09
1365,1.7927810918374132e-09
1366,1.792973113123388e-09
1367,1.7925979297528373e-09
1368,1.7919503972556516e-09
1369,1.7929873213181515e-09
1370,1.7932849850524927e-09
1371,1.7929576100144513e-09
1372,1.7925736949452795e-09
1373,1.7935344142065841e-09
1374,1.7937192894489782e-09
1375,1.7926642059268715e-09
1376,1.7922880036696414e-09
1377,1.7940851492544289e-09
1378,1.7943559908892844e-09
1379,1.7932283450391622e-09
1380,1.7927545965882295e-09
1381,1.7927966396482356e-09
1382,1.7938825156688133e-09
1383,1.7942145266955519e-09
1384,1.7945247109275075e-09
1385,1.7944014140827764e-09
1386,1.7956949438455409e-09
1387,1.7939395670918204e-09
1388,1.7933564705147254e-09
1389,1.793900460181725e-09
1390,1.792875108494008e-09
1391,1.7925924148769755e-09
1392,1.7937780818038025e-09
1393,1.7933166856879673e-09
1394,1.7935858581316757e-09
1395,1.794544401573265e-09
1396,1.7940040569412903e-09
1397,1.7952688147537582e-09
1398,1.7946413939279537e-09
1399,1.7955559621674243e-09
1400,1.7965611503276223e-09
1401,1.7957251027676695e-09
1402,1.7961313125131612e-09
1403,1.7953440616030066e-09
1404,1.7963847162398651e-09
1405,1.7946751327706465e-09
1406,1.7944587164106035e-09
1407,1.794627159334265e-09
1408,1.7951707305944973e-09
1409,1.7952763142138598e-09
1410,1.796095577628333e-09
1411,1.7953054828935737e-09
1412,1.7945349259748503e-09
1413,1.7948782563135906e-09
1414,1.794404347532804e-09
1415,1.7942769350200538e-09
1416,1.793731628706197e-09
1417,1.795109448824877e-09
1418,1.7945038210220406e-09
1419,1.7954965879068833e-09
1420,1.7938807255577324e-09
1421,1.7954106991524283e-09
1422,1.7953372179743428e-09
1423,1.795607302487108e-09
1424,1.797137972058123e-09
1425,1.794934616836943e-09
1426,1.7949463729708029e-09
1427,1.7948116322412462e-09
1428,1.7978755091291979e-09
1429,1.7953876558785396e-09
1430,1.7949096320717296e-09
1431,1.7969945044683151e-09
1432,1.794166194801195e-09
1433,1.7931560467334245e-09
1434,1.7936732385157076e-09
1435,1.7931441904446922e-09
1436,1.7937564313641305e-09
1437,1.7925446208566555e-09
1438,1.7930246292371453e-09
1439,1.7918849110287777e-09
1440,1.7915484474362079e-09
1441,1.7926329011137248e-09
1442,1.7930196305741846e-09
1443,1.7932397807427806e-09
1444,1.7923941528085209e-09
1445,1.79347859832894e-09
1446,1.7932031490487807e-09
1447,1.7931563531939198e-09
1448,1.793509478254033e-09
1449,1.7935469701988185e-09
1450,1.7942927176674912e-09
1451,1.7946009728092391e-09
1452,1.7944143242636109e-09
1453,1.795022958283545e-09
1454,1.794602460511532e-09
1455,1.794271962106408e-09
1456,1.7939816662691907e-09
1457,1.7936883907593083e-09
1458,1.793969941875743e-09
1459,1.7942186646258116e-09
1460,1.794243384058023e-09
1461,1.79407897922127e-09
1462,1.7936030730381144e-09
1463,1.793958781837769e-09
1464,1.7937671849599732e-09
1465,1.794955567365672e-09
1466,1.793443390592111e-09
1467,1.7937915560859056e-09
1468,1.794580778717732e-09
1469,1.7937146551262414e-09
1470,1.7933062836220563e-09
1471,1.7928135506222332e-09
1472,1.7933425964878822e-09
1473,1.7933843801801018e-09
1474,1.7941519577972843e-09
1475,1.7928001512017215e-09
1476,1.7944301522239522e-09
1477,1.7932495139852378e-09
1478,1.7939934520448771e-09
1479,1.7941253456183865e-09
1480,1.793234699260665e-09
1481,1.7932543076752986e-09
1482,1.7912492942375405e-09
1483,1.7912726852521665e-09
1484,1.7915349919270577e-09
1485,1.7920869180826492e-09
1486,1.7925042171000435e-09
1487,1.792735332002642e-09
1488,1.7937997195716782e-09
1489,1.795223338987425e-09
1490,1.7945224243423987e-09
1491,1.7947126538291331e-09
1492,1.793952517193794e-09
1493,1.7965549366897546e-09
1494,1.79365342338931e-09
1495,1.7929059880342196e-09
1496,1.7946220039178801e-09
1497,1.7934758456405615e-09
1498,1.7920432784267902e-09
1499,1.793074761113737e-09
1500,1.7926078488265999e-09
1501,1.793598030684967e-09
1502,1.7941300504401272e-09
1503,1.7931249507850391e-09
1504,1.7941399839190044e-09
1505,1.792607723976879e-09
1506,1.7929001808611286e-09
1507,1.794208623459048e-09
1508,1.7928570311419712e-09
1509,1.7931612544042858e-09
1510,1.7934118994568367e-09
1511,1.7943909718733499e-09
1512,1.797665550497259e-09
1513,1.7942266507323895e-09
1514,1.7934935687017586e-09
1515,1.7944958674756439e-09
1516,1.7956522832345071e-09
1517,1.7952420909592447e-09
1518,1.79432266889814e-09
1519,1.7942078837258556e-09
1520,1.794584471755229e-09
1521,1.7938559016152687e-09
1522,1.793800091528245e-09
1523,1.7931629438476677e-09
1524,1.792494527567869e-09
1525,1.794895640911182e-09
1526,1.79316982484746e-09
1527,1.7928198592594808e-09
1528,1.7933715284325516e-09
1529,1.7930034640381525e-09
1530,1.7940256150866965e-09
1531,1.7936850164216336e-09
1532,1.7934783224435104e-09
1533,1.7932071283674413e-09
1534,1.7938955762732793e-09
1535,1.7932109292436668e-09
1536,1.7932730377803738e-09
1537,1.7937647126305565e-09
1538,1.7937356228350097e-09
1539,1.7939652620447412e-09
1540,1.7932643679931634e-09
1541,1.7937177779085356e-09
1542,1.7939983620720371e-09
1543,1.7932909067507533e-09
1544,1.7941892109534578e-09
1545,1.7929571463539979e-09
1546,1.792975423932147e-09
1547,1.7926975466482516e-09
1548,1.794270844148479e-09
1549,1.794160053994329e-09
1550,1.7934949516008353e-09
1551,1.7949375379104626e-09
1552,1.7924876606498124e-09
1553,1.793236152989902e-09
1554,1.79240342239404e-09
1555,1.7936933477695338e-09
1556,1.7911545463498643e-09
1557,1.7920864653799783e-09
1558,1.792109479011899e-09
1559,1.7920184535369328e-09
1560,1.7915646089104396e-09
1561,1.7938618231316461e-09
1562,1.7909119253963826e-09
1563,1.7908557910058734e-09
1564,1.7904263178692036e-09
1565,1.7911407559181705e-09
1566,1.7918245820359937e-09
1567,1.7915424282290858e-09
1568,1.7921745748753276e-09
1569,1.7916945422108586e-09
1570,1.7923295132253115e-09
1571,1.7926892216411946e-09
1572,1.7921485527464373e-09
1573,1.7916720948159048e-09
1574,1.7934234491604672e-09
1575,1.793031747047339e-09
1576,1.7935061212707385e-09
1577,1.7930964417136628e-09
1578,1.7927022717998373e-09
1579,1.7936081995580858e-09
1580,1.7928280474560975e-09
1581,1.7931293794485775e-09
1582,1.792256336929541e-09
1583,1.7930551363082084e-09
1584,1.7934638015968905e-09
1585,1.7931337268159271e-09
1586,1.7945660785214484e-09
1587,1.7931958885154046e-09
1588,1.7950368292764523e-09
1589,1.7930519926946865e-09
1590,1.792820742207121e-09
1591,1.7929154062492617e-09
1592,1.794502968467324e-09
1593,1.7922943807764994e-09
1594,1.7934253486218913e-09
1595,1.7920905151799032e-09
1596,1.7925288508596514e-09
1597,1.7932521488456393e-09
1598,1.7924300944526729e-09
1599,1.7926532025026875e-09
1600,1.7935163824514966e-09
1601,1.7934668835033911e-09
1602,1.7943036672380602e-09
1603,1.794755804018312e-09
1604,1.79429671607733e-09
1605,1.7948936855176357e-09
1606,1.7939665231160921e-09
1607,1.7943208559706773e-09
1608,1.7953124545950835e-09
1609,1.7946528002386512e-09
1610,1.7948694656177546e-09
1611,1.795384246480508e-09
1612,1.795170844777789e-09
1613,1.7941424303475247e-09
1614,1.7952564211529703e-09
1615,1.794830666405136e-09
1616,1.7946464610058485e-09
1617,1.795027529467216e-09
1618,1.7957586809682957e-09
1619,1.795254146799945e-09
1620,1.7943209319670112e-09
1621,1.7948609189499557e-09
1622,1.7937971490137146e-09
1623,1.7943508164892666e-09
1624,1.7934428358803196e-09
1625,1.7938096410388242e-09
1626,1.7942500403858194e-09
1627,1.7936000840704599e-09
1628,1.7945502957001163e-09
1629,1.7930653524108415e-09
1630,1.7950383322168048e-09
1631,1.7925908151009366e-09
1632,1.7941710900687272e-09
1633,1.7942179678674826e-09
1634,1.7928713441628667e-09
1635,1.7939717644808193e-09
1636,1.7934319388754894e-09
1637,1.7935868647032913e-09
1638,1.794364098898233e-09
1639,1.7945841965826132e-09
1640,1.7933722111093384e-09
1641,1.7941240016678774e-09
1642,1.7942185455339205e-09
1643,1.795749153788546e-09
1644,1.7958199447451367e-09
1645,1.7934568623180411e-09
1646,1.793182865286626e-09
1647,1.7935558737181152e-09
1648,1.793491349554369e-09
1649,1.794657746368918e-09
1650,1.793710736679715e-09
1651,1.7931043207318575e-09
1652,1.7936178969386488e-09
1653,1.7938463008663873e-09
1654,1.7929363941631283e-09
1655,1.7938703719894413e-09
1656,1.7928497883257477e-09
1657,1.7954369987611837e-09
1658,1.794304244793981e-09
1659,1.7939492982600334e-09
1660,1.7937871732665673e-09
1661,1.7926435269703924e-09
1662,1.79323078393931e-09
1663,1.7936478491985973e-09
1664,1.7935941234210006e-09
1665,1.792979551435042e-09
1666,1.7929890456132196e-09
1667,1.7931305039264232e-09
1668,1.7925984845144088e-09
1669,1.7928460945981422e-09
1670,1.7916265874321111e-09
1671,1.7933833460404048e-09
1672,1.7923958438568915e-09
1673,1.7945095030711521e-09
1674,1.7935534322078808e-09
1675,1.792450521979795e-09
1676,1.792698232596648e-09
1677,1.7933161002022378e-09
1678,1.7927336924822542e-09
1679,1.7919056868542916e-09
1680,1.7916760302348604e-09
1681,1.7924522180364367e-09
1682,1.7919567078610403e-09
1683,1.7932355189580446e-09
1684,1.7931559784217312e-09
1685,1.7941650926599242e-09
1686,1.7933818767508426e-09
1687,1.7945529613509457e-09
1688,1.794190548974725e-09
1689,1.7932956747278033e-09
1690,1.7929190976285145e-09
1691,1.7960555866736986e-09
1692,1.793068568537292e-09
1693,1.793904388758216e-09
1694,1.7946321508165709e-09
1695,1.793471055340965e-09
1696,1.7935821007800933e-09
1697,1.7934746574341985e-09
1698,1.7943649449175152e-09
1699,1.7944165411959214e-09
1700,1.7954749274249841e-09
1701,1.7947315196098047e-09
1702,1.793805272119272e-09
1703,1.7934764464348514e-09
1704,1.794908519480958e-09
1705,1.7936334085300891e-09
1706,1.7935585112226777e-09
1707,1.794147771706892e-09
1708,1.7943673879716816e-09
1709,1.7940219466682658e-09
1710,1.7943338360461589e-09
1711,1.7934725903654188e-09
1712,1.7931996721083446e-09
1713,1.7929269420090676e-09
1714,1.7940587737831161e-09
1715,1.7939919849130823e-09
1716,1.794527827463179e-09
1717,1.7940160246998699e-09
1718,1.7937624935426238e-09
1719,1.7955479807052653e-09
1720,1.7965821571815178e-09
1721,1.7973258847921818e-09
1722,1.7931352780267465e-09
1723,1.793454618401729e-09
1724,1.7952559762752952e-09
1725,1.7950581156396803e-09
1726,1.7957882693930728e-09
1727,1.7942559737830975e-09
1728,1.7950664230831349e-09
1729,1.7958309426905107e-09
1730,1.793140487443551e-09
1731,1.7929420428398047e-09
1732,1.792781978075874e-09
1733,1.7928307557076644e-09
1734,1.7926480517870518e-09
1735,1.7931856471758325e-09
1736,1.7928309506489077e-09
1737,1.792291889294107e-09
1738,1.7928940404976213e-09
1739,1.7937671234085785e-09
1740,1.7941335312256516e-09
1741,1.7936643522492994e-09
1742,1.7943464813756859e-09
1743,1.792495933177558e-09
1744,1.7934227399162012e-09
1745,1.7929778607979072e-09
1746,1.7939328534313564e-09
1747,1.7945080897729904e-09
1748,1.7927576337787107e-09
1749,1.7920911633976383e-09
1750,1.7930540991656744e-09
1751,1.793934170747511e-09
1752,1.7952311255026296e-09
1753,1.7928589201024669e-09
1754,1.7934135796877086e-09
1755,1.7938666340549426e-09
1756,1.794811978673253e-09
1757,1.7940529716582986e-09
1758,1.7932429186294387e-09
1759,1.795517695884399e-09
1760,1.7945548640556207e-09
1761,1.7937468120801469e-09
1762,1.793438814247111e-09
1763,1.793287837209314e-09
1764,1.7935499901872365e-09
1765,1.794225756921672e-09
1766,1.793810273914531e-09
1767,1.7942631808810612e-09
1768,1.794954165019674e-09
1769,1.7942222888350153e-09
1770,1.7956529560711413e-09
1771,1.7945842534663627e-09
1772,1.7949133224102063e-09
1773,1.7952427227405753e-09
1774,1.793447240073808e-09
1775,1.7935043604674894e-09
1776,1.7945426228514934e-09
1777,1.7954632374701794e-09
1778,1.7947370176261384e-09
1779,1.7955401151635352e-09
1780,1.7944502638652389e-09
1781,1.7949251043075675e-09
1782,1.7947332293990028e-09
1783,1.7929647963097943e-09
1784,1.7946819813811166e-09
1785,1.7949123899426258e-09
1786,1.7955496658065027e-09
1787,1.7956173219317367e-09
1788,1.7959611036001642e-09
1789,1.7956192166273056e-09
1790,1.7955110533184684e-09
1791,1.795213382102395e-09
1792,1.7965211881365108e-09
1793,1.7952833303071479e-09
1794,1.794738735890252e-09
1795,1.794669830653033e-09
1796,1.7985805050671777e-09
1797,1.795099740398396e-09
1798,1.795663051348618e-09
1799,1.7968609642799413e-09
1800,1.7958060511843626e-09
1801,1.7940804005258976e-09
1802,1.794712378865295e-09
1803,1.7943384883946233e-09
1804,1.7947439022701291e-09
1805,1.7927179580697188e-09
1806,1.7938887513114714e-09
1807,1.794153668146984e-09
1808,1.7949340844238263e-09
1809,1.7953436035829078e-09
1810,1.7939332105541767e-09
1811,1.795952634730623e-09
1812,1.7953077450998836e-09
1813,1.7952777789511098e-09
1814,1.7946984922259543e-09
1815,1.7943448961369978e-09
1816,1.7940036858978158e-09
1817,1.7947148572251817e-09
1818,1.7939601766041958e-09
1819,1.7937552570891942e-09
1820,1.7937418078166113e-09
1821,1.793337420410646e-09
1822,1.793153150967093e-09
1823,1.793963003928003e-09
1824,1.7934250865457485e-09
1825,1.7927518904764213e-09
1826,1.7932035935186218e-09
1827,1.7939441827709143e-09
1828,1.7950527404689338e-09
1829,1.7939113631189702e-09
1830,1.7933672147308936e-09
1831,1.7971353990216538e-09
1832,1.7937511759838733e-09
1833,1.793717887033046e-09
1834,1.7940432386424609e-09
1835,1.7938151653800394e-09
1836,1.7963205757764025e-09
1837,1.793825144865376e-09
1838,1.7950852027616241e-09
1839,1.7942967632564187e-09
1840,1.7944999453083721e-09
1841,1.7946795233206636e-09
1842,1.7942507954790768e-09
1843,1.7941233742948883e-09
1844,1.7939490408324856e-09
1845,1.7934580552117314e-09
1846,1.792744372042957e-09
1847,1.7928020706463614e-09
1848,1.7943401091855527e-09
1849,1.793621970693386e-09
1850,1.795861211467461e-09
1851,1.7940344312591436e-09
1852,1.7941543950064738e-09
1853,1.794343806755504e-09
1854,1.7942062652614269e-09
1855,1.7941046117929912e-09
1856,1.7938783160279614e-09
1857,1.794556643628127e-09
1858,1.7942005176099014e-09
1859,1.794666196766515e-09
1860,1.7947848801419385e-09
1861,1.7947433696067857e-09
1862,1.7946064327899736e-09
1863,1.7947543254402166e-09
1864,1.7944912443355865e-09
1865,1.7945124392337892e-09
1866,1.7946863608933785e-09
1867,1.7941916135618208e-09
1868,1.7956090671082586e-09
1869,1.794939868819177e-09
1870,1.7946492773390283e-09
1871,1.794479501862643e-09
1872,1.7939423191405764e-09
1873,1.7938197623243205e-09
1874,1.7950068463908952e-09
1875,1.7949577072305767e-09
1876,1.7955356120887182e-09
1877,1.7948625595816912e-09
1878,1.7935233395589088e-09
1879,1.793725977716045e-09
1880,1.792132328400281e-09
1881,1.7925666995738516e-09
1882,1.7933032584263326e-09
1883,1.793748541114217e-09
1884,1.793239450143182e-09
1885,1.7933949553719382e-09
1886,1.7927292052796943e-09
1887,1.792805810819085e-09
1888,1.7926262763631677e-09
1889,1.7935087349359078e-09
1890,1.7944830747440787e-09
1891,1.794748151718308e-09
1892,1.7946738922088753e-09
1893,1.7939932787963917e-09
1894,1.793440673031677e-09
1895,1.7935928980882443e-09
1896,1.7949492066011838e-09
1897,1.7983957581512003e-09
1898,1.7935995901558432e-09
1899,1.793676558333738e-09
1900,1.7940921775345883e-09
1901,1.7948637741878434e-09
1902,1.7931581830724234e-09
1903,1.793847461797034e-09
1904,1.7952552992793077e-09
1905,1.7931535690891084e-09
1906,1.7949072384093948e-09
1907,1.795210697060896e-09
1908,1.7951644423304153e-09
1909,1.7940004462945604e-09
1910,1.7975850036349315e-09
1911,1.7943010730269214e-09
1912,1.7928176114783295e-09
1913,1.7930459709226422e-09
1914,1.7926969282489695e-09
1915,1.792754344880781e-09
1916,1.7939489829060602e-09
1917,1.7957254024714094e-09
1918,1.7937546315705896e-09
1919,1.7920451138079944e-09
1920,1.7925102564392552e-09
1921,1.7923540397603936e-09
1922,1.7927610012858285e-09
1923,1.7944895664510064e-09
1924,1.7938706677863516e-09
1925,1.7939611514267904e-09
1926,1.7927269093693033e-09
1927,1.7928825566729679e-09
1928,1.7918653135284745e-09
1929,1.791239527267175e-09
1930,1.794570751984984e-09
1931,1.7954120772788782e-09
1932,1.7930514728894484e-09
1933,1.7931011294998252e-09
1934,1.7966292550371622e-09
1935,1.7944234065899247e-09
1936,1.7952821770136638e-09
1937,1.7969189004758374e-09
1938,1.7983874377930153e-09
1939,1.7958643004721888e-09
1940,1.7958255270660885e-09
1941,1.7975558061918688e-09
1942,1.7961979812668147e-09
1943,1.7990007217485727e-09
1944,1.7969153671341073e-09
1945,1.7958534159093064e-09
1946,1.7957803832627885e-09
1947,1.7967870273165853e-09
1948,1.7967320145908627e-09
1949,1.7954698713178352e-09
1950,1.7943904682644165e-09
1951,1.7946004882207853e-09
1952,1.7949781997221434e-09
1953,1.794553488462036e-09
1954,1.7938942643290231e-09
1955,1.7932472859350714e-09
1956,1.7932546303972993e-09
1957,1.793424597397133e-09
1958,1.7937786384648656e-09
1959,1.79425979660511e-09
1960,1.7944178759385398e-09
1961,1.795074340305914e-09
1962,1.7947904240055263e-09
1963,1.7944283844162468e-09
1964,1.7941981603508097e-09
1965,1.797651105356358e-09
1966,1.7946705001367759e-09
1967,1.7949433427015187e-09
1968,1.792528081955304e-09
1969,1.7928190623912228e-09
1970,1.7936290105623944e-09
1971,1.7941696898220345e-09
1972,1.7959476239833841e-09
1973,1.7952522792899353e-09
1974,1.7951000302452056e-09
1975,1.7951640998730188e-09
1976,1.7950592624575575e-09
1977,1.794694230627644e-09
1978,1.7938912270858102e-09
1979,1.7932653065465598e-09
1980,1.7924971806666455e-09
1981,1.7938665163392125e-09
1982,1.7931623081081782e-09
1983,1.791439136024593e-09
1984,1.7924554368323503e-09
1985,1.793035336869457e-09
1986,1.7947721737980355e-09
1987,1.794947656382479e-09
1988,1.7926720170614587e-09
1989,1.7946123360551595e-09
1990,1.795432691533019e-09
1991,1.795676457986892e-09
1992,1.793754887744222e-09
1993,1.7926087604246676e-09
1994,1.7927189096064774e-09
1995,1.7977796968104605e-09
1996,1.7944576507789344e-09
1997,1.7937245719572967e-09
1998,1.7933051751755546e-09
1999,1.7932779247861953e-09
2000,1.7936423975465198e-09
2001,1.794501885572816e-09
2002,1.7966605516587739e-09
2003,1.7940439843986999e-09
2004,1.7922737319454948e-09
2005,1.793721224394333e-09
2006,1.7941179646816125e-09
2007,1.7942092852025732e-09
2008,1.7943557172894726e-09
2009,1.7953238763005318e-09
2010,1.7942726415926577e-09
2011,1.7954096231632475e-09
2012,1.7942992319395321e-09
2013,1.7944560520689284e-09
2014,1.7941029122278244e-09
2015,1.7956933214298838e-09
2016,1.7960951794093778e-09
2017,1.7975844074214072e-09
2018,1.7959095357395743e-09
2019,1.7939287285930817e-09
2020,1.7942920694984803e-09
2021,1.7944821533005913e-09
2022,1.7941218127389619e-09
2023,1.7937668188294542e-09
2024,1.7952652999119804e-09
2025,1.7937183334768207e-09
2026,1.7931709624164583e-09
2027,1.7942361338472982e-09
2028,1.7944403307229024e-09
2029,1.794563322802401e-09
2030,1.797562634647011e-09
2031,1.7946546610968833e-09
2032,1.7941602518290093e-09
2033,1.7983810908398121e-09
2034,1.7956451731789317e-09
2035,1.7925223723025035e-09
2036,1.7929699006128809e-09
2037,1.793484118129818e-09
2038,1.7939527038818164e-09
2039,1.7944861711347088e-09
2040,1.794742192825411e-09
2041,1.79931007289721e-09
2042,1.7989367013603568e-09
2043,1.7951438434500936e-09
2044,1.7945487617450786e-09
2045,1.795448447413547e-09
2046,1.793836667597523e-09
2047,1.7947768167789667e-09
2048,1.7953583390309982e-09
2049,1.7929993783131147e-09
2050,1.79370496255364e-09
2051,1.7932592193799718e-09
2052,1.7941670342571874e-09
2053,1.7939731511296141e-09
2054,1.7946380128761522e-09
2055,1.794913541641714e-09
2056,1.7951493228905502e-09
2057,1.795933661989228e-09
2058,1.797517912885033e-09
2059,1.7954656258912921e-09
2060,1.7930732343515983e-09
2061,1.793237712521011e-09
2062,1.7943612303648221e-09
2063,1.7940663385104123e-09
2064,1.7943658665010654e-09
2065,1.7958182068501022e-09
2066,1.7982074537502892e-09
2067,1.7954784968458392e-09
2068,1.7951029979578564e-09
2069,1.7953203921604647e-09
2070,1.7947374812482816e-09
2071,1.7946425179757043e-09
2072,1.7953606742142674e-09
2073,1.7962322409581547e-09
2074,1.7950260232978469e-09
2075,1.7965206163413442e-09
2076,1.7953505146578683e-09
2077,1.795387337731248e-09
2078,1.7951581436730978e-09
2079,1.794040132400095e-09
2080,1.798181960412155e-09
2081,1.795069228997261e-09
2082,1.7970672264610146e-09
2083,1.7985612609072305e-09
2084,1.7954229925281252e-09
2085,1.7950459360393734e-09
2086,1.7958186140119256e-09
2087,1.7961418882087887e-09
2088,1.7950868843541958e-09
2089,1.7949216784075448e-09
2090,1.794663055882177e-09
2091,1.793495991015324e-09
2092,1.793040242041559e-09
2093,1.7926515416413235e-09
2094,1.7928608490424793e-09
2095,1.7928543725175998e-09
2096,1.793802909773814e-09
2097,1.7955957217968942e-09
2098,1.7947509367818696e-09
2099,1.7929625088007285e-09
2100,1.7930143391978194e-09
2101,1.7940698709805695e-09
2102,1.794709244507995e-09
2103,1.7918447932779734e-09
2104,1.7936401233500721e-09
2105,1.7994369778364398e-09
2106,1.792731661279433e-09
2107,1.7923787956061421e-09
2108,1.793756824123618e-09
2109,1.7934184139546148e-09
2110,1.7934165302024386e-09
2111,1.7933347341987388e-09
2112,1.7934883893251083e-09
2113,1.7972593331778763e-09
2114,1.7939530418571045e-09
2115,1.7926359931959606e-09
2116,1.7934770817495384e-09
2117,1.7941909972558106e-09
2118,1.79466083576225e-09
2119,1.794481523920537e-09
2120,1.7966311835778168e-09
2121,1.7941827678253255e-09
2122,1.7926786811833854e-09
2123,1.7926629548461648e-09
2124,1.7936873198435999e-09
2125,1.8019837532925628e-09
2126,1.7949988682423748e-09
2127,1.7948061968241982e-09
2128,1.7948531741200503e-09
2129,1.793570906392774e-09
2130,1.7941759160095121e-09
2131,1.7941139684366988e-09
2132,1.7936483815835433e-09
2133,1.7928897823128767e-09
2134,1.7923035735923719e-09
2135,1.7922788358988308e-09
2136,1.7937213972481226e-09
2137,1.7936418243135904e-09
2138,1.7932721610981526e-09
2139,1.7934784789970898e-09
2140,1.7985059991548998e-09
2141,1.7941144700908066e-09
2142,1.793125415461653e-09
2143,1.7933415158427173e-09
2144,1.7931784652067311e-09
2145,1.7952256123758376e-09
2146,1.7957972259669316e-09
2147,1.794877697066757e-09
2148,1.7947698473191922e-09
2149,1.7943936885497182e-09
2150,1.7968989442378894e-09
2151,1.7952516669727733e-09
2152,1.7969389841542406e-09
2153,1.796228163241357e-09
2154,1.7940909241898482e-09
2155,1.7957132026578866e-09
2156,1.7937303928660977e-09
2157,1.794910074892526e-09
2158,1.8028668237247073e-09
2159,1.7949425346732019e-09
2160,1.79379376990372e-09
2161,1.7939177312799914e-09
2162,1.793829922939263e-09
2163,1.7931023051557254e-09
2164,1.799203838077027e-09
2165,1.7964579577532578e-09
2166,1.7945960803696038e-09
2167,1.7936270781856752e-09
2168,1.7949136377107057e-09
2169,1.7961210211894104e-09
2170,1.795392495606871e-09
2171,1.7946068581527416e-09
2172,1.7929718320953485e-09
2173,1.7941561828084635e-09
2174,1.7961632614117584e-09
2175,1.7945305223070459e-09
2176,1.792976492575989e-09
2177,1.7919972368198319e-09
2178,1.7936585235870294e-09
2179,1.7925440861456261e-09
2180,1.7934034950700407e-09
2181,1.792982844342116e-09
2182,1.7936935333759127e-09
2183,1.7934686832826432e-09
2184,1.795296405215379e-09
2185,1.7931311775286745e-09
2186,1.7940634047065722e-09
2187,1.7939264977960134e-09
2188,1.7940580613978084e-09
2189,1.7945619888046945e-09
2190,1.7947255697183187e-09
2191,1.7945418641871638e-09
2192,1.7945051494464867e-09
2193,1.793687705754432e-09
2194,1.793419279552873e-09
2195,1.7937315197582872e-09
2196,1.792837204355974e-09
2197,1.7933745343437267e-09
2198,1.7926819340142713e-09
2199,1.7929691167778427e-09
2200,1.7936111556742468e-09
2201,1.792812880209339e-09
2202,1.7924578449426603e-09
2203,1.7918263225479514e-09
2204,1.7921480069750593e-09
2205,1.7923501909820244e-09
2206,1.7934135898963007e-09
2207,1.7948343022868399e-09
2208,1.7947132650688757e-09
2209,1.793640647379882e-09
2210,1.7943658047615525e-09
2211,1.7929197793298132e-09
2212,1.7930346606945613e-09
2213,1.7939422026540028e-09
2214,1.7930033341650724e-09
2215,1.79451659990857e-09
2216,1.792847721526375e-09
2217,1.7929564672461145e-09
2218,1.7921844964407211e-09
2219,1.7918446983904212e-09
2220,1.7916094735966558e-09
2221,1.7942554801437403e-09
2222,1.7922204675681848e-09
2223,1.7926488758237899e-09
2224,1.7941201954078486e-09
2225,1.7943114335335749e-09
2226,1.7917070919483556e-09
2227,1.7919827801711158e-09
2228,1.7934619510447493e-09
2229,1.793272483199152e-09
2230,1.7933183522529119e-09
2231,1.7930914039695954e-09
2232,1.795676976055716e-09
2233,1.79302015798713e-09
2234,1.7925557998639418e-09
2235,1.7945521426035741e-09
2236,1.7918041934460868e-09
2237,1.7925008369158215e-09
2238,1.793023738833651e-09
2239,1.7925400347309293e-09
2240,1.7935646487833087e-09
2241,1.7921848461211702e-09
2242,1.7922226593248884e-09
2243,1.7924193578053748e-09
2244,1.7931529080300308e-09
2245,1.7928671435761259e-09
2246,1.7931363472184976e-09
2247,1.7955214866350337e-09
2248,1.793167938109178e-09
2249,1.792741722619769e-09
2250,1.793081087109058e-09
2251,1.7947529498056334e-09
2252,1.7949231326729906e-09
2253,1.7963186317305867e-09
2254,1.7976697352493673e-09
2255,1.7949007042843194e-09
2256,1.793996856794911e-09
2257,1.7938739738763322e-09
2258,1.796489501046285e-09
2259,1.792481000462621e-09
2260,1.7946348575839702e-09
2261,1.7952146138318413e-09
2262,1.792705044811205e-09
2263,1.7910459216066682e-09
2264,1.7916429426067233e-09
2265,1.7924054162330125e-09
2266,1.793271411638483e-09
2267,1.7932442786594299e-09
2268,1.792919473295461e-09
2269,1.791976824872283e-09
2270,1.7924870643452735e-09
2271,1.7920633242895008e-09
2272,1.7943147947767387e-09
2273,1.7920078391424449e-09
2274,1.7922947319450344e-09
2275,1.7931898352813017e-09
2276,1.792607450770829e-09
2277,1.7925019078597113e-09
2278,1.7921182377987e-09
2279,1.7946672821394955e-09
2280,1.7946706247988495e-09
2281,1.795475104881746e-09
2282,1.7965540596379493e-09
2283,1.7929291931321662e-09
2284,1.793211761557606e-09
2285,1.7937490689600372e-09
2286,1.7944579394913329e-09
2287,1.793415919027161e-09
2288,1.795323827293828e-09
2289,1.7930759388526055e-09
2290,1.7941394284620722e-09
2291,1.7927175840589113e-09
2292,1.7931030997465102e-09
2293,1.794515040226366e-09
2294,1.7927007383416112e-09
2295,1.7928474165048577e-09
2296,1.793320283648704e-09
2297,1.7938408211774008e-09
2298,1.7928068284399914e-09
2299,1.7926772077642837e-09
2300,1.794488443494914e-09
2301,1.794481907133355e-09
2302,1.7933321506090054e-09
2303,1.7924106113772667e-09
2304,1.792755071063217e-09
2305,1.7933243843653851e-09
2306,1.7942534384563357e-09
2307,1.7930605307614873e-09
2308,1.7911200925987789e-09
2309,1.7932383180950987e-09
2310,1.79193293630682e-09
2311,1.797328005743531e-09
2312,1.793504282334115e-09
2313,1.7943411389813946e-09
2314,1.8013246259595925e-09
2315,1.7988031499521966e-09
2316,1.796994218382163e-09
2317,1.7943167585441459e-09
2318,1.7931628487003929e-09
2319,1.7939521861431623e-09
2320,1.795170418396445e-09
2321,1.794024049181793e-09
2322,1.7994982821469237e-09
2323,1.7942978142501814e-09
2324,1.7944695163009379e-09
2325,1.7949991169346191e-09
2326,1.7947574296535133e-09
2327,1.794035950303283e-09
2328,1.7948455100834267e-09
2329,1.7953939312369966e-09
2330,1.7926914158955745e-09
2331,1.7946327743118483e-09
2332,1.79357650671141e-09
2333,1.7937776883977756e-09
2334,1.7930324413271694e-09
2335,1.7941821864181489e-09
2336,1.7946340089741599e-09
2337,1.7938032211906301e-09
2338,1.793376085025124e-09
2339,1.796052562880438e-09
2340,1.7944591436452591e-09
2341,1.7947644698852409e-09
2342,1.7963784815518671e-09
2343,1.7928712263566139e-09
2344,1.792844462798716e-09
2345,1.795629130600877e-09
2346,1.7934789457828111e-09
2347,1.7946491042251957e-09
2348,1.797531674527975e-09
2349,1.792906601132758e-09
2350,1.7935362307380392e-09
2351,1.7939455615755763e-09
2352,1.7934720335835168e-09
2353,1.7930067351882748e-09
2354,1.7930019394924944e-09
2355,1.7944672335998875e-09
2356,1.7948108081577393e-09
2357,1.795721665242185e-09
2358,1.7937579834825066e-09
2359,1.7950418256121287e-09
2360,1.7938681119421334e-09
2361,1.8002143353618817e-09
2362,1.793154075087253e-09
2363,1.7940222331735713e-09
2364,1.794854576663261e-09
2365,1.794800825234915e-09
2366,1.794807218612039e-09
2367,1.7934223412290964e-09
2368,1.7933157177612974e-09
2369,1.7940111005899765e-09
2370,1.7941515964542878e-09
2371,1.7944470868436788e-09
2372,1.7930820661622634e-09
2373,1.793572184091788e-09
2374,1.794028427384247e-09
2375,1.7934859257417874e-09
2376,1.793414188518528e-09
2377,1.7935434233891884e-09
2378,1.794294752337508e-09
2379,1.7932251211112123e-09
2380,1.7949673789624808e-09
2381,1.792364553840828e-09
2382,1.7926434748105738e-09
2383,1.7929347598932894e-09
2384,1.7954597394062779e-09
2385,1.792881038196264e-09
2386,1.794500025774638e-09
2387,1.7965971419517127e-09
2388,1.7933103894660549e-09
2389,1.7967243280014758e-09
2390,1.7953807634861692e-09
2391,1.7930666985308206e-09
2392,1.7941082915468624e-09
2393,1.792558442445745e-09
2394,1.7938147589970618e-09
2395,1.7928259176374023e-09
2396,1.7936535239373277e-09
2397,1.793038256121279e-09
2398,1.7928535260420484e-09
2399,1.7924437703849092e-09
2400,1.791082478995482e-09
2401,1.79418878701012e-09
2402,1.7923340672794947e-09
2403,1.7922278480360642e-09
2404,1.7936024327269152e-09
2405,1.7947739424474113e-09
2406,1.7951399393984799e-09
2407,1.794623229938174e-09
2408,1.7938191944774627e-09
2409,1.7951143739520494e-09
2410,1.7948201644528432e-09
2411,1.7952294708794124e-09
2412,1.794519301066936e-09
2413,1.794490945367702e-09
2414,1.79429011145145e-09
2415,1.79619113479442e-09
2416,1.7938653808733944e-09
2417,1.7927641226852593e-09
2418,1.7934159380604702e-09
2419,1.7934313515115767e-09
2420,1.7975039335871192e-09
2421,1.7920401043509359e-09
2422,1.7934341780453928e-09
2423,1.7937610895554236e-09
2424,1.7933936527451737e-09
2425,1.79232467806698e-09
2426,1.7927675336876861e-09
2427,1.7923589387873909e-09
2428,1.7932462956587831e-09
2429,1.7933670275816692e-09
2430,1.7938350100404036e-09
2431,1.7961607843515328e-09
2432,1.7949191659857103e-09
2433,1.793767079694845e-09
2434,1.7922789483852574e-09
2435,1.7946235221514014e-09
2436,1.79622854203007e-09
2437,1.7934626117211575e-09
2438,1.7921592179585794e-09
2439,1.7920074484020572e-09
2440,1.7916870999251688e-09
2441,1.7923666447064799e-09
2442,1.7940618727364276e-09
2443,1.792946663668729e-09
2444,1.7913965057326255e-09
2445,1.7916909137989975e-09
2446,1.7914461456703637e-09
2447,1.7927335211421923e-09
2448,1.7940824885266387e-09
2449,1.7937984355334468e-09
2450,1.7927678596087806e-09
2451,1.7923498452809305e-09
2452,1.7934707489939954e-09
2453,1.7940265322446693e-09
2454,1.7949564462620484e-09
2455,1.793604891674899e-09
2456,1.7941774409826046e-09
2457,1.79284377294691e-09
2458,1.7925148805239615e-09
2459,1.7927526853532455e-09
2460,1.7923670052042339e-09
2461,1.7922224450042359e-09
2462,1.7937042532517618e-09
2463,1.794892508895944e-09
2464,1.7929622708244347e-09
2465,1.7932015952775153e-09
2466,1.7929532751268681e-09
2467,1.7932551664140644e-09
2468,1.7934074393072005e-09
2469,1.7931305739046025e-09
2470,1.793104457344702e-09
2471,1.7933521793783465e-09
2472,1.793558119976389e-09
2473,1.7931780195473524e-09
2474,1.7935616248468507e-09
2475,1.7945393555940987e-09
2476,1.7942563544977516e-09
2477,1.7937886570982691e-09
2478,1.7932333975582113e-09
2479,1.7928738181023392e-09
2480,1.7922957826302889e-09
2481,1.7926217390537468e-09
2482,1.7938482069016201e-09
2483,1.7934893594396761e-09
2484,1.7949062540327863e-09
2485,1.794618346555071e-09
2486,1.7947951376477456e-09
2487,1.7951440285526536e-09
2488,1.7961743737404678e-09
2489,1.794536219452364e-09
2490,1.797938679810981e-09
2491,1.7937042057510382e-09
2492,1.794527061256585e-09
2493,1.7957993698642262e-09
2494,1.7955362462262817e-09
2495,1.7973374502190016e-09
2496,1.7956128766084443e-09
2497,1.7952703889963214e-09
2498,1.7981586530982156e-09
2499,1.7958379427114182e-09
2500,1.7972994488296989e-09
2501,1.7965922220471918e-09
2502,1.7983687386922964e-09
2503,1.7966053878595308e-09
2504,1.7965778951570756e-09
2505,1.7962190784846856e-09
2506,1.7948466893344327e-09
2507,1.7952890944091996e-09
2508,1.7947807619069224e-09
2509,1.7942706326779813e-09
2510,1.793962251597668e-09
2511,1.7962315504798458e-09
2512,1.7925264471415522e-09
2513,1.7930930023673371e-09
2514,1.7930757943027833e-09
2515,1.7924710718152924e-09
2516,1.7937209516478015e-09
2517,1.7934189394264624e-09
2518,1.7928158357633462e-09
2519,1.8010187095652743e-09
2520,1.7942797097181058e-09
2521,1.7929835452382139e-09
2522,1.7936522251293675e-09
2523,1.7963648248893574e-09
2524,1.7916882461891761e-09
2525,1.7938940272664184e-09
2526,1.7927455548545868e-09
2527,1.7921145113028431e-09
2528,1.7950588543345983e-09
2529,1.7946162245294426e-09
2530,1.7934122242520472e-09
2531,1.7977575018654073e-09
2532,1.7927887331158418e-09
2533,1.794191281583322e-09
2534,1.7966123267814716e-09
2535,1.7937343510027411e-09
2536,1.8032616127787284e-09
2537,1.792949667057509e-09
2538,1.793682701249427e-09
2539,1.7940861926686172e-09
2540,1.7930099755840881e-09
2541,1.7983410938521389e-09
2542,1.7955423041455442e-09
2543,1.7974320330397982e-09
2544,1.7956291496347589e-09
2545,1.7961424502718607e-09
2546,1.7964627538072655e-09
2547,1.797958549133895e-09
2548,1.7983810686922764e-09
2549,1.7944359333118506e-09
2550,1.7941833659602917e-09
2551,1.7937869606125469e-09
2552,1.7946888184032429e-09
2553,1.7978199471705577e-09
2554,1.794271525415231e-09
2555,1.7942713404140984e-09
2556,1.7951460082810525e-09
2557,1.793574029800539e-09
2558,1.7960744158482552e-09
2559,1.7963183070629023e-09
2560,1.7959392161974254e-09
2561,1.7944158316984954e-09
2562,1.7939874359398484e-09
2563,1.7950349513036305e-09
2564,1.7944071845250165e-09
2565,1.7945968060465654e-09
2566,1.7948527365577334e-09
2567,1.7933420958820323e-09
2568,1.7933202530851548e-09
2569,1.7926421525555877e-09
2570,1.7919140824105516e-09
2571,1.7924020008468927e-09
2572,1.7939371648995428e-09
2573,1.7915807284735106e-09
2574,1.791616052615472e-09
2575,1.7922160459877902e-09
2576,1.795355758642696e-09
2577,1.7937670367635634e-09
2578,1.7939965810228786e-09
2579,1.7954216991091773e-09
2580,1.7946647233221141e-09
2581,1.7936173338810185e-09
2582,1.7919009825161893e-09
2583,1.791275429213361e-09
2584,1.7923515751257368e-09
2585,1.7912846608063019e-09
2586,1.79179664393205e-09
2587,1.7940015791951686e-09
2588,1.7934880013765826e-09
2589,1.7919180022007437e-09
2590,1.7934090656958797e-09
2591,1.7949231225309101e-09
2592,1.7933093722701287e-09
2593,1.794533611412767e-09
2594,1.7957385154355234e-09
2595,1.7946053232837886e-09
2596,1.7954197413291693e-09
2597,1.7963247680829961e-09
2598,1.79740647450784e-09
2599,1.7996005758616534e-09
2600,1.7966551925234416e-09
2601,1.7964786124827446e-09
2602,1.7961292836478164e-09
2603,1.7961541452080409e-09
2604,1.7947671865575178e-09
2605,1.7951993064950407e-09
2606,1.793560368054855e-09
2607,1.7933221403414781e-09
2608,1.7940439422808208e-09
2609,1.80176717561071e-09
2610,1.7949090330586302e-09
2611,1.7958350652589825e-09
2612,1.7962251910416538e-09
2613,1.7995862627798704e-09
2614,1.7979599261896194e-09
2615,1.795672247514756e-09
2616,1.7965058575388519e-09
2617,1.799600912719639e-09
2618,1.7952093830569642e-09
2619,1.7952741218954487e-09
2620,1.795780883023538e-09
2621,1.7946609401140293e-09
2622,1.7946622554247013e-09
2623,1.7958679486136154e-09
2624,1.7976291444608457e-09
2625,1.7942836993050968e-09
2626,1.7939539594566692e-09
2627,1.7932546528942725e-09
2628,1.7936569522284937e-09
2629,1.8041167759191558e-09
2630,1.7938000379813475e-09
2631,1.7938994981850466e-09
2632,1.794746163870791e-09
2633,1.7951480526920208e-09
2634,1.7980717092340355e-09
2635,1.7938027771453217e-09
2636,1.7936330497693557e-09
2637,1.7943026841431337e-09
2638,1.7939941441647146e-09
2639,1.7941513902596944e-09
2640,1.7940492569936214e-09
2641,1.7931401246454138e-09
2642,1.7933028719187494e-09
2643,1.7970758002829165e-09
2644,1.7952505738342039e-09
2645,1.7950350896225185e-09
2646,1.7947414236653937e-09
2647,1.7938289257405116e-09
2648,1.7935162623937353e-09
2649,1.7911328646093243e-09
2650,1.7964089060042806e-09
2651,1.7970710155389412e-09
2652,1.793896512999059e-09
2653,1.7940827065959931e-09
2654,1.7923406853221534e-09
2655,1.7940476867607722e-09
2656,1.8046710812186054e-09
2657,1.795168398819635e-09
2658,1.792883919751757e-09
2659,1.7920703306910242e-09
2660,1.7941017626310012e-09
2661,1.7996013124327497e-09
2662,1.7931003723677974e-09
2663,1.7998847043721711e-09
2664,1.7943279026878414e-09
2665,1.7996938811489397e-09
2666,1.796623303155217e-09
2667,1.7983058259870402e-09
2668,1.7951091666824268e-09
2669,1.7969987741401471e-09
2670,1.7935343830791192e-09
2671,1.7967476679368176e-09
2672,1.793697490492838e-09
2673,1.7970255534347273e-09
2674,1.7943074806509987e-09
2675,1.7929932763634799e-09
2676,1.7956861539320684e-09
2677,1.792675918690674e-09
2678,1.7919209576485744e-09
2679,1.7931882316016209e-09
2680,1.7981634182051883e-09
2681,1.7937778905956144e-09
2682,1.7939491354507146e-09
2683,1.7942596187825104e-09
2684,1.7941050839813749e-09
2685,1.7952258970553799e-09
2686,1.7969913777646537e-09
2687,1.7944484562829385e-09
2688,1.7943165435790432e-09
2689,1.7962114581271233e-09
2690,1.7921089220071727e-09
2691,1.7918805160089537e-09
2692,1.7916177421579398e-09
2693,1.7932321186386652e-09
2694,1.7932701264240983e-09
2695,1.7934093118797702e-09
2696,1.793687300011118e-09
2697,1.797805044082398e-09
2698,1.7935833288543014e-09
2699,1.792282116387841e-09
2700,1.7938344573255185e-09
2701,1.80130504745376e-09
2702,1.7959531432502035e-09
2703,1.7973713155333385e-09
2704,1.7947532743738225e-09
2705,1.7950678593285439e-09
2706,1.7978916162080544e-09
2707,1.8020129061948658e-09
2708,1.794633743951111e-09
2709,1.794622971430711e-09
2710,1.7943026701129883e-09
2711,1.7964947096932165e-09
2712,1.7961564249019876e-09
2713,1.796152941064365e-09
2714,1.7950961353477353e-09
2715,1.7926531364491847e-09
2716,1.7925479942151037e-09
2717,1.7937577806073886e-09
2718,1.7957489050948523e-09
2719,1.7971446872163024e-09
2720,1.7948351015052856e-09
2721,1.7942211024109546e-09
2722,1.7971446387370396e-09
2723,1.7933794961862878e-09
2724,1.7953272555846443e-09
2725,1.7948090490078525e-09
2726,1.7938375526589488e-09
2727,1.7932537380622958e-09
2728,1.7940089050920343e-09
2729,1.7926108402745515e-09
2730,1.7928087503098202e-09
2731,1.7938900943227513e-09
2732,1.7978053609584246e-09
2733,1.794203056689813e-09
2734,1.7935934363235166e-09
2735,1.793181364086134e-09
2736,1.7933792019175463e-09
2737,1.7959937240146212e-09
2738,1.7944909150898429e-09
2739,1.794469590723385e-09
2740,1.7942175135256984e-09
2741,1.7944788251848331e-09
2742,1.794623826014432e-09
2743,1.794160136062563e-09
2744,1.7965022904790195e-09
2745,1.7929992095562415e-09
2746,1.7935731634196871e-09
2747,1.7944716312536887e-09
2748,1.794000249499718e-09
2749,1.7935422547358763e-09
2750,1.794771213854529e-09
2751,1.7936419698017479e-09
2752,1.7961816086272285e-09
2753,1.7953399363188799e-09
2754,1.7960049618345387e-09
2755,1.796144347044526e-09
2756,1.7935016196087e-09
2757,1.7933137716967846e-09
2758,1.7945946737326424e-09
2759,1.7937529737635447e-09
2760,1.7963171117392843e-09
2761,1.8048693006943195e-09
2762,1.7943207478050085e-09
2763,1.795672804907499e-09
2764,1.7945010126050288e-09
2765,1.7935080854379322e-09
2766,1.7971924898484992e-09
2767,1.7929930145659545e-09
2768,1.7930821494988423e-09
2769,1.7929250427348615e-09
2770,1.7927941295851505e-09
2771,1.7958421884850755e-09
2772,1.7933737909382765e-09
2773,1.793539383792465e-09
2774,1.794852956581941e-09
2775,1.7992297372919489e-09
2776,1.7969302786610276e-09
2777,1.7936577551000018e-09
2778,1.7935066933110047e-09
2779,1.7933771260361024e-09
2780,1.7961714133797348e-09
2781,1.7962390989115589e-09
2782,1.8014462780541771e-09
2783,1.7965344188653762e-09
2784,1.7950832372783261e-09
2785,1.7957952259161986e-09
2786,1.8027158167658104e-09
2787,1.8016272625590639e-09
2788,1.8010309129058787e-09
2789,1.7951068984232716e-09
2790,1.7935857802962231e-09
2791,1.7937949075909755e-09
2792,1.7937502487753943e-09
2793,1.7956532522510696e-09
2794,1.8067723416479428e-09
2795,1.7924485133062954e-09
2796,1.7927559320772854e-09
2797,1.7920259624348567e-09
2798,1.8010388060174288e-09
2799,1.7933592334270804e-09
2800,1.7940134660118242e-09
2801,1.793160082380906e-09
2802,1.7949409877837882e-09
2803,1.7944149090318409e-09
2804,1.7969703921196947e-09
2805,1.7950796433459824e-09
2806,1.793508606653616e-09
2807,1.7950108460636158e-09
2808,1.7951721187769645e-09
2809,1.7931050299184311e-09
2810,1.7943162636570273e-09
2811,1.7933394184666861e-09
2812,1.7936127170825823e-09
2813,1.7954377918347681e-09
2814,1.7945627415103382e-09
2815,1.7944346026556538e-09
2816,1.7947086081378983e-09
2817,1.7939148028199869e-09
2818,1.795750285387061e-09
2819,1.794532073147768e-09
2820,1.7948260348228739e-09
2821,1.7953111105446377e-09
2822,1.8000135859956358e-09
2823,1.7943831907487884e-09
2824,1.7932223636211842e-09
2825,1.7935984876186572e-09
2826,1.7927095068584282e-09
2827,1.7942789833484757e-09
2828,1.7945063528174457e-09
2829,1.794546548611595e-09
2830,1.796578979241164e-09
2831,1.7953322001434787e-09
2832,1.7943655696598592e-09
2833,1.7943801108765912e-09
2834,1.7976441153652218e-09
2835,1.7933348652804669e-09
2836,1.7942308549485824e-09
2837,1.7954849435717617e-09
2838,1.7977616541578642e-09
2839,1.7946194885108445e-09
2840,1.7941537456277096e-09
2841,1.7953636913131372e-09
2842,1.7992997100558876e-09
2843,1.7970168698253815e-09
2844,1.7944822908439143e-09
2845,1.7945455926788314e-09
2846,1.7946954785559785e-09
2847,1.7947249567540483e-09
2848,1.7976250543146706e-09
2849,1.7938357794374532e-09
2850,1.792964313794545e-09
2851,1.7931122920297675e-09
2852,1.7961846978922046e-09
2853,1.7921510836691582e-09
2854,1.7921500268571452e-09
2855,1.7947186451725853e-09
2856,1.791855022052372e-09
2857,1.7948575533237368e-09
2858,1.7931897737923866e-09
2859,1.7932852975814884e-09
2860,1.79402132924313e-09
2861,1.793725017614772e-09
2862,1.7931302158310816e-09
2863,1.7921250695368203e-09
2864,1.7921616610737227e-09
2865,1.7922282347740443e-09
2866,1.7931613207694576e-09
2867,1.7954924550950665e-09
2868,1.7948342054511196e-09
2869,1.7937324294598157e-09
2870,1.7947196993277574e-09
2871,1.7947876110578547e-09
2872,1.7939757771757898e-09
2873,1.7955129083569214e-09
2874,1.794134590789506e-09
2875,1.7939440620286145e-09
2876,1.7939102707409756e-09
2877,1.7957176948339597e-09
2878,1.7940674939351171e-09
2879,1.7932772343917954e-09
2880,1.7932358578069017e-09
2881,1.7940841080776e-09
2882,1.7971302377591142e-09
2883,1.7939332528004837e-09
2884,1.7935535129772664e-09
2885,1.7942201603999285e-09
2886,1.7937986765957383e-09
2887,1.79385263466149e-09
2888,1.7929087769373817e-09
2889,1.7931547662429826e-09
2890,1.7940819683280746e-09
2891,1.7938226601633653e-09
2892,1.793629452422364e-09
2893,1.7966079989480226e-09
2894,1.7938144525261378e-09
2895,1.7955201257507258e-09
2896,1.7944581742462563e-09
2897,1.7947510965490293e-09
2898,1.7948227170046493e-09
2899,1.7938685099109996e-09
2900,1.7930784636619943e-09
2901,1.7942021042262849e-09
2902,1.7936812899188347e-09
2903,1.797117065640171e-09
2904,1.7950958230749347e-09
2905,1.8022388330022937e-09
2906,1.795614082733203e-09
2907,1.7943178557286811e-09
2908,1.7936240155822362e-09
2909,1.7933339075664825e-09
2910,1.7930555953658553e-09
2911,1.7938125902857793e-09
2912,1.7936308548242321e-09
2913,1.7948888510205298e-09
2914,1.79539918905245e-09
2915,1.7959046133643642e-09
2916,1.7972344730698059e-09
2917,1.7961738405737515e-09
2918,1.7939111492287947e-09
2919,1.7971475629474276e-09
2920,1.7957233576313137e-09
2921,1.796728054269911e-09
2922,1.7969653056354266e-09
2923,1.7945198956230884e-09
2924,1.7936744514551995e-09
2925,1.7939860488861683e-09
2926,1.7942714340279717e-09
2927,1.7932976878000346e-09
2928,1.7936915460347767e-09
2929,1.7951352699557172e-09
2930,1.7948687120606536e-09
2931,1.7939956162416866e-09
2932,1.7945998209422665e-09
2933,1.793683770399786e-09
2934,1.7955601420383316e-09
2935,1.793769053545741e-09
2936,1.7932775792913538e-09
2937,1.7922330812102465e-09
2938,1.7927053349658127e-09
2939,1.7935812293054177e-09
2940,1.7932489325961675e-09
2941,1.7935575665136718e-09
2942,1.7926831514137036e-09
2943,1.792757958817968e-09
2944,1.7934218545268141e-09
2945,1.7914542574608808e-09
2946,1.7922370840679432e-09
2947,1.7931361755160028e-09
2948,1.7952289046960372e-09
2949,1.79353855299329e-09
2950,1.7924864426850865e-09
2951,1.7929424972101696e-09
2952,1.79335065893962e-09
2953,1.7940670396861807e-09
2954,1.7957756948447456e-09
2955,1.7933477730758699e-09
2956,1.7934653098135754e-09
2957,1.7954310671605688e-09
2958,1.7933917631703082e-09
2959,1.793792190752431e-09
2960,1.7957441946891857e-09
2961,1.7928883346350832e-09
2962,1.7930976592313931e-09
2963,1.7925764241032013e-09
2964,1.793569269182947e-09
2965,1.796925282489812e-09
2966,1.7931439920373e-09
2967,1.7937719353335485e-09
2968,1.7938844504667379e-09
2969,1.7941110150709105e-09
2970,1.7929744369626755e-09
2971,1.7924453633006603e-09
2972,1.7936338591194776e-09
2973,1.7962511098982138e-09
2974,1.7954371524561282e-09
2975,1.7943547528411553e-09
2976,1.7946254926061365e-09
2977,1.794663197988524e-09
2978,1.7930232338447417e-09
2979,1.7943636444382234e-09
2980,1.7927362034958135e-09
2981,1.7966075776429967e-09
2982,1.7949752216473944e-09
2983,1.7928487301139979e-09
2984,1.7940163548131637e-09
2985,1.7924315765839628e-09
2986,1.7938204506265902e-09
2987,1.7933519210312497e-09
2988,1.796868739881746e-09
2989,1.7933480492098856e-09
2990,1.793411937878817e-09
2991,1.7948932968875336e-09
2992,1.8020301455848688e-09
2993,1.7956668861135224e-09
2994,1.794568349876775e-09
2995,1.7932939716803924e-09
2996,1.7937010220168795e-09
2997,1.7962996877507643e-09
2998,1.7921830725695774e-09
2999,1.7945033577165756e-09
3000,1.7929956935573861e-09
3001,1.7930951050046628e-09
3002,1.7970900677158552e-09
3003,1.797044656648416e-09
3004,1.8001548100145482e-09
3005,1.7945281158909715e-09
3006,1.7954317291114882e-09
3007,1.7950599633655126e-09
3008,1.7944119829647675e-09
3009,1.7927736458015868e-09
3010,1.7950322798314288e-09
3011,1.7937852983898086e-09
3012,1.7926807668432746e-09
3013,1.7925858657807675e-09
3014,1.7933413891998586e-09
3015,1.7914101857988604e-09
3016,1.7913148542936429e-09
3017,1.7923005483067314e-09
3018,1.794681259052779e-09
3019,1.7930930902314387e-09
3020,1.7939498529211548e-09
3021,1.7944843241407371e-09
3022,1.7924718349628986e-09
3023,1.7925011318875673e-09
3024,1.7928384913007048e-09
3025,1.8035433835485367e-09
3026,1.7956595359853817e-09
3027,1.7931302427855167e-09
3028,1.7958737952909165e-09
3029,1.794103994133705e-09
3030,1.7976030837939573e-09
3031,1.7997131451748826e-09
3032,1.795822046908731e-09
3033,1.7991453659428032e-09
3034,1.7945656397179547e-09
3035,1.7951031403264124e-09
3036,1.8000801811909962e-09
3037,1.795020802014715e-09
3038,1.7970905557206835e-09
3039,1.7940190608879752e-09
3040,1.7929861150004268e-09
3041,1.7936367234265854e-09
3042,1.7937323669027688e-09
3043,1.792671758208928e-09
3044,1.7927321650550328e-09
3045,1.7937853918791387e-09
3046,1.7930512015263576e-09
3047,1.7917500663549298e-09
3048,1.7925827624839416e-09
3049,1.7927854437020331e-09
3050,1.7924696011732138e-09
3051,1.7917420078480467e-09
3052,1.7924740585774336e-09
3053,1.7922755652390299e-09
3054,1.7918706645660415e-09
3055,1.792959250431896e-09
3056,1.7930610753146826e-09
3057,1.793194828147452e-09
3058,1.7933130751365535e-09
3059,1.792921242395756e-09
3060,1.7945947461822004e-09
3061,1.798876255242465e-09
3062,1.7949827063983318e-09
3063,1.793871310725698e-09
3064,1.7966617482581802e-09
3065,1.7953251442134681e-09
3066,1.7943424237579203e-09
3067,1.7937547981615882e-09
3068,1.7948427061676915e-09
3069,1.7947986983547709e-09
3070,1.7983678957525459e-09
3071,1.7955234187840354e-09
3072,1.7959287245898671e-09
3073,1.7976744000660715e-09
3074,1.7946694300355337e-09
3075,1.79538165247492e-09
3076,1.795381962169661e-09
3077,1.7967771587104416e-09
3078,1.7947953875961765e-09
3079,1.793388779302351e-09
3080,1.793687543376217e-09
3081,1.804655323969307e-09
3082,1.794053200265508e-09
3083,1.7935155791605595e-09
3084,1.7943920923351717e-09
3085,1.7931057285158862e-09
3086,1.7928661817881682e-09
3087,1.798632672471757e-09
3088,1.7930693927779832e-09
3089,1.792988188655906e-09
3090,1.7958421104447297e-09
3091,1.7955357079330244e-09
3092,1.7948210487524073e-09
3093,1.7951879132936436e-09
3094,1.796034197434354e-09
3095,1.7971701818927444e-09
3096,1.7946704073624845e-09
3097,1.797107184925427e-09
3098,1.7963873982996052e-09
3099,1.7955844282497501e-09
3100,1.7948473916788404e-09
3101,1.7934813606576834e-09
3102,1.7942565842346718e-09
3103,1.7927825442040438e-09
3104,1.7925596525304387e-09
3105,1.7932405037622177e-09
3106,1.7923355078083116e-09
3107,1.7919750157781847e-09
3108,1.7913768500211658e-09
3109,1.7922437450056908e-09
3110,1.793727112575701e-09
3111,1.79303010193523e-09
3112,1.7917444827838362e-09
3113,1.7937386166805074e-09
3114,1.7940157053577628e-09
3115,1.7925155950030747e-09
3116,1.7924145332579604e-09
3117,1.7939370905553122e-09
3118,1.7958344180257542e-09
3119,1.797722505125146e-09
3120,1.7923602032854974e-09
3121,1.7961076404141093e-09
3122,1.7956747664230324e-09
3123,1.7964257568980968e-09
3124,1.7945831598601325e-09
3125,1.7950687598736154e-09
3126,1.7957678092344409e-09
3127,1.7956365250399126e-09
3128,1.7936568073691287e-09
3129,1.7951070704503364e-09
3130,1.798885561775397e-09
3131,1.7942042861193838e-09
3132,1.794539234078433e-09
3133,1.7939857814836561e-09
3134,1.7972013608430087e-09
3135,1.7989738680855398e-09
3136,1.7944340037090117e-09
3137,1.797407917565871e-09
3138,1.7955899214533243e-09
3139,1.7944278209835825e-09
3140,1.7956556911014623e-09
3141,1.8040532348546625e-09
3142,1.7931983420512917e-09
3143,1.798829719860622e-09
3144,1.7936325448651292e-09
3145,1.795332453489853e-09
3146,1.800078786847724e-09
3147,1.80202176946261e-09
3148,1.7948190699819613e-09
3149,1.7939262809156941e-09
3150,1.7998539467880343e-09
3151,1.798279210536344e-09
3152,1.7995146704366435e-09
3153,1.8072062168524298e-09
3154,1.7970880337705756e-09
3155,1.797422396210501e-09
3156,1.7986308281556315e-09
3157,1.7955800429183144e-09
3158,1.79403372566977e-09
3159,1.7989484371984066e-09
3160,1.7950874635249753e-09
3161,1.7939835113417444e-09
3162,1.7962038991110466e-09
3163,1.7988328491912421e-09
3164,1.7987743475623803e-09
3165,1.794829430524606e-09
3166,1.7938465062274502e-09
3167,1.7945615622759122e-09
3168,1.7944110340546721e-09
3169,1.8027377707496077e-09
3170,1.796838264981238e-09
3171,1.7945125809577936e-09
3172,1.7961125212455617e-09
3173,1.7955652397632135e-09
3174,1.796677937538776e-09
3175,1.8060138666707775e-09
3176,1.80103336940713e-09
3177,1.799769562945971e-09
3178,1.7935586126167656e-09
3179,1.7963930684849917e-09
3180,1.797185935822184e-09
3181,1.793252086608028e-09
3182,1.793117532154105e-09
3183,1.79206316535438e-09
3184,1.793299673510975e-09
3185,1.7932747529678786e-09
3186,1.7958021613157795e-09
3187,1.7996317754894044e-09
3188,1.7944980103593068e-09
3189,1.7960998069771977e-09
3190,1.7950789317989987e-09
3191,1.800133453499398e-09
3192,1.7938239085489422e-09
3193,1.794950342199051e-09
3194,1.793669775575698e-09
3195,1.7981354307600618e-09
3196,1.7941850270023012e-09
3197,1.7975703164021335e-09
3198,1.7954428555001748e-09
3199,1.7976387277866323e-09
3200,1.7953621878822598e-09
3201,1.7938173444682085e-09
3202,1.7975879335472949e-09
3203,1.7969089672252728e-09
3204,1.794021084937736e-09
3205,1.7935075866494685e-09
3206,1.7951449640020212e-09
3207,1.7948491985625222e-09
3208,1.793363795012116e-09
3209,1.8048226928170152e-09
3210,1.796584470519265e-09
3211,1.7973443236377018e-09
3212,1.7944891584782324e-09
3213,1.7929824931141825e-09
3214,1.7948998717389375e-09
3215,1.7933007239138006e-09
3216,1.7965803666704936e-09
3217,1.7970914901519813e-09
3218,1.79237762836535e-09
3219,1.7932891319267937e-09
3220,1.7922975515666209e-09
3221,1.7926371421817766e-09
3222,1.7980784755393722e-09
3223,1.7929391462539804e-09
3224,1.7918890017580094e-09
3225,1.7928451494511452e-09
3226,1.7929831546411333e-09
3227,1.7928617852541065e-09
3228,1.793657813726213e-09
3229,1.7963704422014436e-09
3230,1.793622379831023e-09
3231,1.7935243592326175e-09
3232,1.7952973543279049e-09
3233,1.796959662421132e-09
3234,1.7968716660273776e-09
3235,1.793100504992558e-09
3236,1.7951738249494215e-09
3237,1.7944969217044322e-09
3238,1.7933099028258145e-09
3239,1.7921833886753138e-09
3240,1.7926253154839161e-09
3241,1.7964528591686486e-09
3242,1.7969857164976352e-09
3243,1.7933562099101117e-09
3244,1.794471368628091e-09
3245,1.8039668085496912e-09
3246,1.7953733468431634e-09
3247,1.7946400703650665e-09
3248,1.7936802892494006e-09
3249,1.7935525561219578e-09
3250,1.7930536628589286e-09
3251,1.7999540120782328e-09
3252,1.7973295981289635e-09
3253,1.7941479860824356e-09
3254,1.794626285734659e-09
3255,1.7965890692210995e-09
3256,1.7950169754946471e-09
3257,1.7969876964637077e-09
3258,1.7963411721021342e-09
3259,1.7967815795519072e-09
3260,1.792662906505122e-09
3261,1.798549182399227e-09
3262,1.795319134389163e-09
3263,1.7999486229519795e-09
3264,1.8010984606070948e-09
3265,1.7966176157424684e-09
3266,1.7954180933283518e-09
3267,1.793124985933072e-09
3268,1.7977545581754732e-09
3269,1.7982095296180226e-09
3270,1.800063585443987e-09
3271,1.7914922439910394e-09
3272,1.7921799182907303e-09
3273,1.8046501402059648e-09
3274,1.7961785063584677e-09
3275,1.7952078908285438e-09
3276,1.7970602679930865e-09
3277,1.7931071257783955e-09
3278,1.793144244471629e-09
3279,1.7998194125224318e-09
3280,1.7967837493007386e-09
3281,1.794809078861293e-09
3282,1.7944036279908533e-09
3283,1.7955186013600477e-09
3284,1.7945842876746755e-09
3285,1.8076222326957626e-09
3286,1.7996287483275598e-09
3287,1.7949097108173507e-09
3288,1.7964388108974913e-09
3289,1.7933711352384402e-09
3290,1.7942101884696284e-09
3291,1.7936027006148648e-09
3292,1.8013771215040708e-09
3293,1.7949482101083625e-09
3294,1.7928881484590901e-09
3295,1.7925717820207098e-09
3296,1.794314253369653e-09
3297,1.7927182790728327e-09
3298,1.7936225469528158e-09
3299,1.7942220842454052e-09
3300,1.7936902409110504e-09
3301,1.7921633268415309e-09
3302,1.797417469016505e-09
3303,1.8079164994135064e-09
3304,1.7955288396494025e-09
3305,1.7927414307049429e-09
3306,1.7945814707126642e-09
3307,1.79316124613727e-09
3308,1.7998426873916777e-09
3309,1.7938104704892586e-09
3310,1.7927783851514144e-09
3311,1.7927168968622728e-09
3312,1.7929735720192643e-09
3313,1.7934072335214315e-09
3314,1.7936488423326387e-09
3315,1.792587243636795e-09
3316,1.7936565499966747e-09
3317,1.7931387930655366e-09
3318,1.7922301847037056e-09
3319,1.7928931073889202e-09
3320,1.7950540533384945e-09
3321,1.7927539850409859e-09
3322,1.7976890585342061e-09
3323,1.7952527575224506e-09
3324,1.793459953020305e-09
3325,1.7949741035326908e-09
3326,1.7939615289019983e-09
3327,1.7933088570811075e-09
3328,1.7961355334944618e-09
3329,1.7987237302961487e-09
3330,1.798153815560313e-09
3331,1.7941212375152941e-09
3332,1.7949687776247544e-09
3333,1.7956043486493985e-09
3334,1.8024419931891051e-09
3335,1.7993720706961201e-09
3336,1.7946497879249017e-09
3337,1.7944494932070315e-09
3338,1.7956707555516912e-09
3339,1.8125410754463185e-09
3340,1.8024548981928722e-09
3341,1.7947041921162629e-09
3342,1.794561371604757e-09
3343,1.794417417874033e-09
3344,1.7945866008223555e-09
3345,1.8075839609539203e-09
3346,1.797977110133761e-09
3347,1.7949674017641703e-09
3348,1.7937293307324253e-09
3349,1.7945219254616763e-09
3350,1.795485377540402e-09
3351,1.7995814885477462e-09
3352,1.7940796719096631e-09
3353,1.7921663417820368e-09
3354,1.7917401870318333e-09
3355,1.7940708509125598e-09
3356,1.7942965831503256e-09
3357,1.7924779587531441e-09
3358,1.7934933572637677e-09
3359,1.793124166532004e-09
3360,1.79178677757216e-09
3361,1.7931106385146018e-09
3362,1.7925397748939443e-09
3363,1.7931552036972229e-09
3364,1.7928724353846175e-09
3365,1.7933418659409461e-09
3366,1.793019244000295e-09
3367,1.7943077924676955e-09
3368,1.7938678364009177e-09
3369,1.7926186147039077e-09
3370,1.7953836634491382e-09
3371,1.7940650720504638e-09
3372,1.7913188844084605e-09
3373,1.7961099484507833e-09
3374,1.7932735911141426e-09
3375,1.7930313619343757e-09
3376,1.7964570547770639e-09
3377,1.794522939594507e-09
3378,1.794577851643764e-09
3379,1.7948326034579606e-09
3380,1.794522715380738e-09
3381,1.7949979019733558e-09
3382,1.7944090229823424e-09
3383,1.7935204585419625e-09
3384,1.7945790008252979e-09
3385,1.7936498572187176e-09
3386,1.7958907242604006e-09
3387,1.7969817728689446e-09
3388,1.795878468744736e-09
3389,1.7946093209799118e-09
3390,1.7946984601530549e-09
3391,1.7945877702983538e-09
3392,1.7934639413266193e-09
3393,1.796068742320489e-09
3394,1.7942161050049322e-09
3395,1.792958529081703e-09
3396,1.794401357199557e-09
3397,1.7940274117973488e-09
3398,1.7940743032653165e-09
3399,1.7937557083546734e-09
3400,1.7966327511071375e-09
3401,1.793491956722109e-09
3402,1.7939066934882087e-09
3403,1.794815865507592e-09
3404,1.7945368565656914e-09
3405,1.7959163911387981e-09
3406,1.7941534931771957e-09
3407,1.7945159987488112e-09
3408,1.7948971930714192e-09
3409,1.79489264864388e-09
3410,1.795055756312411e-09
3411,1.7953459254048612e-09
3412,1.7995000307485354e-09
3413,1.7938197560687026e-09
3414,1.7938238157314639e-09
3415,1.7937764665167085e-09
3416,1.794333762455133e-09
3417,1.796927382492867e-09
3418,1.7957875720271616e-09
3419,1.7954951063130157e-09
3420,1.7981846549534041e-09
3421,1.7939076502971784e-09
3422,1.7975327991608347e-09
3423,1.7935178883482958e-09
3424,1.794440541277341e-09
3425,1.7926560096542173e-09
3426,1.79299990943256e-09
3427,1.7940599429765766e-09
3428,1.7948785179842094e-09
3429,1.793751121142078e-09
3430,1.794411638196931e-09
3431,1.7941505981530275e-09
3432,1.7933677081374067e-09
3433,1.7950982607574136e-09
3434,1.796932687852439e-09
3435,1.7946233117412235e-09
3436,1.7977031084113474e-09
3437,1.796335442398839e-09
3438,1.7935603605646015e-09
3439,1.7921206389598845e-09
3440,1.7982453089768535e-09
3441,1.797481120176952e-09
3442,1.7955168649947805e-09
3443,1.8086873642881443e-09
3444,1.793439019611248e-09
3445,1.7934300567367296e-09
3446,1.7932501186506959e-09
3447,1.7954840080739937e-09
3448,1.7940766869189985e-09
3449,1.7955375817480431e-09
3450,1.7933585097578097e-09
3451,1.7939929621125594e-09
3452,1.7943793334606936e-09
3453,1.797613380631583e-09
3454,1.793885325149519e-09
3455,1.7940063693761653e-09
3456,1.7969572618723923e-09
3457,1.7934553600136672e-09
3458,1.7975526795629988e-09
3459,1.7942656582369052e-09
3460,1.7991734741031017e-09
3461,1.7993355286294919e-09
3462,1.7935703581516732e-09
3463,1.7965749963480436e-09
3464,1.7936233059416237e-09
3465,1.7945860818400314e-09
3466,1.7972547091434856e-09
3467,1.7974729571024458e-09
3468,1.797317215396173e-09
3469,1.7949329183626257e-09
3470,1.7929801562921212e-09
3471,1.799192105301851e-09
3472,1.7977886347728964e-09
3473,1.7991951582262842e-09
3474,1.7961389712715575e-09
3475,1.796974117486024e-09
3476,1.8019790294381353e-09
3477,1.8007333765902403e-09
3478,1.7948946296044246e-09
3479,1.7946179039849113e-09
3480,1.7947422909548746e-09
3481,1.7961324185838016e-09
3482,1.7947933817966414e-09
3483,1.7926685972719907e-09
3484,1.7934778110028374e-09
3485,1.794086948910455e-09
3486,1.793289982161149e-09
3487,1.79357206195292e-09
3488,1.7952038130264431e-09
3489,1.7956251669573405e-09
3490,1.7962913172585778e-09
3491,1.7961498303072963e-09
3492,1.7935706523730567e-09
3493,1.7922351719232317e-09
3494,1.7923602205760262e-09
3495,1.7926388492775797e-09
3496,1.7930660875120908e-09
3497,1.794225589219234e-09
3498,1.7951602355303185e-09
3499,1.7932307919976935e-09
3500,1.7929425317744673e-09
3501,1.7931733082231075e-09
3502,1.792418694880525e-09
3503,1.793323728947682e-09
3504,1.7973830385890809e-09
3505,1.7944124519570357e-09
3506,1.7955292576821524e-09
3507,1.794432233035511e-09
3508,1.7982292919046632e-09
3509,1.7956305048974197e-09
3510,1.7935419708134478e-09
3511,1.793718188301034e-09
3512,1.7967959055675825e-09
3513,1.8051595465185697e-09
3514,1.7941260402437e-09
3515,1.793507215790589e-09
3516,1.8016981585161585e-09
3517,1.798668237794528e-09
3518,1.793245155264345e-09
3519,1.796852069332677e-09
3520,1.7963353629813587e-09
3521,1.7948443969754167e-09
3522,1.8063695937411775e-09
3523,1.8060419741204193e-09
3524,1.7945083454471827e-09
3525,1.793988505944156e-09
3526,1.796807562802628e-09
3527,1.7955464176084437e-09
3528,1.8091997853643382e-09
3529,1.793556479466177e-09
3530,1.7975436659928087e-09
3531,1.7950098019185378e-09
3532,1.7941819195520976e-09
3533,1.7945752416407091e-09
3534,1.797808104544388e-09
3535,1.7984768462968402e-09
3536,1.7959320705334659e-09
3537,1.7957716785883192e-09
3538,1.7954901226834197e-09
3539,1.798037210004052e-09
3540,1.7959448277027727e-09
3541,1.7960675389758275e-09
3542,1.7953189617533686e-09
3543,1.795234887069705e-09
3544,1.8084034314881896e-09
3545,1.8010655827714643e-09
3546,1.7928002094719305e-09
3547,1.7931680973432058e-09
3548,1.7955005731975838e-09
3549,1.8027109667581055e-09
3550,1.7986855750296798e-09
3551,1.7962071028567045e-09
3552,1.7933771469120123e-09
3553,1.7942628494371882e-09
3554,1.8006954156477717e-09
3555,1.7998063316058219e-09
3556,1.8003253851737114e-09
3557,1.7938379409304477e-09
3558,1.7996308817669582e-09
3559,1.7943615209630621e-09
3560,1.7961538851066743e-09
3561,1.7958158933413944e-09
3562,1.7954037766551853e-09
3563,1.802595839126983e-09
3564,1.7956198011701086e-09
3565,1.800307582111361e-09
3566,1.796200273517635e-09
3567,1.796450580769305e-09
3568,1.7959965477717786e-09
3569,1.7945824524666573e-09
3570,1.7983891769915845e-09
3571,1.7935276015015778e-09
3572,1.7990731456016214e-09
3573,1.799123215162048e-09
3574,1.7965025692216394e-09
3575,1.797379179366457e-09
3576,1.7947624632372056e-09
3577,1.8000588188826132e-09
3578,1.7961629240826416e-09
3579,1.7944671125444233e-09
3580,1.7935665068605119e-09
3581,1.8080010518380655e-09
3582,1.795957398175622e-09
3583,1.7938754743377598e-09
3584,1.7937098739802434e-09
3585,1.7963496612544267e-09
3586,1.79548176446188e-09
3587,1.7975974210994022e-09
3588,1.7980385666126993e-09
3589,1.7971280566634992e-09
3590,1.7922543982590719e-09
3591,1.792730241872756e-09
3592,1.7935811604761582e-09
3593,1.7979215021669737e-09
3594,1.7919145544776636e-09
3595,1.7918158699509793e-09
3596,1.79295153898022e-09
3597,1.7919751973205508e-09
3598,1.7950320294034608e-09
3599,1.7943021287746782e-09
3600,1.7950178973673478e-09
3601,1.7928090611195394e-09
3602,1.7941154776179648e-09
3603,1.797810075497482e-09
3604,1.7951690717171698e-09
3605,1.7936960740097923e-09
3606,1.7950933909953177e-09
3607,1.7977817855869508e-09
3608,1.8037504895755678e-09
3609,1.7970813481281364e-09
3610,1.8004313227875023e-09
3611,1.7959123221076244e-09
3612,1.7960942950728454e-09
3613,1.7950939466477836e-09
3614,1.7958748197713206e-09
3615,1.7990407132719488e-09
3616,1.7951065274699439e-09
3617,1.7948133124817836e-09
3618,1.7939449518508861e-09
3619,1.7937394637805723e-09
3620,1.7942052027843318e-09
3621,1.7938342792361955e-09
3622,1.7984378331268638e-09
3623,1.7932853935567903e-09
3624,1.7922888624664254e-09
3625,1.7939952599521767e-09
3626,1.7950468312274972e-09
3627,1.7957506933853966e-09
3628,1.7956048400492927e-09
3629,1.7978621710819595e-09
3630,1.7947505526176927e-09
3631,1.79347318192043e-09
3632,1.8007823495911484e-09
3633,1.7971249787196573e-09
3634,1.79431765630537e-09
3635,1.8056358386513274e-09
3636,1.7940904239411735e-09
3637,1.7971427582434075e-09
3638,1.794835382188564e-09
3639,1.8075753948928701e-09
3640,1.8017061835563287e-09
3641,1.7980754537558258e-09
3642,1.7946470357417373e-09
3643,1.7937298470707886e-09
3644,1.798263551914703e-09
3645,1.795762693776462e-09
3646,1.7971887491328034e-09
3647,1.7929843546090188e-09
3648,1.7937896816737635e-09
3649,1.792996892740121e-09
3650,1.7928348604954099e-09
3651,1.7938267127858782e-09
3652,1.8029530590778194e-09
3653,1.8013025338244171e-09
3654,1.7972382356601259e-09
3655,1.7988421754758696e-09
3656,1.8019639948701003e-09
3657,1.7971292463919558e-09
3658,1.7955940006219698e-09
3659,1.7953088248243196e-09
3660,1.7939061575838982e-09
3661,1.800660997965152e-09
3662,1.7965150203966592e-09
3663,1.8027449456770824e-09
3664,1.7951617299936535e-09
3665,1.7945376539640478e-09
3666,1.794554001672594e-09
3667,1.7951802998872246e-09
3668,1.8043511493591162e-09
3669,1.799031491726983e-09
3670,1.7944734330035698e-09
3671,1.79200483514599e-09
3672,1.8022380802137485e-09
3673,1.7939199435603223e-09
3674,1.7925904691367408e-09
3675,1.793014029502236e-09
3676,1.7926235948189843e-09
3677,1.793486354219438e-09
3678,1.7933296767790241e-09
3679,1.7943901649226934e-09
3680,1.7950120705290359e-09
3681,1.7936602550874872e-09
3682,1.7931881804813451e-09
3683,1.7959509633846063e-09
3684,1.794758031753781e-09
3685,1.7931897595377279e-09
3686,1.7951630290516067e-09
3687,1.7952254971731405e-09
3688,1.7948501210923968e-09
3689,1.7912387733134901e-09
3690,1.792303392438357e-09
3691,1.7934264666546265e-09
3692,1.7907125023406964e-09
3693,1.7934366963297446e-09
3694,1.7921159553941407e-09
3695,1.791771790939866e-09
3696,1.7931202064419351e-09
3697,1.7925617926720773e-09
3698,1.7946749460122993e-09
3699,1.7962764134098476e-09
3700,1.7935943979764796e-09
3701,1.793430259927563e-09
3702,1.7937726705030017e-09
3703,1.7990238031991039e-09
3704,1.7967098068062202e-09
3705,1.7936571035028414e-09
3706,1.7929919713464427e-09
3707,1.7997219334821785e-09
3708,1.7919134318212973e-09
3709,1.7920457857001161e-09
3710,1.7925119020570386e-09
3711,1.7993486807222028e-09
3712,1.792718260327498e-09
3713,1.7934381513113892e-09
3714,1.7927377179822345e-09
3715,1.7953192475241923e-09
3716,1.7927926192981133e-09
3717,1.7925642344339913e-09
3718,1.7949208808903628e-09
3719,1.7933810880758244e-09
3720,1.804427506272579e-09
3721,1.7937331365678826e-09
3722,1.7932360922060723e-09
3723,1.7937409456941464e-09
3724,1.7936269046401714e-09
3725,1.7939181025865873e-09
3726,1.7945454175110142e-09
3727,1.793343466529666e-09
3728,1.794535783723214e-09
3729,1.7934842190270574e-09
3730,1.7941426428244274e-09
3731,1.7951646808543332e-09
3732,1.7939486577647349e-09
3733,1.794482075061081e-09
3734,1.7936212349984224e-09
3735,1.7945472792283768e-09
3736,1.7988989961772406e-09
3737,1.7950332908798475e-09
3738,1.7950984885027655e-09
3739,1.794380453520154e-09
3740,1.7923553312248527e-09
3741,1.7953137719933733e-09
3742,1.7930029752922159e-09
3743,1.7945817350977233e-09
3744,1.7944827619656151e-09
3745,1.7961547131597476e-09
3746,1.7951657637741332e-09
3747,1.793135461469839e-09
3748,1.7954197404676073e-09
3749,1.7943957603737784e-09
3750,1.7929591721674765e-09
3751,1.7928746844439015e-09
3752,1.7930625735421622e-09
3753,1.7935938760664178e-09
3754,1.7931536519064924e-09
3755,1.7921282682153562e-09
3756,1.7916574660942944e-09
3757,1.7919899185909613e-09
3758,1.7916865850986862e-09
3759,1.7924228494921245e-09
3760,1.7970506990769758e-09
3761,1.7942905984358232e-09
3762,1.7953866439746652e-09
3763,1.794721452621758e-09
3764,1.7954578406013372e-09
3765,1.7952577501092873e-09
3766,1.7935569842339394e-09
3767,1.7961809570464288e-09
3768,1.7946509612128155e-09
3769,1.7933636288944571e-09
3770,1.7958928772361024e-09
3771,1.7957508389577058e-09
3772,1.7936101052878455e-09
3773,1.7938933064352384e-09
3774,1.7927584059487587e-09
3775,1.7958455921351583e-09
3776,1.794842062414076e-09
3777,1.794633731472283e-09
3778,1.7942152060598594e-09
3779,1.7964834761283344e-09
3780,1.8000665482853403e-09
3781,1.7940265037113365e-09
3782,1.7949539083530875e-09
3783,1.7969871774727056e-09
3784,1.798552240718048e-09
3785,1.7946104784986756e-09
3786,1.7961335433084947e-09
3787,1.793661179868607e-09
3788,1.794212180141261e-09
3789,1.7960195363279858e-09
3790,1.7926190338830257e-09
3791,1.8058291242029067e-09
3792,1.7981034053722453e-09
3793,1.7926430059970285e-09
3794,1.7990709686626037e-09
3795,1.7967163045515192e-09
3796,1.7947783158308433e-09
3797,1.7976016719364975e-09
3798,1.7936803504970713e-09
3799,1.794684353647096e-09
3800,1.8000531486337875e-09
3801,1.7941463575384807e-09
3802,1.795854074614574e-09
3803,1.793189959987109e-09
3804,1.7925342936790687e-09
3805,1.7974415535668334e-09
3806,1.7952400518397937e-09
3807,1.79408378773196e-09
3808,1.793642307008324e-09
3809,1.7928125665199002e-09
3810,1.7941078592357876e-09
3811,1.7944901927495092e-09
3812,1.7934604729449532e-09
3813,1.7940848966191182e-09
3814,1.7934006615075965e-09
3815,1.7938437266749541e-09
3816,1.7928707953456266e-09
3817,1.7937431968758141e-09
3818,1.7939122890659037e-09
3819,1.8004689999871212e-09
3820,1.7927562820273656e-09
3821,1.7918002679857864e-09
3822,1.7928191418336449e-09
3823,1.812606099266512e-09
3824,1.7926239337531431e-09
3825,1.7926008855464898e-09
3826,1.7934093824786513e-09
3827,1.793838192730221e-09
3828,1.8047114346886246e-09
3829,1.801734388232763e-09
3830,1.7944687882011093e-09
3831,1.7930037901559294e-09
3832,1.7964657453319958e-09
3833,1.7980351400135426e-09
3834,1.7970264926094076e-09
3835,1.7941894764956706e-09
3836,1.7927431058926685e-09
3837,1.793375869492089e-09
3838,1.7925904201398788e-09
3839,1.7951503455768192e-09
3840,1.7969859601870613e-09
3841,1.7945306206902928e-09
3842,1.79295927314023e-09
3843,1.8007236645961376e-09
3844,1.7959347563414266e-09
3845,1.7973386479279141e-09
3846,1.7923596877817841e-09
3847,1.7920268002640903e-09
3848,1.7919515033063043e-09
3849,1.794263260608712e-09
3850,1.8038417740199064e-09
3851,1.7939762679688938e-09
3852,1.794758886401373e-09
3853,1.7952346086560382e-09
3854,1.7946672067078749e-09
3855,1.7958933993125934e-09
3856,1.7949504290038137e-09
3857,1.7947542018751357e-09
3858,1.8003858397149158e-09
3859,1.7956226541010271e-09
3860,1.7943030184037574e-09
3861,1.795134557640989e-09
3862,1.794795053837269e-09
3863,1.7960143778544181e-09
3864,1.7953266898140399e-09
3865,1.7952390007972633e-09
3866,1.7983647025175478e-09
3867,1.7938724019088395e-09
3868,1.7938976609641966e-09
3869,1.7942386611291196e-09
3870,1.7940375777792067e-09
3871,1.793247631510744e-09
3872,1.7981614788771192e-09
3873,1.795537637725375e-09
3874,1.7935293432844574e-09
3875,1.7936648924608702e-09
3876,1.7937192123738376e-09
3877,1.7932236926832306e-09
3878,1.7948419465676157e-09
3879,1.7964483952504357e-09
3880,1.793763596567855e-09
3881,1.793251337100968e-09
3882,1.7935109055426416e-09
3883,1.7983439192941857e-09
3884,1.7941868533167296e-09
3885,1.7937800526216948e-09
3886,1.7926772803455873e-09
3887,1.7930839907786017e-09
3888,1.7956833066652282e-09
3889,1.796366865450151e-09
3890,1.7951481382660108e-09
3891,1.7956995051524648e-09
3892,1.7992795663228037e-09
3893,1.7928959737365342e-09
3894,1.7918638332574626e-09
3895,1.7946456716298322e-09
3896,1.803123730321011e-09
3897,1.793313139170256e-09
3898,1.7929882125172081e-09
3899,1.7944495361797447e-09
3900,1.7924457090977778e-09
3901,1.8097375715232342e-09
3902,1.7944210200193011e-09
3903,1.7955367476417682e-09
3904,1.7944936434813676e-09
3905,1.7957656260316644e-09
3906,1.804022165508723e-09
3907,1.7981762971988175e-09
3908,1.8008089265028494e-09
3909,1.7942574472880451e-09
3910,1.7952341317846564e-09
3911,1.7948960294044502e-09
3912,1.7994859197724455e-09
3913,1.7947230663209722e-09
3914,1.794345457326984e-09
3915,1.7940160501692889e-09
3916,1.7943483417452716e-09
3917,1.7938701317234414e-09
3918,1.7953065524448545e-09
3919,1.7952317362281124e-09
3920,1.793821035207762e-09
3921,1.7932827241560393e-09
3922,1.7941925431930468e-09
3923,1.7937117226791406e-09
3924,1.7944354644930026e-09
3925,1.7944205363386192e-09
3926,1.796306498405503e-09
3927,1.7958317757521588e-09
3928,1.7975797157273016e-09
3929,1.7944051629740422e-09
3930,1.795910797049041e-09
3931,1.7957523620156517e-09
3932,1.796077760540846e-09
3933,1.793651265741913e-09
3934,1.794262325957583e-09
3935,1.7948894678858313e-09
3936,1.793484142030729e-09
3937,1.7930094673131448e-09
3938,1.7985047728771074e-09
3939,1.792914155409893e-09
3940,1.7941568477343796e-09
3941,1.7938450574858287e-09
3942,1.7983656719240112e-09
3943,1.7972197250322882e-09
3944,1.7990288237910166e-09
3945,1.7946371690570934e-09
3946,1.7956007515185308e-09
3947,1.8026987957384193e-09
3948,1.802140765690107e-09
3949,1.79709972709082e-09
3950,1.7936650607921917e-09
3951,1.7931856486540931e-09
3952,1.7960789406237797e-09
3953,1.7923632826694493e-09
3954,1.7941350456709456e-09
3955,1.7947868500594186e-09
3956,1.791761568722461e-09
3957,1.7917119193928414e-09
3958,1.7965529000842145e-09
3959,1.795838018090899e-09
3960,1.793353983367663e-09
3961,1.7932003048022155e-09
3962,1.7929004297890807e-09
3963,1.7923963396709643e-09
3964,1.799093000855208e-09
3965,1.7924832837983366e-09
3966,1.7932736407851295e-09
3967,1.7931831972979055e-09
3968,1.795177168580325e-09
3969,1.7939637135039063e-09
3970,1.794229044529615e-09
3971,1.7940395262559757e-09
3972,1.7957890604181907e-09
3973,1.7963372535932436e-09
3974,1.7932064952549355e-09
3975,1.7948717012625935e-09
3976,1.7961160153441672e-09
3977,1.798563441030133e-09
3978,1.795562225099371e-09
3979,1.7990653705355628e-09
3980,1.7939290078955966e-09
3981,1.8004925667944015e-09
3982,1.8013827594583137e-09
3983,1.7953003618191626e-09
3984,1.7947744189067886e-09
3985,1.794610991692259e-09
3986,1.7942598165726385e-09
3987,1.7949910495324667e-09
3988,1.7968158467619938e-09
3989,1.7967633041809924e-09
3990,1.7953673382321445e-09
3991,1.7948306303102188e-09
3992,1.7948117326600246e-09
3993,1.7965273399102535e-09
3994,1.7972655106584775e-09
3995,1.7955456170431043e-09
3996,1.797077007707582e-09
3997,1.7962481127895818e-09
3998,1.7955824317314497e-09
3999,1.7967464765011251e-09
4000,1.7976392908505509e-09
4001,1.7940922400485195e-09
4002,1.793770981266982e-09
4003,1.793324604518766e-09
4004,1.7933902581701963e-09
4005,1.792958977565318e-09
4006,1.7938319564670027e-09
4007,1.7933744055992382e-09
4008,1.7922454085719406e-09
4009,1.7936239077513094e-09
4010,1.7913694487772436e-09
4011,1.7945575602149087e-09
4012,1.7938882677575397e-09
4013,1.7942368649479834e-09
4014,1.7977332496380764e-09
4015,1.793808571125552e-09
4016,1.7931019261558484e-09
4017,1.798084992483396e-09
4018,1.7941394184703022e-09
4019,1.7938391270826993e-09
4020,1.7970687422914186e-09
4021,1.7970683672020924e-09
4022,1.7985659457253302e-09
4023,1.803667300253198e-09
4024,1.7945296529488229e-09
4025,1.797244236615475e-09
4026,1.803584729872592e-09
4027,1.7966846746293272e-09
4028,1.7973642279689814e-09
4029,1.7934920388191103e-09
4030,1.7937843155819465e-09
4031,1.7941014631483352e-09
4032,1.7946773357402022e-09
4033,1.8058939001486204e-09
4034,1.7966524336502476e-09
4035,1.7924837083758807e-09
4036,1.7928859194100856e-09
4037,1.7958716587941825e-09
4038,1.8062085215893183e-09
4039,1.803559089782025e-09
4040,1.7953940626638802e-09
4041,1.7974199164998248e-09
4042,1.8071335139398313e-09
4043,1.797680422267678e-09
4044,1.7961538885227468e-09
4045,1.796289083701316e-09
4046,1.795300430174987e-09
4047,1.7946089662425424e-09
4048,1.794087165111487e-09
4049,1.7932158306629064e-09
4050,1.7945425874552244e-09
4051,1.798010923244726e-09
4052,1.7932489466504622e-09
4053,1.7957301256640887e-09
4054,1.794392350729452e-09
4055,1.7978280194172867e-09
4056,1.7929671362857888e-09
4057,1.7941059145533748e-09
4058,1.7917127481756495e-09
4059,1.7978445283750698e-09
4060,1.8030939396631834e-09
4061,1.7928954998825822e-09
4062,1.8011175104320209e-09
4063,1.797300894379314e-09
4064,1.7937627580021172e-09
4065,1.7984613817275429e-09
4066,1.798721547538457e-09
4067,1.7954852730700382e-09
4068,1.7943465365635346e-09
4069,1.7933891952234053e-09
4070,1.7971811690030973e-09
4071,1.7954644193450727e-09
4072,1.8004720064813388e-09
4073,1.7966463473654147e-09
4074,1.7938757277353522e-09
4075,1.7932506177032715e-09
4076,1.8022180373306478e-09
4077,1.808240806384911e-09
4078,1.7982051920517463e-09
4079,1.7933595984433414e-09
4080,1.7938913054300295e-09
4081,1.7940659177941037e-09
4082,1.7934027673632673e-09
4083,1.7980596085333472e-09
4084,1.8060906064043687e-09
4085,1.7957940817082678e-09
4086,1.7937841700545248e-09
4087,1.7949669167176528e-09
4088,1.7966983005738345e-09
4089,1.7952599842350963e-09
4090,1.7956903555165731e-09
4091,1.7976860699693957e-09
4092,1.792836814047073e-09
4093,1.7938183966121648e-09
4094,1.7947248553374843e-09
4095,1.8026702351085216e-09
4096,1.7933921696027112e-09
4097,1.794143409818376e-09
4098,1.7941873070552856e-09
4099,1.7930683167229853e-09
4100,1.7947426757583428e-09
