global_step,predictor_x_gap_mse
1,3.3609238516965123e-12
2,3.4000555316352315e-08
3,1.704171413802632e-08
4,1.1421266267118537e-08
5,8.624430790440265e-09
6,6.954309260302592e-09
7,5.853400188569366e-09
8,5.077222936243806e-09
9,4.5017118700306404e-09
10,4.0597828416658665e-09
11,3.7131725043430294e-09
12,3.4332093353037205e-09
13,3.204402356124216e-09
14,3.0119663200949e-09
15,2.8539867558451603e-09
16,2.72029168070036e-09
17,2.606140196286983e-09
18,2.5084835034138016e-09
19,2.423925794299383e-09
20,2.350752598900571e-09
21,2.2878923612744606e-09
22,2.2321812273383478e-09
23,2.1834537905686743e-09
24,2.141185116805473e-09
25,2.104449820335902e-09
26,2.070720284234405e-09
27,2.0414837652323306e-09
28,2.0149762334930046e-09
29,1.9906706766230114e-09
30,1.9708478045773398e-09
31,1.951484259037811e-09
32,1.932953843720344e-09
33,1.9181280876943708e-09
34,1.905390060253444e-09
35,1.8940048617573196e-09
36,1.883399683866979e-09
37,1.875258548065905e-09
38,1.8658947662778858e-09
39,1.8589161371222298e-09
40,1.8527552972793387e-09
41,1.845737204543676e-09
42,1.8407191643065976e-09
43,1.836927781772535e-09
44,1.8318115373804323e-09
45,1.8274633101609982e-09
46,1.8237095183941964e-09
47,1.8205001241244075e-09
48,1.8171102290897011e-09
49,1.8148047564044724e-09
50,1.8136783713257646e-09
51,1.811637540823013e-09
52,1.8107501484230031e-09
53,1.8077630469041669e-09
54,1.8074093118515347e-09
55,1.805075228357721e-09
56,1.8030572228875639e-09
57,1.802812715237194e-09
58,1.8013509990076857e-09
59,1.799975127562084e-09
60,1.7978270715363118e-09
61,1.7980274530367157e-09
62,1.7972999269844904e-09
63,1.7968672508773487e-09
64,1.7966478722842707e-09
65,1.7967301217131245e-09
66,1.7964949643213045e-09
67,1.795266391905024e-09
68,1.7952241242724965e-09
69,1.794287263947255e-09
70,1.794502722923644e-09
71,1.7938093524988452e-09
72,1.795476531035854e-09
73,1.794482990310821e-09
74,1.7948279056119986e-09
75,1.794039921708536e-09
76,1.7939427479813387e-09
77,1.7947281087122487e-09
78,1.7936525388166956e-09
79,1.7946885956496472e-09
80,1.7938352604442875e-09
81,1.794588871655696e-09
82,1.7930606883065948e-09
83,1.7941871009003115e-09
84,1.794937206753222e-09
85,1.7935598920180763e-09
86,1.7930058260897192e-09
87,1.7927900009091914e-09
88,1.7938250825821262e-09
89,1.7936417570666228e-09
90,1.792908074046117e-09
91,1.7922439649778915e-09
92,1.7912194843647133e-09
93,1.7910040962229442e-09
94,1.791269076637909e-09
95,1.7924162824966382e-09
96,1.7928475137898921e-09
97,1.7931732147523178e-09
98,1.7924573622435492e-09
99,1.793155446161751e-09
100,1.7934439978153078e-09
101,1.793125019615315e-09
102,1.792815586742381e-09
103,1.7918112312847355e-09
104,1.7935346478693843e-09
105,1.7923717364668014e-09
106,1.7930349771245175e-09
107,1.7926776703677873e-09
108,1.7934215814884478e-09
109,1.7932833138702494e-09
110,1.793536275361187e-09
111,1.7928593746379507e-09
112,1.7943180198011327e-09
113,1.7944281744293174e-09
114,1.7941745266328039e-09
115,1.7936669962573363e-09
116,1.7945062892572279e-09
117,1.7932787485445753e-09
118,1.7922418071125023e-09
119,1.7919934256420352e-09
120,1.7915994794171413e-09
121,1.7921295455004855e-09
122,1.7913671714335776e-09
123,1.7909102674849333e-09
124,1.7917530741267908e-09
125,1.7923391070255373e-09
126,1.793533221190238e-09
127,1.792604179592245e-09
128,1.7926122372586464e-09
129,1.7929619643922404e-09
130,1.7924245969284748e-09
131,1.7922831470708371e-09
132,1.7924051801738856e-09
133,1.7924401826865303e-09
134,1.7921584790861571e-09
135,1.7928457447243431e-09
136,1.7925466173306476e-09
137,1.7936110532653256e-09
138,1.793996714346801e-09
139,1.7939593236883648e-09
140,1.7930658174331426e-09
141,1.7927558172932826e-09
142,1.7935772579844544e-09
143,1.7933720860438007e-09
144,1.7931108011148e-09
145,1.793447235965257e-09
146,1.7933287079040305e-09
147,1.7930904845753766e-09
148,1.7927482563386585e-09
149,1.7937860944587221e-09
150,1.7935423823213058e-09
151,1.793330849151144e-09
152,1.7934715867143125e-09
153,1.7931411606046137e-09
154,1.792089706055987e-09
155,1.7927678659750916e-09
156,1.7926709473514964e-09
157,1.7923890685334268e-09
158,1.7935975830713773e-09
159,1.7936552660600085e-09
160,1.7934865784829748e-09
161,1.7939837624010946e-09
162,1.7927537581205783e-09
163,1.7933946511701657e-09
164,1.7945173376613229e-09
165,1.7943597199950431e-09
166,1.79529171308189e-09
167,1.7935601049559703e-09
168,1.7935091660690698e-09
169,1.7932552327440754e-09
170,1.793433617014683e-09
171,1.7928446396510267e-09
172,1.7927241763954248e-09
173,1.7936498033438967e-09
174,1.793284117629621e-09
175,1.7948585392979173e-09
176,1.7939876695008295e-09
177,1.7933498417448191e-09
178,1.794454798666209e-09
179,1.7939225194695845e-09
180,1.7946550901629783e-09
181,1.7941822909519283e-09
182,1.7931240449097495e-09
183,1.7934095102261702e-09
184,1.7950717473902574e-09
185,1.7943731925773635e-09
186,1.7932755237504974e-09
187,1.793119332299039e-09
188,1.7939386681490132e-09
189,1.7939146893533754e-09
190,1.7936928346807543e-09
191,1.7942719182087449e-09
192,1.7938831755738208e-09
193,1.7936852517378808e-09
194,1.7944422959790192e-09
195,1.7941522690450399e-09
196,1.794148823018505e-09
197,1.793668386993462e-09
198,1.7939222464875624e-09
199,1.792083273952367e-09
200,1.7929837686050383e-09
201,1.7928633387854664e-09
202,1.7929064397400064e-09
203,1.7935928621208085e-09
204,1.7948650594103267e-09
205,1.7936155390605365e-09
206,1.7929478882436745e-09
207,1.7938065854178222e-09
208,1.79328859683289e-09
209,1.7925969401360896e-09
210,1.793145208638131e-09
211,1.79246452961538e-09
212,1.7933890268765507e-09
213,1.7930738664792333e-09
214,1.792673380074934e-09
215,1.7926435853766574e-09
216,1.7925279851934313e-09
217,1.7924965656747441e-09
218,1.7917717111072978e-09
219,1.791236584931008e-09
220,1.7915178291197097e-09
221,1.791709964110125e-09
222,1.7915666834281542e-09
223,1.79213397379221e-09
224,1.792792286595214e-09
225,1.7936402016503327e-09
226,1.793064760398268e-09
227,1.7926083556882853e-09
228,1.792957491547111e-09
229,1.7936486628807956e-09
230,1.793282601256542e-09
231,1.792794755598065e-09
232,1.7920887623037214e-09
233,1.7929059866912212e-09
234,1.7928790728001961e-09
235,1.7936816182826667e-09
236,1.7942188387684346e-09
237,1.7950298080452082e-09
238,1.7945008762052797e-09
239,1.7933998642720587e-09
240,1.7938991348736932e-09
241,1.7943795439083928e-09
242,1.7940587618714188e-09
243,1.7939293523428723e-09
244,1.7935399223019324e-09
245,1.7937298201969966e-09
246,1.794184393637494e-09
247,1.7935659791400716e-09
248,1.792399795656604e-09
249,1.7925664132789074e-09
250,1.7937787087987754e-09
251,1.7942677414075989e-09
252,1.793455792092945e-09
253,1.7934620186923443e-09
254,1.7929371619827112e-09
255,1.7941214849998948e-09
256,1.7937744092751397e-09
257,1.7945657412860305e-09
258,1.7936813469010183e-09
259,1.7940214641242006e-09
260,1.793459178304706e-09
261,1.7931142794106362e-09
262,1.793667288221284e-09
263,1.7938878616037904e-09
264,1.7945106062588776e-09
265,1.7938773651026506e-09
266,1.7952372664544385e-09
267,1.7938669327744613e-09
268,1.7937228057351058e-09
269,1.793600578178538e-09
270,1.793328977289747e-09
271,1.7935364129811624e-09
272,1.792988081801831e-09
273,1.7935183688071015e-09
274,1.7940178967561276e-09
275,1.794622412296544e-09
276,1.7941523384186107e-09
277,1.7943899522886423e-09
278,1.7941202000041858e-09
279,1.7938422271955172e-09
280,1.793812162973329e-09
281,1.7934182319965873e-09
282,1.7928970481690708e-09
283,1.7933388963337244e-09
284,1.7931613863553949e-09
285,1.7936571138486955e-09
286,1.793174141507195e-09
287,1.7921851636218061e-09
288,1.7926155346314094e-09
289,1.7927308730286461e-09
290,1.7935480687711315e-09
291,1.7936380972228884e-09
292,1.7934304899640652e-09
293,1.79358519362298e-09
294,1.7940017851024033e-09
295,1.7933133279241479e-09
296,1.7942934232201895e-09
297,1.793735336318169e-09
298,1.7944266064738512e-09
299,1.7953601490394946e-09
300,1.7937746694193014e-09
301,1.7931624814779078e-09
302,1.7935786164230094e-09
303,1.793149256186678e-09
304,1.7934491947420643e-09
305,1.793460274967089e-09
306,1.7933711510531198e-09
307,1.792336395979401e-09
308,1.7934706736207527e-09
309,1.792668716185656e-09
310,1.793286026953461e-09
311,1.7936992232188772e-09
312,1.7937244519137432e-09
313,1.79459510865371e-09
314,1.7948511007261062e-09
315,1.7947561561551931e-09
316,1.793585978083438e-09
317,1.7937301345761517e-09
318,1.7934872980147311e-09
319,1.793155609390091e-09
320,1.794695624912833e-09
321,1.7933850107241892e-09
322,1.7938386988792926e-09
323,1.7936038206166275e-09
324,1.794766206059407e-09
325,1.7964019251960595e-09
326,1.795641404786797e-09
327,1.7944784964976957e-09
328,1.7956666559792542e-09
329,1.7952298426518738e-09
330,1.7938375921054608e-09
331,1.7952900787717436e-09
332,1.7946242641056246e-09
333,1.793685227337586e-09
334,1.7935473175420927e-09
335,1.793261024199328e-09
336,1.7946531259139342e-09
337,1.7938017913765165e-09
338,1.7943544793964632e-09
339,1.793805905523945e-09
340,1.7939419412441707e-09
341,1.7930597046887481e-09
342,1.7936298545264195e-09
343,1.794580377834563e-09
344,1.7963920792176596e-09
345,1.7947980189658085e-09
346,1.7944206830023333e-09
347,1.7936464313932998e-09
348,1.7937781195685861e-09
349,1.7937744088185813e-09
350,1.7943843761031513e-09
351,1.7940304032115974e-09
352,1.7940318337299788e-09
353,1.7945785130224811e-09
354,1.7947294750680647e-09
355,1.7940640833234408e-09
356,1.7929815766691568e-09
357,1.7927733899636942e-09
358,1.792333051131478e-09
359,1.7928088237978464e-09
360,1.7918919947772587e-09
361,1.7919332812412138e-09
362,1.7919147798085257e-09
363,1.7913233343608868e-09
364,1.7914235039426065e-09
365,1.7908595450640785e-09
366,1.7922532477550968e-09
367,1.791306454857556e-09
368,1.7921463424752907e-09
369,1.7924144453418567e-09
370,1.7930760046437766e-09
371,1.7933617294666018e-09
372,1.7928644438984835e-09
373,1.7930359384539431e-09
374,1.7934255628718424e-09
375,1.792943006006853e-09
376,1.7931773398209902e-09
377,1.7936006942108509e-09
378,1.794947883704452e-09
379,1.7937495186818015e-09
380,1.794560512535932e-09
381,1.7941350034983383e-09
382,1.7946449177247503e-09
383,1.7949988049848494e-09
384,1.7956747166844486e-09
385,1.7950320232401821e-09
386,1.7942317578846472e-09
387,1.7953221681750436e-09
388,1.7943596202192518e-09
389,1.7954885096156267e-09
390,1.7943883058644216e-09
391,1.7956989646025626e-09
392,1.7947327734291746e-09
393,1.7946690122997529e-09
394,1.7951447065289867e-09
395,1.7945204500594307e-09
396,1.7950314113280319e-09
397,1.794733314350482e-09
398,1.7937925015366359e-09
399,1.7924510404400018e-09
400,1.7935253826363092e-09
401,1.793124891334768e-09
402,1.7937734694925438e-09
403,1.7938950326673907e-09
404,1.7928257399850172e-09
405,1.7940497881734728e-09
406,1.7932387647782251e-09
407,1.793843326660853e-09
408,1.7926133095779352e-09
409,1.7929403899724335e-09
410,1.7937214943736872e-09
411,1.7932159602365254e-09
412,1.7921184933254635e-09
413,1.7928252922949578e-09
414,1.7932634282400347e-09
415,1.7929744798178562e-09
416,1.7924831443636905e-09
417,1.7924182935106957e-09
418,1.7932642345385552e-09
419,1.7929034421167427e-09
420,1.7935715171677102e-09
421,1.7933065892974761e-09
422,1.793071484412071e-09
423,1.7933371820068012e-09
424,1.7929907697966074e-09
425,1.7926836677700647e-09
426,1.7921815470006828e-09
427,1.791098995475645e-09
428,1.7925105218213259e-09
429,1.793407576923903e-09
430,1.792785916799338e-09
431,1.7937645915377904e-09
432,1.793750884070395e-09
433,1.7939542093367826e-09
434,1.7945207458330621e-09
435,1.7933604474502255e-09
436,1.7939599158298654e-09
437,1.792694145049993e-09
438,1.7923360909760169e-09
439,1.7926676338659845e-09
440,1.7922143681922243e-09
441,1.793139857737124e-09
442,1.792750803301654e-09
443,1.7929814980410564e-09
444,1.7922329839469576e-09
445,1.7937698534985815e-09
446,1.7927439495600896e-09
447,1.792654942339223e-09
448,1.7917579060161948e-09
449,1.7915750085370126e-09
450,1.7931191834076927e-09
451,1.7935781727104676e-09
452,1.7938907105411097e-09
453,1.7950900595351722e-09
454,1.794547728440729e-09
455,1.7935466757189133e-09
456,1.7932161542781102e-09
457,1.7937956469043975e-09
458,1.7925475616433796e-09
459,1.7927606308649962e-09
460,1.7935865505267684e-09
461,1.7922649562140317e-09
462,1.7925984687427066e-09
463,1.7926929830148744e-09
464,1.7938166257193389e-09
465,1.7928824964724598e-09
466,1.7931989050281963e-09
467,1.7930055942263606e-09
468,1.7933211692049523e-09
469,1.7927623332321385e-09
470,1.793181611949191e-09
471,1.7928268137663766e-09
472,1.792429366446908e-09
473,1.7924788954959996e-09
474,1.7915829242062044e-09
475,1.7919267770297635e-09
476,1.7917832227206455e-09
477,1.7928038929716249e-09
478,1.7926708680905904e-09
479,1.791997148176516e-09
480,1.7926906306729965e-09
481,1.7942324243358667e-09
482,1.7935272706869869e-09
483,1.7931132083223146e-09
484,1.793780712704039e-09
485,1.7928743184946217e-09
486,1.7943010922548644e-09
487,1.7950575497422727e-09
488,1.794702564162934e-09
489,1.7938115313901844e-09
490,1.7942663724151207e-09
491,1.7931176439207531e-09
492,1.7927358359080809e-09
493,1.7933903840410054e-09
494,1.7920880960633207e-09
495,1.7916928170900675e-09
496,1.7927194829915758e-09
497,1.7916987354382035e-09
498,1.7919879361483843e-09
499,1.791363440459118e-09
500,1.7908999134184874e-09
501,1.7920281443805695e-09
502,1.7922773831984703e-09
503,1.792108948118958e-09
504,1.792913549506918e-09
505,1.7922893188773365e-09
506,1.7927246771738824e-09
507,1.7922847880115473e-09
508,1.7930067435293222e-09
509,1.7921072472842253e-09
510,1.7928970851212537e-09
511,1.7915499207018296e-09
512,1.7913801349959555e-09
513,1.7914070390927878e-09
514,1.7918215820754033e-09
515,1.7913655065978633e-09
516,1.7915636010325215e-09
517,1.7932136213231427e-09
518,1.7930245252479793e-09
519,1.793101362083844e-09
520,1.7929283898815407e-09
521,1.7931695436749126e-09
522,1.7933192826971503e-09
523,1.792265320901632e-09
524,1.7929103332061076e-09
525,1.792873905755357e-09
526,1.792154473348565e-09
527,1.791245629047274e-09
528,1.7928808415621539e-09
529,1.7928823126371724e-09
530,1.7925435217852833e-09
531,1.7924268472270788e-09
532,1.7922172653776737e-09
533,1.7916491316749563e-09
534,1.7924365901381915e-09
535,1.7923863316458752e-09
536,1.7933169331845642e-09
537,1.7925264597851127e-09
538,1.7929281615084902e-09
539,1.793582786173467e-09
540,1.7930835455408328e-09
541,1.7932411991229936e-09
542,1.7932210909794288e-09
543,1.792561041885789e-09
544,1.7931376405813987e-09
545,1.7933531905842265e-09
546,1.7940221724310374e-09
547,1.7936168738949451e-09
548,1.7929090713826226e-09
549,1.794553445853988e-09
550,1.7936276233298374e-09
551,1.7932472974563317e-09
552,1.7930270581520523e-09
553,1.7930780009349204e-09
554,1.79290284778202e-09
555,1.7937896829633624e-09
556,1.7942518513554436e-09
557,1.7952032527091805e-09
558,1.7936953085413765e-09
559,1.7939399956260692e-09
560,1.7929814954781016e-09
561,1.793345175186453e-09
562,1.7938578389604293e-09
563,1.7937886362898166e-09
564,1.7929630207735847e-09
565,1.793269730224608e-09
566,1.7936527508763283e-09
567,1.7934018688042663e-09
568,1.7937426131356445e-09
569,1.7935179456030822e-09
570,1.7944904927289575e-09
571,1.7930167826873516e-09
572,1.7933288185034727e-09
573,1.7937118058410566e-09
574,1.7930414924610272e-09
575,1.7926567028558205e-09
576,1.7927845280248193e-09
577,1.7941988267718501e-09
578,1.794904757497781e-09
579,1.794153986490312e-09
580,1.794629801426955e-09
581,1.7944576202745038e-09
582,1.7952865998787426e-09
583,1.794286241119919e-09
584,1.7945136862797857e-09
585,1.7940580485653825e-09
586,1.7938373978680062e-09
587,1.794308368743156e-09
588,1.7943600326560787e-09
589,1.7940162085389896e-09
590,1.7936369411393818e-09
591,1.7929202367991285e-09
592,1.7944132004244876e-09
593,1.794785747236e-09
594,1.7946068604448043e-09
595,1.793813735337963e-09
596,1.793473347373167e-09
597,1.7941004611851356e-09
598,1.7937492538826089e-09
599,1.793269713916929e-09
600,1.7944204743550986e-09
601,1.7954244629539257e-09
602,1.7953992123231517e-09
603,1.7956413514438072e-09
604,1.7947397704238268e-09
605,1.794780388714949e-09
606,1.7950215024961068e-09
607,1.7948293373969338e-09
608,1.7946232387823212e-09
609,1.7945743492203726e-09
610,1.7951365538534486e-09
611,1.7949750817295763e-09
612,1.7961125902736203e-09
613,1.7954967001544783e-09
614,1.7950790378795945e-09
615,1.7952154538174153e-09
616,1.794785551887376e-09
617,1.7946437248204607e-09
618,1.7936650795366296e-09
619,1.7930364117993684e-09
620,1.7912590457438588e-09
621,1.7919716980948129e-09
622,1.7916761769878447e-09
623,1.7915463295814543e-09
624,1.7924443688907027e-09
625,1.7922579460141605e-09
626,1.7918993399089944e-09
627,1.7916096803349606e-09
628,1.7910086814706993e-09
629,1.7919912850980449e-09
630,1.7930678451009515e-09
631,1.7916121461890466e-09
632,1.7920950387321706e-09
633,1.792502865876765e-09
634,1.7927103260406923e-09
635,1.7928444049695042e-09
636,1.7923847489959647e-09
637,1.7929846626315366e-09
638,1.7926149213567535e-09
639,1.792860735228013e-09
640,1.7928954269030403e-09
641,1.7939730099996366e-09
642,1.7925874245956209e-09
643,1.7929214444882936e-09
644,1.7936464198010853e-09
645,1.7936508451294722e-09
646,1.7938294946683152e-09
647,1.7943560186421409e-09
648,1.7939931852014298e-09
649,1.7942823968838542e-09
650,1.7940095132188743e-09
651,1.7927428610027136e-09
652,1.7933495753106418e-09
653,1.7945242988846684e-09
654,1.7937890144999159e-09
655,1.7953490594120497e-09
656,1.7940294691685199e-09
657,1.7934893872566114e-09
658,1.7938290116556683e-09
659,1.7927729226109507e-09
660,1.7932925357143676e-09
661,1.7928570735461398e-09
662,1.7938481793789484e-09
663,1.794154394990458e-09
664,1.794565341788204e-09
665,1.7943700825605459e-09
666,1.7934297499101192e-09
667,1.7940582667521227e-09
668,1.7922924793600498e-09
669,1.7927054918507152e-09
670,1.7932315387903342e-09
671,1.791886520561747e-09
672,1.79288495688666e-09
673,1.7931028649606324e-09
674,1.7935079532342209e-09
675,1.7935823512727382e-09
676,1.7933414787877752e-09
677,1.7940347506194116e-09
678,1.7946499620473386e-09
679,1.7924738157456233e-09
680,1.7923488400563915e-09
681,1.7926505888666144e-09
682,1.7923995142996615e-09
683,1.791527873171479e-09
684,1.7930696104111985e-09
685,1.7927717705089963e-09
686,1.793240493220287e-09
687,1.795432551751409e-09
688,1.7943685227505099e-09
689,1.793620869143043e-09
690,1.7943685678127691e-09
691,1.793423037270541e-09
692,1.7940822495345312e-09
693,1.7934305311697508e-09
694,1.793980724856897e-09
695,1.7933624760343299e-09
696,1.7937225979134083e-09
697,1.7932115265278608e-09
698,1.7949411102968069e-09
699,1.7962027278834076e-09
700,1.795359443278333e-09
701,1.795274876197796e-09
702,1.7943575781315634e-09
703,1.7953013023904217e-09
704,1.7951433527934273e-09
705,1.7950279505268852e-09
706,1.7951115554654878e-09
707,1.7953625463394568e-09
708,1.7958808076627942e-09
709,1.7946743250642272e-09
710,1.7948251634390022e-09
711,1.7960210305884797e-09
712,1.7961192328770306e-09
713,1.7952009536928968e-09
714,1.7949846191983617e-09
715,1.7950955749654464e-09
716,1.7949493578356566e-09
717,1.7946246749174337e-09
718,1.7955800477928327e-09
719,1.794788142213339e-09
720,1.7939743169996232e-09
721,1.7934765608405076e-09
722,1.7939894314299267e-09
723,1.7949955676195818e-09
724,1.7933182912372225e-09
725,1.792287163179879e-09
726,1.79231052857928e-09
727,1.7927782529942525e-09
728,1.7937195122524728e-09
729,1.7926414580518929e-09
730,1.7935416366569657e-09
731,1.793905716363376e-09
732,1.7936446756301332e-09
733,1.794646264968233e-09
734,1.7930407394049021e-09
735,1.7922979718935613e-09
736,1.793172756061356e-09
737,1.7923761392616136e-09
738,1.7929982353986791e-09
739,1.7938861006527387e-09
740,1.7938044974642232e-09
741,1.7926717903905623e-09
742,1.792882241724847e-09
743,1.7932634661811696e-09
744,1.7934105339021125e-09
745,1.7940185297459479e-09
746,1.7925954327757155e-09
747,1.7927531727080546e-09
748,1.79276714840331e-09
749,1.7920229015175465e-09
750,1.7919943791337545e-09
751,1.7924947124882707e-09
752,1.792332426305179e-09
753,1.7920454841617106e-09
754,1.793680838242715e-09
755,1.7939078108955266e-09
756,1.7932047988482795e-09
757,1.7927430509122827e-09
758,1.7925565196281104e-09
759,1.79345389004003e-09
760,1.7927827763399564e-09
761,1.7920204516732819e-09
762,1.7927888090266963e-09
763,1.7924762684899536e-09
764,1.7921726944392956e-09
765,1.7917478397685795e-09
766,1.793696482464583e-09
767,1.793196336107615e-09
768,1.7931051066520445e-09
769,1.7932127194034745e-09
770,1.794032977224548e-09
771,1.7925039698207035e-09
772,1.7930351679016672e-09
773,1.7933488462678006e-09
774,1.7936490909776373e-09
775,1.7928104859785035e-09
776,1.792997124064192e-09
777,1.7930383890326771e-09
778,1.7943550311122285e-09
779,1.794206838627821e-09
780,1.7934017554719927e-09
781,1.7938747753641044e-09
782,1.7941340811750689e-09
783,1.7936994680171644e-09
784,1.7939136248062499e-09
785,1.793068016801798e-09
786,1.7929884080914451e-09
787,1.7926777740803908e-09
788,1.7929037356180744e-09
789,1.793658643549511e-09
790,1.7936795140542143e-09
791,1.7931267119462158e-09
792,1.7939798301021466e-09
793,1.7944129223002968e-09
794,1.7946411282406331e-09
795,1.7936010380394767e-09
796,1.79265640138121e-09
797,1.7932296335601597e-09
798,1.7926037436323119e-09
799,1.7924068687934127e-09
800,1.7906663409322028e-09
801,1.7914760616308541e-09
802,1.791416674136903e-09
803,1.7900591354763153e-09
804,1.7904889071104902e-09
805,1.7909833457337866e-09
806,1.7917369569644845e-09
807,1.7913829270501378e-09
808,1.79115229816464e-09
809,1.7907937391917962e-09
810,1.7918718818264012e-09
811,1.7923568965651586e-09
812,1.791378485917065e-09
813,1.791228436748363e-09
814,1.7911002352089955e-09
815,1.792310893755092e-09
816,1.7921465342692908e-09
817,1.7923085500522225e-09
818,1.7921461777037233e-09
819,1.7927697510257541e-09
820,1.7918206658775295e-09
821,1.792209415697385e-09
822,1.792630461600796e-09
823,1.7925530983342199e-09
824,1.7929986449735651e-09
825,1.7933287652422173e-09
826,1.7945004821478208e-09
827,1.792410701708089e-09
828,1.7940272250723802e-09
829,1.794034127739233e-09
830,1.7953289388684892e-09
831,1.7933125312877614e-09
832,1.7931802929365851e-09
833,1.793162885431473e-09
834,1.793688158198252e-09
835,1.7942264623143416e-09
836,1.7934972942849535e-09
837,1.7930707862105172e-09
838,1.7934551818883609e-09
839,1.7931805394254421e-09
840,1.7941392529150237e-09
841,1.793144016241557e-09
842,1.7933544147817742e-09
843,1.7937608153844703e-09
844,1.7939120916252894e-09
845,1.7937738402677156e-09
846,1.79360530783982e-09
847,1.7927738996047247e-09
848,1.794686517069155e-09
849,1.7938716327815044e-09
850,1.7936858535004244e-09
851,1.7943984084234064e-09
852,1.7933451303259994e-09
853,1.7931014710439084e-09
854,1.7931882357175535e-09
855,1.792916457144981e-09
856,1.7934205504379222e-09
857,1.7931725387381418e-09
858,1.7926128280558398e-09
859,1.7928243489508264e-09
860,1.7930370433024265e-09
861,1.7926972977321902e-09
862,1.792867226749793e-09
863,1.7934781189010366e-09
864,1.7924681744336873e-09
865,1.792102234222063e-09
866,1.7919261516413944e-09
867,1.7938783879701057e-09
868,1.794196823117841e-09
869,1.7941440757332654e-09
870,1.7941931321359051e-09
871,1.79417581201692e-09
872,1.793574848900172e-09
873,1.7939901340448248e-09
874,1.7937979150334043e-09
875,1.7936339897051535e-09
876,1.7945392980866019e-09
877,1.7935573591790418e-09
878,1.7951087522998974e-09
879,1.7938352697339414e-09
880,1.7937724185772958e-09
881,1.7932272963282211e-09
882,1.7930576969290222e-09
883,1.7930106228491027e-09
884,1.7924096633282344e-09
885,1.7926497762919597e-09
886,1.7924004897215328e-09
887,1.791752515991697e-09
888,1.7919049278495288e-09
889,1.7923113961174696e-09
890,1.7921102503649504e-09
891,1.7927046928365275e-09
892,1.7920751838606597e-09
893,1.7928475099697328e-09
894,1.7930095829715398e-09
895,1.7947823248881902e-09
896,1.7946476673720939e-09
897,1.79390738814513e-09
898,1.7943295214342121e-09
899,1.79461737427327e-09
900,1.7930974587328122e-09
901,1.7923902411859928e-09
902,1.7919457017515306e-09
903,1.7924177077839503e-09
904,1.7931045119439662e-09
905,1.7930804780018566e-09
906,1.791568279615084e-09
907,1.7919688833954088e-09
908,1.7927922784920597e-09
909,1.7919900613614818e-09
910,1.792483227055496e-09
911,1.7918714553560168e-09
912,1.7930036873133027e-09
913,1.793365160399529e-09
914,1.7927667086486866e-09
915,1.7942820400855866e-09
916,1.7938506745385622e-09
917,1.793969836108161e-09
918,1.7937231128232939e-09
919,1.7934343544512332e-09
920,1.7932365004923195e-09
921,1.7927240827762435e-09
922,1.7935992338792117e-09
923,1.7932681909388342e-09
924,1.7935166345249008e-09
925,1.7937689397076776e-09
926,1.7943978961971915e-09
927,1.792703380240637e-09
928,1.7932556730695455e-09
929,1.7934175032778647e-09
930,1.7925717619812365e-09
931,1.7942017915308561e-09
932,1.7936909803978251e-09
933,1.7925819902319627e-09
934,1.792925335848596e-09
935,1.7948835044017124e-09
936,1.793904983543014e-09
937,1.7936600424990547e-09
938,1.7935944440697153e-09
939,1.7959901473924812e-09
940,1.7940016645597307e-09
941,1.793608168426093e-09
942,1.7933882093546792e-09
943,1.794009986730883e-09
944,1.7935537277050692e-09
945,1.7937203250785553e-09
946,1.7932935755141583e-09
947,1.792924284927606e-09
948,1.7929691675469869e-09
949,1.7924493406894777e-09
950,1.7923289461359869e-09
951,1.7935709596343824e-09
952,1.7933874868131216e-09
953,1.793569364887918e-09
954,1.7936362045189367e-09
955,1.7935066901213752e-09
956,1.7944253946317535e-09
957,1.794522172972984e-09
958,1.7939227033458153e-09
959,1.7947582094655274e-09
960,1.7939340818915834e-09
961,1.79270335833539e-09
962,1.791805764979834e-09
963,1.793343998684876e-09
964,1.79239036015868e-09
965,1.7934976484847279e-09
966,1.793673148686866e-09
967,1.7948886256953753e-09
968,1.7940585386384893e-09
969,1.7950019429120813e-09
970,1.7947656302827433e-09
971,1.7947447026726497e-09
972,1.7925047834211578e-09
973,1.7921942919951012e-09
974,1.792937506859548e-09
975,1.7939838095686312e-09
976,1.7951432022894848e-09
977,1.7953768335324554e-09
978,1.795498231901126e-09
979,1.795694712831449e-09
980,1.7952733008443212e-09
981,1.7952768378215907e-09
982,1.795499334780801e-09
983,1.7950896240738472e-09
984,1.7944360639086878e-09
985,1.7946900579102502e-09
986,1.794022231117593e-09
987,1.7927807176768558e-09
988,1.793620670889421e-09
989,1.7941704109024925e-09
990,1.7937962168653605e-09
991,1.7948217297789567e-09
992,1.7934736146394163e-09
993,1.7940353270349351e-09
994,1.7943129223983518e-09
995,1.794184451598713e-09
996,1.7934553074818024e-09
997,1.7948021344426541e-09
998,1.7928690548063333e-09
999,1.7938501760183106e-09
1000,1.7925122316382337e-09
1001,1.7931562298112397e-09
1002,1.7927673718083379e-09
1003,1.7925191933402108e-09
1004,1.7924752728862176e-09
1005,1.7918115356067768e-09
1006,1.7923215670477203e-09
1007,1.792330656464434e-09
1008,1.7924142979384467e-09
1009,1.792643994959308e-09
1010,1.793188920838001e-09
1011,1.7923904558056833e-09
1012,1.7950079660820793e-09
1013,1.7939379563784256e-09
1014,1.7935403086960177e-09
1015,1.794466021223607e-09
1016,1.7937403899649765e-09
1017,1.7937697604807428e-09
1018,1.7949269410278417e-09
1019,1.7937577614565463e-09
1020,1.7931659439148806e-09
1021,1.7928896463375305e-09
1022,1.7923887014375434e-09
1023,1.7925129382796022e-09
1024,1.7918720677993973e-09
1025,1.7927478785356836e-09
1026,1.7942731068448009e-09
1027,1.7943120024004256e-09
1028,1.7927596323875327e-09
1029,1.7926917086656951e-09
1030,1.791720528341845e-09
1031,1.7932572990065315e-09
1032,1.7924847954700702e-09
1033,1.7921098057772363e-09
1034,1.793453845379921e-09
1035,1.793453011418011e-09
1036,1.7937951613351358e-09
1037,1.7948982066877012e-09
1038,1.7936962754687202e-09
1039,1.794041095552317e-09
1040,1.7943191465851734e-09
1041,1.7940811019745496e-09
1042,1.7921783183360295e-09
1043,1.7927242633210761e-09
1044,1.794086803933996e-09
1045,1.7945824810935846e-09
1046,1.7933383056578412e-09
1047,1.7932287408498995e-09
1048,1.7941638675095186e-09
1049,1.7950282476332526e-09
1050,1.794278867464176e-09
1051,1.7930207977509244e-09
1052,1.7921904014818475e-09
1053,1.792751537102534e-09
1054,1.7930390884332276e-09
1055,1.7928450201349293e-09
1056,1.794086751703911e-09
1057,1.7936273940488366e-09
1058,1.7940544059681573e-09
1059,1.793194050625073e-09
1060,1.7932140910721186e-09
1061,1.7919967887708737e-09
1062,1.7929874411138115e-09
1063,1.7924760987834142e-09
1064,1.7912834524442092e-09
1065,1.7923174922567326e-09
1066,1.7913001099846826e-09
1067,1.7923032184078187e-09
1068,1.7930228582711801e-09
1069,1.7917940857317945e-09
1070,1.7911236846095971e-09
1071,1.791765384803969e-09
1072,1.792504470540322e-09
1073,1.7924623355356933e-09
1074,1.792344182242332e-09
1075,1.7927538440691742e-09
1076,1.7941577522124145e-09
1077,1.794178166398339e-09
1078,1.794480711354288e-09
1079,1.794426319628302e-09
1080,1.7937828044258076e-09
1081,1.7937138803833175e-09
1082,1.7932433146796996e-09
1083,1.7937315598955946e-09
1084,1.7935240344355019e-09
1085,1.79418940341199e-09
1086,1.7938286971335158e-09
1087,1.7931014083672042e-09
1088,1.7947092784276819e-09
1089,1.793421188693218e-09
1090,1.793191944617782e-09
1091,1.7937763933522398e-09
1092,1.7931789396065969e-09
1093,1.7938778246263507e-09
1094,1.7952513824785987e-09
1095,1.7948754969287434e-09
1096,1.7942525902266424e-09
1097,1.7941553136998049e-09
1098,1.7950875659803574e-09
1099,1.7954871052037594e-09
1100,1.7956093013966783e-09
1101,1.794780616663425e-09
1102,1.7936874416607349e-09
1103,1.7938612878115833e-09
1104,1.7930147326722268e-09
1105,1.7929006073882346e-09
1106,1.7935016571184582e-09
1107,1.794000708664232e-09
1108,1.7940559880099027e-09
1109,1.7937038197927127e-09
1110,1.7933209998748137e-09
1111,1.7922201436528226e-09
1112,1.792268164574903e-09
1113,1.7912158309132816e-09
1114,1.7920812509928556e-09
1115,1.7928433364891082e-09
1116,1.793410705038462e-09
1117,1.7930952016271667e-09
1118,1.794057002697303e-09
1119,1.794145574409543e-09
1120,1.7942864122783283e-09
1121,1.7939129437727537e-09
1122,1.7939050954256417e-09
1123,1.7930460821802856e-09
1124,1.7950267569294038e-09
1125,1.7927780281717092e-09
1126,1.7933745312929148e-09
1127,1.7942583225251154e-09
1128,1.7938349984894418e-09
1129,1.7938247394665392e-09
1130,1.7937274827064182e-09
1131,1.7939473339478265e-09
1132,1.7935666995227917e-09
1133,1.793556858214564e-09
1134,1.7934834129349857e-09
1135,1.7931566684886328e-09
1136,1.7931273250563405e-09
1137,1.7934886830848139e-09
1138,1.79308371314131e-09
1139,1.7927113276853628e-09
1140,1.7928639193713961e-09
1141,1.7933389001655697e-09
1142,1.7920377028403747e-09
1143,1.792378097536034e-09
1144,1.7929408360919625e-09
1145,1.793292417067314e-09
1146,1.7936109039282862e-09
1147,1.7933000650896029e-09
1148,1.7930072795080793e-09
1149,1.7941348216362396e-09
1150,1.7928814309927124e-09
1151,1.7921297192034138e-09
1152,1.791816264980148e-09
1153,1.7919865143839267e-09
1154,1.7928841555913404e-09
1155,1.7929984754952573e-09
1156,1.7934359228937075e-09
1157,1.7937224538523282e-09
1158,1.7936837164700133e-09
1159,1.7945506243071872e-09
1160,1.7936089824160467e-09
1161,1.7943260732990844e-09
1162,1.794073516400611e-09
1163,1.7944169260239672e-09
1164,1.7936173368947526e-09
1165,1.7958195816650243e-09
1166,1.7934357323607317e-09
1167,1.794361825647986e-09
1168,1.792721519572428e-09
1169,1.791940769921646e-09
1170,1.793166971209598e-09
1171,1.7940912612750445e-09
1172,1.7935293518740433e-09
1173,1.7953387204806635e-09
1174,1.7954367368642324e-09
1175,1.7945288524408897e-09
1176,1.7939066915460274e-09
1177,1.7943499131359967e-09
1178,1.7948118844295191e-09
1179,1.794992474851988e-09
1180,1.7953416371286518e-09
1181,1.7953543515895032e-09
1182,1.7939084724544799e-09
1183,1.793332774526015e-09
1184,1.7938615813234775e-09
1185,1.793861508648048e-09
1186,1.7939986033476088e-09
1187,1.7941882932160607e-09
1188,1.7937670397627482e-09
1189,1.7942055113139334e-09
1190,1.7945464751867959e-09
1191,1.793815812298648e-09
1192,1.7946297301302781e-09
1193,1.7941228213399449e-09
1194,1.794631393147419e-09
1195,1.7942677430200254e-09
1196,1.7941275009881091e-09
1197,1.7942814182970203e-09
1198,1.7943264299308214e-09
1199,1.7937556001009597e-09
1200,1.793169142329197e-09
1201,1.7939154566425047e-09
1202,1.7942484940739158e-09
1203,1.7942129112167724e-09
1204,1.7943752833555105e-09
1205,1.7950838598403552e-09
1206,1.794238384626462e-09
1207,1.794658943755124e-09
1208,1.7948566421204585e-09
1209,1.7944564536225791e-09
1210,1.7933507124495784e-09
1211,1.7931410847275789e-09
1212,1.7922682560304278e-09
1213,1.7929219774514354e-09
1214,1.7927530204011237e-09
1215,1.7927889239046659e-09
1216,1.7928534015520455e-09
1217,1.7930557966916516e-09
1218,1.7930151870279493e-09
1219,1.794153676915589e-09
1220,1.7923783152898637e-09
1221,1.7919838984695499e-09
1222,1.7935531802255758e-09
1223,1.7939052769327892e-09
1224,1.7929021558821532e-09
1225,1.7934467760556655e-09
1226,1.7939088562512002e-09
1227,1.7919337816619865e-09
1228,1.7936513535802061e-09
1229,1.7930275805144052e-09
1230,1.7935675938784512e-09
1231,1.7932782778233191e-09
1232,1.7921980874850405e-09
1233,1.7932560398108104e-09
1234,1.792932890088429e-09
1235,1.7938790656619441e-09
1236,1.7925131708528978e-09
1237,1.7923674117662359e-09
1238,1.7938092237766394e-09
1239,1.7929167449960694e-09
1240,1.793557855302335e-09
1241,1.794329979897645e-09
1242,1.7942028133328771e-09
1243,1.794334408227059e-09
1244,1.7943595434574448e-09
1245,1.7948471069125134e-09
1246,1.7952720432558593e-09
1247,1.7939727107754508e-09
1248,1.7949799179207316e-09
1249,1.7940957066147896e-09
1250,1.7923332482001403e-09
1251,1.7922855976367353e-09
1252,1.7941863713425213e-09
1253,1.791040265599177e-09
1254,1.7920140050648694e-09
1255,1.792087393177846e-09
1256,1.7916270328976866e-09
1257,1.7930268869399053e-09
1258,1.792999373251682e-09
1259,1.7937240263176306e-09
1260,1.793277767956257e-09
1261,1.793917152855686e-09
1262,1.793988075648386e-09
1263,1.794743992183432e-09
1264,1.7942176926555183e-09
1265,1.7934127685609384e-09
1266,1.7933845426533392e-09
1267,1.794513551147471e-09
1268,1.7942875305370466e-09
1269,1.7944340446004965e-09
1270,1.7945261850464183e-09
1271,1.7944972921907977e-09
1272,1.7938894911769292e-09
1273,1.7940951739543138e-09
1274,1.7934721669562884e-09
1275,1.793522689469834e-09
1276,1.7927627778161217e-09
1277,1.7951699587836414e-09
1278,1.7933447246249995e-09
1279,1.7937892259635813e-09
1280,1.7930756312785761e-09
1281,1.7930534375993868e-09
1282,1.7929488449493505e-09
1283,1.7933539198728976e-09
1284,1.7949111299706785e-09
1285,1.7935512452888907e-09
1286,1.7945892087434278e-09
1287,1.7957023771712143e-09
1288,1.7931348260398565e-09
1289,1.7952927609643441e-09
1290,1.7933081735705131e-09
1291,1.795220500776165e-09
1292,1.7947859146536558e-09
1293,1.7951293297442964e-09
1294,1.7934774866622756e-09
1295,1.7930300802014771e-09
1296,1.7922320467985961e-09
1297,1.7933781567865703e-09
1298,1.7941225764583343e-09
1299,1.7933056049797732e-09
1300,1.7930120752384595e-09
1301,1.792315688607128e-09
1302,1.7928163902825511e-09
1303,1.7931937032663011e-09
1304,1.7935350149534223e-09
1305,1.792891462153933e-09
1306,1.7933258987712044e-09
1307,1.7946709385702735e-09
1308,1.7933550596841703e-09
1309,1.793808502388019e-09
1310,1.7948261464820924e-09
1311,1.7935476079518712e-09
1312,1.7944419600018333e-09
1313,1.7950244960227792e-09
1314,1.794022207747254e-09
1315,1.7930152565146406e-09
1316,1.793108130027239e-09
1317,1.793757332826536e-09
1318,1.7942182631766121e-09
1319,1.7933872859399075e-09
1320,1.7935493173142332e-09
1321,1.7936330915117405e-09
1322,1.7937388221093862e-09
1323,1.792591369809416e-09
1324,1.7922864523402086e-09
1325,1.7924940872826802e-09
1326,1.7930586715459721e-09
1327,1.7928567069965183e-09
1328,1.7933581870156048e-09
1329,1.7946408669774565e-09
1330,1.7930885077107388e-09
1331,1.7933182896628242e-09
1332,1.7921502240606152e-09
1333,1.7934634405855553e-09
1334,1.7931192655725701e-09
1335,1.7929014017628835e-09
1336,1.792924923566853e-09
1337,1.7937100165111884e-09
1338,1.7942938591196406e-09
1339,1.7959384084071974e-09
1340,1.79347423450485e-09
1341,1.7951549686115988e-09
1342,1.7925773062730278e-09
1343,1.793242583029545e-09
1344,1.7938547729980058e-09
1345,1.792192144521979e-09
1346,1.792574214922346e-09
1347,1.7915421600400805e-09
1348,1.7909954999206185e-09
1349,1.7907667453388416e-09
1350,1.7914094311046787e-09
1351,1.7917334234038835e-09
1352,1.7918340623215474e-09
1353,1.792143344381757e-09
1354,1.7935126611647632e-09
1355,1.792813618897353e-09
1356,1.793114423484626e-09
1357,1.7929868875956333e-09
1358,1.791874675441945e-09
1359,1.7929112489373452e-09
1360,1.7918822502448135e-09
1361,1.7917771352154385e-09
1362,1.7927107282935922e-09
1363,1.7922897049117056e-09
1364,1.7928699453158156e-09
1365,1.7930948647420455e-09
1366,1.7930051000781633e-09
1367,1.7923364057519234e-09
1368,1.7918277523140166e-09
1369,1.7930088092948478e-09
1370,1.7928511813472722e-09
1371,1.79366670537611e-09
1372,1.792724162478573e-09
1373,1.7930184806868835e-09
1374,1.7932638215688398e-09
1375,1.7927893387737109e-09
1376,1.7932306633838801e-09
1377,1.793482114818636e-09
1378,1.7938538588765626e-09
1379,1.793318669707869e-09
1380,1.7925258197103172e-09
1381,1.792311490851287e-09
1382,1.7940361613953772e-09
1383,1.7938346015341882e-09
1384,1.7948348001755167e-09
1385,1.794658979549064e-09
1386,1.7949649261978292e-09
1387,1.7938275939819662e-09
1388,1.7941669861536501e-09
1389,1.7932291814345974e-09
1390,1.7932092214901713e-09
1391,1.7926545823669649e-09
1392,1.792034037814575e-09
1393,1.793620852103397e-09
1394,1.7936835425241962e-09
1395,1.7942302933876497e-09
1396,1.7936466472633146e-09
1397,1.794707649514087e-09
1398,1.7946013083049647e-09
1399,1.7960883630387335e-09
1400,1.7963519881628675e-09
1401,1.7963612103574363e-09
1402,1.7953183734365038e-09
1403,1.7954979130405884e-09
1404,1.7972426452105276e-09
1405,1.7939928368223776e-09
1406,1.7943676427359236e-09
1407,1.7952421973113052e-09
1408,1.795179931216573e-09
1409,1.7959633366914395e-09
1410,1.7960704448890974e-09
1411,1.7951762818041777e-09
1412,1.7946187030402704e-09
1413,1.7948697295937131e-09
1414,1.794456246646214e-09
1415,1.794462150952659e-09
1416,1.7935499563344952e-09
1417,1.7955516064386382e-09
1418,1.7946649476509423e-09
1419,1.7950052337851494e-09
1420,1.7934039906091385e-09
1421,1.7959710098596881e-09
1422,1.7949812817167464e-09
1423,1.7952286566551095e-09
1424,1.79649225469133e-09
1425,1.794887144447892e-09
1426,1.7947933823323018e-09
1427,1.7946658184599845e-09
1428,1.7962041720863555e-09
1429,1.7959596163085498e-09
1430,1.7950101074711975e-09
1431,1.7949797258631562e-09
1432,1.7955577180118935e-09
1433,1.7925250884543448e-09
1434,1.7936190478429878e-09
1435,1.7924607443806985e-09
1436,1.793021389315195e-09
1437,1.7922376975075074e-09
1438,1.794584589013484e-09
1439,1.791999606185269e-09
1440,1.7937113783573921e-09
1441,1.79319517685302e-09
1442,1.7932688180035906e-09
1443,1.7929833384134628e-09
1444,1.7925585752531808e-09
1445,1.7935636125329227e-09
1446,1.793268961334349e-09
1447,1.7936468480625198e-09
1448,1.7930651080825255e-09
1449,1.7937437843585138e-09
1450,1.7953974145099042e-09
1451,1.7943126433222768e-09
1452,1.7942259355802706e-09
1453,1.79501710298488e-09
1454,1.7951263360516953e-09
1455,1.7942855655263751e-09
1456,1.7949340989370551e-09
1457,1.7944198490790269e-09
1458,1.7940969249403393e-09
1459,1.793695342894427e-09
1460,1.7943006858937835e-09
1461,1.7936777967413812e-09
1462,1.7951690923443595e-09
1463,1.7946089806346405e-09
1464,1.7930289578241408e-09
1465,1.795009153042995e-09
1466,1.7936892622148636e-09
1467,1.7938368235757781e-09
1468,1.7941243778602273e-09
1469,1.7939267697827147e-09
1470,1.792081569785662e-09
1471,1.7929505536355157e-09
1472,1.79374541613582e-09
1473,1.7940741038232977e-09
1474,1.7936145392554112e-09
1475,1.7935451065347479e-09
1476,1.7940956137920938e-09
1477,1.7941109471048763e-09
1478,1.7937722354959837e-09
1479,1.7936985291196403e-09
1480,1.7934134498445465e-09
1481,1.792704908095456e-09
1482,1.791841601446843e-09
1483,1.7918333273858867e-09
1484,1.7916057865402725e-09
1485,1.7915660649277739e-09
1486,1.7925713719760406e-09
1487,1.7933033810486342e-09
1488,1.793985806751775e-09
1489,1.7952209108893561e-09
1490,1.7940990683977466e-09
1491,1.7961378605000077e-09
1492,1.793512177588154e-09
1493,1.7946085147902452e-09
1494,1.7932701758934018e-09
1495,1.793099993324643e-09
1496,1.7939853617992358e-09
1497,1.793575859683167e-09
1498,1.791971990030134e-09
1499,1.7939232374099882e-09
1500,1.7924525293684857e-09
1501,1.7929497190644142e-09
1502,1.793760206887055e-09
1503,1.7931174040130983e-09
1504,1.7936861942123058e-09
1505,1.7928322547021553e-09
1506,1.79262257162276e-09
1507,1.7934055706893287e-09
1508,1.7934396003850323e-09
1509,1.792747531855196e-09
1510,1.7933514866662934e-09
1511,1.7948717234085102e-09
1512,1.7972125125596085e-09
1513,1.7936526113814892e-09
1514,1.7939996182855625e-09
1515,1.7950566642502978e-09
1516,1.7952156295180621e-09
1517,1.7949172990669467e-09
1518,1.794966430162608e-09
1519,1.7939722537121883e-09
1520,1.7942464979778009e-09
1521,1.7941313439192155e-09
1522,1.7932800432038957e-09
1523,1.792711800397778e-09
1524,1.7925253031293022e-09
1525,1.7939667390859618e-09
1526,1.7928822351023655e-09
1527,1.7926203483727995e-09
1528,1.7931714132950336e-09
1529,1.7938092553678951e-09
1530,1.7932592630990322e-09
1531,1.7931974820647285e-09
1532,1.7930894708930397e-09
1533,1.7934908886277996e-09
1534,1.7940709408571674e-09
1535,1.7926914072831584e-09
1536,1.7934593582854434e-09
1537,1.7936297416950716e-09
1538,1.7941581864226088e-09
1539,1.7942887782462443e-09
1540,1.7933393268039896e-09
1541,1.7930890016171037e-09
1542,1.7933628356225014e-09
1543,1.7932654509754883e-09
1544,1.7942962149825886e-09
1545,1.7932762063790792e-09
1546,1.7927948472758753e-09
1547,1.7924974373934196e-09
1548,1.793357708118985e-09
1549,1.7936136909648994e-09
1550,1.7928232912244918e-09
1551,1.7931695639640052e-09
1552,1.792711538876705e-09
1553,1.7931751557088661e-09
1554,1.7921660788457593e-09
1555,1.7945754864449134e-09
1556,1.7914849509233631e-09
1557,1.7917489792967546e-09
1558,1.7918817102889321e-09
1559,1.7910407422160694e-09
1560,1.7915247736954827e-09
1561,1.7964208876879373e-09
1562,1.7909368661622405e-09
1563,1.7910693766657067e-09
1564,1.7909283743491766e-09
1565,1.7910905694199968e-09
1566,1.7915293488571808e-09
1567,1.7911893730597415e-09
1568,1.7954151536387432e-09
1569,1.79198436648729e-09
1570,1.79195775314956e-09
1571,1.7917155331743232e-09
1572,1.7919505872711315e-09
1573,1.7918822182652068e-09
1574,1.793358218666642e-09
1575,1.792985315617361e-09
1576,1.7931964430939442e-09
1577,1.793589920660022e-09
1578,1.7930065292961785e-09
1579,1.7943527707681342e-09
1580,1.7934237426814574e-09
1581,1.7923683627644277e-09
1582,1.7921938652300395e-09
1583,1.7937773217447121e-09
1584,1.793588072695867e-09
1585,1.7927863924498036e-09
1586,1.7953944604836266e-09
1587,1.7926090034821367e-09
1588,1.7938262029673814e-09
1589,1.792675485327051e-09
1590,1.7933469790908898e-09
1591,1.7927985432996499e-09
1592,1.7946616108766276e-09
1593,1.7925051254050329e-09
1594,1.7926620172179223e-09
1595,1.7919394104187618e-09
1596,1.7923399814596793e-09
1597,1.7940312833080588e-09
1598,1.7920790021286175e-09
1599,1.7921285148875103e-09
1600,1.7936068903711131e-09
1601,1.7934434147635911e-09
1602,1.794271452333302e-09
1603,1.7962657230853196e-09
1604,1.795175995713266e-09
1605,1.795288999993352e-09
1606,1.7936317861293014e-09
1607,1.7950718210227378e-09
1608,1.7943760249453725e-09
1609,1.7942841687784984e-09
1610,1.7940558611281168e-09
1611,1.7957213737978788e-09
1612,1.794838270379805e-09
1613,1.7942063140105848e-09
1614,1.7947295611620047e-09
1615,1.7948295702108504e-09
1616,1.7942358220289103e-09
1617,1.794949543968653e-09
1618,1.795711846158631e-09
1619,1.7951518161147291e-09
1620,1.7947930254021383e-09
1621,1.7951938292824814e-09
1622,1.7935454892078135e-09
1623,1.7942002049273924e-09
1624,1.7949520534722562e-09
1625,1.7933638554839402e-09
1626,1.7942120819001388e-09
1627,1.7939194241354823e-09
1628,1.7936941711827384e-09
1629,1.793060902354042e-09
1630,1.7941963849963953e-09
1631,1.7928657938464681e-09
1632,1.793902017145192e-09
1633,1.7937132140341812e-09
1634,1.793149857134761e-09
1635,1.7937403340056755e-09
1636,1.7935937252387712e-09
1637,1.793658158635855e-09
1638,1.793952351031319e-09
1639,1.7941527609930561e-09
1640,1.7941602189551204e-09
1641,1.7949125136230724e-09
1642,1.7937084838006359e-09
1643,1.7953617290774948e-09
1644,1.7956760669101316e-09
1645,1.793294243402162e-09
1646,1.793022162965388e-09
1647,1.7932610571624515e-09
1648,1.7934557446104669e-09
1649,1.7950428317338337e-09
1650,1.793238004570672e-09
1651,1.7935286067951281e-09
1652,1.7934518165253963e-09
1653,1.7936857848975785e-09
1654,1.7931440240039109e-09
1655,1.7938877318254603e-09
1656,1.7928167268094448e-09
1657,1.7942704877851914e-09
1658,1.7941210275608642e-09
1659,1.7939674614686842e-09
1660,1.7933898202900281e-09
1661,1.7933135921155057e-09
1662,1.7931886721956738e-09
1663,1.7947279078925447e-09
1664,1.7934104835880127e-09
1665,1.793348648059922e-09
1666,1.7950124559027538e-09
1667,1.79336312831182e-09
1668,1.7928741805638016e-09
1669,1.7935614511323704e-09
1670,1.7924195837456919e-09
1671,1.792319841751365e-09
1672,1.7920125365221959e-09
1673,1.7931245652648739e-09
1674,1.7942613791054028e-09
1675,1.7922669736998484e-09
1676,1.7926211631939203e-09
1677,1.7928158357846745e-09
1678,1.7924103326362416e-09
1679,1.7923932407617188e-09
1680,1.7920455585727668e-09
1681,1.793651719946555e-09
1682,1.7917038091684673e-09
1683,1.793255368500752e-09
1684,1.7930222437829938e-09
1685,1.7943941443694274e-09
1686,1.7936072836640754e-09
1687,1.7944223071779344e-09
1688,1.7943434398817912e-09
1689,1.7940505484413903e-09
1690,1.7922437354417856e-09
1691,1.7963254807417586e-09
1692,1.793061217079809e-09
1693,1.7942979451365795e-09
1694,1.7932457924947526e-09
1695,1.7935258020070657e-09
1696,1.7927037080500142e-09
1697,1.7933266759507161e-09
1698,1.7944033700912035e-09
1699,1.7948381116860628e-09
1700,1.7950924845086161e-09
1701,1.7957998547786291e-09
1702,1.7936057958635403e-09
1703,1.7934586318715772e-09
1704,1.794380199086832e-09
1705,1.7949802407715045e-09
1706,1.7941302223628315e-09
1707,1.7940644723636723e-09
1708,1.7944775862918992e-09
1709,1.7938234067805413e-09
1710,1.7929563471360077e-09
1711,1.7931896702053098e-09
1712,1.7933890471420803e-09
1713,1.7932093835062403e-09
1714,1.7936374633967267e-09
1715,1.7938176448458364e-09
1716,1.7935886255995905e-09
1717,1.794973785436789e-09
1718,1.794887043084004e-09
1719,1.7951199191430803e-09
1720,1.7950903400839368e-09
1721,1.7967704200965802e-09
1722,1.7931089182609528e-09
1723,1.79310737393498e-09
1724,1.7961250694890477e-09
1725,1.795856777841354e-09
1726,1.795777925849448e-09
1727,1.7947967427449937e-09
1728,1.7937718891659917e-09
1729,1.7935322006663876e-09
1730,1.792464588164818e-09
1731,1.791894775665476e-09
1732,1.7924737987027937e-09
1733,1.7934063377316807e-09
1734,1.7928250331450533e-09
1735,1.7930495733560294e-09
1736,1.7928793166709494e-09
1737,1.7920405251608638e-09
1738,1.792500593609204e-09
1739,1.7933843682648295e-09
1740,1.7947106985990432e-09
1741,1.7935645826545954e-09
1742,1.7963826376872757e-09
1743,1.7927524949488237e-09
1744,1.7940167324667238e-09
1745,1.7934387510030642e-09
1746,1.7938424381607283e-09
1747,1.7944411184676222e-09
1748,1.792789505270899e-09
1749,1.7943122400962344e-09
1750,1.7927324519535649e-09
1751,1.7932749399036269e-09
1752,1.7933891374700696e-09
1753,1.7929212046089975e-09
1754,1.7934007865226355e-09
1755,1.793651447300594e-09
1756,1.793701194082746e-09
1757,1.7953117936565926e-09
1758,1.792897708115721e-09
1759,1.794275870083476e-09
1760,1.7941967625232434e-09
1761,1.7938015345989693e-09
1762,1.793448963345506e-09
1763,1.793721498117698e-09
1764,1.7935720188113602e-09
1765,1.7951090820422999e-09
1766,1.7940711875587908e-09
1767,1.7954642166143947e-09
1768,1.7942559685260597e-09
1769,1.7942501735310124e-09
1770,1.7950986360298117e-09
1771,1.7945363554514885e-09
1772,1.794861442632441e-09
1773,1.7941796104082693e-09
1774,1.79367710543654e-09
1775,1.7941042967082355e-09
1776,1.7943145424130458e-09
1777,1.7948705172736984e-09
1778,1.7942616002633423e-09
1779,1.794019158640131e-09
1780,1.794324657225445e-09
1781,1.7946538922487146e-09
1782,1.7946376622028426e-09
1783,1.7928763460076349e-09
1784,1.7939428977326649e-09
1785,1.794786031651965e-09
1786,1.7952601917650703e-09
1787,1.795925080680488e-09
1788,1.7961218425967415e-09
1789,1.7953587891837639e-09
1790,1.7957687389168803e-09
1791,1.7951834550961082e-09
1792,1.7949792897461057e-09
1793,1.7951530434108899e-09
1794,1.795101683235582e-09
1795,1.794539671500048e-09
1796,1.796383995478597e-09
1797,1.798171714053088e-09
1798,1.7958987464980095e-09
1799,1.7959227994420764e-09
1800,1.7951197929109993e-09
1801,1.7965588039528272e-09
1802,1.793459058096967e-09
1803,1.7952069831775304e-09
1804,1.7946051961329406e-09
1805,1.7927384969531595e-09
1806,1.7928241512167172e-09
1807,1.7937540580956973e-09
1808,1.7946896413859394e-09
1809,1.7949547421858662e-09
1810,1.7949121298414493e-09
1811,1.7968339254178219e-09
1812,1.795186657509826e-09
1813,1.7945409523428846e-09
1814,1.7977949550878818e-09
1815,1.7945105779399046e-09
1816,1.7939112970362498e-09
1817,1.795713177798468e-09
1818,1.7936640216629454e-09
1819,1.7935301646332704e-09
1820,1.7942580044888771e-09
1821,1.7931717400901977e-09
1822,1.7939019855656005e-09
1823,1.793618245993407e-09
1824,1.7935619691549722e-09
1825,1.7925762615545006e-09
1826,1.7925028543822712e-09
1827,1.7941995094391347e-09
1828,1.7941458866374657e-09
1829,1.7941387498431372e-09
1830,1.7935378811477988e-09
1831,1.7964786324656702e-09
1832,1.7951215627730267e-09
1833,1.7937434238242894e-09
1834,1.7939315745267244e-09
1835,1.7932816014537254e-09
1836,1.795593945451119e-09
1837,1.7937460353619117e-09
1838,1.7951175523955845e-09
1839,1.794524539403637e-09
1840,1.7945387588162484e-09
1841,1.7943677616960305e-09
1842,1.794345760625835e-09
1843,1.7941941741210187e-09
1844,1.7934772277003287e-09
1845,1.7935251068452283e-09
1846,1.792038047916091e-09
1847,1.7931794317290405e-09
1848,1.793703924853202e-09
1849,1.7952439121072727e-09
1850,1.7959056411417188e-09
1851,1.794633389209368e-09
1852,1.7938147481351142e-09
1853,1.7933918086917946e-09
1854,1.7938506653893373e-09
1855,1.794460740018039e-09
1856,1.7954208105306013e-09
1857,1.7948532708264222e-09
1858,1.7938922076723392e-09
1859,1.7949103952313895e-09
1860,1.7960292252175576e-09
1861,1.794726502049319e-09
1862,1.7949097228940166e-09
1863,1.7944270410117559e-09
1864,1.7943514298840755e-09
1865,1.7941121920800347e-09
1866,1.7944628466166387e-09
1867,1.7933822018364751e-09
1868,1.797664258470941e-09
1869,1.794754406251604e-09
1870,1.7947839651916921e-09
1871,1.7945994836553307e-09
1872,1.793218136227111e-09
1873,1.7938528922287404e-09
1874,1.796841479331952e-09
1875,1.7950878758328228e-09
1876,1.7944892260065328e-09
1877,1.7948576240685878e-09
1878,1.793196698512e-09
1879,1.7946170679675706e-09
1880,1.7925585309577665e-09
1881,1.7921933219861122e-09
1882,1.7935821701282687e-09
1883,1.7938008352085064e-09
1884,1.7932969320234339e-09
1885,1.792349968072547e-09
1886,1.7938818843251309e-09
1887,1.7932587532213669e-09
1888,1.7926718676218165e-09
1889,1.793227660517995e-09
1890,1.7970434636582982e-09
1891,1.7940477280069849e-09
1892,1.794316388208509e-09
1893,1.7948470550121969e-09
1894,1.7931965546923645e-09
1895,1.7932071426031214e-09
1896,1.7945364754159656e-09
1897,1.796969467799479e-09
1898,1.794070781554006e-09
1899,1.7936809995741729e-09
1900,1.7930728522213126e-09
1901,1.7933032628913685e-09
1902,1.7931551543915533e-09
1903,1.7942741132117915e-09
1904,1.7933122932897645e-09
1905,1.7931989599754121e-09
1906,1.7940255171850688e-09
1907,1.7959907400479435e-09
1908,1.7953221981202788e-09
1909,1.7945980690052097e-09
1910,1.7934360784913227e-09
1911,1.7936865461839732e-09
1912,1.7934512628227694e-09
1913,1.7926683515067207e-09
1914,1.795059154745969e-09
1915,1.7930028945389786e-09
1916,1.7941055013507315e-09
1917,1.7940914513204228e-09
1918,1.7936821680147565e-09
1919,1.7926341052270073e-09
1920,1.7932298312035419e-09
1921,1.7924328655357426e-09
1922,1.7920478522490993e-09
1923,1.7940929643854414e-09
1924,1.793633413081791e-09
1925,1.7936403300365527e-09
1926,1.7928684580862666e-09
1927,1.793805865302596e-09
1928,1.791323966166796e-09
1929,1.7914251874751122e-09
1930,1.7938271362442612e-09
1931,1.7934163576809937e-09
1932,1.7932428791329008e-09
1933,1.793586681858813e-09
1934,1.7954033006245665e-09
1935,1.7947727614469189e-09
1936,1.795934234580917e-09
1937,1.7964584983858732e-09
1938,1.7958560239058899e-09
1939,1.7958796104457014e-09
1940,1.7956176588257666e-09
1941,1.8004320817324197e-09
1942,1.7959950555815756e-09
1943,1.796291021182102e-09
1944,1.795482960527009e-09
1945,1.7962162455993905e-09
1946,1.7960185179866494e-09
1947,1.7956404853212757e-09
1948,1.7976763895807623e-09
1949,1.7955800429703455e-09
1950,1.7946120447665194e-09
1951,1.7945235839132673e-09
1952,1.7951552323142035e-09
1953,1.795939022176571e-09
1954,1.7941294112919458e-09
1955,1.7923644532250736e-09
1956,1.793610450134293e-09
1957,1.7927318458262208e-09
1958,1.796529884022659e-09
1959,1.7944943228098737e-09
1960,1.7946789145008822e-09
1961,1.7953384097673675e-09
1962,1.7947317946309967e-09
1963,1.7951660661474385e-09
1964,1.7944794133823087e-09
1965,1.794283438240787e-09
1966,1.7946076696131508e-09
1967,1.7943979336312456e-09
1968,1.7917208668899116e-09
1969,1.7926431592536878e-09
1970,1.7935016917965864e-09
1971,1.7936226106454038e-09
1972,1.7979060792033607e-09
1973,1.7945590663038165e-09
1974,1.7997837390054504e-09
1975,1.7948565124491148e-09
1976,1.7941953100495682e-09
1977,1.7947587954465276e-09
1978,1.794966107982104e-09
1979,1.793401234788528e-09
1980,1.7920933647854022e-09
1981,1.7941153186244814e-09
1982,1.793091482641855e-09
1983,1.7918851540435854e-09
1984,1.79260414834995e-09
1985,1.7936755370438448e-09
1986,1.794502099411058e-09
1987,1.7947434847411573e-09
1988,1.7927459926441488e-09
1989,1.793924400086472e-09
1990,1.7980174021254757e-09
1991,1.794585237557489e-09
1992,1.7935253247418134e-09
1993,1.7931178124515792e-09
1994,1.7936337573575194e-09
1995,1.7942809305522363e-09
1996,1.793248545217836e-09
1997,1.7937997404033174e-09
1998,1.7936600982320239e-09
1999,1.7932311110473738e-09
2000,1.7933212471051379e-09
2001,1.794374789394359e-09
2002,1.7950024997560606e-09
2003,1.7938328821543898e-09
2004,1.7926436366673811e-09
2005,1.7936789495523473e-09
2006,1.7937254664992294e-09
2007,1.7940077097995551e-09
2008,1.7959014919643767e-09
2009,1.7941412595530625e-09
2010,1.794405604682244e-09
2011,1.7949148313512884e-09
2012,1.7946955228696032e-09
2013,1.7956974436084851e-09
2014,1.7961268249668165e-09
2015,1.7963490564545704e-09
2016,1.7952770151589776e-09
2017,1.7968636828664525e-09
2018,1.7967480580913652e-09
2019,1.7941173280455165e-09
2020,1.7942556278912614e-09
2021,1.793839358359498e-09
2022,1.7941994025829028e-09
2023,1.7940959649827797e-09
2024,1.794228239929745e-09
2025,1.793411458157305e-09
2026,1.7934406093671045e-09
2027,1.7947406303717429e-09
2028,1.795970471910055e-09
2029,1.7949360264779749e-09
2030,1.7976051590072275e-09
2031,1.7942137153829688e-09
2032,1.7950701349311531e-09
2033,1.8036660709122653e-09
2034,1.7970695886487654e-09
2035,1.79451451442898e-09
2036,1.7966151901914456e-09
2037,1.7930393918116594e-09
2038,1.7938270470737815e-09
2039,1.7965706428376421e-09
2040,1.803962041637333e-09
2041,1.8000791196968599e-09
2042,1.797790869945449e-09
2043,1.7952979647572514e-09
2044,1.7939086302721492e-09
2045,1.795880681457664e-09
2046,1.7976121214685106e-09
2047,1.7975410116372451e-09
2048,1.79797122476916e-09
2049,1.793187649806768e-09
2050,1.7943656973643939e-09
2051,1.7940830866639576e-09
2052,1.7934470222784574e-09
2053,1.7980504469857157e-09
2054,1.7950825862105234e-09
2055,1.794522474634692e-09
2056,1.795322444523907e-09
2057,1.79591969128833e-09
2058,1.7955957532799332e-09
2059,1.7949644834194574e-09
2060,1.7932990764247435e-09
2061,1.7933046040313454e-09
2062,1.7956833390603457e-09
2063,1.7937939199093558e-09
2064,1.7938853262215452e-09
2065,1.7948913895125912e-09
2066,1.797298181921626e-09
2067,1.795715327738418e-09
2068,1.7951871292294741e-09
2069,1.7949902484130737e-09
2070,1.7949440082540665e-09
2071,1.7950883207456506e-09
2072,1.7945414543743064e-09
2073,1.7957111183164033e-09
2074,1.7944382034708469e-09
2075,1.7960969004699712e-09
2076,1.7960142883177572e-09
2077,1.7959790545561833e-09
2078,1.795815981158334e-09
2079,1.7942722242011922e-09
2080,1.7961541052396324e-09
2081,1.7953472831361981e-09
2082,1.7958403654045636e-09
2083,1.7990173372975685e-09
2084,1.7951521972629121e-09
2085,1.7948210099461267e-09
2086,1.795300691008999e-09
2087,1.7955715380654517e-09
2088,1.7944401593213818e-09
2089,1.7947390079025697e-09
2090,1.7966397646970916e-09
2091,1.7943161604324539e-09
2092,1.7937058474041262e-09
2093,1.7925905236245811e-09
2094,1.7928648043090001e-09
2095,1.7926864606995265e-09
2096,1.7941206280078065e-09
2097,1.8003414439276134e-09
2098,1.7962507690916312e-09
2099,1.793359223808403e-09
2100,1.7927254960763228e-09
2101,1.7970934970657605e-09
2102,1.7951230591820394e-09
2103,1.7921953456751443e-09
2104,1.792766306359433e-09
2105,1.7955105648955722e-09
2106,1.793103829029283e-09
2107,1.79292579781281e-09
2108,1.7943073132029808e-09
2109,1.7932027757550447e-09
2110,1.7929394351462491e-09
2111,1.792570912308069e-09
2112,1.7931825367024879e-09
2113,1.795184250855666e-09
2114,1.793482826924469e-09
2115,1.7920036795519203e-09
2116,1.792878335584081e-09
2117,1.7933062263440685e-09
2118,1.794241893006974e-09
2119,1.7948855566476897e-09
2120,1.7954599882255438e-09
2121,1.793398189039234e-09
2122,1.7926312139623277e-09
2123,1.7926070068272336e-09
2124,1.793645912991714e-09
2125,1.7976465124659196e-09
2126,1.7943581559097694e-09
2127,1.7958001792114571e-09
2128,1.7946068262352996e-09
2129,1.7931600751107453e-09
2130,1.7937154489402142e-09
2131,1.7926631208968686e-09
2132,1.7932558383242846e-09
2133,1.7922656950410495e-09
2134,1.792574763322402e-09
2135,1.7921366249194404e-09
2136,1.7930624803829485e-09
2137,1.7932942574621169e-09
2138,1.7931483358791585e-09
2139,1.7934740046047782e-09
2140,1.7979048339829768e-09
2141,1.7970563364372351e-09
2142,1.7940679484367758e-09
2143,1.793532450430066e-09
2144,1.7942475051780455e-09
2145,1.7941363829152343e-09
2146,1.7939974585699535e-09
2147,1.796751844398542e-09
2148,1.7941666249830939e-09
2149,1.7952865501492286e-09
2150,1.794976313931729e-09
2151,1.7947904145039587e-09
2152,1.7972326592680114e-09
2153,1.7954474303679731e-09
2154,1.7941573609828702e-09
2155,1.7939235500549079e-09
2156,1.7948870014128128e-09
2157,1.7929228032453727e-09
2158,1.7955976342574147e-09
2159,1.7944638900166617e-09
2160,1.7948290565762335e-09
2161,1.7939676031144643e-09
2162,1.793677077396538e-09
2163,1.793603835389561e-09
2164,1.793655749203828e-09
2165,1.7930709263354554e-09
2166,1.794828812298366e-09
2167,1.793882325317965e-09
2168,1.7948856137837703e-09
2169,1.7945504704304594e-09
2170,1.7953465641023115e-09
2171,1.7970161142443147e-09
2172,1.79308139490711e-09
2173,1.7941403390348897e-09
2174,1.7938312084880119e-09
2175,1.794171113686276e-09
2176,1.7929914684922906e-09
2177,1.792954875543224e-09
2178,1.7916539346249643e-09
2179,1.793162522251119e-09
2180,1.7925137458498649e-09
2181,1.7956184291632831e-09
2182,1.7959190438451514e-09
2183,1.793139798349512e-09
2184,1.7934563264771663e-09
2185,1.7928808806444474e-09
2186,1.793932501465631e-09
2187,1.7953063505690533e-09
2188,1.793948478278848e-09
2189,1.7961765560938144e-09
2190,1.7945161617712123e-09
2191,1.7939151052428031e-09
2192,1.7951939140258245e-09
2193,1.7944938455337827e-09
2194,1.7947743630386738e-09
2195,1.792721819535477e-09
2196,1.7928893746300108e-09
2197,1.7939966104248249e-09
2198,1.79300410963877e-09
2199,1.7939543680989611e-09
2200,1.7965121052797138e-09
2201,1.793221861069115e-09
2202,1.792243051776465e-09
2203,1.7922180476165583e-09
2204,1.792073860410703e-09
2205,1.7928384343070424e-09
2206,1.7931570809703754e-09
2207,1.7944200487700777e-09
2208,1.7943636222837979e-09
2209,1.7937122010536712e-09
2210,1.7940071173026295e-09
2211,1.793283385254455e-09
2212,1.7950872862526722e-09
2213,1.7939957339373617e-09
2214,1.793299753597241e-09
2215,1.7943941645453287e-09
2216,1.7938002501877655e-09
2217,1.7935940008964088e-09
2218,1.7936302143602533e-09
2219,1.7926221332299826e-09
2220,1.7919094960137425e-09
2221,1.793094037054395e-09
2222,1.7937568777853794e-09
2223,1.7931587723799683e-09
2224,1.7946398556790036e-09
2225,1.7938091428317593e-09
2226,1.7929754745130377e-09
2227,1.791814135393529e-09
2228,1.7952040168120898e-09
2229,1.7926096289092948e-09
2230,1.7937425226136516e-09
2231,1.7933788358771416e-09
2232,1.7934680524955229e-09
2233,1.7933966539731795e-09
2234,1.7937946346335988e-09
2235,1.7979989016825485e-09
2236,1.7919129472846005e-09
2237,1.792317832517637e-09
2238,1.7930271442283567e-09
2239,1.794005737242032e-09
2240,1.7916944237689377e-09
2241,1.7924639467072974e-09
2242,1.7922780022442081e-09
2243,1.7942418667210799e-09
2244,1.793199961972293e-09
2245,1.7946205953022882e-09
2246,1.792612734736134e-09
2247,1.7921445334416118e-09
2248,1.795587424835679e-09
2249,1.7939639902977888e-09
2250,1.7929031277012303e-09
2251,1.7953288860572218e-09
2252,1.799639969974343e-09
2253,1.7952375253442756e-09
2254,1.794938134089279e-09
2255,1.7949420832659582e-09
2256,1.7938048899650543e-09
2257,1.7930584143789427e-09
2258,1.7960914882746216e-09
2259,1.7922860860053043e-09
2260,1.7929070729146095e-09
2261,1.7934183012118341e-09
2262,1.792411659209659e-09
2263,1.7924113406748818e-09
2264,1.7913394846605768e-09
2265,1.7924915743904204e-09
2266,1.7921281490087102e-09
2267,1.7913756162032584e-09
2268,1.7927723272782055e-09
2269,1.7914159781465716e-09
2270,1.7913631565888837e-09
2271,1.7926530574667563e-09
2272,1.794068328472276e-09
2273,1.7916783331145802e-09
2274,1.7918762492574816e-09
2275,1.7928629075518772e-09
2276,1.7928135521014017e-09
2277,1.7933109369228678e-09
2278,1.7928576799009842e-09
2279,1.7929571567586877e-09
2280,1.793599992952989e-09
2281,1.792676850923029e-09
2282,1.794649626442294e-09
2283,1.792269159374881e-09
2284,1.7921717535319352e-09
2285,1.7935499196317929e-09
2286,1.7952071074560306e-09
2287,1.794024087452191e-09
2288,1.793734315076388e-09
2289,1.7927323127308797e-09
2290,1.7943226789545118e-09
2291,1.792109704186366e-09
2292,1.7932467640446415e-09
2293,1.7932985537597774e-09
2294,1.7927535766795184e-09
2295,1.7934122990414073e-09
2296,1.792629685344937e-09
2297,1.792397661291052e-09
2298,1.7936315025087995e-09
2299,1.792566381537302e-09
2300,1.794474518270292e-09
2301,1.7949210494873564e-09
2302,1.792261331005963e-09
2303,1.7920968238497721e-09
2304,1.7924570258340474e-09
2305,1.7924589911854907e-09
2306,1.7924362103203676e-09
2307,1.7921236310565525e-09
2308,1.7916451101152383e-09
2309,1.7927996434128284e-09
2310,1.792398712043653e-09
2311,1.7947677444805421e-09
2312,1.7937994823983497e-09
2313,1.7941807360058638e-09
2314,1.7963223691130184e-09
2315,1.7973875400365652e-09
2316,1.7971723991633534e-09
2317,1.794552518070665e-09
2318,1.7933876397266263e-09
2319,1.7953905008826694e-09
2320,1.7947628220861986e-09
2321,1.7948274426998944e-09
2322,1.7955888741355572e-09
2323,1.793990005456874e-09
2324,1.7936340585974365e-09
2325,1.7955764894241872e-09
2326,1.7942903848583997e-09
2327,1.7947221360135133e-09
2328,1.7950532744038868e-09
2329,1.7974172835890755e-09
2330,1.7935687913800855e-09
2331,1.7952967120500605e-09
2332,1.7942391244147874e-09
2333,1.793104367922407e-09
2334,1.7932672619980107e-09
2335,1.7928517178815086e-09
2336,1.7943565166355554e-09
2337,1.7944139290895311e-09
2338,1.7955272222738109e-09
2339,1.7940980122848131e-09
2340,1.794109313915954e-09
2341,1.7952152876260823e-09
2342,1.7930830633425868e-09
2343,1.7928288795212044e-09
2344,1.7926499097192986e-09
2345,1.793291672383491e-09
2346,1.7930706028983109e-09
2347,1.7936344747601943e-09
2348,1.7937993708393816e-09
2349,1.7928187060118838e-09
2350,1.793006742162275e-09
2351,1.7939509297989347e-09
2352,1.7929206135932458e-09
2353,1.7933991771406596e-09
2354,1.7934301292790424e-09
2355,1.7941189200474567e-09
2356,1.793898473246716e-09
2357,1.7976270244556215e-09
2358,1.7935306777248964e-09
2359,1.7944783090078365e-09
2360,1.7942695080781426e-09
2361,1.7988839629578456e-09
2362,1.7928670447276752e-09
2363,1.795458882445818e-09
2364,1.7945151054491834e-09
2365,1.793831552059334e-09
2366,1.7983785411169786e-09
2367,1.792319440760986e-09
2368,1.7927997723098347e-09
2369,1.7942110974257549e-09
2370,1.7952746937800077e-09
2371,1.7934149198506357e-09
2372,1.7930421903563609e-09
2373,1.793930441309498e-09
2374,1.7930078712443466e-09
2375,1.794193172096716e-09
2376,1.7934088260882991e-09
2377,1.792961487047374e-09
2378,1.7943317512391994e-09
2379,1.7936677746600788e-09
2380,1.7933866046277946e-09
2381,1.7924993445481003e-09
2382,1.7922686225562978e-09
2383,1.793531300390531e-09
2384,1.7938273647058218e-09
2385,1.7937630922121197e-09
2386,1.794725162256785e-09
2387,1.794563701381559e-09
2388,1.7934846465359772e-09
2389,1.7936083665328002e-09
2390,1.7942210427199495e-09
2391,1.7933155588797574e-09
2392,1.794529797548697e-09
2393,1.7926101696490343e-09
2394,1.7933923694639685e-09
2395,1.7933355609011564e-09
2396,1.7949218236219446e-09
2397,1.796183042053673e-09
2398,1.7922971119464228e-09
2399,1.7937490546110923e-09
2400,1.7914029631414361e-09
2401,1.7942301032228464e-09
2402,1.7922481472815806e-09
2403,1.792251489638322e-09
2404,1.7934912872417612e-09
2405,1.795128897735714e-09
2406,1.7950532709096547e-09
2407,1.7942339246945188e-09
2408,1.7935875682419502e-09
2409,1.7948209265144206e-09
2410,1.7942215286562594e-09
2411,1.7943493339535873e-09
2412,1.7950134905077553e-09
2413,1.7958339961462973e-09
2414,1.7943301910411821e-09
2415,1.7959523341393659e-09
2416,1.7932523971081999e-09
2417,1.7928262912211704e-09
2418,1.793697779836071e-09
2419,1.7929604453703912e-09
2420,1.7954285668390442e-09
2421,1.7919144924822394e-09
2422,1.793460059186134e-09
2423,1.7929828790167328e-09
2424,1.7918294785488677e-09
2425,1.7907971194970736e-09
2426,1.7918627979812716e-09
2427,1.7915336318371532e-09
2428,1.7933017687252938e-09
2429,1.7926195945676405e-09
2430,1.7936352415112227e-09
2431,1.7947750007245026e-09
2432,1.7939417993892434e-09
2433,1.7937601389496484e-09
2434,1.7918610821839137e-09
2435,1.7955158931875257e-09
2436,1.7950042487997485e-09
2437,1.7915505509753757e-09
2438,1.791612167592476e-09
2439,1.7920664324356402e-09
2440,1.79343421244107e-09
2441,1.7932349602857334e-09
2442,1.792412108354884e-09
2443,1.792203926429112e-09
2444,1.792991228324797e-09
2445,1.7918196400190543e-09
2446,1.7929920134469591e-09
2447,1.7924118037325239e-09
2448,1.794420418848319e-09
2449,1.792745882159677e-09
2450,1.793380158190537e-09
2451,1.7937295106462128e-09
2452,1.7935462383090295e-09
2453,1.7938356337649755e-09
2454,1.793274863924418e-09
2455,1.7936940623973619e-09
2456,1.794168600541073e-09
2457,1.7924390199427815e-09
2458,1.792757729166369e-09
2459,1.7931027957207887e-09
2460,1.793468961453604e-09
2461,1.792774922316846e-09
2462,1.7941728895853257e-09
2463,1.7960743472140265e-09
2464,1.7923448252972981e-09
2465,1.7949154200640946e-09
2466,1.7929891997431747e-09
2467,1.7932777663917234e-09
2468,1.7930659433752272e-09
2469,1.7947067086392793e-09
2470,1.7931162159381815e-09
2471,1.7934446139499225e-09
2472,1.7934125568616068e-09
2473,1.7935430246863173e-09
2474,1.7944587716054454e-09
2475,1.7935770450104898e-09
2476,1.793978107678855e-09
2477,1.7935766376455802e-09
2478,1.7925128780711092e-09
2479,1.7930766210856078e-09
2480,1.7923069298248304e-09
2481,1.7955380626773777e-09
2482,1.7946757752014232e-09
2483,1.7936313728711479e-09
2484,1.793192019857242e-09
2485,1.7948365178088995e-09
2486,1.7958565139258302e-09
2487,1.7954258315941693e-09
2488,1.7949741137538808e-09
2489,1.7955515622737524e-09
2490,1.797698514880924e-09
2491,1.7933602995780845e-09
2492,1.7941494391344715e-09
2493,1.7951155711452219e-09
2494,1.7968166097303615e-09
2495,1.7974898479795875e-09
2496,1.7958411649148968e-09
2497,1.7953616491525748e-09
2498,1.7965490474332154e-09
2499,1.7970654293941326e-09
2500,1.7967677130109134e-09
2501,1.7965421550188827e-09
2502,1.800456497417757e-09
2503,1.7996647240740203e-09
2504,1.797054344545752e-09
2505,1.796241722818044e-09
2506,1.7951353412687956e-09
2507,1.7953223073169823e-09
2508,1.79646465497679e-09
2509,1.794651073143172e-09
2510,1.7939998601800365e-09
2511,1.7965638867851636e-09
2512,1.7942788861092e-09
2513,1.7929467978631792e-09
2514,1.7950903610773335e-09
2515,1.7962069742764291e-09
2516,1.7940067451951284e-09
2517,1.7943413953658574e-09
2518,1.7927757865240793e-09
2519,1.7955629355811348e-09
2520,1.7948355158484306e-09
2521,1.7943280234188657e-09
2522,1.792451485954835e-09
2523,1.7964104352024787e-09
2524,1.7913948905191555e-09
2525,1.7946082247980382e-09
2526,1.7925262143045094e-09
2527,1.7928563101313342e-09
2528,1.7970431072383149e-09
2529,1.796983172110126e-09
2530,1.7929296207850005e-09
2531,1.7940973895267154e-09
2532,1.7929250867972501e-09
2533,1.7957272864697332e-09
2534,1.7957460718873792e-09
2535,1.7940106286371858e-09
2536,1.8004443669322266e-09
2537,1.7937877183026707e-09
2538,1.7940665786446774e-09
2539,1.7941800705064926e-09
2540,1.794078552715847e-09
2541,1.7961572209260073e-09
2542,1.7946693679739494e-09
2543,1.7957929472388223e-09
2544,1.7997094254667898e-09
2545,1.7954277529322537e-09
2546,1.7991057883691157e-09
2547,1.7950143025999067e-09
2548,1.7976291478355623e-09
2549,1.7941532700877733e-09
2550,1.793040798872306e-09
2551,1.7930849916918725e-09
2552,1.7941707894408772e-09
2553,1.799096832579918e-09
2554,1.7963961672062207e-09
2555,1.7937381961526183e-09
2556,1.7938885723962133e-09
2557,1.7935301271211049e-09
2558,1.7938494085198395e-09
2559,1.793128274484307e-09
2560,1.7936566398646688e-09
2561,1.7945818857247426e-09
2562,1.793908502784545e-09
2563,1.795069925759604e-09
2564,1.7938449165950356e-09
2565,1.793276742300077e-09
2566,1.7926017218657708e-09
2567,1.7938922679007274e-09
2568,1.7932073431796118e-09
2569,1.7926819583412062e-09
2570,1.7921705582882139e-09
2571,1.7923288299201222e-09
2572,1.7922325989351397e-09
2573,1.7916196216918652e-09
2574,1.7941873857832218e-09
2575,1.7922099445800493e-09
2576,1.7928601262401203e-09
2577,1.7937974294314542e-09
2578,1.7945950897950125e-09
2579,1.7979930160234e-09
2580,1.7946873267636892e-09
2581,1.792747057035259e-09
2582,1.7923190733587814e-09
2583,1.79317484099394e-09
2584,1.7927294545262677e-09
2585,1.7928207910540004e-09
2586,1.792869815608592e-09
2587,1.7920218018334534e-09
2588,1.7934138282697299e-09
2589,1.7914699188650456e-09
2590,1.793532459225664e-09
2591,1.794098176311592e-09
2592,1.7970870901783462e-09
2593,1.7935612050529117e-09
2594,1.7950409390265003e-09
2595,1.795968351958893e-09
2596,1.7960847970304424e-09
2597,1.7987682448092856e-09
2598,1.7960818061870504e-09
2599,1.796689262927896e-09
2600,1.796507685325354e-09
2601,1.795680927530433e-09
2602,1.7949084243922883e-09
2603,1.7951614189252386e-09
2604,1.794523716147208e-09
2605,1.7945278307382538e-09
2606,1.7962311548616172e-09
2607,1.7948896081578784e-09
2608,1.7943055340920692e-09
2609,1.7967711002283866e-09
2610,1.794852111649649e-09
2611,1.7956468248897185e-09
2612,1.7981257502079755e-09
2613,1.794758070389898e-09
2614,1.8035807359093519e-09
2615,1.7961176485041988e-09
2616,1.79554399242495e-09
2617,1.7964953064585213e-09
2618,1.7942257302245133e-09
2619,1.7963214509016146e-09
2620,1.799780086912176e-09
2621,1.795919365772076e-09
2622,1.7949993803264791e-09
2623,1.7993068485275353e-09
2624,1.8009718180200794e-09
2625,1.7948678446800606e-09
2626,1.7948245578905524e-09
2627,1.7933877565834844e-09
2628,1.7935760778373812e-09
2629,1.800079940472128e-09
2630,1.7939411473266996e-09
2631,1.7944010493133415e-09
2632,1.7937137243170569e-09
2633,1.7944221971927702e-09
2634,1.794823712782217e-09
2635,1.793529133072537e-09
2636,1.7943453471414335e-09
2637,1.793776104926445e-09
2638,1.7934487317219282e-09
2639,1.7936659921050628e-09
2640,1.7944199992119238e-09
2641,1.7991167070985434e-09
2642,1.7940887229722444e-09
2643,1.7976519135407006e-09
2644,1.7957315401794591e-09
2645,1.7954212570769778e-09
2646,1.7935557426616809e-09
2647,1.7926882227266283e-09
2648,1.7929276396598188e-09
2649,1.7913856403525594e-09
2650,1.7947482417201891e-09
2651,1.7928969982927265e-09
2652,1.79416143649971e-09
2653,1.7934622847364579e-09
2654,1.7930957947198918e-09
2655,1.7954970624556345e-09
2656,1.7970403153136635e-09
2657,1.794208820392015e-09
2658,1.7932527891999588e-09
2659,1.7916350705737521e-09
2660,1.7970930320582008e-09
2661,1.8003421502001815e-09
2662,1.7947263881442177e-09
2663,1.8008773202175995e-09
2664,1.7922659882891047e-09
2665,1.7974430452286203e-09
2666,1.7973043508671059e-09
2667,1.8047796001666752e-09
2668,1.794242704205587e-09
2669,1.7965032156460972e-09
2670,1.7944813150348536e-09
2671,1.7976324881095187e-09
2672,1.7939734976063894e-09
2673,1.7944287811299685e-09
2674,1.7929919305779893e-09
2675,1.7923871958001943e-09
2676,1.7940420834155726e-09
2677,1.7944601230551229e-09
2678,1.7931639253192748e-09
2679,1.7933879269673903e-09
2680,1.7939961666526504e-09
2681,1.7931099759756498e-09
2682,1.7948741701863396e-09
2683,1.7945034739776612e-09
2684,1.7936329678239181e-09
2685,1.7975977026319057e-09
2686,1.79422303419129e-09
2687,1.7938200036818362e-09
2688,1.7940071443370657e-09
2689,1.8008830835165031e-09
2690,1.7920644848472437e-09
2691,1.7917490000255825e-09
2692,1.7919679375217484e-09
2693,1.7935133153609667e-09
2694,1.793081936858727e-09
2695,1.7939627058701417e-09
2696,1.7934580647800989e-09
2697,1.797744940482378e-09
2698,1.7928999185723755e-09
2699,1.7931315883108451e-09
2700,1.7937752933188936e-09
2701,1.8029037365926308e-09
2702,1.7954521938834782e-09
2703,1.7961751860698748e-09
2704,1.7947166451964672e-09
2705,1.7951485917408478e-09
2706,1.800551758310012e-09
2707,1.7997707115102495e-09
2708,1.795028026429316e-09
2709,1.7969727224111235e-09
2710,1.7964856432128161e-09
2711,1.795524927779936e-09
2712,1.7947831330611158e-09
2713,1.7956493715427816e-09
2714,1.7940948235013552e-09
2715,1.7941459067457633e-09
2716,1.7965366848028108e-09
2717,1.7937037408631512e-09
2718,1.7946609245684106e-09
2719,1.7957313452515405e-09
2720,1.7977700237621305e-09
2721,1.7925275177308526e-09
2722,1.7936474055525447e-09
2723,1.7936870710314138e-09
2724,1.794206001946841e-09
2725,1.7938299382747777e-09
2726,1.8001147900636531e-09
2727,1.7932617843065723e-09
2728,1.7971187980904758e-09
2729,1.7928621804327221e-09
2730,1.7924706941295777e-09
2731,1.7973144233600365e-09
2732,1.7977865326506609e-09
2733,1.7935666573063054e-09
2734,1.7939728456429294e-09
2735,1.7967470863994826e-09
2736,1.7946526910502073e-09
2737,1.8007360354937782e-09
2738,1.7932761641902787e-09
2739,1.794177914125237e-09
2740,1.7948487166898368e-09
2741,1.7959769342041198e-09
2742,1.7970169983403774e-09
2743,1.7944746143966086e-09
2744,1.7939354571342598e-09
2745,1.7924114223035391e-09
2746,1.7939251594396835e-09
2747,1.7939558037813054e-09
2748,1.7973043454301904e-09
2749,1.793573243328596e-09
2750,1.793800800161822e-09
2751,1.7944414844523117e-09
2752,1.7954803304293073e-09
2753,1.7941290652040516e-09
2754,1.7934193449835803e-09
2755,1.795629928204551e-09
2756,1.7942100329265181e-09
2757,1.7933600477333654e-09
2758,1.793582548587005e-09
2759,1.794182592034578e-09
2760,1.7980857059382535e-09
2761,1.796521234366072e-09
2762,1.7963573141005248e-09
2763,1.794175926225571e-09
2764,1.7947830653262365e-09
2765,1.7940314099487056e-09
2766,1.7936821666970789e-09
2767,1.7931027845837537e-09
2768,1.7936211140704713e-09
2769,1.793008826283827e-09
2770,1.7925725461284754e-09
2771,1.7954526541427747e-09
2772,1.792573528745008e-09
2773,1.7933669662040875e-09
2774,1.794603720813484e-09
2775,1.794392934166159e-09
2776,1.793317246266489e-09
2777,1.7939692803131657e-09
2778,1.7942359541638206e-09
2779,1.7940050895311593e-09
2780,1.7937361343138834e-09
2781,1.795095345811908e-09
2782,1.8021758434213308e-09
2783,1.7940119283942634e-09
2784,1.7953146476908632e-09
2785,1.7956450526865846e-09
2786,1.7959795024134296e-09
2787,1.7964686244607275e-09
2788,1.7947232594179742e-09
2789,1.794054284689693e-09
2790,1.7937339723648336e-09
2791,1.7951815577508208e-09
2792,1.7937288612393323e-09
2793,1.7934571282623927e-09
2794,1.8000705431229512e-09
2795,1.7915629658632637e-09
2796,1.7918604522155253e-09
2797,1.7927707956465419e-09
2798,1.7958211340659844e-09
2799,1.792208048777417e-09
2800,1.793575846237072e-09
2801,1.7921669897609552e-09
2802,1.7949737322146445e-09
2803,1.795791196090787e-09
2804,1.7929961361426108e-09
2805,1.7937862802594256e-09
2806,1.7966009448074466e-09
2807,1.7943630186196093e-09
2808,1.795227156451197e-09
2809,1.7932106159715418e-09
2810,1.7970134804198123e-09
2811,1.7933997450358186e-09
2812,1.7931418638701935e-09
2813,1.7957470417993887e-09
2814,1.7942158623742154e-09
2815,1.7942712080418162e-09
2816,1.795636212622735e-09
2817,1.7942689890456028e-09
2818,1.7951533556282564e-09
2819,1.794564029091817e-09
2820,1.794838329422594e-09
2821,1.797614311305648e-09
2822,1.7982607090428486e-09
2823,1.7943812498189975e-09
2824,1.7938048889961332e-09
2825,1.7929512626055483e-09
2826,1.7948707519734257e-09
2827,1.7940520777080146e-09
2828,1.7946475708213475e-09
2829,1.794447697417079e-09
2830,1.7967766173311362e-09
2831,1.7940493158393236e-09
2832,1.7939243205072784e-09
2833,1.7947382358239325e-09
2834,1.794404112659753e-09
2835,1.7935089598357418e-09
2836,1.7933336490570056e-09
2837,1.7979367228540638e-09
2838,1.794470140967582e-09
2839,1.7952276876783725e-09
2840,1.7952023778341254e-09
2841,1.794776294930825e-09
2842,1.7979158378270193e-09
2843,1.796096577024821e-09
2844,1.7946120501193821e-09
2845,1.7942685899404477e-09
2846,1.7969440922704836e-09
2847,1.7955352129987522e-09
2848,1.7928293908957639e-09
2849,1.7934510382551e-09
2850,1.7935065460904686e-09
2851,1.7961102645728718e-09
2852,1.801213792430007e-09
2853,1.7919108978921301e-09
2854,1.792649583025294e-09
2855,1.793817606544657e-09
2856,1.791787931854489e-09
2857,1.7989158259168618e-09
2858,1.7949459506530341e-09
2859,1.7948187487161214e-09
2860,1.7941724036580708e-09
2861,1.7962598701073143e-09
2862,1.7931630118078415e-09
2863,1.7925623027995992e-09
2864,1.795092127478013e-09
2865,1.7917011175488694e-09
2866,1.7945525256055206e-09
2867,1.793327564286474e-09
2868,1.7933298046794352e-09
2869,1.795108034346268e-09
2870,1.7948972212084735e-09
2871,1.795212422425786e-09
2872,1.7938141553777538e-09
2873,1.794513786313409e-09
2874,1.7945757905573014e-09
2875,1.7941127611703814e-09
2876,1.796012532769063e-09
2877,1.7933620450307366e-09
2878,1.7938278118071015e-09
2879,1.7927853637420054e-09
2880,1.7935164108495482e-09
2881,1.7957406863662578e-09
2882,1.7946297393626663e-09
2883,1.7942171101083346e-09
2884,1.7947431602098052e-09
2885,1.7940308602064483e-09
2886,1.7937679165779246e-09
2887,1.794501199682638e-09
2888,1.792661467010957e-09
2889,1.8020000340305586e-09
2890,1.794903159745821e-09
2891,1.7946582998363204e-09
2892,1.7952949544589494e-09
2893,1.794861752593273e-09
2894,1.7935395154102857e-09
2895,1.795657774184376e-09
2896,1.7940183333194228e-09
2897,1.7944226516580551e-09
2898,1.7942269343351453e-09
2899,1.7938288481492089e-09
2900,1.7939571360269983e-09
2901,1.7982951492292087e-09
2902,1.7939371096485494e-09
2903,1.797223955919886e-09
2904,1.7971888807786307e-09
2905,1.8011420592806994e-09
2906,1.7952857833665127e-09
2907,1.7942386521766211e-09
2908,1.7966326264184967e-09
2909,1.7939819341715524e-09
2910,1.7931940691546562e-09
2911,1.7929019208237749e-09
2912,1.7942351074106355e-09
2913,1.8024702818370442e-09
2914,1.7961445470262408e-09
2915,1.7940223415466473e-09
2916,1.7978843893036702e-09
2917,1.800718965789623e-09
2918,1.79476923284452e-09
2919,1.8013100921093615e-09
2920,1.7947529730922477e-09
2921,1.7946582594619943e-09
2922,1.8008399048258818e-09
2923,1.7947883503556927e-09
2924,1.796464914280811e-09
2925,1.7932589365478466e-09
2926,1.7959709951206668e-09
2927,1.79471944577102e-09
2928,1.7935738308219513e-09
2929,1.7976186863868405e-09
2930,1.797529313735176e-09
2931,1.7968242721462183e-09
2932,1.7970448044737047e-09
2933,1.7935515846014094e-09
2934,1.7951220901768919e-09
2935,1.7941091843068058e-09
2936,1.7945742258444832e-09
2937,1.795056388973472e-09
2938,1.7932191605153847e-09
2939,1.793168400015536e-09
2940,1.7941488525925808e-09
2941,1.7934354449166382e-09
2942,1.7924238683467842e-09
2943,1.7927593730377013e-09
2944,1.7953108149164954e-09
2945,1.7914965960111841e-09
2946,1.7923321146026549e-09
2947,1.7923846411451852e-09
2948,1.7922580098110947e-09
2949,1.7931939666541251e-09
2950,1.7928443061468475e-09
2951,1.7935696138371961e-09
2952,1.792548019491255e-09
2953,1.7962778817708715e-09
2954,1.7925531115777225e-09
2955,1.794549019525895e-09
2956,1.793021927236072e-09
2957,1.794214707031168e-09
2958,1.7935295205776815e-09
2959,1.7953740237346569e-09
2960,1.797615834047417e-09
2961,1.7930061195960557e-09
2962,1.793796077925797e-09
2963,1.7936953158804749e-09
2964,1.7929765705660053e-09
2965,1.7935490312233673e-09
2966,1.7979592324195372e-09
2967,1.7937210186006605e-09
2968,1.7939955996786087e-09
2969,1.7933557060613719e-09
2970,1.7916365771834214e-09
2971,1.793649931798384e-09
2972,1.793076504441715e-09
2973,1.7933827129006004e-09
2974,1.8007967232772235e-09
2975,1.7947850292730879e-09
2976,1.795463524218029e-09
2977,1.7928568624375195e-09
2978,1.7985883125214446e-09
2979,1.798520017905874e-09
2980,1.792202570660645e-09
2981,1.7945625311946948e-09
2982,1.794420633583369e-09
2983,1.7983663212711324e-09
2984,1.7917079381724205e-09
2985,1.7927517729014852e-09
2986,1.7929999947363916e-09
2987,1.792931983819219e-09
2988,1.794138981112445e-09
2989,1.7939430065654355e-09
2990,1.79537238957535e-09
2991,1.7940388889996561e-09
2992,1.7985265909040198e-09
2993,1.8003782376387476e-09
2994,1.7944235017120097e-09
2995,1.7944939934333977e-09
2996,1.7938459933373269e-09
2997,1.794163978460203e-09
2998,1.792022025707055e-09
2999,1.7923002165028057e-09
3000,1.7931629719191937e-09
3001,1.7952017289398061e-09
3002,1.7948193635426411e-09
3003,1.794441354033717e-09
3004,1.7970958539723964e-09
3005,1.797061787849696e-09
3006,1.7953451157849816e-09
3007,1.7958222805766468e-09
3008,1.796211947423754e-09
3009,1.7928018048060188e-09
3010,1.7934337061998837e-09
3011,1.7923484229283895e-09
3012,1.7931779139753126e-09
3013,1.7932932673924688e-09
3014,1.7925089753576544e-09
3015,1.7916074418883898e-09
3016,1.7945953584961406e-09
3017,1.7913893643664854e-09
3018,1.7956855343497607e-09
3019,1.7944527111357666e-09
3020,1.7934309496263499e-09
3021,1.7931114098166264e-09
3022,1.7926632459800245e-09
3023,1.7932144983696457e-09
3024,1.79450633910264e-09
3025,1.8019718532192032e-09
3026,1.7939848097836618e-09
3027,1.792931653174671e-09
3028,1.7934227828278559e-09
3029,1.7959320262840873e-09
3030,1.7955343767653592e-09
3031,1.7944024574548934e-09
3032,1.7935989600287468e-09
3033,1.795365457972241e-09
3034,1.7951427907691532e-09
3035,1.794204941181888e-09
3036,1.7993647011982517e-09
3037,1.7941813797308084e-09
3038,1.7982688946009176e-09
3039,1.7935149161791646e-09
3040,1.794511113933109e-09
3041,1.7939996624191016e-09
3042,1.7939906594595729e-09
3043,1.7924868030451106e-09
3044,1.791902046046734e-09
3045,1.7942587572099128e-09
3046,1.794880257989229e-09
3047,1.7913103624966423e-09
3048,1.7917356150466801e-09
3049,1.7929583672912118e-09
3050,1.791556410449953e-09
3051,1.7932459337857547e-09
3052,1.7922123606573035e-09
3053,1.7927321476480976e-09
3054,1.7915298371974306e-09
3055,1.7930334722703288e-09
3056,1.7939544790537011e-09
3057,1.7942018356898691e-09
3058,1.79319489380741e-09
3059,1.7930377560658823e-09
3060,1.7940896581982268e-09
3061,1.796031213910482e-09
3062,1.794318193540592e-09
3063,1.7946474078104656e-09
3064,1.800060761146115e-09
3065,1.7975435259033216e-09
3066,1.7993084694713721e-09
3067,1.7938185781276089e-09
3068,1.7943244832950255e-09
3069,1.7965918512159103e-09
3070,1.7963103151825708e-09
3071,1.7957878218379795e-09
3072,1.7970660294806828e-09
3073,1.7945725092239786e-09
3074,1.794027951554253e-09
3075,1.793795382684565e-09
3076,1.7968639461648645e-09
3077,1.7961443923879888e-09
3078,1.7939991486488449e-09
3079,1.7930685253678322e-09
3080,1.793091987245581e-09
3081,1.8055774470310013e-09
3082,1.7948065837104162e-09
3083,1.7930312786316014e-09
3084,1.7955449505783493e-09
3085,1.7934477310356503e-09
3086,1.7920571841910127e-09
3087,1.792874209552015e-09
3088,1.7937444921818162e-09
3089,1.7935635871244535e-09
3090,1.7965715965929986e-09
3091,1.795074422458245e-09
3092,1.7950071824053164e-09
3093,1.7953319168200017e-09
3094,1.7953308576711362e-09
3095,1.7976423286869288e-09
3096,1.794389389600682e-09
3097,1.7965768370206696e-09
3098,1.7960694552400833e-09
3099,1.7954520607853823e-09
3100,1.7931086015916744e-09
3101,1.7931965333694785e-09
3102,1.7941599025531743e-09
3103,1.792593566565738e-09
3104,1.7927938590148366e-09
3105,1.7931139479617557e-09
3106,1.7931747999232383e-09
3107,1.791263026349584e-09
3108,1.7920317939450925e-09
3109,1.7964692174210384e-09
3110,1.7952661547188919e-09
3111,1.7929584490021639e-09
3112,1.7943762737285967e-09
3113,1.7925712253832015e-09
3114,1.8015362371188712e-09
3115,1.7931600415803873e-09
3116,1.7926980228580783e-09
3117,1.7918140472917804e-09
3118,1.7921662853514257e-09
3119,1.7956637429069584e-09
3120,1.7947980948855008e-09
3121,1.8000694380531853e-09
3122,1.7979619134468665e-09
3123,1.793940568494471e-09
3124,1.7954827923898378e-09
3125,1.7957736264616995e-09
3126,1.7954430941313336e-09
3127,1.7952892963170057e-09
3128,1.7936361953116975e-09
3129,1.7930320310656116e-09
3130,1.7933127889657787e-09
3131,1.7947574971889534e-09
3132,1.7950112117220335e-09
3133,1.7926021870625423e-09
3134,1.793722346991894e-09
3135,1.7933437912075605e-09
3136,1.793203368338878e-09
3137,1.7944043906667326e-09
3138,1.7950030013854744e-09
3139,1.7952029521094231e-09
3140,1.7944971438753877e-09
3141,1.7953214785950684e-09
3142,1.7929085584276665e-09
3143,1.7954768458966867e-09
3144,1.7947337166813593e-09
3145,1.7933600396477438e-09
3146,1.7957876286214339e-09
3147,1.7968839825289098e-09
3148,1.7988078864690687e-09
3149,1.7939778182583717e-09
3150,1.797482997527341e-09
3151,1.797895971416264e-09
3152,1.796452907583273e-09
3153,1.803021510321589e-09
3154,1.7949580237648466e-09
3155,1.7938579835557497e-09
3156,1.798241365847943e-09
3157,1.7946549871898833e-09
3158,1.794582478552741e-09
3159,1.7938821029366627e-09
3160,1.7965704663887015e-09
3161,1.7955519156612598e-09
3162,1.7947985989972987e-09
3163,1.8004344492877031e-09
3164,1.7982382061228263e-09
3165,1.8006481549853607e-09
3166,1.7987251860206466e-09
3167,1.7945176870808773e-09
3168,1.7934876462743678e-09
3169,1.798955559384444e-09
3170,1.7936010289280357e-09
3171,1.7940303605186172e-09
3172,1.794922632075225e-09
3173,1.7945018206075892e-09
3174,1.7998067939782331e-09
3175,1.8023570671578543e-09
3176,1.7944309405602277e-09
3177,1.7941528937076178e-09
3178,1.8021660538079166e-09
3179,1.801217311701118e-09
3180,1.7996787401370116e-09
3181,1.7932930093196978e-09
3182,1.795195772052944e-09
3183,1.7924849256055615e-09
3184,1.7934146798693225e-09
3185,1.797090481589113e-09
3186,1.7942035313318045e-09
3187,1.7999941289783528e-09
3188,1.7947533464159834e-09
3189,1.7984062199901997e-09
3190,1.7954525452218427e-09
3191,1.7978596302597687e-09
3192,1.7936908024683875e-09
3193,1.7939938645580666e-09
3194,1.7939957261756655e-09
3195,1.7963989798287893e-09
3196,1.7939562701748143e-09
3197,1.7977068475426025e-09
3198,1.7968165170060676e-09
3199,1.7963726722364898e-09
3200,1.7964023422606308e-09
3201,1.7952280034715052e-09
3202,1.7975337722499891e-09
3203,1.804063066613148e-09
3204,1.7960297809583304e-09
3205,1.799431719452238e-09
3206,1.7943698278950625e-09
3207,1.794388541323002e-09
3208,1.794382118434614e-09
3209,1.806671869781474e-09
3210,1.7985278396070568e-09
3211,1.7957667191607407e-09
3212,1.7943150189665776e-09
3213,1.7927383390059872e-09
3214,1.795521580866139e-09
3215,1.7933430251298697e-09
3216,1.8039436950422057e-09
3217,1.7978022369175238e-09
3218,1.7912972745715051e-09
3219,1.7959856720979991e-09
3220,1.792218565487458e-09
3221,1.7922935163694623e-09
3222,1.799934121061915e-09
3223,1.793033747884227e-09
3224,1.7916952802895273e-09
3225,1.7922612695191329e-09
3226,1.7928332988779348e-09
3227,1.79268553901855e-09
3228,1.7945727253909202e-09
3229,1.7942229898929274e-09
3230,1.7962824752391332e-09
3231,1.7933020052458246e-09
3232,1.7933245871655547e-09
3233,1.8052764241895217e-09
3234,1.7997581758835179e-09
3235,1.7932033182991271e-09
3236,1.7941373055032152e-09
3237,1.7931153069324875e-09
3238,1.7951707153549677e-09
3239,1.7938570473468665e-09
3240,1.7922704112967876e-09
3241,1.7963788644252676e-09
3242,1.7934432326467076e-09
3243,1.7950903411967427e-09
3244,1.794782996227728e-09
3245,1.8054188219558953e-09
3246,1.7960527213052717e-09
3247,1.7947566144166065e-09
3248,1.7936043796030461e-09
3249,1.7950003305812777e-09
3250,1.794645260400803e-09
3251,1.8054126937971119e-09
3252,1.8004251177679914e-09
3253,1.7941544293271396e-09
3254,1.7994354015467644e-09
3255,1.8004027377585882e-09
3256,1.7955962069717707e-09
3257,1.7959372029064677e-09
3258,1.7956029349772828e-09
3259,1.795847010329534e-09
3260,1.7934350619241864e-09
3261,1.8002380711089922e-09
3262,1.794631447271871e-09
3263,1.8126497738923955e-09
3264,1.7968877653688484e-09
3265,1.799480334462e-09
3266,1.8008040450176183e-09
3267,1.794958185243378e-09
3268,1.8004164015545964e-09
3269,1.8011468938270118e-09
3270,1.7950656164999147e-09
3271,1.7919561269079325e-09
3272,1.7939534299917005e-09
3273,1.8066199607737995e-09
3274,1.795241315013552e-09
3275,1.794875608383603e-09
3276,1.7935760800697977e-09
3277,1.7957193972987142e-09
3278,1.7934416026062991e-09
3279,1.794852445822088e-09
3280,1.7969333510876788e-09
3281,1.7933160687883577e-09
3282,1.7936450871454145e-09
3283,1.7954649054396965e-09
3284,1.7944901600752808e-09
3285,1.800688508942781e-09
3286,1.795458400446184e-09
3287,1.7958737692457707e-09
3288,1.7966042473647528e-09
3289,1.7929579066744384e-09
3290,1.7933894159329668e-09
3291,1.7940991545737337e-09
3292,1.7937930637162481e-09
3293,1.7939860243681137e-09
3294,1.7938899999213859e-09
3295,1.7947190638929505e-09
3296,1.7916376904299909e-09
3297,1.7919943791814417e-09
3298,1.7921075540211334e-09
3299,1.7932231292310533e-09
3300,1.791981030612137e-09
3301,1.7920888682204149e-09
3302,1.7950727675122345e-09
3303,1.8021923481876412e-09
3304,1.7935142101041347e-09
3305,1.7942721626090686e-09
3306,1.7926905527360681e-09
3307,1.7931974853728596e-09
3308,1.7946903345113595e-09
3309,1.7939092276333516e-09
3310,1.792938799622888e-09
3311,1.7939072287505767e-09
3312,1.7949789140235883e-09
3313,1.7924241378871492e-09
3314,1.7944455646485553e-09
3315,1.7926656986343335e-09
3316,1.7932542093355441e-09
3317,1.7928844958402265e-09
3318,1.7913679544193656e-09
3319,1.791595724053583e-09
3320,1.7940476060025003e-09
3321,1.793274659663634e-09
3322,1.797224933934599e-09
3323,1.7971722871027819e-09
3324,1.7935786122692723e-09
3325,1.7944911563887297e-09
3326,1.8034261444562193e-09
3327,1.7930768699461178e-09
3328,1.7931572036442895e-09
3329,1.7954259088094253e-09
3330,1.792210538379222e-09
3331,1.795120314093167e-09
3332,1.7963644958834045e-09
3333,1.7959120964405193e-09
3334,1.7945203272146094e-09
3335,1.7939725137310726e-09
3336,1.7948820583037969e-09
3337,1.7939964273095802e-09
3338,1.7948131180804597e-09
3339,1.8078886405561168e-09
3340,1.7973556907664154e-09
3341,1.7939745978257115e-09
3342,1.7953731162018257e-09
3343,1.7987853869679437e-09
3344,1.794070701331607e-09
3345,1.7968355173209017e-09
3346,1.7950350574441785e-09
3347,1.7988282311138922e-09
3348,1.7938815136757087e-09
3349,1.7948806065503718e-09
3350,1.7948593037648205e-09
3351,1.7956078964950708e-09
3352,1.7924614921293675e-09
3353,1.7935536359340396e-09
3354,1.7920814852300505e-09
3355,1.7920794076456551e-09
3356,1.7942965080667656e-09
3357,1.7932540767722502e-09
3358,1.7929943107831907e-09
3359,1.7922223073844415e-09
3360,1.7930025451846052e-09
3361,1.7932004622333655e-09
3362,1.7947021050102663e-09
3363,1.792216373373381e-09
3364,1.7938168428306694e-09
3365,1.7923409474843385e-09
3366,1.793116916234645e-09
3367,1.7971946521970015e-09
3368,1.7936479020536389e-09
3369,1.792738695945974e-09
3370,1.7934205308387558e-09
3371,1.7939235238550706e-09
3372,1.795436342233791e-09
3373,1.7922332525284983e-09
3374,1.7942652053752452e-09
3375,1.792164646694295e-09
3376,1.7950075183295463e-09
3377,1.794232634203598e-09
3378,1.7941291844943946e-09
3379,1.7943845178771425e-09
3380,1.7939647429584227e-09
3381,1.7943368617814733e-09
3382,1.7941412863426285e-09
3383,1.7937695633617855e-09
3384,1.7952283665678355e-09
3385,1.7936627941376743e-09
3386,1.7970528385672758e-09
3387,1.7951069798445254e-09
3388,1.796666327899222e-09
3389,1.7944106596384555e-09
3390,1.7950649143726158e-09
3391,1.7968805624383133e-09
3392,1.7931897202481003e-09
3393,1.7942262412251222e-09
3394,1.7949945849956137e-09
3395,1.7928692939189025e-09
3396,1.7961650430712485e-09
3397,1.7941437212870908e-09
3398,1.7938200483538065e-09
3399,1.7932830722339397e-09
3400,1.7983998938957873e-09
3401,1.7954547604113465e-09
3402,1.7937944750243434e-09
3403,1.7938178295058849e-09
3404,1.7951342131969634e-09
3405,1.799388078180105e-09
3406,1.795770127923858e-09
3407,1.794564491803773e-09
3408,1.7955159256087503e-09
3409,1.7951292651099202e-09
3410,1.7959565099226746e-09
3411,1.7982147977878686e-09
3412,1.804350556595509e-09
3413,1.797141270928503e-09
3414,1.7935951594195457e-09
3415,1.7940386510343936e-09
3416,1.794574198298798e-09
3417,1.798109515288717e-09
3418,1.7971800023024045e-09
3419,1.7973622637115946e-09
3420,1.7963644132092798e-09
3421,1.7940434809763365e-09
3422,1.798376364769569e-09
3423,1.7926537917627166e-09
3424,1.7941413750474392e-09
3425,1.7921084747918208e-09
3426,1.7940700946126434e-09
3427,1.7943690993112902e-09
3428,1.7935743097687712e-09
3429,1.793658030988833e-09
3430,1.7968562839277974e-09
3431,1.796009146583732e-09
3432,1.793422386612536e-09
3433,1.7944304995497905e-09
3434,1.7987175848513073e-09
3435,1.7980042779335397e-09
3436,1.8006121179458814e-09
3437,1.7946747732671871e-09
3438,1.7937164008477817e-09
3439,1.7918833892651702e-09
3440,1.7983857205180733e-09
3441,1.7988976998400778e-09
3442,1.7983558066949843e-09
3443,1.8095381785189628e-09
3444,1.792963532974106e-09
3445,1.7926970206831281e-09
3446,1.7935841946618797e-09
3447,1.7958900907186738e-09
3448,1.7964630001470617e-09
3449,1.798998229922342e-09
3450,1.7945414524948908e-09
3451,1.7943482168761307e-09
3452,1.795324034204829e-09
3453,1.8023255873162068e-09
3454,1.7955108006745807e-09
3455,1.7962274273029284e-09
3456,1.792849486070197e-09
3457,1.7956603310260183e-09
3458,1.7934265017066436e-09
3459,1.7962297458520385e-09
3460,1.7944151775931471e-09
3461,1.795163081992381e-09
3462,1.7942608581971372e-09
3463,1.793269839057195e-09
3464,1.793792860120402e-09
3465,1.7938918930720099e-09
3466,1.7956543041477953e-09
3467,1.7949703131778672e-09
3468,1.795021260623068e-09
3469,1.7952601192746172e-09
3470,1.7927815520070813e-09
3471,1.7980956799378277e-09
3472,1.793433018271494e-09
3473,1.794316013990792e-09
3474,1.7971624959123427e-09
3475,1.795766272613108e-09
3476,1.7979707275691648e-09
3477,1.795677272864764e-09
3478,1.794953540690395e-09
3479,1.794845385143697e-09
3480,1.7942764965653059e-09
3481,1.7964019746814494e-09
3482,1.793686276419545e-09
3483,1.7930487300198863e-09
3484,1.7933149170107617e-09
3485,1.7957795090019047e-09
3486,1.7949240046715367e-09
3487,1.7936983039444333e-09
3488,1.7954967536529583e-09
3489,1.8021809412704031e-09
3490,1.7978753312235011e-09
3491,1.7965384736509462e-09
3492,1.7947981614453702e-09
3493,1.7947862941120703e-09
3494,1.7926236697915302e-09
3495,1.7924147600817529e-09
3496,1.793923658312674e-09
3497,1.7929761874376686e-09
3498,1.792899004443934e-09
3499,1.7934408460195302e-09
3500,1.7934550129349158e-09
3501,1.7969724793283617e-09
3502,1.7928761786559116e-09
3503,1.792614429926771e-09
3504,1.7989626767415682e-09
3505,1.7964802509640236e-09
3506,1.7942247508014759e-09
3507,1.7941972400208695e-09
3508,1.7990207418096963e-09
3509,1.794364134132429e-09
3510,1.7932478804787544e-09
3511,1.7943445208083963e-09
3512,1.7959599283985138e-09
3513,1.7957401509393065e-09
3514,1.7954782566684645e-09
3515,1.7938790842289196e-09
3516,1.7946539107335126e-09
3517,1.8007894361206655e-09
3518,1.794490953568165e-09
3519,1.7974932643023814e-09
3520,1.7946311906030194e-09
3521,1.7954727379354422e-09
3522,1.7989729576973558e-09
3523,1.7982225606051335e-09
3524,1.7999966492113428e-09
3525,1.7938112978051977e-09
3526,1.797564893135733e-09
3527,1.7943337501223643e-09
3528,1.801602950798286e-09
3529,1.7951040864280997e-09
3530,1.799974180079247e-09
3531,1.7953622452555937e-09
3532,1.7944871861694723e-09
3533,1.7950244476975476e-09
3534,1.7966064188267107e-09
3535,1.799884763300399e-09
3536,1.7955901267850219e-09
3537,1.7957374861283533e-09
3538,1.7952933788053933e-09
3539,1.8021798270191233e-09
3540,1.7942346626830184e-09
3541,1.7963121098962445e-09
3542,1.7952901388653186e-09
3543,1.7930773909558406e-09
3544,1.8100536252496823e-09
3545,1.8015473825398241e-09
3546,1.7940381709382758e-09
3547,1.7936107660202222e-09
3548,1.8022949683473692e-09
3549,1.7979842468679475e-09
3550,1.8019753503093608e-09
3551,1.7978982733257728e-09
3552,1.7934888374686557e-09
3553,1.794023605258377e-09
3554,1.8055467442478624e-09
3555,1.8068439657628586e-09
3556,1.8089941457230393e-09
3557,1.793839514807648e-09
3558,1.8023013074862503e-09
3559,1.7959915122733027e-09
3560,1.7966000469079953e-09
3561,1.8000252647879811e-09
3562,1.801099661989163e-09
3563,1.7985574978065857e-09
3564,1.7952879668919e-09
3565,1.8098831352798091e-09
3566,1.8015521078271652e-09
3567,1.7993925973078052e-09
3568,1.7954683854021059e-09
3569,1.7955481868481787e-09
3570,1.8052491410663665e-09
3571,1.7988929817436608e-09
3572,1.8020289906266647e-09
3573,1.8024363104950646e-09
3574,1.798738765745582e-09
3575,1.7990063488352046e-09
3576,1.7969638023402846e-09
3577,1.812882006276987e-09
3578,1.7968678326331228e-09
3579,1.7946925464713847e-09
3580,1.7994309152610759e-09
3581,1.8041697728354345e-09
3582,1.799364677083689e-09
3583,1.7936568961037262e-09
3584,1.7943018810333415e-09
3585,1.7933455766617875e-09
3586,1.7924196918948065e-09
3587,1.7971679820837253e-09
3588,1.7989788662008809e-09
3589,1.795030652980697e-09
3590,1.7919755230184217e-09
3591,1.7925945494976877e-09
3592,1.7928250904225805e-09
3593,1.8017984961294783e-09
3594,1.7921846364347596e-09
3595,1.792069348497511e-09
3596,1.7923037049429394e-09
3597,1.7928460207531857e-09
3598,1.7956015665907357e-09
3599,1.7926801327606779e-09
3600,1.7937191075338843e-09
3601,1.7931006196676382e-09
3602,1.793837342395304e-09
3603,1.793831807594852e-09
3604,1.7943327859878779e-09
3605,1.7936175754510059e-09
3606,1.7953540024211885e-09
3607,1.79735432575746e-09
3608,1.7984066014452294e-09
3609,1.8012409741476704e-09
3610,1.7952763661500845e-09
3611,1.7958037033406006e-09
3612,1.79555338709013e-09
3613,1.7963130586774287e-09
3614,1.7944789606575448e-09
3615,1.7957928127437643e-09
3616,1.7993968929025613e-09
3617,1.7941063391539933e-09
3618,1.7940584465567154e-09
3619,1.7967188392243984e-09
3620,1.794079194847154e-09
3621,1.796092217313331e-09
3622,1.7935459583814764e-09
3623,1.7928529604427693e-09
3624,1.7924782891377155e-09
3625,1.7945784941817553e-09
3626,1.793903090147225e-09
3627,1.7993482003095703e-09
3628,1.7946123249511188e-09
3629,1.7937662418362234e-09
3630,1.7945802444475722e-09
3631,1.7949214399958294e-09
3632,1.7996925757126624e-09
3633,1.794495191218882e-09
3634,1.79395821240808e-09
3635,1.7968831528673057e-09
3636,1.793712508250922e-09
3637,1.7947220737044362e-09
3638,1.7960532271835891e-09
3639,1.8093329397035028e-09
3640,1.794752476081848e-09
3641,1.797516759436016e-09
3642,1.7949649199646124e-09
3643,1.7937861086609727e-09
3644,1.80746920162304e-09
3645,1.7941339929560657e-09
3646,1.7942477811195198e-09
3647,1.796858872261653e-09
3648,1.7977765525943398e-09
3649,1.7941164445956681e-09
3650,1.7928280042808405e-09
3651,1.7959041918622096e-09
3652,1.7979326053842228e-09
3653,1.7939163689210768e-09
3654,1.7963460109754684e-09
3655,1.7935402532386603e-09
3656,1.798248476115738e-09
3657,1.7944863111492276e-09
3658,1.7937559200062242e-09
3659,1.7942135188874496e-09
3660,1.792981015280588e-09
3661,1.7969571512862366e-09
3662,1.7968581729834695e-09
3663,1.7998003694119889e-09
3664,1.7963845337242778e-09
3665,1.7946720490010477e-09
3666,1.7943993616571598e-09
3667,1.7966478869170973e-09
3668,1.801060135179376e-09
3669,1.7953645279628657e-09
3670,1.795233786067304e-09
3671,1.793355858870694e-09
3672,1.802997682420649e-09
3673,1.7924540373465954e-09
3674,1.793062693365469e-09
3675,1.7938166284416664e-09
3676,1.794203590520765e-09
3677,1.7949675482746564e-09
3678,1.7925729586866406e-09
3679,1.7934913919260245e-09
3680,1.793405989576123e-09
3681,1.798155596103596e-09
3682,1.7935476832577626e-09
3683,1.7943756272100965e-09
3684,1.7936130179684856e-09
3685,1.7923241670713878e-09
3686,1.7930673521825666e-09
3687,1.7944807916942553e-09
3688,1.7927800165279675e-09
3689,1.7914251084987226e-09
3690,1.7918251387354767e-09
3691,1.7939116936164443e-09
3692,1.7906894854127826e-09
3693,1.7915875537299177e-09
3694,1.7929968951824e-09
3695,1.7919863317932754e-09
3696,1.7952559884835858e-09
3697,1.7922108816302375e-09
3698,1.793929690801026e-09
3699,1.7944540272235188e-09
3700,1.7956484714506652e-09
3701,1.7939337190362302e-09
3702,1.7936801153419907e-09
3703,1.8057074170408276e-09
3704,1.7918817149360638e-09
3705,1.7921200373298155e-09
3706,1.7925780000339756e-09
3707,1.7942170840304955e-09
3708,1.7931664677581407e-09
3709,1.7913562589965815e-09
3710,1.7915374671237442e-09
3711,1.7925730459206995e-09
3712,1.7923250258197418e-09
3713,1.7928664202389346e-09
3714,1.7918484531733476e-09
3715,1.7955107504100053e-09
3716,1.791780353818033e-09
3717,1.7954914561155988e-09
3718,1.7939987299979444e-09
3719,1.7932234740747187e-09
3720,1.799527338230061e-09
3721,1.7935192595596124e-09
3722,1.79226912304515e-09
3723,1.7946826373546814e-09
3724,1.796854436270019e-09
3725,1.7952728159357578e-09
3726,1.793565041378106e-09
3727,1.7955998534328895e-09
3728,1.7929793909087964e-09
3729,1.7934541470337267e-09
3730,1.7940426027493413e-09
3731,1.7940237096961223e-09
3732,1.7932903986465543e-09
3733,1.7979051050286273e-09
3734,1.793351972483292e-09
3735,1.8010762108077727e-09
3736,1.8018650473412825e-09
3737,1.7933698475906155e-09
3738,1.7953962592565308e-09
3739,1.7955950737457233e-09
3740,1.7927775592104062e-09
3741,1.7968266604414554e-09
3742,1.7956660734656394e-09
3743,1.7946888731131185e-09
3744,1.7944604984953613e-09
3745,1.7957073100423928e-09
3746,1.793564215086924e-09
3747,1.7946559785575585e-09
3748,1.7946910332728476e-09
3749,1.794570866984248e-09
3750,1.7933078700765946e-09
3751,1.7960790604973808e-09
3752,1.792528513191307e-09
3753,1.7924845272816452e-09
3754,1.7926100262406397e-09
3755,1.7938688558919868e-09
3756,1.7918011210576017e-09
3757,1.7907363468704674e-09
3758,1.794684547829525e-09
3759,1.7920448848133464e-09
3760,1.7934167975746682e-09
3761,1.7937305968916194e-09
3762,1.7959849113687407e-09
3763,1.796583707713085e-09
3764,1.7951993382922e-09
3765,1.7956274159400892e-09
3766,1.7956574313716432e-09
3767,1.7987799649555783e-09
3768,1.792635150873389e-09
3769,1.7938694567231075e-09
3770,1.7972764215395924e-09
3771,1.7931025297332053e-09
3772,1.7941135009814494e-09
3773,1.7934639645455113e-09
3774,1.7936524858222485e-09
3775,1.7941435295092842e-09
3776,1.7934941057345068e-09
3777,1.794393819432483e-09
3778,1.796917833085684e-09
3779,1.8113483309246504e-09
3780,1.8014907812513434e-09
3781,1.7949632732960964e-09
3782,1.7959849671355832e-09
3783,1.798628162357029e-09
3784,1.7972047303601842e-09
3785,1.7931745865261387e-09
3786,1.7972717260287067e-09
3787,1.7962120947653436e-09
3788,1.79491329791318e-09
3789,1.7940662099742431e-09
3790,1.7940129223433314e-09
3791,1.8009258294340366e-09
3792,1.806923454488811e-09
3793,1.7931035458053973e-09
3794,1.7968773280516991e-09
3795,1.7930690425299414e-09
3796,1.7989771521843835e-09
3797,1.7963652835897584e-09
3798,1.7931286025691156e-09
3799,1.7950264651306472e-09
3800,1.8003440833189677e-09
3801,1.7962920663937623e-09
3802,1.7943534053115457e-09
3803,1.7932668480831038e-09
3804,1.7936716178949546e-09
3805,1.8004771956671458e-09
3806,1.7954505466306601e-09
3807,1.7935974134145593e-09
3808,1.7938455276507342e-09
3809,1.795442550374091e-09
3810,1.7962346181565569e-09
3811,1.7944172684336443e-09
3812,1.7936222665387682e-09
3813,1.795927268176819e-09
3814,1.793601300240932e-09
3815,1.7942686563550283e-09
3816,1.7926103693382316e-09
3817,1.793664072456002e-09
3818,1.7929861339725152e-09
3819,1.7982774872125454e-09
3820,1.792266029855692e-09
3821,1.7978349882225984e-09
3822,1.7916640266234404e-09
3823,1.8133768964451858e-09
3824,1.7932252519773595e-09
3825,1.7927034694324457e-09
3826,1.794995378445071e-09
3827,1.8014622977302933e-09
3828,1.8048406983628803e-09
3829,1.7987950285623583e-09
3830,1.7928489931074017e-09
3831,1.7955057643516817e-09
3832,1.8034152543109193e-09
3833,1.7956334093677025e-09
3834,1.7973710704406124e-09
3835,1.7930514561857718e-09
3836,1.793217253133917e-09
3837,1.7933964493659472e-09
3838,1.7932309218355892e-09
3839,1.7960285822116755e-09
3840,1.799267980046199e-09
3841,1.7931151072997655e-09
3842,1.7929308371641944e-09
3843,1.7976984874118091e-09
3844,1.7989625812034563e-09
3845,1.797347748076249e-09
3846,1.7919515665206273e-09
3847,1.7918570583842805e-09
3848,1.7921955445501874e-09
3849,1.7971566974141435e-09
3850,1.801658731618518e-09
3851,1.7916857688176421e-09
3852,1.7947734572034944e-09
3853,1.7941395707265927e-09
3854,1.7945557548382534e-09
3855,1.7955513786419405e-09
3856,1.7952682481428641e-09
3857,1.7948715303839551e-09
3858,1.794825450161044e-09
3859,1.7947790466412027e-09
3860,1.7949050157518007e-09
3861,1.7950231856888265e-09
3862,1.7945773585203396e-09
3863,1.7941148844222938e-09
3864,1.7951102591885835e-09
3865,1.793894444088799e-09
3866,1.7984979947967946e-09
3867,1.7935032695912104e-09
3868,1.793822565210276e-09
3869,1.7959682821783445e-09
3870,1.792907812041505e-09
3871,1.7946010900829737e-09
3872,1.7964796949513028e-09
3873,1.795301992945496e-09
3874,1.793348241024202e-09
3875,1.7945009370697888e-09
3876,1.7939901215419443e-09
3877,1.7933805033950714e-09
3878,1.793307888986272e-09
3879,1.79584423210581e-09
3880,1.7937992069475366e-09
3881,1.793350185020916e-09
3882,1.7931199391496075e-09
3883,1.7977360946817705e-09
3884,1.7952228393057396e-09
3885,1.7922072830565122e-09
3886,1.792405426733133e-09
3887,1.7929629592285996e-09
3888,1.7967535788148335e-09
3889,1.7964059895567277e-09
3890,1.7938587015032573e-09
3891,1.7934953280394446e-09
3892,1.7990199304035963e-09
3893,1.7928952779461868e-09
3894,1.7938483690544713e-09
3895,1.7954903182445045e-09
3896,1.7943748727707426e-09
3897,1.791894349145377e-09
3898,1.7920380879622686e-09
3899,1.791814652997423e-09
3900,1.7917820326561704e-09
3901,1.7981546334986226e-09
3902,1.7949505873533873e-09
3903,1.7948506156243102e-09
3904,1.7946692703201477e-09
3905,1.7951673679092898e-09
3906,1.7971939950070014e-09
3907,1.8007324637262037e-09
3908,1.7992234310316658e-09
3909,1.7935685889501688e-09
3910,1.7939684642492993e-09
3911,1.794485189085087e-09
3912,1.8020766620870868e-09
3913,1.7933964156367945e-09
3914,1.7946826474195853e-09
3915,1.7939899761949984e-09
3916,1.7942894242052153e-09
3917,1.7939779077948116e-09
3918,1.7967908913416938e-09
3919,1.7944785637323504e-09
3920,1.7951587516037455e-09
3921,1.7939632682275943e-09
3922,1.7945099822284316e-09
3923,1.7941454962869304e-09
3924,1.7941088992480603e-09
3925,1.7939579211388839e-09
3926,1.7973177568230306e-09
3927,1.8004875707008364e-09
3928,1.7972130827568173e-09
3929,1.7945518146950746e-09
3930,1.7972640193724695e-09
3931,1.804252354229675e-09
3932,1.7962068417419178e-09
3933,1.7948222716665518e-09
3934,1.7939924952527442e-09
3935,1.7959990817956652e-09
3936,1.7923039583617913e-09
3937,1.7934508118176272e-09
3938,1.798529879621073e-09
3939,1.7931017740218778e-09
3940,1.7931119378004583e-09
3941,1.794000474000676e-09
3942,1.7995972596009177e-09
3943,1.7993923496035293e-09
3944,1.8000149566328224e-09
3945,1.7944596422884347e-09
3946,1.7943765411144276e-09
3947,1.8032420446929708e-09
3948,1.8016831980527988e-09
3949,1.7984330798518404e-09
3950,1.7936497866908635e-09
3951,1.792782937687361e-09
3952,1.7978864671666618e-09
3953,1.8008881422237162e-09
3954,1.797735390506329e-09
3955,1.795227003728058e-09
3956,1.7929175573279195e-09
3957,1.7956988804703778e-09
3958,1.7997784803900421e-09
3959,1.8000721055503652e-09
3960,1.7926874851767505e-09
3961,1.7941727788969472e-09
3962,1.7965483437672692e-09
3963,1.7940370627223487e-09
3964,1.8054083399670792e-09
3965,1.7925391188970096e-09
3966,1.7931296797400446e-09
3967,1.7946211992823736e-09
3968,1.7971625916111977e-09
3969,1.7945018011729778e-09
3970,1.794059216939305e-09
3971,1.7937081651110018e-09
3972,1.794710666448243e-09
3973,1.8027436135254046e-09
3974,1.794779977818677e-09
3975,1.7976414506064113e-09
3976,1.7982135904094468e-09
3977,1.795512274397559e-09
3978,1.7976497928535082e-09
3979,1.798685954501122e-09
3980,1.7945989859678238e-09
3981,1.8015408968817454e-09
3982,1.7972868571275857e-09
3983,1.7958005032614475e-09
3984,1.7931679184121496e-09
3985,1.793628486066509e-09
3986,1.7935895257328796e-09
3987,1.7956519566198376e-09
3988,1.7951866316678883e-09
3989,1.796024713413032e-09
3990,1.7959177695769014e-09
3991,1.7979387045666078e-09
3992,1.7949008097606058e-09
3993,1.7971475780495709e-09
3994,1.7987021965636608e-09
3995,1.7963802904838643e-09
3996,1.7952207082070037e-09
3997,1.7978576456129416e-09
3998,1.7962109456787696e-09
3999,1.7956346269515587e-09
4000,1.7965305899520377e-09
4001,1.793556294157266e-09
4002,1.7942468765357987e-09
4003,1.7955418405637241e-09
4004,1.7936170171395826e-09
4005,1.792695088739447e-09
4006,1.7933474286282805e-09
4007,1.7935763234712302e-09
4008,1.793585305178462e-09
4009,1.7933343313668968e-09
4010,1.792046841487077e-09
4011,1.7962249859643272e-09
4012,1.793567205131173e-09
4013,1.7945239572700504e-09
4014,1.796055729489566e-09
4015,1.793872391511719e-09
4016,1.7928661397623469e-09
4017,1.7950973772664183e-09
4018,1.7947231435031882e-09
4019,1.795030229408793e-09
4020,1.7974165725920786e-09
4021,1.7968977301684165e-09
4022,1.796167852254848e-09
4023,1.7966569041971563e-09
4024,1.7970014658454325e-09
4025,1.795026743201788e-09
4026,1.7993689481686815e-09
4027,1.7943111005319565e-09
4028,1.7941857798164352e-09
4029,1.7939308535753566e-09
4030,1.7936314225250648e-09
4031,1.792681612029308e-09
4032,1.7929112549110763e-09
4033,1.7948889773525592e-09
4034,1.7931259128063258e-09
4035,1.7924805342415767e-09
4036,1.792306746937194e-09
4037,1.7921893995140707e-09
4038,1.7954802244502086e-09
4039,1.795976989272503e-09
4040,1.795659955343856e-09
4041,1.7946107542008002e-09
4042,1.7966167120904688e-09
4043,1.7959449664101541e-09
4044,1.794576296684849e-09
4045,1.7989300584472173e-09
4046,1.79396928898124e-09
4047,1.7963684926507997e-09
4048,1.7935265576447354e-09
4049,1.7927104478742718e-09
4050,1.7926583326689937e-09
4051,1.7979029433996493e-09
4052,1.7932456212961282e-09
4053,1.7924833344039891e-09
4054,1.7926333993143945e-09
4055,1.7938330076573101e-09
4056,1.7956636617794927e-09
4057,1.7962023822819416e-09
4058,1.7921072128380932e-09
4059,1.7946973976572016e-09
4060,1.8004864478950772e-09
4061,1.7920765680337692e-09
4062,1.8037566745712789e-09
4063,1.7957397694977771e-09
4064,1.793393094072603e-09
4065,1.802408891022294e-09
4066,1.7985304137146317e-09
4067,1.798426096108051e-09
4068,1.7947577982581155e-09
4069,1.7995665174912582e-09
4070,1.7976206679387115e-09
4071,1.795239279485575e-09
4072,1.7957080031791336e-09
4073,1.7928921817769217e-09
4074,1.7921881708813044e-09
4075,1.7930824621174758e-09
4076,1.8037949199355017e-09
4077,1.8079395338450606e-09
4078,1.7932867611264913e-09
4079,1.7943465962322602e-09
4080,1.7936067285777927e-09
4081,1.7985060141031137e-09
4082,1.7949659079622995e-09
4083,1.7928113461643072e-09
4084,1.8021434017705942e-09
4085,1.7930299196046726e-09
4086,1.795097605621661e-09
4087,1.79654739094751e-09
4088,1.7956027724576264e-09
4089,1.793276770618474e-09
4090,1.794221361925844e-09
4091,1.7934827292562592e-09
4092,1.798635485774386e-09
4093,1.7938739415359939e-09
4094,1.7944645607685493e-09
4095,1.7935131015954787e-09
4096,1.792681235007886e-09
4097,1.7929665959815785e-09
4098,1.792996845532819e-09
4099,1.794788933194886e-09
4100,1.7945541370328322e-09
