global_step,predictor_x_gap_mse
1,3.3609238516965123e-12
2,3.400071849434703e-08
3,1.70417314702242e-08
4,1.142126497786278e-08
5,8.623665221045415e-09
6,6.954591836264807e-09
7,5.853363429830289e-09
8,5.077056275930446e-09
9,4.501767001767172e-09
10,4.059751497138193e-09
11,3.7131892399384842e-09
12,3.4331512184851688e-09
13,3.2043034724813687e-09
14,3.0118157379370398e-09
15,2.8538593684723295e-09
16,2.7199800777747004e-09
17,2.605724477300337e-09
18,2.5080653015201997e-09
19,2.4247825632608475e-09
20,2.35097744899878e-09
21,2.287719625651554e-09
22,2.232665801016307e-09
23,2.1835839025412238e-09
24,2.141073722102335e-09
25,2.1048502772909238e-09
26,2.070308683636623e-09
27,2.0414098215705996e-09
28,2.0146476650648184e-09
29,1.9913291720339038e-09
30,1.9706635522987848e-09
31,1.951900614493705e-09
32,1.9328673408222158e-09
33,1.918575844724387e-09
34,1.9054526438208834e-09
35,1.8940151343846438e-09
36,1.8835741106640633e-09
37,1.8750023942132e-09
38,1.8660024473897918e-09
39,1.8590235477772019e-09
40,1.8527859276986279e-09
41,1.8458203958461023e-09
42,1.840914518271355e-09
43,1.8369637623746906e-09
44,1.83171769158331e-09
45,1.8278690950761296e-09
46,1.8236387928746753e-09
47,1.8205194433894983e-09
48,1.816959166352175e-09
49,1.8149473950651943e-09
50,1.813787202239685e-09
51,1.8114456251569925e-09
52,1.8104999670096407e-09
53,1.807658895870995e-09
54,1.8072332497297071e-09
55,1.8050704955435099e-09
56,1.8027627682244695e-09
57,1.8024666557443916e-09
58,1.8016164801834815e-09
59,1.8001948970209378e-09
60,1.797901988616194e-09
61,1.7979870655554977e-09
62,1.7973851169902538e-09
63,1.7962978799088447e-09
64,1.7965313189093192e-09
65,1.796966883955598e-09
66,1.7961277166902275e-09
67,1.7958520105594758e-09
68,1.7949808110493742e-09
69,1.7947816217100214e-09
70,1.7943094636616412e-09
71,1.793824110393385e-09
72,1.7950735187196971e-09
73,1.794411776909296e-09
74,1.7948198863873165e-09
75,1.7941106462850427e-09
76,1.7938721040035841e-09
77,1.7941850427551598e-09
78,1.794111043323419e-09
79,1.7946046515416844e-09
80,1.7942440773562575e-09
81,1.7945404249528768e-09
82,1.7931540968819566e-09
83,1.7943450169622214e-09
84,1.7948146780807856e-09
85,1.793515065446754e-09
86,1.7930268034820658e-09
87,1.7929831863111185e-09
88,1.7942387561069144e-09
89,1.793062506228375e-09
90,1.7929709547706547e-09
91,1.7926510648983932e-09
92,1.7910366432434802e-09
93,1.79135490909131e-09
94,1.791792161390469e-09
95,1.7926352262635199e-09
96,1.79306531766345e-09
97,1.7938748301165677e-09
98,1.7924561862888145e-09
99,1.7936730601174165e-09
100,1.7935190173977134e-09
101,1.7935473656147602e-09
102,1.7929703262871974e-09
103,1.7919902798560054e-09
104,1.7934434136152552e-09
105,1.7924024840700545e-09
106,1.7929496262840248e-09
107,1.7924414492668815e-09
108,1.7928351570935364e-09
109,1.7934305140683922e-09
110,1.79382855527786e-09
111,1.7932624599671953e-09
112,1.7947043883726765e-09
113,1.7943111357423085e-09
114,1.7945082758420408e-09
115,1.7935820119683776e-09
116,1.7941739372939928e-09
117,1.7932385019052387e-09
118,1.7926232079433771e-09
119,1.7921637846873701e-09
120,1.7913867972471487e-09
121,1.791809005404582e-09
122,1.7913644649568754e-09
123,1.791192976290366e-09
124,1.7920927829359408e-09
125,1.7922638580649323e-09
126,1.7931753445620183e-09
127,1.7927601624300654e-09
128,1.792427057357402e-09
129,1.7933479701021651e-09
130,1.7930235770084913e-09
131,1.793069879405431e-09
132,1.7924041357022218e-09
133,1.7924456889611927e-09
134,1.7923719331919833e-09
135,1.7928396609451402e-09
136,1.7929241510836535e-09
137,1.7934311973060171e-09
138,1.7948340518488336e-09
139,1.7940565367164195e-09
140,1.7931012802082488e-09
141,1.7925399314765424e-09
142,1.793546926515079e-09
143,1.7937304835074514e-09
144,1.793413328806188e-09
145,1.7932912654901714e-09
146,1.7929276126125284e-09
147,1.7931755765615744e-09
148,1.7928633562811658e-09
149,1.7940472845299565e-09
150,1.7937003882202107e-09
151,1.7936943235930636e-09
152,1.7934904408635746e-09
153,1.7943415800063615e-09
154,1.792338501976594e-09
155,1.7926110495876166e-09
156,1.79249507523156e-09
157,1.792446787834189e-09
158,1.7934866631096097e-09
159,1.7937110351485316e-09
160,1.793541120437011e-09
161,1.7939388834769783e-09
162,1.7925263385940244e-09
163,1.7932427282099103e-09
164,1.7943763897712813e-09
165,1.7941290248835669e-09
166,1.7951280377787774e-09
167,1.793863575184956e-09
168,1.7937686032406518e-09
169,1.7943544165690409e-09
170,1.7930145988695527e-09
171,1.7926961997679668e-09
172,1.7925682362886453e-09
173,1.7935679613379961e-09
174,1.7933926191929598e-09
175,1.795232990332932e-09
176,1.7939742057326026e-09
177,1.7935669801452037e-09
178,1.794707461532488e-09
179,1.7941918410376833e-09
180,1.7946275897997218e-09
181,1.7939498982500512e-09
182,1.7931462927331168e-09
183,1.7935283280414672e-09
184,1.7944933000116197e-09
185,1.793638062653959e-09
186,1.7937392851715201e-09
187,1.7934937819103305e-09
188,1.7945293812835909e-09
189,1.7937879151108939e-09
190,1.7937418752563135e-09
191,1.7941330407972046e-09
192,1.7937632368412218e-09
193,1.7934538563385597e-09
194,1.7945409952950136e-09
195,1.7938891764297346e-09
196,1.7945551943806194e-09
197,1.7940097494441774e-09
198,1.7940819580308336e-09
199,1.7924671560722407e-09
200,1.7927153196791323e-09
201,1.7931361484718484e-09
202,1.7928957716405215e-09
203,1.7937518047550729e-09
204,1.7949804692082787e-09
205,1.7935382595146568e-09
206,1.7931199093867944e-09
207,1.7939368542676787e-09
208,1.7935351603465839e-09
209,1.7928993804854403e-09
210,1.7931150794121555e-09
211,1.7925103475706633e-09
212,1.7928390968421217e-09
213,1.7932651264966512e-09
214,1.7929021355513882e-09
215,1.7928555910928935e-09
216,1.7930317397498472e-09
217,1.7926515870084559e-09
218,1.791793788185302e-09
219,1.79130545742672e-09
220,1.7914896591355521e-09
221,1.7919740104903914e-09
222,1.7912817140184778e-09
223,1.7920131433370485e-09
224,1.7929164938708634e-09
225,1.7931978624985259e-09
226,1.7928920635092952e-09
227,1.7929940015217723e-09
228,1.7932679480626815e-09
229,1.794139944895596e-09
230,1.7933375293923106e-09
231,1.7927534481005833e-09
232,1.7924351847895384e-09
233,1.7927280356378225e-09
234,1.7931734741195413e-09
235,1.7933897816719818e-09
236,1.7944306116315548e-09
237,1.7953776325171257e-09
238,1.7941853276603087e-09
239,1.7932899018669298e-09
240,1.793542245790188e-09
241,1.794145476483972e-09
242,1.7937509446909485e-09
243,1.7939367475873345e-09
244,1.7938642737288754e-09
245,1.793859540963065e-09
246,1.794362113101478e-09
247,1.7940113198961425e-09
248,1.7921295725746245e-09
249,1.7925591017623726e-09
250,1.7941705452018253e-09
251,1.7944430395256545e-09
252,1.7934895868932165e-09
253,1.793267952193415e-09
254,1.7933830312462253e-09
255,1.7941016787104574e-09
256,1.7936401333088639e-09
257,1.7944547310164568e-09
258,1.7941321383868505e-09
259,1.7935200316579224e-09
260,1.7932256281222227e-09
261,1.7929838611189977e-09
262,1.7936803973386085e-09
263,1.7939361701579566e-09
264,1.7944191695356989e-09
265,1.7942170903495964e-09
266,1.794484317397062e-09
267,1.7941615747941878e-09
268,1.79393029530493e-09
269,1.793777098728156e-09
270,1.7940329942249296e-09
271,1.793422966146907e-09
272,1.7930193441754748e-09
273,1.7929992758004803e-09
274,1.79319460698364e-09
275,1.7941170719441397e-09
276,1.7940222922215437e-09
277,1.795011676152506e-09
278,1.7942988953128203e-09
279,1.793857009609052e-09
280,1.7940404785781357e-09
281,1.7931091490702843e-09
282,1.7930923528530204e-09
283,1.7930727101347535e-09
284,1.7934381431263994e-09
285,1.7939398397261462e-09
286,1.7933671559521449e-09
287,1.792843840944131e-09
288,1.7930981747167837e-09
289,1.7925177050709088e-09
290,1.7935963259256653e-09
291,1.7934825880526457e-09
292,1.7934988575856264e-09
293,1.7936370973132739e-09
294,1.7941729884649754e-09
295,1.7931996291834902e-09
296,1.7940595104963328e-09
297,1.7937427046596871e-09
298,1.794728347995514e-09
299,1.795072622249342e-09
300,1.793916873833375e-09
301,1.7930749177880995e-09
302,1.7930107370108705e-09
303,1.7931043678222073e-09
304,1.7934110911847003e-09
305,1.7932812604043322e-09
306,1.7934697393304483e-09
307,1.7918560822129838e-09
308,1.7933073191185869e-09
309,1.7926461374350686e-09
310,1.7933571164566876e-09
311,1.7931815280672656e-09
312,1.7937168482817985e-09
313,1.7950301278196335e-09
314,1.7950403264050837e-09
315,1.794861831833861e-09
316,1.7937492134930335e-09
317,1.7938097537503758e-09
318,1.7934644759672834e-09
319,1.7935288741371224e-09
320,1.7945094920228864e-09
321,1.7934051143589739e-09
322,1.7943057763547073e-09
323,1.7936278783487008e-09
324,1.7947516745198934e-09
325,1.7962317525793039e-09
326,1.7952855538772385e-09
327,1.79473718334842e-09
328,1.7959625259518664e-09
329,1.795127115470092e-09
330,1.794150106152279e-09
331,1.7944199055907546e-09
332,1.7943648912670728e-09
333,1.7940893452099995e-09
334,1.7936617951147062e-09
335,1.7933404310813678e-09
336,1.7948848158087787e-09
337,1.7937137716122092e-09
338,1.794511887877417e-09
339,1.7937716430157011e-09
340,1.7938466382471467e-09
341,1.793152522175001e-09
342,1.7944142181866125e-09
343,1.794899081714324e-09
344,1.7959607872730265e-09
345,1.794824637833666e-09
346,1.7945205913535492e-09
347,1.7936285640678219e-09
348,1.7943276021219176e-09
349,1.7935653557857706e-09
350,1.7943207689854894e-09
351,1.7936484003002465e-09
352,1.794352762904148e-09
353,1.7944970139895918e-09
354,1.7947201549950654e-09
355,1.79434536122705e-09
356,1.7930638338981715e-09
357,1.7927670089437366e-09
358,1.7925581259670224e-09
359,1.7921189096245836e-09
360,1.7920803498036137e-09
361,1.7920009577615477e-09
362,1.7913930251197171e-09
363,1.7909682889389116e-09
364,1.791365388364324e-09
365,1.7910295018033642e-09
366,1.7924164821544367e-09
367,1.7912977279588905e-09
368,1.7924493607956795e-09
369,1.7927836500814622e-09
370,1.792868283207553e-09
371,1.7937247311676803e-09
372,1.7933080118894045e-09
373,1.7930383715518374e-09
374,1.7931917352102288e-09
375,1.7936125405062202e-09
376,1.7934776538021822e-09
377,1.793828537997625e-09
378,1.7944313558964608e-09
379,1.7941703516793705e-09
380,1.7944547569169695e-09
381,1.7940621792385791e-09
382,1.7952720289166447e-09
383,1.7952041500964038e-09
384,1.7951741302676962e-09
385,1.795095634177629e-09
386,1.7939947563978735e-09
387,1.795680147699737e-09
388,1.7949390153722603e-09
389,1.7957964791946797e-09
390,1.7945364517478688e-09
391,1.7952309849410393e-09
392,1.7943644255294634e-09
393,1.7948653628937117e-09
394,1.794849278788812e-09
395,1.7945196053081158e-09
396,1.7951933828256312e-09
397,1.794706645667733e-09
398,1.7940283669655093e-09
399,1.7933634892820185e-09
400,1.7934235804686251e-09
401,1.7931918494109676e-09
402,1.7937280897549367e-09
403,1.7935478208131517e-09
404,1.7934087100801771e-09
405,1.7941397154552854e-09
406,1.7931623323306952e-09
407,1.7936983107761661e-09
408,1.793228576037498e-09
409,1.7925509926025514e-09
410,1.7934570884826457e-09
411,1.7933657572196955e-09
412,1.793179335635508e-09
413,1.7925745534520277e-09
414,1.7927515368459383e-09
415,1.7927493929818004e-09
416,1.7924595523846615e-09
417,1.7930291660979758e-09
418,1.7931159108253826e-09
419,1.793147824230961e-09
420,1.7929360378693121e-09
421,1.7931294142298392e-09
422,1.792388581297192e-09
423,1.7927801771751907e-09
424,1.7933343693010105e-09
425,1.7930169776483183e-09
426,1.792046426428643e-09
427,1.7913047433513459e-09
428,1.7930707124415203e-09
429,1.7939155865951527e-09
430,1.7930443965342938e-09
431,1.793822969815619e-09
432,1.7937776426740377e-09
433,1.7939942450698137e-09
434,1.7942565022264363e-09
435,1.7936373927046432e-09
436,1.793395545800295e-09
437,1.79304087638149e-09
438,1.7927602916788693e-09
439,1.7929715682713735e-09
440,1.7923685154048664e-09
441,1.7927524390675335e-09
442,1.7929477751303699e-09
443,1.792743125414475e-09
444,1.7917042321908645e-09
445,1.793184778205187e-09
446,1.7929441611837996e-09
447,1.7927888739583602e-09
448,1.7918426102878941e-09
449,1.79146905834862e-09
450,1.7929341243862396e-09
451,1.7940988359021258e-09
452,1.7940885944768711e-09
453,1.7958407376990727e-09
454,1.7944363139210358e-09
455,1.793346457701006e-09
456,1.7933654223420124e-09
457,1.794132739662649e-09
458,1.7925140867581182e-09
459,1.7928891275687361e-09
460,1.7932540646937569e-09
461,1.7920913171632815e-09
462,1.7924280450728443e-09
463,1.7924872121799384e-09
464,1.7935485061836201e-09
465,1.792888635685032e-09
466,1.7942698922371716e-09
467,1.7924984860209215e-09
468,1.793051935407644e-09
469,1.793018305733938e-09
470,1.7932259466336466e-09
471,1.7926478393984287e-09
472,1.7929839195977264e-09
473,1.792660683001757e-09
474,1.791453455367804e-09
475,1.792099258245621e-09
476,1.791973353786885e-09
477,1.7927161309358512e-09
478,1.79293603566493e-09
479,1.7921592935455963e-09
480,1.7929135356125635e-09
481,1.793664061370084e-09
482,1.7928496074288654e-09
483,1.7934867524621781e-09
484,1.7937155822178828e-09
485,1.7934302584106113e-09
486,1.793837785883573e-09
487,1.7951477878560579e-09
488,1.7949632472503493e-09
489,1.793533198737753e-09
490,1.794052056834213e-09
491,1.7931836184109616e-09
492,1.7931243821050177e-09
493,1.793488602937361e-09
494,1.7922043102919328e-09
495,1.7918857110194218e-09
496,1.7925525353890187e-09
497,1.7912892137172203e-09
498,1.7917844720040523e-09
499,1.791447414132955e-09
500,1.7909149251481353e-09
501,1.79145264297038e-09
502,1.791605669086697e-09
503,1.7919265053324795e-09
504,1.7924970814377784e-09
505,1.792139930912339e-09
506,1.792713828686191e-09
507,1.7923983006959468e-09
508,1.7926749353409011e-09
509,1.79219541214082e-09
510,1.7925041913512051e-09
511,1.7914740554260727e-09
512,1.7916578937408008e-09
513,1.791142407840494e-09
514,1.7915699528815104e-09
515,1.7918211701742005e-09
516,1.7919666670279976e-09
517,1.793100277145898e-09
518,1.7936236805979863e-09
519,1.7936109618632532e-09
520,1.792976195324637e-09
521,1.793198526845396e-09
522,1.7937808141691976e-09
523,1.7925216499704486e-09
524,1.7931477290152077e-09
525,1.7930224562772909e-09
526,1.7919633221063654e-09
527,1.7914970594816963e-09
528,1.792407544714226e-09
529,1.7928605674647152e-09
530,1.7918833414413052e-09
531,1.7925134594770454e-09
532,1.7923964318416686e-09
533,1.7918133309080003e-09
534,1.7924199830685808e-09
535,1.792994725033203e-09
536,1.7936187886315162e-09
537,1.7929571407907303e-09
538,1.792770941646355e-09
539,1.7938913515234114e-09
540,1.793359293844327e-09
541,1.793895502601383e-09
542,1.7934733949732452e-09
543,1.79315470067867e-09
544,1.7926775662123644e-09
545,1.7932085680744895e-09
546,1.7940426300409019e-09
547,1.7940961317799878e-09
548,1.793334586862392e-09
549,1.7941348191629907e-09
550,1.793843841917052e-09
551,1.793995100865775e-09
552,1.7930443788798174e-09
553,1.7932649587116127e-09
554,1.7929344974995731e-09
555,1.7936929054412488e-09
556,1.7942447033864893e-09
557,1.794752619158935e-09
558,1.7937329547693332e-09
559,1.7942835593267973e-09
560,1.7934054781192138e-09
561,1.7935240087285315e-09
562,1.794272639072808e-09
563,1.793771892574784e-09
564,1.7928248023254465e-09
565,1.7935227412070565e-09
566,1.7939314321695525e-09
567,1.7937535139240436e-09
568,1.7933288189994576e-09
569,1.7934825167727473e-09
570,1.7932574177454268e-09
571,1.7926343223771978e-09
572,1.7931509838975816e-09
573,1.79364799268793e-09
574,1.7932185319973885e-09
575,1.7927429089965744e-09
576,1.7928812847512922e-09
577,1.7938951387076476e-09
578,1.794614753704599e-09
579,1.7941314373494518e-09
580,1.7954009395904057e-09
581,1.7945774616690049e-09
582,1.7954424874242693e-09
583,1.794197052479128e-09
584,1.794007656364886e-09
585,1.7943906168260699e-09
586,1.7937473382422462e-09
587,1.794113084365486e-09
588,1.7943554644849435e-09
589,1.7941513292782568e-09
590,1.7938942494040606e-09
591,1.7933061660363434e-09
592,1.7950621148914086e-09
593,1.7945412827426346e-09
594,1.7946382375580296e-09
595,1.7940171819754318e-09
596,1.7938393504342581e-09
597,1.7939859145004216e-09
598,1.7937555362211325e-09
599,1.7930633063505613e-09
600,1.794163852553877e-09
601,1.7953205788126598e-09
602,1.7960930335356526e-09
603,1.7958541967860779e-09
604,1.794989727559806e-09
605,1.7945946341430998e-09
606,1.7952095261032572e-09
607,1.7952150780884865e-09
608,1.7946727212005545e-09
609,1.7946803760225464e-09
610,1.7948300541546502e-09
611,1.7957479902003335e-09
612,1.7960320337909437e-09
613,1.7958939687403896e-09
614,1.7949924434395975e-09
615,1.795503899708657e-09
616,1.7948648235277945e-09
617,1.7938817090151683e-09
618,1.793825985151262e-09
619,1.7931831641311458e-09
620,1.7909791115868055e-09
621,1.7917362568253041e-09
622,1.7917478103556677e-09
623,1.7912745003803963e-09
624,1.7916145001648463e-09
625,1.7926761069239557e-09
626,1.7913683937958018e-09
627,1.7922991896580183e-09
628,1.79096657197567e-09
629,1.7920384989722623e-09
630,1.7926113940775766e-09
631,1.7921845188688065e-09
632,1.7919696564093673e-09
633,1.7921700742390261e-09
634,1.7927347434285399e-09
635,1.7930609286812235e-09
636,1.7927852454425298e-09
637,1.7933307268227902e-09
638,1.7926006682311124e-09
639,1.7926441999903714e-09
640,1.7929358690522243e-09
641,1.7943068531792844e-09
642,1.7931807732397843e-09
643,1.793095283919481e-09
644,1.7934863521420637e-09
645,1.7929784148089194e-09
646,1.7940990950931534e-09
647,1.7940668185500224e-09
648,1.7940765224593189e-09
649,1.7942391207427137e-09
650,1.7936365319218064e-09
651,1.792748746451609e-09
652,1.7936173342891395e-09
653,1.7942967281504903e-09
654,1.7939319796111814e-09
655,1.7952194882232708e-09
656,1.794123298414106e-09
657,1.7934322723702954e-09
658,1.7935365091265502e-09
659,1.7928008159606215e-09
660,1.7928674463106924e-09
661,1.7931655257191613e-09
662,1.7936528345527038e-09
663,1.7944623747306532e-09
664,1.7944788867908997e-09
665,1.7947670144157626e-09
666,1.7939886023503618e-09
667,1.794358823068128e-09
668,1.7924012366270646e-09
669,1.7926032391249767e-09
670,1.7931090226753728e-09
671,1.7916810945800774e-09
672,1.7928266287066754e-09
673,1.793487439219078e-09
674,1.7935672989654967e-09
675,1.79384110669632e-09
676,1.7933923632893444e-09
677,1.7949627465694324e-09
678,1.7947953998619413e-09
679,1.7928469296226928e-09
680,1.7924256451095807e-09
681,1.792750248485947e-09
682,1.7925479030282627e-09
683,1.792002272377344e-09
684,1.7932859047951185e-09
685,1.7929824165034953e-09
686,1.7935484818634728e-09
687,1.7954133013545748e-09
688,1.7943747629375011e-09
689,1.793892941793357e-09
690,1.7945957529613317e-09
691,1.7933042646560797e-09
692,1.7945996843399146e-09
693,1.7931801097968652e-09
694,1.7944601989935283e-09
695,1.7939858803624395e-09
696,1.7950314906023988e-09
697,1.793681541852353e-09
698,1.7948262843328652e-09
699,1.7958855594460065e-09
700,1.7951486296548705e-09
701,1.7956597111291906e-09
702,1.7949027298663229e-09
703,1.7951443715589076e-09
704,1.7954511816776643e-09
705,1.7950958192626174e-09
706,1.7952649300736748e-09
707,1.7955864781578028e-09
708,1.7953328879969268e-09
709,1.7947698009500462e-09
710,1.795271356188503e-09
711,1.7954321869290224e-09
712,1.7962741940823484e-09
713,1.7955201076192717e-09
714,1.7953467688629295e-09
715,1.7953980013056333e-09
716,1.7957563411548155e-09
717,1.7951431189549916e-09
718,1.7950207087382474e-09
719,1.7940342785225647e-09
720,1.7941374893948135e-09
721,1.7936990282445837e-09
722,1.7936687921255066e-09
723,1.7970438981685541e-09
724,1.7936725640631001e-09
725,1.7922616573403088e-09
726,1.7923125992625672e-09
727,1.7926097152218883e-09
728,1.7934721300775732e-09
729,1.7930721306309918e-09
730,1.793876726540591e-09
731,1.7946410684383185e-09
732,1.7934766719209108e-09
733,1.79423156086683e-09
734,1.7932226840873063e-09
735,1.7927916047465663e-09
736,1.7934437264718032e-09
737,1.7924759954217426e-09
738,1.793129566976989e-09
739,1.7933257915711091e-09
740,1.7938728342689413e-09
741,1.7927389063418968e-09
742,1.7928084845871077e-09
743,1.7941038887785092e-09
744,1.7936616686704891e-09
745,1.7947151601437565e-09
746,1.7931124408140397e-09
747,1.7924603307754488e-09
748,1.7925815470473948e-09
749,1.792140995746828e-09
750,1.7922256289582451e-09
751,1.7935389674809029e-09
752,1.792202513595927e-09
753,1.7920681989978945e-09
754,1.793005623761774e-09
755,1.7937361470453595e-09
756,1.7928633942339886e-09
757,1.7932351332287266e-09
758,1.792795711400517e-09
759,1.7939347062321846e-09
760,1.7926857746862095e-09
761,1.7929226555541256e-09
762,1.7925917721041321e-09
763,1.7927650264901186e-09
764,1.7921464479344878e-09
765,1.791477970831814e-09
766,1.7937481070674545e-09
767,1.7935703083914623e-09
768,1.7918911531063091e-09
769,1.7934424488007564e-09
770,1.7939779179251724e-09
771,1.7933042460037237e-09
772,1.7930346227998807e-09
773,1.7930085989451914e-09
774,1.7932589152237973e-09
775,1.7926665639406584e-09
776,1.793583941309661e-09
777,1.7928711447509281e-09
778,1.7947079017719078e-09
779,1.7942718190177312e-09
780,1.7938580581466072e-09
781,1.7936143228208155e-09
782,1.793566579915017e-09
783,1.7936898128184517e-09
784,1.7937523687627563e-09
785,1.793507891526129e-09
786,1.7935741405104954e-09
787,1.793384635310525e-09
788,1.7927221512963596e-09
789,1.7932764275628873e-09
790,1.7931227581351118e-09
791,1.7931893963761944e-09
792,1.7938588240664573e-09
793,1.7940984192434549e-09
794,1.7942563163202386e-09
795,1.7938356022345421e-09
796,1.7921912302087296e-09
797,1.7930141041649163e-09
798,1.792032014555188e-09
799,1.792659811010166e-09
800,1.791277987988864e-09
801,1.7922485692309596e-09
802,1.7910958223427678e-09
803,1.7901403831539133e-09
804,1.7905244789281905e-09
805,1.7912461955084786e-09
806,1.791836585961409e-09
807,1.7914654272921653e-09
808,1.7914530302288971e-09
809,1.790805580959027e-09
810,1.7916750315231236e-09
811,1.7919009637743967e-09
812,1.7913360112187983e-09
813,1.7917528296809963e-09
814,1.7911485162429498e-09
815,1.7917549010293132e-09
816,1.7920429407973798e-09
817,1.7923687621296095e-09
818,1.7921015068256513e-09
819,1.7930268655636816e-09
820,1.7920147306707023e-09
821,1.7922366446593404e-09
822,1.7917601890017293e-09
823,1.7928168559891992e-09
824,1.7923304368001397e-09
825,1.7935449730358647e-09
826,1.7936885615234514e-09
827,1.792643577939647e-09
828,1.793202707400558e-09
829,1.7941124205849668e-09
830,1.7945147666856449e-09
831,1.7941994706055899e-09
832,1.793297573696778e-09
833,1.7931419312063674e-09
834,1.7934779865236126e-09
835,1.7942825762139907e-09
836,1.7934732485365998e-09
837,1.7935473098939328e-09
838,1.7931847124479838e-09
839,1.7931362124526653e-09
840,1.7938707011644746e-09
841,1.7930905049130819e-09
842,1.7936461251299037e-09
843,1.7944118075704074e-09
844,1.7943277119995256e-09
845,1.7936585754174472e-09
846,1.7939892532597818e-09
847,1.7925586575880794e-09
848,1.7944751017894422e-09
849,1.7943426675604975e-09
850,1.793942056022463e-09
851,1.7941280217062078e-09
852,1.7935053460753826e-09
853,1.7933257204404094e-09
854,1.7928065988012628e-09
855,1.7924397228379424e-09
856,1.7934968540307867e-09
857,1.7936178105868433e-09
858,1.7925144898860108e-09
859,1.7932209968120944e-09
860,1.792978733210923e-09
861,1.792618958291876e-09
862,1.7932503737498775e-09
863,1.792866260417505e-09
864,1.7922349296828976e-09
865,1.7919693342896084e-09
866,1.7923168210031949e-09
867,1.794579404446702e-09
868,1.793895701213149e-09
869,1.7945433176458508e-09
870,1.7948449458484768e-09
871,1.7940461987806798e-09
872,1.7938099926596e-09
873,1.7944602242209182e-09
874,1.7945708477906393e-09
875,1.7937696592200055e-09
876,1.7937275468893253e-09
877,1.7940371644788806e-09
878,1.7944716947281352e-09
879,1.793994186733285e-09
880,1.7939646260953674e-09
881,1.793236536739552e-09
882,1.7932840829554725e-09
883,1.7935246799622963e-09
884,1.7927642825509698e-09
885,1.7915149938935752e-09
886,1.7924640233901188e-09
887,1.7917039773740207e-09
888,1.7918086052154732e-09
889,1.7927412176722499e-09
890,1.7922319149244315e-09
891,1.7924376631891247e-09
892,1.7922186905597961e-09
893,1.7941471481741551e-09
894,1.7930508110621322e-09
895,1.7941960919301315e-09
896,1.7943711136267207e-09
897,1.7939757861604252e-09
898,1.7938937205190072e-09
899,1.7943692126617877e-09
900,1.7929091524477684e-09
901,1.791854245346109e-09
902,1.7925926328082009e-09
903,1.7920780146661462e-09
904,1.7933735065576615e-09
905,1.792169191865315e-09
906,1.7914029233778733e-09
907,1.7924241883729756e-09
908,1.7927096306198254e-09
909,1.791391922436122e-09
910,1.792643720203033e-09
911,1.792136208886332e-09
912,1.7924151849156866e-09
913,1.7936512182262751e-09
914,1.7930827002437887e-09
915,1.7940727949419666e-09
916,1.793415079798354e-09
917,1.7932851527630126e-09
918,1.794180821007039e-09
919,1.79354278728763e-09
920,1.793091778483465e-09
921,1.7928951563570102e-09
922,1.7930259203593181e-09
923,1.793284014647648e-09
924,1.7939331261438801e-09
925,1.7937964615020563e-09
926,1.793486864894113e-09
927,1.792503755789391e-09
928,1.7931879481870298e-09
929,1.7932806731216619e-09
930,1.7927917740615366e-09
931,1.793758142406187e-09
932,1.793194551370729e-09
933,1.7927399566944198e-09
934,1.7934958412595232e-09
935,1.7941393550023288e-09
936,1.793455423145722e-09
937,1.7935638080337724e-09
938,1.7942979526207196e-09
939,1.7947472598632985e-09
940,1.7939808728342841e-09
941,1.7934230779818316e-09
942,1.793223652723732e-09
943,1.7937208855585345e-09
944,1.7938088766303443e-09
945,1.7941650125826658e-09
946,1.7932841976776804e-09
947,1.7931422684956193e-09
948,1.7930227158586156e-09
949,1.7924611223059139e-09
950,1.7921836973469944e-09
951,1.7939151466677937e-09
952,1.793740195264259e-09
953,1.7932625290188595e-09
954,1.7932056036103316e-09
955,1.7935514893815227e-09
956,1.7939395001290414e-09
957,1.7938922513713405e-09
958,1.7939957179394457e-09
959,1.7957008179303336e-09
960,1.7943424076865723e-09
961,1.7923648801912829e-09
962,1.7918105200139616e-09
963,1.7925947438460233e-09
964,1.7920863070464485e-09
965,1.7935734489995709e-09
966,1.7938152071130818e-09
967,1.7949655350755424e-09
968,1.7940833130128624e-09
969,1.7944747886909453e-09
970,1.7959106959225818e-09
971,1.795883496223318e-09
972,1.7928488722111015e-09
973,1.7920942364900382e-09
974,1.7937105266831353e-09
975,1.7938592598660456e-09
976,1.7953575370128803e-09
977,1.7951564432300819e-09
978,1.795552129445192e-09
979,1.7965837674849558e-09
980,1.7956155431321546e-09
981,1.7959669561732243e-09
982,1.7954341689435562e-09
983,1.7954212939330547e-09
984,1.7943211221945562e-09
985,1.7944643752306142e-09
986,1.7938758112178036e-09
987,1.7932011870103994e-09
988,1.7939478352508166e-09
989,1.794862305874783e-09
990,1.7950273711206976e-09
991,1.7942977747881289e-09
992,1.7936247098145558e-09
993,1.79455495702921e-09
994,1.7936874879477473e-09
995,1.7945056845680491e-09
996,1.7937154720737736e-09
997,1.7943705947830007e-09
998,1.7927256584233904e-09
999,1.7933438304781832e-09
1000,1.7933554124234884e-09
1001,1.7931351911620884e-09
1002,1.7922800423963248e-09
1003,1.7921173657591838e-09
1004,1.7931109399920488e-09
1005,1.7918786533685847e-09
1006,1.7927900636876378e-09
1007,1.7927494847521288e-09
1008,1.7922825191122654e-09
1009,1.7925733465934264e-09
1010,1.7932159428136965e-09
1011,1.7922360496680253e-09
1012,1.7944704618342665e-09
1013,1.794043755935987e-09
1014,1.7937804122383941e-09
1015,1.7938325567197586e-09
1016,1.7938757032988865e-09
1017,1.794142615576305e-09
1018,1.794601098922129e-09
1019,1.7938377426502378e-09
1020,1.792946500047851e-09
1021,1.7931788231546314e-09
1022,1.7921039403982565e-09
1023,1.7925549836101758e-09
1024,1.7921187706550506e-09
1025,1.7931026909231616e-09
1026,1.7944433548283193e-09
1027,1.7936134710187713e-09
1028,1.792947296507084e-09
1029,1.7924726510039662e-09
1030,1.7921306194322997e-09
1031,1.7941952776058113e-09
1032,1.7927896581966506e-09
1033,1.7928149868452235e-09
1034,1.7931268358211644e-09
1035,1.7934291479241229e-09
1036,1.793698525658025e-09
1037,1.7946847184169874e-09
1038,1.7942552707280583e-09
1039,1.793339808746562e-09
1040,1.7939237894519813e-09
1041,1.7939423019087515e-09
1042,1.7930976426052566e-09
1043,1.7929425423552733e-09
1044,1.7941134851549845e-09
1045,1.7951612610147207e-09
1046,1.793639490833247e-09
1047,1.7937287935949372e-09
1048,1.7941555392115036e-09
1049,1.7941723017079662e-09
1050,1.7936870921236337e-09
1051,1.7931080025340112e-09
1052,1.7920456734510149e-09
1053,1.7923243423871173e-09
1054,1.793282893068004e-09
1055,1.7927034074871443e-09
1056,1.7943879025984899e-09
1057,1.7937831072156887e-09
1058,1.7937023784334053e-09
1059,1.7929432889639042e-09
1060,1.7931255709757291e-09
1061,1.7925865858895007e-09
1062,1.7933464724921744e-09
1063,1.7931389187243866e-09
1064,1.7916347217720346e-09
1065,1.7917765614243043e-09
1066,1.7915616308164686e-09
1067,1.7918894920326651e-09
1068,1.7921913919286673e-09
1069,1.791251104556398e-09
1070,1.791593947854249e-09
1071,1.7928109323821416e-09
1072,1.7924078254623943e-09
1073,1.7924129245583183e-09
1074,1.792225979844005e-09
1075,1.7927283391029587e-09
1076,1.7946437640429089e-09
1077,1.794355097014137e-09
1078,1.7940699284501966e-09
1079,1.7942823335707368e-09
1080,1.7944718195392804e-09
1081,1.7935358585746307e-09
1082,1.7933750778188176e-09
1083,1.7940676037784217e-09
1084,1.7930231759800774e-09
1085,1.7939967808866038e-09
1086,1.7940740300881032e-09
1087,1.7932958595094814e-09
1088,1.7947612218826496e-09
1089,1.793891669739949e-09
1090,1.7943060659738643e-09
1091,1.7936619423384075e-09
1092,1.7933676564063991e-09
1093,1.7943961993560977e-09
1094,1.7945894698746456e-09
1095,1.7948036973655271e-09
1096,1.7943081566281226e-09
1097,1.7940383053079036e-09
1098,1.7955716846071963e-09
1099,1.7951934270444035e-09
1100,1.7953636164259733e-09
1101,1.7947114794061524e-09
1102,1.7941600463536726e-09
1103,1.7947196074968585e-09
1104,1.7928060479918376e-09
1105,1.792928142199482e-09
1106,1.793242522039298e-09
1107,1.7939510948428324e-09
1108,1.7947716067548509e-09
1109,1.7932990336360879e-09
1110,1.7940563655260233e-09
1111,1.7925025193760157e-09
1112,1.7923429051424445e-09
1113,1.7914974003397312e-09
1114,1.7922196815586308e-09
1115,1.7925944534383713e-09
1116,1.7935234324554995e-09
1117,1.7933093871366955e-09
1118,1.794879115165329e-09
1119,1.7949317031075344e-09
1120,1.7942494420863677e-09
1121,1.7937943777174904e-09
1122,1.7948857284407387e-09
1123,1.7930351268353874e-09
1124,1.7937401817762258e-09
1125,1.7928946461950335e-09
1126,1.794324636917978e-09
1127,1.794204601395416e-09
1128,1.7936999157333418e-09
1129,1.7937201240188733e-09
1130,1.793788357678679e-09
1131,1.7955337814304232e-09
1132,1.7938337631003569e-09
1133,1.793476201092522e-09
1134,1.7934741228383685e-09
1135,1.7932356955559579e-09
1136,1.7940841699991433e-09
1137,1.7932349528806004e-09
1138,1.7931515891006791e-09
1139,1.7930296173737497e-09
1140,1.7930232905058595e-09
1141,1.7928925630430254e-09
1142,1.7925118444302218e-09
1143,1.791821582422377e-09
1144,1.79276402997385e-09
1145,1.793154933232051e-09
1146,1.7935458229876712e-09
1147,1.793964837719481e-09
1148,1.7933217961052942e-09
1149,1.7924968652788518e-09
1150,1.7929080659026322e-09
1151,1.791879701998477e-09
1152,1.792744350802241e-09
1153,1.7923210082603705e-09
1154,1.793452837193849e-09
1155,1.7933958510711213e-09
1156,1.7936972263736669e-09
1157,1.794256398565597e-09
1158,1.7938258446142538e-09
1159,1.7942961676412122e-09
1160,1.7942820966596443e-09
1161,1.794169024326595e-09
1162,1.7940342230487924e-09
1163,1.7946115815791871e-09
1164,1.7936451820745772e-09
1165,1.795874632781767e-09
1166,1.7933800854093032e-09
1167,1.7930635784589644e-09
1168,1.793392585223723e-09
1169,1.79292719839515e-09
1170,1.7926707881276169e-09
1171,1.7941263161993338e-09
1172,1.7935174960969415e-09
1173,1.7971797148967431e-09
1174,1.794631926744671e-09
1175,1.7948619052677818e-09
1176,1.794789008082817e-09
1177,1.7942412310230374e-09
1178,1.7949161996040788e-09
1179,1.7953033537014182e-09
1180,1.795110262591159e-09
1181,1.7955498699901908e-09
1182,1.7943265348248593e-09
1183,1.7931084035737622e-09
1184,1.7937878955367363e-09
1185,1.7938267673800343e-09
1186,1.7942710305968922e-09
1187,1.7941699217584452e-09
1188,1.793572994749723e-09
1189,1.7944543813663245e-09
1190,1.794482657227652e-09
1191,1.7942997373594655e-09
1192,1.79461967726933e-09
1193,1.7949109748798029e-09
1194,1.795198276078357e-09
1195,1.794375315948085e-09
1196,1.7942782697545992e-09
1197,1.7942491518120752e-09
1198,1.793913807542753e-09
1199,1.7938768965866976e-09
1200,1.7928903559150034e-09
1201,1.7938568947412643e-09
1202,1.7945102678402453e-09
1203,1.794313652522579e-09
1204,1.7944985663926139e-09
1205,1.7950975089701318e-09
1206,1.7944150738953966e-09
1207,1.7946650399701667e-09
1208,1.7944710377565133e-09
1209,1.7944631676856581e-09
1210,1.7934228005715347e-09
1211,1.7927161012734474e-09
1212,1.793144519879422e-09
1213,1.7924574106752547e-09
1214,1.7929922607914935e-09
1215,1.79305818559323e-09
1216,1.792990759789584e-09
1217,1.7936875728527465e-09
1218,1.793031256942167e-09
1219,1.7935341562279632e-09
1220,1.792222527946709e-09
1221,1.7926246695593796e-09
1222,1.7934671280226786e-09
1223,1.7928888310512198e-09
1224,1.7931880715594869e-09
1225,1.79298702297271e-09
1226,1.7936317617142697e-09
1227,1.7922880952745186e-09
1228,1.7936839610035093e-09
1229,1.7927933514233003e-09
1230,1.7933147898988742e-09
1231,1.793415431587185e-09
1232,1.792771354853348e-09
1233,1.79324929860844e-09
1234,1.792857678904623e-09
1235,1.7938257102608972e-09
1236,1.7926702584830644e-09
1237,1.7924686941727565e-09
1238,1.7937874984370192e-09
1239,1.7924679984612194e-09
1240,1.7938075927290862e-09
1241,1.7943122463483467e-09
1242,1.79536245205088e-09
1243,1.794230078760668e-09
1244,1.7946502451514354e-09
1245,1.7949178900133535e-09
1246,1.795036861820335e-09
1247,1.794292199748261e-09
1248,1.7943726267405546e-09
1249,1.7944594830626277e-09
1250,1.7930130756684636e-09
1251,1.7916066665894206e-09
1252,1.7928737002824087e-09
1253,1.7909660098685102e-09
1254,1.7918533732023736e-09
1255,1.7930721920857503e-09
1256,1.7920828466792261e-09
1257,1.7930659845191143e-09
1258,1.7935390737479483e-09
1259,1.7938968997998755e-09
1260,1.7933310561608724e-09
1261,1.7938399892130117e-09
1262,1.793978564510387e-09
1263,1.7948304124921739e-09
1264,1.7934177289121037e-09
1265,1.7933790545291867e-09
1266,1.7939025303815694e-09
1267,1.7940531019153048e-09
1268,1.7948115874735042e-09
1269,1.794995379600383e-09
1270,1.7946781270209032e-09
1271,1.7946792963275654e-09
1272,1.7937270924209395e-09
1273,1.7941945338996494e-09
1274,1.7954888049118675e-09
1275,1.7937929584358114e-09
1276,1.7928548426232316e-09
1277,1.7937362559537473e-09
1278,1.7933231256775372e-09
1279,1.7938419641500563e-09
1280,1.792773746203118e-09
1281,1.793629927017823e-09
1282,1.7926431427179673e-09
1283,1.7927597513605552e-09
1284,1.7946209130058158e-09
1285,1.7944656450694e-09
1286,1.794293565981983e-09
1287,1.79431614039379e-09
1288,1.7930903695227191e-09
1289,1.7942966523086099e-09
1290,1.7938832080629809e-09
1291,1.7945841725760451e-09
1292,1.7944311178111695e-09
1293,1.7990907575069783e-09
1294,1.7934978893035166e-09
1295,1.7930112493266621e-09
1296,1.7924724930213184e-09
1297,1.793972664950783e-09
1298,1.793481709187999e-09
1299,1.7938990098205238e-09
1300,1.7929490002580444e-09
1301,1.792732419143383e-09
1302,1.792827014945599e-09
1303,1.7940558899893556e-09
1304,1.792986739064617e-09
1305,1.7927448347287992e-09
1306,1.7935029544268096e-09
1307,1.7938493694806446e-09
1308,1.7942283310473741e-09
1309,1.7934735727385367e-09
1310,1.7948438979270202e-09
1311,1.793791493630632e-09
1312,1.7942596770954092e-09
1313,1.7949691757681718e-09
1314,1.7950749912362801e-09
1315,1.793234142221758e-09
1316,1.7933548072470457e-09
1317,1.7935407604208367e-09
1318,1.794166318882136e-09
1319,1.7936956626168725e-09
1320,1.7945612723597305e-09
1321,1.7933319832035485e-09
1322,1.7934344827671652e-09
1323,1.7927169728792727e-09
1324,1.7927395930131576e-09
1325,1.79245090712413e-09
1326,1.792367415648909e-09
1327,1.7935350621493226e-09
1328,1.7932288020552035e-09
1329,1.7938498379791033e-09
1330,1.7933148683999155e-09
1331,1.7936037674824304e-09
1332,1.7927746435550459e-09
1333,1.7934796279728517e-09
1334,1.7928373830018375e-09
1335,1.7929674632655396e-09
1336,1.7935207671730002e-09
1337,1.7935854124499928e-09
1338,1.7939598419415982e-09
1339,1.7954989326131616e-09
1340,1.793390868255105e-09
1341,1.7940975120208528e-09
1342,1.7923691900033499e-09
1343,1.7928376106406387e-09
1344,1.794552277861376e-09
1345,1.792050482905749e-09
1346,1.7937993034764126e-09
1347,1.7907965764471759e-09
1348,1.7908032573887657e-09
1349,1.7907713856187835e-09
1350,1.7920169000374035e-09
1351,1.7919077078285874e-09
1352,1.792909711086646e-09
1353,1.7919246493000642e-09
1354,1.794937277888072e-09
1355,1.7925548791698424e-09
1356,1.7929131519521873e-09
1357,1.7927235889354515e-09
1358,1.7919268354537937e-09
1359,1.7935994379888382e-09
1360,1.792399355998721e-09
1361,1.793058665663863e-09
1362,1.7926864892065328e-09
1363,1.7920346456030268e-09
1364,1.7936709838926819e-09
1365,1.7926399168441353e-09
1366,1.793520405406191e-09
1367,1.792507463656019e-09
1368,1.7918721131125506e-09
1369,1.7922770351159782e-09
1370,1.793395332612285e-09
1371,1.7927046971026674e-09
1372,1.7925884737556797e-09
1373,1.793194910882219e-09
1374,1.7935273823952374e-09
1375,1.7932704987512734e-09
1376,1.7925415869231654e-09
1377,1.7940975545849586e-09
1378,1.7942435075433455e-09
1379,1.7936980277405099e-09
1380,1.7926778457273811e-09
1381,1.7931766392891042e-09
1382,1.7940043553740892e-09
1383,1.7948757892648664e-09
1384,1.7942349327878478e-09
1385,1.7941887527694032e-09
1386,1.7960100069851404e-09
1387,1.794356462049743e-09
1388,1.7934884349081814e-09
1389,1.7931873790363573e-09
1390,1.7926738066004343e-09
1391,1.7941604874680782e-09
1392,1.792740810253356e-09
1393,1.793946070051975e-09
1394,1.7939846534093414e-09
1395,1.7934887546979942e-09
1396,1.7941054038906598e-09
1397,1.795470461314948e-09
1398,1.7946083202261349e-09
1399,1.7965310073206182e-09
1400,1.796048960060081e-09
1401,1.7957784636251568e-09
1402,1.7961064659278417e-09
1403,1.7956200622907223e-09
1404,1.7971298584550774e-09
1405,1.7943647628713864e-09
1406,1.7948243105460984e-09
1407,1.7946726140999976e-09
1408,1.7954500688011086e-09
1409,1.7949646053195356e-09
1410,1.7951307442741444e-09
1411,1.7954762870089696e-09
1412,1.7948272764547949e-09
1413,1.794002335914822e-09
1414,1.7943857554379347e-09
1415,1.7948048208138266e-09
1416,1.7937215870848471e-09
1417,1.7945570040080715e-09
1418,1.7947551980953941e-09
1419,1.795250995635813e-09
1420,1.7939112417037634e-09
1421,1.7955214636619336e-09
1422,1.7944519530125136e-09
1423,1.7950629482485037e-09
1424,1.795188045819798e-09
1425,1.7940410445115763e-09
1426,1.7950761659046735e-09
1427,1.794586676241772e-09
1428,1.795998607430724e-09
1429,1.7956101161336392e-09
1430,1.7949379244270634e-09
1431,1.7960750614599262e-09
1432,1.7949845353771914e-09
1433,1.7922447988757574e-09
1434,1.7938790214010957e-09
1435,1.7930182484539588e-09
1436,1.7934028600442223e-09
1437,1.7922672713845513e-09
1438,1.7932325346430232e-09
1439,1.7924889525047144e-09
1440,1.7922791749474435e-09
1441,1.7931573205051405e-09
1442,1.79336875525263e-09
1443,1.7933600706477465e-09
1444,1.7927516744845312e-09
1445,1.793825968279604e-09
1446,1.7959181693311182e-09
1447,1.792949644134079e-09
1448,1.7933130738075849e-09
1449,1.7937223495963084e-09
1450,1.794647092113348e-09
1451,1.7940297874308034e-09
1452,1.7937317390754417e-09
1453,1.7953016367632413e-09
1454,1.7964091083248033e-09
1455,1.7945017166767537e-09
1456,1.794322938408671e-09
1457,1.7934200512282888e-09
1458,1.7938074262116205e-09
1459,1.7939587630874596e-09
1460,1.793617185980623e-09
1461,1.7936449961964829e-09
1462,1.79535501726499e-09
1463,1.7934930324332263e-09
1464,1.7935779853187896e-09
1465,1.7946560651161194e-09
1466,1.7932467641939356e-09
1467,1.793657876664811e-09
1468,1.7943256778466385e-09
1469,1.793033634124586e-09
1470,1.793209730581251e-09
1471,1.792723650694264e-09
1472,1.7938598305961936e-09
1473,1.7935892213104673e-09
1474,1.7943479757608055e-09
1475,1.7935793460362853e-09
1476,1.7935546551760443e-09
1477,1.7939599667416307e-09
1478,1.7936123124552891e-09
1479,1.7942946246119192e-09
1480,1.7950088230671329e-09
1481,1.7930906901448172e-09
1482,1.7908985571570843e-09
1483,1.7915930857868696e-09
1484,1.7912493119829556e-09
1485,1.790543792412372e-09
1486,1.7926083523865037e-09
1487,1.793654197406047e-09
1488,1.7939384164415454e-09
1489,1.794593903275911e-09
1490,1.7946344649089313e-09
1491,1.7950802957776035e-09
1492,1.793598812203926e-09
1493,1.7960478665349417e-09
1494,1.793988317621622e-09
1495,1.7935410576667613e-09
1496,1.794423457157282e-09
1497,1.7937664295851082e-09
1498,1.7927836855202909e-09
1499,1.7925082016303297e-09
1500,1.7927635793693148e-09
1501,1.7936210951095147e-09
1502,1.7935238765552547e-09
1503,1.7934953043082182e-09
1504,1.7925368482352111e-09
1505,1.7923816648245176e-09
1506,1.7928964497900415e-09
1507,1.7937994870874273e-09
1508,1.7932977870774248e-09
1509,1.7929690156303657e-09
1510,1.7945704273668322e-09
1511,1.7950220359444404e-09
1512,1.7987587870459634e-09
1513,1.79412012278543e-09
1514,1.793840903329353e-09
1515,1.7946816683786483e-09
1516,1.7956555671480137e-09
1517,1.7951066807922673e-09
1518,1.7945566192267215e-09
1519,1.794207031523263e-09
1520,1.7942137707882305e-09
1521,1.7933258567990977e-09
1522,1.7942783371093102e-09
1523,1.7934146865035453e-09
1524,1.7925422502189088e-09
1525,1.7931965400782135e-09
1526,1.7929536725073942e-09
1527,1.7935136595681996e-09
1528,1.7934103147449994e-09
1529,1.794298756088451e-09
1530,1.7929870293353807e-09
1531,1.7933359193320218e-09
1532,1.792679616377778e-09
1533,1.7933754017330824e-09
1534,1.7932741096567793e-09
1535,1.793093660108768e-09
1536,1.7933130082568327e-09
1537,1.7948262352018163e-09
1538,1.794743434110307e-09
1539,1.79428460854351e-09
1540,1.7935546747678585e-09
1541,1.7928603214961837e-09
1542,1.7945410991726221e-09
1543,1.7934192822341622e-09
1544,1.7936903743095726e-09
1545,1.7942288126828304e-09
1546,1.7928815398391704e-09
1547,1.793220657246919e-09
1548,1.7929901716543103e-09
1549,1.7932386861261941e-09
1550,1.7932065602926857e-09
1551,1.7938352711565076e-09
1552,1.7924798918290768e-09
1553,1.7926950830528993e-09
1554,1.792853146000413e-09
1555,1.7927281704308507e-09
1556,1.791721734186317e-09
1557,1.7929416763928292e-09
1558,1.7926857621354545e-09
1559,1.7921667120341145e-09
1560,1.790855923602056e-09
1561,1.792745377620055e-09
1562,1.7906617246846089e-09
1563,1.7924707746952288e-09
1564,1.791294702763659e-09
1565,1.7919651130279655e-09
1566,1.7917692833516238e-09
1567,1.7918783257057473e-09
1568,1.792466193390474e-09
1569,1.7915908758084864e-09
1570,1.7907532413737853e-09
1571,1.7943463933295368e-09
1572,1.7922868699847784e-09
1573,1.792875961201132e-09
1574,1.7940001789625393e-09
1575,1.7936058537388345e-09
1576,1.7931335291124846e-09
1577,1.7937519523166466e-09
1578,1.7934767742602194e-09
1579,1.7926556472641148e-09
1580,1.7920771496776986e-09
1581,1.7928244065722153e-09
1582,1.7924085581939978e-09
1583,1.7929487240555255e-09
1584,1.7932154335556558e-09
1585,1.7933031023068874e-09
1586,1.7934267631707652e-09
1587,1.7930564838802532e-09
1588,1.7937430094795177e-09
1589,1.7930052341827569e-09
1590,1.793046547455114e-09
1591,1.792900471541399e-09
1592,1.7946437487787943e-09
1593,1.7922880468354132e-09
1594,1.791850474627097e-09
1595,1.791805829253562e-09
1596,1.7938746877835424e-09
1597,1.7932240839286082e-09
1598,1.7922484290985896e-09
1599,1.7924278967889353e-09
1600,1.7930321603633185e-09
1601,1.7933982236808317e-09
1602,1.794267812884038e-09
1603,1.7943392107135949e-09
1604,1.7940203385959294e-09
1605,1.7951343479673858e-09
1606,1.7939262968817538e-09
1607,1.794202324512417e-09
1608,1.7944385469638425e-09
1609,1.7945827638129624e-09
1610,1.7955974577342377e-09
1611,1.7940871307689082e-09
1612,1.7948422182988823e-09
1613,1.7942669566808468e-09
1614,1.7948822164032475e-09
1615,1.7946148896474626e-09
1616,1.796676754905179e-09
1617,1.7945070602002556e-09
1618,1.7963058359317662e-09
1619,1.7954478379120304e-09
1620,1.794608017990833e-09
1621,1.7963315675455834e-09
1622,1.794278554447079e-09
1623,1.7946041462895557e-09
1624,1.7944636025433433e-09
1625,1.794131179241439e-09
1626,1.7948592750032526e-09
1627,1.793382450625091e-09
1628,1.7938878663115188e-09
1629,1.7931718046601113e-09
1630,1.793744683963251e-09
1631,1.7926763519089415e-09
1632,1.7941269452064846e-09
1633,1.7933207578705137e-09
1634,1.7932075769787133e-09
1635,1.7942211562842913e-09
1636,1.7934051696589947e-09
1637,1.7941865122246429e-09
1638,1.7935401733494246e-09
1639,1.7945769447237067e-09
1640,1.7935475139297779e-09
1641,1.7944545474433786e-09
1642,1.794696518513839e-09
1643,1.7953167633858943e-09
1644,1.795342218491525e-09
1645,1.7932343082486115e-09
1646,1.7932116118409605e-09
1647,1.7934470565875547e-09
1648,1.793980092035693e-09
1649,1.7940288440661333e-09
1650,1.794450818112975e-09
1651,1.7934909480354385e-09
1652,1.792976473505148e-09
1653,1.793383532722757e-09
1654,1.7930802655260162e-09
1655,1.7942186882932203e-09
1656,1.7940377921588496e-09
1657,1.7945329217843648e-09
1658,1.7941767054843351e-09
1659,1.7935299847849783e-09
1660,1.7936064001967692e-09
1661,1.793449184186636e-09
1662,1.7932724781673334e-09
1663,1.79401996732758e-09
1664,1.7940049541409145e-09
1665,1.7924798476056417e-09
1666,1.793138488095872e-09
1667,1.7928818507456906e-09
1668,1.7929368535929178e-09
1669,1.7936840948129216e-09
1670,1.7930533389731578e-09
1671,1.792104587546311e-09
1672,1.7919265727903733e-09
1673,1.7925697449067407e-09
1674,1.7933329685186182e-09
1675,1.7920486342027607e-09
1676,1.7921462316685122e-09
1677,1.7930358048042825e-09
1678,1.7920877859981987e-09
1679,1.7938235880017136e-09
1680,1.7924224672422259e-09
1681,1.7924795033757996e-09
1682,1.7922195087766689e-09
1683,1.792728256425008e-09
1684,1.793174356547783e-09
1685,1.7936611272614133e-09
1686,1.793561495538294e-09
1687,1.7936214814457023e-09
1688,1.79485514479393e-09
1689,1.793201556356638e-09
1690,1.79205672566906e-09
1691,1.7931624020639982e-09
1692,1.7939053824750004e-09
1693,1.7937855026964825e-09
1694,1.7931044535931747e-09
1695,1.79323211771007e-09
1696,1.7936172662174829e-09
1697,1.7940354514814632e-09
1698,1.7943609566534032e-09
1699,1.7941426320858237e-09
1700,1.7948257650641898e-09
1701,1.7950003900826657e-09
1702,1.7948202034974365e-09
1703,1.7937847753146947e-09
1704,1.7944550153457808e-09
1705,1.7949819934535466e-09
1706,1.7943007558313401e-09
1707,1.7939415504954555e-09
1708,1.7953113052209602e-09
1709,1.7937373193542618e-09
1710,1.792644690723238e-09
1711,1.79282663467576e-09
1712,1.7934571979496625e-09
1713,1.7931310387365741e-09
1714,1.7938547485677966e-09
1715,1.7932788690828815e-09
1716,1.7933272430638832e-09
1717,1.7934503013908047e-09
1718,1.7944413047258616e-09
1719,1.7952756986216403e-09
1720,1.7944472828057673e-09
1721,1.7944522839010443e-09
1722,1.7940860462324884e-09
1723,1.7930468329178708e-09
1724,1.797456793707842e-09
1725,1.7967119168142909e-09
1726,1.7948866994029644e-09
1727,1.7944923456628803e-09
1728,1.7946920099368417e-09
1729,1.7937931458430314e-09
1730,1.7929923189295131e-09
1731,1.79256905855519e-09
1732,1.7922314416766258e-09
1733,1.7931649251134002e-09
1734,1.7930455069902808e-09
1735,1.792264594893188e-09
1736,1.7929394755852458e-09
1737,1.7920304472024404e-09
1738,1.7939584596181718e-09
1739,1.7927303123739356e-09
1740,1.7958376628182984e-09
1741,1.794303471708863e-09
1742,1.7939120178552156e-09
1743,1.7925444250113314e-09
1744,1.7932006784103976e-09
1745,1.7962779343619345e-09
1746,1.7942865260240835e-09
1747,1.7940666004679534e-09
1748,1.7929407795036372e-09
1749,1.7922961611995324e-09
1750,1.7921756467646919e-09
1751,1.7923994486505286e-09
1752,1.7928704583750697e-09
1753,1.792823893687193e-09
1754,1.7930988802838492e-09
1755,1.794081617573367e-09
1756,1.7941906839096687e-09
1757,1.7938629702179696e-09
1758,1.7931560880956478e-09
1759,1.7939699731908075e-09
1760,1.7946253208923704e-09
1761,1.7940454815399282e-09
1762,1.7935381619850135e-09
1763,1.7936862476531723e-09
1764,1.7938208676848307e-09
1765,1.7948810538467782e-09
1766,1.7936645157959526e-09
1767,1.7934617892829186e-09
1768,1.7941362597525883e-09
1769,1.7955152638950624e-09
1770,1.7958475496112958e-09
1771,1.7948477435924983e-09
1772,1.7954383575946863e-09
1773,1.7936788861619165e-09
1774,1.7943413672257788e-09
1775,1.7945293691264661e-09
1776,1.7948077851158017e-09
1777,1.7955245946048535e-09
1778,1.7944266350234164e-09
1779,1.794346999329079e-09
1780,1.7946669714098056e-09
1781,1.7950880745901703e-09
1782,1.7949794096251236e-09
1783,1.793205881608238e-09
1784,1.7938769325375653e-09
1785,1.7951041545210727e-09
1786,1.7950694521721226e-09
1787,1.795391806641814e-09
1788,1.7959062100257592e-09
1789,1.7956714681349641e-09
1790,1.7959822570463938e-09
1791,1.794778093337957e-09
1792,1.7972397207259458e-09
1793,1.7949997718867898e-09
1794,1.7949092181368811e-09
1795,1.7952155655904962e-09
1796,1.7963305633568343e-09
1797,1.7963806407842842e-09
1798,1.795197190765874e-09
1799,1.79728450138117e-09
1800,1.794994693664259e-09
1801,1.7947200170893595e-09
1802,1.793521913775007e-09
1803,1.794250931635953e-09
1804,1.7946745798046432e-09
1805,1.7927950513119617e-09
1806,1.7937689360771457e-09
1807,1.792754819073407e-09
1808,1.7950392932630844e-09
1809,1.795780157730617e-09
1810,1.7945888861561785e-09
1811,1.7948559056258027e-09
1812,1.7952087421958355e-09
1813,1.794158103616973e-09
1814,1.7957055046528957e-09
1815,1.7946707887969053e-09
1816,1.7951888222175968e-09
1817,1.7945089486900244e-09
1818,1.7936782732429708e-09
1819,1.7939103463830903e-09
1820,1.7939618629950184e-09
1821,1.792732533790498e-09
1822,1.7933840008040368e-09
1823,1.7938405007162022e-09
1824,1.793438387828404e-09
1825,1.7931988712821462e-09
1826,1.7929856770421285e-09
1827,1.793915730455731e-09
1828,1.7944430284338002e-09
1829,1.7940800085282934e-09
1830,1.7935460766687824e-09
1831,1.7953498977264436e-09
1832,1.7938990013068838e-09
1833,1.7940366284716515e-09
1834,1.7941679626751642e-09
1835,1.7936486729383488e-09
1836,1.7954953692589309e-09
1837,1.7945734721061064e-09
1838,1.7942654487003399e-09
1839,1.7939390520742844e-09
1840,1.7944019965227961e-09
1841,1.7944405936486498e-09
1842,1.7945988108808397e-09
1843,1.7948679070176529e-09
1844,1.7939276080982885e-09
1845,1.7935852988415085e-09
1846,1.7918851244074382e-09
1847,1.7941087022670828e-09
1848,1.7939964351676366e-09
1849,1.7942682441079097e-09
1850,1.7948935907522803e-09
1851,1.7946217192129947e-09
1852,1.793877713307302e-09
1853,1.7943623584211785e-09
1854,1.7941894191268599e-09
1855,1.7941850690838447e-09
1856,1.793683784426777e-09
1857,1.7940637267949495e-09
1858,1.7939087272769162e-09
1859,1.7942359430204195e-09
1860,1.7944820826860047e-09
1861,1.7948329537831025e-09
1862,1.7956189797271843e-09
1863,1.7948287262678488e-09
1864,1.7945154923736236e-09
1865,1.794230921477326e-09
1866,1.7941366108989827e-09
1867,1.7934851768261078e-09
1868,1.7968515812396584e-09
1869,1.7962163562496365e-09
1870,1.7940333881322802e-09
1871,1.794414484114755e-09
1872,1.7937505142936703e-09
1873,1.7932188206838675e-09
1874,1.7944834879681992e-09
1875,1.7941917435966087e-09
1876,1.7957124141198981e-09
1877,1.7949129905411612e-09
1878,1.793287767931855e-09
1879,1.7947009919440048e-09
1880,1.793226905367323e-09
1881,1.79259625767022e-09
1882,1.7936228663026445e-09
1883,1.7939526363218793e-09
1884,1.7935594518673271e-09
1885,1.7922108933606913e-09
1886,1.7927998886343517e-09
1887,1.7933718358105913e-09
1888,1.7927667067441752e-09
1889,1.7931910716407902e-09
1890,1.7944202831357667e-09
1891,1.7939739026332037e-09
1892,1.7939324864255958e-09
1893,1.7935952887231394e-09
1894,1.7937373785282939e-09
1895,1.7932204538441046e-09
1896,1.79543499901072e-09
1897,1.795638119345506e-09
1898,1.7933571979043884e-09
1899,1.793474922963043e-09
1900,1.7938572868900778e-09
1901,1.7929417279928426e-09
1902,1.7928148010029046e-09
1903,1.794487156442087e-09
1904,1.7939576814508308e-09
1905,1.7939743784762186e-09
1906,1.7948526343817316e-09
1907,1.796206925925058e-09
1908,1.7952625638411264e-09
1909,1.7953928540325024e-09
1910,1.7941676021175566e-09
1911,1.7936328212203773e-09
1912,1.7931713973134774e-09
1913,1.7936065744320066e-09
1914,1.7941752302211974e-09
1915,1.794969917653713e-09
1916,1.7934672202322093e-09
1917,1.7964247473833504e-09
1918,1.7935204649947064e-09
1919,1.7940550182574353e-09
1920,1.792453091534461e-09
1921,1.7917401939364238e-09
1922,1.793377824400192e-09
1923,1.7968835479060475e-09
1924,1.7940351642329771e-09
1925,1.794355925418388e-09
1926,1.792641596864585e-09
1927,1.7923734419230894e-09
1928,1.79150133706979e-09
1929,1.792695165803185e-09
1930,1.7991049797159493e-09
1931,1.7935105165935666e-09
1932,1.7927566568480644e-09
1933,1.7935708164825848e-09
1934,1.7953929950660646e-09
1935,1.7944159522211169e-09
1936,1.7953172060722267e-09
1937,1.7973695553561186e-09
1938,1.7995252851713774e-09
1939,1.7956943210811766e-09
1940,1.7957152005773704e-09
1941,1.798301060150479e-09
1942,1.7960436128974107e-09
1943,1.7976520108723471e-09
1944,1.7980492552910841e-09
1945,1.7967921766447556e-09
1946,1.7956763943854955e-09
1947,1.7956014611880871e-09
1948,1.795645809488425e-09
1949,1.7957012734937193e-09
1950,1.7950182240026567e-09
1951,1.7952464353848374e-09
1952,1.7973271346991652e-09
1953,1.7945618795783945e-09
1954,1.7943558351446436e-09
1955,1.7926397270899124e-09
1956,1.7933036525606138e-09
1957,1.792961562322065e-09
1958,1.7966642095582388e-09
1959,1.794506715823438e-09
1960,1.7947849316420934e-09
1961,1.7948908658160338e-09
1962,1.7950431256644715e-09
1963,1.7956864118405236e-09
1964,1.7944155773197829e-09
1965,1.7955599411761531e-09
1966,1.795701745506129e-09
1967,1.7943808188442036e-09
1968,1.792216499676395e-09
1969,1.79308242660184e-09
1970,1.7936638767874943e-09
1971,1.7931734468730112e-09
1972,1.7966941110698076e-09
1973,1.7948824072866337e-09
1974,1.7997418386516259e-09
1975,1.7950944428312928e-09
1976,1.7942503438490972e-09
1977,1.795861791977009e-09
1978,1.7949944489666653e-09
1979,1.7934476070039207e-09
1980,1.7920039914577166e-09
1981,1.7941571756610216e-09
1982,1.7932331572127132e-09
1983,1.7919607698124763e-09
1984,1.793011797859792e-09
1985,1.793009248440764e-09
1986,1.7947185237354029e-09
1987,1.7943549274361177e-09
1988,1.7932253048294628e-09
1989,1.7951658305484962e-09
1990,1.7985040185385572e-09
1991,1.7948404054375655e-09
1992,1.7938872722644557e-09
1993,1.7930704773909424e-09
1994,1.7930172864766868e-09
1995,1.795478494959449e-09
1996,1.7957852932029806e-09
1997,1.7941337765881302e-09
1998,1.7934779006925035e-09
1999,1.7936817320026607e-09
2000,1.7932866144307844e-09
2001,1.794701012326088e-09
2002,1.7967299743484692e-09
2003,1.7940156875153866e-09
2004,1.793074782490429e-09
2005,1.7957471124349537e-09
2006,1.793024963571868e-09
2007,1.796188424458215e-09
2008,1.7954754355716936e-09
2009,1.797336907690817e-09
2010,1.7948909187010367e-09
2011,1.795503131950881e-09
2012,1.795789665400257e-09
2013,1.7956078074088465e-09
2014,1.7945458073765521e-09
2015,1.7951016275568962e-09
2016,1.7955363492251525e-09
2017,1.7965409013348499e-09
2018,1.794089652714884e-09
2019,1.7941966245821706e-09
2020,1.7946411425914256e-09
2021,1.7949137880623496e-09
2022,1.7936831015481997e-09
2023,1.7931392881156222e-09
2024,1.7933441625042397e-09
2025,1.7935426413567462e-09
2026,1.7932126918210479e-09
2027,1.7951547235480453e-09
2028,1.7944237967229977e-09
2029,1.7950711126985807e-09
2030,1.7966578652474943e-09
2031,1.7946917775559865e-09
2032,1.7945478494903396e-09
2033,1.7957241091502378e-09
2034,1.7940247394831012e-09
2035,1.7931075818830707e-09
2036,1.7930667126411295e-09
2037,1.7933717232790724e-09
2038,1.7936097484680233e-09
2039,1.7939556231590656e-09
2040,1.7944456101361955e-09
2041,1.7952794093373e-09
2042,1.7970705071627505e-09
2043,1.7948881829590976e-09
2044,1.7953035503569525e-09
2045,1.8001342158643968e-09
2046,1.7967546108641387e-09
2047,1.7943007518412082e-09
2048,1.7931662740385448e-09
2049,1.7943589244470294e-09
2050,1.7936193274372648e-09
2051,1.7972803048540388e-09
2052,1.7945468292936683e-09
2053,1.7971640151737044e-09
2054,1.7944298476195946e-09
2055,1.796294696439879e-09
2056,1.7971458490106511e-09
2057,1.796431351508065e-09
2058,1.7951645697227393e-09
2059,1.7949355522785348e-09
2060,1.7936558259603446e-09
2061,1.7937795118153412e-09
2062,1.7937742129053776e-09
2063,1.7975319103483706e-09
2064,1.794344237515423e-09
2065,1.7945831949729354e-09
2066,1.7955832151243754e-09
2067,1.7957659979476734e-09
2068,1.7949744049541491e-09
2069,1.7970549702713456e-09
2070,1.7977054515223591e-09
2071,1.793501099808814e-09
2072,1.7941860550512812e-09
2073,1.7957891211740285e-09
2074,1.7947610253926403e-09
2075,1.7967090460781415e-09
2076,1.7958907251641268e-09
2077,1.7955278123116353e-09
2078,1.796601753125668e-09
2079,1.7953876721318933e-09
2080,1.7954188979300763e-09
2081,1.7948344846368724e-09
2082,1.7955664972276239e-09
2083,1.7969859848186953e-09
2084,1.7965816387694492e-09
2085,1.7952503726935753e-09
2086,1.79488643795768e-09
2087,1.794944765637668e-09
2088,1.7941590254866682e-09
2089,1.7957347659187803e-09
2090,1.7969195534898668e-09
2091,1.7935400331928666e-09
2092,1.7937096998411639e-09
2093,1.793061604591432e-09
2094,1.792528367242463e-09
2095,1.7931366928979131e-09
2096,1.7948172559071784e-09
2097,1.7947345212045805e-09
2098,1.7956133927097028e-09
2099,1.7932904070208866e-09
2100,1.7940536897330414e-09
2101,1.7946479625553173e-09
2102,1.7946919265692449e-09
2103,1.7927671010309608e-09
2104,1.7924185839692913e-09
2105,1.797778099738756e-09
2106,1.7926082735992533e-09
2107,1.793676401630003e-09
2108,1.7934811186274262e-09
2109,1.793001879807244e-09
2110,1.7929609207294202e-09
2111,1.7934240486033612e-09
2112,1.7930807631610242e-09
2113,1.7959559160142593e-09
2114,1.7938452155516747e-09
2115,1.7925963536031231e-09
2116,1.7940290356325673e-09
2117,1.7939049847602762e-09
2118,1.7947191319779392e-09
2119,1.7948884631662106e-09
2120,1.7943530066832585e-09
2121,1.793442801433798e-09
2122,1.793007600296778e-09
2123,1.7921725004545879e-09
2124,1.7946261643366934e-09
2125,1.795154348779896e-09
2126,1.7941852280473995e-09
2127,1.7956725198310896e-09
2128,1.7950398235944537e-09
2129,1.7936020559352985e-09
2130,1.7932290162754977e-09
2131,1.7925007638223861e-09
2132,1.792662843058766e-09
2133,1.7955769986098752e-09
2134,1.7922946566432017e-09
2135,1.7922135294910748e-09
2136,1.795073975462394e-09
2137,1.7935994804690965e-09
2138,1.7941664160662003e-09
2139,1.793983476347524e-09
2140,1.7941024642349137e-09
2141,1.7981234956048452e-09
2142,1.7934166148798794e-09
2143,1.7937936082534048e-09
2144,1.7941228762210035e-09
2145,1.7946060092670087e-09
2146,1.7977963505482741e-09
2147,1.8004127921276667e-09
2148,1.7932276043187e-09
2149,1.796514346012785e-09
2150,1.7951338710006766e-09
2151,1.7954504355694225e-09
2152,1.7982190139025616e-09
2153,1.797532234938381e-09
2154,1.7940368651204079e-09
2155,1.7939809197936997e-09
2156,1.7979385632322222e-09
2157,1.7926339014966436e-09
2158,1.800420345274408e-09
2159,1.7943538712463149e-09
2160,1.79422362012251e-09
2161,1.7956270346999246e-09
2162,1.7938535120046183e-09
2163,1.7926438971732926e-09
2164,1.7954555040667786e-09
2165,1.7934439289979487e-09
2166,1.793248190914723e-09
2167,1.794002626551257e-09
2168,1.7948819515618828e-09
2169,1.7951086196588472e-09
2170,1.7947754252832067e-09
2171,1.7944334514992612e-09
2172,1.7930287473731926e-09
2173,1.7945714269916073e-09
2174,1.7947865779066317e-09
2175,1.7939089217147855e-09
2176,1.7931632982230935e-09
2177,1.7930199593775268e-09
2178,1.7935355196309026e-09
2179,1.7927854007660815e-09
2180,1.7928184459391685e-09
2181,1.7980324129988259e-09
2182,1.7946498255309262e-09
2183,1.7927320795528653e-09
2184,1.7938008374801677e-09
2185,1.7930991713718453e-09
2186,1.79502056732578e-09
2187,1.7953496712209144e-09
2188,1.7947460895710361e-09
2189,1.7946481407250372e-09
2190,1.7950643324973135e-09
2191,1.7939319393194334e-09
2192,1.7966298502414542e-09
2193,1.7931587397284372e-09
2194,1.7962694706591622e-09
2195,1.7931683371135239e-09
2196,1.7929566961566639e-09
2197,1.7926083070570978e-09
2198,1.7943785455591799e-09
2199,1.7947292553468002e-09
2200,1.7936752956528155e-09
2201,1.7928907834173544e-09
2202,1.7924074644203927e-09
2203,1.7919192480083645e-09
2204,1.7918053890863544e-09
2205,1.792455387687166e-09
2206,1.7933935218833638e-09
2207,1.794969270940372e-09
2208,1.794955486639698e-09
2209,1.7936205672137752e-09
2210,1.794199683307792e-09
2211,1.793453669446644e-09
2212,1.7935500879825769e-09
2213,1.7947666599856337e-09
2214,1.7934976901038944e-09
2215,1.7942513767613249e-09
2216,1.7928055367726873e-09
2217,1.793379108918355e-09
2218,1.7922765054878337e-09
2219,1.792280184166725e-09
2220,1.792989376296032e-09
2221,1.7932408144585676e-09
2222,1.792205766924502e-09
2223,1.7927812470196224e-09
2224,1.7938031160950704e-09
2225,1.7946760797576276e-09
2226,1.7920000507103058e-09
2227,1.7918633023157228e-09
2228,1.7933744483126332e-09
2229,1.7928795975689135e-09
2230,1.7932978931014667e-09
2231,1.7936794632554872e-09
2232,1.7953528646434075e-09
2233,1.7930639320882813e-09
2234,1.7929149294781105e-09
2235,1.7956135048258065e-09
2236,1.7944230537703393e-09
2237,1.7925429206086871e-09
2238,1.7942885486302426e-09
2239,1.7938784618031778e-09
2240,1.791695144655914e-09
2241,1.7926156916452873e-09
2242,1.7921333306342768e-09
2243,1.7928324659266845e-09
2244,1.7935402516346177e-09
2245,1.7928729549406743e-09
2246,1.7926479410925744e-09
2247,1.7927554194988795e-09
2248,1.7928832129082597e-09
2249,1.793568643171777e-09
2250,1.7928193004167497e-09
2251,1.7948295029882344e-09
2252,1.7973063589858743e-09
2253,1.795433229694996e-09
2254,1.7958953675354104e-09
2255,1.7958094457398133e-09
2256,1.7947585685181117e-09
2257,1.794539468793173e-09
2258,1.7949167734514174e-09
2259,1.7930991058034182e-09
2260,1.795494356824279e-09
2261,1.793926750472647e-09
2262,1.7954379170168974e-09
2263,1.7909513810433612e-09
2264,1.7926998577884605e-09
2265,1.7935381215433146e-09
2266,1.7933798573272972e-09
2267,1.7957867785318206e-09
2268,1.7919472159687748e-09
2269,1.7917652278078783e-09
2270,1.7914026837298411e-09
2271,1.7940212412457393e-09
2272,1.7974019186032887e-09
2273,1.7918409520724381e-09
2274,1.7922235615957821e-09
2275,1.7934128716948243e-09
2276,1.7939142087697444e-09
2277,1.793138235243679e-09
2278,1.7942655817701245e-09
2279,1.7932582599707744e-09
2280,1.7951635808568072e-09
2281,1.7931497956494916e-09
2282,1.7969498946109475e-09
2283,1.7920361816783132e-09
2284,1.7926232462759015e-09
2285,1.7937479399169189e-09
2286,1.794814644616515e-09
2287,1.7941735563130748e-09
2288,1.794618962182277e-09
2289,1.7928298811554158e-09
2290,1.7948601604681566e-09
2291,1.7929831223411846e-09
2292,1.7925782356700977e-09
2293,1.794049380843768e-09
2294,1.7920995000449646e-09
2295,1.7933749235400443e-09
2296,1.792056310846452e-09
2297,1.7949523532627749e-09
2298,1.7922456301492925e-09
2299,1.7925915972736944e-09
2300,1.7927312032502797e-09
2301,1.7936273317955471e-09
2302,1.7930798626865838e-09
2303,1.792420799012974e-09
2304,1.7922487808654212e-09
2305,1.7921279688341997e-09
2306,1.7919160421592136e-09
2307,1.791747342816995e-09
2308,1.7917605800212e-09
2309,1.792112582132181e-09
2310,1.792925711108869e-09
2311,1.798240180247576e-09
2312,1.7940118258853366e-09
2313,1.7943034004410183e-09
2314,1.7982466773923077e-09
2315,1.7972855047302798e-09
2316,1.7954022894002931e-09
2317,1.7945689092641735e-09
2318,1.7931647882627671e-09
2319,1.7938417832745516e-09
2320,1.7949769382818282e-09
2321,1.7967648142213786e-09
2322,1.8031366936481703e-09
2323,1.7938180140247922e-09
2324,1.7937089219579875e-09
2325,1.7956659074868562e-09
2326,1.798001945093887e-09
2327,1.794532947887712e-09
2328,1.7987089708911072e-09
2329,1.798072478471503e-09
2330,1.7941865214886428e-09
2331,1.7937986926564292e-09
2332,1.7964369658012974e-09
2333,1.795052695443334e-09
2334,1.7945435825533845e-09
2335,1.795167920713646e-09
2336,1.7960718635285246e-09
2337,1.7944722864673393e-09
2338,1.7949161073504591e-09
2339,1.7940159598055048e-09
2340,1.7937051929708104e-09
2341,1.800219103920551e-09
2342,1.7955630608559718e-09
2343,1.793060837929537e-09
2344,1.795393617483276e-09
2345,1.7929028232649098e-09
2346,1.7938099255469564e-09
2347,1.7974305524666733e-09
2348,1.7989749285266192e-09
2349,1.7940543037189399e-09
2350,1.7929165367949114e-09
2351,1.7929792665037385e-09
2352,1.7942346631947767e-09
2353,1.7934026283829384e-09
2354,1.7938690794872491e-09
2355,1.7936148257132103e-09
2356,1.7938542853443103e-09
2357,1.7970173261613525e-09
2358,1.7942140309626977e-09
2359,1.7944662527748081e-09
2360,1.7929655853421055e-09
2361,1.8005282906725692e-09
2362,1.7929410344428827e-09
2363,1.7955836450279874e-09
2364,1.7947710507967262e-09
2365,1.7943244223043092e-09
2366,1.795441442930581e-09
2367,1.792577451937986e-09
2368,1.794242822831239e-09
2369,1.7942538906149968e-09
2370,1.7941247262304383e-09
2371,1.7939137416271004e-09
2372,1.7955499064478955e-09
2373,1.7932888572722741e-09
2374,1.7932649137463538e-09
2375,1.793916320992646e-09
2376,1.7930017939707585e-09
2377,1.7933360761113003e-09
2378,1.7939074440203422e-09
2379,1.7939953445333974e-09
2380,1.7940554698705526e-09
2381,1.791997682392868e-09
2382,1.7919141229625654e-09
2383,1.7931684066894475e-09
2384,1.795695833104753e-09
2385,1.79287128049451e-09
2386,1.794200547650516e-09
2387,1.7937906643448893e-09
2388,1.7926670102891572e-09
2389,1.7974928810951675e-09
2390,1.796736582601869e-09
2391,1.793573355618681e-09
2392,1.7960498316696617e-09
2393,1.7939676013252414e-09
2394,1.79385042374074e-09
2395,1.7929881745660477e-09
2396,1.793614048648921e-09
2397,1.7933143655752762e-09
2398,1.7925033910808374e-09
2399,1.7926204335027743e-09
2400,1.7911589239753274e-09
2401,1.7923808842865663e-09
2402,1.792628737367218e-09
2403,1.79284298865033e-09
2404,1.7947936242468377e-09
2405,1.7942311103356826e-09
2406,1.797378525326297e-09
2407,1.7944301693485348e-09
2408,1.7944364891425406e-09
2409,1.795314124481875e-09
2410,1.7945408526745383e-09
2411,1.794155333760977e-09
2412,1.7948252846945457e-09
2413,1.7946605858632437e-09
2414,1.7939929166737075e-09
2415,1.7948222405086407e-09
2416,1.7941776104920443e-09
2417,1.7926570821407845e-09
2418,1.7932571163467066e-09
2419,1.7941012474419454e-09
2420,1.7947775801507785e-09
2421,1.7932603716282844e-09
2422,1.7917880881578585e-09
2423,1.7937661673463752e-09
2424,1.792421346721067e-09
2425,1.7912097975627158e-09
2426,1.79196651798003e-09
2427,1.7954863756811812e-09
2428,1.7944066098059232e-09
2429,1.7922946132909479e-09
2430,1.79370236576312e-09
2431,1.7939416558000883e-09
2432,1.7943667752517763e-09
2433,1.7927843152411974e-09
2434,1.7931891073254323e-09
2435,1.7957111970250687e-09
2436,1.7972763530505252e-09
2437,1.7925763908378495e-09
2438,1.7911816161661514e-09
2439,1.7920843759524102e-09
2440,1.7922969432102558e-09
2441,1.7910837441552354e-09
2442,1.7925216360275325e-09
2443,1.7911163418677998e-09
2444,1.7933254355066031e-09
2445,1.7913671379970052e-09
2446,1.7913397727584297e-09
2447,1.79191746435849e-09
2448,1.7930541381333422e-09
2449,1.7927074152820238e-09
2450,1.7930382443118248e-09
2451,1.7922162202939762e-09
2452,1.7936777762915344e-09
2453,1.7933121711106856e-09
2454,1.793628594736283e-09
2455,1.7952850358622589e-09
2456,1.79460942835641e-09
2457,1.7931067574937011e-09
2458,1.7927557478442602e-09
2459,1.7928690964146054e-09
2460,1.7922740468955855e-09
2461,1.7934083587460248e-09
2462,1.79538796570404e-09
2463,1.7930818828508667e-09
2464,1.7944494063273098e-09
2465,1.7928375310864551e-09
2466,1.7937658219730477e-09
2467,1.7936351991615174e-09
2468,1.7925797722589798e-09
2469,1.794757822081463e-09
2470,1.793721343618135e-09
2471,1.7935155675814252e-09
2472,1.7938918123025469e-09
2473,1.7944130174076532e-09
2474,1.7939757321950297e-09
2475,1.7937289557247413e-09
2476,1.7947793942795283e-09
2477,1.7947264407064355e-09
2478,1.7941913987123418e-09
2479,1.7943911597341452e-09
2480,1.7930366338814703e-09
2481,1.7923350390023218e-09
2482,1.795142312092362e-09
2483,1.79372334295906e-09
2484,1.7971881866258507e-09
2485,1.7946172642705486e-09
2486,1.7947646425980838e-09
2487,1.795437426573677e-09
2488,1.7964686519414865e-09
2489,1.7945891938647154e-09
2490,1.7976551703127303e-09
2491,1.7934840532798048e-09
2492,1.7937508691790361e-09
2493,1.7948098827743311e-09
2494,1.7960038441122663e-09
2495,1.796058880209647e-09
2496,1.7955944730697035e-09
2497,1.7958131515454792e-09
2498,1.795642141225079e-09
2499,1.795209082886795e-09
2500,1.7979697638189466e-09
2501,1.7963549687413187e-09
2502,1.798325070494593e-09
2503,1.7957964686385421e-09
2504,1.7958791220603607e-09
2505,1.7970100674389133e-09
2506,1.7942709307759439e-09
2507,1.7960419827767492e-09
2508,1.7952961530408094e-09
2509,1.7958509717108076e-09
2510,1.7950103088519537e-09
2511,1.796904027446208e-09
2512,1.7930175345046735e-09
2513,1.7945778285168243e-09
2514,1.7930593104608941e-09
2515,1.7924235838589038e-09
2516,1.793405081324719e-09
2517,1.7933980854052915e-09
2518,1.792532152042501e-09
2519,1.7950099412998779e-09
2520,1.7939485456870196e-09
2521,1.7919600700469272e-09
2522,1.7920050198118915e-09
2523,1.7945523147484648e-09
2524,1.792828801393542e-09
2525,1.7936215241291392e-09
2526,1.7936371763042816e-09
2527,1.792190740774493e-09
2528,1.793996406022141e-09
2529,1.794263587286392e-09
2530,1.7925502742438073e-09
2531,1.7927284242755213e-09
2532,1.7924119327527094e-09
2533,1.7955347755985278e-09
2534,1.7966266276858724e-09
2535,1.7939452118088932e-09
2536,1.8024434022941427e-09
2537,1.7931735327985674e-09
2538,1.7938333684962404e-09
2539,1.7934124830540462e-09
2540,1.7938903255464006e-09
2541,1.7981658839706171e-09
2542,1.795755199098198e-09
2543,1.7943201793829748e-09
2544,1.7965151643942209e-09
2545,1.7986676777320508e-09
2546,1.7993290133286459e-09
2547,1.7954854437037003e-09
2548,1.8032787278504539e-09
2549,1.7934294800840424e-09
2550,1.7938237710880307e-09
2551,1.793731165452905e-09
2552,1.7967701148702586e-09
2553,1.7971812192755114e-09
2554,1.7938269862810295e-09
2555,1.79365466482277e-09
2556,1.7944981961956547e-09
2557,1.7934478817024867e-09
2558,1.7982580473746172e-09
2559,1.7941614370376019e-09
2560,1.7962692651070378e-09
2561,1.7942172143575718e-09
2562,1.79415883315488e-09
2563,1.796720442481326e-09
2564,1.7945794193075358e-09
2565,1.7959038152231602e-09
2566,1.793015190997362e-09
2567,1.7932809755409818e-09
2568,1.7943855251203137e-09
2569,1.7933600305824127e-09
2570,1.79228772721743e-09
2571,1.7915834523700935e-09
2572,1.7929840784228209e-09
2573,1.791468236941542e-09
2574,1.7936291375340268e-09
2575,1.7917067839375186e-09
2576,1.7939441944645764e-09
2577,1.7936337703426097e-09
2578,1.7938738114177995e-09
2579,1.797262786079475e-09
2580,1.7942245068579504e-09
2581,1.7928200784732756e-09
2582,1.7920256465048589e-09
2583,1.791851356251461e-09
2584,1.7919924120620044e-09
2585,1.791693982283914e-09
2586,1.791573479241589e-09
2587,1.7913167941362961e-09
2588,1.7920063390634867e-09
2589,1.7928689181984794e-09
2590,1.7924602700441303e-09
2591,1.794230687027503e-09
2592,1.7967197676164983e-09
2593,1.7938767217731306e-09
2594,1.7948104800413578e-09
2595,1.795609617660118e-09
2596,1.7975268776127498e-09
2597,1.7971326957884395e-09
2598,1.795067890544555e-09
2599,1.7991807973914916e-09
2600,1.7960665231707121e-09
2601,1.7967907843184756e-09
2602,1.7965993040799358e-09
2603,1.7955143839455523e-09
2604,1.7950764565016308e-09
2605,1.7950024827228643e-09
2606,1.7948101600210094e-09
2607,1.7941504683404855e-09
2608,1.7942712865479753e-09
2609,1.7965388306291125e-09
2610,1.7946851933070805e-09
2611,1.7954021464282055e-09
2612,1.7954845334488063e-09
2613,1.7976093943307144e-09
2614,1.8013898692200044e-09
2615,1.7959556609135225e-09
2616,1.7963267499323297e-09
2617,1.8003299292586793e-09
2618,1.794786513807697e-09
2619,1.795786898930743e-09
2620,1.7976677432784916e-09
2621,1.7964358396483115e-09
2622,1.7945173339462351e-09
2623,1.7972769552208212e-09
2624,1.7979906736271946e-09
2625,1.7972000366140567e-09
2626,1.7944458307880777e-09
2627,1.7934795126015504e-09
2628,1.7932688569514335e-09
2629,1.798908328928152e-09
2630,1.7944127733879464e-09
2631,1.7935072210113943e-09
2632,1.7939879749276514e-09
2633,1.794228907145437e-09
2634,1.7966672660900496e-09
2635,1.7938648852266427e-09
2636,1.7937575830073623e-09
2637,1.793880714011936e-09
2638,1.7972271999206274e-09
2639,1.7939016240293357e-09
2640,1.7959986914066475e-09
2641,1.7964600402984426e-09
2642,1.7939469093011867e-09
2643,1.7972432448013275e-09
2644,1.7948745176012795e-09
2645,1.7951931693331003e-09
2646,1.793103520869759e-09
2647,1.7939755179217411e-09
2648,1.7923061897466108e-09
2649,1.7913482952974363e-09
2650,1.7933147223384886e-09
2651,1.7925757663222925e-09
2652,1.7936748762411874e-09
2653,1.7930425628218914e-09
2654,1.7922925579845296e-09
2655,1.7935089120122296e-09
2656,1.7996826663976688e-09
2657,1.7941456698577274e-09
2658,1.7928215130482111e-09
2659,1.7913853727991397e-09
2660,1.795812331762356e-09
2661,1.794543109119807e-09
2662,1.794095579515767e-09
2663,1.7946515400741053e-09
2664,1.7930388087016529e-09
2665,1.7974376557151032e-09
2666,1.7994677505920958e-09
2667,1.798780136210434e-09
2668,1.7937704596513358e-09
2669,1.7948588780708437e-09
2670,1.7933331382861368e-09
2671,1.8016852096786705e-09
2672,1.7939777812012088e-09
2673,1.7946387094508937e-09
2674,1.7930238036696793e-09
2675,1.7924183012594313e-09
2676,1.7950150924688555e-09
2677,1.7934250647864742e-09
2678,1.7944195762372001e-09
2679,1.7936968628299261e-09
2680,1.7933689991768726e-09
2681,1.7939353776090764e-09
2682,1.7942015162856338e-09
2683,1.7944930072389497e-09
2684,1.7935136186015355e-09
2685,1.7960520796891006e-09
2686,1.7943319054292452e-09
2687,1.793908701333264e-09
2688,1.7932585302055216e-09
2689,1.7949102527294336e-09
2690,1.792026780429237e-09
2691,1.7917561100088546e-09
2692,1.7927053410640829e-09
2693,1.7932306293827067e-09
2694,1.792889122651559e-09
2695,1.793518781837707e-09
2696,1.7931563713405851e-09
2697,1.7949400821418673e-09
2698,1.7928133158674923e-09
2699,1.7919629144557759e-09
2700,1.7948659446564136e-09
2701,1.8010183056306792e-09
2702,1.7966453288431437e-09
2703,1.7966112311727435e-09
2704,1.7957885631145313e-09
2705,1.79521718933556e-09
2706,1.801845627983251e-09
2707,1.8050233322546325e-09
2708,1.7945331009712655e-09
2709,1.795858568265741e-09
2710,1.7947365860538491e-09
2711,1.7957363132132337e-09
2712,1.7957882939014409e-09
2713,1.7948988463931696e-09
2714,1.79353442730637e-09
2715,1.7935368511810872e-09
2716,1.7935679579569462e-09
2717,1.7939377262937593e-09
2718,1.7955751849792784e-09
2719,1.7950087182084402e-09
2720,1.795165189558706e-09
2721,1.7938546211341853e-09
2722,1.7972146532402274e-09
2723,1.7942483142286885e-09
2724,1.794542885736682e-09
2725,1.7937070742613169e-09
2726,1.7953030711389132e-09
2727,1.7930294498237528e-09
2728,1.7953959611929512e-09
2729,1.7957747307483057e-09
2730,1.791861771477489e-09
2731,1.795014654842931e-09
2732,1.8026849720912576e-09
2733,1.7933928607342124e-09
2734,1.7937280656873477e-09
2735,1.7958043824730508e-09
2736,1.7978319275813734e-09
2737,1.8000097285612772e-09
2738,1.7939123695064127e-09
2739,1.7945055810930613e-09
2740,1.7952881666700211e-09
2741,1.7976818840528438e-09
2742,1.7962462774376633e-09
2743,1.7942794599865424e-09
2744,1.7933625370562018e-09
2745,1.7926981561914213e-09
2746,1.7934185292163407e-09
2747,1.7935411049761038e-09
2748,1.7950384192580227e-09
2749,1.7942415719068426e-09
2750,1.7941123886146956e-09
2751,1.7939891618220701e-09
2752,1.7967837159050526e-09
2753,1.7940243814434714e-09
2754,1.7939321688852901e-09
2755,1.7977148313033165e-09
2756,1.7948855891954393e-09
2757,1.793078120196457e-09
2758,1.7931699310991785e-09
2759,1.7935892830550869e-09
2760,1.7937273444718822e-09
2761,1.8010947980612958e-09
2762,1.79418987232115e-09
2763,1.7940080653060176e-09
2764,1.7964812953731261e-09
2765,1.7977566635363938e-09
2766,1.7925989147562007e-09
2767,1.793067011320936e-09
2768,1.79401340158863e-09
2769,1.7931290098864315e-09
2770,1.79767318199427e-09
2771,1.8118088566099074e-09
2772,1.7954580045502348e-09
2773,1.796937929525285e-09
2774,1.7991666321865781e-09
2775,1.8078129439700772e-09
2776,1.8005002160552523e-09
2777,1.794107704736661e-09
2778,1.7932415130849718e-09
2779,1.7933862278762614e-09
2780,1.7944689717791634e-09
2781,1.8009751604804377e-09
2782,1.8135157588972569e-09
2783,1.7992572506404671e-09
2784,1.7953415859940604e-09
2785,1.7950355489879117e-09
2786,1.803387812673221e-09
2787,1.8023707421392982e-09
2788,1.7994219481591747e-09
2789,1.7936691232209064e-09
2790,1.7932242477594203e-09
2791,1.7952324425501572e-09
2792,1.798388978234287e-09
2793,1.7990206175720555e-09
2794,1.8070808889784871e-09
2795,1.7917130524272624e-09
2796,1.7919248945399742e-09
2797,1.7993998703143667e-09
2798,1.796715741941865e-09
2799,1.7930135863479023e-09
2800,1.7961602513071185e-09
2801,1.7929004385441582e-09
2802,1.7995902046948473e-09
2803,1.795672923026878e-09
2804,1.7955397101818093e-09
2805,1.7933161760693386e-09
2806,1.7952620448317459e-09
2807,1.79685021357194e-09
2808,1.7956371177476873e-09
2809,1.7935869587863709e-09
2810,1.793795423795471e-09
2811,1.7931959379552202e-09
2812,1.7937394131324957e-09
2813,1.801254279039453e-09
2814,1.7964006019255033e-09
2815,1.79452897543616e-09
2816,1.7975302407325962e-09
2817,1.7938875359141561e-09
2818,1.7947794595829146e-09
2819,1.7953715539010173e-09
2820,1.7945218085670036e-09
2821,1.7958456107259677e-09
2822,1.7955729217416271e-09
2823,1.7942859635329291e-09
2824,1.7945250314900964e-09
2825,1.7933894688592061e-09
2826,1.7950887226811462e-09
2827,1.7941759996434046e-09
2828,1.7970006918831266e-09
2829,1.7969552613882135e-09
2830,1.7979522238751327e-09
2831,1.7949393506686314e-09
2832,1.7950952795266602e-09
2833,1.7941022460098264e-09
2834,1.7947965051938102e-09
2835,1.7931321875360097e-09
2836,1.7950112321686344e-09
2837,1.7961381230596737e-09
2838,1.7944370837031487e-09
2839,1.796521511008835e-09
2840,1.7946271143172682e-09
2841,1.794368541331167e-09
2842,1.7987304627905943e-09
2843,1.795708743413546e-09
2844,1.7944795035610426e-09
2845,1.7940214196888427e-09
2846,1.7947835074577479e-09
2847,1.7946808316641642e-09
2848,1.7961798549334525e-09
2849,1.7948572103058826e-09
2850,1.7923897202662234e-09
2851,1.792864989126467e-09
2852,1.7965862119256357e-09
2853,1.7929827546217232e-09
2854,1.791753026113154e-09
2855,1.7989474908116313e-09
2856,1.7926931545975783e-09
2857,1.7972541146209958e-09
2858,1.796257479235447e-09
2859,1.8038285419556842e-09
2860,1.7942938621475146e-09
2861,1.795968974306076e-09
2862,1.7931482759668596e-09
2863,1.7921500389760596e-09
2864,1.7947552616086124e-09
2865,1.7919439337940577e-09
2866,1.7928824206443232e-09
2867,1.793072262155889e-09
2868,1.7936265854229725e-09
2869,1.793749632067041e-09
2870,1.7942781687805644e-09
2871,1.7949667075102547e-09
2872,1.794951179171628e-09
2873,1.794334509061215e-09
2874,1.7956091823115314e-09
2875,1.7940344905182444e-09
2876,1.7949790652779898e-09
2877,1.7944545253109295e-09
2878,1.794601810854526e-09
2879,1.7938735910860286e-09
2880,1.795244543794968e-09
2881,1.7938403928068004e-09
2882,1.7942955730580007e-09
2883,1.7948071003942699e-09
2884,1.7936961295183276e-09
2885,1.794342167844862e-09
2886,1.7948042831996776e-09
2887,1.7935924882817026e-09
2888,1.794115604200377e-09
2889,1.7973692661792883e-09
2890,1.796163513809573e-09
2891,1.7933217438969708e-09
2892,1.7956072177695126e-09
2893,1.7949157667182896e-09
2894,1.7937451086931473e-09
2895,1.796663282894681e-09
2896,1.793972977343174e-09
2897,1.7965795762807236e-09
2898,1.7938968218370322e-09
2899,1.7944378701718564e-09
2900,1.7954260423666254e-09
2901,1.7995122398714673e-09
2902,1.7959358846705535e-09
2903,1.7955079402280616e-09
2904,1.7963214168287597e-09
2905,1.8030224490631847e-09
2906,1.8032708021895942e-09
2907,1.794625933895685e-09
2908,1.7949367246971464e-09
2909,1.794986840386335e-09
2910,1.7969951424563827e-09
2911,1.7973636918229871e-09
2912,1.795232085951757e-09
2913,1.7944732981978687e-09
2914,1.7942855198039294e-09
2915,1.7933622275107626e-09
2916,1.7986876401770315e-09
2917,1.7985504387050474e-09
2918,1.7939769721576491e-09
2919,1.7999640609713937e-09
2920,1.7940527860814509e-09
2921,1.7977417173834578e-09
2922,1.8001574510936686e-09
2923,1.7952993638221001e-09
2924,1.7939296850910498e-09
2925,1.7941557456438233e-09
2926,1.7946953488435996e-09
2927,1.7944310790391526e-09
2928,1.7938435394741701e-09
2929,1.795009107120369e-09
2930,1.7952839098090475e-09
2931,1.7942486772695256e-09
2932,1.797407944765519e-09
2933,1.794723869752949e-09
2934,1.7943696321990432e-09
2935,1.794538533895459e-09
2936,1.7925169373475006e-09
2937,1.7927216790770408e-09
2938,1.7935478323873344e-09
2939,1.7933094819788895e-09
2940,1.7929457268686587e-09
2941,1.7931773767395006e-09
2942,1.793229879641345e-09
2943,1.792600253542115e-09
2944,1.7942144077831441e-09
2945,1.7916669409231217e-09
2946,1.7923923281093696e-09
2947,1.7918572773600942e-09
2948,1.7941046484993048e-09
2949,1.7943630559696654e-09
2950,1.7952646890502183e-09
2951,1.7936249797000235e-09
2952,1.7936700200133496e-09
2953,1.7971715908350663e-09
2954,1.7936411729934176e-09
2955,1.795121021063262e-09
2956,1.7939659028640482e-09
2957,1.7942082716796013e-09
2958,1.7945039920491565e-09
2959,1.7932564670787886e-09
2960,1.7957490564447549e-09
2961,1.7930306161647765e-09
2962,1.7926982512387392e-09
2963,1.794277953394832e-09
2964,1.7940891759281524e-09
2965,1.7968538424729768e-09
2966,1.793604982377766e-09
2967,1.7939633208591565e-09
2968,1.7940868365879757e-09
2969,1.796793344993612e-09
2970,1.793616537802337e-09
2971,1.7947687171450108e-09
2972,1.793335053653658e-09
2973,1.792691352034929e-09
2974,1.8006983995920917e-09
2975,1.799000394256753e-09
2976,1.7934355213158643e-09
2977,1.7961284919986052e-09
2978,1.794534004650823e-09
2979,1.7936121659783423e-09
2980,1.7945480986732935e-09
2981,1.7998530886429499e-09
2982,1.7946404568727141e-09
2983,1.7930066785994512e-09
2984,1.7924428721045378e-09
2985,1.795027361284544e-09
2986,1.793836871912782e-09
2987,1.7936738843083113e-09
2988,1.7955333314193777e-09
2989,1.7932429683895427e-09
2990,1.7961850372133239e-09
2991,1.793871988163533e-09
2992,1.8021644958495657e-09
2993,1.7966561198597728e-09
2994,1.7946645144888374e-09
2995,1.7947608389390388e-09
2996,1.793251874227375e-09
2997,1.7942163222651905e-09
2998,1.7924510038990114e-09
2999,1.7930159763859544e-09
3000,1.7940226201092584e-09
3001,1.7930013150185403e-09
3002,1.793460001975641e-09
3003,1.798409032704483e-09
3004,1.7988813080662477e-09
3005,1.79459905605655e-09
3006,1.7950700220440805e-09
3007,1.7943185954666553e-09
3008,1.7946883816060766e-09
3009,1.7928142648379514e-09
3010,1.7979247582223932e-09
3011,1.7932259122268327e-09
3012,1.7926964819311055e-09
3013,1.7924095082789162e-09
3014,1.7923370322674508e-09
3015,1.7922281069021956e-09
3016,1.7925736425630868e-09
3017,1.7959651033483275e-09
3018,1.7948179895354057e-09
3019,1.7930416228554234e-09
3020,1.7923995665152259e-09
3021,1.7974582450342366e-09
3022,1.792135228470338e-09
3023,1.7938931707316757e-09
3024,1.7928633964528307e-09
3025,1.8018813910393586e-09
3026,1.7938660409301115e-09
3027,1.7964725945064467e-09
3028,1.79322043576375e-09
3029,1.795311054056949e-09
3030,1.7991746645164524e-09
3031,1.795725698924058e-09
3032,1.7936023469195006e-09
3033,1.7937407518306002e-09
3034,1.79511514460315e-09
3035,1.7967314809862524e-09
3036,1.7998285432131216e-09
3037,1.7939603689724695e-09
3038,1.7945528103610179e-09
3039,1.7936624850927534e-09
3040,1.7934557758263696e-09
3041,1.7972698856200897e-09
3042,1.7958427044364371e-09
3043,1.7923697120414117e-09
3044,1.792391132259803e-09
3045,1.7953156333987819e-09
3046,1.794416752354349e-09
3047,1.7917878302352886e-09
3048,1.7922702577024334e-09
3049,1.7932961859251025e-09
3050,1.7916582628269833e-09
3051,1.7921249722437012e-09
3052,1.7924139374245854e-09
3053,1.7930591936597054e-09
3054,1.7920085501723804e-09
3055,1.7931884318849903e-09
3056,1.7933242213426938e-09
3057,1.793133280687993e-09
3058,1.793265737425844e-09
3059,1.794282475546309e-09
3060,1.7936521573130399e-09
3061,1.794758870187261e-09
3062,1.795229935099102e-09
3063,1.7942619287189016e-09
3064,1.7984932885880538e-09
3065,1.7960833616737259e-09
3066,1.794085773706036e-09
3067,1.7954609139134048e-09
3068,1.7947731168277663e-09
3069,1.7954846365851741e-09
3070,1.797316631469116e-09
3071,1.795344727395859e-09
3072,1.795470058216579e-09
3073,1.7938595312519294e-09
3074,1.7942083893690895e-09
3075,1.79428727539185e-09
3076,1.79499486250673e-09
3077,1.7953461946787447e-09
3078,1.7947599164959243e-09
3079,1.793308461296968e-09
3080,1.7942936642775989e-09
3081,1.7994654925159904e-09
3082,1.7950894864697224e-09
3083,1.7934919674873327e-09
3084,1.7960016888262562e-09
3085,1.7932917452461257e-09
3086,1.7925885538740804e-09
3087,1.7940881218822843e-09
3088,1.7927916276993727e-09
3089,1.796493469370771e-09
3090,1.7971051683436004e-09
3091,1.7959164165349703e-09
3092,1.7949871332143811e-09
3093,1.7948631041829677e-09
3094,1.795690425123375e-09
3095,1.7956342797017854e-09
3096,1.7945503978569147e-09
3097,1.7998275321366314e-09
3098,1.7984785403403014e-09
3099,1.7962256203414087e-09
3100,1.794599082966541e-09
3101,1.7978265346668257e-09
3102,1.7935511378707999e-09
3103,1.7930259440610094e-09
3104,1.7918169562593898e-09
3105,1.7931826022295557e-09
3106,1.7933987531320206e-09
3107,1.7933366156875073e-09
3108,1.7914090575194085e-09
3109,1.792859063685595e-09
3110,1.795158740528094e-09
3111,1.792353483922321e-09
3112,1.792355403892313e-09
3113,1.791977563638955e-09
3114,1.7948850884188652e-09
3115,1.7939059899885001e-09
3116,1.7923123425889428e-09
3117,1.7921805813560716e-09
3118,1.7923522319520994e-09
3119,1.7951986219272601e-09
3120,1.7940329124133832e-09
3121,1.7945740241910424e-09
3122,1.793734498094646e-09
3123,1.793038432979558e-09
3124,1.7950295916516857e-09
3125,1.7947930879297482e-09
3126,1.7934549515590042e-09
3127,1.7939033444732964e-09
3128,1.7934413459660291e-09
3129,1.7933254388295696e-09
3130,1.7948499935648997e-09
3131,1.7940859620684945e-09
3132,1.795357257230538e-09
3133,1.7942653322169951e-09
3134,1.7930034586433142e-09
3135,1.7945379684752296e-09
3136,1.793698768728343e-09
3137,1.794217309942496e-09
3138,1.796493146130069e-09
3139,1.7953558890466828e-09
3140,1.7939732412605001e-09
3141,1.7964388408730489e-09
3142,1.7934689257432992e-09
3143,1.7940718947773346e-09
3144,1.7936360698390008e-09
3145,1.7975557831697722e-09
3146,1.7947815131352397e-09
3147,1.7949413561370443e-09
3148,1.7955661733259995e-09
3149,1.7935858096254538e-09
3150,1.7980527493174776e-09
3151,1.8035153353354116e-09
3152,1.794380253935601e-09
3153,1.7969239682176468e-09
3154,1.7949871347892095e-09
3155,1.7948140200391894e-09
3156,1.7935599622339338e-09
3157,1.7977397077698464e-09
3158,1.7954023735196653e-09
3159,1.794358093571958e-09
3160,1.7953235107761633e-09
3161,1.7965307365636202e-09
3162,1.7983076064740592e-09
3163,1.7952598848090822e-09
3164,1.7945784377629363e-09
3165,1.7940120209782306e-09
3166,1.7939413997042337e-09
3167,1.7947031407040713e-09
3168,1.7957595817683345e-09
3169,1.79877741545893e-09
3170,1.7981066825521752e-09
3171,1.7943858939395318e-09
3172,1.7944859739877742e-09
3173,1.793783037535165e-09
3174,1.7965795900234248e-09
3175,1.8100938993110424e-09
3176,1.7969147667252589e-09
3177,1.7957457246327076e-09
3178,1.7966827638115394e-09
3179,1.7969816164081693e-09
3180,1.7970243821404313e-09
3181,1.7936676931313291e-09
3182,1.7920980276655989e-09
3183,1.7926996940652355e-09
3184,1.7930707672794365e-09
3185,1.7964195350614758e-09
3186,1.793711224863031e-09
3187,1.8018148899923528e-09
3188,1.7962641719935414e-09
3189,1.795514339802423e-09
3190,1.7979081245776392e-09
3191,1.7966355348784297e-09
3192,1.7939391010912086e-09
3193,1.7944916176168571e-09
3194,1.7945712869518153e-09
3195,1.79726173003218e-09
3196,1.7938639677462866e-09
3197,1.7974220123445647e-09
3198,1.7945594640099693e-09
3199,1.7947028744270772e-09
3200,1.7947091059546239e-09
3201,1.7963772606288791e-09
3202,1.7954690939353013e-09
3203,1.7973899431798869e-09
3204,1.7945073892126661e-09
3205,1.7947530033264299e-09
3206,1.7935641692919476e-09
3207,1.7940307677597819e-09
3208,1.7931357734528087e-09
3209,1.7985749772789809e-09
3210,1.7959762496319794e-09
3211,1.7938148950079482e-09
3212,1.7931849515121742e-09
3213,1.7929765374682614e-09
3214,1.7922828547693433e-09
3215,1.79324435871234e-09
3216,1.794224612043741e-09
3217,1.7951088325678641e-09
3218,1.7915756902737254e-09
3219,1.7932942282914846e-09
3220,1.792098168439842e-09
3221,1.7923067466136671e-09
3222,1.7952779855965125e-09
3223,1.7934740147542548e-09
3224,1.7926519297269354e-09
3225,1.7962268423079384e-09
3226,1.7970460795271182e-09
3227,1.7933246132112142e-09
3228,1.7949947778063443e-09
3229,1.7954766896634171e-09
3230,1.795031708507753e-09
3231,1.7932076893361988e-09
3232,1.7955159392386292e-09
3233,1.7980185763155014e-09
3234,1.8000076576434654e-09
3235,1.7933325788923538e-09
3236,1.7938611174354624e-09
3237,1.7929620269588747e-09
3238,1.7927826544389282e-09
3239,1.7916544724569754e-09
3240,1.7924318388424795e-09
3241,1.7977672022153684e-09
3242,1.795755318199343e-09
3243,1.7947761785836478e-09
3244,1.793611272346077e-09
3245,1.8045755593111474e-09
3246,1.7941016097337318e-09
3247,1.7942141286357258e-09
3248,1.793767457141523e-09
3249,1.793522809306191e-09
3250,1.7943276105503676e-09
3251,1.7996512173605435e-09
3252,1.7965109571825816e-09
3253,1.7936406981481906e-09
3254,1.794917627244083e-09
3255,1.7968271329267173e-09
3256,1.7940192478367566e-09
3257,1.7956479573694632e-09
3258,1.7957945925398194e-09
3259,1.7939195915307693e-09
3260,1.7927730855273446e-09
3261,1.7949880479852507e-09
3262,1.7935690916967845e-09
3263,1.7973639073974157e-09
3264,1.7949318198858749e-09
3265,1.7968392194488458e-09
3266,1.7931639938256068e-09
3267,1.7925797309427204e-09
3268,1.7928110769560297e-09
3269,1.7940546256651879e-09
3270,1.7962258420652282e-09
3271,1.7923442097233753e-09
3272,1.7927718819570652e-09
3273,1.797819775724926e-09
3274,1.79295972241866e-09
3275,1.793706969537571e-09
3276,1.7951200025373169e-09
3277,1.794166373601354e-09
3278,1.792550721374161e-09
3279,1.7941365805218218e-09
3280,1.7973477642693963e-09
3281,1.7940595102675687e-09
3282,1.7934277603169078e-09
3283,1.7983129831910066e-09
3284,1.7943011274872275e-09
3285,1.796374795604159e-09
3286,1.7950042339500039e-09
3287,1.800381866349395e-09
3288,1.7975622053281535e-09
3289,1.793420585148146e-09
3290,1.796663044554403e-09
3291,1.8007487703185565e-09
3292,1.7931008916424393e-09
3293,1.7931918355169427e-09
3294,1.7933703330910331e-09
3295,1.791820658077223e-09
3296,1.791638049294205e-09
3297,1.7928919619820476e-09
3298,1.7917662313096466e-09
3299,1.7937628433999754e-09
3300,1.7950946505155547e-09
3301,1.7928094368555034e-09
3302,1.792235770936634e-09
3303,1.8007624050908486e-09
3304,1.7932083459616593e-09
3305,1.791735730667598e-09
3306,1.7943672955926484e-09
3307,1.7915107211468694e-09
3308,1.792649035731495e-09
3309,1.796049672340304e-09
3310,1.7933260516607274e-09
3311,1.7929541572029399e-09
3312,1.7947566659973257e-09
3313,1.7958007671062977e-09
3314,1.7935908073853053e-09
3315,1.7934690430851333e-09
3316,1.794071166046048e-09
3317,1.792637069556683e-09
3318,1.792837793758891e-09
3319,1.7959014625915757e-09
3320,1.7945500996560616e-09
3321,1.7931322664903446e-09
3322,1.795538416619215e-09
3323,1.8002027258509191e-09
3324,1.793589767079582e-09
3325,1.7963089922958326e-09
3326,1.7953988459879597e-09
3327,1.7933206114638938e-09
3328,1.7958828362174847e-09
3329,1.798029475960822e-09
3330,1.794034263102766e-09
3331,1.7943696213986402e-09
3332,1.7947202006787696e-09
3333,1.7957309247534605e-09
3334,1.7952778068940714e-09
3335,1.7961876432662165e-09
3336,1.7943709439757877e-09
3337,1.794339948958841e-09
3338,1.7945414223209613e-09
3339,1.8011516027861906e-09
3340,1.8023054740750282e-09
3341,1.7936130920369338e-09
3342,1.7950883980827694e-09
3343,1.7958338081541436e-09
3344,1.7942047060212798e-09
3345,1.8048587142300058e-09
3346,1.7976251889831762e-09
3347,1.7944826760207217e-09
3348,1.7945435943947688e-09
3349,1.7942883826363911e-09
3350,1.7964690595523731e-09
3351,1.7983387718322612e-09
3352,1.793519623737141e-09
3353,1.7943560662882893e-09
3354,1.7919312348448141e-09
3355,1.7934946898278397e-09
3356,1.793158838922176e-09
3357,1.7936664639508485e-09
3358,1.7919527285639786e-09
3359,1.7927093197259033e-09
3360,1.7911425363349515e-09
3361,1.7932050351542203e-09
3362,1.7919528927644683e-09
3363,1.7921145816761058e-09
3364,1.7932299643237002e-09
3365,1.7924043798582047e-09
3366,1.7939742732067546e-09
3367,1.7932871136695583e-09
3368,1.7925517206003977e-09
3369,1.7924815919521213e-09
3370,1.7940512117684028e-09
3371,1.7936974090409823e-09
3372,1.7908620668376135e-09
3373,1.794352366868792e-09
3374,1.792490974406575e-09
3375,1.791953279502193e-09
3376,1.7963542606042315e-09
3377,1.7954631292295594e-09
3378,1.793625112305236e-09
3379,1.7967722443073448e-09
3380,1.7952422056739166e-09
3381,1.7937410950252262e-09
3382,1.7947442850543219e-09
3383,1.794721097088713e-09
3384,1.7991611441731739e-09
3385,1.7937660582729763e-09
3386,1.7972479011000573e-09
3387,1.7943939997846382e-09
3388,1.8000959498179905e-09
3389,1.796354575091061e-09
3390,1.7963731414634546e-09
3391,1.7947562427532875e-09
3392,1.7935900437013888e-09
3393,1.7941113263303748e-09
3394,1.794045139822598e-09
3395,1.7930571499481345e-09
3396,1.793469444668425e-09
3397,1.7946330507900054e-09
3398,1.7947938551496987e-09
3399,1.7933055331903635e-09
3400,1.7949228189610576e-09
3401,1.793822050852489e-09
3402,1.7936966933816982e-09
3403,1.7949749422159897e-09
3404,1.7949174574272775e-09
3405,1.79730475097698e-09
3406,1.7948983172053902e-09
3407,1.794365155913459e-09
3408,1.7953087886494478e-09
3409,1.7959526643797316e-09
3410,1.7953203847149431e-09
3411,1.795636291070404e-09
3412,1.7999766356110168e-09
3413,1.7936264468149208e-09
3414,1.7938112272911284e-09
3415,1.7972442962526047e-09
3416,1.7944827864164654e-09
3417,1.7984043164317132e-09
3418,1.7957463549470775e-09
3419,1.7954653218928484e-09
3420,1.7948489057900072e-09
3421,1.795469848452204e-09
3422,1.797337851103199e-09
3423,1.793272570423054e-09
3424,1.7926426510302735e-09
3425,1.791895859219826e-09
3426,1.7931005501663705e-09
3427,1.7936366547928317e-09
3428,1.7948327530315153e-09
3429,1.7935340098562544e-09
3430,1.7935134854411719e-09
3431,1.7934669667111882e-09
3432,1.7926943742448224e-09
3433,1.7943775109539506e-09
3434,1.7958583561899618e-09
3435,1.797674874392811e-09
3436,1.7956823819985929e-09
3437,1.7938450208079273e-09
3438,1.7937169301692549e-09
3439,1.7933398532664863e-09
3440,1.7957506234884214e-09
3441,1.7938792043500107e-09
3442,1.79378746416032e-09
3443,1.794819625892662e-09
3444,1.7947991210909864e-09
3445,1.7929617797179827e-09
3446,1.7935329699253229e-09
3447,1.7934453005669738e-09
3448,1.7934161399558736e-09
3449,1.7946149700544693e-09
3450,1.7938047345764211e-09
3451,1.7939374571314034e-09
3452,1.795269384987968e-09
3453,1.7977047356765314e-09
3454,1.7938306574234387e-09
3455,1.7947262176601465e-09
3456,1.7930673402933772e-09
3457,1.7934956468714045e-09
3458,1.79360821995452e-09
3459,1.7950840569671473e-09
3460,1.7938452231988224e-09
3461,1.793965549973042e-09
3462,1.7940141481354493e-09
3463,1.7935958799994968e-09
3464,1.7929004569254857e-09
3465,1.7938685464485551e-09
3466,1.7943194058436998e-09
3467,1.7957170004796055e-09
3468,1.7952008925757858e-09
3469,1.7945179285969652e-09
3470,1.7925824793420114e-09
3471,1.7935682593712995e-09
3472,1.7945593421991569e-09
3473,1.7942395829962153e-09
3474,1.7994311528428208e-09
3475,1.7964557187460403e-09
3476,1.7956487544080222e-09
3477,1.795329539076267e-09
3478,1.7963620227237963e-09
3479,1.7945805783364758e-09
3480,1.795270913902343e-09
3481,1.7946704356690646e-09
3482,1.8031004987682254e-09
3483,1.7936657829452362e-09
3484,1.7936685327477802e-09
3485,1.7946236483149345e-09
3486,1.7946764276545443e-09
3487,1.7943475098464277e-09
3488,1.7944566215507522e-09
3489,1.7950472190025785e-09
3490,1.7948189821185527e-09
3491,1.7977099531660482e-09
3492,1.7934198960816342e-09
3493,1.7922983704798012e-09
3494,1.7926515622538671e-09
3495,1.7929196731695775e-09
3496,1.792725762132841e-09
3497,1.7947953049257665e-09
3498,1.7939526804088559e-09
3499,1.7932219373962115e-09
3500,1.7968337426887706e-09
3501,1.7918352957478063e-09
3502,1.7920238520825033e-09
3503,1.7926598667999758e-09
3504,1.7946754224682812e-09
3505,1.7935916889962365e-09
3506,1.7957425750075255e-09
3507,1.7931565077409145e-09
3508,1.7939611846343761e-09
3509,1.7938583846726559e-09
3510,1.7931353148478494e-09
3511,1.7933356465002935e-09
3512,1.7940178432948408e-09
3513,1.7933893955128886e-09
3514,1.7949231934492532e-09
3515,1.793717245787264e-09
3516,1.797424300672052e-09
3517,1.7940642964648563e-09
3518,1.7964872238805035e-09
3519,1.7954782735354835e-09
3520,1.7949581817280385e-09
3521,1.7947970716152825e-09
3522,1.796154559569937e-09
3523,1.7952050757275946e-09
3524,1.7956348250553285e-09
3525,1.7954419839319177e-09
3526,1.8001416740174892e-09
3527,1.794604656884784e-09
3528,1.8043614550541428e-09
3529,1.7940176792804329e-09
3530,1.7958638910807584e-09
3531,1.7944466971068718e-09
3532,1.7944391190069908e-09
3533,1.7947083935955208e-09
3534,1.7952201576727054e-09
3535,1.7946264223718966e-09
3536,1.7950130792765917e-09
3537,1.7964246163686432e-09
3538,1.7968992640030877e-09
3539,1.7950869361779165e-09
3540,1.7946332339993657e-09
3541,1.7949003425016245e-09
3542,1.7937836107559131e-09
3543,1.7923249061737694e-09
3544,1.7997680906183225e-09
3545,1.8046400820258909e-09
3546,1.7956524124940948e-09
3547,1.7947769525781664e-09
3548,1.8015892498153716e-09
3549,1.7967652822965152e-09
3550,1.7995388912359555e-09
3551,1.7947626664589194e-09
3552,1.7933346094640088e-09
3553,1.7944776010727195e-09
3554,1.7980697488769213e-09
3555,1.799221774809054e-09
3556,1.7984086587792746e-09
3557,1.7935317490724866e-09
3558,1.7977627364841857e-09
3559,1.7940437881802737e-09
3560,1.7958086564733771e-09
3561,1.7992015835892094e-09
3562,1.7954784459359564e-09
3563,1.7998694713303283e-09
3564,1.7951816606705692e-09
3565,1.8046610481198484e-09
3566,1.7963909505188676e-09
3567,1.7960794353982334e-09
3568,1.7950673130181359e-09
3569,1.794776708927241e-09
3570,1.799819586112225e-09
3571,1.7955337059823671e-09
3572,1.8047674234514544e-09
3573,1.7996225601655659e-09
3574,1.8001271576472982e-09
3575,1.802173308383639e-09
3576,1.797877662807264e-09
3577,1.8053873711967374e-09
3578,1.7992061345607056e-09
3579,1.7951521125718607e-09
3580,1.798177059584382e-09
3581,1.8172412531169483e-09
3582,1.8044938925282029e-09
3583,1.7938116944001996e-09
3584,1.7959149483870315e-09
3585,1.7934984128689362e-09
3586,1.7934911001804473e-09
3587,1.8031161656164353e-09
3588,1.7969650302998923e-09
3589,1.795009245916443e-09
3590,1.7923156805229627e-09
3591,1.7933056756381415e-09
3592,1.7964109503842468e-09
3593,1.8003221839344964e-09
3594,1.7924783280751757e-09
3595,1.7919866102226664e-09
3596,1.7924108567537596e-09
3597,1.7930475315846196e-09
3598,1.8027404268673934e-09
3599,1.7957211509512538e-09
3600,1.7933191322839443e-09
3601,1.7927173775798016e-09
3602,1.7954770437778932e-09
3603,1.7996354334344486e-09
3604,1.7983753944352606e-09
3605,1.8059803521318507e-09
3606,1.7941756008882697e-09
3607,1.7985254929613982e-09
3608,1.8028839604524988e-09
3609,1.7952482202381458e-09
3610,1.7955330611417538e-09
3611,1.7982426498250596e-09
3612,1.7958425156425645e-09
3613,1.7965730646309577e-09
3614,1.7963239739716219e-09
3615,1.7949289194610276e-09
3616,1.8004131588526027e-09
3617,1.794889763269904e-09
3618,1.795079515896529e-09
3619,1.794431881123332e-09
3620,1.7942227673798568e-09
3621,1.7986065107106766e-09
3622,1.7949345384271474e-09
3623,1.792655265583484e-09
3624,1.7932673862858498e-09
3625,1.793968880335479e-09
3626,1.794071798350985e-09
3627,1.7974798244604187e-09
3628,1.7967087559331818e-09
3629,1.7932490544978178e-09
3630,1.7949719920470934e-09
3631,1.7933541569581909e-09
3632,1.8001161560692657e-09
3633,1.795032327764762e-09
3634,1.7944850273662636e-09
3635,1.8024096766688459e-09
3636,1.7937843252799596e-09
3637,1.7965458490141638e-09
3638,1.796407894482896e-09
3639,1.8120749430014476e-09
3640,1.7998901498398458e-09
3641,1.7991246632594495e-09
3642,1.7942036924554186e-09
3643,1.7940746797761212e-09
3644,1.8077001495715915e-09
3645,1.7951629623266332e-09
3646,1.799600171988091e-09
3647,1.7928739435104267e-09
3648,1.7932160587765335e-09
3649,1.795878038903822e-09
3650,1.7978141864224098e-09
3651,1.7928771582130478e-09
3652,1.8049266159618367e-09
3653,1.797991028536943e-09
3654,1.8006675031896736e-09
3655,1.7938312751070227e-09
3656,1.808180672206936e-09
3657,1.7947087265481747e-09
3658,1.7985711311717086e-09
3659,1.793840670497283e-09
3660,1.7952285219787701e-09
3661,1.8027052998319728e-09
3662,1.805429058449507e-09
3663,1.799722229025588e-09
3664,1.7982328353661867e-09
3665,1.794594991856993e-09
3666,1.7976950362244258e-09
3667,1.8026960721828743e-09
3668,1.8051170085168927e-09
3669,1.7952591798710545e-09
3670,1.7949975324849416e-09
3671,1.7951754566485072e-09
3672,1.815745240087073e-09
3673,1.7933662159210749e-09
3674,1.797691877961993e-09
3675,1.7922076280785167e-09
3676,1.7936461969117875e-09
3677,1.7968468045473424e-09
3678,1.792694326892303e-09
3679,1.793908017238586e-09
3680,1.7930942687290505e-09
3681,1.7946714427953652e-09
3682,1.793269673572089e-09
3683,1.7951207559492911e-09
3684,1.7932138386184214e-09
3685,1.7932001358988027e-09
3686,1.7938641621553723e-09
3687,1.7924161791403563e-09
3688,1.7932621300039364e-09
3689,1.79188241121178e-09
3690,1.7917975771978177e-09
3691,1.7926722429133378e-09
3692,1.7909134617295882e-09
3693,1.7920339647812662e-09
3694,1.7922585633123207e-09
3695,1.792122285480275e-09
3696,1.7926051564751038e-09
3697,1.791896139378154e-09
3698,1.7942770511134238e-09
3699,1.7946154807103042e-09
3700,1.7939311276031063e-09
3701,1.7946075909689816e-09
3702,1.7941938063970591e-09
3703,1.8045200000978198e-09
3704,1.792232752880047e-09
3705,1.792213172549536e-09
3706,1.7929288837109683e-09
3707,1.7990187662259303e-09
3708,1.793055465111599e-09
3709,1.7915242109587435e-09
3710,1.7934707201470877e-09
3711,1.798887295097714e-09
3712,1.7954647366244454e-09
3713,1.7974184704894182e-09
3714,1.793097500068089e-09
3715,1.795999347980903e-09
3716,1.7917991474737692e-09
3717,1.7928686029947669e-09
3718,1.7947666363784975e-09
3719,1.794519583251242e-09
3720,1.796685710157591e-09
3721,1.7933301181511252e-09
3722,1.7922819402571987e-09
3723,1.7945569514260047e-09
3724,1.7985216623471538e-09
3725,1.7938346235278948e-09
3726,1.7932774050292604e-09
3727,1.7988868031452292e-09
3728,1.7928671999757359e-09
3729,1.793201736762636e-09
3730,1.7943829658573971e-09
3731,1.7945416500710924e-09
3732,1.793702143779858e-09
3733,1.79479041671126e-09
3734,1.7941262250355228e-09
3735,1.7954436393269809e-09
3736,1.797546018590311e-09
3737,1.7935275149708654e-09
3738,1.7934554469956264e-09
3739,1.7985986419532964e-09
3740,1.7928493469717595e-09
3741,1.7962763024548047e-09
3742,1.7947309033731486e-09
3743,1.7980568348575712e-09
3744,1.7942917566254087e-09
3745,1.7963001377427921e-09
3746,1.797845913342728e-09
3747,1.794664826868372e-09
3748,1.7974067078018357e-09
3749,1.793289129182261e-09
3750,1.7934792669856858e-09
3751,1.793786574551751e-09
3752,1.793941051826893e-09
3753,1.79209945860758e-09
3754,1.7927332909358674e-09
3755,1.7920384580942198e-09
3756,1.7914251409373372e-09
3757,1.79071980736552e-09
3758,1.792214664375578e-09
3759,1.792355340360041e-09
3760,1.7950518687803393e-09
3761,1.7948490356992673e-09
3762,1.7961437129791875e-09
3763,1.7944309539425904e-09
3764,1.7956395865105537e-09
3765,1.797912768020104e-09
3766,1.793798260308115e-09
3767,1.7958071811525017e-09
3768,1.7947749696837149e-09
3769,1.792747578858299e-09
3770,1.7946450989208886e-09
3771,1.7926270848622372e-09
3772,1.793258050797797e-09
3773,1.793514452817251e-09
3774,1.793373036016624e-09
3775,1.7947189315237192e-09
3776,1.7950010605603115e-09
3777,1.7942279211455829e-09
3778,1.7942875937842914e-09
3779,1.7952535146667267e-09
3780,1.8024837447522505e-09
3781,1.795061035772272e-09
3782,1.793860804646663e-09
3783,1.7954590766439342e-09
3784,1.7950757233797309e-09
3785,1.7930248049356066e-09
3786,1.793766557779889e-09
3787,1.7939735380550587e-09
3788,1.7946665153827917e-09
3789,1.7955168554829812e-09
3790,1.7929550411039402e-09
3791,1.7955842177440008e-09
3792,1.798289810440729e-09
3793,1.7930616940377958e-09
3794,1.7943371385949557e-09
3795,1.7927108377284586e-09
3796,1.794066438788353e-09
3797,1.7939827424723755e-09
3798,1.7932660221473454e-09
3799,1.7937953456728608e-09
3800,1.7942372645379881e-09
3801,1.7941783175924932e-09
3802,1.7960304863746623e-09
3803,1.7927511003162737e-09
3804,1.7927840449316745e-09
3805,1.7937541833879801e-09
3806,1.7995246811663503e-09
3807,1.7937330961818204e-09
3808,1.7934126989774527e-09
3809,1.7941161179393919e-09
3810,1.7937371716545706e-09
3811,1.7957546855543978e-09
3812,1.7962734852990613e-09
3813,1.7952927577909554e-09
3814,1.7965022089748822e-09
3815,1.7959622580914125e-09
3816,1.7929865696554361e-09
3817,1.7954327928857754e-09
3818,1.7927882206035907e-09
3819,1.8005659699074308e-09
3820,1.7922380144678228e-09
3821,1.7916177562342348e-09
3822,1.7991181713464176e-09
3823,1.8087789123923732e-09
3824,1.7924499358843892e-09
3825,1.7947248174207075e-09
3826,1.7929323127829628e-09
3827,1.7939413570641199e-09
3828,1.7987843386782644e-09
3829,1.7960080164647801e-09
3830,1.7933610756659394e-09
3831,1.7936249727541614e-09
3832,1.7943056395004338e-09
3833,1.7976819429321186e-09
3834,1.8018199858685034e-09
3835,1.7934692045875484e-09
3836,1.794585099391162e-09
3837,1.793627886678551e-09
3838,1.7924861519996854e-09
3839,1.7925109007790122e-09
3840,1.795175820821408e-09
3841,1.7931030267417306e-09
3842,1.7935928345132496e-09
3843,1.7946873432857346e-09
3844,1.7952803942317366e-09
3845,1.8015109791643434e-09
3846,1.7925899029989781e-09
3847,1.7919213106257226e-09
3848,1.7922559524705132e-09
3849,1.7972482237399924e-09
3850,1.798034779080811e-09
3851,1.792394204054123e-09
3852,1.7940049930538194e-09
3853,1.7947150673047212e-09
3854,1.794229601554542e-09
3855,1.7949540752185543e-09
3856,1.7953641426484341e-09
3857,1.7945093255163026e-09
3858,1.7971319529772877e-09
3859,1.7956310043106204e-09
3860,1.7969977156691715e-09
3861,1.7955457026046837e-09
3862,1.79542702298858e-09
3863,1.794512546559109e-09
3864,1.7957258294051519e-09
3865,1.794734995355285e-09
3866,1.7983607055379308e-09
3867,1.7930832045378737e-09
3868,1.793411179417212e-09
3869,1.793280998209977e-09
3870,1.7934158150728424e-09
3871,1.795570001144164e-09
3872,1.7962359576579417e-09
3873,1.7950928100939284e-09
3874,1.800274839070809e-09
3875,1.7933109109592477e-09
3876,1.7938339556425557e-09
3877,1.7951696095943093e-09
3878,1.7932919271210405e-09
3879,1.798627463263629e-09
3880,1.794715783882422e-09
3881,1.7949158214823598e-09
3882,1.7940428480337357e-09
3883,1.794824966656372e-09
3884,1.7957358334157944e-09
3885,1.7930833080731775e-09
3886,1.7976731656331271e-09
3887,1.794294777732461e-09
3888,1.8011098844696186e-09
3889,1.7972801209554254e-09
3890,1.7945967971915738e-09
3891,1.7927796728073733e-09
3892,1.7934679962332565e-09
3893,1.7919528085583786e-09
3894,1.794342898972136e-09
3895,1.7919902280532043e-09
3896,1.7929436131424386e-09
3897,1.7911880351158156e-09
3898,1.7931324225727685e-09
3899,1.7924935000088165e-09
3900,1.7946183497010942e-09
3901,1.7942644700150992e-09
3902,1.793804098865583e-09
3903,1.7978685550733285e-09
3904,1.7953227232118043e-09
3905,1.795742733454864e-09
3906,1.7953012719835748e-09
3907,1.7992743287384331e-09
3908,1.7971431410272603e-09
3909,1.7938332559253e-09
3910,1.7944709720388016e-09
3911,1.7937488394449365e-09
3912,1.8008792662339852e-09
3913,1.7946511186451959e-09
3914,1.7943833777397932e-09
3915,1.7969194025547379e-09
3916,1.7949953552074281e-09
3917,1.795069199203371e-09
3918,1.7970936184636452e-09
3919,1.7942581074887688e-09
3920,1.7939461558599367e-09
3921,1.7930909397120712e-09
3922,1.7933343697472989e-09
3923,1.7958592533049164e-09
3924,1.795252266512262e-09
3925,1.794544536281611e-09
3926,1.7963455452300385e-09
3927,1.7984213746081347e-09
3928,1.7974201722862403e-09
3929,1.795943550758339e-09
3930,1.795743800939851e-09
3931,1.8011372203313393e-09
3932,1.7951155376509438e-09
3933,1.7958405794783718e-09
3934,1.794707273339809e-09
3935,1.793653173174044e-09
3936,1.7924813627327866e-09
3937,1.793583233559408e-09
3938,1.7969017768391118e-09
3939,1.7927608833101253e-09
3940,1.7953163710634589e-09
3941,1.7946058295680073e-09
3942,1.7940761654620574e-09
3943,1.7942338882152574e-09
3944,1.8008199308392077e-09
3945,1.7960671107468609e-09
3946,1.795573015774476e-09
3947,1.8018572355654927e-09
3948,1.7990802922365649e-09
3949,1.7955162165080636e-09
3950,1.7933466859581666e-09
3951,1.7930569395157902e-09
3952,1.7950759464658174e-09
3953,1.793343395981792e-09
3954,1.7921397795931998e-09
3955,1.7952806629660148e-09
3956,1.7919681819968338e-09
3957,1.7918551400070667e-09
3958,1.7965944785069959e-09
3959,1.794660533720046e-09
3960,1.7925924340571827e-09
3961,1.7936451086330131e-09
3962,1.7931524563194151e-09
3963,1.793936100817016e-09
3964,1.7999135244371484e-09
3965,1.792905836957652e-09
3966,1.7963347856121555e-09
3967,1.7951244857998676e-09
3968,1.794927776018615e-09
3969,1.7936849168960709e-09
3970,1.794082512026774e-09
3971,1.79388774588231e-09
3972,1.794625224765856e-09
3973,1.7939165854988262e-09
3974,1.7950428975425075e-09
3975,1.7968528753992019e-09
3976,1.7950319840502077e-09
3977,1.7954445108796776e-09
3978,1.7966234502131709e-09
3979,1.7993763642143483e-09
3980,1.7947676893992587e-09
3981,1.801602560591865e-09
3982,1.7955659882830842e-09
3983,1.794553049112541e-09
3984,1.7933349579178075e-09
3985,1.793822413783796e-09
3986,1.7943132075380698e-09
3987,1.7943847059508037e-09
3988,1.7967995190335532e-09
3989,1.7962197193456313e-09
3990,1.7949444718804618e-09
3991,1.7954241611575259e-09
3992,1.7948936323869343e-09
3993,1.7963039691363945e-09
3994,1.79720044781837e-09
3995,1.796481588019022e-09
3996,1.7987272350169333e-09
3997,1.7990402335510334e-09
3998,1.7961472640340908e-09
3999,1.7954011732824688e-09
4000,1.797952310641437e-09
4001,1.794073889370221e-09
4002,1.7938950320326758e-09
4003,1.7938904318737843e-09
4004,1.793747662793669e-09
4005,1.792862422373782e-09
4006,1.7932514747271808e-09
4007,1.7927270122099104e-09
4008,1.7927953299363788e-09
4009,1.792125835752254e-09
4010,1.791535390916313e-09
4011,1.7947095440785868e-09
4012,1.7936914833429851e-09
4013,1.7939107001188819e-09
4014,1.7934721731494697e-09
4015,1.7934835241567224e-09
4016,1.7933816342328473e-09
4017,1.7980966364314907e-09
4018,1.7944454509863487e-09
4019,1.794437358861519e-09
4020,1.7954483766350953e-09
4021,1.7937411869686606e-09
4022,1.79737921212717e-09
4023,1.7994007721952527e-09
4024,1.7941536662278776e-09
4025,1.7943268207294774e-09
4026,1.8031233085572886e-09
4027,1.7978616148236016e-09
4028,1.794391518217943e-09
4029,1.7945406111437223e-09
4030,1.79360318000345e-09
4031,1.7949175820620937e-09
4032,1.7933865285617494e-09
4033,1.7937839044331763e-09
4034,1.7935753587632115e-09
4035,1.7924064632586174e-09
4036,1.7924759625912752e-09
4037,1.7926087268140564e-09
4038,1.797865505173373e-09
4039,1.7949322495362644e-09
4040,1.7927938261124704e-09
4041,1.794387682769848e-09
4042,1.8015903707815657e-09
4043,1.7940284303145665e-09
4044,1.7964201386543919e-09
4045,1.7958968881681186e-09
4046,1.7957977305716961e-09
4047,1.798280992237837e-09
4048,1.799107671767225e-09
4049,1.7936963453956391e-09
4050,1.7930549541339708e-09
4051,1.7930280320212614e-09
4052,1.7925583205827215e-09
4053,1.7971680267580486e-09
4054,1.7925983566173635e-09
4055,1.792192659347938e-09
4056,1.793325615926888e-09
4057,1.7949920026754934e-09
4058,1.7928983594982165e-09
4059,1.7940298537486399e-09
4060,1.7970596916382832e-09
4061,1.7926224880639737e-09
4062,1.8002531061868312e-09
4063,1.793560426282895e-09
4064,1.794523791007891e-09
4065,1.7964487483888362e-09
4066,1.798206948803113e-09
4067,1.799381229183467e-09
4068,1.795795708907548e-09
4069,1.7949370706899697e-09
4070,1.7980908788252843e-09
4071,1.7938854750442549e-09
4072,1.7928947912347081e-09
4073,1.7944703295700319e-09
4074,1.7930035584142934e-09
4075,1.7943797471398552e-09
4076,1.7972489659076423e-09
4077,1.8000073797822647e-09
4078,1.79370841300796e-09
4079,1.7938200290524636e-09
4080,1.7937793729677638e-09
4081,1.79342244918538e-09
4082,1.7927033266186178e-09
4083,1.7932819348184724e-09
4084,1.7993840006513572e-09
4085,1.7933970490098713e-09
4086,1.7938577639418837e-09
4087,1.7929161848661584e-09
4088,1.7934334356134067e-09
4089,1.7929431120303611e-09
4090,1.7939031935435242e-09
4091,1.7957106486974904e-09
4092,1.7945766492554233e-09
4093,1.7935038478657357e-09
4094,1.793547326129552e-09
4095,1.7937302164426354e-09
4096,1.7937593476586713e-09
4097,1.7939164261447682e-09
4098,1.7925520778913075e-09
4099,1.792797330079925e-09
4100,1.7930206393146503e-09
