global_step,phi,x2_mean,bc_clean_nrmse,negative_fraction,clamp_fraction,active_fraction,update_cosine_to_floor,update_norm_ratio_to_floor,active_update_energy_fraction
1,3.4011442103967075e-08,3.3609238516965123e-12,389.48660711339784,0.6830390148335899,0.6851602382395213,0.31483976176047873,0.5933958395165467,0.46157207773157294,0.056338536760783285
2,3.4011442103967075e-08,3.2528719458529146e-12,320.67745800632565,0.6324569967559904,0.635707777159433,0.36429222284056695,0.6619505169942359,0.5332937710681848,0.058773299806769
3,3.4011442103967075e-08,4.596835407086017e-12,235.74554287974706,0.6086872112793721,0.6127123404394946,0.3872876595605053,0.6970609209712206,0.5693401202238133,0.061551101796593656
4,3.4011442103967075e-08,3.4080647915368056e-12,226.9019228771284,0.5941692463100922,0.5988623440462646,0.4011376559537354,0.7195346308716603,0.5920289636005978,0.06417762328876987
5,3.4011442103967075e-08,3.5196732011562776e-12,206.77648842848905,0.5842512801428958,0.5896183360368916,0.4103816639631083,0.7358799674045955,0.6083569375467904,0.06664595315687306
6,3.4011442103967075e-08,3.5971078469683348e-12,195.8034800086081,0.5771501101171588,0.582988520055073,0.4170114799449271,0.7482369137259881,0.6205907019974795,0.06883702433779237
7,3.4011442103967075e-08,3.4457939374118995e-12,184.06404202717036,0.5712067522899082,0.5775685995915105,0.4224314004084895,0.7580630758979956,0.630165643501829,0.07069541935849134
8,3.4011442103967075e-08,3.766824311630631e-12,175.05729173976164,0.5666978992974221,0.5735287568935529,0.42647124310644713,0.7663705642057609,0.638229763629642,0.0724888937664619
9,3.4011442103967075e-08,2.861158033465505e-12,173.20198697892374,0.5627156086678102,0.5700106588513909,0.4299893411486091,0.7735417341174846,0.6450983977665808,0.07446083513841684
10,3.4011442103967075e-08,3.0640907475287658e-12,170.1226511396483,0.5596874844563843,0.5673717272469461,0.432628272753054,0.779754523329589,0.651140047324837,0.07607472405331303
11,3.4011442103967075e-08,2.7231610346265948e-12,167.9615858835696,0.5569076674719616,0.5649990716148251,0.4350009283851749,0.7850605601880657,0.6562452158549221,0.07732893521486209
12,3.4011442103967075e-08,2.864816200242955e-12,164.48063485107895,0.55455102746067,0.5630148273398887,0.4369851726601113,0.7898421363133633,0.6606949905623185,0.07898816704596281
13,3.4011442103967075e-08,2.8496166618943425e-12,163.15447946292426,0.5525407415258485,0.5613469892325549,0.4386530107674451,0.7943765744763001,0.6651862703669168,0.08030442329795923
14,3.4011442103967075e-08,2.816206810003475e-12,161.06228700810848,0.5507051951288554,0.5598618333693143,0.4401381666306858,0.7981342905513636,0.6686646703563417,0.08155160930041926
15,3.4011442103967075e-08,2.632190102919406e-12,159.0786567645199,0.5489900914088304,0.5584753753970376,0.4415246246029623,0.8017159608425697,0.6720962237974625,0.08272916280273074
16,3.4011442103967075e-08,2.7783766463840484e-12,156.4671631294279,0.5473199095521069,0.5571222507494139,0.44287774925058615,0.8048764215096796,0.6749115667689182,0.08394982339550242
17,3.4011442103967075e-08,3.1043254203535453e-12,153.58272297440922,0.5458347536888662,0.5559490739715953,0.4440509260284047,0.8079560372463158,0.6778057554727843,0.08517390126663425
18,3.4011442103967075e-08,3.5784385070254814e-12,149.87184772006268,0.5445902227629629,0.5550460794150834,0.4449539205849165,0.8107916229831987,0.6804228265513584,0.0865071816943992
19,3.4011442103967075e-08,3.561581885405861e-12,145.6790362264932,0.5435514209501507,0.5542370952507565,0.44576290474924357,0.8134145678214845,0.6828693352581217,0.08739963232116925
20,3.4011442103967075e-08,2.6993402763533126e-12,143.46337815458284,0.5423130098143204,0.5532738142516108,0.4467261857483891,0.8158453063168917,0.6850545181435542,0.08860530689391512
21,3.4011442103967075e-08,2.9004665356475323e-12,140.9476911517558,0.5412294163465061,0.552558970687768,0.44744102931223195,0.8180303497995705,0.6870211699468567,0.08956096336364329
22,3.4011442103967075e-08,2.9900153341586346e-12,138.28758436926645,0.5401915259917901,0.5516774605006614,0.44832253949933865,0.8202216240612823,0.6890002463932725,0.09064870540519952
23,3.4011442103967075e-08,2.858255128759808e-12,136.01855086429623,0.5392969949747409,0.5511175648131341,0.4488824351868658,0.8221629462750009,0.6907831886401932,0.09150394013554068
24,3.4011442103967075e-08,2.741214212359813e-12,134.49521930660208,0.5386982972139851,0.5507291534559496,0.44927084654405036,0.8241618185606718,0.6927224430914513,0.09213929488038529
25,3.4011442103967075e-08,3.283693934279255e-12,132.26836594604796,0.5377287662164671,0.5500216015568746,0.4499783984431254,0.8259402051731293,0.6942720342208941,0.09323964346265563
26,3.4011442103967075e-08,2.854135796748352e-12,130.36021228132594,0.5369364487144664,0.5494619662859462,0.4505380337140537,0.8276575162391948,0.6957339971957769,0.09407047343392014
27,3.4011442103967075e-08,3.169210762427667e-12,128.10538949558034,0.5361726468300398,0.5489141799702656,0.45108582002973435,0.8294046503872259,0.6973757445180473,0.09497781454421839
28,3.4011442103967075e-08,3.604710573599771e-12,125.58630234129252,0.5355179595005314,0.5485899613046976,0.45141003869530244,0.8310515935141221,0.6988546085106621,0.09590986514404413
29,3.4011442103967075e-08,2.8590550811535595e-12,124.30011480482543,0.5349014232027544,0.5481838416187912,0.45181615838120875,0.8326195828693557,0.7003250220221401,0.09665967118919216
30,3.4011442103967075e-08,2.7960697958523897e-12,123.22913479949926,0.5344161368707977,0.5478682167009853,0.45213178329901477,0.8341932861651765,0.7018989512175746,0.0973877293702641
31,3.4011442103967075e-08,2.9301655416987022e-12,121.74388462025142,0.5338291578569901,0.5474753782616203,0.45252462173837976,0.8356592734260588,0.7032813171359662,0.09825107859126288
32,3.4011442103967075e-08,3.3353891869096e-12,119.77885780196256,0.5333045486186071,0.5472270710346169,0.45277292896538307,0.8370734055813382,0.7046066660821271,0.09895351588350794
33,3.4011442103967075e-08,3.159559107112669e-12,118.3084403993962,0.5327153560637093,0.546970300268151,0.45302969973184903,0.8383134592222689,0.7057758930420505,0.09959921926920447
34,3.4011442103967075e-08,3.1175112068863097e-12,116.73517494899528,0.5322548093086434,0.5466076701542526,0.45339232984574745,0.8395695484595104,0.7068964400576919,0.10023952489376753
35,3.4011442103967075e-08,2.9926449034680295e-12,115.54463968183329,0.5319044187748909,0.5464971233080408,0.4535028766919592,0.8407649763628338,0.7080152114988859,0.10091747967742351
36,3.4011442103967075e-08,2.8938441548636004e-12,114.28165657183301,0.5314242105666118,0.5461938681786802,0.45380613182131985,0.8419837256376798,0.7091964850502812,0.10154868126716392
37,3.4011442103967075e-08,3.077354891797905e-12,112.99245928517995,0.5308910075804668,0.5458674359720219,0.45413256402797814,0.8431394972992367,0.7101972708502858,0.10247256142440767
38,3.4011442103967075e-08,3.3017781567811905e-12,111.54115435188544,0.5304242108270284,0.5456893110184086,0.45431068898159144,0.8441693939673438,0.7111047694969411,0.10298787667280007
39,3.4011442103967075e-08,3.4065968761506356e-12,109.60366079327682,0.5299946536472256,0.5454348840013323,0.4545651159986677,0.8451857677150786,0.7120002533968979,0.10368723601556457
40,3.4011442103967075e-08,3.5283837986212678e-12,107.97786442955184,0.5294923100280443,0.5451214726246165,0.4548785273753835,0.8461562543093857,0.7127534432054382,0.10447531878086805
41,3.4011442103967075e-08,3.17102429435076e-12,106.71204407534735,0.5292113205178853,0.545008842445614,0.45499115755438607,0.8471758974070975,0.7136997763434257,0.10515815357065741
42,3.4011442103967075e-08,2.711714173000339e-12,105.84588307313687,0.5287337164755946,0.5446870977377349,0.45531290226226506,0.8481037946587578,0.7144951610528979,0.10567785108820187
43,3.4011442103967075e-08,3.031485832431309e-12,104.84133942769257,0.5283581957400532,0.5445350144440066,0.45546498555599335,0.8490117418172475,0.7153604339214104,0.10632726301895817
44,3.4011442103967075e-08,3.1214297042094985e-12,103.72214557831332,0.5281873624512077,0.5445341029859107,0.4554658970140893,0.8499537114145068,0.716245810889378,0.10678315190974524
45,3.4011442103967075e-08,2.725619186856304e-12,103.03146409000252,0.5278467375399121,0.5444454311340023,0.4555545688659977,0.8508975539396899,0.7171085843414602,0.10733108620811528
46,3.4011442103967075e-08,3.287116342287183e-12,101.79025496873857,0.5274251230663742,0.5441818895359662,0.45581811046403375,0.8518024663873112,0.7180007873028961,0.10814755756333806
47,3.4011442103967075e-08,3.2589068232257356e-12,100.65719454678808,0.5270838471135815,0.5440283739509443,0.4559716260490557,0.8526808519769385,0.7187211831837335,0.10869036003032866
48,3.4011442103967075e-08,3.0849886214156493e-12,99.49093094615469,0.5268067638524052,0.5439288948101837,0.45607110518981636,0.8535921888188998,0.7196035494098244,0.10912158764520737
49,3.4011442103967075e-08,2.585445362397569e-12,98.80139524935255,0.5265296805912291,0.5438296760860218,0.45617032391397816,0.8543577054260069,0.7203945493929491,0.10963306150970052
50,3.4011442103967075e-08,2.8764695673468627e-12,98.09910262595119,0.5262744723243562,0.5437386604847239,0.45626133951527614,0.8551148414929497,0.720951078482055,0.11030968005702145
51,3.4011442103967075e-08,3.577272453758945e-12,96.94579926706267,0.5260101494765236,0.543637879260969,0.45636212073903104,0.8559135672381767,0.7218114547858112,0.11070139317535925
52,3.4011442103967075e-08,3.0302019144585376e-12,96.15947775660707,0.5257046808060727,0.5435532438663427,0.45644675613365726,0.8567287315293444,0.7226207495664966,0.11131341942303474
53,3.4011442103967075e-08,3.3073003093035665e-12,95.24822207247563,0.5256015558329281,0.5435923063561702,0.45640769364382977,0.8573310533967339,0.7231157401297419,0.11159697297425163
54,3.4011442103967075e-08,3.407307934147397e-12,94.3143302617392,0.5252972590371722,0.5433736866214358,0.45662631337856424,0.8581272157502869,0.7239511097510325,0.11229405954729885
55,3.4011442103967075e-08,3.2762049792956533e-12,93.15511693339229,0.5250167903602109,0.5433714730803455,0.45662852691965444,0.8588353995328851,0.7246351106238118,0.11263707814124035
56,3.4011442103967075e-08,2.8915305524104364e-12,92.71074502124063,0.5246856706547732,0.5432165252040299,0.4567834747959701,0.859588654575454,0.7253184397182195,0.11315070242462537
57,3.4011442103967075e-08,3.731616106440765e-12,91.57935355218171,0.5245242123634863,0.5431697804245363,0.45683021957546366,0.8602443537177207,0.7259273976804063,0.11347767238162162
58,3.4011442103967075e-08,3.3030452767183977e-12,90.55733593611716,0.524229941606786,0.5429662648525352,0.4570337351474648,0.8609430436806158,0.7264711312934844,0.11438320654317195
59,3.4011442103967075e-08,3.656766747427222e-12,89.49438197125312,0.5240472593626929,0.5430279835864626,0.4569720164135374,0.8616148660135411,0.7272458008438075,0.11457712871323437
60,3.4011442103967075e-08,2.7864262166581264e-12,88.94449692755337,0.5237770771413862,0.5429235565303239,0.4570764434696762,0.8623196628122546,0.7278876452839002,0.11507803476135953
61,3.4011442103967075e-08,3.5633796126101886e-12,88.08972733754946,0.5236097594766251,0.5429115773667768,0.45708842263322325,0.8630061634821232,0.728642972379488,0.1154410456298471
62,3.4011442103967075e-08,2.931293915036934e-12,87.61772999598375,0.523394004324478,0.5429226450722279,0.45707735492777213,0.8636626804711051,0.7293661338587999,0.11580365085419221
63,3.4011442103967075e-08,3.273928182193006e-12,86.84575969893947,0.5232980408078018,0.5428795461251182,0.4571204538748818,0.8641296820499024,0.7296835281656386,0.11621522123859582
64,3.4011442103967075e-08,3.3922148935404397e-12,86.17606845234232,0.5229956971365372,0.5427964732300851,0.4572035267699149,0.8646877171725669,0.7301169859686303,0.11679193843515459
65,3.4011442103967075e-08,2.6512069609791984e-12,85.77839152689772,0.5228950461210817,0.5428447805091717,0.45715521949082827,0.8652723915182796,0.730741892091138,0.11705945105518256
66,3.4011442103967075e-08,3.4813912260659146e-12,84.89942629527503,0.5226844993009117,0.5428232961397667,0.45717670386023335,0.8657497612097348,0.731012610836169,0.1177804272321706
67,3.4011442103967075e-08,3.4343959676322882e-12,84.17988117489355,0.5225994732813871,0.5428542857150298,0.45714571428497025,0.8663044382570063,0.7315787131935453,0.11804234808523585
68,3.4011442103967075e-08,2.8563028366863547e-12,83.69098310163709,0.5224535097777319,0.5428691294611642,0.4571308705388358,0.8667916358212225,0.7319510727000248,0.1185245669075632
69,3.4011442103967075e-08,3.0777885560751508e-12,83.12527876661645,0.522288405654061,0.5427790253179622,0.4572209746820378,0.8673422894241868,0.7325291021730855,0.1188450835235128
70,3.4011442103967075e-08,3.096836408163535e-12,82.61314168749908,0.5219882755238866,0.5426900930494549,0.4573099069505451,0.8678087935448587,0.7328624900409865,0.11944222689974107
71,3.4011442103967075e-08,2.9370202519665525e-12,82.09830374185931,0.5217894474506647,0.5426074107793201,0.4573925892206799,0.8683084099420628,0.7332272806253232,0.1201449484573409
72,3.4011442103967075e-08,3.0831031202772146e-12,81.58855779120275,0.5217204370519695,0.542695952422929,0.45730404757707094,0.8688714246324352,0.7338531973848554,0.12022207953410431
73,3.4011442103967075e-08,3.239196759783649e-12,81.01742459088479,0.5215247339779339,0.5426341034807022,0.45736589651929777,0.8693916957386045,0.7343570187687727,0.1207999190971275
74,3.4011442103967075e-08,2.9237932803667315e-12,80.60507291136022,0.521336322568666,0.542662228473378,0.457337771526622,0.8700359407427012,0.7352112019223466,0.12086166330889322
75,3.4011442103967075e-08,3.6016216045527462e-12,79.89617349368831,0.5212440048843737,0.5427084524196738,0.45729154758032614,0.8704953150589144,0.7356693229366698,0.12146307162562532
76,3.4011442103967075e-08,2.9961659439079794e-12,79.45682817229209,0.5211859319828303,0.5428162648915977,0.4571837351084023,0.8710245934952294,0.7361755244838147,0.12161692707423775
77,3.4011442103967075e-08,3.1570767622026438e-12,78.98613050119198,0.5209945257826756,0.5427525930331789,0.4572474069668211,0.8714926014891359,0.7365525417556072,0.12187191593173183
78,3.4011442103967075e-08,3.0150049040090904e-12,78.55257500330374,0.5208407497810548,0.5427019420047026,0.4572980579952974,0.8718154464429065,0.7366372432031233,0.1227897964877142
79,3.4011442103967075e-08,3.1737945486308733e-12,78.10278429778495,0.5207255154360637,0.5428153534335017,0.45718464656649827,0.8722820711986021,0.737190775466815,0.1227374615023591
80,3.4011442103967075e-08,3.2228806909947626e-12,77.60850582009701,0.520714577938912,0.5427635305303306,0.4572364694696694,0.87277799224002,0.7376373710679622,0.1232950973672707
81,3.4011442103967075e-08,3.1458306999347345e-12,77.14518724424543,0.5204274686386801,0.542678764927405,0.45732123507259503,0.8733042663129877,0.7381789136254315,0.12373035788086557
82,3.4011442103967075e-08,2.6159557217862834e-12,76.8934297739844,0.520306114503616,0.5426679576385527,0.4573320423614473,0.8737192251490581,0.738603468537114,0.12400439791617787
83,3.4011442103967075e-08,2.8675950608052596e-12,76.61882556704725,0.5201604114165596,0.5426601451405872,0.4573398548594128,0.8740835724921069,0.738924289330841,0.12430333112813644
84,3.4011442103967075e-08,3.4868907521189616e-12,76.06896299220935,0.5200265572847507,0.5426564993082033,0.4573435006917967,0.8745073631804475,0.7393357137694808,0.12485012603647318
85,3.4011442103967075e-08,3.399503996546921e-12,75.59375563580996,0.5198253854621392,0.5426469941023453,0.4573530058976547,0.8749331736452362,0.7397599263872218,0.12519379921832188
86,3.4011442103967075e-08,3.0182024189363505e-12,75.19108469393922,0.519748432357179,0.5426972545059233,0.4573027454940767,0.8752752243448831,0.7400807923823658,0.1254258288225387
87,3.4011442103967075e-08,2.9393809258821753e-12,74.83826863847679,0.5197458281911905,0.5428217336401735,0.45717826635982645,0.8757689346561075,0.7406537174034387,0.1256427094628311
88,3.4011442103967075e-08,3.3482826645961806e-12,74.42515874726294,0.5196760365426988,0.5429636606865467,0.4570363393134533,0.8761018983371792,0.7409773703028287,0.1257824962887449
89,3.4011442103967075e-08,3.3238801513769793e-12,73.94860292248045,0.5195592396981147,0.542907671117794,0.457092328882206,0.8765747074256739,0.7414573244689614,0.1262657334152645
90,3.4011442103967075e-08,3.4642451562324876e-12,73.45332496699791,0.519474474095189,0.5429747283919978,0.45702527160800216,0.8770963800574189,0.7421831888606233,0.12637727857840947
91,3.4011442103967075e-08,3.6085866259465496e-12,72.95928935814999,0.5193352814231038,0.5429971242194989,0.4570028757805011,0.8775716468055657,0.7427767049925954,0.1265329168093578
92,3.4011442103967075e-08,2.94660037640146e-12,72.61328065761784,0.5192450470716024,0.5430429575408965,0.4569570424591035,0.8780351363045312,0.7434138185550657,0.12650891763708483
93,3.4011442103967075e-08,3.33418729798662e-12,72.09733330508372,0.5191265575191256,0.5430098846328425,0.45699011536715745,0.878453683334266,0.743813644155772,0.12704840482861782
94,3.4011442103967075e-08,2.6680248344796875e-12,71.83312786592337,0.5190600210781195,0.543108712732106,0.45689128726789396,0.8787805411392687,0.7440174823481196,0.12759694554044365
95,3.4011442103967075e-08,3.2444051628894602e-12,71.39550467151399,0.5188537711318304,0.5431110564814957,0.4568889435185043,0.8791474321280361,0.7443372968030362,0.12785439835273635
96,3.4011442103967075e-08,3.2056049011090767e-12,70.95705431615245,0.5187446565769124,0.5430420460828005,0.4569579539171995,0.8794638243856732,0.7445720039774328,0.12827157722452265
97,3.4011442103967075e-08,2.9162689054957914e-12,70.68170768102041,0.5186001253645507,0.5430807179477297,0.4569192820522703,0.8797998533829033,0.7449345507484672,0.12864140680853706
98,3.4011442103967075e-08,2.5660217514014473e-12,70.48736340608033,0.5185539014182549,0.5431226450201445,0.4568773549798555,0.8801538822773131,0.7452647499801685,0.1288413128466152
99,3.4011442103967075e-08,3.013756671154822e-12,70.13045482540662,0.5184951774752142,0.543212879371646,0.456787120628354,0.8805557873214314,0.7456401906857023,0.12914915114950526
100,3.4011442103967075e-08,3.036530961022952e-12,69.79745258285831,0.5184425733222465,0.5431542856369048,0.45684571436309523,0.8809300219675127,0.7460236134108713,0.12966163222621382
101,3.4011442103967075e-08,3.1835494275392326e-12,69.49828228476807,0.5183361931416164,0.5431545460535037,0.4568454539464964,0.8813100449459371,0.7465163447079489,0.1296508750049841
102,3.4011442103967075e-08,3.302135072594759e-12,69.08612111147205,0.5182070265085869,0.5432540251942642,0.45674597480573575,0.8816158174115443,0.7467176480697817,0.12988322715937392
103,3.4011442103967075e-08,2.9606481822783094e-12,68.80842405672917,0.5181075473678262,0.5431708220909317,0.45682917790906824,0.881960662219475,0.7470018260397284,0.13043543888823744
104,3.4011442103967075e-08,3.2316437390372424e-12,68.48516940324961,0.5179712192783283,0.5431579314692887,0.4568420685307113,0.8823136834131838,0.7472709243113019,0.13080132642112674
105,3.4011442103967075e-08,2.6884017616706314e-12,68.24552318304117,0.51783046410665,0.5432486866539878,0.45675131334601216,0.8826406174605677,0.7476271411810114,0.1310568093579532
106,3.4011442103967075e-08,2.5878204382908534e-12,68.07384830030307,0.5177775995370835,0.543299598099063,0.456700401900937,0.8829634151023915,0.7479024204463636,0.13137668403368502
107,3.4011442103967075e-08,3.14278558510876e-12,67.81947961522057,0.5177535110016899,0.5432884001853124,0.45671159981468756,0.8832730797140456,0.7482411002769758,0.13173519779468307
108,3.4011442103967075e-08,3.12875903714663e-12,67.453858674959,0.5176877558104802,0.5433434782959692,0.4566565217040308,0.8836002976038426,0.7486292045848932,0.1318291838472469
109,3.4011442103967075e-08,3.1237431940726556e-12,67.12983266912448,0.5176201777030788,0.5435473844928687,0.4564526155071314,0.88396776254283,0.7490762154533175,0.13194133819207954
110,3.4011442103967075e-08,3.5561411567571396e-12,66.68711967057722,0.5175150996054428,0.5435114470022273,0.45648855299777263,0.8842783761041134,0.7493276836566827,0.13222528929610333
111,3.4011442103967075e-08,2.6578070178712632e-12,66.495357760629,0.5174456985818493,0.5434828011763538,0.45651719882364616,0.8845440294219921,0.7495592818487193,0.1326512672936853
112,3.4011442103967075e-08,3.6763868487932974e-12,66.02849977572635,0.5172751257096027,0.5434402230624419,0.4565597769375581,0.8848570594752018,0.7498683563916959,0.1328524919257093
113,3.4011442103967075e-08,3.40811791356853e-12,65.6627412099233,0.5171412715777939,0.5434583220160619,0.456541677983938,0.8852124458054121,0.750296126267761,0.13304537259406632
114,3.4011442103967075e-08,3.377916039670746e-12,65.37182172702529,0.517035282022062,0.5434454313944189,0.4565545686055811,0.8855167842602556,0.7505522127166023,0.13338269889093865
115,3.4011442103967075e-08,3.420609801000193e-12,65.01774924992603,0.5169328080904145,0.5434165251519466,0.45658347484805345,0.8858119472009194,0.7508336418493277,0.13381095646577634
116,3.4011442103967075e-08,3.562083024169646e-12,64.67167955045544,0.5169063758056313,0.5434615772235476,0.4565384227764524,0.8860801087662084,0.7510579603821113,0.13395812254174033
117,3.4011442103967075e-08,3.2970194309043575e-12,64.31692988814936,0.5168885372686101,0.5434971240892906,0.45650287591070937,0.8863128151995314,0.7512756497993526,0.13433605644832783
118,3.4011442103967075e-08,3.119919681296229e-12,64.0569839484856,0.516697000860156,0.5435416553276939,0.45645834467230606,0.8865488208275132,0.7515277932615705,0.1345246180970784
119,3.4011442103967075e-08,3.1603557719284664e-12,63.80740254756445,0.5166895789870888,0.5436163948915639,0.4563836051084362,0.8868302909776226,0.7518576426053902,0.134650676022873
120,3.4011442103967075e-08,3.212165454600354e-12,63.516741527770144,0.5166244748373764,0.5437538948557565,0.45624610514424346,0.8871590344394036,0.7522607993984057,0.13462165169226137
121,3.4011442103967075e-08,2.860636064083789e-12,63.329184135201544,0.5165522092311955,0.5437747281836646,0.4562252718163355,0.8874174772438076,0.7525408350319956,0.1350075049099868
122,3.4011442103967075e-08,3.1203591044767747e-12,63.08070495309205,0.5165512977730995,0.543865873993262,0.456134126006738,0.8878141346891553,0.7530563321800227,0.1350240649257159
123,3.4011442103967075e-08,3.193188692857183e-12,62.80898155931995,0.5164234332230643,0.5438143115066897,0.4561856884933103,0.8881131668031089,0.7533004599608881,0.13550524324955787
124,3.4011442103967075e-08,3.6988730531825626e-12,62.45394871275071,0.5163611936559391,0.5438417854578683,0.4561582145421316,0.8883823153135487,0.753540137608733,0.1358064311636064
125,3.4011442103967075e-08,2.6692898353511727e-12,62.30346166679009,0.51624101139557,0.5438988166930165,0.4561011833069835,0.888651422238804,0.7538208071542699,0.13608723039653545
126,3.4011442103967075e-08,3.221878379931328e-12,62.05744290722324,0.5162279905656274,0.544016655203996,0.45598334479600394,0.8889267058099126,0.7541858728795153,0.13602915025258833
127,3.4011442103967075e-08,2.869451101885632e-12,61.85658710900779,0.5161428343378036,0.5439570198028594,0.45604298019714057,0.8892129224428024,0.7544207279513307,0.13665920153552014
128,3.4011442103967075e-08,3.0223443637952973e-12,61.675770835725565,0.5159292927267467,0.5439704312577002,0.45602956874229983,0.8894693925676718,0.7546758417707834,0.13700967266883407
129,3.4011442103967075e-08,3.234487844897084e-12,61.428293430361116,0.515990360419177,0.5441324103821849,0.4558675896178152,0.8897065140200733,0.7549680439086449,0.1369914294657556
130,3.4011442103967075e-08,3.095148859967704e-12,61.20030334483081,0.5159190062710921,0.5442097541120432,0.4557902458879568,0.889967652574285,0.755321830625833,0.13718242536062725
131,3.4011442103967075e-08,2.665031138804996e-12,61.08565877512676,0.51589231356971,0.5442506395180626,0.45574936048193737,0.8902117336325753,0.7555232715621597,0.13753290585752156
132,3.4011442103967075e-08,2.8128834598149297e-12,60.91650578058696,0.5158283812946923,0.5443199103333567,0.4556800896666433,0.8904959201529944,0.7558393906524185,0.1376706018072663
133,3.4011442103967075e-08,3.2575262437587502e-12,60.707286211872855,0.5158097615078746,0.5444131394757449,0.45558686052425507,0.8907219711531629,0.756023566670641,0.13795530070685505
134,3.4011442103967075e-08,3.704911772449838e-12,60.41916906508509,0.5156436157178084,0.5444213425986087,0.4555786574013913,0.8909269066973642,0.7562298260127891,0.13802285166694617
135,3.4011442103967075e-08,2.6695993319138262e-12,60.28850760245492,0.5156509073825762,0.5444105353097565,0.4555894646902436,0.8912706386176941,0.7566804370468829,0.13822687700320388
136,3.4011442103967075e-08,3.069988206910789e-12,60.10455579727711,0.5156292928048717,0.5444601446718373,0.45553985532816266,0.8914233571635065,0.7568499809162396,0.13830545119130253
137,3.4011442103967075e-08,3.163887696272813e-12,59.89208262123179,0.5155242147072358,0.5445683477686595,0.4554316522313406,0.89169467747434,0.757117689931443,0.1386499991502935
138,3.4011442103967075e-08,3.3118393365396936e-12,59.64481403044818,0.5155520792833127,0.544694780027401,0.455305219972599,0.892012928259535,0.7575549861263158,0.13870101557565148
139,3.4011442103967075e-08,3.2243698857215014e-12,59.45284138157226,0.5155045532540226,0.5446643112853357,0.4553356887146644,0.8921666437072253,0.7576200171963571,0.1391031671480658
140,3.4011442103967075e-08,2.7775428778111975e-12,59.312343489448715,0.5155061157536157,0.5447830612544111,0.4552169387455889,0.892359352692139,0.7578042121888475,0.13927045322213913
141,3.4011442103967075e-08,3.1693064881705567e-12,59.02225876135904,0.5154665324305905,0.5447856654203996,0.45521433457960037,0.8925957450136538,0.7580086904714273,0.13953504259646585
142,3.4011442103967075e-08,2.94426575223193e-12,58.832604134102674,0.5153188762190426,0.544745040430979,0.45525495956902096,0.892877726918253,0.7583259099261451,0.1399200644766377
143,3.4011442103967075e-08,3.0188268281118104e-12,58.61596724926899,0.5153270793419065,0.544915092470028,0.455084907529972,0.8930897480115304,0.7585647842629788,0.13998990354126287
144,3.4011442103967075e-08,3.08875863360401e-12,58.397778553033476,0.5153080689301904,0.544917566427717,0.4550824335722829,0.8932514101316322,0.7585619313158144,0.1403344835984998
145,3.4011442103967075e-08,3.1667245859402527e-12,58.20887675943423,0.5152734335225434,0.5450350143137983,0.45496498568620164,0.8934839187052177,0.7587900835769684,0.1404462567414575
146,3.4011442103967075e-08,3.1630101230148388e-12,58.01451001808131,0.5152466106128618,0.5450916549240482,0.4549083450759518,0.8937880726754623,0.7592255311734849,0.1406774318432201
147,3.4011442103967075e-08,3.1868053007279047e-12,57.787383671521454,0.5151432252231184,0.545196993438283,0.454803006561717,0.894023248166032,0.7595177797407469,0.14077262140883848
148,3.4011442103967075e-08,3.002928169969145e-12,57.576969518945326,0.5151710897991953,0.5452499882161489,0.4547500117838511,0.8942463855541062,0.7597666967890324,0.14088618059693683
149,3.4011442103967075e-08,2.9366953292885978e-12,57.41997798574047,0.5150567669123003,0.5452269413471507,0.4547730586528493,0.8944915872036572,0.7600487264589091,0.14111259722517672
150,3.4011442103967075e-08,3.1024365632912644e-12,57.23574992514298,0.5149395794428179,0.5451762903186744,0.4548237096813256,0.8946509247170508,0.7600339655234771,0.14161260208721552
151,3.4011442103967075e-08,3.1809931933391507e-12,57.07129839708793,0.5149654908944035,0.5452511600908437,0.45474883990915627,0.8949046918920177,0.7603781598278723,0.1418962515935663
152,3.4011442103967075e-08,3.0265937027716997e-12,56.91936996523908,0.5149200481979042,0.5452908736221683,0.4547091263778317,0.8951600670625938,0.7607557555080803,0.14190400875165565
153,3.4011442103967075e-08,3.7091087744328476e-12,56.630740889407356,0.5147790326096269,0.5453826704732629,0.4546173295267371,0.8953588392927488,0.7609097491304951,0.14203624503716705
154,3.4011442103967075e-08,2.8735091263686025e-12,56.474994144397144,0.5147458294932735,0.5453814985985681,0.45461850140143195,0.8955990891168855,0.761208307628548,0.1424363513952352
155,3.4011442103967075e-08,3.2534706242242017e-12,56.24726081687873,0.5146634076397376,0.5454437381656931,0.4545562618343068,0.8957486421381441,0.7613037384330315,0.1425730085904463
156,3.4011442103967075e-08,3.057996491637788e-12,56.086661363563785,0.5147286419977495,0.5455592329272831,0.4544407670727169,0.8959639437376317,0.7615745148678372,0.1426524153074004
157,3.4011442103967075e-08,2.719893928976432e-12,55.94005278760151,0.5145876264094723,0.545545430847544,0.45445456915245597,0.896204474076153,0.7617668345691135,0.14319622391244247
158,3.4011442103967075e-08,3.1109765977993185e-12,55.76225347041702,0.5145989545315223,0.5457563682926124,0.4542436317073876,0.8964087344762373,0.7620953521585463,0.14306547470644113
159,3.4011442103967075e-08,3.114058758048618e-12,55.609466793772754,0.5144486941539859,0.5457816287027009,0.45421837129729914,0.8965372690448078,0.762078771748392,0.14347888532411368
160,3.4011442103967075e-08,3.2382510029802247e-12,55.4098338485888,0.514493485808988,0.5457156130948925,0.4542843869051076,0.8967828046008571,0.7623788446767293,0.1435939467506059
161,3.4011442103967075e-08,3.267864443761713e-12,55.230047228333426,0.5144768191466617,0.5458318891062789,0.4541681108937211,0.8969757678457013,0.7626525132713751,0.14381282510014476
162,3.4011442103967075e-08,3.223332869346344e-12,54.990024711923425,0.5143072879408105,0.545856758891469,0.45414324110853094,0.8971028015010782,0.7627539003732088,0.1437947517395741
163,3.4011442103967075e-08,3.402092089515498e-12,54.77687349443418,0.5143377566828758,0.5459688682372739,0.4540311317627261,0.8972717237737526,0.7628651478363156,0.14398664770032074
164,3.4011442103967075e-08,3.161962992197059e-12,54.62827182371638,0.5143368452247798,0.5459597536563141,0.45404024634368584,0.897471916668011,0.7630386519746535,0.1442551964741902
165,3.4011442103967075e-08,3.2398480759843614e-12,54.45575437849348,0.5143067671076127,0.5459755088605446,0.4540244911394554,0.8977303981014182,0.7632783916932174,0.14459134152704056
166,3.4011442103967075e-08,3.1494271273827194e-12,54.323001250394505,0.5142852827382076,0.5460533734236007,0.45394662657639934,0.8980159128809948,0.7636734810632114,0.14477838899107934
167,3.4011442103967075e-08,2.716099390171744e-12,54.2102783012688,0.5142115848407331,0.546149076523678,0.453850923476322,0.8982444709647966,0.7640645348005423,0.14492857453291272
168,3.4011442103967075e-08,2.761746164777137e-12,54.1208198356014,0.5142014285933779,0.5461722536009757,0.4538277463990244,0.8983249637341412,0.764023335108313,0.1449670672490716
169,3.4011442103967075e-08,3.6187127616720403e-12,53.87013753878502,0.5141723921426062,0.5463325400175677,0.4536674599824323,0.8985619580934707,0.7643821249015105,0.14519064353917224
170,3.4011442103967075e-08,3.6077614759562733e-12,53.67479250893918,0.5141114546584753,0.5463938681265968,0.45360613187340315,0.8987327350386165,0.7644663295903272,0.14558608499551698
171,3.4011442103967075e-08,2.8421935929281907e-12,53.55538571969715,0.5140339807203175,0.5464410035309887,0.4535589964690113,0.8989846264792496,0.7648106872604881,0.14561346609277045
172,3.4011442103967075e-08,3.054435573324164e-12,53.397907745863975,0.5140645796706824,0.5464446493633726,0.45355535063662744,0.8992873965828491,0.7652597178968708,0.14578630886554103
173,3.4011442103967075e-08,2.9763185613759653e-12,53.28698380277481,0.5140031213533538,0.5465298055911965,0.45347019440880354,0.8994356704443748,0.7653928034015668,0.1458879639901825
174,3.4011442103967075e-08,2.469959059165867e-12,53.22877086917616,0.5139417932443247,0.546466524357676,0.45353347564232405,0.8995665654444742,0.765486571344737,0.14589295438928898
175,3.4011442103967075e-08,3.325631110511687e-12,53.05126718699597,0.5139012984632035,0.5465018108068201,0.4534981891931799,0.8997021021515643,0.7655494199352512,0.146371812443939
176,3.4011442103967075e-08,3.3108014473625674e-12,52.87879259853979,0.5137835901605234,0.5466450399361875,0.4533549600638125,0.8998705974125792,0.7657145745736006,0.14654286299049876
177,3.4011442103967075e-08,3.3406837949151637e-12,52.74586757378937,0.5137368453810298,0.5466830607596196,0.4533169392403804,0.900085293919175,0.7660580546683953,0.146448537440214
178,3.4011442103967075e-08,3.2392057223498363e-12,52.57703309106548,0.513726168300477,0.5466994670053471,0.45330053299465284,0.9002459022157998,0.7661957026141085,0.14672943695756474
179,3.4011442103967075e-08,3.166281331331909e-12,52.44599318907383,0.5136644495665496,0.5467617065724723,0.45323829342752775,0.9003311755576865,0.76614150189067,0.14690281136720237
180,3.4011442103967075e-08,3.806814059991817e-12,52.250738815186274,0.5136717412313174,0.5467295451225143,0.4532704548774857,0.900475247846036,0.7662259227631435,0.1472359815182688
181,3.4011442103967075e-08,3.502942141403278e-12,52.07548035019359,0.513649866237014,0.5467808471924878,0.4532191528075123,0.9005886047328374,0.7662956549190039,0.1475894395387616
182,3.4011442103967075e-08,3.334086611690838e-12,51.92029273560857,0.5135904912524762,0.5469064982014328,0.4530935017985672,0.9008729177509442,0.766702135657876,0.1475764395844632
183,3.4011442103967075e-08,3.0945212498610215e-12,51.800275824219185,0.513453121496583,0.5468482950915898,0.45315170490841017,0.9011061575747625,0.7669927803142214,0.14807774371920068
184,3.4011442103967075e-08,3.5281182436190358e-12,51.62396153884322,0.5135039027333587,0.5470191283804353,0.4529808716195647,0.9013236621094269,0.7673337214232514,0.1479487961977029
185,3.4011442103967075e-08,3.5227316776376896e-12,51.44138810389854,0.5134079392166825,0.5470607950362513,0.45293920496374873,0.9015284451988198,0.7676045480843628,0.14808925730595762
186,3.4011442103967075e-08,3.2981702395055875e-12,51.26060851332695,0.5134321579603756,0.5471113158564281,0.45288868414357186,0.9016583594075553,0.7677595413152639,0.14838825342082188
187,3.4011442103967075e-08,3.099990007191225e-12,51.10559841370792,0.5133947881784405,0.5472070189565055,0.4527929810434945,0.901839735637928,0.7680585122597559,0.14836663375374656
188,3.4011442103967075e-08,3.202561842039306e-12,50.94690351774805,0.5133632777699797,0.5473100137213506,0.4526899862786494,0.9020211937037286,0.7682895007960345,0.1483517054340283
189,3.4011442103967075e-08,3.0819015038649038e-12,50.8273482578088,0.5133574183965056,0.5472889199768437,0.45271108002315624,0.9021467693991349,0.7683324458307097,0.14838192462216182
190,3.4011442103967075e-08,3.890022535520737e-12,50.586212112725526,0.5133358038188011,0.5473917845333894,0.45260821546661056,0.9022680932788383,0.7684663423302849,0.14862826232844015
191,3.4011442103967075e-08,3.1913487053121504e-12,50.454029922158135,0.513250256966079,0.5474975136725225,0.4525024863274775,0.9024739780470756,0.7687743821802692,0.14859066555110595
192,3.4011442103967075e-08,2.911032058929896e-12,50.35076165046385,0.5133390590262867,0.5474511595179272,0.4525488404820728,0.9026739874839312,0.7689232055449405,0.14908565574550886
193,3.4011442103967075e-08,2.6610149354360323e-12,50.22971046662432,0.5132514288407738,0.5474881386749639,0.4525118613250361,0.9028752991597491,0.7691916406749897,0.14923377044766248
194,3.4011442103967075e-08,3.59054395686817e-12,50.050055879901514,0.5131786424013952,0.547504414712392,0.45249558528760797,0.903010370252256,0.7693435650579951,0.14917513875852728
195,3.4011442103967075e-08,3.139288488331141e-12,49.92738990022883,0.5131326788716982,0.5474837115927834,0.4525162884072166,0.9031162957410971,0.7693432788142655,0.14965316291815
196,3.4011442103967075e-08,3.529819696233924e-12,49.75590380453237,0.5131341111629919,0.5475626178222349,0.4524373821777651,0.9033083125554443,0.7696662712291752,0.14958270112970948
197,3.4011442103967075e-08,2.906435350474401e-12,49.64132389058041,0.5131226528326425,0.5477331906944816,0.45226680930551844,0.9034838806557676,0.7699582746318351,0.14972831912645074
198,3.4011442103967075e-08,3.6354576483832123e-12,49.46054448883899,0.5130997361719437,0.5477864458889464,0.45221355411105363,0.9036573086234067,0.77009204793228,0.14988848906355026
199,3.4011442103967075e-08,2.7664758434478165e-12,49.37925005167872,0.5130669236804887,0.5478701698254766,0.4521298301745234,0.9038532314846047,0.7704894834961198,0.14965606401436815
200,3.4011442103967075e-08,3.097585708392748e-12,49.27220014874327,0.5130130174445267,0.5479025916920334,0.4520974083079666,0.9039634511613155,0.7704927208478933,0.14996915485545398
201,3.4011442103967075e-08,3.638517731863386e-12,49.092010131897716,0.5130019497390755,0.547918997937761,0.45208100206223906,0.9041173694341375,0.7706227061433638,0.150552130057958
202,3.4011442103967075e-08,3.1938153903472425e-12,48.96090685477164,0.5129292935079964,0.5479639198010625,0.45203608019893743,0.9043064933071957,0.7709151877219159,0.15049658158157833
203,3.4011442103967075e-08,3.1420702919783045e-12,48.85826340620477,0.5129296841328947,0.5480675656074048,0.45193243439259523,0.9044825809149676,0.7711131920174402,0.15065985557566938
204,3.4011442103967075e-08,3.2743352847199676e-12,48.719967465462034,0.5128389289481956,0.5480876176855163,0.4519123823144838,0.9046232533461961,0.7712334708229873,0.15073596980219808
205,3.4011442103967075e-08,3.2296907301946156e-12,48.57855110993749,0.5128059862484411,0.5480895708100076,0.4519104291899924,0.9047807482022273,0.7713504682369797,0.15096703937534517
206,3.4011442103967075e-08,3.336530824611216e-12,48.44081813911117,0.5126624967024748,0.5480656124829134,0.4519343875170866,0.904873945999524,0.771357618053824,0.15140264825664793
207,3.4011442103967075e-08,3.0542972682607225e-12,48.34063897365006,0.5126828091971851,0.5481855343266838,0.45181446567331623,0.9050306001163717,0.7715432536341259,0.15146803824942823
208,3.4011442103967075e-08,3.3111547838053384e-12,48.207005353016996,0.5125371061101286,0.5481229041346604,0.45187709586533964,0.9051981352082366,0.7718083801780836,0.1515591347669457
209,3.4011442103967075e-08,3.055220566523571e-12,48.09495556247162,0.5125341113192419,0.5482157426521503,0.45178425734784966,0.9053671024633204,0.7719778770783088,0.15171696886121602
210,3.4011442103967075e-08,3.270650194821927e-12,47.96563465031522,0.5125067675763626,0.5482752478449875,0.45172475215501245,0.9055047100977855,0.772135164149948,0.15180946816263852
211,3.4011442103967075e-08,2.7850156922134295e-12,47.89709630147632,0.5125386686097217,0.5484020707286275,0.4515979292713726,0.9056417532442619,0.7722733475749667,0.15184782399935828
212,3.4011442103967075e-08,3.245005005744587e-12,47.78493677907399,0.5125032519522781,0.5483796749011264,0.4516203250988737,0.9058175115347662,0.7724204971706413,0.15231659476929899
213,3.4011442103967075e-08,3.0476352230310543e-12,47.68690305171094,0.5124800748749805,0.5484222530150383,0.4515777469849617,0.9058879537508729,0.7724095864984629,0.1525371550209754
214,3.4011442103967075e-08,3.275189633767259e-12,47.56066229804527,0.5124236946813295,0.548492956121626,0.451507043878374,0.9060626516727849,0.7726677046416617,0.15257694332981903
215,3.4011442103967075e-08,2.8823520916401445e-12,47.47483889580224,0.5123769499018359,0.5484898311224398,0.4515101688775602,0.9062062551263133,0.7727990448493907,0.15291293089423164
216,3.4011442103967075e-08,4.138674065262009e-12,47.30270519382935,0.5124206998904427,0.5486135290068935,0.4513864709931065,0.9062927319108474,0.7728325377037283,0.15299281077793128
217,3.4011442103967075e-08,3.227521967093473e-12,47.20159805709561,0.5123941373973601,0.5487135289808518,0.45128647101914815,0.9063559119725607,0.7728702023558672,0.15274845017531144
218,3.4011442103967075e-08,3.1879065964305965e-12,47.11530638760047,0.5123757780271412,0.5487813675048522,0.45121863249514776,0.9066146865216046,0.7732889239252646,0.15287465551110618
219,3.4011442103967075e-08,2.9375050723216446e-12,47.02550972234337,0.5123428353273867,0.5488717320646531,0.4511282679353469,0.9067030834297982,0.7733739863866829,0.1529525343416078
220,3.4011442103967075e-08,3.2821649982194254e-12,46.86264045395946,0.5122578093078621,0.5488456904047682,0.4511543095952319,0.9068573938200412,0.7734908471159255,0.15329064798894335
221,3.4011442103967075e-08,2.7541776304452057e-12,46.79743325171431,0.5122292936902881,0.5489178258026496,0.45108217419735047,0.9070406112799853,0.7737741616870812,0.15332643303028945
222,3.4011442103967075e-08,2.9264836681540917e-12,46.71649537725991,0.5121738249547331,0.5489805862029723,0.45101941379702765,0.9071643622182933,0.7739554111599356,0.15346225689297321
223,3.4011442103967075e-08,3.394124558119348e-12,46.576594734843624,0.5122597624323535,0.5490830601346197,0.45091693986538023,0.9073001308274973,0.7742019259988198,0.15346782901847883
224,3.4011442103967075e-08,3.1140933258743877e-12,46.45418118445269,0.5122183561931364,0.5490979038807542,0.4509020961192458,0.9074155921750219,0.7742988872528077,0.1536497623867354
225,3.4011442103967075e-08,3.080616988196049e-12,46.35681928189644,0.5122499968098967,0.5491225132493455,0.4508774867506545,0.9075559521357178,0.774411354163442,0.15379988128429808
226,3.4011442103967075e-08,3.0674649493471614e-12,46.2671225583409,0.5121653614152705,0.549171992403127,0.450828007596873,0.9077493942208754,0.7746451187768191,0.15408410759146499
227,3.4011442103967075e-08,3.333538768129153e-12,46.14299569411155,0.5121098926797154,0.5492205600988125,0.4507794399011875,0.9079204868850421,0.7749155312514445,0.15395642310848712
228,3.4011442103967075e-08,3.21337935258692e-12,46.032865083502955,0.5120550749856576,0.5492794142501526,0.45072058574984747,0.9080325049480005,0.7750015979086023,0.15420139818200213
229,3.4011442103967075e-08,3.1724928608547987e-12,45.92526484415627,0.5120574187350472,0.5493249871549513,0.45067501284504874,0.9081434502959621,0.7750690618510704,0.15445207749359452
230,3.4011442103967075e-08,2.811670358716424e-12,45.85917992630327,0.5120348926992467,0.5493997267188212,0.45060027328117885,0.9082849260659128,0.7752631831807173,0.15459540495007923
231,3.4011442103967075e-08,2.7606632743485253e-12,45.78844723795205,0.5120156218709319,0.5494801954478657,0.45051980455213425,0.9083957864689042,0.775422092805123,0.15459015018117497
232,3.4011442103967075e-08,2.9502491725036903e-12,45.70675796318082,0.5119910125023405,0.5494476433730096,0.45055235662699045,0.9085445671621832,0.7755851756440514,0.15479114846659173
233,3.4011442103967075e-08,3.206555123929214e-12,45.614387905535736,0.5119687468831389,0.5495772006309373,0.45042279936906265,0.9087148040780101,0.7759069862419369,0.15476631641719488
234,3.4011442103967075e-08,3.212008434018388e-12,45.52043481352395,0.5119272104356223,0.5495923047936706,0.4504076952063294,0.9088925353487277,0.7761088690345028,0.15493114459582094
235,3.4011442103967075e-08,3.0027576954782857e-12,45.41968836424607,0.5117967417195985,0.5497173047611186,0.4502826952388814,0.9090396343266917,0.7762874144469202,0.15487919141034567
236,3.4011442103967075e-08,3.372797379316262e-12,45.326283781102546,0.511835804209426,0.5497053255975715,0.45029467440242854,0.9091371945422464,0.776390262333936,0.15517543733602815
237,3.4011442103967075e-08,3.4540410719705378e-12,45.19655244137544,0.5117748667252952,0.5497402214218173,0.45025977857818267,0.9092671463880635,0.7764287920436626,0.1555054363173199
238,3.4011442103967075e-08,3.306295181724025e-12,45.09306115885819,0.5117562469384773,0.549791002658593,0.45020899734140696,0.9093759223947577,0.7765819005303165,0.15544552218769037
239,3.4011442103967075e-08,2.8653924157624104e-12,45.023363067387166,0.5117337209026769,0.5497911328668925,0.45020886713310754,0.909500055543403,0.7767781554204923,0.1556547083919884
240,3.4011442103967075e-08,3.4994504683764896e-12,44.90253388460359,0.5116726532102466,0.5498812370100945,0.4501187629899055,0.9096715924602673,0.7769310241149423,0.15584941281508413
241,3.4011442103967075e-08,3.682530005760458e-12,44.756993985068306,0.5116428355096783,0.5498740755536261,0.45012592444637384,0.9096313802551275,0.7767108961398104,0.15616167009111692
242,3.4011442103967075e-08,3.0751473361647144e-12,44.668530570618366,0.5116304657212328,0.5499077995031773,0.4500922004968228,0.909782148112688,0.7769279574319963,0.15645850165308156
243,3.4011442103967075e-08,3.2904361141369872e-12,44.5735423256891,0.5115493459506911,0.5500042838530511,0.44999571614694894,0.9099523992886439,0.7771935859962432,0.15645567360613571
244,3.4011442103967075e-08,3.457668680386549e-12,44.45029225390935,0.511572002194791,0.5499512890751851,0.45004871092481485,0.9100522301656458,0.7773132562014629,0.15655822961311663
245,3.4011442103967075e-08,3.024071913467072e-12,44.37419902353756,0.5115580699067527,0.5500805859165141,0.4499194140834859,0.9102116957541637,0.777533728442245,0.15657221959039566
246,3.4011442103967075e-08,3.050478694826368e-12,44.30605360078917,0.5114286428571243,0.5500821484161071,0.4499178515838928,0.9103613199885271,0.7777219473220187,0.15666167451635474
247,3.4011442103967075e-08,3.4149562824378555e-12,44.19027183679278,0.5113796845365405,0.5501430859002381,0.449856914099762,0.9104845638465462,0.7778818424046761,0.15689372108448524
248,3.4011442103967075e-08,3.0037654064126826e-12,44.12720091617534,0.5113757782875578,0.550182278598365,0.44981772140163506,0.9106163636637237,0.7779937760464672,0.15712873638408967
249,3.4011442103967075e-08,2.9399982656771363e-12,44.053024615489804,0.51137981474484,0.5502512889970601,0.44974871100293984,0.9106793928916522,0.7779606657788092,0.1573935786716883
250,3.4011442103967075e-08,3.113196988781699e-12,43.97447895526275,0.5114363251467903,0.5503390493908725,0.4496609506091274,0.9108021216090308,0.7781107051385943,0.15741900494364205
251,3.4011442103967075e-08,3.1420741111133425e-12,43.88092607139304,0.511314580386828,0.5503380077244772,0.44966199227552284,0.9109311297474252,0.778365958488636,0.1572908536055495
252,3.4011442103967075e-08,3.220663558622002e-12,43.773840241341226,0.5113644501655078,0.5504024608326925,0.4495975391673075,0.911079636546106,0.7785990186897301,0.15741974973879777
253,3.4011442103967075e-08,3.1103746644356136e-12,43.679195223861264,0.5112852835194575,0.5504339712411533,0.44956602875884666,0.9111232771206933,0.7785950102473104,0.157665488653697
254,3.4011442103967075e-08,3.4115949724001173e-12,43.556471472092916,0.5112660126911426,0.550536835797699,0.449463164202301,0.91127840820855,0.7788407119245331,0.15775363769443665
255,3.4011442103967075e-08,3.0633596091132412e-12,43.47294255185234,0.5112279918677104,0.5505761587041254,0.44942384129587465,0.9114170177705736,0.7789969845423226,0.15795213567922792
256,3.4011442103967075e-08,3.1202821806942743e-12,43.38888381086767,0.5111739554234491,0.5506527211841872,0.4493472788158128,0.9115724784581448,0.7792462830617483,0.157804274944885
257,3.4011442103967075e-08,3.3430046387351374e-12,43.28268213252704,0.5112341116577834,0.5506564972248705,0.44934350277512947,0.9116529835243081,0.7792784619554167,0.1577903748208383
258,3.4011442103967075e-08,3.3462829540405457e-12,43.19119241977424,0.511175127298144,0.5506673045137228,0.4493326954862772,0.91181110764318,0.7794675515656364,0.15817222711733905
259,3.4011442103967075e-08,3.4087423219268625e-12,43.09604657731431,0.5111572887611228,0.5507161326260072,0.4492838673739929,0.9119209296429046,0.7796008718781772,0.15825005970265527
260,3.4011442103967075e-08,3.1411030471452383e-12,43.02086905593131,0.5110178356724386,0.5507924346894701,0.44920756531052985,0.9119692828382857,0.7795873679688277,0.15841526653177773
261,3.4011442103967075e-08,2.9719949056168756e-12,42.9564914893491,0.5110601533697517,0.5509205596561042,0.44907944034389574,0.9120901457386615,0.7797623145842235,0.1583695752134739
262,3.4011442103967075e-08,3.2348425764679603e-12,42.868936215498124,0.5110065075503887,0.5509804554738397,0.4490195445261603,0.9121799250377328,0.7798540850674502,0.1584562719738241
263,3.4011442103967075e-08,3.677221788922771e-12,42.758941644142475,0.5110524710800857,0.5509238148635899,0.4490761851364101,0.9122763487280803,0.7799438091249838,0.1588856100562346
264,3.4011442103967075e-08,2.9845078604441885e-12,42.697138710877745,0.5109959606781352,0.5510088408831143,0.44899115911688564,0.9123252404507538,0.7799247827093557,0.15888009820211482
265,3.4011442103967075e-08,2.7795267588816447e-12,42.645031362968545,0.5109856742224806,0.5510941273192377,0.4489058726807623,0.9124635557569076,0.7800895088612773,0.1590494149127108
266,3.4011442103967075e-08,3.2058967544430654e-12,42.56399327484987,0.5109329398612136,0.5511523304290806,0.44884766957091937,0.9126540347382218,0.780367762969325,0.15920355325574553
267,3.4011442103967075e-08,2.889896497540317e-12,42.49234121874931,0.5109446586081619,0.5511160023135411,0.4488839976864589,0.912793846607602,0.7805553634768082,0.15928377525702606
268,3.4011442103967075e-08,3.5495118512002865e-12,42.373168254565336,0.5108832002908332,0.5512222522858718,0.4487777477141282,0.9128892586121293,0.7807098125503025,0.15931016296453793
269,3.4011442103967075e-08,3.1613016986208395e-12,42.28674347747239,0.5108709607106873,0.5512546741524286,0.4487453258475714,0.9130137543926502,0.780887330473653,0.15940712041010818
270,3.4011442103967075e-08,2.787523885050701e-12,42.23428269449356,0.5108578096724454,0.5513803251613737,0.44861967483862636,0.9131397003492316,0.7810589088506855,0.15932757912210377
271,3.4011442103967075e-08,3.4007812083175473e-12,42.13456299456716,0.5107531221997078,0.5513817574526674,0.4486182425473327,0.9132595517658899,0.7811591802574356,0.1597425154434268
272,3.4011442103967075e-08,3.293623254987496e-12,42.05195398410688,0.5107887992737502,0.551377981411984,0.448622018588016,0.9133625022292361,0.7812473072237783,0.15984933926965722
273,3.4011442103967075e-08,3.714750131822614e-12,41.9448613238465,0.5108423148848138,0.5514338407724373,0.4485661592275627,0.9134871277564036,0.7813973377315929,0.15997171645359207
274,3.4011442103967075e-08,3.381322262879946e-12,41.84983963758004,0.5108158826000305,0.5514988147138503,0.4485011852861497,0.9135422882037852,0.7814035247226382,0.16026202997651093
275,3.4011442103967075e-08,3.231845023616418e-12,41.789946499729965,0.5107669242794468,0.5515781115682001,0.44842188843179986,0.9136516905774298,0.7815699236298491,0.16024128819218522
276,3.4011442103967075e-08,3.2627083022685745e-12,41.69408255244014,0.5107046847123217,0.5516452990507034,0.44835470094929664,0.913681418611768,0.7815166966175454,0.16047971904627795
277,3.4011442103967075e-08,3.4812280904473873e-12,41.5941350029539,0.510744007618748,0.5516995959115636,0.4483004040884364,0.9137611145133937,0.781589329427529,0.16062284947376126
278,3.4011442103967075e-08,3.712374534442174e-12,41.49595064142516,0.5107851534413663,0.5518037625511035,0.4481962374488965,0.9139421756972679,0.7819088497408657,0.1603876709551464
279,3.4011442103967075e-08,2.8411131647446317e-12,41.43017531397284,0.5107247367904332,0.5518430854575298,0.4481569145424702,0.9140400802277542,0.7819943450160173,0.16078736041953212
280,3.4011442103967075e-08,3.0527318941779562e-12,41.352317380084365,0.5107656221964526,0.5519171739799026,0.4480828260200974,0.9141577899572598,0.7821209376084126,0.16084842239239516
281,3.4011442103967075e-08,2.7328086205484435e-12,41.31747493366172,0.5107660128213508,0.5519848822956036,0.44801511770439645,0.9142332906833389,0.782175111917788,0.16113325543738793
282,3.4011442103967075e-08,3.1960886342189433e-12,41.24828922626371,0.510750127408821,0.5520544135274965,0.44794558647250354,0.9143703611517319,0.7824162058641604,0.1609765324485841
283,3.4011442103967075e-08,3.2283123370380957e-12,41.18472919650151,0.5106761690947477,0.5521093614298538,0.4478906385701462,0.9145191556478326,0.7827580745235699,0.16083722249484184
284,3.4011442103967075e-08,3.311273658394468e-12,41.10672174014987,0.5106627576399069,0.5521412624632129,0.4478587375367871,0.9145961906876988,0.7827882576563554,0.16103060360724125
285,3.4011442103967075e-08,3.6182463263902084e-12,41.000161176217375,0.5107037732542257,0.552190611408695,0.44780938859130504,0.9147274392539373,0.7829043312312048,0.16125023999823412
286,3.4011442103967075e-08,3.255403054932184e-12,40.920160448872544,0.5106598930573195,0.5522932155486417,0.4477067844513582,0.9148700957235629,0.7832022982715791,0.1611521154419668
287,3.4011442103967075e-08,2.905270371963659e-12,40.86388915407408,0.510579424328275,0.552366522821218,0.447633477178782,0.914934177278306,0.7832584800460813,0.1611252462488264
288,3.4011442103967075e-08,3.3212349464560444e-12,40.794939555422864,0.5106130180695265,0.5523798040677593,0.4476201959322406,0.9150844554720616,0.7834911366887028,0.16117373847619054
289,3.4011442103967075e-08,3.253474266706074e-12,40.72952681967731,0.5105829399523594,0.5524663925868769,0.4475336074131231,0.9152389387314299,0.7836110484142405,0.16156074233538553
290,3.4011442103967075e-08,3.1853999768998765e-12,40.669814803931025,0.510525518092313,0.5524771998757292,0.4475228001242708,0.9154044990456903,0.7839196416360407,0.16144625787982372
291,3.4011442103967075e-08,2.711656764142452e-12,40.63813451576357,0.5105186170524435,0.5525333196527813,0.44746668034721865,0.9154707458623166,0.7839921732588451,0.16154846677677534
292,3.4011442103967075e-08,3.0421124653960034e-12,40.5790630482573,0.5105651014153382,0.5525805852654726,0.4474194147345274,0.9155839776607614,0.7841897269687292,0.16161628329594535
293,3.4011442103967075e-08,3.4831335557107656e-12,40.49857604005118,0.5105602837082595,0.552638007125519,0.44736199287448103,0.9156854055261232,0.7842879456820312,0.1618467600927484
294,3.4011442103967075e-08,2.689232953656313e-12,40.46047723469962,0.5105315076740865,0.5527704289660341,0.4472295710339659,0.9157517234926649,0.7844429818595622,0.1616584350599681
295,3.4011442103967075e-08,2.9121026781419143e-12,40.402292958769124,0.5105360649645664,0.5527971216674162,0.44720287833258376,0.9157752033919205,0.7843930342239402,0.16168252704154304
296,3.4011442103967075e-08,2.856283709414073e-12,40.348657322880356,0.510469137898662,0.5528445174884069,0.4471554825115931,0.9158524627621135,0.7844895846633048,0.16192708074469953
297,3.4011442103967075e-08,2.5412018949637197e-12,40.32059860735987,0.5104746066472379,0.5528484237373896,0.4471515762626104,0.9159773281022908,0.7846375980117717,0.1621517059201827
298,3.4011442103967075e-08,3.108011051668089e-12,40.26212904264417,0.5104192681199823,0.552917173719486,0.447082826280514,0.9160238844102686,0.7846380052097118,0.16215458939611688
299,3.4011442103967075e-08,3.435546316030389e-12,40.16819243403623,0.5105075493469924,0.553024725774811,0.446975274225189,0.9161669072896887,0.7848374669014067,0.16214063564846043
300,3.4011442103967075e-08,3.1551808605318207e-12,40.086408094527975,0.5105122368457716,0.5529976424485306,0.4470023575514694,0.9162714366645563,0.7849397095619326,0.1624359954435081
301,3.4011442103967075e-08,3.106720117381579e-12,40.02383001521305,0.5104637993583856,0.5530132674444616,0.4469867325555384,0.9163847069485163,0.7850457910908349,0.1627795214758697
302,3.4011442103967075e-08,3.586774137769943e-12,39.92757496766167,0.5104061170817403,0.5530598820156557,0.4469401179843443,0.916534798681525,0.7853442731512673,0.1626988468727959
303,3.4011442103967075e-08,3.1048690766235554e-12,39.87309403864697,0.5103886691696174,0.5531484236592646,0.4468515763407353,0.9166612135077722,0.7855102004509564,0.1626788880568708
304,3.4011442103967075e-08,3.075762959519028e-12,39.80509072546893,0.5104199191614793,0.5531627465722014,0.44683725342779856,0.9167495423771862,0.7855175554046046,0.16307392644761348
305,3.4011442103967075e-08,3.4202454917356635e-12,39.73634363460526,0.5103442681395135,0.5532498559245167,0.4467501440754833,0.9168230702540648,0.7856272621851857,0.1631701292548911
306,3.4011442103967075e-08,3.6428964684391375e-12,39.64135939199473,0.5103095025235671,0.5533113142418452,0.44668868575815474,0.9168767291926121,0.7856495308381242,0.1632253459463846
307,3.4011442103967075e-08,3.578734200552419e-12,39.544672215298526,0.5102665337847568,0.553399465260556,0.44660053473944405,0.9169570796832838,0.7857301481918142,0.16324612084773096
308,3.4011442103967075e-08,3.5114871360681936e-12,39.46738320531551,0.5102108046326029,0.5533870954721105,0.44661290452788943,0.9170728203221071,0.7858383631932305,0.16341640536719432
309,3.4011442103967075e-08,3.4849763499264923e-12,39.391749359178036,0.5102326796269063,0.5533882673468054,0.44661173265319465,0.9171852292862382,0.7860052503800858,0.16359511660869938
310,3.4011442103967075e-08,3.1353002503435683e-12,39.33898072927011,0.5102386692086799,0.5534821475306907,0.44651785246930925,0.9172534192833367,0.7860312720167882,0.1636167063368852
311,3.4011442103967075e-08,3.838807015903392e-12,39.254603307309,0.5102257785870368,0.5535295433516814,0.4464704566483186,0.9173467558666109,0.7861300652394427,0.16389741409135372
312,3.4011442103967075e-08,3.1388289217539975e-12,39.19252514291685,0.5102660129515592,0.5535911318773095,0.4464088681226906,0.9174705973446684,0.7863426066894897,0.16396108389606479
313,3.4011442103967075e-08,3.5318084944029014e-12,39.108700247357156,0.5102571587871982,0.5537343610066768,0.44626563899332317,0.9175499930100679,0.7865195687714132,0.16386527746894206
314,3.4011442103967075e-08,3.800391827645478e-12,39.02278014503043,0.5102600233697856,0.5537455589204273,0.44625444107957263,0.9176357460106626,0.7865754754112352,0.16401747244699466
315,3.4011442103967075e-08,3.264693690367489e-12,38.9519850729147,0.5101697890182841,0.5538485536852725,0.44615144631472753,0.9176913276110695,0.7865929864171347,0.1641881117804154
316,3.4011442103967075e-08,3.2893822613727345e-12,38.898738918406046,0.510199476510553,0.5538467307690805,0.44615326923091947,0.9176985862710999,0.7865211865275358,0.16438888218725892
317,3.4011442103967075e-08,3.436331267769349e-12,38.832861405280454,0.5101218723640958,0.5538070172377559,0.44619298276224406,0.9178254069969506,0.7867791635119094,0.16433663553198471
318,3.4011442103967075e-08,2.621532708550031e-12,38.80508913276254,0.5100305963461989,0.5538811057601287,0.4461188942398713,0.9179960953063521,0.7870411292452357,0.16431930350283577
319,3.4011442103967075e-08,3.5889464702072545e-12,38.73065251649696,0.5099984348962409,0.5539593609480831,0.44604063905191693,0.918005563062636,0.7869298382067117,0.16467740086069568
320,3.4011442103967075e-08,3.434062157881567e-12,38.666715900008874,0.5100179661411547,0.5540742046681759,0.44592579533182414,0.9180893929309984,0.787030153869918,0.16485783172853496
321,3.4011442103967075e-08,2.970772236943216e-12,38.619984233897526,0.5100756484177998,0.5540502463410817,0.4459497536589183,0.9181678411192031,0.7870723699469553,0.16501911782754394
322,3.4011442103967075e-08,3.0162450798489075e-12,38.57242065475153,0.5100279921802103,0.5541166525737884,0.4458833474262116,0.9182896270358595,0.7872652660990029,0.16514929035692036
323,3.4011442103967075e-08,3.0432894680119173e-12,38.53229887193953,0.5100402317603563,0.5541721213093435,0.4458278786906566,0.9183615634707355,0.7874200576734502,0.16508252301075085
324,3.4011442103967075e-08,3.258692234711023e-12,38.468990757979974,0.5100335911370857,0.5542339702515703,0.44576602974842977,0.918510452254829,0.7876608616475127,0.16503916098227125
325,3.4011442103967075e-08,3.522542229901019e-12,38.38508298068971,0.5099769505268358,0.5542851421132442,0.44571485788675574,0.918617172788324,0.7879580721981853,0.16495349396832557
326,3.4011442103967075e-08,3.206419385674829e-12,38.32869213669759,0.509945440118375,0.554280454614465,0.44571954538553504,0.9186643496375521,0.7879057024791065,0.165017121131275
327,3.4011442103967075e-08,3.0228564261495588e-12,38.27734349167866,0.5099098932526319,0.5542952983605994,0.4457047016394006,0.9187899651308543,0.7880615505516705,0.16547302544744852
328,3.4011442103967075e-08,4.167568431169892e-12,38.17394015206315,0.5098834609678488,0.5543528504289452,0.4456471495710548,0.9188282757851862,0.7880794622253217,0.16553515435373184
329,3.4011442103967075e-08,3.0931495887560158e-12,38.11138486207399,0.509944528660279,0.5544854024777598,0.4455145975222402,0.9188785504868155,0.7881026854513794,0.16553672805574934
330,3.4011442103967075e-08,2.655463394369536e-12,38.090938233608476,0.5098522109759868,0.5545769389122555,0.4454230610877445,0.9189236481471541,0.7881395625035083,0.16562741008903242
331,3.4011442103967075e-08,3.4060714322289348e-12,38.03153384850931,0.5098550755585741,0.5546051941132307,0.4453948058867693,0.9189717595240492,0.788126181376406,0.16581824374080126
332,3.4011442103967075e-08,3.1259217839174233e-12,37.99022933664751,0.5098938776318027,0.5546696472214461,0.445330352778554,0.9190873019708734,0.7882941515431953,0.16589952420270748
333,3.4011442103967075e-08,2.9606353592245836e-12,37.94443209316336,0.5098841120093458,0.554726938873193,0.445273061126807,0.9192303376074513,0.7885558126447625,0.16574283833192513
334,3.4011442103967075e-08,2.779333080396858e-12,37.905584543094825,0.5099529921997417,0.5547863138577308,0.44521368614226925,0.9193197453312212,0.7886461716192475,0.1659701655926217
335,3.4011442103967075e-08,3.475895746347181e-12,37.82544880252237,0.5099014297131693,0.5549074075761959,0.44509259242380406,0.9194257908147645,0.7888824948656626,0.16569237215908003
336,3.4011442103967075e-08,3.315937642040699e-12,37.75935673164904,0.5099804661509203,0.5549407409008488,0.4450592590991513,0.9195666429491812,0.7891510727136556,0.16580067068183924
337,3.4011442103967075e-08,2.711067507052489e-12,37.73041415521471,0.5099011692965705,0.5549447773581309,0.4450552226418691,0.9196214752338882,0.7891420766008087,0.16607331038459386
338,3.4011442103967075e-08,2.581651355367445e-12,37.70482851038681,0.5098912734658142,0.5550257669203732,0.4449742330796268,0.9197420210966679,0.789315037441558,0.1661250815201538
339,3.4011442103967075e-08,2.9330739222781056e-12,37.660092068341676,0.5098367161883551,0.5551426939732568,0.4448573060267432,0.9198010251718673,0.7894080719974543,0.16613184223115982
340,3.4011442103967075e-08,3.3676285093101438e-12,37.60080253890941,0.5098236953584127,0.5552118345802514,0.4447881654197486,0.9198521897331601,0.7894733412975806,0.16622284595230535
341,3.4011442103967075e-08,2.91003822122297e-12,37.55195545661369,0.5097555964178134,0.5552825376868391,0.44471746231316084,0.9199728091383595,0.7896771140347649,0.16617455391069846
342,3.4011442103967075e-08,3.4989666840122803e-12,37.485600037928805,0.5096794245626498,0.5553279803833384,0.4446720196166616,0.9200581899776175,0.7897359820972151,0.16651578609546377
343,3.4011442103967075e-08,3.4401759550053883e-12,37.412638735568336,0.5097044245561394,0.5553938657828474,0.44460613421715256,0.9201414824164434,0.7898748026331175,0.1665026052183122
344,3.4011442103967075e-08,3.482401002274888e-12,37.349384899908095,0.5098059870296909,0.5554507668096962,0.44454923319030387,0.9202662788864308,0.790049607273521,0.16661604647430642
345,3.4011442103967075e-08,3.5582466349642106e-12,37.26551035545429,0.509730336007725,0.5554400897291433,0.4445599102708567,0.9203765883880168,0.7902127693130264,0.16675688660149585
346,3.4011442103967075e-08,3.3613084047489863e-12,37.20515833720631,0.509747523503249,0.5554777199276771,0.4445222800723229,0.920439015143094,0.7902286450147608,0.16699890016206015
347,3.4011442103967075e-08,2.7594288533832865e-12,37.173287038706015,0.5097298151745273,0.555574204277551,0.44442579572244906,0.9205280211774515,0.7903650233958911,0.16702301487440685
348,3.4011442103967075e-08,3.690498889596132e-12,37.09282074914918,0.5097239558010532,0.5556710792523231,0.4443289207476769,0.9205869813550909,0.790446553114652,0.16695480981606795
349,3.4011442103967075e-08,3.0836612500785572e-12,37.04391517574944,0.5097472630866502,0.5556666521701427,0.44433334782985734,0.9206213988142454,0.7903758078180795,0.16733185933793285
350,3.4011442103967075e-08,3.041933566659405e-12,36.99702811715302,0.5097173151777825,0.5557364438186344,0.4442635561813656,0.9207559855942272,0.790618997424432,0.16728374287734013
351,3.4011442103967075e-08,3.787823240673819e-12,36.91579846767181,0.5096733047725769,0.5557684750602929,0.444231524939707,0.9208497324570285,0.7907888787568699,0.16728911665198498
352,3.4011442103967075e-08,3.362335001556958e-12,36.849701344789075,0.5096523412363695,0.5558378760838865,0.44416212391611354,0.920951417110131,0.7909481070295504,0.16726413479061472
353,3.4011442103967075e-08,3.3114881988428517e-12,36.79494077736291,0.5097079401802239,0.5559232927283092,0.4440767072716908,0.9209884682466459,0.7909716956554719,0.16750951969969433
354,3.4011442103967075e-08,3.2836908379425414e-12,36.73062998756358,0.509735544339702,0.5559796729219602,0.44402032707803984,0.9211265924916097,0.7912255855287136,0.16737467585545976
355,3.4011442103967075e-08,3.12857223077015e-12,36.66594951828835,0.5096502579035787,0.5560428239471813,0.44395717605281876,0.9212362181270962,0.7914190222848385,0.16735739554464826
356,3.4011442103967075e-08,2.523754186476547e-12,36.643008076741125,0.5096688776903965,0.5560451676965709,0.4439548323034291,0.9212982364029348,0.7914300553492729,0.1677655681638266
357,3.4011442103967075e-08,3.1878528114082355e-12,36.587554277600944,0.5095951797929219,0.5560523291530393,0.44394767084696074,0.9213937072159171,0.7915452929796986,0.1678794041305207
358,3.4011442103967075e-08,3.234266560470937e-12,36.528610489387106,0.5097003880988573,0.5561459489203258,0.4438540510796742,0.9214793610945052,0.791702488322773,0.16769410363541765
359,3.4011442103967075e-08,3.1185716000830156e-12,36.47662161751436,0.50972695059194,0.5561877457844412,0.4438122542155588,0.9215400722455703,0.7917754579658627,0.16776873368324907
360,3.4011442103967075e-08,2.9812090310528427e-12,36.43207824987838,0.5097270808002394,0.5563242040822385,0.44367579591776146,0.9215975583833711,0.7918118590360649,0.16781352167335295
361,3.4011442103967075e-08,3.4707272152787163e-12,36.363573117024075,0.5097752578710266,0.5563417822026608,0.4436582177973391,0.9216759921446049,0.791831776724579,0.16804865294096147
362,3.4011442103967075e-08,2.9025797502532394e-12,36.325904698723505,0.5097356745480014,0.5563501155338241,0.4436498844661759,0.9217442539182112,0.7918973122376496,0.1682148659946289
363,3.4011442103967075e-08,2.858956313123713e-12,36.27607036689864,0.5096212214528069,0.5563766780269067,0.44362332197309323,0.9218575277415748,0.7920401238804791,0.16836356378123415
364,3.4011442103967075e-08,3.1738963925120945e-12,36.22484596318218,0.5096410131143195,0.5564844904988306,0.4435155095011694,0.9219580211919917,0.7923028231410645,0.16829455642824534
365,3.4011442103967075e-08,3.039358361641196e-12,36.1867120809823,0.5096070287481695,0.5565524592311304,0.4434475407688696,0.9220128847511094,0.7923260417172866,0.16845541832106659
366,3.4011442103967075e-08,4.421581385136154e-12,36.0907452827489,0.5095984350004076,0.5566713394085053,0.4433286605914946,0.9220304911018956,0.792292991916281,0.16844583987305206
367,3.4011442103967075e-08,3.0888700839056854e-12,36.0422902240338,0.5095562475113938,0.5566984227347858,0.44330157726521424,0.922117719166561,0.7923522958059647,0.16889165907474823
368,3.4011442103967075e-08,3.469594551430231e-12,35.977931404837754,0.5096162735374288,0.556722120645281,0.4432778793547189,0.9221858356867634,0.7925009010699982,0.1688302404560957
369,3.4011442103967075e-08,3.2883812643284594e-12,35.91041723607282,0.509557810010987,0.5568352716574814,0.4431647283425187,0.9223007460601688,0.7926910527913636,0.16875552083447856
370,3.4011442103967075e-08,3.706742901475455e-12,35.83864229522111,0.5095613256350714,0.5568653497746485,0.4431346502253515,0.9223568176379043,0.7927443352193879,0.16903427951367972
371,3.4011442103967075e-08,3.064052600591258e-12,35.79188268036711,0.5095164037717699,0.5568775893547945,0.4431224106452056,0.9224508449966121,0.7928108315555371,0.16910445068600313
372,3.4011442103967075e-08,3.0106212019074214e-12,35.74004732321104,0.5094695287839769,0.5568874851855508,0.44311251481444924,0.9225039869579106,0.7928354144470497,0.16926352202928532
373,3.4011442103967075e-08,2.892025326850019e-12,35.69954676648393,0.5094838516969136,0.5569046726810748,0.4430953273189252,0.9225475848545812,0.7928408492404071,0.16948152154266632
374,3.4011442103967075e-08,3.2348880978606927e-12,35.648531638333765,0.5095035131501268,0.556945167462196,0.44305483253780403,0.9227084749599895,0.7931424867394878,0.16943923088430576
375,3.4011442103967075e-08,4.210319676870521e-12,35.56586294781681,0.5095433568897508,0.5569757664125609,0.44302423358743914,0.9227459730280855,0.7931904530757218,0.16935082314457275
376,3.4011442103967075e-08,3.901264165308777e-12,35.49320432258066,0.5095992162502041,0.557127198664792,0.442872801335208,0.9228034512379231,0.7933250604892277,0.16919187462167415
377,3.4011442103967075e-08,3.1872790389077103e-12,35.43891075419168,0.509531768351102,0.5571373549121471,0.44286264508785284,0.922887740828822,0.7934613646604783,0.169277476941947
378,3.4011442103967075e-08,3.5362424615749916e-12,35.38486329860943,0.5095523412624111,0.5572042819780516,0.44279571802194845,0.9229119554709112,0.7934572014122749,0.1694442029021453
379,3.4011442103967075e-08,3.025230866424931e-12,35.34576765653775,0.5094963516936584,0.5572938652880559,0.4427061347119441,0.9229795931946398,0.7935024187015747,0.1696303796263711
380,3.4011442103967075e-08,3.1371336054694382e-12,35.295302886372696,0.5095217423120463,0.5573344902774765,0.4426655097225235,0.9230404727687074,0.7935775356219408,0.16958085213770882
381,3.4011442103967075e-08,2.9362384718430046e-12,35.24788411293312,0.5094929662778733,0.557411573590736,0.44258842640926394,0.9231200288651032,0.7937375150353485,0.16957460515750533
382,3.4011442103967075e-08,3.2699464850672414e-12,35.199966132474984,0.5094407527498039,0.5574475110813774,0.4425524889186227,0.9231911008654101,0.7937947568705225,0.16982851231846383
383,3.4011442103967075e-08,3.2936283985200724e-12,35.144352502213295,0.5094394506668097,0.5574805839894312,0.44251941601056877,0.9232920106850968,0.7939433310771657,0.1699707386186595
384,3.4011442103967075e-08,2.772007604863863e-12,35.11489269072714,0.509398174635892,0.5575258964776312,0.4424741035223689,0.923374877918645,0.7940279170449669,0.1699544372448803
385,3.4011442103967075e-08,3.800427586872399e-12,35.04393699811601,0.5094248673372741,0.5574796725313352,0.4425203274686647,0.9234501746842578,0.7941172889621054,0.17010669798919748
386,3.4011442103967075e-08,2.896933294921313e-12,35.010933412645855,0.5094587214951246,0.5575199068958576,0.44248009310414244,0.9235033084366444,0.7942215482424185,0.16995694084247087
387,3.4011442103967075e-08,3.097612323730852e-12,34.973710953547354,0.5094311173356465,0.5575824068795815,0.44241759312041845,0.9235837111541364,0.7943105697248933,0.17012265376867897
388,3.4011442103967075e-08,3.590150806466569e-12,34.90211623162704,0.509386846513842,0.5575982922921113,0.4424017077078886,0.9236582290707319,0.794377938334938,0.17029255204588908
389,3.4011442103967075e-08,3.4099168992897264e-12,34.85462947867366,0.5093518204812968,0.5575919120854396,0.44240808791456043,0.9237255844588957,0.7944574044584184,0.17047557476076483
390,3.4011442103967075e-08,3.2048903902178476e-12,34.804571183968186,0.5093001277864251,0.5576452974882038,0.4423547025117962,0.9237814408994908,0.7944502326893885,0.17064580392374656
391,3.4011442103967075e-08,3.736515647802688e-12,34.73898272535782,0.5091770809434685,0.5577002453905611,0.4422997546094389,0.9238526594650501,0.794549505026551,0.17057618714117578
392,3.4011442103967075e-08,3.651886053365708e-12,34.68566293799504,0.5091828101086432,0.5577273287168415,0.4422726712831585,0.9239216246483086,0.7946779586637123,0.17064259576185237
393,3.4011442103967075e-08,3.2689518542666897e-12,34.643703817395505,0.5092214819735724,0.557757537042308,0.44224246295769193,0.9239611215162414,0.7946434915704628,0.17101941618064007
394,3.4011442103967075e-08,2.9458882062360834e-12,34.61045239101885,0.5092514298824401,0.5577861828681815,0.44221381713181845,0.9240011685517199,0.794665704847511,0.17102737132526222
395,3.4011442103967075e-08,3.0265627842675587e-12,34.57231543401787,0.5091760392770731,0.5578420422286349,0.4421579577713652,0.9241449864072078,0.7948881417116584,0.17109433092930187
396,3.4011442103967075e-08,2.718092926263549e-12,34.54643142411876,0.5090850236757751,0.5578896984662244,0.4421103015337756,0.9242203604820101,0.7950067246081831,0.1711088934281021
397,3.4011442103967075e-08,3.3947874855404435e-12,34.49469507049029,0.5091218726245124,0.5578852713840439,0.4421147286159561,0.9242440109611514,0.7949655990159327,0.17134744533494228
398,3.4011442103967075e-08,2.8644823066529774e-12,34.45624103683686,0.5091654924048197,0.5579820161505167,0.4420179838494834,0.924288497030331,0.7950390804704542,0.17134977189520365
399,3.4011442103967075e-08,2.793661876515666e-12,34.42882184200701,0.5091891903153151,0.558042823426348,0.4419571765736519,0.9244234942374374,0.795382515432105,0.1710734330418529
400,3.4011442103967075e-08,2.8392406239398084e-12,34.394271320466316,0.5091485653258945,0.5580678234198376,0.4419321765801624,0.924501544659622,0.7954417189256039,0.17124857608067617
401,3.4011442103967075e-08,2.94060291371926e-12,34.35039535205882,0.5091726538612881,0.5580551932147935,0.4419448067852066,0.924590677887857,0.7955971962112545,0.1714430873256688
402,3.4011442103967075e-08,3.1488162552583736e-12,34.31660419389783,0.5091726538612881,0.5582081879666178,0.4417918120333823,0.9246613990575286,0.7957475821093319,0.17126503671393073
403,3.4011442103967075e-08,3.505081210233821e-12,34.26027489003304,0.5091712215699944,0.5583115733563611,0.4416884266436389,0.9247128625884611,0.7958256028665166,0.17117548154462695
404,3.4011442103967075e-08,3.1785027960498768e-12,34.21931068869417,0.5091184872087273,0.5583752452147799,0.4416247547852201,0.9247915598559465,0.7959958626837388,0.17114073716511846
405,3.4011442103967075e-08,3.2182531601602047e-12,34.17641918220836,0.5090162736936787,0.5584464691545653,0.4415535308454347,0.9248780101539563,0.7961460098038915,0.17129372145526675
406,3.4011442103967075e-08,2.817560161272899e-12,34.15301527229802,0.5090670549304545,0.5585262868421128,0.4414737131578872,0.9249115919604559,0.7961656269243003,0.17124735067671068
407,3.4011442103967075e-08,3.454609700560871e-12,34.09285113426684,0.5090761695114142,0.5585852712017523,0.4414147287982477,0.9250174426228548,0.7962965803896023,0.17128914875234444
408,3.4011442103967075e-08,2.869388060147148e-12,34.062344926841504,0.5090880184666619,0.5586055836964626,0.44139441630353743,0.9250615049334828,0.7963844813685487,0.1714214556589226
409,3.4011442103967075e-08,3.4418885628328788e-12,34.01486021276253,0.5090994767970113,0.5586923024238796,0.44130769757612043,0.9251625758481645,0.7965109623509761,0.171422902171611
410,3.4011442103967075e-08,3.2424032422819463e-12,33.97186051741393,0.5091121070020554,0.5586936045068738,0.44130639549312617,0.9252207244337904,0.7965671112661561,0.1716328537468885
411,3.4011442103967075e-08,3.0059197669827337e-12,33.93968594386815,0.5091122372103549,0.5587715992782294,0.44122840072177066,0.9252561349867825,0.7965875961543913,0.17162300008365614
412,3.4011442103967075e-08,2.5112773604791524e-12,33.91751454181382,0.5091549455325662,0.5587502451171237,0.4412497548828763,0.9253551018926387,0.7967252132103921,0.1719450853672187
413,3.4011442103967075e-08,3.2663592519677946e-12,33.869630971536836,0.5091351538710537,0.5588645680040187,0.44113543199598126,0.925438562652827,0.7968162707359653,0.17189935478703958
414,3.4011442103967075e-08,2.895610542155137e-12,33.841489095974396,0.5090442684780551,0.5589438648583686,0.4410561351416315,0.9255022917282865,0.7969251596172804,0.17197270442191473
415,3.4011442103967075e-08,3.592795482907033e-12,33.77616378742049,0.5089794247449415,0.5590077971333861,0.44099220286661384,0.9255723989657827,0.7970090832439528,0.17194471610152393
416,3.4011442103967075e-08,3.3983615927992476e-12,33.726061740684855,0.5089524716269606,0.558936963818499,0.441063036181501,0.9256133972181676,0.7969976105347466,0.17234964444978237
417,3.4011442103967075e-08,3.27036780770431e-12,33.68166328474037,0.5089257789255784,0.5590242033791137,0.4409757966208863,0.9256525069743157,0.7970191928509384,0.17229369389206234
418,3.4011442103967075e-08,3.0638705547662978e-12,33.65321766438793,0.5090002580728494,0.5591111825231295,0.4408888174768705,0.92572790749164,0.7971459017052314,0.17224204496101103
419,3.4011442103967075e-08,3.696758118331773e-12,33.59592950139903,0.5089427060045036,0.5590799325312675,0.4409200674687324,0.9257931435726081,0.7972170733430648,0.1724667733101905
420,3.4011442103967075e-08,2.9221552524538416e-12,33.57040151555134,0.5089893205756978,0.5591506356378553,0.4408493643621447,0.9258113264182541,0.7972528104647562,0.17245146342245402
421,3.4011442103967075e-08,3.784427127311686e-12,33.51015237478993,0.5089733049548685,0.5591169116883042,0.44088308831169576,0.9258856276694943,0.7973290845481306,0.17266259677836027
422,3.4011442103967075e-08,3.315334892198252e-12,33.46230278585875,0.5089851539101161,0.5591433439730875,0.4408566560269125,0.9259793138582104,0.797456856601731,0.17286419493322655
423,3.4011442103967075e-08,3.0131565090000434e-12,33.424931462475556,0.5089868466180087,0.5591813647965196,0.4408186352034804,0.9260252198186669,0.7975720316963917,0.17278589980950823
424,3.4011442103967075e-08,2.833391232114435e-12,33.39315592220759,0.508991534116788,0.559294255392121,0.44070574460787904,0.926111096715037,0.7977777495443884,0.17252592512554746
425,3.4011442103967075e-08,3.601773458917027e-12,33.34088803300275,0.5090148414023851,0.5593291512163668,0.4406708487836331,0.9262110074082354,0.7979169143492515,0.17263344910913986
426,3.4011442103967075e-08,2.8811042495830056e-12,33.30887575812398,0.5089742164129645,0.5593848803685207,0.44061511963147926,0.9263090315736278,0.798102296052403,0.1726329218264874
427,3.4011442103967075e-08,2.9878855731930344e-12,33.27029802088547,0.5089454403787915,0.5594809740934963,0.44051902590650366,0.9263401626059622,0.7981456777326816,0.17253187509146636
428,3.4011442103967075e-08,3.3444970566331545e-12,33.22625340467074,0.508963669540711,0.55945297930912,0.44054702069088003,0.9264146784928489,0.7982386398300575,0.17276425198452006
429,3.4011442103967075e-08,2.7988783049480067e-12,33.19567758022633,0.5089042945561733,0.5595725105279921,0.44042748947200794,0.9264795925023164,0.7982496019350337,0.17300358593010617
430,3.4011442103967075e-08,2.8514980956126266e-12,33.164328497902225,0.5088769508132941,0.5596925625800618,0.44030743741993816,0.9265722666298509,0.7984507336845166,0.17304232249947962
431,3.4011442103967075e-08,3.0177896983214527e-12,33.1294240635696,0.5088575497766797,0.5596063646858426,0.4403936353141575,0.9266308876716016,0.7984986835914758,0.17336087064406905
432,3.4011442103967075e-08,3.2834774126271877e-12,33.08661616003161,0.5088566383185837,0.5597270677794094,0.44027293222059055,0.9267407107211518,0.7987060562484325,0.17324475009963675
433,3.4011442103967075e-08,3.052067961773078e-12,33.041958934177394,0.5088587216513746,0.5597886563050374,0.44021134369496256,0.9267910494691621,0.7987183965288563,0.17346093299090348
434,3.4011442103967075e-08,3.805233314864963e-12,32.977906924152855,0.5087804664634202,0.5598256354620741,0.4401743645379259,0.9268406457675993,0.7988205934196783,0.17348738011057918
435,3.4011442103967075e-08,3.1716114352112297e-12,32.9443177859691,0.5087548154284335,0.559911703147994,0.440088296852006,0.9268716272920348,0.7987592591851387,0.17374527574822374
436,3.4011442103967075e-08,3.229183009043154e-12,32.90687045811371,0.5087959612510518,0.5600063645816759,0.4399936354183241,0.9269728153426426,0.7989857354911486,0.173643678436138
437,3.4011442103967075e-08,2.831279737555984e-12,32.8751383838916,0.5087684872998731,0.5599856614620673,0.44001433853793265,0.927019025442226,0.7989636490790751,0.17365896355549504
438,3.4011442103967075e-08,3.0513082582181566e-12,32.84569821353402,0.5087665341753818,0.5601156093448934,0.4398843906551066,0.927043062618419,0.799056671639329,0.17350094374828226
439,3.4011442103967075e-08,4.22689980146717e-12,32.76038585812351,0.5088179664536546,0.5601654791235732,0.4398345208764269,0.9270709730051291,0.7990292827263841,0.1736584560448065
440,3.4011442103967075e-08,3.0487954667471062e-12,32.71912631885034,0.5088167945789598,0.560201286405915,0.439798713594085,0.927123821892535,0.7990724126945488,0.1737372640253125
441,3.4011442103967075e-08,3.4051028325913007e-12,32.67462236708219,0.5088055966652092,0.5602997238802803,0.43970027611971974,0.9272008108355773,0.7991948989154346,0.17363998098376288
442,3.4011442103967075e-08,3.4714752875566697e-12,32.62299811671794,0.5087373675163105,0.5602675624303223,0.4397324375696777,0.9272677802509167,0.7993190903403443,0.17378701953576578
443,3.4011442103967075e-08,2.9519566078784437e-12,32.58882754496661,0.5087303362681416,0.5602958176312975,0.4397041823687025,0.9273079001834859,0.7992835449572623,0.17403654531892088
444,3.4011442103967075e-08,3.1651484859954663e-12,32.54766837548087,0.5087592425106139,0.5603205572081882,0.43967944279181176,0.9273868840158881,0.7993881207893939,0.1742276372340631
445,3.4011442103967075e-08,3.941706795259481e-12,32.48931916089534,0.5088717424813171,0.5603972498965495,0.4396027501034505,0.9274527452690103,0.7995019102929452,0.17435271212708858
446,3.4011442103967075e-08,3.343348364886408e-12,32.4345687479971,0.5088494768621153,0.5604372238444729,0.439562776155527,0.9275371966902972,0.7996535460660095,0.17422852190544427
447,3.4011442103967075e-08,3.5434674302087492e-12,32.39433391279337,0.5087860654202955,0.5605057134099705,0.43949428659002954,0.9275713719134363,0.7996886332467444,0.17428171541576556
448,3.4011442103967075e-08,2.8268875084731297e-12,32.36962749459599,0.5087597633438117,0.56052394257189,0.43947605742811,0.9276304864947237,0.7997953962332723,0.17437405104176476
449,3.4011442103967075e-08,3.121788221421824e-12,32.331408256390404,0.5087743466733472,0.560589827971399,0.43941017202860105,0.9276825402427601,0.7998467279728827,0.17450690394676985
450,3.4011442103967075e-08,2.820930624059719e-12,32.31001641650523,0.5087800758385219,0.5607033696084975,0.4392966303915025,0.9278075896472302,0.8001088857229612,0.17439412057285336
451,3.4011442103967075e-08,3.6917988552713145e-12,32.25545075740572,0.5087407529320956,0.5607312341845744,0.43926876581542557,0.9278800877676033,0.8002265270844208,0.17435754874568707
452,3.4011442103967075e-08,3.1440841877362413e-12,32.21975337021759,0.5087613258434047,0.5607585779274536,0.43924142207254635,0.9279570892147323,0.8003173535426802,0.17434572529647813
453,3.4011442103967075e-08,3.850401657326382e-12,32.16244583173028,0.5088127581216776,0.5608006352081679,0.4391993647918321,0.9279941235045257,0.8003705000009643,0.17445063270903938
454,3.4011442103967075e-08,3.105956724412865e-12,32.1279805532227,0.508743357098084,0.5608631351918919,0.4391368648081081,0.9280643536367891,0.8005311927895917,0.1743750746747613
455,3.4011442103967075e-08,3.950567869473913e-12,32.06534981817843,0.5086962216936922,0.5608752445637384,0.4391247554362616,0.9281484407509367,0.8006454503475676,0.1745788255876546
456,3.4011442103967075e-08,3.344564839583292e-12,32.028217087581076,0.5086731748246941,0.5609635257907485,0.4390364742092515,0.928172122716236,0.8005560707598802,0.1746509426728702
457,3.4011442103967075e-08,3.2639678355247875e-12,31.98491182350541,0.5087406227237962,0.560983317452261,0.4390166825477389,0.928261535634788,0.8006921452042864,0.17488055708974137
458,3.4011442103967075e-08,3.2053191523180564e-12,31.945573489150707,0.5087154925220072,0.5610445153529908,0.43895548464700923,0.9282973029653762,0.8007447617120401,0.1748679961083288
459,3.4011442103967075e-08,2.748367696419442e-12,31.91906471615695,0.5086993466928784,0.5611080570031102,0.43889194299688983,0.9283474497326766,0.8007987479874765,0.175013800626499
460,3.4011442103967075e-08,3.6254684384592494e-12,31.873391258408084,0.508596872761231,0.5611512861585193,0.4388487138414808,0.9284161184584774,0.8008701117759649,0.17513883256393487
461,3.4011442103967075e-08,2.877383053549724e-12,31.84801526833346,0.5086381487921487,0.5611572757402927,0.4388427242597072,0.9284451476612033,0.8009180846688406,0.1752023200103551
462,3.4011442103967075e-08,3.061077749006543e-12,31.814766047121193,0.5086902321119188,0.5611356611625883,0.43886433883741177,0.9284920619868181,0.800972295275077,0.17534352909128323
463,3.4011442103967075e-08,3.066263101089527e-12,31.78523693679857,0.5086187477555344,0.5611313642887072,0.4388686357112928,0.9285462309661915,0.8010525316115086,0.17537821928679992
464,3.4011442103967075e-08,3.0969341637789745e-12,31.747268291379303,0.5086235654626131,0.561185530941268,0.438814469058732,0.9286247207135574,0.8011798133300194,0.17544966165896222
465,3.4011442103967075e-08,2.8204649387106228e-12,31.726446578714356,0.5085829404731926,0.5612344892618517,0.43876551073814823,0.928707681676211,0.8013103634296582,0.17556054861702886
466,3.4011442103967075e-08,3.5100083831756914e-12,31.682042366328652,0.5085852842225822,0.5613657392276721,0.4386342607723279,0.9287591205193811,0.8013714660034404,0.1754322818972684
467,3.4011442103967075e-08,2.9426095016543255e-12,31.654348184434646,0.5085852842225822,0.5613445152748658,0.43865548472513416,0.9287512236968347,0.8013005330666737,0.17560868865189366
468,3.4011442103967075e-08,3.011996523231406e-12,31.624265410757392,0.5085447894414611,0.5613300621536297,0.4386699378463704,0.9288260556313114,0.801363622011432,0.17592622597512048
469,3.4011442103967075e-08,3.072685417179915e-12,31.59971741085071,0.5086196592136304,0.5614316246271811,0.4385683753728189,0.9288761402296525,0.801460175465781,0.17588989499085883
470,3.4011442103967075e-08,3.05464119987756e-12,31.571909143554052,0.5084977842453687,0.5614648277435345,0.43853517225646554,0.9289526820258249,0.8015848332899421,0.17602335044240752
471,3.4011442103967075e-08,2.888559099540912e-12,31.54878937959367,0.5084160134333299,0.5615256350193659,0.43847436498063413,0.9289937342316489,0.8016775733866565,0.17577240559589735
472,3.4011442103967075e-08,3.1444712431152095e-12,31.518475990849375,0.5083721332364236,0.5615583173025215,0.43844168269747846,0.9290578626366222,0.8018318335598634,0.17554783445300653
473,3.4011442103967075e-08,2.8802666190676984e-12,31.489765223251617,0.5083979144797097,0.5616059735401111,0.43839402645988895,0.9291131238447583,0.8019253613266447,0.17560392404468259
474,3.4011442103967075e-08,3.4825018385223007e-12,31.43871258410732,0.508395831146919,0.5616570151934857,0.43834298480651435,0.9291639566186819,0.8019278036569034,0.1759807276365687
475,3.4011442103967075e-08,2.9871984721310876e-12,31.411431184978674,0.5084421853015142,0.5617149578867298,0.4382850421132703,0.9292232992667516,0.8019612590516113,0.17628295435606567
476,3.4011442103967075e-08,3.071946254719744e-12,31.379214889775763,0.5084691384194951,0.5617753745376629,0.4382246254623371,0.929235759320293,0.8019071461529451,0.17633926894875815
477,3.4011442103967075e-08,3.032610868647529e-12,31.35256104915856,0.5084391905106275,0.5618261557744386,0.4381738442255614,0.9293359898187395,0.8020968044745669,0.17622926674951273
478,3.4011442103967075e-08,3.6185366776974733e-12,31.30701904138074,0.5083898415651454,0.5618995932553142,0.43810040674468576,0.9293838358575421,0.8021710366432614,0.17636021357670256
479,3.4011442103967075e-08,3.1760810305259907e-12,31.26898314106051,0.5084506488409769,0.5619756349021784,0.4380243650978216,0.9294713284581003,0.8023120816049125,0.17619425407085917
480,3.4011442103967075e-08,3.0900712276193097e-12,31.236730914245165,0.508454685298259,0.5620611817549006,0.4379388182450994,0.929494413813255,0.802288646662522,0.17633547405492514
481,3.4011442103967075e-08,3.2604560496699054e-12,31.209736289554492,0.5084749977929693,0.5620753744595379,0.4379246255404621,0.9295750093643702,0.8024013117759191,0.17652255065949124
482,3.4011442103967075e-08,3.868423280434517e-12,31.15967528413553,0.5085134092412997,0.5620505046743477,0.43794949532565225,0.929675378898296,0.802579050109988,0.17676362511578647
483,3.4011442103967075e-08,2.9904793036104596e-12,31.13071833934066,0.5084494769662821,0.5622153483814197,0.4377846516185803,0.9297072553191856,0.8026239675731747,0.1766368278508262
484,3.4011442103967075e-08,3.138856478182052e-12,31.101641696768656,0.5083899717734448,0.5622568848289362,0.43774311517106373,0.9297567087039975,0.8027571698978554,0.17661257644188091
485,3.4011442103967075e-08,3.2271531165338967e-12,31.066460659799038,0.5083494769923237,0.5623281087687216,0.4376718912312783,0.9298065627961705,0.8028284695215524,0.17657302086774096
486,3.4011442103967075e-08,2.801680391597768e-12,31.04183518605521,0.5083473936595329,0.56233527022519,0.43766472977480997,0.9298659034779423,0.8028961664917919,0.17684655083583883
487,3.4011442103967075e-08,3.3460774795860828e-12,31.00585642916411,0.5083318988719013,0.5624048014570829,0.43759519854291706,0.9299592214259536,0.8031037554322124,0.17670587353018666
488,3.4011442103967075e-08,3.505118498526132e-12,30.96188478544429,0.5083936176058288,0.5624352701991484,0.4375647298008516,0.9299793936104973,0.8031271498843511,0.1769329778516199
489,3.4011442103967075e-08,3.111549311383676e-12,30.935627411688046,0.5084226540566005,0.5625049316393407,0.43749506836065927,0.9300078765826518,0.8031405488817028,0.17667593979971677
490,3.4011442103967075e-08,3.0254611061279742e-12,30.901590461705684,0.5083624978222662,0.5625525878769302,0.43744741212306976,0.9300508141539595,0.8031954343134987,0.17689986113725772
491,3.4011442103967075e-08,3.24890956324058e-12,30.86218132613223,0.5084076801021666,0.5625769368289227,0.4374230631710773,0.9300933810882118,0.8032244218037538,0.1770578452754982
492,3.4011442103967075e-08,3.002802053629707e-12,30.835051652950717,0.5083170551257669,0.5626921711739138,0.43730782882608626,0.9302003732007889,0.8034465023571837,0.17697117778777752
493,3.4011442103967075e-08,3.4332234350565704e-12,30.79301882217966,0.5083252582486306,0.5626299316067886,0.43737006839321135,0.9302665488922983,0.8034099839586768,0.1773589603359411
494,3.4011442103967075e-08,3.1556628076427824e-12,30.75593464645951,0.5083546853243007,0.5626732909704971,0.4373267090295029,0.9302425293318161,0.8033318217357354,0.17732827641158116
495,3.4011442103967075e-08,3.690482060627438e-12,30.709565825599594,0.5083713519866271,0.5627102701275338,0.43728972987246617,0.9303303886632306,0.8034889984776011,0.1774185153439364
496,3.4011442103967075e-08,3.247506990598162e-12,30.676481459523263,0.508364581155057,0.5627404784530003,0.4372595215469996,0.9304298788320913,0.8036766574994537,0.17748665988142906
497,3.4011442103967075e-08,3.337119876340625e-12,30.64541728029553,0.5083778624015983,0.5627524576165475,0.4372475423834525,0.9304984997780578,0.8038229161840559,0.17741999257705315
498,3.4011442103967075e-08,3.2722441060093724e-12,30.61320295593512,0.5083032530460279,0.5627846190665055,0.43721538093349455,0.930568637856619,0.8039577022877837,0.17733849201968133
499,3.4011442103967075e-08,3.749920217080883e-12,30.56004931601879,0.5083108051273945,0.5628389159273657,0.4371610840726344,0.9306001930938408,0.8039634929642281,0.17740782667472535
500,3.4011442103967075e-08,3.4766238393039726e-12,30.51398018994853,0.5082488259768683,0.562870296127527,0.43712970387247296,0.9306650645997397,0.8040773669945721,0.1775462082884713
501,3.4011442103967075e-08,3.2150632836689563e-12,30.48063715501326,0.5082436176448912,0.5629370929851321,0.43706290701486794,0.9307029133374514,0.8041109752501372,0.17752411056981543
502,3.4011442103967075e-08,3.3137584090014417e-12,30.451688733739243,0.508232810356039,0.5630252440038427,0.4369747559961573,0.9307323201077249,0.8041458832429134,0.17767153082701773
503,3.4011442103967075e-08,3.0665473900729734e-12,30.420506178434906,0.5082399718125074,0.5630380044171863,0.4369619955828136,0.9307482559147382,0.8041462632708994,0.17774040296841026
504,3.4011442103967075e-08,3.175681337610189e-12,30.394895536408477,0.508233721814135,0.5630389158752823,0.4369610841247177,0.9308047600923613,0.8043257014020063,0.17765528085821183
505,3.4011442103967075e-08,3.485098039296651e-12,30.36308101200131,0.508193617657912,0.5630646971185684,0.43693530288143156,0.9308607418306332,0.8044757246934076,0.17751338208740666
506,3.4011442103967075e-08,3.3653018317156064e-12,30.326631218544357,0.5081647114154397,0.5631505043878895,0.4368494956121105,0.9308787449377876,0.804443877371905,0.1775218927274469
507,3.4011442103967075e-08,2.8147741892923325e-12,30.304670112607702,0.5080742166473394,0.5631954262511911,0.43680457374880893,0.9309408968114846,0.8044910499688692,0.17764381762163864
508,3.4011442103967075e-08,3.7396530292033294e-12,30.26094927972734,0.5081744770378966,0.5632403481144926,0.4367596518855073,0.931038421246672,0.8046571782535143,0.1777943109749594
509,3.4011442103967075e-08,3.545957408349785e-12,30.22090229864503,0.50823710722992,0.5632903481014718,0.4367096518985282,0.9310613442953287,0.8046313326318019,0.1778755133718099
510,3.4011442103967075e-08,3.853548015255664e-12,30.174647688898283,0.5081993468230868,0.5632684731071684,0.4367315268928315,0.9311266072079211,0.8047448508168104,0.1779605814234165
511,3.4011442103967075e-08,3.71408501958536e-12,30.117866678665482,0.5082774718027417,0.5633191241356448,0.4366808758643552,0.9311905940394716,0.804783773008947,0.17823260328506538
512,3.4011442103967075e-08,2.9956971214251574e-12,30.094959653304766,0.5082167947352098,0.5633965980738026,0.4366034019261974,0.9311975126801256,0.8048239849984116,0.17819124400002298
513,3.4011442103967075e-08,2.9131769721558027e-12,30.072987814866433,0.5082290343153556,0.5634394366043134,0.4365605633956866,0.9312357199554815,0.8048707288478287,0.17824635145018436
514,3.4011442103967075e-08,3.45231201535475e-12,30.025321087667884,0.5081720030802075,0.563619514682418,0.43638048531758195,0.9312988333471629,0.8049917202343454,0.17811921164185296
515,3.4011442103967075e-08,3.701738899160931e-12,29.99070872721321,0.5082528624341504,0.563648290716591,0.43635170928340905,0.9313534810231566,0.8050933996855613,0.17815644197638775
516,3.4011442103967075e-08,3.284281394017973e-12,29.964566350501677,0.5082045551550638,0.5636465980086984,0.43635340199130157,0.9313998745822879,0.8051367754174489,0.17837791999028238
517,3.4011442103967075e-08,3.2960273185332943e-12,29.937727990971915,0.5081657530818351,0.5636827959159386,0.43631720408406144,0.931414145388829,0.8051210657301404,0.17841356067146322
518,3.4011442103967075e-08,3.007579366168172e-12,29.908934357865053,0.5081709614138121,0.563701025077858,0.4362989749221419,0.9315168119917424,0.8053241495357288,0.17850360874747764
519,3.4011442103967075e-08,2.960306658476171e-12,29.887109692659276,0.50816236766605,0.5637857906807837,0.43621420931921634,0.9315672052581389,0.8053058503556777,0.17881919594375542
520,3.4011442103967075e-08,3.384131206010005e-12,29.851346664379207,0.5081117166375738,0.5637864417222808,0.4362135582777192,0.931626034155894,0.8053131380253277,0.17905116487055653
521,3.4011442103967075e-08,3.900845795120089e-12,29.803844819803306,0.5081089822632858,0.5638159990062502,0.43618400099374977,0.9316789624149779,0.8053939717381722,0.17914071958310926
522,3.4011442103967075e-08,3.320865212809057e-12,29.77094466236647,0.5081061176806985,0.5638869625294368,0.4361130374705632,0.9317043855716931,0.8053634761206515,0.17925805654787283
523,3.4011442103967075e-08,3.275572311714467e-12,29.742410955256315,0.5081584614170673,0.563941259390297,0.43605874060970296,0.9317281569752056,0.805376207572071,0.17917396095324237
524,3.4011442103967075e-08,3.272511451517976e-12,29.704481387889174,0.5081088520549865,0.563925634394366,0.43607436560563395,0.9318020144799606,0.8054850880173046,0.17927326619475126
525,3.4011442103967075e-08,3.350804992942028e-12,29.670893837351674,0.5080980447661342,0.5640066239566084,0.43599337604339167,0.9318812067469147,0.8055833135852346,0.17941756692616828
526,3.4011442103967075e-08,3.0947790418050196e-12,29.644344768273573,0.5080895812266716,0.5640308427003013,0.4359691572996986,0.9319658616002016,0.8058029038048019,0.1793285172471356
527,3.4011442103967075e-08,3.4067250762466334e-12,29.606796417691303,0.5080821593536043,0.5641018062234879,0.435898193776512,0.9320051066570416,0.8058366627335817,0.17928044004470922
528,3.4011442103967075e-08,3.5786095426732748e-12,29.57688425718313,0.5080055968735425,0.5642788895107058,0.43572111048929413,0.932042871840506,0.8059456052695197,0.17887481575439743
529,3.4011442103967075e-08,3.1354100663381426e-12,29.55224310406458,0.5081220030932284,0.5642852697173777,0.4357147302826223,0.9320773191305277,0.8060797134886022,0.17897185573548285
530,3.4011442103967075e-08,3.0419181772422772e-12,29.528600597072806,0.5081348937148714,0.5643611811559424,0.4356388188440576,0.9321416288962997,0.8062241075399669,0.1789286619497871
531,3.4011442103967075e-08,3.1782599114821427e-12,29.499711117251014,0.5080178364536885,0.5643755040688792,0.43562449593112085,0.9322032525059136,0.8062894114400958,0.17907929288707117
532,3.4011442103967075e-08,3.681812912909227e-12,29.458630139921393,0.5080890603934739,0.5643891759403188,0.4356108240596812,0.9322258823885036,0.8063647583182204,0.1790330695887182
533,3.4011442103967075e-08,2.9177462413051484e-12,29.43609917903173,0.5080816385204067,0.5644132644757124,0.4355867355242876,0.9322717156770374,0.8064322835106713,0.17908733813196676
534,3.4011442103967075e-08,3.3086915971498537e-12,29.40669279826478,0.5080570291518153,0.5644348790534169,0.43556512094658306,0.9322824139863315,0.8063998620533441,0.17903673121810162
535,3.4011442103967075e-08,3.1600139122775577e-12,29.38174262644115,0.50802200311927,0.5644623530045956,0.4355376469954044,0.9323094916254194,0.8063873787913568,0.1792048494555671
536,3.4011442103967075e-08,3.788934801333237e-12,29.339933128368283,0.5080225239524677,0.5644675613365726,0.43553243866342745,0.9324082294591695,0.8066039870752392,0.17937917446881183
537,3.4011442103967075e-08,3.01600861889913e-12,29.31116185069861,0.5079669250086133,0.5644838373740007,0.4355161626259993,0.9324493160516301,0.806670876049787,0.17935842819577202
538,3.4011442103967075e-08,3.386054244740654e-12,29.27262503728379,0.5080335916579188,0.5645865717222469,0.43541342827775303,0.9325180963054799,0.8068241969983451,0.17914336409880208
539,3.4011442103967075e-08,3.601277017375792e-12,29.232611426470267,0.507965622925619,0.5645894363048343,0.43541056369516573,0.9325790491171548,0.8068631986318391,0.17935525974804045
540,3.4011442103967075e-08,3.0660823537325373e-12,29.211569094957238,0.5079928364601989,0.5646964675269616,0.43530353247303843,0.9326692987600944,0.8070629246177391,0.17930819012781687
541,3.4011442103967075e-08,3.943867147639878e-12,29.169229162808815,0.5080303364504332,0.5647359206416873,0.4352640793583127,0.9327090769082135,0.8070717316268036,0.17943558929869866
542,3.4011442103967075e-08,3.648671300808147e-12,29.12840210324038,0.5080113260387171,0.5648122227051503,0.43518777729484964,0.9327208884704141,0.8070693760852568,0.1794952576716768
543,3.4011442103967075e-08,3.4899621471676514e-12,29.094928273270547,0.5079804666717535,0.5648671706075077,0.43513282939249237,0.9327930442526879,0.8071443508459978,0.17971196847585721
544,3.4011442103967075e-08,4.13954181390276e-12,29.035099671496628,0.5079886697946172,0.5649486810029477,0.43505131899705235,0.9327880982127669,0.8071175564199428,0.17978318120844036
545,3.4011442103967075e-08,3.1117055253626635e-12,29.014217327868945,0.5079992166668706,0.565007925779186,0.434992074220814,0.9328244204174729,0.8071883227355702,0.17974737134786092
546,3.4011442103967075e-08,3.6213194478300014e-12,28.98191163807052,0.5079566385529587,0.5650847486758467,0.4349152513241533,0.9328439848513477,0.8072259273480311,0.17973189121088534
547,3.4011442103967075e-08,3.046155948552426e-12,28.961648365319874,0.5079195291876226,0.5651034986709639,0.4348965013290361,0.9329114218153363,0.8073212972616103,0.179708895138237
548,3.4011442103967075e-08,3.3599337907181078e-12,28.929221977584255,0.5079065083576801,0.5651031080460656,0.4348968919539344,0.9329575056077745,0.8074637841822059,0.17974168236476734
549,3.4011442103967075e-08,2.9113267424260294e-12,28.91172918173347,0.507961326051738,0.565130191372346,0.434869808627654,0.9330439902052963,0.8075598911855384,0.17971994924994217
550,3.4011442103967075e-08,3.3111982377821143e-12,28.881797856774536,0.5079606750102409,0.5651749830273481,0.43482501697265186,0.9330632000091982,0.8074763444497118,0.18009189094655362
551,3.4011442103967075e-08,3.28504351905365e-12,28.85844071069485,0.5079796854219569,0.565148290325966,0.4348517096740339,0.9331004934498837,0.807524331516253,0.1801286907652589
552,3.4011442103967075e-08,3.2601603653911977e-12,28.83216581913479,0.5080317687417268,0.565209878851594,0.43479012114840593,0.9331431609964265,0.8075398231470537,0.18014590257899601
553,3.4011442103967075e-08,4.600872950646399e-12,28.78810472408298,0.508005466665243,0.5653218579890995,0.4346781420109005,0.9332069119177747,0.8076500598744525,0.18011489855353519
554,3.4011442103967075e-08,2.942656508162843e-12,28.768914806612692,0.5080468729044602,0.565345295482996,0.43465470451700405,0.9332636695306245,0.8077645889108382,0.1802081177803596
555,3.4011442103967075e-08,3.115661341919907e-12,28.743378668499115,0.5079808572966518,0.5653743319337677,0.43462566806623226,0.9332687819601309,0.8077371656364916,0.18041163703535573
556,3.4011442103967075e-08,3.1046803546619074e-12,28.720192102266754,0.5080068989565367,0.5653933423454838,0.4346066576545162,0.933310834477631,0.8077853528496168,0.18063065631244898
557,3.4011442103967075e-08,3.919260309595464e-12,28.67581900330172,0.5079636698011276,0.5653913892209924,0.4346086107790076,0.93335580662142,0.8078356666083183,0.18059583742199722
558,3.4011442103967075e-08,3.187876725561344e-12,28.650941579273653,0.5080345031160148,0.5654529777466204,0.4345470222533796,0.933403684031115,0.8079050795974991,0.18056114973073623
559,3.4011442103967075e-08,3.424029490189656e-12,28.619395647772063,0.507938669807638,0.5655183423129317,0.4344816576870683,0.9334589916069935,0.8080243957837783,0.18049653665623408
560,3.4011442103967075e-08,2.8093276109833134e-12,28.601559877067743,0.5079299458515766,0.5656157381209015,0.43438426187909845,0.9334691948180582,0.8080098969871232,0.18070663700545048
561,3.4011442103967075e-08,3.446662992039394e-12,28.57797314622009,0.5078673156595532,0.5656331860330245,0.4343668139669755,0.9335455072830436,0.8081106253650304,0.18075619460365022
562,3.4011442103967075e-08,3.653500429163213e-12,28.5442912191101,0.5078656229516607,0.5656493318621532,0.43435066813784684,0.9336077289478747,0.808183341231788,0.18075828232878072
563,3.4011442103967075e-08,3.940417575548029e-12,28.50389004902578,0.5078752583658181,0.5657093578881881,0.43429064211181195,0.9336200516403799,0.8082726287718615,0.18063469277120295
564,3.4011442103967075e-08,3.135807503087589e-12,28.4819472456497,0.5078658833682596,0.5657968578654016,0.43420314213459843,0.9336778923433873,0.8083535211966876,0.18072488986095644
565,3.4011442103967075e-08,3.3808847397909958e-12,28.454937888570644,0.5078111958825011,0.565884618259214,0.434115381740786,0.9337072063022049,0.8083305538959178,0.18092350767760682
566,3.4011442103967075e-08,3.789584569455357e-12,28.414429617394322,0.5078115865073993,0.5659623526139707,0.43403764738602935,0.9337917395089338,0.8085247928337111,0.180898772931762
567,3.4011442103967075e-08,3.2689369940826293e-12,28.375557995635152,0.5077630188117138,0.5659577953234908,0.4340422046765092,0.933848091991747,0.808600109800041,0.18091971670369547
568,3.4011442103967075e-08,3.168521309810222e-12,28.356404632316984,0.5078092427580096,0.5659952953137252,0.43400470468627483,0.9339252651401275,0.8087458491775601,0.18100258217393997
569,3.4011442103967075e-08,2.5356934147287812e-12,28.347657324911065,0.5078805969060946,0.5659396963698707,0.43406030363012926,0.9339363546805759,0.8087389232134471,0.18114063918542458
570,3.4011442103967075e-08,3.1579596674188358e-12,28.326215559114136,0.5078425760826625,0.566021597390209,0.433978402609791,0.9340216324494508,0.8088668875105738,0.18124180794025577
571,3.4011442103967075e-08,3.0469474981444556e-12,28.304720222653703,0.5079026021086974,0.5661024567441519,0.4338975432558481,0.9341223291704834,0.8091338568919391,0.1810065839072262
572,3.4011442103967075e-08,2.8606540384254784e-12,28.283484282529034,0.5079390604325363,0.5661713369345477,0.4338286630654523,0.9341145309954375,0.8091202850178584,0.18084166917886807
573,3.4011442103967075e-08,3.126507758106443e-12,28.258279648581027,0.5078572896204975,0.5661666494357683,0.4338333505642316,0.9342011074631987,0.8093528493290078,0.18088108078399087
574,3.4011442103967075e-08,3.9036163070673505e-12,28.210128885565663,0.5078644510769659,0.5662037588011045,0.43379624119889554,0.9342249272389478,0.8093706122621013,0.18092857547215827
575,3.4011442103967075e-08,3.3339254281536017e-12,28.183864447049174,0.5078291646278217,0.5662243317124136,0.4337756682875864,0.934282935096523,0.8094971271635407,0.18110930675376788
576,3.4011442103967075e-08,3.4088035372739097e-12,28.151653878387837,0.5078188781721671,0.5663383941827098,0.43366160581729013,0.9343219384428637,0.8095030149986668,0.1812005864874694
577,3.4011442103967075e-08,3.6683918299880575e-12,28.11411604607464,0.5078053365090269,0.5663748525065488,0.43362514749345116,0.934361122460125,0.8095614281438546,0.18111174726315105
578,3.4011442103967075e-08,3.617104341172409e-12,28.081081208240775,0.5078247375456413,0.5663617014683069,0.4336382985316931,0.9343643532948899,0.8094609336756613,0.18151432708215462
579,3.4011442103967075e-08,2.974773691278698e-12,28.060562719986724,0.50780012817705,0.5663809722966218,0.4336190277033782,0.9344550900222902,0.8096961958575499,0.1812580187118759
580,3.4011442103967075e-08,3.0424540418086066e-12,28.037333176042157,0.507808721924812,0.5664282379093131,0.43357176209068693,0.9344614873128466,0.8097180199315583,0.18106787280580033
581,3.4011442103967075e-08,3.285530078777355e-12,28.011401115794325,0.5078029927596373,0.5664915191428336,0.4335084808571664,0.9345337368680976,0.8098086406074441,0.1810788520724184
582,3.4011442103967075e-08,4.090761598679863e-12,27.977485210807053,0.507781768806831,0.5665986805732602,0.4334013194267397,0.934528511211716,0.8097246289433255,0.18128593629431689
583,3.4011442103967075e-08,3.2446822124042905e-12,27.954531189266064,0.507727211529372,0.5666257638995407,0.43337423610045933,0.934544212935207,0.8096464298042204,0.1816254615787796
584,3.4011442103967075e-08,3.1410131372796024e-12,27.931325329084473,0.5076932271632221,0.5666521961843239,0.4333478038156761,0.9346157874341695,0.8098377230750272,0.1815888783428029
585,3.4011442103967075e-08,3.777247775282469e-12,27.894098111509212,0.5077822896400287,0.5666262847327384,0.43337371526726165,0.9346076103415248,0.809753676643573,0.18179185127213782
586,3.4011442103967075e-08,3.3127945750127557e-12,27.86631189229626,0.5077119771583393,0.5666146961940896,0.43338530380591045,0.934648735754895,0.8098055281383133,0.1818614173722423
587,3.4011442103967075e-08,3.927315228657876e-12,27.831071569798087,0.5077193990314065,0.5666507638930303,0.43334923610696974,0.9347319962991921,0.8099677165477828,0.18190555266948075
588,3.4011442103967075e-08,2.9949047291969545e-12,27.813106731075134,0.5076963521624083,0.5667114409605623,0.43328855903943775,0.9347516195816508,0.8099808736584224,0.18171499411592554
589,3.4011442103967075e-08,4.0926158249751385e-12,27.776854769496854,0.5076454407173332,0.5667545399076719,0.4332454600923281,0.9347867790951172,0.8100332670624906,0.18186477602015502
590,3.4011442103967075e-08,3.750344702609734e-12,27.7378017905191,0.5076427063430452,0.5667305815805778,0.4332694184194223,0.934837891631571,0.8101011927454645,0.18203268122848165
591,3.4011442103967075e-08,2.934549958292276e-12,27.7170702533729,0.5076999979947922,0.5667676909459138,0.43323230905408616,0.9348965865938393,0.8101117561521163,0.1820804563355179
592,3.4011442103967075e-08,3.855544384394204e-12,27.672579355688413,0.5076908834138324,0.5667555815740672,0.4332444184259327,0.9349793998577657,0.8102859887144912,0.18219454887830527
593,3.4011442103967075e-08,3.108988117932252e-12,27.650730932987635,0.5076565084227843,0.5668787586253232,0.4331212413746767,0.9350535166690315,0.8104351647249731,0.18207247945420763
594,3.4011442103967075e-08,2.957312541121113e-12,27.63353014959566,0.5076587219638745,0.5668755034178377,0.43312449658216234,0.9351187357968587,0.8105239981818824,0.18219549297137286
595,3.4011442103967075e-08,3.812900477703302e-12,27.59932953292926,0.5076763000842969,0.5669656075610398,0.4330343924389603,0.9351304097787079,0.8105526355919479,0.18215499117328235
596,3.4011442103967075e-08,3.6377496544240072e-12,27.56416520221395,0.5076486959248188,0.5670441231655929,0.43295587683440706,0.9351543856645858,0.8106308628248998,0.18214040112510865
597,3.4011442103967075e-08,3.230148592652117e-12,27.53939611974971,0.507610154268189,0.5670449044153895,0.43295509558461054,0.935181471172217,0.8106454911061574,0.18225392719821804
598,3.4011442103967075e-08,3.2765818549708292e-12,27.519869806650075,0.5076381490525653,0.5671098783568025,0.4328901216431975,0.9351711633920752,0.810503697745529,0.1821788417748662
599,3.4011442103967075e-08,3.335067314050566e-12,27.492784296617586,0.507620570932143,0.5671404773071673,0.4328595226928326,0.935197909793434,0.8104312315902457,0.1825165900041517
600,3.4011442103967075e-08,4.1266529801673485e-12,27.448113856665188,0.5075735657360506,0.5671566231362961,0.43284337686370394,0.9352556052987517,0.8105585107484342,0.1826181831090426
601,3.4011442103967075e-08,3.729180937048231e-12,27.40988109207532,0.5075596334480121,0.5671808418799891,0.4328191581200109,0.9353623695320815,0.8107966843495787,0.182495803474364
602,3.4011442103967075e-08,2.8305450165273698e-12,27.388079040073073,0.5075705709451638,0.5671114408563956,0.4328885591436044,0.9354092088837,0.8108565865577758,0.18265549636335549
603,3.4011442103967075e-08,3.5784711178778174e-12,27.352661798953577,0.5075929667726649,0.567175893964611,0.43282410603538907,0.9354355341563234,0.8108748433383114,0.18276203004413283
604,3.4011442103967075e-08,3.9575284694651454e-12,27.316140066163673,0.5075739563609488,0.5672193835366188,0.4327806164633811,0.9354360218006782,0.8108458693281941,0.18265542508526536
605,3.4011442103967075e-08,3.632234286079512e-12,27.285090345083304,0.5076177063495556,0.5671947741680275,0.43280522583197245,0.935505373607233,0.8109998716761393,0.18278146020248603
606,3.4011442103967075e-08,3.848780512762251e-12,27.247118226463517,0.5076623677962584,0.5672609199841354,0.4327390800158646,0.9355455058215172,0.8110740128265835,0.1827192541324259
607,3.4011442103967075e-08,2.950159612557292e-12,27.229819964013014,0.5075981751046419,0.5673076647636289,0.432692335236371,0.9355858352303006,0.8111236910773709,0.1828213989528447
608,3.4011442103967075e-08,3.3394379326716722e-12,27.204833947339424,0.5075321594968335,0.5673139147620013,0.4326860852379986,0.935634647551082,0.8112038708272322,0.18287826215910324
609,3.4011442103967075e-08,3.779489068189374e-12,27.170378364203913,0.507574607402446,0.5673701647473529,0.4326298352526471,0.9356272592450239,0.8110713902773437,0.18315119956763126
610,3.4011442103967075e-08,2.652246969588909e-12,27.159384508992083,0.5075377584537087,0.5674183418181401,0.43258165818185984,0.9356676600524719,0.811188314163224,0.18315993067594014
611,3.4011442103967075e-08,3.3580032244032383e-12,27.13497375789245,0.5075408834528949,0.5674633938897412,0.43253660611025885,0.9357021140059998,0.8112657698902104,0.1830119312876832
612,3.4011442103967075e-08,3.691650682001753e-12,27.102276533752136,0.5075524719915437,0.5676034980199224,0.4323965019800776,0.9357818202139612,0.811479363157904,0.18276824222664095
613,3.4011442103967075e-08,2.9462346884282795e-12,27.086967653766468,0.5074680970135164,0.5676394355105636,0.4323605644894363,0.9358277765405713,0.8115246218449429,0.1828116690344335
614,3.4011442103967075e-08,3.1440871844790098e-12,27.061503165224487,0.5074829407596508,0.5676243313478304,0.43237566865216964,0.9358747855044262,0.8115959823342594,0.1830676919262549
615,3.4011442103967075e-08,3.66636147214496e-12,27.02451138360934,0.5074738261786911,0.5676869615398538,0.43231303846014624,0.935868827328695,0.811539132928111,0.18316065401826948
616,3.4011442103967075e-08,3.3910763245300584e-12,27.000386951064044,0.5074066386961879,0.5676747219597078,0.4323252780402922,0.9359549269810583,0.8117267615270951,0.18331584866553077
617,3.4011442103967075e-08,3.6113530519366496e-12,26.969381383990008,0.5074800761770635,0.5677192531981111,0.4322807468018888,0.9360302221847787,0.8118855836674456,0.18314848513711673
618,3.4011442103967075e-08,2.690735180911747e-12,26.957795855771877,0.507470440762906,0.5677691229767909,0.4322308770232091,0.9361165669162924,0.8120795474260235,0.1830949338666782
619,3.4011442103967075e-08,3.413283572375095e-12,26.93690210152473,0.5075088522112364,0.5678490708726378,0.4321509291273622,0.9361802147137431,0.8121937311175532,0.18308986883567444
620,3.4011442103967075e-08,3.3330036524344646e-12,26.911010203828774,0.5075036438792594,0.5679413885569301,0.43205861144306995,0.9361758582972896,0.8121608348324616,0.18317644600491917
621,3.4011442103967075e-08,3.34522387787272e-12,26.88838994446263,0.5074881490916279,0.5680266749930534,0.43197332500694663,0.9361689160722898,0.8120820151198057,0.18337644898786457
622,3.4011442103967075e-08,3.0881255117621003e-12,26.875545560835373,0.5074924459655089,0.5680291489507424,0.43197085104925753,0.9361978487463253,0.8121601189569547,0.18331566589329948
623,3.4011442103967075e-08,2.609091972054864e-12,26.862787180014944,0.5075083313780387,0.5681169093445548,0.43188309065544517,0.9362266840439543,0.8122379851786151,0.18314239332507154
624,3.4011442103967075e-08,3.705632458448566e-12,26.832376034311803,0.5073963522405333,0.568119383302244,0.43188061669775607,0.9362776729549973,0.8123093494082866,0.1833954643603414
625,3.4011442103967075e-08,2.9316268516182148e-12,26.815428681260965,0.5074339824390671,0.5681941228661138,0.4318058771338862,0.9363026928796668,0.8123571940542988,0.18334666345714132
626,3.4011442103967075e-08,3.769208673283782e-12,26.785269467300356,0.507407289737685,0.5682152166106207,0.4317847833893793,0.9363671520308287,0.8124321591810814,0.18354448053222003
627,3.4011442103967075e-08,3.431530769999547e-12,26.757598449241513,0.5074601543072514,0.5682222478587896,0.4317777521412104,0.9364146730042253,0.8125070517654582,0.18354196435011674
628,3.4011442103967075e-08,3.3419752382640313e-12,26.733614302834855,0.5074283834821918,0.5682348780638339,0.4317651219361662,0.9364259713709381,0.8124722027725104,0.18362190628057865
629,3.4011442103967075e-08,3.2350227136261535e-12,26.713616767422515,0.5073820293275966,0.5682519353510586,0.4317480646489415,0.9364663729544949,0.8125417550233764,0.1838982136808434
630,3.4011442103967075e-08,3.0831995651441036e-12,26.694201304428407,0.5073740866213317,0.5683115707521951,0.4316884292478049,0.9365048210806644,0.8125911994398329,0.18374617403897114
631,3.4011442103967075e-08,2.999230602001875e-12,26.677296111209078,0.5073432272543679,0.5683312322054083,0.43166876779459173,0.9365626313701055,0.8126693115227205,0.18362358522505431
632,3.4011442103967075e-08,4.4356360305898475e-12,26.631104669516105,0.5073442689207633,0.5683579249067904,0.4316420750932096,0.9365833397169582,0.8126986892523966,0.18393959710232585
633,3.4011442103967075e-08,3.5659299526673686e-12,26.599936599790077,0.5073389303804868,0.5683993311460075,0.4316006688539925,0.9365994661267332,0.8126830629341341,0.1840743336794486
634,3.4011442103967075e-08,3.130721633305955e-12,26.58126856024727,0.5074256491079039,0.5684412582184223,0.43155874178157766,0.9366334509371042,0.812717777946919,0.18403093625907588
635,3.4011442103967075e-08,4.499537304429661e-12,26.545247346537813,0.5074048157799959,0.5684941227879888,0.43150587721201117,0.9366329642553018,0.8126902172602334,0.18402177842022452
636,3.4011442103967075e-08,3.794993721471944e-12,26.516491564492533,0.5074222636921188,0.5685851383892869,0.43141486161071313,0.9366840570802155,0.8128338924107341,0.18393127756537048
637,3.4011442103967075e-08,3.2608905039138145e-12,26.493734120640305,0.5073951803658384,0.5686287581695942,0.43137124183040576,0.9367533187216729,0.8129190426036101,0.18397860180768946
638,3.4011442103967075e-08,3.2919750315387806e-12,26.474228871773807,0.5073350241315041,0.5686926904446119,0.43130730955538815,0.936788804042834,0.8130065838212631,0.18403911962975442
639,3.4011442103967075e-08,3.1218023796541196e-12,26.457696894726645,0.5073316387157191,0.5687891747944858,0.4312108252055143,0.936795644110985,0.8129700413472262,0.1840124772333835
640,3.4011442103967075e-08,3.0339676584073867e-12,26.440047537379918,0.5072628887336227,0.5687813622965202,0.4312186377034798,0.9368298238518415,0.8129921681153213,0.18415346098258834
641,3.4011442103967075e-08,3.2586924853104327e-12,26.420676512312205,0.5072437481136073,0.568753107095545,0.43124689290445495,0.9369077193713435,0.8131737939327573,0.18420258982710566
642,3.4011442103967075e-08,3.939457661135203e-12,26.384214203643236,0.5072766908133618,0.5687449039726813,0.43125509602731876,0.9368972921495332,0.813102541615589,0.18436529125621545
643,3.4011442103967075e-08,3.3057467879437863e-12,26.363416739277316,0.507326430383742,0.5688158674958679,0.4311841325041322,0.9369830071730636,0.8133062359755598,0.18440598074558556
644,3.4011442103967075e-08,3.5445406162034586e-12,26.329159842272542,0.5073333314236116,0.5688071435398063,0.4311928564601936,0.9369920887030192,0.8132280925553191,0.18452313426799918
645,3.4011442103967075e-08,3.5798346312024453e-12,26.30478662078285,0.507304946014337,0.5688614404006666,0.43113855959933345,0.9370104290673723,0.8132153893555569,0.18460140653113558
646,3.4011442103967075e-08,3.6124761710079167e-12,26.282279699111136,0.5073325501738151,0.5689054508058722,0.4310945491941278,0.9370787825720776,0.8133814536393289,0.18439889984074578
647,3.4011442103967075e-08,3.2725626282158886e-12,26.257242764892624,0.5073462220452547,0.5689381330890279,0.43106186691097215,0.9371499397800169,0.8135372284146061,0.18450971574579497
648,3.4011442103967075e-08,3.2360933123790762e-12,26.236733491945763,0.5072904928931008,0.5689303205910623,0.43106967940893764,0.9371726080438931,0.8135526330968096,0.1844887181510643
649,3.4011442103967075e-08,3.3466065972460816e-12,26.215455746184368,0.5072522116530699,0.5690114403616041,0.43098855963839594,0.9372327890378475,0.8136202900581139,0.18449504660532615
650,3.4011442103967075e-08,2.9677003815461484e-12,26.198789034276253,0.5071994772918028,0.5689751122460646,0.4310248877539355,0.9372985046252049,0.8137334689640449,0.1847753150605407
651,3.4011442103967075e-08,3.2206449796198715e-12,26.18639261343284,0.5072481751957877,0.5690702945129441,0.43092970548705584,0.9373435852753921,0.813875363821661,0.18461256034721255
652,3.4011442103967075e-08,2.816240895167083e-12,26.17443883683683,0.5072463522795958,0.5691993309376743,0.4308006690623258,0.9373765660934082,0.8139405944043745,0.18459846681595635
653,3.4011442103967075e-08,3.6772533822448394e-12,26.144332782686753,0.5071615866766701,0.5691640444885301,0.4308359555114699,0.9374428355146717,0.81395402132159,0.1848092884239164
654,3.4011442103967075e-08,3.154823269327932e-12,26.125402092266036,0.5072239564520947,0.5691993309376743,0.4308006690623258,0.9374568020355931,0.814020264633687,0.18479689778430783
655,3.4011442103967075e-08,3.6926330208292846e-12,26.093623359677164,0.5071399720989656,0.5692029767700582,0.43079702322994184,0.9375154484479792,0.8141495668193265,0.184756034243778
656,3.4011442103967075e-08,2.481854466435553e-12,26.08758069295692,0.5071196596042553,0.569277716333928,0.43072228366607196,0.9375734890607145,0.8142916345438214,0.18450084090049992
657,3.4011442103967075e-08,3.746554767377842e-12,26.05650768539879,0.5071488262633265,0.5692899559140739,0.430710044085926,0.9376242892794636,0.814321999094368,0.1846527569885672
658,3.4011442103967075e-08,4.0723936514427935e-12,26.020898534174524,0.507140102307265,0.5692774559173291,0.4307225440826708,0.9376299004957592,0.814303136742065,0.18491928425020146
659,3.4011442103967075e-08,3.0746942996330805e-12,25.9970830579462,0.507116795021668,0.5693460756911262,0.4306539243088739,0.9376531244846271,0.8142979451985887,0.18489382242318278
660,3.4011442103967075e-08,3.4041714158909534e-12,25.974262976533918,0.5071260398109272,0.5693462058994255,0.43065379410057447,0.9376864428248719,0.814355500448428,0.18505039665618156
661,3.4011442103967075e-08,3.162589406130981e-12,25.949656190936867,0.5071139304390806,0.5694687319091843,0.4305312680908156,0.9377371917789783,0.8144801334314568,0.18494893694083922
662,3.4011442103967075e-08,2.7937741817814756e-12,25.93659008704384,0.5070781231567387,0.5694162579645161,0.43058374203548383,0.9377897451366204,0.8145766004864343,0.18507676843196985
663,3.4011442103967075e-08,3.2619362760034335e-12,25.912747729987913,0.5070802064895296,0.5694001121353874,0.43059988786461256,0.937827037640809,0.8145666916320661,0.18526440126196594
664,3.4011442103967075e-08,3.1353895504118553e-12,25.897386144734636,0.5070593731616215,0.5694659975348965,0.43053400246510354,0.9378414411728173,0.8145769148849034,0.18550974825383612
665,3.4011442103967075e-08,2.7200278196298017e-12,25.880672868728453,0.5070660137848922,0.5695555808449008,0.4304444191550992,0.9378747704550044,0.8146548919552035,0.1853488015241003
666,3.4011442103967075e-08,3.147784701737071e-12,25.864507056159866,0.5070377585839171,0.56962823707598,0.4303717629240201,0.9378992243647756,0.8146744661231875,0.18540456884139886
667,3.4011442103967075e-08,2.9863633796044554e-12,25.847892257080446,0.5070203106717941,0.569655841235458,0.43034415876454196,0.9379274078213247,0.8147063458644119,0.1853412767353435
668,3.4011442103967075e-08,3.5704680469260138e-12,25.816291917397457,0.5070677064927848,0.5697213360100688,0.43027866398993125,0.9379773012376148,0.8148403432292154,0.18519271082713853
669,3.4011442103967075e-08,2.8085236903747155e-12,25.804784615757203,0.5070693992006773,0.5697835755771938,0.43021642442280617,0.93799963990165,0.8148058903184826,0.18546343037776625
670,3.4011442103967075e-08,3.914187533140573e-12,25.777085451373967,0.5070746075326543,0.5698253724413093,0.43017462755869074,0.9380575994342494,0.8149259954014529,0.18534606508386922
671,3.4011442103967075e-08,2.661396953143527e-12,25.76622544040283,0.5070796856563319,0.5699525859498474,0.43004741405015257,0.938095571428238,0.814994246141048,0.18533866141298194
672,3.4011442103967075e-08,3.4352296558305816e-12,25.748096644876316,0.5071830710460753,0.5700123515592834,0.4299876484407166,0.9381574281692548,0.815112615453293,0.185400156239151
673,3.4011442103967075e-08,3.315174438606804e-12,25.728642875501784,0.5070972637767542,0.5699954244803582,0.4300045755196418,0.9382072174228265,0.815194232691448,0.1854399694090463
674,3.4011442103967075e-08,3.102518961305788e-12,25.711977506176016,0.507115883563572,0.5699702942785692,0.4300297057214308,0.9382485338579595,0.8152569725647144,0.18564834683898923
675,3.4011442103967075e-08,3.0486036373882642e-12,25.699575163330998,0.5071148418971766,0.5699813619840203,0.43001863801597967,0.9383196869107726,0.8153968116282538,0.18564184988254784
676,3.4011442103967075e-08,2.716216778969453e-12,25.686212164644715,0.5071690085497373,0.5700635234209575,0.42993647657904255,0.9383570556420538,0.8154653447289344,0.1856052657407843
677,3.4011442103967075e-08,3.747333683230818e-12,25.65535119361574,0.5071395814740673,0.5701265442378791,0.4298734557621209,0.9383571489991366,0.8154282220052386,0.18556080860395088
678,3.4011442103967075e-08,3.979396833623185e-12,25.61535636034567,0.5071783835472959,0.5701438619417026,0.42985613805829737,0.9383852707920305,0.8154160383845114,0.18574047107482755
679,3.4011442103967075e-08,3.0296918788570863e-12,25.601937339025312,0.5071718731323247,0.5701833150564284,0.4298166849435716,0.9384381772840609,0.8155120878717814,0.185714424193687
680,3.4011442103967075e-08,3.5933962399629414e-12,25.575124014472976,0.5071257793943282,0.5702413879579719,0.4297586120420281,0.9384491187126951,0.8154590037828107,0.18590348727017697
681,3.4011442103967075e-08,3.4812500474292983e-12,25.552672801865242,0.50711861793786,0.5702691223257494,0.4297308776742506,0.9384725151963415,0.8154740291717198,0.18578423852515324
682,3.4011442103967075e-08,3.054984394126681e-12,25.54016942199649,0.5071863262535609,0.5703214660621182,0.4296785339378818,0.9384835804796836,0.8154945196506876,0.18585975811657576
683,3.4011442103967075e-08,3.2830694050454388e-12,25.51487411894486,0.507148956471626,0.5702297994193231,0.42977020058067694,0.938503515840121,0.8155618060697,0.18604432045233285
684,3.4011442103967075e-08,3.650767828279902e-12,25.48688116465798,0.5071437481396489,0.5703127421060568,0.42968725789394324,0.9385682302515778,0.8156515063981011,0.18602917612517722
685,3.4011442103967075e-08,3.746052745937856e-12,25.453666502309705,0.5071225241868427,0.5703615702183411,0.4296384297816589,0.9385735834096337,0.8156472154506286,0.18607520119957122
686,3.4011442103967075e-08,3.36753372313488e-12,25.4294128262013,0.5071127585643858,0.5704300597838386,0.4295699402161614,0.9385727853885669,0.8156510409507849,0.1860162389533062
687,3.4011442103967075e-08,4.060778120700733e-12,25.391850093617364,0.5071268210607237,0.570424981660161,0.42957501833983897,0.9386178123572352,0.8157137571190006,0.18623331333681295
688,3.4011442103967075e-08,2.926121668026142e-12,25.377598737457898,0.5071821595879793,0.5704456847797695,0.4295543152202304,0.93865249019013,0.8158004253654801,0.18620394338004467
689,3.4011442103967075e-08,3.1209619202891995e-12,25.359633454383616,0.5070943991941669,0.5704783670629252,0.42952163293707474,0.9387103093607796,0.8159828216523543,0.186054051976734
690,3.4011442103967075e-08,3.2619920415247897e-12,25.334397552041967,0.5070377585839171,0.5705148253867642,0.42948517461323577,0.9387553576894904,0.8160979803007811,0.18598561779189726
691,3.4011442103967075e-08,2.846335097188997e-12,25.322431074687614,0.5070199200468958,0.5705781066202847,0.42942189337971526,0.9387946699089678,0.8161142473994203,0.18595084424677433
692,3.4011442103967075e-08,3.567353236802265e-12,25.300900925475712,0.5070269512950648,0.5706508930596632,0.42934910694033673,0.9388237054069029,0.816153948961994,0.18601976066641915
693,3.4011442103967075e-08,3.1609519122883355e-12,25.28638722667051,0.5070861960713031,0.5706764138863506,0.42932358611364946,0.9388025096408551,0.8160778199258469,0.18601613254164281
694,3.4011442103967075e-08,4.369969730828705e-12,25.254405457950035,0.5070341127515331,0.5707176899172682,0.42928231008273177,0.9388348458860708,0.8160715784743112,0.18632155744369713
695,3.4011442103967075e-08,4.543718112331199e-12,25.204525032110126,0.507061065869514,0.5707485492842319,0.42925145071576803,0.93889618559664,0.8161692538131344,0.1863486376720943
696,3.4011442103967075e-08,3.280121751181208e-12,25.187456726412382,0.5071009096091381,0.5707946430222284,0.4292053569777716,0.9389141124439759,0.8161684192584963,0.18638037405324212
697,3.4011442103967075e-08,3.229777649392101e-12,25.166784815247055,0.50708463357171,0.5708186013493226,0.42918139865067745,0.9388705728646716,0.8160342903977487,0.18647009073343898
698,3.4011442103967075e-08,3.5845500892295686e-12,25.140592912634514,0.5070622377442089,0.570855840922958,0.4291441590770419,0.9389106242838468,0.8161032022862015,0.18653641382253766
699,3.4011442103967075e-08,2.8649486515795784e-12,25.126363777230765,0.5069863263056442,0.5708691221694995,0.4291308778305006,0.9389551771708654,0.8161667486814742,0.18681067705242288
700,3.4011442103967075e-08,3.1276848926846766e-12,25.11164618960379,0.5070205710883929,0.5709502419400412,0.4290497580599588,0.9390054264975869,0.8163127205984388,0.18657830467650482
701,3.4011442103967075e-08,4.298546774532815e-12,25.07639923804987,0.507011716924032,0.570944382566567,0.42905561743343296,0.9390624078849545,0.8163979326575788,0.18667462407781235
702,3.4011442103967075e-08,3.6368645980385505e-12,25.044904737237697,0.5069983054691913,0.5709803200572083,0.42901967994279167,0.9390792828200238,0.816437225395991,0.18655454150606457
703,3.4011442103967075e-08,3.4356625426140746e-12,25.021723761774542,0.5069729148508034,0.5710021950515117,0.42899780494848827,0.939135634189899,0.816576000884497,0.18659360796368418
704,3.4011442103967075e-08,3.0204605241616494e-12,25.004658992813674,0.5070216127547883,0.57113617939162,0.4288638206083801,0.939176995268168,0.8166392886871542,0.18642350633428426
705,3.4011442103967075e-08,3.5729567762353978e-12,24.977435330821955,0.50692161278083,0.5711032366918655,0.42889676330813453,0.9392261696193341,0.8167230212471406,0.1867088817247901
706,3.4011442103967075e-08,3.5517021104227272e-12,24.948404292876617,0.5069496075652064,0.5711624814681038,0.4288375185318962,0.939249881809409,0.8167836802060654,0.18643948466429008
707,3.4011442103967075e-08,4.203461070270969e-12,24.919902535739165,0.5069639304781431,0.5711863095868985,0.42881369041310147,0.9392698841367878,0.816765193423312,0.1866247163086524
708,3.4011442103967075e-08,3.932428904325373e-12,24.891146292904097,0.5069407534008454,0.5712794085209874,0.42872059147901265,0.9393188643261146,0.8168165884083419,0.1867100587190143
709,3.4011442103967075e-08,3.636017263121702e-12,24.860455028521937,0.5069132794496668,0.5713730282882739,0.4286269717117261,0.9393949831202241,0.8169655405768758,0.18661108784842184
710,3.4011442103967075e-08,3.3079890634635073e-12,24.837336421527663,0.5069903627629264,0.571430059523422,0.428569940476578,0.9394292673461446,0.8170194915778531,0.1867389581429378
711,3.4011442103967075e-08,3.6007399794546914e-12,24.811083467894896,0.5069800763072718,0.5714583147243972,0.42854168527560277,0.9394288874530473,0.8169861484881051,0.18665435943231207
712,3.4011442103967075e-08,3.6051000221473542e-12,24.784321501808037,0.5069723940176057,0.5715531063663786,0.42844689363362143,0.9394366074035998,0.8169946363524511,0.18671368340127195
713,3.4011442103967075e-08,3.399482101898018e-12,24.76552046560659,0.5069805971404695,0.5715992001043749,0.428400799895625,0.9394930697681642,0.8171304884509327,0.1866882003462836
714,3.4011442103967075e-08,3.4217672247620913e-12,24.746420952608574,0.5070329408768384,0.57161391364221,0.42838608635779,0.9395093302540349,0.8170638247541347,0.18674688334103298
715,3.4011442103967075e-08,3.761084334693303e-12,24.71882673362114,0.5069794252657747,0.5716778459172276,0.42832215408277236,0.9395757027629017,0.8173006460752098,0.1866564742872751
716,3.4011442103967075e-08,2.793453732952538e-12,24.708980094311258,0.5069753888084925,0.5717175594485522,0.42828244055144776,0.939620032965315,0.8173990844826546,0.18674048523654954
717,3.4011442103967075e-08,3.649621844020353e-12,24.686057662351075,0.5069967429695982,0.5717596167292665,0.42824038327073355,0.9396522396517749,0.8174022749349368,0.18696411278183148
718,3.4011442103967075e-08,3.679816073611979e-12,24.656134431333918,0.507026430461867,0.57184034587491,0.42815965412509005,0.9397214616310573,0.8174869738568791,0.18699016522734258
719,3.4011442103967075e-08,2.625536787819859e-12,24.65043733602494,0.5070287742112567,0.571855970870841,0.42814402912915905,0.9397343031403902,0.8175121266401647,0.18710831328629238
720,3.4011442103967075e-08,3.678901915335954e-12,24.626578192119045,0.5070001283853832,0.5718744604493593,0.42812553955064075,0.9397703833865891,0.817574062058818,0.18711292343868915
721,3.4011442103967075e-08,3.3735357875842688e-12,24.60452459139884,0.5070009096351797,0.5719061010661195,0.4280938989338805,0.9398452364017483,0.8177600400651478,0.1870087997767553
722,3.4011442103967075e-08,3.6500591819699e-12,24.579399324884534,0.5069730450591029,0.5718952937772672,0.4281047062227328,0.9398573499479074,0.8177443833333339,0.18715977080423388
723,3.4011442103967075e-08,4.413628686467753e-12,24.549491453645206,0.5070210919215906,0.5718512833720616,0.42814871662793835,0.9398802014973218,0.8177668563937843,0.18725598930349766
724,3.4011442103967075e-08,3.1115965921940143e-12,24.532878625573172,0.5069665346441316,0.571893991694273,0.428106008305727,0.9398999217162979,0.8177652396339815,0.1872745665195115
725,3.4011442103967075e-08,3.0626305871338855e-12,24.519705366776087,0.5070011700517786,0.571891257319985,0.4281087426800149,0.9399016767201787,0.8177635895985741,0.18736685029053154
726,3.4011442103967075e-08,3.1280049034410192e-12,24.506979958668822,0.5070065085920551,0.571981621879786,0.42801837812021404,0.9399301181449936,0.817857818056426,0.1871259669600305
727,3.4011442103967075e-08,3.6022257426884303e-12,24.479747797753596,0.5069665346441316,0.5719361791832867,0.42806382081671335,0.9399827962494613,0.817915052178638,0.18739983034848373
728,3.4011442103967075e-08,3.938326216637012e-12,24.457087603466046,0.5069505190233023,0.5720232885356019,0.42797671146439803,0.9400095089764265,0.8179112720353041,0.18752757680348003
729,3.4011442103967075e-08,2.5649072105177023e-12,24.4527296799552,0.5069545554805845,0.5720118302052526,0.42798816979474746,0.9400176597669911,0.8179061056030538,0.18769640562838869
730,3.4011442103967075e-08,3.566863883990552e-12,24.429504486940846,0.50696236797855,0.5720804499790495,0.4279195500209505,0.9400712364436346,0.8179998418105275,0.18762778717906442
731,3.4011442103967075e-08,3.2607724214307668e-12,24.40901603829193,0.5070061179671568,0.5721597468333992,0.42784025316660074,0.9401309768230646,0.8181510036163115,0.18750671035321825
732,3.4011442103967075e-08,3.4130201257510897e-12,24.389990748626015,0.506918878406542,0.5722562311832732,0.4277437688167269,0.9401375230870332,0.8181408198972359,0.18746567892060656
733,3.4011442103967075e-08,3.681867037652764e-12,24.367775825729954,0.506977081516385,0.5722896947162254,0.4277103052837747,0.9401876543138009,0.8182203852221822,0.18740751663231092
734,3.4011442103967075e-08,3.821485635775713e-12,24.34301557156003,0.5070096335912413,0.5723192520001948,0.4276807479998052,0.9402079730860837,0.8182241963372668,0.18753247824976974
735,3.4011442103967075e-08,3.200825237490608e-12,24.317349122619216,0.5070174460892067,0.5724127415591819,0.42758725844081813,0.9402126234856834,0.8181735799198501,0.18764681745237946
736,3.4011442103967075e-08,3.2813363376672094e-12,24.29769573141134,0.5069279929875018,0.5724111790595888,0.42758882094041123,0.9402929283110558,0.8183445940889736,0.18768641884554338
737,3.4011442103967075e-08,3.3315333415071124e-12,24.279869968149665,0.5069575502714713,0.5724212050986445,0.4275787949013555,0.9402923399194122,0.8182725862633408,0.18791146797602865
738,3.4011442103967075e-08,3.620027357745328e-12,24.25452301452179,0.5069678367271259,0.5724561009228903,0.4275438990771096,0.9403327613182639,0.8184310417352817,0.18770866293758207
739,3.4011442103967075e-08,3.6394629816687746e-12,24.22802908470306,0.5069278627792024,0.5725320123614551,0.4274679876385449,0.9403470866887941,0.8183950977248656,0.18786842498747458
740,3.4011442103967075e-08,3.514016336524278e-12,24.206105473270483,0.5069794252657747,0.5724868300815547,0.42751316991844535,0.9403609060204787,0.8184503267940207,0.18787564804899848
741,3.4011442103967075e-08,3.2191841011811396e-12,24.188727034794162,0.5069234356970219,0.5724981582036046,0.4275018417963954,0.940423823483644,0.8185882507019399,0.18776325767978316
742,3.4011442103967075e-08,3.331247153966776e-12,24.16706481391091,0.5069709617263121,0.5725451633996971,0.427454836600303,0.9404487320329082,0.8186531611424654,0.1876473739338256
743,3.4011442103967075e-08,2.93245886707557e-12,24.149536718340684,0.50694426902493,0.5725991998439584,0.42740080015604165,0.9404593923371362,0.8186322660698755,0.18775120074318644
744,3.4011442103967075e-08,3.438210846375162e-12,24.127171638084977,0.5069208315310334,0.5725439915250022,0.4274560084749978,0.94049406290217,0.8186916468540778,0.1879867174733592
745,3.4011442103967075e-08,3.764087778826938e-12,24.098458453947643,0.506949477356907,0.5726231581710526,0.4273768418289474,0.9405904836373264,0.818908469943747,0.18787230177729208
746,3.4011442103967075e-08,3.6251589058766825e-12,24.07925149308294,0.5069351544439702,0.5726197727552675,0.4273802272447325,0.94066220059212,0.8190508734953061,0.18784653078434627
747,3.4011442103967075e-08,4.17527242534502e-12,24.045699210811218,0.5069667950607305,0.5726745904493254,0.4273254095506746,0.9406708029127644,0.8190773656106837,0.18771344366380469
748,3.4011442103967075e-08,3.791837587512449e-12,24.01651860449561,0.5070048158841626,0.572737871682846,0.4272621283171541,0.9406823909606445,0.8190737352266086,0.18791788958544148
749,3.4011442103967075e-08,3.0402478342327404e-12,24.003569109452243,0.5069113263251754,0.5728260227015566,0.4271739772984434,0.9406766646385984,0.8190527412567872,0.1878272311825249
750,3.4011442103967075e-08,2.99102126516931e-12,23.99090042201857,0.5069158836156553,0.5728152154127043,0.4271847845872957,0.9407335710989938,0.819132342998719,0.18803017099116284
751,3.4011442103967075e-08,3.4951847820048752e-12,23.965415514999986,0.5069885398467344,0.5728880018520829,0.42711199814791717,0.9407263188929444,0.8190730707261455,0.1881364135207918
752,3.4011442103967075e-08,3.3467597679258408e-12,23.9455272345744,0.5069096336172829,0.5728839653948007,0.4271160346051993,0.9407505044759138,0.8191253195769658,0.18811102131688595
753,3.4011442103967075e-08,3.037667071050888e-12,23.934969727392303,0.5069290346538973,0.5729262830921138,0.4270737169078862,0.9407695288001633,0.8191439294178193,0.18804957149582469
754,3.4011442103967075e-08,4.4233820437215554e-12,23.90281409980753,0.5069484356905115,0.5729378716307626,0.4270621283692374,0.9408447730648015,0.8192396543311995,0.18836272692038294
755,3.4011442103967075e-08,3.4550853848369075e-12,23.875195678611423,0.5068619773796934,0.5729881320343406,0.4270118679656594,0.9408897264229484,0.8193239467484261,0.1884307561830447
756,3.4011442103967075e-08,3.1490969450999943e-12,23.861269381510027,0.5068343732202153,0.573088132008299,0.42691186799170106,0.9408911171626234,0.8192979711513384,0.18840209632189975
757,3.4011442103967075e-08,3.356502636186151e-12,23.844631412572905,0.5068260398890521,0.57314451220195,0.42685548779805005,0.9409274400149051,0.8193918026200901,0.1883549132535841
758,3.4011442103967075e-08,2.9068733381754596e-12,23.83555612674988,0.5067927065643993,0.573173027819524,0.426826972180476,0.9409780921188698,0.8194633205002898,0.18853352711472543
759,3.4011442103967075e-08,3.6951401775584156e-12,23.813489985587836,0.5068095034350252,0.5732480277999927,0.4267519722000072,0.9410281433847162,0.8195874612978283,0.1883147677219804
760,3.4011442103967075e-08,3.36443621716782e-12,23.794547494663117,0.5068721336270485,0.5732348767617509,0.42676512323824917,0.9410073792011583,0.8194765839701279,0.1885417337473692
761,3.4011442103967075e-08,3.6151053446587874e-12,23.770669283375963,0.506888539872776,0.5732768038341657,0.4267231961658343,0.9410698022529661,0.8196772083376257,0.188420149955112
762,3.4011442103967075e-08,4.69552198370178e-12,23.739469470489173,0.5068493471746491,0.5733337048610143,0.42666629513898563,0.9410796689140919,0.8196645222937198,0.18848655495680294
763,3.4011442103967075e-08,3.170641084401977e-12,23.727889762849806,0.5068389305106952,0.573415085048155,0.4265849149518451,0.9411439767454782,0.8198005838770498,0.18839192553663045
764,3.4011442103967075e-08,3.4967692878973628e-12,23.708417495619912,0.5068734357100427,0.5734382621254526,0.42656173787454743,0.9411547983366559,0.8198073920852731,0.1884521150823204
765,3.4011442103967075e-08,3.288060366309489e-12,23.690876490596768,0.5068395815521923,0.5734205537967307,0.4265794462032692,0.9411613059741002,0.8198156757488118,0.1883570993486031
766,3.4011442103967075e-08,3.6774119890395226e-12,23.669589958805982,0.5068697898776588,0.5734465954566158,0.42655340454338425,0.9411928587153305,0.8198386551080489,0.1885653631211769
767,3.4011442103967075e-08,3.981692721193322e-12,23.643037001287237,0.5068972638288376,0.5734942516942053,0.4265057483057947,0.9412026659303283,0.8198888904471979,0.18854624058052352
768,3.4011442103967075e-08,3.5662338989095187e-12,23.622355743066873,0.5068447898841693,0.5735616995933074,0.4264383004066926,0.9412311168158997,0.8199003828167668,0.18856085895777533
769,3.4011442103967075e-08,3.4734486768039997e-12,23.60948776158478,0.5068268211388487,0.5735991995835418,0.4264008004164582,0.9412509847546748,0.8199404405256825,0.18869235030755352
770,3.4011442103967075e-08,3.8142840727447435e-12,23.585381292293654,0.5068662742535744,0.5736443818634422,0.42635561813655776,0.9412518087239142,0.8199510073062592,0.18874432947072073
771,3.4011442103967075e-08,3.80365284205437e-12,23.562360059750656,0.5068540346734285,0.5737620901661223,0.42623790983387766,0.9413253958450061,0.8200896784509791,0.18867463893626282
772,3.4011442103967075e-08,3.767439318967074e-12,23.534586294010275,0.5067967430216815,0.5737946422409785,0.4262053577590214,0.9413779428001949,0.8202048701733372,0.18879126699612098
773,3.4011442103967075e-08,3.630112943248882e-12,23.51563906718722,0.5067529930330748,0.5738015432808481,0.4261984567191519,0.9413855546037696,0.8201709750791125,0.18884171934703256
774,3.4011442103967075e-08,3.55783071060805e-12,23.49590837583018,0.5067653628215201,0.5737731578715735,0.42622684212842654,0.9414086533490879,0.8202031094129734,0.1890216931094911
775,3.4011442103967075e-08,3.2265752182753583e-12,23.4815823042442,0.5067700503202994,0.5738614390985836,0.42613856090141644,0.9414243355464741,0.8201810445292196,0.18913562899699768
776,3.4011442103967075e-08,3.3536214089375435e-12,23.464552467107406,0.5066928367987404,0.5738624807649789,0.426137519235021,0.941457043714353,0.8203095887808762,0.18891942020533867
777,3.4011442103967075e-08,3.4324158193720994e-12,23.449893988627323,0.5066943992983335,0.5738847463841806,0.42611525361581937,0.9415073316486271,0.8203760381140398,0.1889545354079334
778,3.4011442103967075e-08,4.119702934606101e-12,23.424316204935604,0.5067549461575661,0.573871985970837,0.426128014029163,0.9415147330539826,0.8203550748207796,0.18908771764685112
779,3.4011442103967075e-08,3.473505305384751e-12,23.407038895256342,0.5067372378288443,0.573860657848787,0.42613934215121296,0.9415757168306806,0.8204630343468807,0.18907742536717906
780,3.4011442103967075e-08,3.5955396681991577e-12,23.38295142471534,0.5067912742731057,0.5739356578292558,0.42606434217074424,0.9416305934903989,0.8205654489532623,0.1890010141141676
781,3.4011442103967075e-08,3.268729391307814e-12,23.36980514813569,0.5068160138499964,0.5740172984329952,0.4259827015670048,0.9416481124425384,0.8206623843317535,0.18890791496581158
782,3.4011442103967075e-08,4.7758537151732715e-12,23.330993842935587,0.5067546857409673,0.5740907359138708,0.42590926408612917,0.9416862936479596,0.8207530255322981,0.1887373147021685
783,3.4011442103967075e-08,3.6070599198684745e-12,23.30477940741648,0.5067572899069558,0.5740682098780704,0.42593179012192967,0.9417026998547485,0.8207363442555398,0.1889511251486299
784,3.4011442103967075e-08,3.5446567639287397e-12,23.28325560539044,0.5066869774252662,0.5741662567275373,0.4258337432724627,0.9417583959055059,0.8208594770739183,0.18896907780584
785,3.4011442103967075e-08,3.018923551555919e-12,23.269111594081817,0.5067014305465024,0.5742033660928734,0.4257966339071266,0.9417967610941489,0.8209946507325344,0.1889667114758046
786,3.4011442103967075e-08,3.4353523537320083e-12,23.248122269850114,0.5067225242910093,0.5742146942149233,0.4257853057850766,0.9418542703028008,0.8210619765824966,0.18898632179261968
787,3.4011442103967075e-08,3.276121463260344e-12,23.233426750931606,0.506730727413873,0.5742266733784704,0.4257733266215295,0.9418897037096645,0.8211212857814967,0.18884150027757043
788,3.4011442103967075e-08,3.0816675023608533e-12,23.21974810038006,0.5067511701168828,0.5743080535656111,0.42569194643438896,0.9418622369494605,0.8209353779852242,0.1891073270583149
789,3.4011442103967075e-08,2.919063949942767e-12,23.208896321021115,0.5068430971762767,0.5744403451978267,0.4255596548021732,0.9418892313923388,0.8210349592298039,0.18893478593830423
790,3.4011442103967075e-08,3.1679193451521268e-12,23.19857106285619,0.5068800763333134,0.57442602228489,0.42557397771510996,0.9419350395472642,0.8211146913365893,0.18897035086282454
791,3.4011442103967075e-08,3.0973931552031702e-12,23.18819924476157,0.5069095034089834,0.5744830535200381,0.42551694647996186,0.941990574789394,0.8211949248937354,0.1890665132117121
792,3.4011442103967075e-08,3.4367886889466096e-12,23.169494490528237,0.5068731752934439,0.5744938608088904,0.4255061391911096,0.9420214240493455,0.8212739682474132,0.18902379945412529
793,3.4011442103967075e-08,4.41251288462795e-12,23.124042093953918,0.5068648419622808,0.5745149545533973,0.42548504544660276,0.9420124718092624,0.8212511927771932,0.18906234959920873
794,3.4011442103967075e-08,3.5044237305955806e-12,23.101288340089024,0.5069477846490145,0.5745654753735742,0.4254345246264259,0.9420595632317954,0.8213330104534097,0.18914769064546808
795,3.4011442103967075e-08,3.48329017288572e-12,23.08108001750808,0.5069126284081696,0.5745855274516856,0.42541447254831444,0.9420652076807314,0.8213228333640179,0.1892481763841352
796,3.4011442103967075e-08,2.6467639365101663e-12,23.075138032437575,0.5068381492608987,0.5745900847421654,0.42540991525783456,0.9420439072109746,0.8212657861631505,0.18923492456073035
797,3.4011442103967075e-08,3.869029278674555e-12,23.054277131492718,0.5067106753357616,0.5746779753442772,0.4253220246557227,0.9421108071825605,0.821424598856595,0.18911492270184457
798,3.4011442103967075e-08,3.439825915202083e-12,23.039331856380457,0.5066602847238841,0.5746856576339433,0.4253143423660567,0.9421525145759416,0.8215518147438766,0.18914422118751034
799,3.4011442103967075e-08,4.043482998884402e-12,23.016196145599103,0.5066990867971128,0.5747241992905731,0.4252758007094269,0.9422001073891929,0.8216705897427461,0.18901072024120996
800,3.4011442103967075e-08,3.1977349200337982e-12,23.001416911377348,0.5066696597214427,0.5747478972010684,0.42525210279893155,0.9422110049421554,0.821674923269501,0.18919577106380656
801,3.4011442103967075e-08,4.786491231822699e-12,22.968926062053583,0.5067182274171282,0.5748114388511878,0.4251885611488122,0.9422326334522394,0.8216960621036036,0.1891734515411992
802,3.4011442103967075e-08,2.4977007493663063e-12,22.965874435972545,0.5067458315766064,0.574787610732393,0.42521238926760696,0.942264504483046,0.8217451391639133,0.18920526517495165
803,3.4011442103967075e-08,3.297782211937554e-12,22.953062286319028,0.5066953107564295,0.5748577930057831,0.42514220699421695,0.942252046141039,0.8217207617638755,0.18913478765286287
804,3.4011442103967075e-08,2.6542714226853913e-12,22.94689158600884,0.5066535138923141,0.5748788867502899,0.4251211132497101,0.9422520386403926,0.8216419122310037,0.1892908710787449
805,3.4011442103967075e-08,3.4141821378334187e-12,22.931269142431837,0.5066119774447976,0.5749396940261213,0.42506030597387867,0.9423091813846926,0.8217067485140427,0.18933648301250966
806,3.4011442103967075e-08,3.828129298078244e-12,22.91848011584545,0.5065950503658723,0.5749465950659909,0.4250534049340091,0.9423389970660421,0.8217871332267654,0.18945596275171414
807,3.4011442103967075e-08,3.244244404381084e-12,22.901790594198037,0.5066619774317767,0.5749868294305132,0.42501317056948684,0.9423507219476036,0.821738587832659,0.18960944942846863
808,3.4011442103967075e-08,2.903748452065666e-12,22.896040067822394,0.5066536441006135,0.5749866992222138,0.42501330077778626,0.9423848225964201,0.8217761205595862,0.18973304662516338
809,3.4011442103967075e-08,3.4279461013951022e-12,22.875971479906923,0.5066996076303105,0.5750907356534543,0.42490926434654575,0.9424407276021216,0.8218553598534922,0.18961137736782477
810,3.4011442103967075e-08,2.9678107316833056e-12,22.865077949571692,0.5066450503528515,0.5750766731571164,0.42492332684288364,0.9424644992341095,0.8218443481016624,0.1899189719210746
811,3.4011442103967075e-08,4.243140126439417e-12,22.83912698926519,0.5066540347255117,0.5750926887779456,0.4249073112220544,0.9425199213772887,0.8218916737259593,0.18999352220555224
812,3.4011442103967075e-08,3.4716423388268563e-12,22.822422732668652,0.5067242169989018,0.5751812304215546,0.42481876957844544,0.9425404400949675,0.821960960721613,0.18979067827107143
813,3.4011442103967075e-08,3.5751736521914786e-12,22.80230690267589,0.5067664044879155,0.5752132616632131,0.4247867383367869,0.942560445870485,0.8219378893009938,0.19001104741758315
814,3.4011442103967075e-08,2.845648734184456e-12,22.791121356030963,0.5067190086669249,0.5752195116615855,0.4247804883384145,0.9425873371355732,0.8219575942793841,0.19019989153595665
815,3.4011442103967075e-08,3.8898898862880096e-12,22.765909683529795,0.5067154930428404,0.575226412701455,0.424773587298545,0.9425773707719542,0.8218788403902513,0.19038254563816875
816,3.4011442103967075e-08,3.2117269332520438e-12,22.75424105077601,0.5067091128361685,0.5752809699789141,0.4247190300210859,0.942607364682874,0.821908426513779,0.19025350596191096
817,3.4011442103967075e-08,3.338010929457684e-12,22.73894284011462,0.5066891909663566,0.5753055793475054,0.42469442065249463,0.9426174754914681,0.821961472719568,0.19037292108998113
818,3.4011442103967075e-08,3.211258545415758e-12,22.72195458453037,0.506702211796299,0.5753493293361122,0.42465067066388784,0.9425901647625005,0.8218999041975318,0.19040835865762773
819,3.4011442103967075e-08,3.2454166316176503e-12,22.707660057412852,0.5066830711762835,0.5753550585012869,0.4246449414987131,0.9426459013538071,0.8220673433431052,0.19028554804604006
820,3.4011442103967075e-08,3.235029391045311e-12,22.68932478978518,0.5066906232576502,0.5754275845240665,0.4245724154759335,0.9427381789763397,0.8222343743782939,0.19034098039361394
821,3.4011442103967075e-08,3.4772276048346998e-12,22.669738504926613,0.5066537743089129,0.5754669074304929,0.42453309256950716,0.9427705232182086,0.8223210488119459,0.19026628303925064
822,3.4011442103967075e-08,3.5826974630616575e-12,22.6494740976277,0.5067037742958921,0.5754256313995751,0.42457436860042486,0.9427773434384153,0.822342261645888,0.19038257132501898
823,3.4011442103967075e-08,3.318486740007064e-12,22.636930508712464,0.5066015607808435,0.5755640428218638,0.42443595717813615,0.9427997140345133,0.8224086020857767,0.1902303769193535
824,3.4011442103967075e-08,3.7167268082418194e-12,22.61641491364702,0.5067087222112703,0.575524850123737,0.42447514987626306,0.9428895619950903,0.8225720441215405,0.19033710138970308
825,3.4011442103967075e-08,3.383535866919476e-12,22.600080399551707,0.5066985659639152,0.5756070115606741,0.42439298843932594,0.9429006796664821,0.8225581997434972,0.19030624700699847
826,3.4011442103967075e-08,3.4008657529696666e-12,22.581745938438118,0.5066384097295809,0.5756136521839448,0.4243863478160553,0.9428810224300528,0.8225350289683306,0.19022645129087212
827,3.4011442103967075e-08,2.9818733774237127e-12,22.569702955383022,0.5066955711730283,0.5756775844589623,0.4243224155410376,0.9429238974681472,0.8226135155858004,0.19025835216464168
828,3.4011442103967075e-08,3.3956752619856278e-12,22.55705784509413,0.5067193992918231,0.5757471156908552,0.4242528843091447,0.9429375255661581,0.8226252468734983,0.19020048878414417
829,3.4011442103967075e-08,3.4188126226537207e-12,22.544641264406327,0.5066941388817346,0.5758162562978499,0.42418374370215006,0.9429741878417447,0.8227107876526272,0.19014787319951407
830,3.4011442103967075e-08,3.1077291678913734e-12,22.53573738309251,0.5066576805578957,0.5757554490220185,0.4242445509779815,0.9430068811352544,0.82270157896649,0.19033658623118188
831,3.4011442103967075e-08,3.882387174322111e-12,22.514347424737153,0.5066505191014273,0.5758001104687213,0.4241998895312788,0.9430339767821626,0.8227552781295784,0.19045591154168823
832,3.4011442103967075e-08,3.8232366985759515e-12,22.493223002906802,0.5067132795017502,0.5758391729585487,0.4241608270414513,0.9430986523482678,0.8229526972423988,0.19030092998643564
833,3.4011442103967075e-08,3.4315473135193344e-12,22.475013986564246,0.5066911440908479,0.5758480271229096,0.4241519728770904,0.9431073455287012,0.8228979569737184,0.19053283433011223
834,3.4011442103967075e-08,2.8224431407802126e-12,22.467920712734852,0.5066812482600916,0.5759478968885685,0.4240521031114315,0.9431384153132933,0.8229248746160978,0.1905256261544088
835,3.4011442103967075e-08,3.429017153119092e-12,22.44780017279904,0.5066455711860491,0.5759885218779891,0.4240114781220109,0.943168507215612,0.8229990892431566,0.19036116029439648
836,3.4011442103967075e-08,3.0410735110553994e-12,22.43822941271186,0.5066427066034618,0.5759900843775821,0.4240099156224178,0.943172467363209,0.8229708241654592,0.19064854448494278
837,3.4011442103967075e-08,3.0196762570850368e-12,22.42368618270558,0.5066749982617192,0.5760800583124848,0.4239199416875152,0.9432413950784976,0.8231349592837839,0.19046261159252456
838,3.4011442103967075e-08,3.349483787943018e-12,22.41033061510668,0.5066611961819801,0.5760499801953176,0.42395001980468233,0.9432876630061298,0.8232246989050296,0.19058254800967994
839,3.4011442103967075e-08,3.504927472156649e-12,22.390705226345712,0.5066335920225021,0.5760140427046764,0.4239859572953236,0.9433302659371204,0.8233651417503752,0.19061840958176832
840,3.4011442103967075e-08,2.9903545703805972e-12,22.375218637555037,0.5065933576579797,0.5761057093474715,0.4238942906525285,0.9433637416741384,0.8234400612630872,0.1905891673673758
841,3.4011442103967075e-08,3.676580096499669e-12,22.358466869396967,0.5065799462031391,0.576145683295395,0.42385431670460505,0.9433875637635045,0.8234595079851773,0.1906141915760847
842,3.4011442103967075e-08,3.04833435734375e-12,22.344165237892792,0.5066281232739263,0.5761765426623587,0.4238234573376413,0.9434052447287741,0.8235032471606728,0.19053977795583846
843,3.4011442103967075e-08,3.0808831588323162e-12,22.33375187497633,0.5066499982682297,0.5762077926542206,0.4237922073457793,0.9434216544775405,0.823486230937905,0.190665029079219
844,3.4011442103967075e-08,3.3789712338471765e-12,22.323030002334647,0.5066910138825484,0.5762529749341211,0.4237470250658789,0.9434148972107098,0.8234868672972798,0.1906576095887992
845,3.4011442103967075e-08,3.546443092650516e-12,22.30646261853876,0.5067165347092357,0.5762866988836721,0.4237133011163278,0.9434442095540482,0.8234958494858388,0.19064266393469928
846,3.4011442103967075e-08,3.737998292450542e-12,22.281919708802423,0.5066489566018342,0.5763860478161333,0.4236139521838666,0.9434577977755013,0.8235574852836628,0.19056714750583756
847,3.4011442103967075e-08,3.534854162749697e-12,22.26455192073589,0.5066235659834464,0.5764109176013236,0.4235890823986765,0.9434973258802454,0.8235583876736984,0.19061561164556748
848,3.4011442103967075e-08,4.2025391296761436e-12,22.2388270685391,0.5065813784944326,0.576464042587489,0.4235359574125111,0.9435348418186984,0.8236194845354196,0.19076299117670012
849,3.4011442103967075e-08,3.5222180887108834e-12,22.225230447623076,0.5066084618207131,0.5764650842538843,0.4235349157461157,0.9435543735578761,0.8236883949212418,0.19073075051615163
850,3.4011442103967075e-08,3.3448188973921835e-12,22.207461636925448,0.506618878484667,0.5764360478031125,0.42356395219688747,0.943593352776205,0.8237910546324708,0.19083673432547207
851,3.4011442103967075e-08,3.154887286468793e-12,22.197633489373814,0.5066542951421107,0.5765154748657617,0.42348452513423823,0.9436093237857203,0.8237873783653077,0.1909576699107905
852,3.4011442103967075e-08,3.230034285067927e-12,22.186173080177774,0.5066191389012659,0.5765497196485105,0.4234502803514895,0.9436379183478196,0.8238874118684297,0.1907492343361401
853,3.4011442103967075e-08,3.117093680060299e-12,22.17465337371798,0.5065902326587935,0.5765464644410249,0.42345353555897514,0.943662981671038,0.8239511921354876,0.19069942084017724
854,3.4011442103967075e-08,2.542735519373635e-12,22.17086964348441,0.5066273420241297,0.5766473758730792,0.4233526241269208,0.9436941038259191,0.8240341610306849,0.19058698105813246
855,3.4011442103967075e-08,3.1610524216153146e-12,22.15735765532215,0.5066433576449589,0.5766545373295475,0.4233454626704524,0.9437332367988389,0.8241599230137,0.1903942370020477
856,3.4011442103967075e-08,3.253218652307704e-12,22.144092916987038,0.5066384097295809,0.5766516727469603,0.4233483272530398,0.9437751157782959,0.8242207589710332,0.19056050781154202
857,3.4011442103967075e-08,3.756033675622272e-12,22.127817664351895,0.5066950503398306,0.5767721154239283,0.42322788457607174,0.9438277037489177,0.8242693026851056,0.19056594496575147
858,3.4011442103967075e-08,2.8037760595531074e-12,22.11622278038062,0.5067378888703414,0.5768103966639592,0.4231896033360408,0.9438511821430244,0.8242634770057081,0.19077798022006223
859,3.4011442103967075e-08,3.425721166077978e-12,22.102614677017336,0.5067492169923914,0.5768265424930878,0.4231734575069121,0.9439021374116526,0.8243170623298548,0.19097890960962924
860,3.4011442103967075e-08,3.1102822512466024e-12,22.094727284435802,0.5067050763788864,0.5767898237526501,0.4232101762473499,0.9439176527218895,0.8243960059980172,0.19096352800037944
861,3.4011442103967075e-08,3.573640248578656e-12,22.070177973694516,0.5066493472267325,0.5767829227127805,0.42321707728721947,0.9439127301198784,0.8243355835320011,0.19105138145279255
862,3.4011442103967075e-08,3.824180907531315e-12,22.0536408429176,0.5066833315928824,0.5768398237396293,0.4231601762603708,0.9439504683871984,0.8245388175308493,0.19075021550398374
863,3.4011442103967075e-08,3.1503192289337206e-12,22.041599704138168,0.5066687482633468,0.5768370893653413,0.42316291063465866,0.9440013455518935,0.8245885951852265,0.19098464024741618
864,3.4011442103967075e-08,3.0886267590699947e-12,22.032990267069845,0.5066671857637537,0.5769428185044744,0.4230571814955256,0.943996113714197,0.8245523165242392,0.19092989599048554
865,3.4011442103967075e-08,2.7894339695295816e-12,22.02930474021071,0.5066850243007749,0.5770594851407591,0.42294051485924095,0.9440124764703562,0.8245996841882908,0.1907756074324438
866,3.4011442103967075e-08,2.4964107405127124e-12,22.02475648735766,0.5066527326425175,0.5770568809747706,0.4229431190252294,0.9440362962150232,0.8246353857123228,0.19082329858866226
867,3.4011442103967075e-08,3.443700055443354e-12,22.003493335944746,0.5066584618076923,0.5770883913832314,0.4229116086167686,0.9440906467562117,0.8247402227231417,0.19092863642824864
868,3.4011442103967075e-08,3.5400520272937755e-12,21.986242696038858,0.5065859357849125,0.577088261174932,0.422911738825068,0.9441384419411211,0.8248076452312303,0.19116741092407333
869,3.4011442103967075e-08,3.227165786452461e-12,21.97528269735827,0.5066244774415424,0.5771141726265175,0.42288582737348246,0.9441484729833503,0.8248094145148259,0.1911356364004343
870,3.4011442103967075e-08,3.606653874948992e-12,21.957767334024155,0.5066665347222565,0.5772111778095891,0.42278882219041086,0.9441376724474699,0.8247257828888571,0.19124739786096134
871,3.4011442103967075e-08,3.4619611949297966e-12,21.943331785441195,0.5066166649435768,0.5772215944735432,0.4227784055264569,0.9441410193930545,0.8247631911891758,0.19126294671560856
872,3.4011442103967075e-08,3.0932197202185078e-12,21.933751897202175,0.5066212222340567,0.5772480267583263,0.42275197324167363,0.9441474476537594,0.8247954316685506,0.19110998804796253
873,3.4011442103967075e-08,3.614521526062999e-12,21.919198460421534,0.5066013003642447,0.5773520631895669,0.4226479368104331,0.9441709232876055,0.8248335777205588,0.19109792963412725
874,3.4011442103967075e-08,4.413201091773021e-12,21.898759808091594,0.506630206606717,0.5774154746313868,0.4225845253686132,0.9441773900621768,0.8247986504592473,0.19108335552846903
875,3.4011442103967075e-08,3.646586283883347e-12,21.87792246189955,0.5066654930558612,0.5774019329682466,0.4225980670317534,0.9441719212095379,0.8247673078165286,0.1911811909676253
876,3.4011442103967075e-08,2.9378025700334696e-12,21.8703779587421,0.5066990867971128,0.5774696412839476,0.42253035871605243,0.944194499559663,0.8247652174322105,0.19125930134449504
877,3.4011442103967075e-08,3.5225043233837194e-12,21.853392559734424,0.5066506493097267,0.5774350058763006,0.42256499412369947,0.9442940162870085,0.8250389136750766,0.1913363399064079
878,3.4011442103967075e-08,4.346829793194363e-12,21.82623707487721,0.5066346336888975,0.5774760214906194,0.4225239785093806,0.9443129553695565,0.8250134608845605,0.19148705975165223
879,3.4011442103967075e-08,4.0395012559605466e-12,21.80864296949896,0.5066075503626171,0.5775049277330917,0.42249507226690824,0.9443009247923008,0.8249004261435258,0.1916244765712064
880,3.4011442103967075e-08,3.7673522511614256e-12,21.788819610752448,0.5067002586718077,0.5775437298063204,0.42245627019367965,0.944342319331695,0.8249778188048678,0.19160863732223998
881,3.4011442103967075e-08,3.5235540542449865e-12,21.76846844308874,0.5066411441038687,0.5775395631407387,0.4224604368592612,0.9443503072922579,0.8250109640640897,0.19162488597344376
882,3.4011442103967075e-08,3.642949827762478e-12,21.748371980761593,0.5066432274366596,0.5775450318893146,0.4224549681106854,0.9443569114155332,0.8249696121825085,0.19175160051004148
883,3.4011442103967075e-08,4.3802036023454326e-12,21.731137872677653,0.5066018211974423,0.5775301881431801,0.4224698118568198,0.9443707067346582,0.8249969177123392,0.19176394898928206
884,3.4011442103967075e-08,3.21028183102982e-12,21.72176210343766,0.5066231753585481,0.5776525839446396,0.4223474160553604,0.9444551488973184,0.8252429161398486,0.19145867920020154
885,3.4011442103967075e-08,3.435470098174737e-12,21.707646720759836,0.5066187482763677,0.577664042274989,0.42233595772501104,0.9444934684674882,0.8252578092772573,0.19187473364596166
886,3.4011442103967075e-08,3.2937009646181415e-12,21.697625029778145,0.5066337222308015,0.577707531846997,0.4222924681530031,0.9445150719130677,0.8252912181323565,0.19178186065500227
887,3.4011442103967075e-08,3.2108266379992233e-12,21.688020289726687,0.5066781232609054,0.5777540162098916,0.4222459837901084,0.9445066067106088,0.8252593121699254,0.19170064062869802
888,3.4011442103967075e-08,3.261702542477628e-12,21.678882647751298,0.50668385242608,0.5777542766264905,0.4222457233735095,0.9445613964557933,0.8253627966620228,0.19186121025011524
889,3.4011442103967075e-08,3.3060799773229105e-12,21.665927707037717,0.5065484357946782,0.577802844322176,0.42219715567782407,0.9446011616573247,0.8254517814930304,0.19164672876379069
890,3.4011442103967075e-08,3.524680115678785e-12,21.643976676557443,0.5065114566376415,0.5777977661984984,0.4222022338015016,0.9446192141117713,0.8255568438502302,0.1916145723910477
891,3.4011442103967075e-08,2.817459985944539e-12,21.635871458633577,0.5065326805904478,0.5777984172399955,0.42220158276000447,0.9446578195626059,0.8255921037547614,0.19153925231048188
892,3.4011442103967075e-08,3.551239068094501e-12,21.62024626860327,0.5065640607906091,0.5777717245386134,0.4222282754613866,0.9446672281800144,0.8255873085922582,0.19187795901654167
893,3.4011442103967075e-08,4.269515382554348e-12,21.6011474081217,0.5065010399736876,0.5778215943172932,0.42217840568270687,0.944716870068296,0.825630573980099,0.19205653326462285
894,3.4011442103967075e-08,3.384750358134269e-12,21.587308445860675,0.5064996076823939,0.5778518026427597,0.4221481973572403,0.9447277214644242,0.8256014218432236,0.19213792663812884
895,3.4011442103967075e-08,3.734469189439768e-12,21.573838898359526,0.5065638003740103,0.5778753703449556,0.4221246296550444,0.9447607250299807,0.8256959147834503,0.1921605956329163
896,3.4011442103967075e-08,3.2145964056354426e-12,21.564905954364278,0.5065601545416264,0.5779361776207871,0.4220638223792129,0.944786493104018,0.8257420239985258,0.19209857318511583
897,3.4011442103967075e-08,3.742020400346757e-12,21.551733458026554,0.5065665347482983,0.5779695109454399,0.42203048905456014,0.9448147347082676,0.8258081439938719,0.19227622620123433
898,3.4011442103967075e-08,3.0672521609121427e-12,21.544894163403697,0.5066019514057418,0.5779843546915743,0.4220156453084257,0.9448159971511301,0.8257723091643383,0.192282170891701
899,3.4011442103967075e-08,3.923218273061326e-12,21.52237392969177,0.5066343732722987,0.5780575317558511,0.4219424682441489,0.944841602285219,0.8258404046523432,0.19223757795628635
900,3.4011442103967075e-08,2.8845790578890215e-12,21.514298157761893,0.5065671857897953,0.5780574015475517,0.4219425984524483,0.9448813568974966,0.8258691628862332,0.19232680808080554
901,3.4011442103967075e-08,4.177357052675474e-12,21.49806604846758,0.5065162743447202,0.5781149536158975,0.4218850463841025,0.9448858399551604,0.8258551840187887,0.19246800739182945
902,3.4011442103967075e-08,3.551626895282608e-12,21.47913516605092,0.506505467055868,0.5780982869535711,0.4219017130464289,0.9449083002312578,0.8259033560116689,0.1922240715953298
903,3.4011442103967075e-08,3.662713822458419e-12,21.463659444486044,0.5065420555880064,0.5781824015149996,0.4218175984850004,0.9449131928685902,0.8259398257263799,0.19215771204683918
904,3.4011442103967075e-08,3.400704644632678e-12,21.4512323383948,0.5065791649533424,0.5781623494368882,0.42183765056311184,0.9449359801375707,0.8260213376907737,0.19232530121850214
905,3.4011442103967075e-08,4.005139984681297e-12,21.425047825086402,0.5064598941510692,0.5782050577590996,0.4217949422409005,0.9450015784877069,0.8262384700701646,0.192154997478522
906,3.4011442103967075e-08,2.941178487886554e-12,21.413487595003875,0.5064761701884973,0.5782531046215873,0.42174689537841265,0.9450193008906184,0.8262247261590943,0.1922124236399264
907,3.4011442103967075e-08,3.6083667203091634e-12,21.394145715473062,0.5065105451795455,0.578270161908812,0.42172983809118797,0.9450327782020957,0.8262498102928629,0.19226309991987905
908,3.4011442103967075e-08,4.123370312233578e-12,21.37174255213003,0.5065190087190081,0.5783614379267089,0.42163856207329115,0.9450567536616594,0.8263603043199439,0.19192549569089723
909,3.4011442103967075e-08,3.339825327446011e-12,21.357187581294387,0.5064535139443974,0.5784126097883828,0.4215873902116171,0.9451007175378133,0.8264016237944494,0.1921129431032601
910,3.4011442103967075e-08,2.697353919194823e-12,21.354288202870165,0.5064708316482209,0.5784066202066093,0.4215933797933907,0.9451704545631765,0.826516146480813,0.19227633791658544
911,3.4011442103967075e-08,2.9851816627273747e-12,21.348783060342328,0.5064351545741785,0.5784666462326442,0.4215333537673558,0.9452028249110368,0.8265467804020709,0.19234787583414717
912,3.4011442103967075e-08,3.4594628244679588e-12,21.336445739731037,0.5064565087352841,0.5785089639299573,0.4214910360700427,0.9452287045319554,0.8266395904055135,0.19215444403949883
913,3.4011442103967075e-08,3.643459265717491e-12,21.323220849350786,0.5063924462519671,0.5785472451699882,0.42145275483001177,0.945238422794522,0.8266186756389259,0.19225728521735186
914,3.4011442103967075e-08,4.166535436930722e-12,21.30556196646922,0.5064311181168963,0.5785805784946411,0.421419421505359,0.9452712194993337,0.826666945240933,0.19234091910655707
915,3.4011442103967075e-08,3.3906162496512826e-12,21.29092658494414,0.5064148420794682,0.5786037555719387,0.42139624442806134,0.9452747866131276,0.8266595883086307,0.19225040246773722
916,3.4011442103967075e-08,3.273696690420369e-12,21.28267767092187,0.5064928368508237,0.5786145628607909,0.42138543713920906,0.9453359902204644,0.8268329053987931,0.1922783298261025
917,3.4011442103967075e-08,3.0283069279696146e-12,21.276640285539774,0.5064782535212882,0.5786150836939886,0.4213849163060114,0.9453049195901977,0.8266429727204608,0.1925122319268686
918,3.4011442103967075e-08,3.5463358502792434e-12,21.260536288365923,0.5064938785172192,0.5787122190853596,0.42128778091464036,0.9453009652709444,0.8266740536053834,0.19233259623371324
919,3.4011442103967075e-08,3.64104971459246e-12,21.240920992189682,0.5065272118418719,0.5787215940829182,0.42127840591708177,0.9453169298864939,0.8266876168349009,0.1924725210619927
920,3.4011442103967075e-08,3.966379392068386e-12,21.219757982729977,0.506600779531047,0.5788020628119628,0.42119793718803716,0.9453368910598224,0.8267104359751789,0.19247099473774232
921,3.4011442103967075e-08,3.809240091848083e-12,21.202386300643795,0.5065755191209586,0.5788942502879556,0.42110574971204434,0.9453377120879539,0.8266714039394232,0.19257943758208126
922,3.4011442103967075e-08,3.603527600034916e-12,21.19031072849232,0.5065664045399988,0.5789412554840481,0.42105874451595193,0.945378697645876,0.8267721568304672,0.19253231597452786
923,3.4011442103967075e-08,3.2020593348676676e-12,21.17815594886526,0.5065440087124977,0.5789574013131767,0.42104259868682326,0.9454172327965646,0.8268337135978526,0.19261815934049528
924,3.4011442103967075e-08,3.335619590529559e-12,21.169174062093635,0.5065546857930506,0.578980448182175,0.421019551817825,0.945391881609886,0.8267736069069562,0.19259990169788846
925,3.4011442103967075e-08,4.316237429867715e-12,21.147439137583937,0.5065990868231545,0.5789370888184665,0.42106291118153355,0.9454319972838712,0.8268710872378225,0.19262609270466438
926,3.4011442103967075e-08,3.388333596098295e-12,21.13739167895308,0.5065399722552155,0.5789864377639485,0.4210135622360515,0.9454034255866526,0.8267787088454599,0.19267749145870516
927,3.4011442103967075e-08,3.4000413378165017e-12,21.12361193667665,0.506495050391914,0.5790373492090236,0.42096265079097633,0.9454427505725966,0.826894446616303,0.1924824335569027
928,3.4011442103967075e-08,3.767021260627264e-12,21.11118206641934,0.5064930972674225,0.5790015419266817,0.4209984580733182,0.9454540812268812,0.8268701433555983,0.19265029127875435
929,3.4011442103967075e-08,3.688624181727871e-12,21.094539873194368,0.5064847639362594,0.5790346148347357,0.42096538516526427,0.9454932842925594,0.8269260003448873,0.19285135347027377
930,3.4011442103967075e-08,3.2004375563625996e-12,21.085491535425636,0.506507029555461,0.5790692502423828,0.42093074975761724,0.9455133242121202,0.8269981926610824,0.19272599884103264
931,3.4011442103967075e-08,3.51927594929959e-12,21.074678741115818,0.5064949201836145,0.5790804481561332,0.4209195518438667,0.9455584945460336,0.8271245812556456,0.192591819465162
932,3.4011442103967075e-08,3.0561446487551584e-12,21.066071870727423,0.506535805589634,0.5791279741854234,0.4208720258145766,0.9455986122186302,0.8272369039215326,0.19245166596765806
933,3.4011442103967075e-08,2.9953207840899522e-12,21.060925053191394,0.5065108055961444,0.5791531043872123,0.4208468956127876,0.9456349343513205,0.8273018390386175,0.19260275680238265
934,3.4011442103967075e-08,4.001045775287198e-12,21.042280158926836,0.5064419254057486,0.5791102658567016,0.4208897341432984,0.9456313623454798,0.827234607658524,0.19282318712408208
935,3.4011442103967075e-08,3.697074842607781e-12,21.022901061595636,0.5064700503984244,0.5791478960552354,0.4208521039447646,0.9456487910260537,0.827292449912214,0.19265205235331292
936,3.4011442103967075e-08,2.692404627072378e-12,21.01936491757177,0.5064789045627852,0.5791915158355427,0.42080848416445726,0.9456672135042216,0.8273066550385276,0.1927969290661406
937,3.4011442103967075e-08,3.2240492009358265e-12,21.007467392597036,0.5065001285155916,0.579222244994207,0.42077775500579295,0.9457303978710728,0.8274520083929578,0.19281212350146087
938,3.4011442103967075e-08,4.642488246865547e-12,20.984145552528013,0.5064701806067238,0.5792541460275661,0.42074585397243386,0.945760266207031,0.8274831407776322,0.19281219283878148
939,3.4011442103967075e-08,3.4529793702418335e-12,20.970379856065897,0.5063910139606734,0.5793261512171481,0.42067384878285186,0.9458224495313449,0.8276241344758952,0.19267760354269686
940,3.4011442103967075e-08,3.791730243705304e-12,20.953993363669166,0.5064734358142094,0.5793480262114515,0.4206519737885485,0.945833453269015,0.8276183319470432,0.19280628508648273
941,3.4011442103967075e-08,3.126283276962745e-12,20.946508173974827,0.5064618472755607,0.5793584428754055,0.4206415571245945,0.9458581332664933,0.8276135746403375,0.1929479402621817
942,3.4011442103967075e-08,3.5225057172305805e-12,20.933619877910125,0.5064408837393531,0.5793422970462768,0.4206577029537232,0.9458491134255993,0.8276321822831383,0.19275711522530503
943,3.4011442103967075e-08,2.6710757404136774e-12,20.93199475928836,0.5063475243886655,0.5793635209990831,0.42063647900091694,0.945850181183957,0.8275589991641479,0.19306139913621312
944,3.4011442103967075e-08,3.2076024685285856e-12,20.923347224822223,0.5063432275147846,0.5794141720275594,0.42058582797244065,0.9458603385582616,0.8275690199388934,0.19308211243207318
945,3.4011442103967075e-08,3.461029326822947e-12,20.912897130403472,0.5063613264684046,0.5795264115816636,0.4204735884183364,0.9458502902021196,0.827503039817545,0.19302100942863432
946,3.4011442103967075e-08,2.975364842906616e-12,20.90715677147627,0.506286977529433,0.57953175012194,0.4204682498780599,0.9458789813705847,0.8275559245183052,0.19317143155793481
947,3.4011442103967075e-08,3.1725136497787028e-12,20.9027873553317,0.5064085920810958,0.5795094845027384,0.4204905154972616,0.9459131249505048,0.8275794475770791,0.19328554514700266
948,3.4011442103967075e-08,2.869373126468872e-12,20.89512585382398,0.5064049462487119,0.5795383907452107,0.42046160925478926,0.9459498923400915,0.8276247189839456,0.19334688771601416
949,3.4011442103967075e-08,3.23306971093819e-12,20.88638063887123,0.506410805622186,0.5795346147045274,0.42046538529547256,0.9459976126881547,0.8277023162909223,0.19336099289528946
950,3.4011442103967075e-08,2.9314801124938975e-12,20.87689422711423,0.5063869775033912,0.5795619584474067,0.42043804155259334,0.9459891287162616,0.8277084808019288,0.19334192756108243
951,3.4011442103967075e-08,3.106435197559185e-12,20.86570492294519,0.5064346337409807,0.5795684688623779,0.4204315311376221,0.946014269179296,0.8277281389637743,0.19345682214548351
952,3.4011442103967075e-08,3.0961456807433535e-12,20.855496155763156,0.5063955712511533,0.5796225053066393,0.4203774946933608,0.9460407532797813,0.8277592170182466,0.19341925946413813
953,3.4011442103967075e-08,3.5271308026635513e-12,20.841620498078335,0.5063860660452953,0.5796661250869466,0.4203338749130534,0.9460581016212045,0.8278137473226834,0.19346596388995377
954,3.4011442103967075e-08,3.107104240813701e-12,20.8334468055357,0.5063964827092493,0.5797464636076918,0.4202535363923082,0.9460470751330742,0.8278058326776652,0.1932568778426536
955,3.4011442103967075e-08,3.3120253832068714e-12,20.82632448635631,0.5063630191762971,0.5798140417150933,0.4201859582849067,0.946084827833731,0.8279400222499737,0.19316794491037215
956,3.4011442103967075e-08,3.782077484963467e-12,20.807034238384905,0.5063912743772723,0.5798851354465793,0.4201148645534207,0.946054512470547,0.8279234937531056,0.19306435382279202
957,3.4011442103967075e-08,3.5966594219474897e-12,20.790333764123286,0.506354425428535,0.5799119583562609,0.42008804164373914,0.9461293426987843,0.828070275740469,0.1930575786870192
958,3.4011442103967075e-08,3.485417602722377e-12,20.77558969735318,0.5064207014529424,0.579797375052767,0.4202026249472331,0.9461608027954168,0.8280976311863512,0.19313917248676277
959,3.4011442103967075e-08,3.2022659479542704e-12,20.768472918117766,0.5064287743675067,0.5797933385954848,0.42020666140451524,0.9461756691524339,0.8280567116957186,0.19340727781682687
960,3.4011442103967075e-08,3.5273784936407617e-12,20.761066521726363,0.5063828108378097,0.579827713586533,0.4201722864134671,0.9462417755192023,0.8282315149797258,0.19328467041171773
961,3.4011442103967075e-08,3.1740605580480346e-12,20.750036714151783,0.5064287743675067,0.5798856562797771,0.420114343720223,0.9462510358114171,0.8282299202534783,0.1932453397258706
962,3.4011442103967075e-08,3.6418867179484316e-12,20.739033403612154,0.5064057274985084,0.5799294062683837,0.4200705937316162,0.9462710903545657,0.8281966222211816,0.1934719236828796
963,3.4011442103967075e-08,3.076594664265251e-12,20.73236443948876,0.5063764306311379,0.5799067500242838,0.4200932499757162,0.9462995155266253,0.8282194789034767,0.19349018225901363
964,3.4011442103967075e-08,3.71355134964005e-12,20.721989016798105,0.5063873681282896,0.5799882604197238,0.42001173958027616,0.9462997904547704,0.8282189749388162,0.19341245064933366
965,3.4011442103967075e-08,3.519890662265922e-12,20.711040004254084,0.5063733056319517,0.5800115677053209,0.4199884322946791,0.9462897541042957,0.8281871225984131,0.19347112160245838
966,3.4011442103967075e-08,3.4551806218742975e-12,20.70038096781111,0.5063911441689729,0.5799971145840848,0.42000288541591524,0.9463007365687461,0.8281850754693791,0.1936153939354115
967,3.4011442103967075e-08,3.314993053614193e-12,20.687840413437563,0.506325909810961,0.5800717239396552,0.4199282760603448,0.946342068741454,0.8283122479552659,0.19343683035512116
968,3.4011442103967075e-08,3.713538796501447e-12,20.67618248348438,0.5063005191925731,0.5800564895686225,0.4199435104313775,0.9463801160096402,0.8283736754036953,0.19343059223197434
969,3.4011442103967075e-08,3.0825946159474407e-12,20.670253841377026,0.506293748361003,0.5800731562309489,0.4199268437690511,0.9463597462361102,0.828323052068164,0.1936674649705813
970,3.4011442103967075e-08,4.3322655002711815e-12,20.6528305385016,0.5062759098239819,0.5801545364180895,0.41984546358191055,0.9463622644952135,0.8283364151227326,0.19365888349878105
971,3.4011442103967075e-08,3.5969765516958716e-12,20.639169136879623,0.5062550764960738,0.580182270785867,0.419817729214133,0.946375861109509,0.8283876214533507,0.19353646783489725
972,3.4011442103967075e-08,3.564788551510935e-12,20.6242901756981,0.5062770816986767,0.5801162551780585,0.41988374482194146,0.9464041731554882,0.8283736910132826,0.1938809151478918
973,3.4011442103967075e-08,3.653852623451389e-12,20.608545314706955,0.5063048160664542,0.5801244583009223,0.4198755416990777,0.9464569327570107,0.8284593466675856,0.1941237207706329
974,3.4011442103967075e-08,4.365654031964966e-12,20.593278827313657,0.5062687483675135,0.5802842238843167,0.4197157761156833,0.9464848757793203,0.8285425839833694,0.19382033713675476
975,3.4011442103967075e-08,3.0771178443983423e-12,20.585351580621342,0.5062583317035595,0.5803102655442017,0.4196897344557983,0.9465032738531767,0.8285991321117411,0.19393765546545413
976,3.4011442103967075e-08,3.4351059140453115e-12,20.57188691432792,0.5062359358760584,0.5803206822081557,0.4196793177918443,0.9464979503000919,0.8285761654242263,0.19395326894082185
977,3.4011442103967075e-08,4.049626102065319e-12,20.557234767664962,0.5062277327531945,0.5803712030283326,0.41962879697166744,0.9464971412932485,0.8285953113668227,0.19386394967823523
978,3.4011442103967075e-08,3.839781390746235e-12,20.537699981128615,0.5062687483675135,0.5804861769567248,0.4195138230432752,0.9465219971109102,0.8286178983643925,0.19377295262532412
979,3.4011442103967075e-08,2.9942288283866063e-12,20.525233318743314,0.5063049462747535,0.5804606561300375,0.41953934386996256,0.9465445017859977,0.8286712466018125,0.19387529900946548
980,3.4011442103967075e-08,3.934933142799953e-12,20.50865206872479,0.5062499983723963,0.5805085727842259,0.41949142721577415,0.9465966479529581,0.8287566342406348,0.19391244511218572
981,3.4011442103967075e-08,3.9447290240788465e-12,20.494868626390968,0.506288540029026,0.5805152134074965,0.4194847865925035,0.9466471337947604,0.8288700909183904,0.19400095897469405
982,3.4011442103967075e-08,3.303771032314454e-12,20.48525473604985,0.5062666650347226,0.5805118279917114,0.41948817200828853,0.9466792236382637,0.8288737823321043,0.19405603978695846
983,3.4011442103967075e-08,3.3459518637114352e-12,20.472695776041544,0.5063097639818323,0.5805383904847942,0.41946160951520584,0.9466961780107256,0.8288771492146639,0.19420818381321375
984,3.4011442103967075e-08,2.8212355438720546e-12,20.46809930759594,0.5063048160664542,0.5805885206800727,0.4194114793199273,0.9467049581813559,0.8289320501330333,0.1941237820049184
985,3.4011442103967075e-08,3.233720095302977e-12,20.460343912699038,0.5062850244049416,0.580581229015305,0.41941877098469504,0.9467364631630444,0.8290014173474539,0.19401498996616287
986,3.4011442103967075e-08,3.159909205398676e-12,20.45064022236667,0.5062639306604347,0.5806395623334473,0.4193604376665527,0.9467599689257103,0.8291012676859398,0.19399569852256038
987,3.4011442103967075e-08,3.880559607370788e-12,20.434283249287947,0.5062208317133251,0.5806478956646105,0.4193521043353895,0.9468065779876639,0.829215791486781,0.1939465381538514
988,3.4011442103967075e-08,2.903093431483156e-12,20.42754058585245,0.5062308577523807,0.5807060987744534,0.41929390122554655,0.9468065754479348,0.8292038693719225,0.1939545244932255
989,3.4011442103967075e-08,3.4412564867437475e-12,20.4171824336656,0.506214060881755,0.5807368279331178,0.4192631720668823,0.9468210809279138,0.8292628916957993,0.19385615123944597
990,3.4011442103967075e-08,3.5158934670318143e-12,20.408333846365082,0.5061843733894861,0.5808114372886882,0.4191885627113118,0.946864743224213,0.8293603424390928,0.19354987902926896
991,3.4011442103967075e-08,3.206014767046405e-12,20.39783351020259,0.5061856754724804,0.5807554477199355,0.4192445522800645,0.9468942401031266,0.8293620362186686,0.1940203225000874
992,3.4011442103967075e-08,3.6058993246590027e-12,20.385417023819457,0.5062239567125113,0.5807894320860854,0.4192105679139146,0.9469177692278788,0.8294190096330107,0.19404205731925905
993,3.4011442103967075e-08,3.3521749139471224e-12,20.376718191190932,0.5061917952625533,0.5808723747728191,0.41912762522718094,0.9469467196763012,0.8294181417618037,0.1940226130486092
994,3.4011442103967075e-08,2.584707294205894e-12,20.37540455512996,0.5062393212918435,0.5808822706035753,0.4191177293964246,0.9469296778905493,0.8293649186022923,0.19414123802979885
995,3.4011442103967075e-08,3.4774878303901968e-12,20.363770305538875,0.5062481754562043,0.580863781025057,0.41913621897494296,0.9469191585020696,0.8293174879478514,0.19428995592994883
996,3.4011442103967075e-08,3.422772624725946e-12,20.350371277958303,0.5062067692169872,0.5808801872707846,0.41911981272921545,0.9469004897405279,0.8292296299717857,0.19439645120159516
997,3.4011442103967075e-08,4.339256908302988e-12,20.327481255389802,0.5061770817247183,0.5808663851910455,0.4191336148089545,0.9469457879876502,0.8293396505587571,0.1944385550737075
998,3.4011442103967075e-08,3.827726541761849e-12,20.31152782203633,0.5061550765221154,0.5808758903969036,0.4191241096030965,0.946942911003222,0.8293421371964481,0.19444172178287536
999,3.4011442103967075e-08,3.580525422648463e-12,20.298650309353253,0.5061705713097471,0.5810253695246433,0.41897463047535666,0.9470032423698412,0.8295162474951773,0.19423252961444507
1000,3.4011442103967075e-08,3.1235742123422603e-12,20.292631860108482,0.506207029633586,0.5810959424229316,0.41890405757706833,0.9470133648247961,0.8295325979066541,0.19434878388591068
1001,3.4011442103967075e-08,3.240649990186627e-12,20.286649262437965,0.5062624983691411,0.5810516716011271,0.4189483283988728,0.9470693548888147,0.8296444064118224,0.19433728157942862
1002,3.4011442103967075e-08,3.4367694444096515e-12,20.275532470958428,0.5062546858711755,0.5810774528444134,0.4189225471555867,0.9470523893098967,0.8295844547197982,0.19435097941071264
1003,3.4011442103967075e-08,3.319812462469381e-12,20.267335420146164,0.5062128890070602,0.5811366976206517,0.4188633023793483,0.9471172195178279,0.8297266130441882,0.1943000205522431
1004,3.4011442103967075e-08,3.772239060244833e-12,20.25174800588984,0.5062179671307377,0.5811814892756538,0.41881851072434617,0.9471084684691622,0.8296735176449462,0.19434358960411213
1005,3.4011442103967075e-08,2.9382101984526565e-12,20.247995008581487,0.5062233056710141,0.5812579215474163,0.4187420784525837,0.9471734918964613,0.8297977373165363,0.1943313331885662
1006,3.4011442103967075e-08,3.842620098306056e-12,20.23190023864935,0.5062316390021774,0.5812411246767905,0.41875887532320955,0.9472054416740001,0.8298967175916659,0.19422765622583948
1007,3.4011442103967075e-08,4.226985996973602e-12,20.213393624091474,0.5061326806946144,0.5812898225807753,0.4187101774192246,0.9472235423462491,0.8299515882327152,0.1941386998469351
1008,3.4011442103967075e-08,3.0745122951866527e-12,20.20609603066565,0.5060817692495393,0.5813041454937121,0.4186958545062879,0.9472473450884503,0.8299910826346331,0.19421040115452246
1009,3.4011442103967075e-08,3.3326703518235637e-12,20.195533803598924,0.5060690088361957,0.5812654736287829,0.4187345263712171,0.9472563828287575,0.8299653200438962,0.19453708230303024
1010,3.4011442103967075e-08,3.810748021339447e-12,20.18100227625537,0.5060479150916888,0.5812990673700346,0.41870093262996544,0.9472601313381281,0.8299255932988941,0.19462271832361616
1011,3.4011442103967075e-08,2.9022885734970622e-12,20.175080810594284,0.5060532536319652,0.5813124788248754,0.4186875211751247,0.9472577061432089,0.8299332377147745,0.1945856163427772
1012,3.4011442103967075e-08,3.742674708529158e-12,20.163584821975704,0.5060440088427061,0.581313911116169,0.418686088883831,0.9472846217451412,0.8299643689932388,0.19474242497138597
1013,3.4011442103967075e-08,3.5561087340163413e-12,20.15210955474616,0.5060115869761492,0.581335655902173,0.41866434409782705,0.9473008006836726,0.8299872473665273,0.19475492145467285
1014,3.4011442103967075e-08,3.145380079901877e-12,20.143765726982856,0.5060941390379846,0.5813812288069716,0.4186187711930283,0.9473677524666347,0.8301311450962279,0.1947011460861126
1015,3.4011442103967075e-08,3.2857078860310586e-12,20.135268584686465,0.506103774452142,0.581389301721536,0.418610698278464,0.9473403801014324,0.8299418585967298,0.1949705189109739
1016,3.4011442103967075e-08,3.4538060637958555e-12,20.125333285634024,0.5061041650770404,0.5813911246377279,0.41860887536227204,0.9473719116537695,0.8300179260284805,0.1951714589155664
1017,3.4011442103967075e-08,3.5869526158447857e-12,20.115167666654674,0.5061072900762266,0.5814329215018433,0.41856707849815666,0.9473871290322848,0.8300913009176312,0.19498692852354713
1018,3.4011442103967075e-08,3.4787700973451293e-12,20.104385180356246,0.5060308578044641,0.5814355256678319,0.41856447433216815,0.9474247518606497,0.8301830622043213,0.19491975668450945
1019,3.4011442103967075e-08,3.839011721420983e-12,20.091186851670273,0.5060457015505986,0.5814797964896363,0.4185202035103637,0.9474815834582349,0.8302916583491665,0.19486493233183938
1020,3.4011442103967075e-08,3.5292318837686147e-12,20.076997044966816,0.5060256494724871,0.5815567495945965,0.41844325040540353,0.9474522793029222,0.8302160002588642,0.19475936538450064
1021,3.4011442103967075e-08,3.1150494116975635e-12,20.06817132089243,0.5060346338451475,0.5815760204229113,0.41842397957708866,0.9474963093148311,0.830281001996433,0.19488485453286447
1022,3.4011442103967075e-08,3.4937740213466254e-12,20.05831866767373,0.5060313786376618,0.5815631298012682,0.4184368701987317,0.9475251176960537,0.8303085999009443,0.1949954433093821
1023,3.4011442103967075e-08,3.951631256333806e-12,20.043639568219753,0.5059803369842872,0.581512478772792,0.418487521227208,0.9474793248822306,0.8301765738304594,0.19503768311787648
1024,3.4011442103967075e-08,2.7956024996263468e-12,20.04224514157347,0.5060184880160188,0.5815269318940282,0.41847306810597185,0.9475036154257777,0.8302228298134057,0.1950723409280195
1025,3.4011442103967075e-08,3.6081822208636993e-12,20.029829442861136,0.5060660140453088,0.5815864370868653,0.41841356291313464,0.9474991842478292,0.8301903052440323,0.1951076679684725
1026,3.4011442103967075e-08,3.6980060740629385e-12,20.018329381875716,0.5060018213536923,0.5815764110478097,0.4184235889521904,0.947524648886508,0.8302493529188829,0.19517992563177708
1027,3.4011442103967075e-08,3.708849376482803e-12,20.00562683980473,0.5060415348850169,0.5816455516548042,0.41835444834519575,0.9475385267620399,0.8303158654298202,0.19498495910611202
1028,3.4011442103967075e-08,3.5107223224697005e-12,19.996381705354693,0.5060421859265141,0.5816894318517104,0.41831056814828954,0.947608453774058,0.8304784303817885,0.1950045242613752
1029,3.4011442103967075e-08,3.555440773178112e-12,19.98386335334359,0.5060707015440882,0.5817571401674114,0.4182428598325886,0.9476406828905916,0.8305059730213595,0.19505770681581316
1030,3.4011442103967075e-08,3.6327143035170595e-12,19.969840116667637,0.5060477848833893,0.581752713085231,0.41824728691476903,0.947681147151967,0.8305936998462785,0.1953218122145629
1031,3.4011442103967075e-08,3.467451034469028e-12,19.960700224347846,0.5060277328052779,0.5818570099330703,0.4181429900669297,0.9476737218484383,0.8306027329425976,0.19487358102005484
1032,3.4011442103967075e-08,3.147134064598043e-12,19.953270755196783,0.5060126286425446,0.5818685984717191,0.4181314015282809,0.9477163172785056,0.8306977090045999,0.19507229085410147
1033,3.4011442103967075e-08,3.975156200077008e-12,19.94088677439168,0.5060294255131704,0.5818732859704985,0.4181267140295016,0.947726186179893,0.8306753797132136,0.1951054928716
1034,3.4011442103967075e-08,3.2277232909185813e-12,19.93273232738336,0.5059947901055234,0.5819303172056466,0.4180696827943534,0.9477508041710924,0.8307521329209155,0.19490471108911564
1035,3.4011442103967075e-08,3.929448083918756e-12,19.918415987828194,0.5060292953048711,0.5819520619916505,0.4180479380083495,0.947794297604497,0.8308293729612193,0.19503520097365298
1036,3.4011442103967075e-08,3.0961334694080434e-12,19.912499963142384,0.5060927067466909,0.5819199005416925,0.41808009945830743,0.947789437459169,0.8308603829300611,0.1948737202431904
1037,3.4011442103967075e-08,3.6303435509122426e-12,19.897040187906455,0.5060928369549904,0.5819327911633356,0.4180672088366644,0.9478125997175815,0.8308943654598714,0.19483374015352287
1038,3.4011442103967075e-08,2.7030302905815558e-12,19.893152888547363,0.5061309879867218,0.5819515411584528,0.4180484588415472,0.9478149123915903,0.8308599687272692,0.19511838973874396
1039,3.4011442103967075e-08,3.430200049005311e-12,19.884121304284164,0.5061542952723189,0.581997244271551,0.418002755728449,0.9478324760783146,0.8309008183175888,0.195007049654206
1040,3.4011442103967075e-08,3.945313962464429e-12,19.86940994962175,0.5061778629745148,0.5821241973634903,0.41787580263650975,0.9478326159180925,0.8308729570590263,0.19488553487404112
1041,3.4011442103967075e-08,3.2938535731091097e-12,19.860763881991314,0.5061842431811867,0.5821221140306995,0.41787788596930053,0.9478422259212055,0.8308748691325053,0.19497004949307198
1042,3.4011442103967075e-08,3.5551112096598807e-12,19.84988493335353,0.5061660140192672,0.5821324004863541,0.41786759951364594,0.9478604005923191,0.8309179427991941,0.19498713677805343
1043,3.4011442103967075e-08,3.732847803795248e-12,19.835407388518387,0.5061656233943689,0.582129926528665,0.41787007347133504,0.9478460803774861,0.8308587582128011,0.19495734935121553
1044,3.4011442103967075e-08,4.3967524396132805e-12,19.822247983092318,0.5061234359053552,0.5822183379639745,0.4177816620360255,0.9478739119723544,0.8309855032183103,0.1947384600598275
1045,3.4011442103967075e-08,3.734476036083939e-12,19.80468851728716,0.50617669109982,0.5822300567109228,0.4177699432890773,0.9478897532657392,0.8310273797585126,0.19486228222661411
1046,3.4011442103967075e-08,3.6140449441791905e-12,19.79485545447631,0.5061165348654857,0.5822262806702394,0.4177737193297606,0.9479169197131393,0.8310311544766422,0.19504542223106391
1047,3.4011442103967075e-08,2.8813839894888207e-12,19.793048501615672,0.5061358056938006,0.5822648223268692,0.41773517767313084,0.9479442795258812,0.8310601136995258,0.19517717896502268
1048,3.4011442103967075e-08,3.355375230302994e-12,19.7823363271,0.5061753890168258,0.5822667754513605,0.4177332245486394,0.9479367548369702,0.8310330046012684,0.19521249446952427
1049,3.4011442103967075e-08,3.3947423965176737e-12,19.772383676739828,0.506127342154338,0.5822890410705622,0.41771095892943777,0.9479770934669737,0.8311073346537927,0.19513540657713416
1050,3.4011442103967075e-08,3.701324861887221e-12,19.763592183077527,0.5061410140257776,0.5822852650298789,0.4177147349701211,0.9480292406327685,0.8312061483669446,0.19538461590681044
1051,3.4011442103967075e-08,3.5751718722153682e-12,19.753697317905292,0.5060785140420536,0.582318077521334,0.41768192247866603,0.9480557530484994,0.8312566206408396,0.19534439153135105
1052,3.4011442103967075e-08,3.1785156783835463e-12,19.742458431946385,0.5061048161185374,0.5823991972918757,0.4176008027081243,0.9480636079531175,0.8312961481055431,0.19532215302848538
1053,3.4011442103967075e-08,3.754082874581056e-12,19.727428731049983,0.5060777327922571,0.5824253691600602,0.4175746308399399,0.9481018177341933,0.8313969519931735,0.195182745644985
1054,3.4011442103967075e-08,3.295428776121701e-12,19.719103542457496,0.5060282536384756,0.5824067493732423,0.4175932506267577,0.9481543647122752,0.8314493881327524,0.19548279576641686
1055,3.4011442103967075e-08,3.29298311740387e-12,19.71022442291581,0.5061507796482345,0.5824368274904095,0.4175631725095905,0.9481550545143765,0.8314442793758906,0.19554857254074276
1056,3.4011442103967075e-08,4.117888702226182e-12,19.689598433814727,0.5060717432104835,0.5825390410054581,0.41746095899454194,0.9481966128261383,0.8315795271958492,0.19541462375952903
1057,3.4011442103967075e-08,3.4377142036303995e-12,19.67759891647718,0.5060557275896542,0.5826316191063492,0.4173683808936508,0.9481969741817708,0.8315932299767235,0.19526971338919014
1058,3.4011442103967075e-08,3.4504771430253314e-12,19.6686629162546,0.5060541650900612,0.5826840930510174,0.4173159069489826,0.9481958695519968,0.8315045439706767,0.19560587811372218
1059,3.4011442103967075e-08,2.9008376788114676e-12,19.662169152070238,0.506098826536764,0.582782009692185,0.41721799030781503,0.9482279716148143,0.831592792362614,0.19532614802559348
1060,3.4011442103967075e-08,3.5459534424653433e-12,19.650706841645956,0.5061165348654857,0.5828118273927533,0.4171881726072467,0.9482348574367964,0.8316236043467023,0.1952626445931728
1061,3.4011442103967075e-08,3.773224222999162e-12,19.63806076880345,0.5061089827841191,0.5828301867629722,0.4171698132370278,0.9482458914829953,0.8316348976666256,0.1953790519760799
1062,3.4011442103967075e-08,3.941756955492477e-12,19.623707568004995,0.5061513004814322,0.5829067492430341,0.41709325075696596,0.9482587451183356,0.8316382939816215,0.19533317355099483
1063,3.4011442103967075e-08,3.82346205604062e-12,19.614126821417912,0.5061218734057621,0.5828829211242393,0.4171170788757607,0.9483177325036778,0.8318079278194547,0.1953663276110613
1064,3.4011442103967075e-08,2.8488598672984383e-12,19.608847099769047,0.5061145817409943,0.582853103423671,0.41714689657632903,0.9483393629455242,0.8318202736751896,0.19537220584121046
1065,3.4011442103967075e-08,3.5900255333978535e-12,19.591563192181734,0.5060731755017772,0.5828557075896594,0.4171442924103405,0.9483799120345326,0.8319186031624389,0.19547003270482766
1066,3.4011442103967075e-08,3.5291815925702313e-12,19.58054768758291,0.5060858057068214,0.5828628690461278,0.41713713095387217,0.9484038476993235,0.8320542239296427,0.1953834561671129
1067,3.4011442103967075e-08,2.940424908141864e-12,19.577082791895148,0.5061050765351364,0.5829658638109729,0.417034136189027,0.9484270852524567,0.8321102862560148,0.1951879533349084
1068,3.4011442103967075e-08,2.9281211746161285e-12,19.569957099127336,0.5060996077865605,0.5829460721494604,0.41705392785053963,0.9484444661716602,0.8321064608073349,0.19548853458300494
1069,3.4011442103967075e-08,2.7837872210358563e-12,19.566701414946554,0.5061312484033207,0.5830292752527929,0.4169707247472071,0.9484387898985719,0.8320416443885595,0.19549617547074222
1070,3.4011442103967075e-08,2.7781438821071047e-12,19.563975805355838,0.5061609358955896,0.5830024523431113,0.4169975476568886,0.9484573040458509,0.8320271272789295,0.19564922067788057
1071,3.4011442103967075e-08,3.649609151176111e-12,19.55335547400262,0.5061688786018546,0.5830445096238256,0.41695549037617435,0.9484926291099964,0.8321469443209225,0.19541508152665518
1072,3.4011442103967075e-08,2.7427158970796872e-12,19.547583141412037,0.5061747379753286,0.5830531033715877,0.41694689662841233,0.9484956873136197,0.832195112494668,0.19533440633671167
1073,3.4011442103967075e-08,3.2190229470307203e-12,19.539210660062793,0.5061592431876971,0.5830658637849313,0.4169341362150687,0.9485148950147096,0.8321192288003924,0.19560535890261763
1074,3.4011442103967075e-08,2.9359938509527296e-12,19.53636645458738,0.5061072900762266,0.5831475043886707,0.41685249561132925,0.9484892738533843,0.83203236575518,0.1957265852903095
1075,3.4011442103967075e-08,3.6187436437216823e-12,19.525020535508336,0.5061039046604415,0.5832053168736154,0.4167946831263846,0.948515290226806,0.8320966258906138,0.19556745620714547
1076,3.4011442103967075e-08,3.6319714840174282e-12,19.512254598304942,0.5060858057068214,0.5832334418662912,0.41676655813370883,0.9485323669341841,0.8321060175547293,0.19572425223872758
1077,3.4011442103967075e-08,2.813893236371875e-12,19.51187346156925,0.5060233057230975,0.5832537543610015,0.41674624563899854,0.9485285117317162,0.8320779564973932,0.19589366783169218
1078,3.4011442103967075e-08,2.915964063769879e-12,19.506424089225135,0.5060299463463681,0.5833219835099002,0.4166780164900999,0.9485534700178528,0.8321173177706307,0.196010131739596
1079,3.4011442103967075e-08,2.6756913388882226e-12,19.504364803820817,0.5060091130184602,0.5833268012169789,0.41667319878302117,0.9486096112423755,0.8322619397016646,0.19584612697340512
1080,3.4011442103967075e-08,4.12831436903802e-12,19.49061571103271,0.5060779932088559,0.5832903428931399,0.41670965710686014,0.9486090449996144,0.8321949993534533,0.19593992795028767
1081,3.4011442103967075e-08,3.390468765233002e-12,19.48134399579019,0.5060860661234203,0.5832790147710899,0.4167209852289101,0.9486800828560442,0.8324486854667277,0.19574446200092568
1082,3.4011442103967075e-08,3.825826775238468e-12,19.468964345384727,0.5060854150819232,0.5833754991209638,0.41662450087903624,0.9486763129339045,0.8324303657344134,0.19564064456211583
1083,3.4011442103967075e-08,4.1038466483606466e-12,19.45862148852612,0.5060557275896542,0.5834253688996435,0.4165746311003565,0.9486636177243942,0.8323497562673389,0.1958011520170892
1084,3.4011442103967075e-08,3.1266725008787553e-12,19.453120692483047,0.5060242171811934,0.5834471136856475,0.4165528863143525,0.9486823327608424,0.8323458208934111,0.19583492689931595
1085,3.4011442103967075e-08,4.285593629790376e-12,19.431582318173493,0.5060483057165871,0.5835011501299088,0.41649884987009117,0.9487031359493675,0.8324678883277032,0.19574162227511469
1086,3.4011442103967075e-08,3.2125576114568392e-12,19.426004815598773,0.506034503636848,0.5835965928133873,0.41640340718661273,0.9487083498317819,0.832430726712308,0.19576883017761856
1087,3.4011442103967075e-08,3.2066118249017845e-12,19.420630967459147,0.5060243473894929,0.5835933376059017,0.41640666239409835,0.9486995575762761,0.8323467143727308,0.1959969292223611
1088,3.4011442103967075e-08,3.935806714014739e-12,19.40918791036322,0.5059826807336769,0.583630837596136,0.41636916240386396,0.9487130934012081,0.8323872272282217,0.1959927250155241
1089,3.4011442103967075e-08,3.8411051509229466e-12,19.400062442916475,0.5060212223903067,0.5837040146604129,0.41629598533958717,0.9487025001035563,0.8323532581780047,0.1958742276020728
1090,3.4011442103967075e-08,3.779320688317344e-12,19.389112526077295,0.5060286442633739,0.5837305771534955,0.4162694228465045,0.9487473957400143,0.8324529456067103,0.19594764323557168
1091,3.4011442103967075e-08,2.9973914834440843e-12,19.385181419644613,0.5060121078093469,0.5837606552706627,0.4162393447293373,0.94880942788454,0.8326448732989169,0.19596618084812933
1092,3.4011442103967075e-08,3.098402925611083e-12,19.37881076134268,0.50602499843099,0.583780056307277,0.41621994369272297,0.9488425376873983,0.8326909964354217,0.19608533480108992
1093,3.4011442103967075e-08,3.731674094568801e-12,19.36527175607501,0.5060779932088559,0.5838023219264786,0.4161976780735213,0.9489039639051138,0.8328938387711291,0.19595231614936592
1094,3.4011442103967075e-08,3.7808742181176726e-12,19.34984028231176,0.5060910140387984,0.583771462559515,0.41622853744048505,0.9489067043769964,0.8328274318659634,0.19606586458669215
1095,3.4011442103967075e-08,3.861228905143576e-12,19.338212784264698,0.506068227586399,0.5838185979639068,0.4161814020360932,0.9489465635614663,0.8328697905326712,0.19621919510413846
1096,3.4011442103967075e-08,3.961046772070337e-12,19.327209430162252,0.5060234359313969,0.5838486760810739,0.41615132391892606,0.9489890734528654,0.8330083580769263,0.19617994144695608
1097,3.4011442103967075e-08,2.9486143936323063e-12,19.321087201117727,0.5059932276059304,0.5839077906490129,0.4160922093509872,0.948963987247629,0.8328810489851842,0.1963589841000463
1098,3.4011442103967075e-08,3.595506033683025e-12,19.311465989702214,0.505972003653124,0.583977712505804,0.41602228749419595,0.9489329756621315,0.832869082184049,0.19620149350443705
1099,3.4011442103967075e-08,3.653198049153184e-12,19.297528881665166,0.5059386703284713,0.5839279729354238,0.4160720270645763,0.948963059974243,0.8329441868382931,0.19614409506714806
1100,3.4011442103967075e-08,2.7171542532998165e-12,19.29495254810657,0.505957290115289,0.5840004989582034,0.4159995010417966,0.9489605070733492,0.8329291973733755,0.19592956592121114
1101,3.4011442103967075e-08,3.080223032444405e-12,19.28905360643006,0.5060022119785906,0.5839411239736656,0.41605887602633435,0.9489734503362124,0.8329813794759735,0.19612596214867578
1102,3.4011442103967075e-08,3.514360729416304e-12,19.279342996531902,0.5060045557279803,0.5840370874903418,0.4159629125096582,0.9490277202898266,0.8330860799826628,0.19602145976779126
1103,3.4011442103967075e-08,3.5921460119938312e-12,19.26582593258851,0.5060438786344066,0.5840344833243533,0.4159655166756467,0.9490480356695332,0.8331378552562716,0.19617527367637344
1104,3.4011442103967075e-08,3.394299448330094e-12,19.256484668106648,0.5060329411372549,0.5840840926864342,0.4159159073135658,0.9490679137422394,0.8331706688136451,0.19606946724601798
1105,3.4011442103967075e-08,4.459007853143704e-12,19.243627840815204,0.5061048161185374,0.5840820093536434,0.4159179906463566,0.9490733042944586,0.8331825788747471,0.19614788748634115
1106,3.4011442103967075e-08,3.0238432329570385e-12,19.239202411500873,0.5060805973748445,0.5840920353926992,0.4159079646073009,0.949110244888569,0.8332892195797509,0.1961751376665506
1107,3.4011442103967075e-08,4.344413642984496e-12,19.22255483397617,0.5060398421771244,0.5840851343528296,0.4159148656471704,0.9491334623801841,0.8333221421634889,0.19628707263567433
1108,3.4011442103967075e-08,4.062219410564042e-12,19.20708204835924,0.5060399723854239,0.5841337020485151,0.4158662979514849,0.9491130427170774,0.8333418530413879,0.1960645104662239
1109,3.4011442103967075e-08,3.2776502317200274e-12,19.198892748400432,0.506017316141324,0.5841679468312638,0.41583205316873617,0.9491561266254495,0.8334089020296612,0.19602734489101095
1110,3.4011442103967075e-08,3.775662470001781e-12,19.18548378841409,0.5060204411405101,0.5841958114073408,0.4158041885926592,0.9491616174463189,0.8333769596650117,0.19602048961243113
1111,3.4011442103967075e-08,3.4817714787586417e-12,19.176125138933713,0.5060630192544221,0.5841856551599857,0.41581434484001434,0.9491754848951465,0.833408122356798,0.19614779147670727
1112,3.4011442103967075e-08,2.9078130402798088e-12,19.171045575352977,0.5060842432072283,0.584188519742573,0.41581148025742704,0.9491829713716499,0.8333852628013144,0.1962112063922923
1113,3.4011442103967075e-08,2.7106097519005034e-12,19.167006641300784,0.5060907536221996,0.5842063582795942,0.4157936417204058,0.9491510963514365,0.8332110331460847,0.1964796797565544
1114,3.4011442103967075e-08,3.134651397817953e-12,19.16177951035961,0.5060621077963261,0.5843126082519249,0.41568739174807506,0.949155261266891,0.8331719952003815,0.19623620367616412
1115,3.4011442103967075e-08,3.114942819438403e-12,19.156005256446516,0.5060769515424606,0.584344509285284,0.41565549071471597,0.9491712192389837,0.8331801490081517,0.196391672367171
1116,3.4011442103967075e-08,4.244668226626622e-12,19.139568870145453,0.5060589827971399,0.5844129988507816,0.4155870011492184,0.949215788754904,0.8332854661309068,0.19636348765329623
1117,3.4011442103967075e-08,3.678867742852418e-12,19.129812585268176,0.506018878640917,0.5844284936384131,0.4155715063615869,0.9492344630264609,0.8333509731345908,0.1962733507384397
1118,3.4011442103967075e-08,3.4262875218182345e-12,19.120790779986475,0.5060690088361957,0.5845042748686784,0.4154957251313216,0.9492912825625527,0.8335457598062579,0.1960832172101957
1119,3.4011442103967075e-08,3.813940971324042e-12,19.108737936402775,0.5060423161348135,0.5845060977848704,0.4154939022151296,0.9492807500425796,0.8334735053296614,0.1963311541739329
1120,3.4011442103967075e-08,3.7291447279280735e-12,19.097516057125063,0.5060427067597117,0.5845157331990278,0.41548426680097217,0.9492878543919488,0.8335380680580622,0.196346557097447
1121,3.4011442103967075e-08,3.268499710896114e-12,19.090953937990342,0.5060895817475047,0.5844748477930084,0.4155251522069916,0.9493418162040329,0.8336549400567134,0.19638812459278385
1122,3.4011442103967075e-08,3.533751455424822e-12,19.08147656392916,0.5060506494659767,0.5845089623674578,0.4154910376325423,0.9493702049018403,0.833690448629949,0.1963468192465974
1123,3.4011442103967075e-08,3.3935290927369873e-12,19.073809910620994,0.5060794255001496,0.5846029727596425,0.4153970272403575,0.9493753623600649,0.8336902906903229,0.19636857626456108
1124,3.4011442103967075e-08,3.0336798993236155e-12,19.069176302792563,0.506036977594537,0.5845627383951202,0.4154372616048798,0.9493997681096493,0.8336898423072654,0.1965936747492517
1125,3.4011442103967075e-08,2.8941226852576904e-12,19.06712645107919,0.5060472640501916,0.5847034935667985,0.41529650643320143,0.9494629195967774,0.833857323426289,0.19626956681276844
1126,3.4011442103967075e-08,3.7202736050211284e-12,19.054821138670416,0.5060414046767175,0.5846921654447486,0.41530783455525144,0.9495205936380213,0.8340362645961098,0.19624000124161156
1127,3.4011442103967075e-08,3.4954956644387556e-12,19.04596834251444,0.5060024723951895,0.5847219831453169,0.41527801685468313,0.9495415767821282,0.8340702745172913,0.19632236670046213
1128,3.4011442103967075e-08,2.8653160162914024e-12,19.04379164585195,0.5060261703056849,0.5847437279313209,0.41525627206867916,0.9495425035787955,0.8340848985550988,0.19631630222625013
1129,3.4011442103967075e-08,3.727729382662734e-12,19.03310418635038,0.5060134098923412,0.584847373737663,0.4151526262623369,0.9495820948529903,0.8341576342098961,0.19621038052897904
1130,3.4011442103967075e-08,3.083376572266062e-12,19.025639665330893,0.5059902328150435,0.5848133893715132,0.41518661062848683,0.9495605483991505,0.8340590897696478,0.1964102358843059
1131,3.4011442103967075e-08,3.668472352427695e-12,19.014946018479428,0.5059610661559724,0.5847943789597971,0.41520562104020287,0.94956347232621,0.8340554514750592,0.1964946107628594
1132,3.4011442103967075e-08,3.717109038640526e-12,19.00199117813162,0.5060342432202491,0.5848432070720815,0.4151567929279185,0.9495367968991699,0.8339165379240947,0.19661702863551292
1133,3.4011442103967075e-08,2.889204779706685e-12,18.998161774196113,0.5060175765579228,0.5848485456123579,0.41515145438764206,0.94959018434366,0.8341438179791436,0.19643297538808455
1134,3.4011442103967075e-08,3.5353232448999175e-12,18.986228556886704,0.5060187484326176,0.584856227902024,0.41514377209797604,0.9496131739970779,0.8341472825504865,0.19652362944838073
1135,3.4011442103967075e-08,4.259253031923668e-12,18.972023277832022,0.506024086972894,0.5848773216465308,0.41512267835346917,0.9496449028790052,0.8342307332443699,0.19655552725120928
1136,3.4011442103967075e-08,3.6336327018809773e-12,18.964345521929033,0.5060153630168326,0.5849296653828996,0.41507033461710036,0.9496556975302561,0.8342044070862723,0.19664528160262382
1137,3.4011442103967075e-08,3.2835353253199784e-12,18.952858004101167,0.506032029679159,0.5849570091257789,0.41504299087422114,0.9496546825884515,0.8341641051863595,0.19660535137639482
1138,3.4011442103967075e-08,3.3986159018151125e-12,18.94752643452862,0.50601822759942,0.5849786237034834,0.4150213762965166,0.9496491841331,0.8341365643472054,0.19653091122584845
1139,3.4011442103967075e-08,2.720645524598215e-12,18.946275861908592,0.5059927067727326,0.5850001080728885,0.41499989192711145,0.9496546516511967,0.8341295560691641,0.19659272367264707
1140,3.4011442103967075e-08,3.4405288868702646e-12,18.937352538549337,0.5060618473797273,0.5850318788979482,0.4149681211020518,0.949674520071347,0.8341161137562125,0.1967175357042492
1141,3.4011442103967075e-08,3.456445885939305e-12,18.929882284221577,0.5060696598776927,0.5850631288898102,0.41493687111018984,0.9497078135031373,0.834199514214261,0.19667724599518485
1142,3.4011442103967075e-08,3.2837007912133284e-12,18.920305248875827,0.5060673161283031,0.585075628886555,0.41492437111344505,0.9497239229641391,0.8342551825893951,0.19675289954268987
1143,3.4011442103967075e-08,3.8712094418705074e-12,18.907090461766803,0.5060106755180532,0.5851518007417186,0.4148481992582814,0.9497267800364437,0.8342213298525611,0.19675467434736152
1144,3.4011442103967075e-08,3.595364999935349e-12,18.89774463148194,0.506052863007067,0.5851428163690582,0.41485718363094176,0.9497365087023734,0.8342699216287208,0.1968102599632459
1145,3.4011442103967075e-08,3.41031549401985e-12,18.88701883979604,0.5060437484261072,0.5851771913601064,0.41482280863989357,0.9497653895383622,0.8343474829930639,0.19669639786184562
1146,3.4011442103967075e-08,3.757862551266044e-12,18.87530417515575,0.5061186181982765,0.585237738219339,0.414762261780661,0.949789225005706,0.8343915873629947,0.19667334513277243
1147,3.4011442103967075e-08,3.4239604903400743e-12,18.865998385308174,0.5060514307157733,0.5852023215618954,0.41479767843810456,0.9498147872052455,0.8344593871167164,0.19684704932899633
1148,3.4011442103967075e-08,3.774709032726992e-12,18.85285840757393,0.5060733057100767,0.5852288840549781,0.41477111594502186,0.9498159002658988,0.834449704998479,0.1968450232641464
1149,3.4011442103967075e-08,4.308476326540471e-12,18.838299119625763,0.5059891911486482,0.5852132590590471,0.41478674094095286,0.9498497519429828,0.8345208694346153,0.19693191918682035
1150,3.4011442103967075e-08,3.803061808778918e-12,18.826300960830523,0.5059832015668746,0.5852641705041223,0.41473582949587773,0.9498592887467946,0.8345660244385795,0.19673722109553224
1151,3.4011442103967075e-08,3.86040658133995e-12,18.808959175140643,0.5060035140615848,0.5852860454984257,0.41471395450157433,0.949869146726061,0.8346081711275106,0.19680513940906155
1152,3.4011442103967075e-08,4.2621740051576574e-12,18.79475626450408,0.5059259099151276,0.5853554465220191,0.41464455347798085,0.9498571404509095,0.8345735873602032,0.19677936474107133
1153,3.4011442103967075e-08,3.4752816291074956e-12,18.790072659153132,0.5059518213667132,0.5853708111013513,0.41462918889864875,0.9498708518861336,0.8345280171755283,0.19683780567985698
1154,3.4011442103967075e-08,3.71700500257382e-12,18.775441613625137,0.5059447901185442,0.5854407329581425,0.4145592670418575,0.9498741294879093,0.834479977602231,0.1970693800328945
1155,3.4011442103967075e-08,3.335778285459869e-12,18.766846754000408,0.5059230453325403,0.5854377381672556,0.4145622618327443,0.9499178385592022,0.8346371781976238,0.19712246413898316
1156,3.4011442103967075e-08,3.424634448664199e-12,18.758685181731355,0.5059289047060144,0.5854473735814131,0.41455262641858687,0.9499597782056878,0.8347571333089419,0.19707821977083867
1157,3.4011442103967075e-08,3.61614296917484e-12,18.748789888667552,0.5058388005628124,0.5854788839898739,0.41452111601012603,0.9499910966514916,0.8347480748489922,0.19714233117743354
1158,3.4011442103967075e-08,4.187562140771555e-12,18.730855007864502,0.5057365870477638,0.5854766704487837,0.41452332955121624,0.9499965915527815,0.8347637286776433,0.19716502656618154
1159,3.4011442103967075e-08,3.3283819297499375e-12,18.722189028652245,0.5057677068313263,0.5855235454365767,0.4144764545634233,0.9500069053438158,0.8347843980085156,0.19708694176986039
1160,3.4011442103967075e-08,3.46848274889468e-12,18.7135542921812,0.505797915156793,0.5855195089792945,0.41448049102070544,0.9500398422827696,0.834843879821048,0.19720050424326516
1161,3.4011442103967075e-08,2.8231453136898503e-12,18.712001022117736,0.5057470037117178,0.5855111756481314,0.4144888243518687,0.9500693533144187,0.8349098735514974,0.19735932901553244
1162,3.4011442103967075e-08,2.7861873342492565e-12,18.707909159029427,0.5058451807694841,0.5856076599980052,0.4143923400019948,0.9500725764862354,0.8349184150343066,0.1971650147160396
1163,3.4011442103967075e-08,4.500558075745882e-12,18.69581394356534,0.5058287745237566,0.5856230245773374,0.41437697542266266,0.9500519579449791,0.8348193852289073,0.19730658962443953
1164,3.4011442103967075e-08,3.0837934704711677e-12,18.69110827869613,0.5058641911812002,0.5856223735358402,0.41437762646415977,0.9500589928522976,0.834791635110756,0.19751240089522826
1165,3.4011442103967075e-08,5.895542432478388e-12,18.66256904393959,0.5058220036921866,0.5856317485333988,0.41436825146660117,0.9500751042567372,0.8348687408872941,0.19731390941565474
1166,3.4011442103967075e-08,2.5598588580746505e-12,18.663244453548327,0.5057843734936527,0.5856260193682241,0.4143739806317759,0.9501047305709517,0.8349172159927908,0.19738007239000735
1167,3.4011442103967075e-08,3.492215816958082e-12,18.65465728695012,0.5058677068052847,0.5856317485333988,0.41436825146660117,0.9501228586693353,0.8349307046569222,0.19761596046521585
1168,3.4011442103967075e-08,3.899506472977171e-12,18.644177387749043,0.5058624984733077,0.5856374776985735,0.4143625223014265,0.9501153652234532,0.8348550680070368,0.19769417778157877
1169,3.4011442103967075e-08,3.914056874769459e-12,18.630896662919493,0.5058476547271733,0.5856469829044315,0.4143530170955685,0.950144952424641,0.8349184480219333,0.19760644134324507
1170,3.4011442103967075e-08,3.931881866065594e-12,18.616811027911243,0.5058885401331926,0.5857033630980826,0.4142966369019175,0.9501455396370132,0.8348750295576673,0.19757170737861027
1171,3.4011442103967075e-08,4.068526603788496e-12,18.6048392203716,0.5058380193130158,0.5857152120533302,0.4142847879466698,0.9501877040752899,0.8349233019256579,0.19768227487165954
1172,3.4011442103967075e-08,3.0913845671823297e-12,18.599968564177033,0.5058432276449928,0.585644378738443,0.41435562126155695,0.9502066686699437,0.83496389636079,0.19784302378350047
1173,3.4011442103967075e-08,3.1249358793695233e-12,18.592446718269123,0.5057818995359636,0.5856545349857982,0.41434546501420183,0.9502410687222549,0.8350728039017863,0.1977988995363737
1174,3.4011442103967075e-08,2.8656652360715454e-12,18.588665460064504,0.5058377588964169,0.5857180766359176,0.4142819233640825,0.9502542379641239,0.8350687731791097,0.1978469968227637
1175,3.4011442103967075e-08,3.2520249658035616e-12,18.580088327232378,0.5058115870282326,0.585758962041937,0.41424103795806305,0.9502529787160604,0.835077514484045,0.1978777476946247
1176,3.4011442103967075e-08,3.0663081026608993e-12,18.577462204522895,0.5058045557800636,0.5856743266473108,0.4143256733526892,0.9503043152024938,0.8351589631172256,0.19816879657743375
1177,3.4011442103967075e-08,4.174870035563016e-12,18.566062694081907,0.5058312484814457,0.5856761495635027,0.4143238504364973,0.9503235753630865,0.8352592190014634,0.19790941637209783
1178,3.4011442103967075e-08,3.4750339128083407e-12,18.557405045125847,0.5057940089078102,0.5857688578726933,0.4142311421273067,0.9503210722732139,0.8352457475841529,0.19768166089548914
1179,3.4011442103967075e-08,3.658681871728309e-12,18.54278947009833,0.5058299463984515,0.5858299255651236,0.41417007443487647,0.9503488034283876,0.8353040617311448,0.19766625707038188
1180,3.4011442103967075e-08,3.165199187189432e-12,18.533417657380564,0.5058722640957646,0.5858468526440488,0.4141531473559512,0.9503300753256578,0.8352538169003538,0.19768640277642283
1181,3.4011442103967075e-08,3.854924908296808e-12,18.5195203046993,0.5058475245188738,0.585885524508978,0.414114475491022,0.9503326669573177,0.8352062840544815,0.1977207259256548
1182,3.4011442103967075e-08,3.517912830243253e-12,18.512837498120074,0.5058901026327858,0.5859394307449399,0.4140605692550601,0.9503217250491856,0.8350998467552261,0.19797598996309732
1183,3.4011442103967075e-08,3.603395263474592e-12,18.505183997334147,0.5058744776368548,0.585933050538268,0.4140669494617319,0.9503469082888671,0.8352303402133743,0.19779965713943776
1184,3.4011442103967075e-08,3.1037495394834952e-12,18.49849670796275,0.5059182276254616,0.585965211988226,0.41403478801177396,0.9503912481499883,0.8354167453036037,0.19754815977973353
1185,3.4011442103967075e-08,4.613127293461384e-12,18.482480793344614,0.5058058578630579,0.5859383890785446,0.4140616109214555,0.9503918316344865,0.8354100341811945,0.19762122505624086
1186,3.4011442103967075e-08,4.322342864809474e-12,18.469152294860567,0.5058686182633807,0.5860024515618616,0.4139975484381384,0.9503878921114002,0.835336973772481,0.1975860511118067
1187,3.4011442103967075e-08,3.9327932604846545e-12,18.454689030872743,0.5058294255652538,0.5859935973975007,0.4140064026024993,0.9503935583782424,0.8352739296779167,0.19780787725962198
1188,3.4011442103967075e-08,3.4106300507428433e-12,18.447826765796673,0.5057604151665586,0.5859958109385909,0.4140041890614091,0.9503972769604133,0.8352598079447326,0.1980062925937401
1189,3.4011442103967075e-08,2.691761604862017e-12,18.447450073542033,0.5058106755701366,0.5859837015667444,0.4140162984332556,0.950454336346792,0.8353921188448497,0.19801961085774394
1190,3.4011442103967075e-08,4.166115766964935e-12,18.428251050538382,0.505799477656386,0.5859978942713817,0.4140021057286183,0.9504764763330867,0.835472304280811,0.19786725320589904
1191,3.4011442103967075e-08,4.145709459224186e-12,18.418604181534448,0.5058593734741215,0.5860782327921269,0.4139217672078731,0.9505210243474259,0.8356010646573194,0.19764440312009784
1192,3.4011442103967075e-08,3.808093826330691e-12,18.405307913331413,0.5057957016157028,0.5861079202843957,0.41389207971560427,0.9505440951340071,0.835713519684718,0.19760456052703199
1193,3.4011442103967075e-08,3.6124341072594854e-12,18.399613803357035,0.5058338526474342,0.5860999775781308,0.4139000224218692,0.9505101190061982,0.8356861467515495,0.197495440008713
1194,3.4011442103967075e-08,5.4893939433974736e-12,18.381928461626426,0.5058639307646013,0.5861801858905766,0.4138198141094234,0.9505421283612601,0.835791921938392,0.19732893563879447
1195,3.4011442103967075e-08,3.811185070475803e-12,18.3686398968006,0.5058346338972307,0.5861745869337013,0.41382541306629866,0.9505477618902589,0.8358085993886516,0.1974133175349605
1196,3.4011442103967075e-08,3.672540595928665e-12,18.353998896304617,0.5057824203691613,0.5861886494300392,0.41381135056996077,0.9505732381783352,0.8358634987817939,0.19739856344602083
1197,3.4011442103967075e-08,5.336000326615258e-12,18.33664708696077,0.5058180974432038,0.586186435888949,0.413813564111051,0.9506098494068628,0.8359242444711001,0.19759771236523052
1198,3.4011442103967075e-08,3.263655060095359e-12,18.328751510785626,0.5058678370135841,0.5863395608490727,0.4136604391509273,0.9506115853353536,0.8358803559304261,0.19751354466134816
1199,3.4011442103967075e-08,3.9962822613253265e-12,18.32007328123259,0.5058369776466204,0.5863603941769807,0.41363960582301934,0.9506390897649489,0.8359802458415109,0.19746407147914713
1200,3.4011442103967075e-08,3.214072091929928e-12,18.311654532280297,0.5058453109777836,0.5864195087449195,0.4135804912550804,0.9507061140140899,0.8361051125845245,0.19771201700840918
1201,3.4011442103967075e-08,3.1550883773065825e-12,18.304896022989645,0.5058087224456452,0.586426670201388,0.41357332979861205,0.950684535367932,0.8360855744400663,0.19756084212424516
1202,3.4011442103967075e-08,3.559845526420331e-12,18.297753739539402,0.5058197901510963,0.5864907326847051,0.41350926731529497,0.9506983026987602,0.8361124591543122,0.19753494753934644
1203,3.4011442103967075e-08,3.389957860582173e-12,18.286860776418763,0.5058636703480025,0.5865525816269319,0.41344741837306814,0.950691795119083,0.8360695782287111,0.19756370999777775
1204,3.4011442103967075e-08,3.1395232224831452e-12,18.283052357121093,0.5058201807759946,0.5865826597440991,0.413417340255901,0.9506981216816779,0.8360679062627455,0.19756786442479657
1205,3.4011442103967075e-08,4.312524402170924e-12,18.27197723478626,0.505827342232463,0.5865797951615117,0.41342020483848835,0.9507085151201768,0.8360090493770763,0.19775544815250887
1206,3.4011442103967075e-08,4.089162652008352e-12,18.261350577265244,0.5058059880713572,0.5865555764178186,0.41344442358218136,0.9507429651326977,0.8361080939926191,0.19761609672200867
1207,3.4011442103967075e-08,3.276001844313817e-12,18.25287348504696,0.5058787745107358,0.5865204201769739,0.4134795798230261,0.9507676859991255,0.8361274801225241,0.19775017026221295
1208,3.4011442103967075e-08,3.344847366541045e-12,18.244584378695784,0.5057626287076488,0.5866003680728208,0.4133996319271792,0.950761685428551,0.8360725260993116,0.1978419592765186
1209,3.4011442103967075e-08,2.9106412494624123e-12,18.240166005871256,0.5057933578663131,0.5866201597343335,0.4133798402656666,0.9507439762761032,0.8360149417098524,0.19781941546280815
1210,3.4011442103967075e-08,3.25351916733649e-12,18.2338556870018,0.505741274546543,0.5866547951419804,0.41334520485801957,0.9507350686984687,0.8360068242768446,0.19780814433129246
1211,3.4011442103967075e-08,3.940282517168833e-12,18.222102329732987,0.5057320297572839,0.5866325295227788,0.4133674704772212,0.9507847163270898,0.8360948595394998,0.19793688508783347
1212,3.4011442103967075e-08,4.630980591579592e-12,18.203482421175583,0.5057753891209924,0.5866985451305872,0.4133014548694128,0.9508383572667746,0.8362456992530659,0.19770776452904248
1213,3.4011442103967075e-08,3.353174274973405e-12,18.196561471595956,0.5057714828720097,0.5867430763689905,0.41325692363100947,0.9508332186389009,0.8362245717524603,0.19771502362374013
1214,3.4011442103967075e-08,3.2712807579604156e-12,18.19018066884915,0.5057699203724165,0.5867101336692361,0.413289866330764,0.9508817687835497,0.8363493206600364,0.19769455135282374
1215,3.4011442103967075e-08,3.716817632140364e-12,18.17940053911599,0.5057152328866581,0.5867127378352245,0.41328726216477546,0.950899161462589,0.836376802817854,0.19788666386094658
1216,3.4011442103967075e-08,3.261674639825454e-12,18.172673368742284,0.5057604151665586,0.586728493039455,0.41327150696054504,0.9509170772486477,0.8363755893762467,0.19801200825193013
1217,3.4011442103967075e-08,2.950147948949419e-12,18.170522045151174,0.5058071599460521,0.5867451597017813,0.4132548402982187,0.9508913273062282,0.836269772195654,0.1981167710248056
1218,3.4011442103967075e-08,4.168806605263395e-12,18.15080803157078,0.5058579411828278,0.5868239357229335,0.4131760642770666,0.9508934259968413,0.8362205467723661,0.19811965219328476
1219,3.4011442103967075e-08,3.020032009721929e-12,18.147384957088203,0.5058255193162711,0.5868018003120312,0.41319819968796884,0.9509308022634083,0.8362949217650939,0.19815508962839032
1220,3.4011442103967075e-08,2.592150607335392e-12,18.146206851227078,0.5058270818158641,0.5868019305203306,0.4131980694796694,0.9509488654381728,0.8363080439465551,0.19818308863141576
1221,3.4011442103967075e-08,3.704405026272355e-12,18.134123317071015,0.5058014307808774,0.586916644032124,0.41308335596787604,0.9509567496346569,0.8364013055976415,0.19779435124064892
1222,3.4011442103967075e-08,4.3352819603816846e-12,18.11970202274042,0.5057597641250614,0.5868975034121084,0.4131024965878915,0.9509609324810583,0.8364110303323727,0.19793778665909723
1223,3.4011442103967075e-08,3.570231654212802e-12,18.112045754891298,0.5056975245579363,0.586934742985744,0.413065257014256,0.9510008761481753,0.8365032429826897,0.19789825803005606
1224,3.4011442103967075e-08,4.3863967377148344e-12,18.1003868791025,0.5056799464375139,0.5869900815129996,0.4130099184870004,0.9510134788185565,0.8365214702695585,0.1979548252291429
1225,3.4011442103967075e-08,3.4115602759715816e-12,18.092883869578884,0.5056981755994334,0.586963519019917,0.41303648098008305,0.9510270446570945,0.836518408097851,0.19812631146010642
1226,3.4011442103967075e-08,3.6678585256812326e-12,18.081529459621045,0.5057054672642012,0.587011045049207,0.41298895495079296,0.9510290339403037,0.8364920476492482,0.19829368023324648
1227,3.4011442103967075e-08,3.242109795779635e-12,18.07466884770796,0.5056845037279938,0.5871353939751578,0.4128646060248422,0.9510308094690665,0.8364268513804616,0.19846294702808406
1228,3.4011442103967075e-08,2.9441411091598037e-12,18.072007358511087,0.5057311182991879,0.5871152116887469,0.412884788311253,0.9510437986877561,0.8364481204905194,0.19844012673104452
1229,3.4011442103967075e-08,3.5271586460490507e-12,18.062787677933304,0.5058087224456452,0.5871363054332538,0.4128636945667462,0.951062259193332,0.8364732818648528,0.1984128526598467
1230,3.4011442103967075e-08,3.4967620219966834e-12,18.057346667964627,0.5057619776661516,0.5871346127253613,0.41286538727463873,0.951064954819496,0.8365128889914427,0.1984200791775955
1231,3.4011442103967075e-08,3.934119595736352e-12,18.04533760729337,0.5057332016319788,0.5871166439800406,0.41288335601995935,0.9510527307050572,0.8365110306188634,0.19827563088901218
1232,3.4011442103967075e-08,3.2769484020341183e-12,18.032657530328724,0.5056546860274255,0.5871305762680791,0.4128694237319209,0.9510672158548327,0.836542552484807,0.19835364996810378
1233,3.4011442103967075e-08,3.037472271434342e-12,18.02801321671766,0.5056627589419899,0.5871417741818297,0.41285822581817033,0.9510974694877357,0.836591661029738,0.19846581534291824
1234,3.4011442103967075e-08,3.71899746934416e-12,18.020579892007987,0.5056602849843008,0.587093466902743,0.412906533097257,0.9511424700360984,0.8366955666016826,0.19854727528388338
1235,3.4011442103967075e-08,3.1165688233833236e-12,18.01587508392945,0.5056092433309262,0.5871771908392732,0.4128228091607268,0.9511580091879496,0.8367378304885312,0.19834341875033307
1236,3.4011442103967075e-08,3.4911146625254636e-12,18.008409613160918,0.505607941247932,0.5872081804145364,0.4127918195854636,0.9511767576280676,0.836756583506115,0.19842652194979643
1237,3.4011442103967075e-08,3.0803527529497134e-12,18.004731210699,0.5056167954122929,0.5871721127155957,0.41282788728440434,0.9511763752773075,0.8367569194921799,0.19846697385309753
1238,3.4011442103967075e-08,3.7984271425370505e-12,17.993856106101905,0.5056273422845463,0.587220029369784,0.412779970630216,0.9511718293917654,0.8368198983818034,0.1982839907523476
1239,3.4011442103967075e-08,2.4927837901507996e-12,17.995233231056446,0.5055451808476091,0.5872534929027362,0.4127465070972638,0.9511713912291497,0.8368197077591623,0.19818909512972074
1240,3.4011442103967075e-08,3.091597800994342e-12,17.98998006676168,0.5055670558419125,0.5872450293632736,0.4127549706367264,0.9512175290405814,0.8368891074190332,0.19822180068345271
1241,3.4011442103967075e-08,2.8459493431828807e-12,17.987457368705684,0.5055002589843075,0.587277321021531,0.41272267897846904,0.9512753314317298,0.8370347546759486,0.19823906000000574
1242,3.4011442103967075e-08,3.714963256908548e-12,17.97608134354908,0.5055496079297896,0.5872570085268207,0.4127429914731793,0.9513196743232005,0.837107379268222,0.1984432269266342
1243,3.4011442103967075e-08,4.330068618506254e-12,17.961995911896278,0.5055328110591638,0.5872769303966328,0.4127230696033673,0.951303428603968,0.8370801954702697,0.19828222305916143
1244,3.4011442103967075e-08,3.8284390097832194e-12,17.94661637399824,0.5056203110363773,0.5873534928766946,0.4126465071233054,0.9512834606917409,0.8369855314982093,0.19859807954330658
1245,3.4011442103967075e-08,3.4057478838928743e-12,17.937262548533905,0.5056669256075714,0.5873580501671745,0.41264194983282554,0.9512959158046953,0.836950330705711,0.19863789399548307
1246,3.4011442103967075e-08,3.2900958867998226e-12,17.929784451285077,0.505639191239794,0.5874800553437356,0.4125199446562644,0.9512888108306977,0.8369413348242729,0.19860109929566291
1247,3.4011442103967075e-08,3.574595041366394e-12,17.921233061112094,0.5056546860274255,0.5874486751435741,0.4125513248564258,0.9513331235825648,0.8370446245053624,0.1986703658957591
1248,3.4011442103967075e-08,2.766383158866344e-12,17.919420849717188,0.5057162745530535,0.587428102232265,0.41257189776773495,0.95136251720305,0.8371120119088442,0.19857819763847234
1249,3.4011442103967075e-08,4.316180164468925e-12,17.90702677588253,0.5057175766360478,0.5874438574364954,0.41255614256350454,0.9513837439346251,0.8371552724150076,0.1985722208693315
1250,3.4011442103967075e-08,2.9434328516065065e-12,17.902832647295565,0.5056955714334449,0.5875105240858011,0.412489475914199,0.951403767460473,0.8372001801337106,0.19850240485889312
1251,3.4011442103967075e-08,3.587202832012466e-12,17.896355873703776,0.5056419256140818,0.5875495865756285,0.4124504134243715,0.9514245566381091,0.8372334454999772,0.19852998612990785
1252,3.4011442103967075e-08,5.4213466017166075e-12,17.877560514056185,0.505632159991625,0.5876107844763582,0.4123892155236418,0.951426373896635,0.8371905971827419,0.1986183264622723
1253,3.4011442103967075e-08,3.888180923589162e-12,17.864138776643816,0.50564687352946,0.5876200292656174,0.4123799707343826,0.9514210021190279,0.837156838907664,0.19868410864662425
1254,3.4011442103967075e-08,3.5423802573030757e-12,17.855834135725345,0.505703253723111,0.587706617784735,0.41229338221526507,0.9514534968605245,0.8372303336828555,0.19856132719470868
1255,3.4011442103967075e-08,3.4382684392684337e-12,17.846453951785264,0.5057191391356408,0.5876790136252569,0.4123209863747431,0.9514858932309914,0.8373159034168688,0.19865482114846408
1256,3.4011442103967075e-08,3.149083305632777e-12,17.842896927061496,0.5057402328801477,0.5877590917294032,0.4122409082705968,0.9515066852977644,0.8373964190089364,0.198438116671536
1257,3.4011442103967075e-08,3.8567909772410495e-12,17.832856003459188,0.5057109360127771,0.5877562271468159,0.41224377285318414,0.9515322480412344,0.8374325685529507,0.19859202542243262
1258,3.4011442103967075e-08,4.06457488659582e-12,17.822361525789475,0.505718878719042,0.5877184667399826,0.4122815332600174,0.9515323962477398,0.8374405468786902,0.1986608943652882
1259,3.4011442103967075e-08,3.1040705732592893e-12,17.816255532037435,0.505736326631165,0.5877084407009269,0.4122915592990731,0.9515603986010511,0.8375177379930567,0.19863971633604563
1260,3.4011442103967075e-08,2.8810739237152684e-12,17.813028373632193,0.5056979151828346,0.5877993260939255,0.4122006739060745,0.9515807268834244,0.8375713762120541,0.19850857440595274
1261,3.4011442103967075e-08,3.892217209950675e-12,17.802680644006596,0.5057268214253069,0.5878295344193921,0.41217046558060794,0.9515773934932349,0.837540847175441,0.19864602910235954
1262,3.4011442103967075e-08,4.92120460651572e-12,17.78591325997155,0.5057058578890995,0.5878603937863558,0.4121396062136442,0.9515850749058613,0.8375355771800055,0.19864254320034302
1263,3.4011442103967075e-08,3.7474684100408634e-12,17.776607504182873,0.5057173162194489,0.5878600031614575,0.41213999683854247,0.9516262484345052,0.8376306656020213,0.19870569366384513
1264,3.4011442103967075e-08,3.5461954093450663e-12,17.76946258008412,0.5056865870607846,0.5879053156496574,0.41209468435034263,0.9516069222111353,0.8375253133064055,0.19872050071531602
1265,3.4011442103967075e-08,4.262043780440887e-12,17.751530278711435,0.5056511704033411,0.5879650812590934,0.4120349187409066,0.9516163606984094,0.8376043395116652,0.19844952495594678
1266,3.4011442103967075e-08,3.2431338110606984e-12,17.74384006134209,0.5056656235245772,0.5879327896008361,0.41206721039916394,0.9516381200541041,0.8376188955351463,0.19862513512582528
1267,3.4011442103967075e-08,3.1617633283679583e-12,17.736716570343546,0.5057076808052915,0.5879628677180032,0.4120371322819968,0.9516644012776946,0.8377264260115763,0.19843442617641188
1268,3.4011442103967075e-08,3.3648134024471674e-12,17.732468818427414,0.5056561183187191,0.5879372166830165,0.41206278331698354,0.9516690609985569,0.8376833430023914,0.19867555675516532
1269,3.4011442103967075e-08,3.794014073927765e-12,17.72448638431132,0.5056445297800704,0.5879636489677997,0.41203635103220027,0.9517324677519449,0.837789054961821,0.19882301750410653
1270,3.4011442103967075e-08,3.288707222059298e-12,17.716560438637224,0.505642576655579,0.5880232843689364,0.41197671563106364,0.9517083285388982,0.8377402704973091,0.1988288712171899
1271,3.4011442103967075e-08,3.5773966630085204e-12,17.708297812947333,0.5056001287499665,0.5880079197896042,0.4119920802103958,0.9517393104804969,0.8378199026739116,0.19878102627751368
1272,3.4011442103967075e-08,3.576939049691772e-12,17.69923298173095,0.5055824204212447,0.588069768731831,0.41193023126816897,0.9517633914581963,0.8378682213338187,0.19886042719710176
1273,3.4011442103967075e-08,3.4432542699585756e-12,17.69163350847174,0.505489972528653,0.5881217218433016,0.4118782781566984,0.9517502642419345,0.8378045439598647,0.19870459969473664
1274,3.4011442103967075e-08,3.4357621948814625e-12,17.684495365883553,0.505551561054281,0.5881152114283303,0.41188478857166966,0.9517470049171682,0.8377983136461824,0.19885143539655245
1275,3.4011442103967075e-08,3.5729364555863456e-12,17.673905969560206,0.5055268214773903,0.5881580499588411,0.41184195004115887,0.9517684665540191,0.837891045533301,0.19871979813214463
1276,3.4011442103967075e-08,3.410723901601759e-12,17.663406700680166,0.5054595037865875,0.5881930759913865,0.4118069240086135,0.9517706811106547,0.8379114084645527,0.19866612001659703
1277,3.4011442103967075e-08,5.286605660803422e-12,17.648605405871788,0.5055351548085535,0.5881786228701503,0.41182137712984973,0.9517954243199261,0.8379461044851124,0.19881183626400228
1278,3.4011442103967075e-08,3.853341932578533e-12,17.636170431231683,0.5055489568882925,0.5882222426504576,0.41177775734954236,0.9518073929487363,0.8379563819721524,0.19881907018852407
1279,3.4011442103967075e-08,3.742483581431347e-12,17.627065960918074,0.5055917954188033,0.5881562270426492,0.4118437729573508,0.951863982869164,0.8380852658988718,0.19886291243808993
1280,3.4011442103967075e-08,2.9723006314091894e-12,17.62162906289222,0.5055725245904884,0.5881945082826802,0.41180549171731984,0.9518488675137741,0.8380507737648856,0.1988390086312555
1281,3.4011442103967075e-08,3.121843606834148e-12,17.617453440591444,0.5056248683268572,0.5882038832802388,0.4117961167197613,0.9518896476563645,0.8380978057002805,0.19901907849703793
1282,3.4011442103967075e-08,3.4377106835868685e-12,17.6081561773048,0.505598175625475,0.5882123468197014,0.41178765318029864,0.9519075445883025,0.8381300723263975,0.1991611770372247
1283,3.4011442103967075e-08,3.0890473625677942e-12,17.60445500857653,0.5055751287564769,0.5882248468164462,0.41177515318355384,0.9518950736002749,0.8380810716836007,0.19913863922455075
1284,3.4011442103967075e-08,3.639981495193907e-12,17.59710260000712,0.5056239568687613,0.5883127374185579,0.41168726258144206,0.9519038631200764,0.8380926227552238,0.199030280761969
1285,3.4011442103967075e-08,3.5630144041601905e-12,17.589828124297746,0.5055691391747034,0.5883008884633103,0.4116991115366897,0.951906801159536,0.8381047873193398,0.1989637423182937
1286,3.4011442103967075e-08,3.3115052455306175e-12,17.583651878931708,0.5056384099899974,0.5883517999083855,0.41164820009161457,0.9519097755176955,0.8380266574406148,0.19928397980437298
1287,3.4011442103967075e-08,4.075340456958867e-12,17.572999995979554,0.5056080714562314,0.5883615655308423,0.4116384344691577,0.9519291732735177,0.8381168673976289,0.19916816850868604
1288,3.4011442103967075e-08,3.527825312924234e-12,17.563342361513477,0.5056397120729916,0.5883947686471956,0.41160523135280436,0.9519257639759776,0.838110038964814,0.19917561272561413
1289,3.4011442103967075e-08,3.4860290786828635e-12,17.55739740715579,0.5056546860274255,0.588444508217576,0.411555491782424,0.9519464501321327,0.8381676718284514,0.19898068253377216
1290,3.4011442103967075e-08,3.8796298366208076e-12,17.545558938453855,0.505643488113675,0.5884680759197719,0.4115319240802281,0.9519554781196603,0.8381745366657295,0.19894650987423884
1291,3.4011442103967075e-08,4.408649245845695e-12,17.53353642588896,0.5056100245807228,0.5885109144502827,0.4114890855497173,0.9519916524252714,0.8382945741634417,0.19887968874596257
1292,3.4011442103967075e-08,3.6619996691616035e-12,17.52295966502867,0.5056299464505348,0.5885693779767245,0.4114306220232755,0.9520148517106369,0.8382973356405594,0.19882578571223103
1293,3.4011442103967075e-08,5.479724961316914e-12,17.5035830662657,0.5056136704131067,0.5885214613225361,0.41147853867746387,0.9520049539250517,0.8382606048877206,0.1990137689556043
1294,3.4011442103967075e-08,2.968373711501375e-12,17.49960742161863,0.5056514308199399,0.5885396904844556,0.4114603095155444,0.9520634176464696,0.8384477137445303,0.1988801611046585
1295,3.4011442103967075e-08,3.219333856923213e-12,17.493414215942366,0.5056677068573681,0.5885299248619987,0.41147007513800127,0.9520781174714575,0.8385016471868568,0.1988944213359888
1296,3.4011442103967075e-08,2.9514432969546777e-12,17.491782318654067,0.505673826647441,0.5886580498286329,0.41134195017136715,0.9520393597319031,0.8383590152058926,0.19886758076125877
1297,3.4011442103967075e-08,2.732640191129547e-12,17.49009980745972,0.5056430974887767,0.5886343519181375,0.4113656480818625,0.9520655361098892,0.8384449130501931,0.19886997567236675
1298,3.4011442103967075e-08,4.1071390772489786e-12,17.478741143448346,0.5056380193650991,0.5886645602436041,0.4113354397563959,0.9521274122814537,0.8386153765431202,0.19878445106991924
1299,3.4011442103967075e-08,2.9825178610821895e-12,17.476253703723344,0.5055816391714482,0.5886244560873812,0.41137554391261877,0.9521088619951626,0.8385061086429405,0.19907566543114238
1300,3.4011442103967075e-08,3.760217852073559e-12,17.46161027537008,0.505607941247932,0.5887042737749287,0.4112957262250713,0.9521075535944495,0.8385354037936725,0.19903837739346208
1301,3.4011442103967075e-08,3.3494750241597912e-12,17.45487092992199,0.5056179672869877,0.5886792737814391,0.41132072621856086,0.9521692491949552,0.8386278522640699,0.19916882650176898
1302,3.4011442103967075e-08,3.2662113171709686e-12,17.44694738176143,0.5056105454139205,0.5887373466829826,0.4112626533170174,0.9521653770888088,0.8386193103552705,0.1991544620497511
1303,3.4011442103967075e-08,2.884847502897192e-12,17.445206951304694,0.5056096339558245,0.5887691175080423,0.41123088249195766,0.9521414096185696,0.83851500026137,0.199245121651617
1304,3.4011442103967075e-08,3.604977904068731e-12,17.43530326407137,0.5055997381250682,0.5887873466699618,0.4112126533300382,0.9521484254773013,0.838527684416808,0.1992809385511767
1305,3.4011442103967075e-08,2.7504807070913174e-12,17.433036509284527,0.5056285141592411,0.5887865654201653,0.4112134345798347,0.9521995499066435,0.8386674317152222,0.1990611551284816
1306,3.4011442103967075e-08,4.256479180877372e-12,17.424625758335623,0.5056240870770606,0.5888567476935553,0.4111432523064447,0.9522067765598157,0.8386765033686108,0.199218254920102
1307,3.4011442103967075e-08,3.8088740661579745e-12,17.41860989597459,0.5055799464635556,0.5888041435405876,0.41119585645941237,0.9522204836553116,0.8387452339783599,0.19928382643379844
1308,3.4011442103967075e-08,3.292358641299078e-12,17.41642190840151,0.505625389160055,0.5888921643509989,0.4111078356490011,0.9522466765536793,0.838842056768423,0.1991155828975902
1309,3.4011442103967075e-08,3.6309122154788583e-12,17.405094913244323,0.505579165213759,0.5888723726894863,0.4111276273105137,0.9522379198969227,0.838832472950372,0.19927249643091488
1310,3.4011442103967075e-08,3.585060991422868e-12,17.39280268158489,0.5056361964489072,0.5889579195422084,0.41104208045779156,0.9522434099051951,0.8388318553183715,0.1991909027578587
1311,3.4011442103967075e-08,2.992667515403274e-12,17.388961102463405,0.5056068995815366,0.5890042736968037,0.41099572630319625,0.9522350438885694,0.8388607531171699,0.19889846628739002
1312,3.4011442103967075e-08,2.857842936375079e-12,17.3865657044806,0.5056035141657516,0.5890499768099019,0.4109500231900981,0.952234801662759,0.838838206244721,0.19890859638471636
1313,3.4011442103967075e-08,3.56246322621812e-12,17.376272235433504,0.5056273422845463,0.5890511486845967,0.4109488513154033,0.9522069675920419,0.8387613919756433,0.1990134295377801
1314,3.4011442103967075e-08,4.033074113272866e-12,17.36615000284601,0.5055470037638011,0.5890892997163282,0.4109107002836718,0.9522448876317794,0.8388400946604924,0.198958748060764
1315,3.4011442103967075e-08,3.9696456154196e-12,17.354162925805326,0.5055187485628259,0.5890333101475754,0.4109666898524245,0.9523136309857733,0.8389276670640381,0.19923139875723989
1316,3.4011442103967075e-08,3.244232700766154e-12,17.348299735939285,0.5054608058695818,0.5890598726406582,0.4109401273593418,0.9523114669229363,0.8389442590775604,0.19918123135137317
1317,3.4011442103967075e-08,3.565934592426046e-12,17.342447319510317,0.5055950506262888,0.589028883065395,0.410971116934605,0.9523561593073446,0.8390770754774138,0.19909677793352343
1318,3.4011442103967075e-08,3.472514440703907e-12,17.3350979377329,0.5055888006279166,0.5890894299246276,0.41091057007537235,0.9523355755958008,0.8390312914564307,0.1990097719383021
1319,3.4011442103967075e-08,2.892085990250509e-12,17.331566652424414,0.5055795558386573,0.5891100028359367,0.4108899971640632,0.9523734379558723,0.8391389243073898,0.19901521507459483
1320,3.4011442103967075e-08,3.5459805324252947e-12,17.318660740062207,0.5056042954155481,0.5891616955308084,0.41083830446919156,0.9523946692794231,0.839208585934461,0.19907611692602584
1321,3.4011442103967075e-08,2.9990018081696888e-12,17.315881687522566,0.5055798162552562,0.5892079194771043,0.4107920805228957,0.9524022214435968,0.839155693041698,0.1992038412445633
1322,3.4011442103967075e-08,4.791716478710177e-12,17.300109837093107,0.5055743475066803,0.5892126069758836,0.4107873930241164,0.9524129192213366,0.8391922122311909,0.1993051636018249
1323,3.4011442103967075e-08,4.189882176724797e-12,17.286542486314456,0.5055854152121314,0.5891821382338182,0.41081786176618185,0.9524474153213288,0.8393072238836465,0.199275166477528
1324,3.4011442103967075e-08,3.4243691078089523e-12,17.28031279094023,0.5056408839476865,0.5892706798774271,0.4107293201225729,0.9525063480436772,0.8394250885771546,0.19915890936391134
1325,3.4011442103967075e-08,3.025232938787764e-12,17.276460478624006,0.505613149579909,0.5892796642500875,0.41072033574991257,0.9524652239616859,0.8392906193643376,0.1992422962566804
1326,3.4011442103967075e-08,4.423426546517184e-12,17.261439037179738,0.5056192693699819,0.5893087007008592,0.41069129929914083,0.9524847633551987,0.839285703881309,0.19935286247617123
1327,3.4011442103967075e-08,4.1022239467131535e-12,17.249441121453934,0.5055779933390643,0.5893503673566751,0.4106496326433248,0.9524982491455628,0.839322955415512,0.19937961619087963
1328,3.4011442103967075e-08,4.6007439358698684e-12,17.240579432368694,0.5055811183382505,0.5893477631906867,0.41065223680931334,0.952530243065433,0.8394138279979356,0.19923488696817682
1329,3.4011442103967075e-08,4.123845194547115e-12,17.22651175796669,0.505598175625475,0.5894533621215203,0.4105466378784797,0.9525456238588824,0.8394535126623818,0.19907079842246178
1330,3.4011442103967075e-08,4.1546366990412406e-12,17.21182583478725,0.5056006495831642,0.5895060964827874,0.4104939035172126,0.9525747438131466,0.8395334616061594,0.198774874893279
1331,3.4011442103967075e-08,3.2602224324449715e-12,17.206758794799228,0.5055666652170143,0.5894976329433248,0.41050236705667525,0.952560433744096,0.8394480097607705,0.1991303046847431
1332,3.4011442103967075e-08,5.065309181477344e-12,17.188860067677854,0.505640753739387,0.5895189871044304,0.41048101289556954,0.9525444468267935,0.8393737456857815,0.1993488755457554
1333,3.4011442103967075e-08,5.0232261399888725e-12,17.17102489421397,0.5056691391486616,0.5895667735503194,0.4104332264496806,0.9525640013121166,0.8393456442101069,0.19949191711478306
1334,3.4011442103967075e-08,4.4935908960896835e-12,17.15909094442696,0.5056584620681088,0.5896394297813985,0.4103605702186015,0.9525596420983033,0.839359034573491,0.19938724127531302
1335,3.4011442103967075e-08,3.0606191717632886e-12,17.15468771425922,0.5057013005986196,0.5896208099945808,0.4103791900054193,0.9525819555512803,0.8394196595864499,0.19945599168174968
1336,3.4011442103967075e-08,3.5008162605711512e-12,17.14380267624455,0.5056725245644468,0.5896706797732605,0.4103293202267395,0.9525614163153363,0.8393183763089324,0.19954834447736008
1337,3.4011442103967075e-08,4.182177966346394e-12,17.131013292539176,0.5055993475001699,0.5896577891516174,0.41034221084838257,0.9526225252276934,0.8395318106348598,0.1994166203420789
1338,3.4011442103967075e-08,3.566938237351344e-12,17.120976072423424,0.5055574204277551,0.5896794037293219,0.4103205962706781,0.9526120565705463,0.839522425847692,0.1993518579295138
1339,3.4011442103967075e-08,6.681069877413568e-12,17.092441652762663,0.5055937485432946,0.5897080495551954,0.4102919504448046,0.9526159210246038,0.839584984257313,0.19917744127748074
1340,3.4011442103967075e-08,4.7790632483453705e-12,17.078014713308256,0.5055639308427263,0.5897188568440477,0.4102811431559523,0.9526196811215359,0.8395585582624486,0.19918172004387505
1341,3.4011442103967075e-08,3.933223269801559e-12,17.06767589163871,0.505582811046143,0.5896942474754564,0.4103057525245436,0.9526294188092287,0.8395761590648714,0.1992958285820964
1342,3.4011442103967075e-08,3.3210166063558716e-12,17.064563005931124,0.5056256495766538,0.5897261485088154,0.4102738514911845,0.9525974627515936,0.839418080019172,0.1994927875948656
1343,3.4011442103967075e-08,3.518044089285914e-12,17.05797784223103,0.5056535141527307,0.5897356537146735,0.4102643462853265,0.9526382503281439,0.8395416181439043,0.19944946641067954
1344,3.4011442103967075e-08,3.69064173241616e-12,17.04970778041764,0.5056881495603777,0.5897740651630039,0.41022593483699615,0.9526082306580883,0.8394177864485336,0.1994322070975533
1345,3.4011442103967075e-08,3.1910436589947497e-12,17.045216522209195,0.5056748683138363,0.5898554453501444,0.41014455464985555,0.952634556413792,0.8395113266653448,0.1993524115928709
1346,3.4011442103967075e-08,4.427915021501752e-12,17.03390978109036,0.5057542953764855,0.5898913828407857,0.41010861715921426,0.9526763954971907,0.8396110189243365,0.19935233419035125
1347,3.4011442103967075e-08,3.1123328692200973e-12,17.03149186987774,0.5057533839183896,0.5899241953322408,0.4100758046677592,0.9527410350783885,0.8397160759422173,0.19961321915225735
1348,3.4011442103967075e-08,3.4772696955295585e-12,17.023594020153418,0.5057782537035798,0.5899825286503831,0.41001747134961686,0.9527360032526493,0.8397182154210693,0.19949600266213274
1349,3.4011442103967075e-08,5.3909870226121765e-12,17.00765938626392,0.505753514126689,0.5899675546959493,0.4100324453040507,0.9527673760915237,0.8398161639243032,0.19926376342362448
1350,3.4011442103967075e-08,3.119198051364893e-12,17.004010573914044,0.5057467432951189,0.5899275807480259,0.41007241925197413,0.9527870278661462,0.8398703285384042,0.1992562222285504
1351,3.4011442103967075e-08,2.7008847965855487e-12,17.002911256498347,0.5057313787157868,0.589921200541354,0.41007879945864595,0.9528371650676655,0.8399707738535298,0.1994162035130175
1352,3.4011442103967075e-08,3.1489389924045816e-12,16.998925741197926,0.50575781100057,0.5899514088668206,0.4100485911331794,0.9528601894118265,0.8399901993964751,0.1995307763253863
1353,3.4011442103967075e-08,3.763463595031262e-12,16.992277598805284,0.5056847641445926,0.5900463307171013,0.4099536692828986,0.952865760987565,0.8400415815317818,0.19937467624706978
1354,3.4011442103967075e-08,3.390542239746555e-12,16.987013871180693,0.5057174464277483,0.5900251067642951,0.4099748932357049,0.952835247204523,0.8399893053287593,0.19942396142443303
1355,3.4011442103967075e-08,3.2682447488310885e-12,16.98222716299524,0.5058166651519101,0.5900684661280036,0.4099315338719964,0.9528472575865812,0.8399935388236551,0.19934006827289585
1356,3.4011442103967075e-08,3.409641828457062e-12,16.97791905031611,0.5057800766197718,0.5901156015323954,0.40988439846760455,0.9528369309849657,0.8399380685633087,0.19952610503250523
1357,3.4011442103967075e-08,2.9757074957098833e-12,16.974899289715534,0.505764842248739,0.5901029713273512,0.40989702867264877,0.952866741276662,0.8399949578439274,0.1994349966500096
1358,3.4011442103967075e-08,3.106908207146228e-12,16.97186227953233,0.5057057276808001,0.5900865650816237,0.40991343491837634,0.9528745559047586,0.8399838852954047,0.19966836924835993
1359,3.4011442103967075e-08,4.038717863680059e-12,16.95873635645764,0.5057162745530535,0.5900860442484259,0.409913955751574,0.9528946590473999,0.8400294750831567,0.19959226948562014
1360,3.4011442103967075e-08,4.385662295100488e-12,16.94551772284398,0.5057311182991879,0.5901419036088793,0.40985809639112075,0.9528750975231289,0.8399216669649165,0.1997583262073319
1361,3.4011442103967075e-08,3.5379306130963306e-12,16.938421269811126,0.5057257797589115,0.5901878671385763,0.40981213286142376,0.9528869634676493,0.839959268043468,0.19962630590853958
1362,3.4011442103967075e-08,3.795020012410278e-12,16.928412748122042,0.5056742172723393,0.5901938567203499,0.4098061432796502,0.952895432287517,0.8399774692655905,0.1997278507594157
1363,3.4011442103967075e-08,3.716147801387777e-12,16.92335673216285,0.5057318995489845,0.5902471119148146,0.4097528880851854,0.9529235142556847,0.8400895293835481,0.19970779547441106
1364,3.4011442103967075e-08,3.774647847934844e-12,16.913284284165723,0.5057541651681862,0.5902192473387377,0.40978075266126235,0.9529477901708754,0.8400817581874118,0.19981694409229547
1365,3.4011442103967075e-08,3.0071288203911302e-12,16.90973017617302,0.5057757797458907,0.5902433358741312,0.4097566641258687,0.9529631342140059,0.8401486490982547,0.19973716283266463
1366,3.4011442103967075e-08,4.116337159474236e-12,16.897473744898047,0.5057524724602936,0.59025492441278,0.4097450755872199,0.9530328107391605,0.8403787144890111,0.19961865473557266
1367,3.4011442103967075e-08,3.070087819773367e-12,16.894962985822747,0.5057649724570384,0.5903042733582622,0.40969572664173787,0.9530833912493079,0.8404837680012234,0.19947630517145942
1368,3.4011442103967075e-08,2.9889706348938276e-12,16.893537650610373,0.5057195297605391,0.5903226327284811,0.40967736727151893,0.9530500825094906,0.8403379046192769,0.19966896801922285
1369,3.4011442103967075e-08,3.8647258750878575e-12,16.88404948150465,0.5057220037182282,0.5903093514819397,0.4096906485180603,0.9530610709665831,0.8403958504600447,0.19947643674959326
1370,3.4011442103967075e-08,4.016318359451093e-12,16.872194947745637,0.5057674464147275,0.5903129973143236,0.40968700268567637,0.9530625070875055,0.8403914024603892,0.19950358536053095
1371,3.4011442103967075e-08,3.549410566597e-12,16.865442696480198,0.5056545558191261,0.5902607837862542,0.40973921621374576,0.953045070754045,0.8402789468960014,0.1998392649242725
1372,3.4011442103967075e-08,5.568876808779509e-12,16.849123281001592,0.5057536443349885,0.590335783766723,0.40966421623327703,0.9530714499898573,0.8403032776551863,0.199719316333044
1373,3.4011442103967075e-08,3.4116240187427235e-12,16.841825678941373,0.5057192693439403,0.5903516691792529,0.4096483308207472,0.9531211325729542,0.8404376803089721,0.19979706887587156
1374,3.4011442103967075e-08,3.830074018316027e-12,16.835490673205594,0.5057154933032569,0.5903864347951993,0.40961356520480074,0.9531266511793558,0.8404172494022986,0.199979482150385
1375,3.4011442103967075e-08,3.799695642865126e-12,16.826865370196987,0.5056794256043162,0.5903960702093567,0.4096039297906433,0.9531313689060951,0.8404487279316699,0.19990888721748637
1376,3.4011442103967075e-08,3.126493630168523e-12,16.823895116075423,0.5056342433244158,0.5903866952117981,0.4096133047882019,0.9531354041160128,0.8404703027204955,0.19980467350643277
1377,3.4011442103967075e-08,3.0327536585820603e-12,16.821227717703344,0.5056265610347497,0.5904600024843744,0.40953999751562564,0.9531626659743284,0.8406043532483973,0.1996904425132073
1378,3.4011442103967075e-08,2.9980966322625097e-12,16.817275905981496,0.5056613266506962,0.5904671639408428,0.4095328360591573,0.9531420787910235,0.8405129867991309,0.19974146349760674
1379,3.4011442103967075e-08,3.571213208999857e-12,16.811971863583402,0.5056708318565543,0.5904906014347392,0.4095093985652608,0.9531240312322784,0.8404356676739649,0.1999337086846
1380,3.4011442103967075e-08,3.0835928405981987e-12,16.809223232919763,0.5056151027044004,0.5905253670506857,0.40947463294931435,0.953108609523766,0.8403972514922156,0.19991314866759521
1381,3.4011442103967075e-08,2.9584429699799157e-12,16.807033087955556,0.5056065089566383,0.5905697680807895,0.40943023191921046,0.9531031310635092,0.8403999633754797,0.19992011413516142
1382,3.4011442103967075e-08,3.184367555026211e-12,16.803474088733992,0.5056264308264503,0.5905986743232619,0.4094013256767381,0.9531267271658798,0.8405224370022921,0.19964481507167128
1383,3.4011442103967075e-08,3.57066083069656e-12,16.797031530876414,0.5056447901966692,0.5906985440889209,0.4093014559110792,0.9531762155406437,0.8406080812737102,0.19960696782335324
1384,3.4011442103967075e-08,3.663090981195634e-12,16.7839032633884,0.5056574204017135,0.5907515388667868,0.4092484611332132,0.9531809728105987,0.8406349622457997,0.1995720121135326
1385,3.4011442103967075e-08,4.243632959741189e-12,16.772478352968204,0.5056723943561473,0.5907531013663798,0.4092468986336201,0.9532056073543879,0.8406672433473122,0.19959753913198583
1386,3.4011442103967075e-08,4.318768508470211e-12,16.762405681992572,0.5056733058142433,0.590791773231309,0.40920822676869095,0.9532077497990827,0.8407060323553913,0.19965040747728005
1387,3.4011442103967075e-08,3.487186380648647e-12,16.755387636547653,0.5056963526832415,0.5907408617862339,0.4092591382137661,0.9532042343092954,0.8406923387285494,0.1995820228626034
1388,3.4011442103967075e-08,3.1795440901678747e-12,16.749369542455018,0.5056613266506962,0.5907606534477465,0.4092393465522535,0.9532045377858908,0.8405883673034736,0.19980672698841215
1389,3.4011442103967075e-08,3.775518673218918e-12,16.740265864256195,0.5057365870477638,0.5908532315486377,0.4091467684513624,0.9532466796756452,0.8406595014429719,0.19984382089054167
1390,3.4011442103967075e-08,3.3025777254195592e-12,16.73705885286612,0.5057220037182282,0.5908906013305726,0.4091093986694274,0.9532468859198339,0.84064337395453,0.19981949792315468
1391,3.4011442103967075e-08,3.2901511534385182e-12,16.731767426055185,0.5057503891275028,0.5909706794347189,0.40902932056528113,0.9532785787266027,0.8407284805886367,0.19977389580903868
1392,3.4011442103967075e-08,3.1971323751299658e-12,16.725346991763967,0.5057677068313263,0.5909989346356941,0.4090010653643059,0.9533041208556736,0.8407584726330843,0.19990235746969756
1393,3.4011442103967075e-08,3.625189776236832e-12,16.716985824296135,0.5056977849745352,0.5910156012980204,0.4089843987019795,0.9532979013585333,0.8407494238689374,0.20009893580678845
1394,3.4011442103967075e-08,3.566941208508789e-12,16.7135392612541,0.5056924464342587,0.5910620856609152,0.40893791433908483,0.9533164199356918,0.8408250254841584,0.20002581666956593
1395,3.4011442103967075e-08,2.9479735417631144e-12,16.710372128504012,0.5057449203789269,0.5910821377390266,0.4089178622609734,0.9533240241081669,0.840841708521671,0.20008698287559532
1396,3.4011442103967075e-08,3.424701068716307e-12,16.701767154398905,0.5057481755864126,0.5910426846243009,0.4089573153756991,0.953365599594601,0.8409059769615322,0.20022449645607332
1397,3.4011442103967075e-08,4.436596348468062e-12,16.692369601805673,0.5057318995489845,0.5910197679636021,0.4089802320363979,0.9533728701909499,0.8408990342112307,0.20038382192603313
1398,3.4011442103967075e-08,4.114949517598927e-12,16.68050557493094,0.505781378702766,0.5911148200221823,0.4088851799778177,0.9533978212180242,0.8409468090196971,0.2001558710661191
1399,3.4011442103967075e-08,4.728217980189927e-12,16.667011814349145,0.5057667953732303,0.5911288825185201,0.4088711174814798,0.9533484869967264,0.8408053083820064,0.20028110460938373
1400,3.4011442103967075e-08,5.299478342267184e-12,16.653278394591904,0.5057798162031729,0.591147502305338,0.40885249769466203,0.9533526664626197,0.8408135487639203,0.20040707108803638
1401,3.4011442103967075e-08,3.3370742199510867e-12,16.647932477747275,0.5057907537003246,0.5912178147870274,0.4087821852129726,0.9533708689819071,0.8408108761679874,0.20038752652907316
1402,3.4011442103967075e-08,2.7888680492139576e-12,16.647518754176833,0.5057901026588274,0.5911971116674188,0.40880288833258116,0.9533929300022923,0.8409107894893981,0.2002941636153885
1403,3.4011442103967075e-08,4.877928106009919e-12,16.634690695853724,0.5057057276808001,0.591190731460747,0.408809268539253,0.9533766639268498,0.840840038188109,0.20029238941576763
1404,3.4011442103967075e-08,8.762311870524286e-12,16.603383978856577,0.5057494776694068,0.5911857835453689,0.4088142164546311,0.9533876661141534,0.8409064076902707,0.20027783148217454
1405,3.4011442103967075e-08,3.5288079193427185e-12,16.59829109929979,0.5057597641250614,0.591209741872463,0.40879025812753694,0.9533947639565298,0.8409169159525648,0.20023164249905318
1406,3.4011442103967075e-08,3.9466249485188984e-12,16.59225364684236,0.5056855453943893,0.5912214606194113,0.4087785393805887,0.9534059847182244,0.8408966210043289,0.20032376396953386
1407,3.4011442103967075e-08,3.642040016113236e-12,16.583872671685242,0.5057123683040707,0.5912015387495992,0.4087984612504007,0.9534027996469427,0.840873098515444,0.20042357334975533
1408,3.4011442103967075e-08,4.027458851550817e-12,16.57320568200177,0.5056972641413374,0.591195028334628,0.40880497166537194,0.953433831862461,0.8409049548116916,0.20051579893604332
1409,3.4011442103967075e-08,5.641611505219882e-12,16.55469173878763,0.5056960922666427,0.5912646897748204,0.4087353102251796,0.9534922223109163,0.841145159949574,0.20000408252304028
1410,3.4011442103967075e-08,3.293000552081323e-12,16.54992664324956,0.505707550596992,0.5912665126910123,0.4087334873089877,0.9534871099864958,0.841125282930116,0.2001023948684884
1411,3.4011442103967075e-08,4.281156871831535e-12,16.535970618453867,0.5057446599623281,0.5913312262158265,0.4086687737841735,0.9534842614989283,0.8411031882308119,0.20001854905101912
1412,3.4011442103967075e-08,3.718917391263474e-12,16.528249250253438,0.5057841130770538,0.5913398199635885,0.40866018003641147,0.9534779104822543,0.8409943105375615,0.20034313141853255
1413,3.4011442103967075e-08,2.956529702099476e-12,16.52572077845037,0.5058218734838871,0.5913407314216845,0.40865926857831547,0.9535340941888857,0.8411893562403344,0.20027474116948576
1414,3.4011442103967075e-08,3.2875262647168732e-12,16.52162959437932,0.5057645818321401,0.5913473720449552,0.4086526279550448,0.9535352093258446,0.8411833927491685,0.2003723582941124
1415,3.4011442103967075e-08,3.329645104117521e-12,16.515968666805197,0.5057959620323016,0.5913458095453621,0.4086541904546379,0.9535727870256788,0.8412694468281229,0.20039030319189727
1416,3.4011442103967075e-08,3.437905275137127e-12,16.510128759675396,0.505789060992432,0.5913903407837654,0.4086096592162346,0.9535887270868874,0.8412566227689734,0.2005680023055508
1417,3.4011442103967075e-08,4.2597337542915946e-12,16.499134066910774,0.5058410141039026,0.591420549109232,0.40857945089076797,0.9535751144046511,0.8411987055168504,0.20058899824314064
1418,3.4011442103967075e-08,3.5629810428638777e-12,16.493112054600253,0.5057247380925162,0.5914359136885642,0.40856408631143587,0.9536011680697463,0.8413024964687695,0.20029752544585241
1419,3.4011442103967075e-08,3.597176713593159e-12,16.489377623836944,0.505788149534336,0.5914080491124872,0.40859195088751277,0.953621515300879,0.8413816562730522,0.20020677557220912
1420,3.4011442103967075e-08,4.033801876483229e-12,16.480501633020573,0.5057193995522397,0.5914184657764412,0.4085815342235588,0.9536537007236158,0.8414760793116332,0.20012846134376155
1421,3.4011442103967075e-08,4.764736970957251e-12,16.469221420420975,0.5057670557898292,0.5914749761783916,0.4085250238216084,0.9536159724298169,0.8413268041391052,0.20027371066635571
1422,3.4011442103967075e-08,3.4558324474261116e-12,16.463928474807087,0.5057281235083012,0.5914434657699308,0.4085565342300692,0.95362274669223,0.8413059962128635,0.20053293980161402
1423,3.4011442103967075e-08,3.4772836024219484e-12,16.45900331154538,0.5057326807987811,0.5915059657536548,0.40849403424634523,0.9535908631495237,0.8411905280239056,0.20054113354037403
1424,3.4011442103967075e-08,3.41403872101236e-12,16.452269393748338,0.5057799464114723,0.5915040126291634,0.40849598737083664,0.9535963714556976,0.8411586160597987,0.20061287332804228
1425,3.4011442103967075e-08,3.071524890240829e-12,16.448864375079296,0.5057873682845395,0.591574064694254,0.408425935305746,0.9536203633380796,0.8412225116352028,0.20047650758501137
1426,3.4011442103967075e-08,3.83194124289892e-12,16.442526649304245,0.505765753706835,0.5916265386389222,0.40837346136107777,0.9536007923908096,0.8411796263907702,0.20041862810107752
1427,3.4011442103967075e-08,3.524520207811577e-12,16.436818409847614,0.505705988097399,0.5916611740465693,0.40833882595343074,0.9536513924622352,0.8413351805503122,0.20050562458018964
1428,3.4011442103967075e-08,4.5517507786651685e-12,16.425941935165124,0.5056807276873105,0.5916140386421774,0.40838596135782257,0.9536766702453544,0.8414036740860535,0.20052622257797897
1429,3.4011442103967075e-08,3.718621474429586e-12,16.420832856349836,0.5056272120762468,0.5916291428049107,0.40837085719508925,0.9536998777287791,0.8414177015191296,0.20082393894900316
1430,3.4011442103967075e-08,4.5248001718496765e-12,16.410426350770067,0.5056707016482548,0.5917172938236214,0.4082827061763786,0.9537231908052778,0.8414494941497642,0.200751596076187
1431,3.4011442103967075e-08,3.4319980465060206e-12,16.405267122177033,0.5056949203919479,0.5917333094444507,0.4082666905555493,0.9537357324691447,0.8414404722290345,0.20086923804201412
1432,3.4011442103967075e-08,3.2750595074990866e-12,16.401833205108304,0.5056796860209151,0.5917197677813105,0.40828023221868953,0.9537392570708179,0.841493333681706,0.20071785903342282
1433,3.4011442103967075e-08,3.896963241344897e-12,16.392824137225546,0.5056861964358863,0.5917870854721131,0.4082129145278868,0.9537674713091631,0.841609890907619,0.20048491322570214
1434,3.4011442103967075e-08,4.6837893750146326e-12,16.381850594546442,0.5057276026751034,0.5917713302678828,0.40822866973211724,0.9537988366241185,0.8417284308807382,0.20034710235146097
1435,3.4011442103967075e-08,3.3532240513472345e-12,16.377111790164204,0.5057850245351498,0.5918157312979866,0.40818426870201335,0.9538159786766621,0.841801031528782,0.20032255965808154
1436,3.4011442103967075e-08,3.2040175019962995e-12,16.371493349213747,0.5058514307678565,0.5919008875258105,0.40809911247418945,0.9537973677948954,0.8416884531133855,0.2004864540720459
1437,3.4011442103967075e-08,3.0073306984935473e-12,16.370133685725428,0.5057714828720097,0.5919270593939949,0.4080729406060051,0.9538125123542188,0.8417580821985173,0.2003769822456528
1438,3.4011442103967075e-08,3.9741124450308895e-12,16.362718431408183,0.5057294255912954,0.5919804447967592,0.40801955520324085,0.9538085662580491,0.8417040010413507,0.20044173070427437
1439,3.4011442103967075e-08,2.9840862179833895e-12,16.36079168541962,0.5057386703805545,0.591979142713765,0.4080208572862351,0.9538561631489489,0.8418572569145057,0.20038520756360148
1440,3.4011442103967075e-08,3.0486316100804226e-12,16.358246204973607,0.5057350245481707,0.591956486469665,0.408043513530335,0.9538546676884376,0.8418321910075651,0.20035169027278846
1441,3.4011442103967075e-08,3.0377145880169736e-12,16.35728956369192,0.5057208318435333,0.591978231255669,0.40802176874433105,0.9538427643603833,0.8417656669462468,0.2004360283952701
1442,3.4011442103967075e-08,2.6240107440553408e-12,16.35624902815051,0.5057641912072419,0.5919465906389086,0.4080534093610913,0.9538610105210503,0.8418283461066791,0.2004100394140614
1443,3.4011442103967075e-08,3.3143953502566597e-12,16.350002809111547,0.5057582016254684,0.5919952885428936,0.4080047114571064,0.9538612570510062,0.8418135995050869,0.20039339918066496
1444,3.4011442103967075e-08,3.583452882728287e-12,16.343490225236174,0.5056783839379209,0.5920269291596538,0.4079730708403461,0.9539308943304681,0.8419768011818365,0.20045335593828506
1445,3.4011442103967075e-08,5.3123032160082686e-12,16.330299464059088,0.5057092433048845,0.5920205489529821,0.40797945104701794,0.9539044979945658,0.8418971453555238,0.20055490898347245
1446,3.4011442103967075e-08,4.023442364150522e-12,16.32128330684518,0.5056121079135135,0.5919898197943178,0.40801018020568225,0.9539150045443681,0.8419449228134334,0.2006164245983814
1447,3.4011442103967075e-08,3.5835912503634118e-12,16.316427344183353,0.5056360662406078,0.5920386479066021,0.4079613520933979,0.9539368154175941,0.8419625041309707,0.20055061699758037
1448,3.4011442103967075e-08,4.639866859782079e-12,16.302404358112266,0.5056785141462202,0.5920070072898419,0.40799299271015815,0.9539522462555153,0.8419867334740583,0.2005241191077172
1449,3.4011442103967075e-08,3.659087411014938e-12,16.295223454603708,0.5056123683301124,0.5920196374948861,0.40798036250511394,0.9539549236194096,0.8419918489497754,0.2005754917608323
1450,3.4011442103967075e-08,2.9143718398673765e-12,16.29254790421107,0.5056848943528921,0.5919942468764983,0.4080057531235018,0.9539705653045715,0.8419901167868095,0.2006802943068893
1451,3.4011442103967075e-08,3.1964649482603943e-12,16.288793089634893,0.5057139308036639,0.5920123458301183,0.40798765416988175,0.9540066499147148,0.8421090563973622,0.20062263125466756
1452,3.4011442103967075e-08,3.712477923507209e-12,16.277798798880806,0.5057055974725007,0.5920437260302797,0.40795627396972034,0.954014935250128,0.8421195894381647,0.20062454182604625
1453,3.4011442103967075e-08,3.662677983727625e-12,16.27193093986583,0.5056873683105811,0.5920670333158767,0.40793296668412327,0.9540078750165727,0.842076542494162,0.20064148668321724
1454,3.4011442103967075e-08,3.582166855639515e-12,16.26573428246599,0.5056850245611915,0.5920296635339418,0.40797033646605824,0.9540028740535631,0.842056211935014,0.2006744720443501
1455,3.4011442103967075e-08,2.865441534252581e-12,16.266619948109028,0.5057031235148116,0.5920506270701492,0.4079493729298508,0.9540084411280993,0.8421117046042074,0.20073253940686978
1456,3.4011442103967075e-08,2.953017288303108e-12,16.266087337048468,0.5056942693504507,0.5920932051840612,0.40790679481593883,0.9540025115162324,0.8420951617453071,0.2005607039447256
1457,3.4011442103967075e-08,3.386051499451208e-12,16.261284900170722,0.505645050613268,0.5920611739424027,0.4079388260575974,0.9540115284086229,0.8421000833475668,0.2008160711109038
1458,3.4011442103967075e-08,3.811168617999363e-12,16.252940431248913,0.5055864568785269,0.5921071374720996,0.40789286252790036,0.9540082783319045,0.8420842435409988,0.20075472602939817
1459,3.4011442103967075e-08,3.654291638045253e-12,16.247134317801095,0.5055713527157936,0.5921903405754322,0.40780965942456787,0.9540220955294811,0.8421502489077339,0.20053490658723605
1460,3.4011442103967075e-08,2.8364143011341313e-12,16.24769564505479,0.5055753891730758,0.5921978926567988,0.4078021073432012,0.9540187851087393,0.8421263788119109,0.20053657078774612
1461,3.4011442103967075e-08,3.592186721261392e-12,16.240908919558812,0.505569660007901,0.5922165124436165,0.40778348755638344,0.9539839902362641,0.8419816117578379,0.20068295900379263
1462,3.4011442103967075e-08,3.04783016080355e-12,16.23798819682378,0.5055735662568838,0.5921842207853591,0.40781577921464085,0.954031755967262,0.8421015557567951,0.20081141921644072
1463,3.4011442103967075e-08,3.906972946380812e-12,16.229203771754808,0.5056157537458975,0.5922045332800695,0.40779546671993055,0.9540477679921792,0.8421372966450418,0.2007109638004341
1464,3.4011442103967075e-08,3.4769025773167295e-12,16.225740654061426,0.5056583318598095,0.5922493249350717,0.40775067506492835,0.9540752227062235,0.8422290386468709,0.20052523008285117
1465,3.4011442103967075e-08,3.2674708210908637e-12,16.22408920766478,0.5055869777117246,0.5922627363899124,0.4077372636100876,0.9540725394710707,0.8421875858813749,0.20076811832756106
1466,3.4011442103967075e-08,3.283335926239648e-12,16.22134098482394,0.5055338527255592,0.5923933353142355,0.4076066646857644,0.9541142997553579,0.842225164381499,0.2007881263515984
1467,3.4011442103967075e-08,3.408450431010687e-12,16.216131878875668,0.5055459620974057,0.5923980228130149,0.4076019771869851,0.9541209992658544,0.8422466678828895,0.20075704994651242
1468,3.4011442103967075e-08,2.9747188951704247e-12,16.21310550729336,0.5055690089664039,0.5924144290587424,0.4075855709412576,0.9540947952607315,0.8421049786553809,0.2007955102639151
1469,3.4011442103967075e-08,3.409515965855806e-12,16.205377361692687,0.505614712079502,0.5923616946974753,0.40763830530252465,0.9541441752494336,0.8422438287970152,0.2009115530149019
1470,3.4011442103967075e-08,3.6048481295394146e-12,16.199766559262617,0.5055427068899201,0.5924001061458057,0.4075998938541943,0.9541861904370211,0.8423328067153335,0.20094735041572553
1471,3.4011442103967075e-08,3.259958208077785e-12,16.196809674443873,0.5055946600013906,0.5924266686388884,0.4075733313611116,0.9541782183117644,0.8423197114058293,0.2010818257090616
1472,3.4011442103967075e-08,3.540861837013601e-12,16.191201319887114,0.5055460923057051,0.5923766686519092,0.4076233313480908,0.9542089611783207,0.8424250576643533,0.201029519106681
1473,3.4011442103967075e-08,3.800642522519131e-12,16.181730987031195,0.5055772120892676,0.5922937259651755,0.40770627403482446,0.9542318735826057,0.8424410387787372,0.20108273217941425
1474,3.4011442103967075e-08,3.8261148693756405e-12,16.173775368674598,0.5055773422975671,0.5923827884419822,0.40761721155801783,0.9542150030496273,0.8423616704305822,0.2011969231290818
1475,3.4011442103967075e-08,3.531703779854477e-12,16.167024049951717,0.5055414048069259,0.5924490644663895,0.40755093553361055,0.9542338731914564,0.8424128887528546,0.2010756863698527
1476,3.4011442103967075e-08,3.3739819605473825e-12,16.160687800728695,0.5055244777280006,0.592468205086405,0.4075317949135951,0.9542261262235946,0.8423485477737387,0.20117796522813453
1477,3.4011442103967075e-08,3.6325681156006965e-12,16.156649464474505,0.5055111964814593,0.5924071373939747,0.40759286260602534,0.9542489280503338,0.8424343755975681,0.2011874196051829
1478,3.4011442103967075e-08,4.779932182891211e-12,16.144510044907488,0.505521222520515,0.5924499759244855,0.40755002407551455,0.9542753496469912,0.8425589184021386,0.20091940030923572
1479,3.4011442103967075e-08,4.241645260647176e-12,16.135338648237905,0.5054584621201922,0.5924343509285545,0.40756564907144555,0.9543115688536279,0.8426341918827042,0.20110033824081655
1480,3.4011442103967075e-08,3.533618482845676e-12,16.13162802193123,0.5055249985611983,0.592472241543687,0.4075277584563129,0.9543107022430971,0.8426509900345741,0.2009536255890986
1481,3.4011442103967075e-08,3.990591800972306e-12,16.125019927749324,0.5055386704326379,0.5925717206844477,0.40742827931555226,0.9543175635136056,0.8426472003421145,0.20088711219779234
1482,3.4011442103967075e-08,3.210710606901084e-12,16.122354919933166,0.505500389192607,0.5926314862938837,0.4073685137061162,0.954367442011785,0.8427928365462938,0.20075283469151536
1483,3.4011442103967075e-08,3.5071449367578748e-12,16.116909771972143,0.5054791652398007,0.5926033613012079,0.407396638698792,0.9543754821843022,0.8428005952974408,0.20084144054975492
1484,3.4011442103967075e-08,2.8963004548124693e-12,16.114532554180165,0.5054833319053823,0.5925847415143902,0.4074152584856098,0.9543204832500678,0.8425964327365575,0.20119746351150106
1485,3.4011442103967075e-08,4.010829416308692e-12,16.108157838513737,0.5055075506490754,0.5925547936055225,0.4074452063944775,0.954354376348478,0.8426887311764296,0.20114653862137075
1486,3.4011442103967075e-08,4.3500506953736516e-12,16.09838413882101,0.5055110662731598,0.592599064427327,0.40740093557267304,0.9543233156205625,0.8425951379964767,0.20105672550563025
1487,3.4011442103967075e-08,5.571033918981695e-12,16.082592568227405,0.5055692693830027,0.5926145592149585,0.40738544078504146,0.9543386842860937,0.8426503561688768,0.20083752685821787
1488,3.4011442103967075e-08,3.88105181578021e-12,16.075275755947484,0.5055188787711253,0.5925847415143902,0.4074152584856098,0.9543669833742904,0.8427311421715005,0.20092072928873253
1489,3.4011442103967075e-08,4.775744560898676e-12,16.06233554928676,0.5055259100192943,0.5925762779749276,0.4074237220250724,0.9543929856259592,0.8427788609954104,0.20109806574383304
1490,3.4011442103967075e-08,2.9943466104986007e-12,16.06048972982639,0.5055040350249909,0.5925672936022673,0.4074327063977327,0.954403018412085,0.8427396016327843,0.20140610763782
1491,3.4011442103967075e-08,3.286228929381897e-12,16.058093179839563,0.5054975246100196,0.5925741946421368,0.4074258053578632,0.9544432504997089,0.8428763448876078,0.20119110145719055
1492,3.4011442103967075e-08,3.5647938404472025e-12,16.054733495938198,0.5054907537784495,0.5926267987951045,0.4073732012048955,0.954464983812024,0.8429631517859388,0.20122532500908766
1493,3.4011442103967075e-08,3.4500708431952045e-12,16.04986625247789,0.5054869777377662,0.5927114341897307,0.40728856581026934,0.9544286736941164,0.8428583732631096,0.20117411994954068
1494,3.4011442103967075e-08,3.2358656824770244e-12,16.04769772234409,0.505550649596185,0.5927305748097461,0.40726942519025383,0.9544615754987386,0.8429726664807569,0.20116356002288582
1495,3.4011442103967075e-08,3.950675898099133e-12,16.0394662935396,0.5056270818679475,0.5927443768894852,0.40725562311051483,0.9544436166479068,0.8429376484881341,0.20108308423239274
1496,3.4011442103967075e-08,3.065379440806914e-12,16.034865573653374,0.50557669125607,0.5927546633451397,0.40724533665486023,0.9544699195797549,0.8429918427780231,0.2009724875760801
1497,3.4011442103967075e-08,2.9507780819477882e-12,16.03280990789938,0.505593227710097,0.5928461997796355,0.4071538002203645,0.954478345288482,0.8429749889015892,0.2010394682897767
1498,3.4011442103967075e-08,3.2376094902389918e-12,16.02873531042735,0.505592316252001,0.5928502362369177,0.4071497637630824,0.9544907347154544,0.8429823840283798,0.20100062099473082
1499,3.4011442103967075e-08,5.339469118023404e-12,16.01637630545901,0.5056061183317401,0.5928728924810176,0.4071271075189824,0.9545184939903024,0.8430410328533365,0.20115268664103017
1500,3.4011442103967075e-08,2.9865809667703e-12,16.01315268522861,0.5055963527092832,0.592990991408596,0.407009008591404,0.9544966019442503,0.8430468414371756,0.20081110202385305
1501,3.4011442103967075e-08,2.9100649895604692e-12,16.01050908848597,0.505592316252001,0.5929740643296707,0.40702593567032924,0.9544992249611667,0.8429651233599418,0.2010388202960871
1502,3.4011442103967075e-08,3.3004838007459382e-12,16.00791777154437,0.5056201808280779,0.593023803900051,0.40697619609994895,0.9545101600122102,0.8429926222151402,0.20092834587825734
1503,3.4011442103967075e-08,3.1231356217364165e-12,16.004463819564137,0.5055902329192101,0.5930007570310528,0.40699924296894713,0.9544954468743473,0.842934681119134,0.20105505514032132
1504,3.4011442103967075e-08,6.865174165939157e-12,15.983735861337703,0.5056033839574521,0.5930363038967958,0.40696369610320415,0.9544867996578648,0.8429625476582837,0.2008539375182425
1505,3.4011442103967075e-08,3.1739462174490774e-12,15.98252866383371,0.5056160141624964,0.5930432049366654,0.4069567950633346,0.9544613500385986,0.8428678042129115,0.20104929315913805
1506,3.4011442103967075e-08,3.2353945792859392e-12,15.979465450272796,0.5055567693862579,0.5930472413939476,0.40695275860605246,0.9544802868568603,0.8429487640189399,0.2011389099638954
1507,3.4011442103967075e-08,4.247790728734739e-12,15.973736027535992,0.5055214829371139,0.5930977622141245,0.4069022377858756,0.9544937468899098,0.8430042141369262,0.20103392392568187
1508,3.4011442103967075e-08,3.262403157463672e-12,15.972371625712528,0.5055223943952097,0.5931366944956524,0.4068633055043475,0.9545016654173071,0.843051814519475,0.20086670991579758
1509,3.4011442103967075e-08,3.230958509767087e-12,15.968893754271171,0.5054920558614437,0.5931896892735185,0.4068103107264816,0.9545110815240408,0.843028902413065,0.200865880834397
1510,3.4011442103967075e-08,2.835526643762828e-12,15.968877201502423,0.5055579412609528,0.5931657309464242,0.4068342690535758,0.9545384748813246,0.8430588763944469,0.20111483502580169
1511,3.4011442103967075e-08,4.003268150680373e-12,15.959561125183981,0.5055792954220585,0.593138387203545,0.406861612796455,0.9545753217051934,0.8431079365269993,0.20124728638417996
1512,3.4011442103967075e-08,3.40918229975386e-12,15.954993798025567,0.5056019516661584,0.5931965903133879,0.40680340968661205,0.954614040266886,0.8431655552429802,0.20122808164825348
1513,3.4011442103967075e-08,2.9368130504347133e-12,15.952933284348555,0.5056585922764083,0.5932326580123286,0.40676734198767134,0.9546102710036269,0.8431002714799567,0.20132391163767535
1514,3.4011442103967075e-08,3.036302683492544e-12,15.950621867384593,0.5056251287434561,0.5932491944663556,0.4067508055336444,0.9546170840023185,0.8431519058161472,0.2012684598000679
1515,3.4011442103967075e-08,3.122627754923017e-12,15.945933606137883,0.5055842433374367,0.5932706788357607,0.40672932116423927,0.9546405580027503,0.8431992872534892,0.2014440288342093
1516,3.4011442103967075e-08,3.5455319622103802e-12,15.94215120829202,0.5054945298191329,0.593271980918755,0.406728019081245,0.9546601770230255,0.8432765261263674,0.20137792104036578
1517,3.4011442103967075e-08,4.209788957301195e-12,15.931534839527583,0.5054729152414283,0.5932374757194073,0.4067625242805926,0.954650565615832,0.8432506722582463,0.20144989084488182
1518,3.4011442103967075e-08,4.453190036073886e-12,15.919329954322688,0.5054786444066031,0.5932510173825476,0.40674898261745246,0.9546592680789521,0.843277107234972,0.2013196015933643
1519,3.4011442103967075e-08,3.2675672225611145e-12,15.915918833264891,0.5055550766783654,0.5932399496770965,0.4067600503229036,0.9546842251268169,0.8433430760244228,0.20131890535212135
1520,3.4011442103967075e-08,5.036370367523367e-12,15.902881301149003,0.5055253891860966,0.5932352621783171,0.4067647378216829,0.9546520042639312,0.8432330703968332,0.20139361596232228
1521,3.4011442103967075e-08,3.526295094826654e-12,15.897153920286863,0.5055093735652673,0.5933219809057342,0.4066780190942659,0.9546979679106203,0.843379537499083,0.20128927542252673
1522,3.4011442103967075e-08,3.1849523170790717e-12,15.89409135438031,0.5055976547922774,0.5933428142336421,0.4066571857663579,0.9547396843763745,0.843524008566372,0.20110034856460687
1523,3.4011442103967075e-08,3.0856204354692637e-12,15.89202333843214,0.5055692693830027,0.5933855225558535,0.40661447744414647,0.9547374194463488,0.8435007644500307,0.20103468092050406
1524,3.4011442103967075e-08,3.774932843011505e-12,15.883617628405498,0.5056290349924388,0.5933965902613046,0.40660340973869535,0.9547480389164253,0.8434941147622602,0.20112794421470906
1525,3.4011442103967075e-08,4.3597743920099634e-12,15.87564435335798,0.5055464829306034,0.5934455485818884,0.4065544514181116,0.9547601451751664,0.8434828319482,0.20112483449905735
1526,3.4011442103967075e-08,3.2771901447967385e-12,15.87308599460656,0.5056316391584273,0.5934120850489362,0.40658791495106383,0.9548127170698962,0.8435854604575569,0.20129009786283178
1527,3.4011442103967075e-08,3.0671669973232735e-12,15.871834850460752,0.5055605454269413,0.5934356527511321,0.4065643472488679,0.954810799006146,0.8435830744544837,0.20121573355265862
1528,3.4011442103967075e-08,3.2013695926853605e-12,15.868312877391382,0.5055457016808068,0.5934379965005218,0.40656200349947824,0.9548185103051582,0.8436027418535037,0.2013897722286752
1529,3.4011442103967075e-08,3.853336485005946e-12,15.860991942497755,0.5055899725026113,0.5935086996071095,0.4064913003928905,0.9548234900715197,0.8436448007803192,0.20128794274303569
1530,3.4011442103967075e-08,3.2235582227371548e-12,15.858664031720554,0.5056311183252296,0.5934741944077618,0.4065258055922381,0.9548458870616524,0.8437142885440043,0.2012817428441559
1531,3.4011442103967075e-08,3.5152827487362998e-12,15.854738096875217,0.5055451808476091,0.5934836996136199,0.4065163003863801,0.9548183521881729,0.843632956310467,0.20130187492990845
1532,3.4011442103967075e-08,3.623895200744077e-12,15.846343168624442,0.5055479152218971,0.5935564860529984,0.40644351394700157,0.9548465295273108,0.8437305676359763,0.2012300936565619
1533,3.4011442103967075e-08,3.3447822007767806e-12,15.843581922165598,0.505503774608392,0.5935702881327375,0.4064297118672625,0.9548441677982898,0.8436972269730865,0.2013766406056638
1534,3.4011442103967075e-08,3.510341864974094e-12,15.840374698127023,0.5055315089761695,0.5935907308357472,0.4064092691642528,0.9548231146255658,0.8436464555046238,0.2013084820861678
1535,3.4011442103967075e-08,3.907693820702747e-12,15.833778488739283,0.5055100246067644,0.5936689860237016,0.40633101397629845,0.954834285307673,0.8436369897544478,0.2011950040456981
1536,3.4011442103967075e-08,3.1050847411217774e-12,15.832091388922592,0.5054476548313399,0.5936926839341969,0.4063073160658031,0.9548453109782213,0.8436479090469784,0.20133427119550382
1537,3.4011442103967075e-08,3.002078071397722e-12,15.829183955195592,0.5054238267125452,0.5937274495501433,0.40627255044985666,0.9548636336299056,0.8437066761523223,0.20124947713531913
1538,3.4011442103967075e-08,3.3630614614416354e-12,15.82518437293723,0.5054643214936663,0.5936713297730912,0.4063286702269088,0.9548773444195698,0.843779031844987,0.20137001083137548
1539,3.4011442103967075e-08,3.766979479557014e-12,15.820284513879402,0.5054812485725915,0.5937684651644622,0.4062315348355378,0.9549038963386007,0.8437906469402643,0.20138900857716716
1540,3.4011442103967075e-08,2.798562966266847e-12,15.820751057955311,0.5055243475197012,0.593846850560716,0.406153149439284,0.9549086188977978,0.8438429155817521,0.2012863889640112
1541,3.4011442103967075e-08,4.315932967633353e-12,15.813818456883856,0.5055403631405304,0.5938110432783742,0.40618895672162586,0.9549359163298827,0.8438929226049414,0.20146726395497758
1542,3.4011442103967075e-08,3.836177704405843e-12,15.807789295091904,0.5055144516889448,0.593833048480977,0.40616695151902305,0.9549489230055703,0.8439748334215265,0.20123910299223446
1543,3.4011442103967075e-08,3.4733417457101456e-12,15.804107482877718,0.5055180975213288,0.593833959939073,0.40616604006092705,0.954955353882128,0.8439339030265893,0.20141129027866433
1544,3.4011442103967075e-08,3.435473875912265e-12,15.798895244472565,0.5055399725156322,0.5938221109838253,0.40617788901617474,0.9549482676598721,0.8438826355817975,0.20153689605261502
1545,3.4011442103967075e-08,3.80513654874615e-12,15.791396680637021,0.5056384099899974,0.5938421630619367,0.4061578369380633,0.9549560901039896,0.8438366505239128,0.20160408642885735
1546,3.4011442103967075e-08,3.2530550761980906e-12,15.786941356242481,0.5056048162487458,0.5938702880546125,0.4061297119453875,0.9549672347531964,0.8438782459143777,0.20165379718082876
1547,3.4011442103967075e-08,3.1970067695938053e-12,15.785137539270167,0.5055704412576976,0.5939485432425669,0.40605145675743315,0.9549507990687944,0.8438062289391032,0.20168220677704266
1548,3.4011442103967075e-08,4.008717950604138e-12,15.774923225232886,0.5055498683463885,0.5938988036721865,0.40610119632781344,0.9549724487191096,0.8439157850480917,0.20150690108358008
1549,3.4011442103967075e-08,3.659044232740279e-12,15.768604989472859,0.5055328110591638,0.5939900796900834,0.40600992030991656,0.9549549179797467,0.8439233772390908,0.20122624492598518
1550,3.4011442103967075e-08,4.338207866570368e-12,15.75904062725223,0.5054877589875628,0.5939201578332922,0.4060798421667078,0.954961048096154,0.8439124134998688,0.20136437518896752
1551,3.4011442103967075e-08,3.3094316167292094e-12,15.75572110275465,0.5054812485725915,0.5939546630326399,0.40604533696736017,0.9549523173615613,0.843896436081693,0.20143216471612913
1552,3.4011442103967075e-08,3.657409200109485e-12,15.747507470368221,0.5054809881559926,0.59402028801555,0.40597971198445,0.9549155014678594,0.8437523577649436,0.20138777612661982
1553,3.4011442103967075e-08,4.752643768578798e-12,15.737943510648048,0.505504686066488,0.5940260171807247,0.4059739828192753,0.9549079628673547,0.8437099980552425,0.20158152865411466
1554,3.4011442103967075e-08,3.462029977326288e-12,15.734068388514714,0.5054654933683611,0.593960522406114,0.40603947759388603,0.9549556621391818,0.8437838990026787,0.20165535107523172
1555,3.4011442103967075e-08,4.345738758522596e-12,15.725268394702637,0.5055089829403691,0.5940485432165252,0.4059514567834748,0.9550169622449775,0.8439575529400523,0.20167379068331046
1556,3.4011442103967075e-08,3.152782120946961e-12,15.722711534456689,0.5054621079525761,0.5940197671823523,0.4059802328176477,0.9550398763416266,0.8439825818357589,0.20173687266439597
1557,3.4011442103967075e-08,4.291692421269807e-12,15.714875479039472,0.5054449204570519,0.594075756751105,0.405924243248895,0.9550742282303697,0.8441122969242925,0.20144282399289126
1558,3.4011442103967075e-08,4.5268029840716936e-12,15.704378488161849,0.5055166652300351,0.5941303140285641,0.40586968597143597,0.9550889174913089,0.8441414185499073,0.2013243184664893
1559,3.4011442103967075e-08,3.891209605897597e-12,15.698516676902607,0.5055425766816206,0.5941809650570403,0.4058190349429597,0.9550843899647778,0.8441879908037913,0.20125708838506748
1560,3.4011442103967075e-08,3.2857370868951206e-12,15.692212662416395,0.5055234360616052,0.594197110886169,0.40580288911383094,0.9550941945631285,0.8442541767331735,0.20126067060541736
1561,3.4011442103967075e-08,5.775554739137885e-12,15.676715808539987,0.5055473943886993,0.5941993244272593,0.40580067557274074,0.9551054123361207,0.8442905498826065,0.20108282925534923
1562,3.4011442103967075e-08,4.6926195666365776e-12,15.666556374398475,0.5054959621104266,0.5941342202775468,0.4058657797224532,0.9551252724750637,0.8443115679126513,0.2012603085697715
1563,3.4011442103967075e-08,3.7303509418365056e-12,15.65875411507434,0.5055138006474478,0.5941558348552514,0.40584416514474864,0.9550993203305629,0.8442414040122058,0.20117883474170328
1564,3.4011442103967075e-08,3.3485897863924333e-12,15.655966542623897,0.5055205714790179,0.5942359129593977,0.40576408704060235,0.9550904807834018,0.8442513829557055,0.20100470965811557
1565,3.4011442103967075e-08,5.672787213778033e-12,15.640636046054283,0.5055371079330448,0.5942516681636281,0.40574833183637193,0.9551222597953138,0.8443109918870056,0.20106812326776163
1566,3.4011442103967075e-08,3.263797077817671e-12,15.637722560874574,0.5055108058565609,0.5942687254508527,0.40573127454914726,0.9551439948189958,0.8443438531046121,0.20135479947955798
1567,3.4011442103967075e-08,3.3965721592842885e-12,15.632180398952027,0.5055095037735667,0.5943267983523962,0.40567320164760373,0.9551004138163309,0.844183743922895,0.20157643572896805
1568,3.4011442103967075e-08,4.731830697814053e-12,15.622046476921787,0.5054714829501347,0.5943183348129336,0.40568166518706633,0.9551003848694136,0.8441536115335534,0.2017433000548862
1569,3.4011442103967075e-08,5.080324746048451e-12,15.608193277406242,0.5054520819135203,0.5942872150293711,0.4057127849706289,0.9551535025227836,0.8442269747516932,0.2018630670277041
1570,3.4011442103967075e-08,4.022701813846625e-12,15.600790275803492,0.5055498683463885,0.594313256689256,0.40568674331074395,0.9551757475194668,0.8442650853842205,0.20191534716871232
1571,3.4011442103967075e-08,7.05907662572916e-12,15.581463449266812,0.5055652329257206,0.5943570066778628,0.40564299332213716,0.9551927505144086,0.8443866288632568,0.20158047823545608
1572,3.4011442103967075e-08,4.118407672817129e-12,15.573786073385364,0.5055214829371139,0.5943270587689952,0.4056729412310049,0.955197057693563,0.8443349567531959,0.20179318846045655
1573,3.4011442103967075e-08,3.6166814485326316e-12,15.568929026347584,0.5056151027044004,0.5943676837584156,0.4056323162415843,0.9552093254335047,0.8443857651958853,0.20150875411076727
1574,3.4011442103967075e-08,3.2331796173324052e-12,15.566053991268836,0.5056046860404464,0.594385261878838,0.40561473812116194,0.9552422485271485,0.8444705775492197,0.20141904744381053
1575,3.4011442103967075e-08,3.492183914386094e-12,15.559096449773685,0.5055712225074941,0.5944098712474294,0.4055901287525706,0.9552414626908438,0.8444829533191605,0.20143482370418928
1576,3.4011442103967075e-08,2.9400341298838847e-12,15.554998992083128,0.5055908839607073,0.5944573972767194,0.4055426027232805,0.9552426793222251,0.8444712708437944,0.2014269803223463
1577,3.4011442103967075e-08,4.1473874430135396e-12,15.54450962701434,0.5056139308297055,0.5944984128910383,0.40550158710896167,0.9552950344208468,0.8446470237309736,0.2012847083490679
1578,3.4011442103967075e-08,3.8419202645664155e-12,15.539720855276999,0.5056084620811296,0.594497110808044,0.40550288919195593,0.9552779485163346,0.8445558964088302,0.20141228620029417
1579,3.4011442103967075e-08,3.5046533770374225e-12,15.535745750216954,0.505585285003832,0.5944816160204125,0.4055183839795875,0.9552735730009435,0.8444926429307926,0.2016542707902198
1580,3.4011442103967075e-08,3.0109541438049396e-12,15.534808467026776,0.5055378891828414,0.594501407681925,0.4054985923180749,0.9552668747227185,0.8444077653307919,0.20177675506754528
1581,3.4011442103967075e-08,2.852751959014447e-12,15.534164206829585,0.5056105454139205,0.5945325274654877,0.4054674725345124,0.9552612891318633,0.8443529197883557,0.2019924628011415
1582,3.4011442103967075e-08,2.9676018953202805e-12,15.533614034476109,0.505621743327671,0.5945119545541785,0.4054880454458215,0.9552380422465103,0.8442764523450894,0.20228792674863325
1583,3.4011442103967075e-08,5.7049133062393325e-12,15.519343582980017,0.5056279933260434,0.5945187253857486,0.40548127461425143,0.9552332776146488,0.8442980712895934,0.20213509769730623
1584,3.4011442103967075e-08,4.3812098055058805e-12,15.508886608419198,0.5056394516563928,0.5945365639227698,0.4054634360772302,0.9552506734704385,0.8443148663984058,0.20216745445428794
1585,3.4011442103967075e-08,4.143925295096134e-12,15.499162361752107,0.505656378735318,0.594495548308451,0.40550445169154903,0.9552507193816027,0.8443674159636513,0.20217320132750122
1586,3.4011442103967075e-08,3.551841921206447e-12,15.494045993948575,0.5056884099769766,0.5945624753743554,0.40543752462564464,0.9552843365808088,0.8444736510280669,0.20195080603188034
1587,3.4011442103967075e-08,4.629049607465663e-12,15.483232503616248,0.5056549464440243,0.5945803139113766,0.4054196860886234,0.955308359119375,0.8445284270344519,0.20183900781279943
1588,3.4011442103967075e-08,4.6593523038544775e-12,15.471933592301037,0.505705076639303,0.5946119545281369,0.40538804547186313,0.9553252196664135,0.8445766245016488,0.2017974458025362
1589,3.4011442103967075e-08,3.614917054022278e-12,15.46585219202018,0.5056923162259593,0.594517032677856,0.40548296732214395,0.955352687254648,0.8446216832993616,0.20202331576752613
1590,3.4011442103967075e-08,3.865209019041709e-12,15.453617578898061,0.505668618315464,0.5945592201668698,0.40544077983313026,0.9553905885586808,0.844762445141113,0.20193612848143175
1591,3.4011442103967075e-08,2.727968656160646e-12,15.4547935985928,0.5056677068573681,0.5946373451465247,0.4053626548534753,0.9554249121503939,0.8448235771018721,0.20184520921087704
1592,3.4011442103967075e-08,6.201773804393009e-12,15.439999610736486,0.5056627589419899,0.5946734128454654,0.40532658715453457,0.9554379245127477,0.84486038800861,0.20180798181610587
1593,3.4011442103967075e-08,3.2717260104528346e-12,15.434593091944677,0.5056800766458134,0.5946516680594615,0.40534833194053854,0.9554394892564679,0.8447576093727702,0.20218445430868376
1594,3.4011442103967075e-08,3.3275367886856074e-12,15.432904649633548,0.5056871078939823,0.5946717201375729,0.40532827986242714,0.9554916325865919,0.8449412783939869,0.20201271353655245
1595,3.4011442103967075e-08,2.69808423693197e-12,15.432737199845125,0.5056342433244158,0.5947417722026634,0.4052582277973365,0.9554762991181568,0.8449208797607216,0.2018193177701241
1596,3.4011442103967075e-08,4.188506732158219e-12,15.424282283229982,0.5057002589322243,0.5946982826306556,0.40530171736934445,0.9554645696468969,0.844851510574517,0.20204957385179523
1597,3.4011442103967075e-08,4.621021782603186e-12,15.415367277256156,0.5056938787255524,0.5947407305362681,0.4052592694637319,0.9554451796127789,0.8447450391688524,0.20207032679994788
1598,3.4011442103967075e-08,5.34905107873966e-12,15.40422164563129,0.5056856756026886,0.5947740638609209,0.40522593613907915,0.9554735273312365,0.8448977664413257,0.2018738876666357
1599,3.4011442103967075e-08,3.72851688272794e-12,15.397617922740906,0.5056664047743737,0.5948113034345563,0.4051886965654436,0.9554229489581721,0.8447966026459521,0.2016734683160578
1600,3.4011442103967075e-08,3.1852405631820167e-12,15.391644134629733,0.5057180974692455,0.5948037513531897,0.40519624864681025,0.9554325864767965,0.8447626278224053,0.20186372416723233
1601,3.4011442103967075e-08,4.672457647819598e-12,15.376470876648968,0.5057390610054529,0.5948308346794702,0.4051691653205299,0.9554697576717727,0.8448755641147285,0.20187945946620636
1602,3.4011442103967075e-08,5.671251661368017e-12,15.361103543952401,0.5057057276808001,0.5948409909268253,0.4051590090731747,0.9554798442982675,0.8448832327110776,0.2019959986496084
1603,3.4011442103967075e-08,3.066948036823466e-12,15.35988767970946,0.5056313787418285,0.5948340898869557,0.40516591011304426,0.9554991715897502,0.8449885423614639,0.20196465160659213
1604,3.4011442103967075e-08,4.7042702068699695e-12,15.349168334831456,0.5056210922861739,0.5948846107071326,0.4051153892928674,0.9555202445780123,0.8450478384420331,0.20193892943484892
1605,3.4011442103967075e-08,6.661928403862181e-12,15.330765112626056,0.5056263006181508,0.5949403398592865,0.4050596601407135,0.9555184571759177,0.8450378178995369,0.20193819647815153
1606,3.4011442103967075e-08,2.7706819042771687e-12,15.3319575468821,0.5056492172788497,0.594923933613559,0.40507606638644106,0.9555080183166313,0.8450244528769592,0.20196554865054112
1607,3.4011442103967075e-08,3.0308560126692958e-12,15.328900806740213,0.5056124985384118,0.5949801835989105,0.40501981640108947,0.9555260728846681,0.8449825559502414,0.2021365339867651
1608,3.4011442103967075e-08,4.21590159581526e-12,15.319826927656692,0.5056622381087922,0.5949613033954939,0.4050386966045061,0.9555395876965906,0.8450058311538025,0.20210297834091817
1609,3.4011442103967075e-08,4.906171555158448e-12,15.310706057389748,0.5055873683366229,0.5950580481619666,0.4049419518380334,0.9555407729306689,0.8450099817683955,0.202038834346599
1610,3.4011442103967075e-08,5.354784023684568e-12,15.295854502605478,0.505580076671855,0.5950521887884925,0.4049478112115075,0.9555349284549313,0.8450202068168651,0.20198453073944964
1611,3.4011442103967075e-08,5.886441104959135e-12,15.279941481518067,0.5056345037410146,0.5950062252587955,0.4049937747412045,0.9555765704908614,0.8451765414607233,0.2017335320465082
1612,3.4011442103967075e-08,2.940689456034136e-12,15.277863170057115,0.5056423162389801,0.5950270585867035,0.4049729414132965,0.955561058663885,0.8450857011112052,0.2018052907142429
1613,3.4011442103967075e-08,2.8392321941311235e-12,15.278802897182343,0.5055608058435401,0.5950770585736826,0.40492294142631735,0.9555761232338872,0.8451197845413078,0.20183728314393157
1614,3.4011442103967075e-08,3.820165626063189e-12,15.273030743727391,0.5055807277133522,0.5951281002270572,0.40487189977294274,0.9556672591646843,0.8453421909188631,0.2017994391207407
1615,3.4011442103967075e-08,4.5186157823197115e-12,15.263388974060561,0.5055255193943959,0.5950995846094832,0.4049004153905168,0.9556884870510909,0.8454299995283431,0.2017326638368859
1616,3.4011442103967075e-08,5.679067215642284e-12,15.249072887438036,0.50558346208764,0.5950997148177826,0.4049002851822174,0.955661387738496,0.8453532749450424,0.20181667719621538
1617,3.4011442103967075e-08,3.172752918919171e-12,15.244387753537948,0.5056076808313331,0.5951024491920706,0.4048975508079295,0.9557160945265265,0.8454558434264882,0.2018476681850082
1618,3.4011442103967075e-08,4.0592044163911255e-12,15.236640820157222,0.505562889176331,0.5950950273190033,0.4049049726809967,0.9557082308319002,0.8453891523397757,0.2019654460419101
1619,3.4011442103967075e-08,3.5012281943174657e-12,15.232529832048732,0.50555403501197,0.5951236731448768,0.4048763268551232,0.9557598419457605,0.8455588388001306,0.2018904698322203
1620,3.4011442103967075e-08,3.1890521464426315e-12,15.228782084824827,0.5055499985546879,0.5951585689691227,0.40484143103087733,0.9557498731106604,0.8455370871034837,0.20196562616575398
1621,3.4011442103967075e-08,2.98508944918919e-12,15.227698517512872,0.5055346339753557,0.5951754960480479,0.4048245039519521,0.9557600067218245,0.8455307817056299,0.20192188155771001
1622,3.4011442103967075e-08,5.486939086852899e-12,15.21507745450474,0.5054649725351634,0.5951881262530921,0.40481187374690786,0.9557454266365464,0.8454731506962723,0.20206340913477838
1623,3.4011442103967075e-08,3.6166978688790546e-12,15.206274582394801,0.5054040350510325,0.5952086991644012,0.4047913008355987,0.9557293212034179,0.8454143335551978,0.20209510987144513
1624,3.4011442103967075e-08,5.443850624529509e-12,15.193685095493484,0.5054550767044071,0.595236824157077,0.404763175842923,0.9557344619143957,0.845425442255651,0.20204251730066303
1625,3.4011442103967075e-08,4.335778106970091e-12,15.184136287268036,0.5053911444293895,0.5952602616509736,0.4047397383490265,0.9557129635683119,0.8453977738658452,0.2020252363131242
1626,3.4011442103967075e-08,3.266723814291947e-12,15.179916562584596,0.5054541652463111,0.5953139074703366,0.4046860925296634,0.9557362465208149,0.8454323826268157,0.20201795816289772
1627,3.4011442103967075e-08,3.716992705296527e-12,15.174656978388095,0.5054744777410214,0.5953398189219221,0.40466018107807783,0.9557511129211365,0.8454442720990797,0.201996308545504
1628,3.4011442103967075e-08,4.9167507444935775e-12,15.162988911660754,0.505420701713359,0.5953603918332313,0.4046396081667687,0.955775306212053,0.8455157034763741,0.20194783351499718
1629,3.4011442103967075e-08,3.1868610386183524e-12,15.16184099478327,0.5054443996238542,0.5953096105964556,0.4046903894035444,0.9558305544797646,0.8456661349938194,0.20205719530420083
1630,3.4011442103967075e-08,5.1553364442064675e-12,15.148074140816734,0.5054373683756853,0.5953636470407169,0.4046363529592831,0.9558334435829666,0.8457010618957271,0.2019437903126433
1631,3.4011442103967075e-08,3.347392501021566e-12,15.144337596761696,0.5054082017166142,0.5953572668340451,0.4046427331659549,0.9558328750215769,0.845687645139113,0.2020416416634736
1632,3.4011442103967075e-08,3.658875889347359e-12,15.137796000710823,0.5054193996303646,0.5953965897404714,0.40460341025952856,0.9558739048049685,0.8457902426782344,0.2019584261532811
1633,3.4011442103967075e-08,3.81909191398844e-12,15.128388826721732,0.5054287746279232,0.5954369543132931,0.40456304568670687,0.9558863768809828,0.845748202143607,0.20217034874796788
1634,3.4011442103967075e-08,4.581429430535609e-12,15.117112415566107,0.5053852850559154,0.5954446366029592,0.4045553633970408,0.9558910686753135,0.8457930264707509,0.2021034536392905
1635,3.4011442103967075e-08,4.267712649286082e-12,15.106598837058957,0.5054476548313399,0.5954497147266368,0.40455028527336323,0.9558693579396754,0.8457736565179922,0.2020654624407343
1636,3.4011442103967075e-08,3.0796808520484467e-12,15.104540665359036,0.5054597642031864,0.5955308344971785,0.40446916550282147,0.9558517698581636,0.8457647991185198,0.2019376914793845
1637,3.4011442103967075e-08,3.905770303355326e-12,15.098219920676122,0.5053712225595774,0.5955202876249251,0.4044797123750749,0.955837073343691,0.8456496782627193,0.2021756111860587
1638,3.4011442103967075e-08,4.0768049237731475e-12,15.092854282442342,0.5053686183935889,0.5954939855484412,0.40450601445155876,0.9558044929680556,0.8455523682202729,0.2023807883047334
1639,3.4011442103967075e-08,3.193741460043694e-12,15.090903838940484,0.5053664048524987,0.5955369542872515,0.4044630457127485,0.9557924688800874,0.8455318943424783,0.2020984120409392
1640,3.4011442103967075e-08,3.199867028196202e-12,15.089628445308287,0.5053864569306101,0.5955675532376163,0.40443244676238366,0.9557992737111437,0.8455142488786751,0.20220195652171546
1641,3.4011442103967075e-08,5.164662119127333e-12,15.080985829619014,0.5054067694253205,0.5955902094817163,0.40440979051828374,0.955845545772436,0.8455541105981478,0.20237946308423463
1642,3.4011442103967075e-08,3.5072277569536463e-12,15.074659198660196,0.5054261704619347,0.5955980219796818,0.40440197802031824,0.9558552540413574,0.8455608191551369,0.2024970506597587
1643,3.4011442103967075e-08,4.4340092911176865e-12,15.065129526248707,0.5053822902650286,0.595628100096849,0.4043718999031511,0.9558590889724798,0.8455364663107989,0.2025149659253546
1644,3.4011442103967075e-08,3.5807413425837688e-12,15.060079169596039,0.5054158840062802,0.5955863032327335,0.40441369676726646,0.9558705547600453,0.8456103723691436,0.20239536659932256
1645,3.4011442103967075e-08,3.6336860204311484e-12,15.054960522002679,0.5053352850689362,0.5955847407331404,0.40441525926685956,0.9558563413663758,0.8455229869908621,0.2026022911794889
1646,3.4011442103967075e-08,3.653846831554338e-12,15.05019816239899,0.5053818996401302,0.5956023188535629,0.4043976811464372,0.9558700080320924,0.8455830980419313,0.20267656246893623
1647,3.4011442103967075e-08,3.957157226580168e-12,15.043925119984547,0.5054119777572974,0.5956468500919662,0.4043531499080339,0.9558835466076847,0.8456245447628998,0.20247132595182143
1648,3.4011442103967075e-08,4.23775692120576e-12,15.034733672570137,0.505373826725566,0.5956570063393213,0.4043429936606787,0.9558842004769559,0.8455763769264676,0.202506653799249
1649,3.4011442103967075e-08,4.531673069135455e-12,15.027929359857074,0.5053627590201148,0.5956870844564884,0.40431291554351156,0.9559118550825767,0.8456937798723215,0.20235985193165282
1650,3.4011442103967075e-08,3.39476538291018e-12,15.024716355312767,0.5053537746474546,0.5956435948844805,0.4043564051155195,0.9558972687061832,0.8456575409185743,0.20247571068847814
1651,3.4011442103967075e-08,3.775688278274834e-12,15.019027562191383,0.5053907538044912,0.595741511525648,0.404258488474352,0.9559118117355362,0.8456801926757251,0.20239786200457524
1652,3.4011442103967075e-08,3.4437491751440208e-12,15.013797909500651,0.5054024725514394,0.5957435948584389,0.40425640514156114,0.9559350748121216,0.8457328878893988,0.20251172672905268
1653,3.4011442103967075e-08,2.9095427730017527e-12,15.01304273020771,0.5053850246393164,0.5957993240105927,0.4042006759894073,0.95594843691447,0.8457942017881694,0.20225842600222713
1654,3.4011442103967075e-08,4.574905227968298e-12,15.002091896551647,0.5053880194302033,0.5958204177550995,0.40417958224490047,0.9559343061306986,0.8457640993052941,0.2022334813057151
1655,3.4011442103967075e-08,4.436223446116971e-12,14.993635148320811,0.5054295558777199,0.5958411208747081,0.4041588791252919,0.9559525767132905,0.8457941655739565,0.2022945707864392
1656,3.4011442103967075e-08,3.242283711235293e-12,14.988655034322399,0.5054684881592478,0.5958663812847965,0.4041336187152035,0.9559695414009572,0.8458580507098071,0.20221920211580452
1657,3.4011442103967075e-08,3.803717938347735e-12,14.981742020680231,0.5054854152381731,0.5958645583686046,0.4041354416313954,0.9559944114081651,0.8459193462872365,0.20226074211514644
1658,3.4011442103967075e-08,4.394170618559283e-12,14.97307514286645,0.505473436074626,0.5958894281537948,0.40411057184620525,0.9560380257816211,0.8460559852599291,0.20216636756230366
1659,3.4011442103967075e-08,3.4979969647628266e-12,14.96805594461303,0.505406639217021,0.5958976312766585,0.4041023687233415,0.9560710759326297,0.8460898621641868,0.202205021987147
1660,3.4011442103967075e-08,3.946967539318585e-12,14.96171487365611,0.5054005194269481,0.5959033604418332,0.40409663955816677,0.9560904323060605,0.8460852260216879,0.20246725549601546
1661,3.4011442103967075e-08,4.1940588950469525e-12,14.953253283297338,0.5053529933976579,0.5959404698071693,0.4040595301928307,0.9560780657868075,0.8460719358296834,0.2023737343652241
1662,3.4011442103967075e-08,4.497170748375551e-12,14.945914460620502,0.5054011704684452,0.5960195062449203,0.4039804937550798,0.9560667667983413,0.8460407926037157,0.2024030142028259
1663,3.4011442103967075e-08,4.363273833958686e-12,14.939037270499785,0.5053925767206832,0.5960239333271007,0.4039760666728993,0.9560830812813244,0.8460634589224098,0.2024686821527482
1664,3.4011442103967075e-08,3.723650677476983e-12,14.933259398199851,0.5054166652560768,0.5960339593661564,0.40396604063384356,0.956065442645126,0.8460222109675262,0.20252176013712972
1665,3.4011442103967075e-08,3.214319355640959e-12,14.930155447542747,0.5053652329778039,0.5960713291480914,0.40392867085190864,0.9561043240210453,0.8461490600114018,0.20234970244397213
1666,3.4011442103967075e-08,3.9511700447065635e-12,14.92227107692623,0.5053966131779654,0.5960626051920299,0.4039373948079701,0.9561128306999587,0.8461760580865441,0.2021570437147229
1667,3.4011442103967075e-08,4.5762734446228254e-12,14.911654084240196,0.5053983058858579,0.5960511468616805,0.4039488531383195,0.9561471110020358,0.8462400441737841,0.20229720519603983
1668,3.4011442103967075e-08,4.311478692533228e-12,14.903858008783768,0.5054975246100196,0.596009349997565,0.4039906500024349,0.9561625590050231,0.8462631031554191,0.20251677217090747
1669,3.4011442103967075e-08,4.014701381740224e-12,14.897030246832113,0.5055132798142501,0.5960652093580184,0.4039347906419816,0.95618157757022,0.8463119570063666,0.20253569433597468
1670,3.4011442103967075e-08,4.2336502577390234e-12,14.888068846520918,0.5054858058630713,0.596041511447523,0.40395848855247696,0.9561807725792651,0.8463063780764796,0.20256248798854434
1671,3.4011442103967075e-08,4.01647228689237e-12,14.881194825497241,0.5055378891828414,0.5960439854052121,0.40395601459478786,0.9561801721790899,0.8462677665720963,0.20281835721462407
1672,3.4011442103967075e-08,3.1263507955056034e-12,14.879539439734552,0.5055386704326379,0.5961182041358843,0.40388179586411566,0.9561459759101629,0.8462349746173911,0.20251957271454912
1673,3.4011442103967075e-08,3.816131705971271e-12,14.872535568956012,0.5055191391877242,0.5961697666224566,0.40383023337754337,0.9561679372766817,0.8463107915722674,0.20235516682117569
1674,3.4011442103967075e-08,3.4984230252018257e-12,14.86700643822475,0.5055778631307648,0.5962478916021116,0.40375210839788844,0.9561692230076239,0.8463023713248716,0.20219962609849143
1675,3.4011442103967075e-08,3.083103360535884e-12,14.865654590885597,0.5055572902194557,0.5962413811871403,0.4037586188128597,0.9561681792034253,0.8462551749521215,0.20236688348458962
1676,3.4011442103967075e-08,4.75378908778677e-12,14.856685744551205,0.5055575506360546,0.5962481520187104,0.4037518479812896,0.9561475212273534,0.8462097469163197,0.2023503052451445
1677,3.4011442103967075e-08,3.2797991216123623e-12,14.854557313216622,0.5055091131486684,0.5962762770113862,0.4037237229886138,0.9561428049647367,0.8462120984143834,0.20230486160121755
1678,3.4011442103967075e-08,3.481453551236236e-12,14.850639137732546,0.5055281235603845,0.5962978915890907,0.40370210841090926,0.9561563076460667,0.8462423550768617,0.2023333451835929
1679,3.4011442103967075e-08,3.5843793121361683e-12,14.846009868936285,0.5055067693992789,0.596321589499586,0.4036784105004139,0.9561906591114824,0.8463179053963994,0.20232684499750275
1680,3.4011442103967075e-08,2.868678343845673e-12,14.846011152398313,0.5055111964814593,0.5962792718022729,0.40372072819772703,0.9562279720743997,0.8464526919667584,0.20221011830084934
1681,3.4011442103967075e-08,3.4378444543619863e-12,14.839718004503611,0.5054638006604686,0.5963002353384804,0.40369976466151963,0.9562180972677955,0.8464293312155178,0.20221803011271908
1682,3.4011442103967075e-08,2.8210026737923843e-12,14.839897792559558,0.5054462225400462,0.5963547926159394,0.40364520738406057,0.9562410822872123,0.8465064406470861,0.20220947408472484
1683,3.4011442103967075e-08,3.970615804255118e-12,14.83151049194826,0.5054661444098583,0.5963340894963308,0.4036659105036691,0.956238636376625,0.8465116783305572,0.20222099857416503
1684,3.4011442103967075e-08,3.322165653061343e-12,14.829094420294409,0.5054563787874014,0.5963370842872177,0.40366291571278234,0.9562428896832667,0.8464982770235878,0.20227624574718397
1685,3.4011442103967075e-08,3.120575916789417e-12,14.826878301054451,0.5054901027369524,0.5963952873970606,0.40360471260293945,0.9562856203198747,0.8466293898950447,0.2020337227345809
1686,3.4011442103967075e-08,3.4095818842779756e-12,14.822889712715575,0.5055007798175053,0.5964695061277328,0.4035304938722672,0.9563126532239357,0.8467060159821472,0.2020710631189074
1687,3.4011442103967075e-08,3.792659271727211e-12,14.81801720662861,0.5054868475294668,0.5965037509104816,0.4034962490895185,0.9562721765914594,0.8465169340672167,0.2022160430625222
1688,3.4011442103967075e-08,4.026143424834172e-12,14.811343600286255,0.5054914048199467,0.5964850009153644,0.4035149990846357,0.9562884071164157,0.8465370590431092,0.20240078189907065
1689,3.4011442103967075e-08,3.82034391204874e-12,14.807864164438888,0.5054992173179121,0.596449063424723,0.4035509365752769,0.9562842533406948,0.8465469939434399,0.20250407122670186
1690,3.4011442103967075e-08,3.2289620229986894e-12,14.806113577147308,0.5054720037833323,0.5965390373596257,0.4034609626403743,0.956301125513929,0.8466250131582949,0.2022902083569855
1691,3.4011442103967075e-08,4.385614675278948e-12,14.798312893614282,0.5055247381445994,0.5965622144369234,0.4034377855630767,0.9562827648335085,0.8465497619178691,0.20233204756866152
1692,3.4011442103967075e-08,3.140403415677352e-12,14.797390501629499,0.5055231756450064,0.5965836988063284,0.40341630119367156,0.9563398663306198,0.8467239470185783,0.2021780595343167
1693,3.4011442103967075e-08,3.636802461946984e-12,14.79160142419387,0.5055235662699046,0.5965818758901364,0.4034181241098635,0.9563519702459982,0.8467103250560019,0.2022797650090573
1694,3.4011442103967075e-08,4.003664607254209e-12,14.782326838095129,0.505561066260139,0.5966007560935531,0.4033992439064469,0.9563206619805319,0.8466460041893327,0.2023089823765418
1695,3.4011442103967075e-08,3.785624432906603e-12,14.774826567675396,0.5055584620941505,0.5965994540105588,0.40340054598944114,0.9563322943340878,0.8466527666926467,0.20238320060387038
1696,3.4011442103967075e-08,5.37232538288309e-12,14.761441219535852,0.5055190089794247,0.5966223706712577,0.4033776293287424,0.9563780262943123,0.8468040976675343,0.202334300690408
1697,3.4011442103967075e-08,3.979549140256077e-12,14.756554240168452,0.5054997381511098,0.5966373446256915,0.4033626553743085,0.9563862790524297,0.8468370262324092,0.20238784343315233
1698,3.4011442103967075e-08,3.723941313952585e-12,14.752026348998834,0.5054490871226336,0.5966261467119409,0.403373853288059,0.9563628290082195,0.8467005071067488,0.20261213388373292
1699,3.4011442103967075e-08,3.416138684268458e-12,14.749114789478153,0.5055164048134363,0.5965967196362709,0.4034032803637291,0.9563691382098151,0.8467076911427937,0.2026273512348139
1700,3.4011442103967075e-08,4.359538967357547e-12,14.739281199693277,0.5055015610673018,0.5966800529479028,0.4033199470520971,0.9563861209303063,0.8467366076441785,0.20255973092866655
1701,3.4011442103967075e-08,3.348871196087753e-12,14.7365368798148,0.505577602714166,0.5966201571301674,0.4033798428698326,0.9564014024592499,0.8467679344445539,0.20268173039637463
1702,3.4011442103967075e-08,3.3135001502833296e-12,14.732628752515176,0.5055614568850373,0.59659919359396,0.40340080640604,0.9564085778031859,0.8467711287776466,0.20280178079710715
1703,3.4011442103967075e-08,3.310519748721629e-12,14.731161048617828,0.505568748549805,0.5966037508844398,0.4033962491155601,0.9564168204424935,0.8467752092726667,0.20291806292291598
1704,3.4011442103967075e-08,4.805551281880522e-12,14.71965475955532,0.505540232932231,0.5966484123311426,0.40335158766885737,0.9564381562196281,0.8468364159350098,0.20273934854577647
1705,3.4011442103967075e-08,3.2480341013598677e-12,14.716992848165152,0.5055774725058665,0.5967425529316268,0.40325744706837313,0.9564525732543797,0.8468554258710099,0.20256245516917712
1706,3.4011442103967075e-08,3.0512072191803614e-12,14.717394554637947,0.5055904933358091,0.5967221102286171,0.40327788977138285,0.9564325228946039,0.8467469955561479,0.20257058692991375
1707,3.4011442103967075e-08,3.6171920823682683e-12,14.713338320665002,0.5055848943789337,0.5966465894149506,0.4033534105850493,0.9564298361247787,0.8467271667301377,0.20271925699238716
1708,3.4011442103967075e-08,3.918005090123755e-12,14.706434633161102,0.5054597642031864,0.5967452873059148,0.40325471269408525,0.9564471477569255,0.846788554349062,0.20258353304936585
1709,3.4011442103967075e-08,3.0325905992003095e-12,14.703996332571426,0.5054712225335358,0.5967195060626286,0.40328049393737136,0.9564592861629532,0.8468200875395194,0.20259662845556486
1710,3.4011442103967075e-08,3.872788457430967e-12,14.695884654807847,0.5054812485725915,0.5967886466696233,0.4032113533303767,0.9564816171201124,0.8469211582158894,0.20236968537830338
1711,3.4011442103967075e-08,2.6389334915265108e-12,14.696330538536573,0.505451040247125,0.5967771883392738,0.40322281166072615,0.9564756634476853,0.8468609359968858,0.20262375089179818
1712,3.4011442103967075e-08,4.954888383122959e-12,14.684089267441678,0.5054619777442766,0.5968415112391898,0.40315848876081023,0.9564782151766821,0.846877719667722,0.20250297147680563
1713,3.4011442103967075e-08,4.0845040320794504e-12,14.67652606589627,0.5054571600371979,0.596826276868157,0.4031737231318429,0.9564674151657178,0.8468449325085159,0.20254364885226223
1714,3.4011442103967075e-08,3.842630037871341e-12,14.669655973192556,0.505410936090902,0.5969076570552977,0.40309234294470236,0.9564663705910326,0.8468325933180381,0.20256062877964207
1715,3.4011442103967075e-08,4.553396602472846e-12,14.661761629231973,0.5054257798370365,0.5968562247770248,0.4031437752229752,0.9564733157874517,0.8468092714815824,0.20285913430697475
1716,3.4011442103967075e-08,4.327333937375055e-12,14.653393775285098,0.5054246079623417,0.5968800528958196,0.4031199471041804,0.9565201688756843,0.8469262693450677,0.20287290540204353
1717,3.4011442103967075e-08,4.219139099920682e-12,14.646425041683722,0.5054042954676314,0.5969351310064763,0.4030648689935237,0.9565399153021357,0.8470907017205175,0.2025747796560504
1718,3.4011442103967075e-08,5.229872709956781e-12,14.634932114824483,0.5054072902585182,0.5969456778787298,0.4030543221212703,0.9565530502311695,0.8471413097369009,0.20250276231244904
1719,3.4011442103967075e-08,3.271917561123943e-12,14.63271060719401,0.505395311094971,0.5969598705833671,0.403040129416633,0.9565705787319833,0.8471865469520997,0.20236475165032983
1720,3.4011442103967075e-08,5.368897283944476e-12,14.622220745652603,0.5053516913146637,0.5969534903766952,0.4030465096233048,0.9565918963644721,0.8471508852631544,0.20272939977393056
1721,3.4011442103967075e-08,5.575578135729616e-12,14.607784299402658,0.5053152329908247,0.5969413810048487,0.40305861899515133,0.9565775831151652,0.8471311279343364,0.20272296041970858
1722,3.4011442103967075e-08,4.015120054043582e-12,14.60161748842209,0.5054078110917158,0.5969812247444727,0.40301877525552726,0.9565728100514346,0.8471358570615293,0.20270253179289086
1723,3.4011442103967075e-08,4.141459006844634e-12,14.593973378686975,0.5053897121380958,0.5969951570325112,0.4030048429674888,0.9565701728896785,0.8471202681749369,0.2027958166827452
1724,3.4011442103967075e-08,3.440141936303657e-12,14.5920775496002,0.5054058579672245,0.5970020580723807,0.4029979419276193,0.9565718002598118,0.8470971075058468,0.20282437331159592
1725,3.4011442103967075e-08,4.369243874103584e-12,14.584262702063631,0.5053363267353316,0.5970254955662772,0.4029745044337228,0.9565620458093882,0.8470599629339514,0.2029045865274234
1726,3.4011442103967075e-08,3.82830050534997e-12,14.580143918846977,0.5053734361006677,0.59697731849549,0.40302268150451004,0.9565943420179904,0.8471886511585641,0.20279967215351744
1727,3.4011442103967075e-08,4.704881637020669e-12,14.571590296737297,0.5053623683952165,0.5970549226419473,0.4029450773580528,0.9565898313389223,0.8471004139690917,0.20289593099013278
1728,3.4011442103967075e-08,3.5373439292504783e-12,14.568492024970753,0.5053959621364682,0.5970145580691255,0.4029854419308745,0.9566301136887249,0.8471937908840059,0.20291455594951197
1729,3.4011442103967075e-08,4.630049353871716e-12,14.557968620973933,0.5053839829729211,0.5970454174360892,0.4029545825639108,0.9566694561814856,0.8473389973542067,0.20280385395742814
1730,3.4011442103967075e-08,3.7575085393292075e-12,14.55409520452245,0.5053686183935889,0.5970995840886499,0.40290041591135,0.9566799391931456,0.8473744016121527,0.2028009085341582
1731,3.4011442103967075e-08,3.5082043422378187e-12,14.549313280424434,0.5054208319216583,0.5971030997127345,0.40289690028726555,0.9566686924217739,0.8473619311339656,0.20266178455359876
1732,3.4011442103967075e-08,3.915283637372147e-12,14.543384146236718,0.5053398423594161,0.5971174226256712,0.4028825773743288,0.9566433088448818,0.8472296259004455,0.20280953286266712
1733,3.4011442103967075e-08,3.705785753000107e-12,14.538272655997448,0.5053305975701569,0.5971534903246118,0.4028465096753881,0.9566620024292242,0.8473049853496828,0.20274798764275528
1734,3.4011442103967075e-08,3.417976797011606e-12,14.534405462744804,0.5052833319574657,0.5971721101114297,0.4028278898885703,0.9567044854788669,0.8474555853167549,0.20254870615086792
1735,3.4011442103967075e-08,2.8378784788887465e-12,14.53389671408997,0.5052731757101105,0.5971861726077675,0.4028138273922324,0.9566962166316053,0.8474149104368247,0.20256790816672993
1736,3.4011442103967075e-08,3.69142132467815e-12,14.527528917263501,0.5053134100746328,0.5972089590601669,0.4027910409398331,0.9567226613414174,0.8474409897509371,0.20262626352073246
1737,3.4011442103967075e-08,3.933188049114951e-12,14.52146795108051,0.5053031236189782,0.5972045319779865,0.40279546802201355,0.9566754297763423,0.8473471752933731,0.20269556558972254
1738,3.4011442103967075e-08,4.557556420638394e-12,14.511926969255628,0.5052910142471317,0.5971850007330727,0.40281499926692726,0.9566764515208381,0.8473657930448546,0.20269803110666607
1739,3.4011442103967075e-08,5.176702550802515e-12,14.498079624035535,0.5052499986328128,0.5971968496883204,0.4028031503116796,0.9567048384824609,0.8474723262276059,0.20250355865783845
1740,3.4011442103967075e-08,3.524346047049656e-12,14.495396325359655,0.5052842434155617,0.5972396882188312,0.40276031178116883,0.9566788473418213,0.8473270866955294,0.20277544567413586
1741,3.4011442103967075e-08,3.5565553425635018e-12,14.490756580107039,0.5053261704879765,0.5972126048925508,0.4027873951074492,0.9566691367473809,0.8472725433334453,0.20296193332790238
1742,3.4011442103967075e-08,4.827581945153823e-12,14.483526790561895,0.5052743475848053,0.5972219798901094,0.4027780201098906,0.9566702712638883,0.8473029976628972,0.20283795046021605
1743,3.4011442103967075e-08,2.9127086985962233e-12,14.483257118970487,0.5053470038158844,0.5972916413303018,0.4027083586696983,0.9567132653399373,0.8473538773213407,0.20279706041134293
1744,3.4011442103967075e-08,2.828287358119696e-12,14.483743601280107,0.5053213527808977,0.5972847402904322,0.4027152597095678,0.956703394488185,0.8473513715146861,0.20274723525995775
1745,3.4011442103967075e-08,3.4975935168608007e-12,14.48199325489919,0.5053574204798384,0.5973624746451889,0.4026375253548111,0.9567274071711698,0.8473852048495591,0.20255412901449704
1746,3.4011442103967075e-08,3.3551823506541464e-12,14.478667106617534,0.5053184881983104,0.5973451569413654,0.40265484305863464,0.9567050166266753,0.847334256499237,0.202701992465366
1747,3.4011442103967075e-08,3.2510225385789758e-12,14.475949826785477,0.5053212225725983,0.5974128652570664,0.40258713474293367,0.9567548775369054,0.847422240071162,0.20277365855962448
1748,3.4011442103967075e-08,3.688687108048633e-12,14.47141839992719,0.5052971340372047,0.597389167346571,0.402610832653429,0.9567674114036209,0.8474685940787223,0.20275288728172455
1749,3.4011442103967075e-08,3.846083934120793e-12,14.466144121328238,0.5052670559200375,0.5974171621309473,0.40258283786905263,0.9567578057098123,0.847452080127692,0.20291286546240453
1750,3.4011442103967075e-08,3.334317080736784e-12,14.461088658060964,0.5053108059086443,0.5974142975483601,0.40258570245164,0.9567512370091039,0.8473695228506719,0.20314885623123152
1751,3.4011442103967075e-08,3.0861330271086595e-12,14.459778517649614,0.5053236965302874,0.5974653392017346,0.40253466079826544,0.9567825466077896,0.8474715003117057,0.20290032371428962
1752,3.4011442103967075e-08,4.0693767874965826e-12,14.45364819260528,0.5053527329810591,0.5974891673205294,0.40251083267947063,0.9567783328838375,0.847450684378341,0.2029596869719808
1753,3.4011442103967075e-08,2.9920363404584706e-12,14.452416643388073,0.505365884019301,0.5974320058770818,0.4025679941229182,0.956772732971792,0.8474885102121824,0.202800189532309
1754,3.4011442103967075e-08,3.324864247743241e-12,14.448585757586276,0.5054014308850441,0.5974528392049898,0.4025471607950102,0.9567732529437809,0.8475048316788093,0.20284598788116076
1755,3.4011442103967075e-08,3.640440058135672e-12,14.44534909709376,0.505376300683255,0.5974685944092202,0.40253140559077977,0.9567935441960519,0.8475583289316518,0.20285806892331634
1756,3.4011442103967075e-08,4.111569754074941e-12,14.43833725470607,0.5053848944310171,0.5975553131366372,0.4024446868633628,0.9568184775171036,0.8476324279738098,0.20253447922717532
1757,3.4011442103967075e-08,3.868578269638656e-12,14.43133721441555,0.505328774653965,0.5976193756199543,0.40238062438004574,0.9568234908275998,0.8476312860809996,0.2027322210269916
1758,3.4011442103967075e-08,3.6261413875150348e-12,14.427321802118598,0.5053098944505483,0.5975961985426567,0.4024038014573434,0.9568382961471141,0.8476422045088112,0.2029343950773892
1759,3.4011442103967075e-08,3.56573374895957e-12,14.42380736797379,0.5052792955001835,0.5976395579063651,0.40236044209363486,0.9568512292953291,0.8476767843279401,0.20265730189039877
1760,3.4011442103967075e-08,3.728207453534773e-12,14.418731328207606,0.5052872382064484,0.5975968495841537,0.40240315041584623,0.9568942977628566,0.8477713392832006,0.20266710446774355
1761,3.4011442103967075e-08,3.997015844289709e-12,14.411208975852949,0.5052989569533967,0.5976347401992864,0.4023652598007136,0.9568941096851656,0.8477586471259773,0.20268577219715728
1762,3.4011442103967075e-08,3.4726505860744795e-12,14.407744422053375,0.5053358059021339,0.5975790110471325,0.4024209889528675,0.9569032309314319,0.8477813916345303,0.20286991053013415
1763,3.4011442103967075e-08,3.331940986346499e-12,14.404357096800657,0.5052906236222334,0.5975629954263033,0.40243700457369674,0.9569057559018559,0.8477954601808065,0.202917203457786
1764,3.4011442103967075e-08,3.4646694607549156e-12,14.39987314367032,0.5052897121641374,0.5976021881244302,0.40239781187556983,0.9569155677456043,0.8478061273551306,0.2027880970855864
1765,3.4011442103967075e-08,4.171495395372708e-12,14.394081378560946,0.5053062486181644,0.5976791412293903,0.4023208587706097,0.9569246839867375,0.847774279903035,0.20285662632400825
1766,3.4011442103967075e-08,3.2522285258475606e-12,14.391196160489296,0.5053557277719459,0.5976567454018892,0.40234325459811077,0.9569391654854855,0.8478240696185383,0.20283213213507545
1767,3.4011442103967075e-08,3.4034560696893085e-12,14.388284188393287,0.5053580715213355,0.5976408599893593,0.4023591400106406,0.956929327058984,0.8477734806108702,0.20299623170178543
1768,3.4011442103967075e-08,4.040999140905746e-12,14.38374017941456,0.5053328111112471,0.5976475006126301,0.40235249938736994,0.9569397894488816,0.8478504727372282,0.2028771664695856
1769,3.4011442103967075e-08,4.000138185215585e-12,14.377617876565157,0.505277602792291,0.5976420318640542,0.4023579681359458,0.9569644220416367,0.8478991253514622,0.20299405892081065
1770,3.4011442103967075e-08,3.483069141584268e-12,14.372096047876852,0.5052509100909088,0.597659740192776,0.402340259807224,0.9569626909532234,0.8478564455390791,0.20300734500236645
1771,3.4011442103967075e-08,4.232350302507749e-12,14.365480190542824,0.5051950507304556,0.5977034901813828,0.40229650981861725,0.9569128588414986,0.8476266855076849,0.20313008177661518
1772,3.4011442103967075e-08,3.4435056899891727e-12,14.364735091399279,0.505230727804498,0.5976745839389105,0.40232541606108957,0.9569674564175421,0.8477400070226523,0.20332426391719693
1773,3.4011442103967075e-08,4.3855462269281e-12,14.356517884279123,0.5053045559102719,0.5976912506012368,0.40230874939876315,0.9569709226221627,0.8478045609679442,0.20311074960225103
1774,3.4011442103967075e-08,4.0712038753323235e-12,14.351405052032888,0.505265363212145,0.5977012766402925,0.40229872335970746,0.9569832700797105,0.8477999315799295,0.2032024885907967
1775,3.4011442103967075e-08,2.7592988559820437e-12,14.351924063267386,0.5051947903138567,0.5977169016362235,0.40228309836377646,0.9570030779214235,0.8478395572998882,0.20323918667412205
1776,3.4011442103967075e-08,3.3869329505254565e-12,14.348426572403312,0.5052242173895267,0.5976331776996933,0.4023668223003067,0.9570286225620152,0.8479027236074502,0.20340051638384957
1777,3.4011442103967075e-08,3.327293032609987e-12,14.346405630389512,0.5052377590526669,0.5976700266484306,0.40232997335156945,0.9570148901988019,0.8478582183949657,0.20329660861810256
1778,3.4011442103967075e-08,4.1794646177594295e-12,14.337414681973463,0.5052391913439606,0.5976734120642156,0.4023265879357844,0.9570112078327107,0.8478545764787419,0.2033088455822515
1779,3.4011442103967075e-08,4.138129940885501e-12,14.33203193585936,0.505218488224352,0.5976568756101887,0.40234312438981135,0.9569997726812464,0.8477979530641454,0.20342620550052393
1780,3.4011442103967075e-08,4.3427529409022475e-12,14.323764721360117,0.505237498636068,0.5976961985166149,0.402303801483385,0.9570039143700657,0.8477744326740841,0.20342390519355666
1781,3.4011442103967075e-08,3.5767566832976607e-12,14.322037247089202,0.5052572902975806,0.5977373443392332,0.40226265566076674,0.9570043787621754,0.8477462666033097,0.20359530214568988
1782,3.4011442103967075e-08,3.658747904951052e-12,14.317232267183226,0.5052690090445289,0.5977171620528224,0.4022828379471776,0.9569859812316375,0.8476862296016371,0.20377393573974534
1783,3.4011442103967075e-08,4.32043008256045e-12,14.311147737043079,0.5052604152967668,0.5977283599665729,0.4022716400334271,0.9570117292083209,0.8477799633866949,0.2036737555928877
1784,3.4011442103967075e-08,7.329726599730715e-12,14.291214389582576,0.5052052069778107,0.5977391672554252,0.4022608327445748,0.9570072750321965,0.8478963053341592,0.20318256388203815
1785,3.4011442103967075e-08,4.694205898709446e-12,14.281348455242409,0.5052324205123905,0.5977594797501354,0.4022405202498645,0.9570562211394915,0.8479947296358741,0.20333520181409007
1786,3.4011442103967075e-08,3.879976376927693e-12,14.276393538229595,0.5052082017686974,0.597782005785936,0.402217994214064,0.9570423752541973,0.847953037388516,0.20333221952070007
1787,3.4011442103967075e-08,4.51505957490583e-12,14.269420960468532,0.5052778632088898,0.5977969797403698,0.4022030202596301,0.9570559799247251,0.8480021050411294,0.20340789217161268
1788,3.4011442103967075e-08,3.790137629003158e-12,14.261916714923798,0.5052462225921295,0.597859219307495,0.40214078069250503,0.9570446315073435,0.8479929473584713,0.20321084793012645
1789,3.4011442103967075e-08,5.317719709090645e-12,14.250688443294228,0.5052117173927819,0.5977790109950493,0.4022209890049508,0.9570755778645188,0.8480634568257187,0.20328949010666947
1790,3.4011442103967075e-08,5.423556750407334e-12,14.237970581034997,0.5051902330233768,0.5978107818201089,0.4021892181798911,0.9570627221226465,0.8480497467838369,0.20336601334399987
1791,3.4011442103967075e-08,3.376009780209308e-12,14.236447392930813,0.5052108059346859,0.5978372141048922,0.40216278589510784,0.9570727009281862,0.8480370603630357,0.20337264124804647
1792,3.4011442103967075e-08,4.6458510741706035e-12,14.227384632713727,0.5051677069875763,0.5978628651398789,0.40213713486012115,0.9570933406009599,0.848100678037632,0.20323072011118035
1793,3.4011442103967075e-08,3.4811963241811143e-12,14.22606617445292,0.505153514282939,0.5978879953416679,0.40211200465833213,0.957089636672302,0.8480488986887739,0.20335334777310207
1794,3.4011442103967075e-08,4.570007373569341e-12,14.215835980671221,0.5051180976254954,0.5979106515857678,0.40208934841423216,0.9571074604708891,0.8480908313857582,0.20336202342315213
1795,3.4011442103967075e-08,3.961196245239055e-12,14.21093628683489,0.505171613236559,0.597919896375027,0.40208010362497304,0.9571298583230969,0.8481760224529077,0.20321206094547659
1796,3.4011442103967075e-08,6.265204416311834e-12,14.195437763972354,0.505248175716621,0.597903359921,0.402096640079,0.9571542123042894,0.8482468999669981,0.20327399818574024
1797,3.4011442103967075e-08,5.0168446988441574e-12,14.185085234813698,0.5052029934367205,0.597874844303426,0.40212515569657403,0.9571466397564075,0.8482320389607122,0.20330161729895843
1798,3.4011442103967075e-08,3.872979170005321e-12,14.178023439527449,0.5053225246555926,0.5979709380284015,0.40202906197159843,0.9571525591248158,0.8482273317325808,0.20317392962329991
1799,3.4011442103967075e-08,7.638068762341971e-12,14.157313233872348,0.5053016913276845,0.5980089588518336,0.40199104114816636,0.9571433222873472,0.8482336554105971,0.2031434646030037
1800,3.4011442103967075e-08,5.237349380263321e-12,14.145631151459943,0.5053212225725983,0.5980610421716036,0.4019389578283964,0.9571317255828622,0.848156411026929,0.20309126579613132
1801,3.4011442103967075e-08,4.002137054504444e-12,14.140222169864014,0.5052786444586863,0.5981064848681029,0.4018935151318971,0.9571502253492236,0.8482119591279977,0.2030836867879216
1802,3.4011442103967075e-08,3.0846610447745358e-12,14.138751502819533,0.5052364569696727,0.5981197661146442,0.40188023388535576,0.9571659375680622,0.8482467348102662,0.20302425347535474
1803,3.4011442103967075e-08,4.39217493647966e-12,14.131586746863434,0.5052727850852122,0.5981124744498765,0.4018875255501236,0.95717191194002,0.848240096082345,0.20304826781997726
1804,3.4011442103967075e-08,2.794619063451769e-12,14.133072032752029,0.5052769517507938,0.5981092192423908,0.4018907807576092,0.9571658713982572,0.8482069782024425,0.2031620639783758
1805,3.4011442103967075e-08,2.7617199800486404e-12,14.132947455345336,0.5052898423724369,0.5981004952863294,0.40189950471367064,0.9572016740844899,0.8483158802939005,0.20308980595295706
1806,3.4011442103967075e-08,3.5120049267260897e-12,14.12905918568678,0.5053114569501415,0.5981140369494695,0.4018859630505305,0.9572246891978964,0.8483272595702276,0.20319849408613025
1807,3.4011442103967075e-08,3.9306092705125144e-12,14.12402353747252,0.5052421861348474,0.5981041411187132,0.40189585888128676,0.9571757130131376,0.8482040793465765,0.20318926129046172
1808,3.4011442103967075e-08,5.612569281763888e-12,14.111539413240013,0.5052634100876536,0.5981396879844563,0.40186031201554373,0.9572092186958712,0.8482677300095305,0.2032215589781014
1809,3.4011442103967075e-08,3.3554470725647077e-12,14.107120760357738,0.5052779934171893,0.5981174223652546,0.4018825776347454,0.9572027173911494,0.8482162636971456,0.20335694860339504
1810,3.4011442103967075e-08,3.89489874656087e-12,14.10031071426355,0.5052328111372888,0.598142031733846,0.4018579682661541,0.9572078345756669,0.8482790313758273,0.20317258685798245
1811,3.4011442103967075e-08,4.484817379547161e-12,14.092037357892732,0.5052222642650354,0.5981963285947061,0.4018036714052939,0.9572054411017339,0.8482760405993109,0.20313600767198187
1812,3.4011442103967075e-08,3.3801092774803514e-12,14.090512051093915,0.505178644484728,0.598244115040595,0.40175588495940495,0.9572148576487558,0.8483165161019856,0.2031909910097438
1813,3.4011442103967075e-08,3.821234161343861e-12,14.084886417356108,0.505218488224352,0.5982670317012938,0.4017329682987062,0.957202989134446,0.8483158805924352,0.20312549330797358
1814,3.4011442103967075e-08,5.490272277690445e-12,14.073078514738151,0.505202863228421,0.5983830472960814,0.40161695270391856,0.9572825090997354,0.8485384304372584,0.20291771243438417
1815,3.4011442103967075e-08,2.8676527341040328e-12,14.073620645551241,0.5051963528134498,0.5983834379209797,0.4016165620790203,0.9572707215268198,0.8484919739397636,0.20291239943037445
1816,3.4011442103967075e-08,5.668008109544231e-12,14.060598449918245,0.5052473944668243,0.5983045316915282,0.4016954683084718,0.957280431994412,0.8484939864462541,0.20319675789111313
1817,3.4011442103967075e-08,4.191068407252193e-12,14.054459283472854,0.505270571544122,0.5983751045898165,0.4016248954101835,0.9572807987943629,0.8485100094699114,0.20310007152664555
1818,3.4011442103967075e-08,3.248294455583868e-12,14.052704452794114,0.505253123631999,0.5983223702285494,0.4016776297714506,0.9573019832134214,0.8485810528802633,0.20305990435596974
1819,3.4011442103967075e-08,4.0621479488821406e-12,14.049228650835522,0.5052710923773197,0.5983394275157741,0.40166057248422593,0.9573046821081527,0.848606924251504,0.20299762198690888
1820,3.4011442103967075e-08,4.864310834019534e-12,14.039420213820518,0.5052489569664175,0.5983493233465303,0.4016506766534696,0.9572826578325141,0.8485384765094109,0.20318509246617328
1821,3.4011442103967075e-08,3.9111296946035726e-12,14.034313117374891,0.5052434882178416,0.5983551827200045,0.4016448172799955,0.9572840351112731,0.8484918799603703,0.20323061806114126
1822,3.4011442103967075e-08,7.348070488334448e-12,14.014960274173887,0.5052265611389164,0.5983646879258625,0.4016353120741375,0.9572812984020673,0.8484689867795561,0.20319110325766104
1823,3.4011442103967075e-08,3.746040597031573e-12,14.009755449399558,0.5052477850917226,0.5984033597907917,0.40159664020920827,0.957275394629696,0.8484228397762392,0.20332958025619088
1824,3.4011442103967075e-08,2.986155769556173e-12,14.009506933818834,0.5052358059281755,0.5984334379079589,0.4015665620920411,0.9572949794711543,0.8484273998642374,0.20345527787804293
1825,3.4011442103967075e-08,3.5878196058294513e-12,14.006184484938812,0.5052579413390778,0.5984641670666232,0.40153583293337686,0.9572860774109262,0.8483819560835507,0.20331052372716443
1826,3.4011442103967075e-08,3.4043046509232368e-12,14.003728015904665,0.5053154934074235,0.5984413806142238,0.4015586193857762,0.9572870572834061,0.8483505630588164,0.20361103185297572
1827,3.4011442103967075e-08,5.005979203363752e-12,13.993672601455234,0.5052799465416806,0.598457656651652,0.4015423433483481,0.9573270907450967,0.8485100021358861,0.20337023768808604
1828,3.4011442103967075e-08,4.617547501124561e-12,13.983642984309329,0.505264451754049,0.5984557035271605,0.40154429647283946,0.9573280671980445,0.8484666067966511,0.20333890183257886
1829,3.4011442103967075e-08,2.875878326896508e-12,13.982956281614236,0.5052673163366364,0.5984622139421318,0.4015377860578682,0.9573691268593794,0.8485375167067699,0.2033938602837115
1830,3.4011442103967075e-08,4.08021808523234e-12,13.976899306805459,0.505255858006287,0.5985062243473374,0.4014937756526626,0.9573529471802209,0.8485308012592561,0.20325279196771598
1831,3.4011442103967075e-08,3.638310145495601e-12,13.971983241112838,0.5052964829957075,0.5984544014441663,0.4015455985558337,0.9573608080060351,0.8485680230532056,0.2033074584279567
1832,3.4011442103967075e-08,2.9668026930860555e-12,13.9722634745982,0.5053337225693431,0.5984442451968112,0.40155575480318884,0.9573408751112296,0.8484860867246904,0.20338706598855266
1833,3.4011442103967075e-08,3.7790391052310715e-12,13.968460033956342,0.5053541652723528,0.5984697660234984,0.40153023397650156,0.9573799858092659,0.8486032021919981,0.20338406740307408
1834,3.4011442103967075e-08,6.065583621934642e-12,13.952971042316175,0.5053369777768287,0.5984490629038899,0.4015509370961101,0.9573969752491768,0.8486376720460254,0.2034808872361565
1835,3.4011442103967075e-08,6.143455089584719e-12,13.93424653256818,0.5053822902650286,0.5984770576882662,0.4015229423117338,0.9573894340552968,0.8486336686736129,0.20352812644667928
1836,3.4011442103967075e-08,3.730745395697924e-12,13.930877461455816,0.5054011704684452,0.5985693753725585,0.4014306246274415,0.9574222165774829,0.8487300633914949,0.20331338158640108
1837,3.4011442103967075e-08,3.353699124827287e-12,13.92950372659963,0.5053399725677155,0.5985669014148695,0.4014330985851306,0.9574231141121604,0.8487052778319233,0.20336458296967802
1838,3.4011442103967075e-08,4.350290670087604e-12,13.920793330178151,0.5053678371437924,0.5985895576589694,0.4014104423410306,0.9574508456133944,0.8487645150553955,0.20338922391108044
1839,3.4011442103967075e-08,3.692614650615274e-12,13.917988202276128,0.5053201809062029,0.5985813545361056,0.4014186454638944,0.9574416357214359,0.8487587824484414,0.20341800042227237
1840,3.4011442103967075e-08,4.101275477306971e-12,13.911708801708851,0.5053503892316694,0.5985438545458712,0.4014561454541288,0.9574434615156476,0.8487329488241305,0.20359288076544754
1841,3.4011442103967075e-08,3.5509622557985487e-12,13.90680535501308,0.5052986965367978,0.5986049222383015,0.4013950777616985,0.9574434689137254,0.8486863800537524,0.2035967903801911
1842,3.4011442103967075e-08,2.792773825114971e-12,13.907357691653745,0.5053075507011586,0.5986555732667778,0.4013444267332222,0.957445739380022,0.8487432225275592,0.20353509835219094
1843,3.4011442103967075e-08,3.5470176109830067e-12,13.904202054421836,0.5052268215555152,0.5986258857745089,0.4013741142254911,0.9574623867121778,0.8487554066264946,0.20369326309652938
1844,3.4011442103967075e-08,4.444482886381313e-12,13.89683250906149,0.5052493475913157,0.5986748440950926,0.4013251559049073,0.9574938436689706,0.8488739819446386,0.20346611950241902
1845,3.4011442103967075e-08,4.461636504647017e-12,13.88985147126415,0.5052414048850508,0.5986928128404133,0.4013071871595867,0.9574986756126191,0.8488848418635406,0.20355049475578693
1846,3.4011442103967075e-08,3.3382442856649743e-12,13.887991679377027,0.5052622382129588,0.5986961982561984,0.40130380174380165,0.9575118683995231,0.8489099806539276,0.20349041698003276
1847,3.4011442103967075e-08,5.246377614024816e-12,13.87780005831763,0.5052597642552697,0.5986788805523748,0.40132111944762516,0.9575076836911957,0.848869843175884,0.20355379331948947
1848,3.4011442103967075e-08,3.33858336530438e-12,13.874523171396598,0.5052773423756921,0.5987045315873616,0.4012954684126384,0.9575131514850593,0.8488930919278561,0.20357352942684476
1849,3.4011442103967075e-08,3.984169338655088e-12,13.869587598018947,0.5053044257019724,0.5987038805458644,0.40129611945413557,0.9575429265691666,0.848997584935994,0.2033816366312413
1850,3.4011442103967075e-08,3.840243349455413e-12,13.86567260850915,0.5052833319574657,0.5987356513709241,0.4012643486290759,0.9575714454352069,0.8490933198212969,0.20336143767376005
1851,3.4011442103967075e-08,3.273542766923059e-12,13.864722525132962,0.5052143215587704,0.5987917711479762,0.40120822885202373,0.9575779520227796,0.8490849885433006,0.20346094844473628
1852,3.4011442103967075e-08,4.520827178769445e-12,13.85752866262049,0.5052042955197147,0.5987627346972045,0.4012372653027955,0.9575580233849338,0.8490533846800538,0.2034490905633977
1853,3.4011442103967075e-08,3.0341510343821092e-12,13.858306374290578,0.5052263007223176,0.5987722399030625,0.4012277600969375,0.9575397890967644,0.8489639950439247,0.20340511103088188
1854,3.4011442103967075e-08,5.167755883007603e-12,13.849085176649673,0.5052963527874081,0.5987920315645752,0.4012079684354249,0.957539448710157,0.8489999161857912,0.20327581452425247
1855,3.4011442103967075e-08,3.155329449777761e-12,13.847192504860855,0.5053253892381799,0.5988717190438232,0.4011282809561768,0.9575675349178144,0.8491047259513543,0.20315389587372623
1856,3.4011442103967075e-08,2.8815319610051336e-12,13.847778123523424,0.505295701745911,0.5989054429933742,0.4010945570066258,0.9575254514731291,0.8489637527895285,0.20325846011410253
1857,3.4011442103967075e-08,3.835867709944046e-12,13.842528450982268,0.5052765611258956,0.5989339586109482,0.4010660413890517,0.9575346583801879,0.8489619595304339,0.20332354536196656
1858,3.4011442103967075e-08,3.2163317422528934e-12,13.840067396374215,0.5051980455213423,0.5989132554913397,0.4010867445086603,0.9575233493474187,0.848880922669813,0.20346935250078962
1859,3.4011442103967075e-08,3.741083913687723e-12,13.835318309586302,0.5051763007353384,0.5989748440169677,0.4010251559830323,0.9575298595405688,0.8488662315230973,0.2035432700875392
1860,3.4011442103967075e-08,5.60843395470152e-12,13.822053374447329,0.5051339830380253,0.5989223700722994,0.4010776299277005,0.9575548051026467,0.8489033078847376,0.20359020743027262
1861,3.4011442103967075e-08,4.119564298234207e-12,13.815031834764673,0.5051869778158912,0.5988894273725449,0.40111057262745503,0.9575608976647276,0.8489051352590183,0.20374809559564752
1862,3.4011442103967075e-08,4.195164236297821e-12,13.80958966705684,0.505216925724759,0.5989008857028943,0.40109911429710565,0.9575733897786799,0.8489700715056422,0.20362784273071072
1863,3.4011442103967075e-08,3.161151458129263e-12,13.809273347780954,0.5051649726132884,0.5989247138216891,0.4010752861783109,0.9575694346272682,0.8489295893932183,0.2039396043424804
1864,3.4011442103967075e-08,3.177106677172577e-12,13.808528605717788,0.5051441392853804,0.5988817450828788,0.4011182549171211,0.9576086906284497,0.848993312951341,0.20386796253679967
1865,3.4011442103967075e-08,3.2699600542300833e-12,13.806933778045478,0.5051385403285051,0.5989085679925604,0.4010914320074396,0.9576394557387431,0.8490647243031951,0.20376840115629596
1866,3.4011442103967075e-08,3.269001985425029e-12,13.805591078000505,0.5051782538598297,0.5989209377810057,0.4010790622189942,0.957678056701049,0.8491974915327789,0.20363422986320667
1867,3.4011442103967075e-08,4.1432203816069856e-12,13.801811925871265,0.5051807278175188,0.5989002346613972,0.40109976533860275,0.9576612616837288,0.8491934608642826,0.2034961196335083
1868,3.4011442103967075e-08,3.7990958286489504e-12,13.794964066629527,0.5051726549029545,0.5988778388338961,0.4011221611661039,0.9576758327351085,0.8491998273562558,0.2038055981638616
1869,3.4011442103967075e-08,3.695142983293152e-12,13.791094789946088,0.5051688788622711,0.5988672919616427,0.40113270803835727,0.957636933480217,0.8490922346370549,0.20394755164506673
1870,3.4011442103967075e-08,3.320405057168998e-12,13.788841677596974,0.5051417955359907,0.5989114325751478,0.4010885674248522,0.9576769731343117,0.8492025253858562,0.20382582370504124
1871,3.4011442103967075e-08,3.94605794202373e-12,13.785600602531558,0.5051407538695953,0.5989333075694512,0.4010666924305488,0.9577048387703088,0.8492900982001726,0.2037963859780291
1872,3.4011442103967075e-08,3.0124324473781365e-12,13.78600971768117,0.5051643215717913,0.5989508856898735,0.40104911431012646,0.9577124379477422,0.8492823459749325,0.2037500695281385
1873,3.4011442103967075e-08,3.4121427947067974e-12,13.783019883157507,0.5051639309468929,0.5989696356849907,0.40103036431500927,0.9577213789664863,0.8493531961175814,0.20355014013984088
1874,3.4011442103967075e-08,3.6015173417223094e-12,13.779868420438287,0.5051834621918068,0.5989934638037855,0.4010065361962145,0.9577459705748494,0.8495046370481748,0.2032765999461915
1875,3.4011442103967075e-08,3.4057852672748757e-12,13.77760998560382,0.5051437486604822,0.5990157294229871,0.40098427057701286,0.9577589653270743,0.8495102199367549,0.20335178520852762
1876,3.4011442103967075e-08,3.862582346555977e-12,13.772558258321421,0.5051874986490889,0.5990235419209526,0.40097645807904736,0.9577626831175216,0.8495482549699566,0.20337869703617517
1877,3.4011442103967075e-08,3.96808908377612e-12,13.763468689061265,0.5051315090803362,0.5990627346190796,0.40093726538092045,0.9577735901494978,0.8495743534889194,0.20336261205727862
1878,3.4011442103967075e-08,3.67883676089307e-12,13.76122119823729,0.5051634101136953,0.5991058335661892,0.4008941664338108,0.9577551719942519,0.849498867425318,0.20345972216346903
1879,3.4011442103967075e-08,3.2289829165682523e-12,13.757364537000932,0.5051261705400597,0.599121718978719,0.400878281021281,0.9577515342199807,0.8494981096485863,0.20337351162135786
1880,3.4011442103967075e-08,3.801886634233865e-12,13.75421844091978,0.5050766913862783,0.5991111721064656,0.4008888278935344,0.9577582885315373,0.849440452575282,0.2037203522351568
1881,3.4011442103967075e-08,3.494590021272616e-12,13.75251349247825,0.5050807278435605,0.5991313543928765,0.40086864560712354,0.9577735349271637,0.8494912938753821,0.2035797317631588
1882,3.4011442103967075e-08,3.6287196756808764e-12,13.749858424424446,0.5051397122032,0.5991278387687919,0.400872161231208,0.9577553325573254,0.8494275154024007,0.20371643961686448
1883,3.4011442103967075e-08,6.4680456694280694e-12,13.736023181398803,0.5051061184619483,0.5991711981325005,0.40082880186749953,0.9577561559237999,0.8494370996625513,0.20364531352493337
1884,3.4011442103967075e-08,3.949660341564101e-12,13.731465158145248,0.50516913927887,0.5991795314636637,0.4008204685363363,0.9577700401475766,0.8494329619854134,0.20376749165378752
1885,3.4011442103967075e-08,3.2561476378408375e-12,13.729528018650647,0.505266274670241,0.5991725002154947,0.40082749978450527,0.957787369363426,0.8494471061972152,0.2038886580098632
1886,3.4011442103967075e-08,4.1507928889910706e-12,13.722198324151252,0.5052411444684519,0.5992231512439711,0.400776848756029,0.9578200336692737,0.8495473986593375,0.2037966446402588
1887,3.4011442103967075e-08,4.185875615527716e-12,13.716745662383058,0.5052320298874922,0.599310781429484,0.400689218570516,0.9578116033863238,0.8495577426109253,0.20365042126175323
1888,3.4011442103967075e-08,3.4222810392020017e-12,13.714735171145541,0.5052593736303714,0.5993589585002712,0.4006410414997288,0.9578159276905999,0.8495683472714332,0.20360966563261562
1889,3.4011442103967075e-08,3.045330720616353e-12,13.714763622289766,0.5052066392691044,0.5992822658119099,0.40071773418809004,0.957825571909973,0.8496447803993632,0.203446236265293
1890,3.4011442103967075e-08,8.549096276869882e-12,13.692405828567889,0.5052428371763444,0.5992567449852226,0.40074325501477737,0.9578099244233326,0.8495513732245353,0.20362943851483228
1891,3.4011442103967075e-08,3.4907756446790586e-12,13.689817773977033,0.5052054673944095,0.5993050522643093,0.4006949477356907,0.9578061737811816,0.8495146784318564,0.20354741822811373
1892,3.4011442103967075e-08,3.2975146608543714e-12,13.688829153116142,0.5051957017719526,0.5993088283049927,0.4006911716950074,0.9578033276017011,0.8495085927061511,0.2035797291451132
1893,3.4011442103967075e-08,3.5492578305576037e-12,13.683797996038466,0.5051502590754534,0.5992913803928697,0.40070861960713033,0.9578212953381704,0.8495468318310204,0.20362740242604843
1894,3.4011442103967075e-08,3.5357350400484078e-12,13.679053147365423,0.5051644517800907,0.5993504949608086,0.4006495050391914,0.9578238148336828,0.8495372185775533,0.20359660495056411
1895,3.4011442103967075e-08,5.421141428817604e-12,13.667811690580598,0.5051774726100332,0.5993051824726088,0.4006948175273913,0.9577910094223678,0.8494436895743293,0.20358566380017526
1896,3.4011442103967075e-08,3.641263133987571e-12,13.66561054305093,0.5051927069810659,0.5993075262219983,0.4006924737780016,0.9578090299546073,0.8494778132476765,0.20364767395133496
1897,3.4011442103967075e-08,4.152480649064665e-12,13.660016220167213,0.5051562486572269,0.5993163803863593,0.40068361961364074,0.9578345967783369,0.8495843647936073,0.20370039795624426
1898,3.4011442103967075e-08,4.426448236848901e-12,13.652109743174222,0.5051746080274458,0.5993077866385972,0.40069221336140276,0.9578203873773196,0.8495327004230571,0.20384527059578955
1899,3.4011442103967075e-08,3.1169866954310054e-12,13.651259862108262,0.505162108030701,0.5993119533041789,0.4006880466958212,0.9578500640575073,0.84961830442363,0.2037979865503496
1900,3.4011442103967075e-08,3.981039751008129e-12,13.647088082924911,0.5052144517670698,0.599369895997423,0.4006301040025771,0.9578695094645995,0.8496205967970362,0.20388268632905052
1901,3.4011442103967075e-08,4.859804560473271e-12,13.637823821950919,0.505141274702793,0.5993623439160563,0.40063765608394375,0.957876950414098,0.8496356939398313,0.203833511229244
1902,3.4011442103967075e-08,3.5570436821608703e-12,13.635928668367837,0.5051229153325741,0.5993141668452691,0.40068583315473094,0.9578978317533257,0.8497341732850449,0.20387231958152183
1903,3.4011442103967075e-08,3.956652426553345e-12,13.629915139604067,0.5051324205384321,0.5993710678721177,0.40062893212788225,0.9579256283167724,0.8497586963202389,0.20400596656496509
1904,3.4011442103967075e-08,3.4919991838576075e-12,13.626589413130764,0.5051395819949005,0.59938187516097,0.40061812483903,0.9578951264284045,0.84963640454763,0.20419984070705433
1905,3.4011442103967075e-08,3.5924090643186756e-12,13.624020626266296,0.5051649726132884,0.5993508855857069,0.40064911441429313,0.9579078627758348,0.8496572603097428,0.2040169746634323
1906,3.4011442103967075e-08,3.058110707139716e-12,13.62362117778089,0.5051295559558449,0.5994252345246786,0.4005747654753215,0.9579364449517787,0.8497469422784437,0.20383884587506318
1907,3.4011442103967075e-08,3.1931194039210333e-12,13.62405084936845,0.505111847627123,0.599405182446567,0.4005948175534329,0.9579322211592961,0.8497319704133315,0.20395989497781228
1908,3.4011442103967075e-08,2.8830552267739067e-12,13.624453522120923,0.5051351549127201,0.5994882553416002,0.40051174465839984,0.9579375982220925,0.8497802163647601,0.20375167533465693
1909,3.4011442103967075e-08,3.977514926755207e-12,13.62048780788817,0.5051688788622711,0.599512083460395,0.4004879165396051,0.9579836117769933,0.8499042508496644,0.2036971841637896
1910,3.4011442103967075e-08,4.140846797286192e-12,13.615749711292734,0.5052111965595842,0.5995422917858615,0.4004577082141385,0.9579732721323896,0.8499312707541468,0.20353387021181124
1911,3.4011442103967075e-08,3.5303301838621433e-12,13.6119485669833,0.5051550767825321,0.599604921977885,0.4003950780221151,0.957969918798301,0.8499732592812027,0.20339626214610013
1912,3.4011442103967075e-08,3.956609283493491e-12,13.607812106845127,0.5052272121804134,0.5996434636345147,0.4003565363654853,0.9579458968785227,0.8498934015123013,0.2034001454844697
1913,3.4011442103967075e-08,3.06582418810259e-12,13.609575668072688,0.5052354153032773,0.5996020573952976,0.40039794260470246,0.9579072067915072,0.8497549267176567,0.20351841084423497
1914,3.4011442103967075e-08,2.967875871659962e-12,13.610115957181288,0.5052609361299646,0.5996717188354899,0.40032828116451014,0.9579053044192681,0.8497225567325252,0.20350901865355364
1915,3.4011442103967075e-08,3.743999933216118e-12,13.606808068541623,0.5052477850917226,0.5996731511267835,0.40032684887321646,0.9579386444945373,0.8498587387758633,0.203330269598304
1916,3.4011442103967075e-08,4.546303203092274e-12,13.60067934083859,0.505204686144613,0.5996805729998508,0.4003194270001492,0.9579537839172272,0.8498544187667612,0.20352023126770466
1917,3.4011442103967075e-08,3.937192978278888e-12,13.5961697053786,0.50517591011044,0.5996968490372789,0.4003031509627211,0.957997437299421,0.849955165298308,0.20359708555579292
1918,3.4011442103967075e-08,4.898244873525377e-12,13.58723321759358,0.5052118476010814,0.5997103907004191,0.4002896092995809,0.9579479706817973,0.8497708029531239,0.20385197129832758
1919,3.4011442103967075e-08,3.338941038830776e-12,13.58616007518984,0.5051859361494958,0.5996469792585991,0.40035302074140083,0.9579606288465535,0.8497786456299425,0.20392744501239948
1920,3.4011442103967075e-08,3.0248813217474583e-12,13.58714551248135,0.5052679673781335,0.5997204167394748,0.4002795832605252,0.9579811681320463,0.84981954834728,0.20382249393431642
1921,3.4011442103967075e-08,3.618412827687867e-12,13.584532462538501,0.5052093736433922,0.5996961979957818,0.4003038020042182,0.9579938487282547,0.8498350543018214,0.20387293979391785
1922,3.4011442103967075e-08,6.177222568995557e-12,13.57032128485629,0.5052414048850508,0.5997352604856092,0.40026473951439073,0.9580408516012122,0.8500057834147674,0.20355833086568384
1923,3.4011442103967075e-08,7.696849614971987e-12,13.546613853938593,0.5051941392723596,0.5998001042187229,0.4001998957812771,0.9580160927615896,0.8499452849410567,0.20360303099897084
1924,3.4011442103967075e-08,5.061091672427969e-12,13.537479105761403,0.5052052069778107,0.5998209375466308,0.40017906245336915,0.9580136042244916,0.8499550323241225,0.20364852867440209
1925,3.4011442103967075e-08,3.3012332346002476e-12,13.533660454029718,0.5052864569566519,0.5998116927573717,0.4001883072426283,0.9580212426477511,0.8499631970906524,0.20381183220695712
1926,3.4011442103967075e-08,3.0755510353559438e-12,13.533127491424494,0.505314712157627,0.5997721094343466,0.4002278905656535,0.9580552203101304,0.8500799798323304,0.20367129790122782
1927,3.4011442103967075e-08,3.5190461023766985e-12,13.529222832443377,0.5053119777833391,0.5997857813057861,0.40021421869421386,0.9580776846265474,0.8501655362943104,0.20364587749493918
1928,3.4011442103967075e-08,2.7961696072273415e-12,13.530262647809879,0.5052882798728437,0.5998228906711223,0.4001771093288778,0.958061435468023,0.8501159344054735,0.20392947122709695
1929,3.4011442103967075e-08,5.259287774553218e-12,13.520996996701857,0.5052708319607209,0.5997859115140856,0.40021408848591444,0.9580837206094303,0.850169810901306,0.20378444937492812
1930,3.4011442103967075e-08,6.9708054535184774e-12,13.5040291104125,0.5053095038256501,0.5998300521275906,0.4001699478724094,0.9581094876096039,0.8502219509587877,0.20354880849172302
1931,3.4011442103967075e-08,4.470023054859124e-12,13.499288325585564,0.5053093736173506,0.5998646875352376,0.40013531246476236,0.9580779992114873,0.8500692982933336,0.2039751197250209
1932,3.4011442103967075e-08,3.804894054403109e-12,13.496216215965351,0.5052443996759376,0.5999072656491495,0.4000927343508504,0.9581020860546038,0.8501014994285208,0.20395330178099466
1933,3.4011442103967075e-08,4.11303885942205e-12,13.490721753614462,0.5052471340502255,0.5999369531414185,0.4000630468585816,0.9580867175243726,0.850019208005153,0.20396940400559405
1934,3.4011442103967075e-08,3.205786293413755e-12,13.49034153499305,0.5053049465351702,0.5998988021096869,0.40010119789031307,0.9581074728805485,0.8501202313607132,0.2040840865331187
1935,3.4011442103967075e-08,3.976310909625927e-12,13.486650663512846,0.5053209621559994,0.5999333073090346,0.40006669269096545,0.9580715786168554,0.849978632238362,0.20417015460358084
1936,3.4011442103967075e-08,3.852352395349423e-12,13.483472027508151,0.5053485663154775,0.5999127343977254,0.4000872656022746,0.9580463262368815,0.8498369674532329,0.2042282931926462
1937,3.4011442103967075e-08,8.265357404081567e-12,13.458818241153507,0.5052688788362295,0.5999066146076525,0.40009338539234757,0.9580652225122208,0.8499121901761326,0.2042832834580874
1938,3.4011442103967075e-08,3.990078381764582e-12,13.453572996299727,0.5052829413325673,0.5999512760543552,0.4000487239456448,0.9580528298976599,0.8498454218278682,0.20439189853317027
1939,3.4011442103967075e-08,3.7832055788227565e-12,13.449303230931521,0.5052658840453427,0.599983697920912,0.400016302079088,0.9580693465290699,0.8499221952041358,0.2042723970019032
1940,3.4011442103967075e-08,6.3569693184440756e-12,13.431973318698157,0.5052648423789473,0.6000064843733114,0.3999935156266886,0.9580995196461448,0.8499770242726775,0.20426776740390334
1941,3.4011442103967075e-08,3.710614816918894e-12,13.428782332658628,0.5052054673944095,0.6000079166646051,0.399992083335395,0.9581171690137634,0.8500071156557398,0.20430400724767261
1942,3.4011442103967075e-08,3.5279397363162923e-12,13.424238507315978,0.505240233010356,0.6000343489493883,0.3999656510506117,0.9581178836047824,0.8500360677740539,0.20429213886231232
1943,3.4011442103967075e-08,5.1125195867136605e-12,13.413441598863068,0.5053214829891971,0.6000182031202596,0.3999817968797404,0.9580879816156295,0.849966027036707,0.20426469348435158
1944,3.4011442103967075e-08,4.227581481300291e-12,13.408459328047607,0.5052621080046594,0.6000128645799832,0.3999871354200168,0.958097977522318,0.8500268893049725,0.2042367162798871
1945,3.4011442103967075e-08,3.2122788284681036e-12,13.406706583033309,0.5053084621592546,0.6000654687329509,0.39993453126704914,0.9581092048222882,0.8500576529633483,0.20404368357999683
1946,3.4011442103967075e-08,4.441129912067541e-12,13.400788146002165,0.5053221340306943,0.6000954166418185,0.3999045833581814,0.9581028094606476,0.8500056698583395,0.20405493949719303
1947,3.4011442103967075e-08,3.695669384586721e-12,13.397786679629123,0.5053031236189782,0.6001389062138265,0.3998610937861735,0.9581406507705679,0.8501130386689453,0.20406121970649557
1948,3.4011442103967075e-08,4.48193224822642e-12,13.390776203693562,0.505233201762187,0.6001336978818496,0.3998663021181505,0.9581339762371791,0.8501692644367203,0.20392128264171347
1949,3.4011442103967075e-08,4.326523159403669e-12,13.384843155720494,0.5052941392463179,0.600153749959961,0.39984625004003904,0.9581892423303902,0.8503097224094701,0.20395331087690088
1950,3.4011442103967075e-08,3.212666884321282e-12,13.383936154162244,0.5052579413390778,0.6001710676637845,0.3998289323362155,0.9582112638328357,0.8504078119557432,0.20371107395634716
1951,3.4011442103967075e-08,4.011625558660049e-12,13.3793932045401,0.5052179673911543,0.600174583287869,0.39982541671213107,0.9581970276298607,0.85033308918476,0.20391108078377693
1952,3.4011442103967075e-08,4.91096347843168e-12,13.371009785133651,0.5052174465579566,0.6001579166255425,0.3998420833744575,0.9582047605572394,0.850286179842871,0.20418899991475847
1953,3.4011442103967075e-08,4.184551554623204e-12,13.364954097807173,0.5051886705237837,0.6001318749656576,0.39986812503434244,0.958199900854259,0.8502856531215355,0.20420064580811323
1954,3.4011442103967075e-08,3.3709443850308678e-12,13.363019658811542,0.505175259068943,0.6001545312097575,0.3998454687902425,0.9581986836801071,0.8502307040601726,0.20415804678389185
1955,3.4011442103967075e-08,6.540485290762695e-12,13.34512229734786,0.5052597642552697,0.6002571353497044,0.3997428646502957,0.958211041546847,0.8502911611374593,0.2040555912471854
1956,3.4011442103967075e-08,3.971398703103554e-12,13.341029919903097,0.5052253892642216,0.6002047916133355,0.3997952083866645,0.9582165931631386,0.850291363769871,0.20418630571176438
1957,3.4011442103967075e-08,3.0810480883210803e-12,13.339440860532592,0.505219399682448,0.6001941145327827,0.39980588546721735,0.9582038211144578,0.8502743237291759,0.20411477410266032
1958,3.4011442103967075e-08,3.895368300951442e-12,13.337117869899119,0.5051861965660946,0.600205572863132,0.3997944271368679,0.9582200694430432,0.8502845832466644,0.20426422069480168
1959,3.4011442103967075e-08,5.49688396997957e-12,13.326626291773014,0.5052032538533193,0.6002329166060113,0.3997670833939887,0.958227851877951,0.8503168197311288,0.2042711577621923
1960,3.4011442103967075e-08,3.41884081778792e-12,13.324475402531682,0.5051761705270389,0.6002536197256199,0.39974638027438014,0.9582282794288628,0.8502355761187008,0.2044586283598024
1961,3.4011442103967075e-08,3.3879210397608035e-12,13.321999469884549,0.5052475246751238,0.6002434634782647,0.39975653652173526,0.9582618895651707,0.8503787900997364,0.20428502107282542
1962,3.4011442103967075e-08,3.412796869693548e-12,13.32112780737273,0.5051869778158912,0.6001994530730591,0.3998005469269409,0.9582631353479226,0.8503479159501048,0.20446861506937972
1963,3.4011442103967075e-08,3.3276049089519026e-12,13.320115623719316,0.5052322903040911,0.6003170311674398,0.3996829688325602,0.9582598861864348,0.8503358995169034,0.2043621804753591
1964,3.4011442103967075e-08,3.04650525655232e-12,13.320392058429771,0.5052179673911543,0.6003649478216282,0.3996350521783718,0.9582754913393879,0.8504205934556793,0.2041187170257131
1965,3.4011442103967075e-08,3.997321621015819e-12,13.315797157451694,0.5051877590656877,0.6004123436426189,0.39958765635738114,0.9582780734647602,0.8504345858213737,0.20405005964625908
1966,3.4011442103967075e-08,4.106437791470744e-12,13.310041378208412,0.5051210924163821,0.6003128645018582,0.3996871354981418,0.9582732374592302,0.8503843246826641,0.2044286816135526
1967,3.4011442103967075e-08,3.4035110191116325e-12,13.307158012467184,0.50512838408115,0.6004097394766303,0.39959026052336966,0.9582984258326236,0.8504704124525309,0.20410961981723966
1968,3.4011442103967075e-08,4.1589690466332354e-12,13.30054082211104,0.5051770819851349,0.6003838280250448,0.3996161719749552,0.9582861312614491,0.8504209014774873,0.20427429294085694
1969,3.4011442103967075e-08,3.6093991280599716e-12,13.298963769334643,0.5051662746962826,0.6004741925848457,0.3995258074151543,0.9582809265730695,0.8504523463902609,0.2041347521396814
1970,3.4011442103967075e-08,3.628000821314825e-12,13.295104357591336,0.5051783840681291,0.6005204165311415,0.3994795834688585,0.9583119987466208,0.8505610710939266,0.20408502791074556
1971,3.4011442103967075e-08,4.008574132155943e-12,13.290944800788582,0.5051644517800907,0.6004938540380589,0.3995061459619412,0.9583198906681176,0.8505623210986105,0.204017792687807
1972,3.4011442103967075e-08,4.419188623532046e-12,13.28661962302264,0.5051252590819638,0.6004652082121854,0.39953479178781465,0.9583210189420819,0.8506024589232847,0.20395588828403652
1973,3.4011442103967075e-08,3.652191794268333e-12,13.283984306573835,0.505141274702793,0.6005312238199938,0.3994687761800062,0.9583149590251194,0.850577987946642,0.20391813780825582
1974,3.4011442103967075e-08,7.1731969502152835e-12,13.265947686213853,0.5051695299037683,0.6005620831869575,0.39943791681304247,0.9583255601150925,0.8505502338942313,0.20401257662360076
1975,3.4011442103967075e-08,3.85797872170342e-12,13.263548906216624,0.5051554674074303,0.6005894269298367,0.39941057307016326,0.9583281667259317,0.8505473073329856,0.2040981254209163
1976,3.4011442103967075e-08,3.47399906107941e-12,13.261676898492354,0.5051380194953075,0.6006016665099827,0.3993983334900173,0.9583411005460978,0.8505808518267801,0.2041856140459327
1977,3.4011442103967075e-08,5.064224239185859e-12,13.252017639745723,0.5051078111698408,0.6006059633838637,0.3993940366161363,0.9583541144981051,0.8506317083212227,0.20423492983407485
1978,3.4011442103967075e-08,4.414062921963874e-12,13.245324428251076,0.5051656236547855,0.6005461977744276,0.39945380222557236,0.9583455652928039,0.8505249077059263,0.204437881588983
1979,3.4011442103967075e-08,3.339038275495825e-12,13.242544308451256,0.5052363267613732,0.6006303123358562,0.3993696876641438,0.9583944476159904,0.8507466205435323,0.20414084678956915
1980,3.4011442103967075e-08,3.2345425089893775e-12,13.24108851621742,0.5052697902943254,0.6006113019241401,0.39938869807585986,0.958387358022429,0.8506897892992292,0.2042752697986341
1981,3.4011442103967075e-08,4.39255972905199e-12,13.232604925003283,0.5052579413390778,0.6006201560885011,0.399379843911499,0.958369528219573,0.8506078630008315,0.2043538209534225
1982,3.4011442103967075e-08,3.5112444714141632e-12,13.230611041296925,0.5052355455115767,0.6006083071332533,0.39939169286674664,0.9583658376324778,0.8506381445516797,0.20424254737709654
1983,3.4011442103967075e-08,3.4055930207866626e-12,13.229279549728382,0.5052773423756921,0.6005790102658828,0.39942098973411727,0.9583901179275364,0.8507741229515976,0.20400987002948054
1984,3.4011442103967075e-08,3.271870238566858e-12,13.228330273966339,0.505269660086026,0.6005683331853299,0.3994316668146701,0.9584008716824696,0.8507921978422335,0.204003616838222
1985,3.4011442103967075e-08,3.572449639046012e-12,13.226711314793901,0.5052859361234542,0.6005687238102282,0.3994312761897718,0.9584169873271065,0.8507907578971989,0.2040553989425367
1986,3.4011442103967075e-08,3.751328742463755e-12,13.222192628729273,0.5052695298777266,0.6005389061096599,0.3994610938903401,0.9583956676486927,0.8507103721911939,0.20424877876662012
1987,3.4011442103967075e-08,5.190966083226135e-12,13.21259852689227,0.5052584621722754,0.6005981508858982,0.3994018491141018,0.9584007293436773,0.8507508507565132,0.20403225497615327
1988,3.4011442103967075e-08,3.2784071310090547e-12,13.210896319603899,0.505229816346402,0.6006029685929769,0.3993970314070231,0.9584227138503766,0.8508234099873105,0.2038615745919926
1989,3.4011442103967075e-08,2.8997022048675777e-12,13.211216125883452,0.5051753892772424,0.600634869626336,0.39936513037366395,0.9584234444325147,0.8508231856159651,0.20406175234360335
1990,3.4011442103967075e-08,3.446984077648005e-12,13.2082376074827,0.5051859361494958,0.6006351300429349,0.3993648699570651,0.9584588501416188,0.8509157472859535,0.20394195211399688
1991,3.4011442103967075e-08,2.934872700489255e-12,13.206698055309277,0.5052208319737417,0.6006553123293458,0.39934468767065423,0.9584597611085166,0.8509362595721587,0.20404078793500188
1992,3.4011442103967075e-08,3.489252618449298e-12,13.203189046123777,0.5052352850949778,0.6007072654408163,0.3992927345591837,0.9584598153170557,0.8509289150828468,0.2039214937397971
1993,3.4011442103967075e-08,4.607214510825093e-12,13.196688641398763,0.5053032538272777,0.6006998435677491,0.3993001564322509,0.9584555125256957,0.8508692741636322,0.20411391788297484
1994,3.4011442103967075e-08,4.544729006868988e-12,13.187971780771578,0.505267837169834,0.6007386456409777,0.3992613543590223,0.9584781556502509,0.8509538132522987,0.20406061990869886
1995,3.4011442103967075e-08,5.291822673325859e-12,13.17781429913342,0.5053421861088057,0.6007599998020834,0.3992400001979166,0.9584807499178531,0.8509521700304201,0.20396527202006223
1996,3.4011442103967075e-08,3.468648399912581e-12,13.173692888434312,0.5052795559167823,0.600774583131619,0.39922541686838103,0.9584740010481864,0.8508882054843214,0.20426823807506136
1997,3.4011442103967075e-08,3.992686768512549e-12,13.168206514014452,0.5052609361299646,0.6007635154261679,0.39923648457383215,0.9585029515893173,0.8509289225330634,0.2042889692742898
1998,3.4011442103967075e-08,4.270012299477685e-12,13.162307594653335,0.5052593736303714,0.6008270570762873,0.3991729429237128,0.9585142397723593,0.8509493954613689,0.2041035881533063
1999,3.4011442103967075e-08,3.275274387911325e-12,13.161025515961471,0.5052911444554311,0.6008020570827977,0.39919794291720234,0.95848017164563,0.8508299397850244,0.20434629429429968
2000,3.4011442103967075e-08,4.620144241041679e-12,13.153941153641222,0.5053045559102719,0.6007521873041178,0.3992478126958821,0.9584354734920605,0.8506210147859601,0.20463369816126062
2001,3.4011442103967075e-08,3.9245409955593345e-12,13.150898941123595,0.5052888007060414,0.6007646873008626,0.3992353126991373,0.9584513973971299,0.8507001910225153,0.20462821157230346
2002,3.4011442103967075e-08,4.4176423318199825e-12,13.145583434669263,0.5052943996629168,0.6008351299908515,0.3991648700091484,0.9584683281486525,0.8507416221744484,0.2044639366591767
2003,3.4011442103967075e-08,3.8047754232949114e-12,13.141828180634928,0.5052513007158072,0.6007835675042793,0.3992164324957207,0.9584678623974746,0.8507079318503107,0.2046850792156551
2004,3.4011442103967075e-08,2.935607311938791e-12,13.142108730423695,0.5052294257215038,0.6008376039485407,0.39916239605145937,0.9584684902893261,0.85068794346256,0.2047183916837881
2005,3.4011442103967075e-08,2.93253607005209e-12,13.14180573227951,0.505248826758118,0.6008419008224216,0.39915809917757833,0.9584977351357659,0.8507702029048351,0.20457851021130508
2006,3.4011442103967075e-08,3.6153335986816786e-12,13.138276550721477,0.5052532538402985,0.6008467185295003,0.3991532814704996,0.9584952804553258,0.8507576472723634,0.20474353649547472
2007,3.4011442103967075e-08,3.724129072962632e-12,13.135099075932343,0.5051324205384321,0.6008980205994738,0.3991019794005262,0.9585262127719679,0.8509076005704918,0.20442442540704786
2008,3.4011442103967075e-08,3.918381412064734e-12,13.130478890295125,0.5051162747093034,0.6009264060087485,0.3990735939912516,0.958542884663573,0.8510048739353918,0.20420321096804195
2009,3.4011442103967075e-08,4.6542490666180255e-12,13.122275572499987,0.5051699205286665,0.6009047914310439,0.3990952085689561,0.9585518663290394,0.8510372975137567,0.20433452183483167
2010,3.4011442103967075e-08,4.273160509327324e-12,13.116933981533746,0.5051623684472999,0.6009377341307984,0.39906226586920157,0.9585451553284029,0.8510329177615669,0.20426025296993192
2011,3.4011442103967075e-08,4.449255552341364e-12,13.107469874004503,0.5050902330494185,0.6010253643163114,0.3989746356836886,0.9585661096366548,0.8511190964143015,0.20412474408385287
2012,3.4011442103967075e-08,2.9554349947414025e-12,13.108117243214252,0.5051227851242747,0.6010386455628527,0.3989613544371473,0.9585832546301999,0.8511315805007551,0.20419787811291076
2013,3.4011442103967075e-08,3.5532124815357796e-12,13.10654685864404,0.5050851549257409,0.6010829163846572,0.3989170836153428,0.9585626070825777,0.8510369968090883,0.20431777329815334
2014,3.4011442103967075e-08,3.804774523447168e-12,13.102416941130127,0.5051634101136953,0.6010609111820544,0.3989390888179456,0.9585856819536799,0.8511042772281627,0.20427005793103428
2015,3.4011442103967075e-08,3.714413734582428e-12,13.099301597163496,0.5051796861511234,0.6009913799501615,0.3990086200498385,0.9586004782612786,0.851100281665588,0.20455377836952482
2016,3.4011442103967075e-08,3.69065573790055e-12,13.097586947645368,0.5051447903268775,0.601003489322008,0.398996510677992,0.9586075293779032,0.8511286553554974,0.20447725425578397
2017,3.4011442103967075e-08,4.9463213428838846e-12,13.089635688117502,0.5051128892935184,0.6010016664058161,0.39899833359418396,0.9585851905648971,0.8510499580043512,0.20454876092268848
2018,3.4011442103967075e-08,5.479222423732062e-12,13.079484758551343,0.5051161445010041,0.6010169007768488,0.3989830992231512,0.9586120636070746,0.8511605531860453,0.2043883456029959
2019,3.4011442103967075e-08,3.5270568589002654e-12,13.078411587893122,0.5050957017979943,0.6010260153578085,0.3989739846421915,0.9586026550174964,0.851164153462549,0.20419059163607514
2020,3.4011442103967075e-08,3.5450870897283605e-12,13.07553966590351,0.5051447903268775,0.6010805726352676,0.39891942736473246,0.9585902505440539,0.8510981449540838,0.20434979502863618
2021,3.4011442103967075e-08,4.165870990434016e-12,13.07178659298587,0.5051717434448585,0.6011189840835979,0.3988810159164021,0.9586190405080617,0.8511544221270261,0.20435876138883044
2022,3.4011442103967075e-08,3.4981498356178393e-12,13.068112172417278,0.50518723823249,0.6011174215840048,0.3988825784159952,0.9586522120189943,0.8512642500709686,0.2042155703379963
2023,3.4011442103967075e-08,3.188993660948114e-12,13.067144193423246,0.505144009077081,0.6010698955547147,0.3989301044452853,0.9586763671287483,0.8513168318011309,0.2041911908694869
2024,3.4011442103967075e-08,3.966041374907579e-12,13.06160321800602,0.5051329413716299,0.6011088278362428,0.39889117216375725,0.9586710765559547,0.8512813759889082,0.204271712357172
2025,3.4011442103967075e-08,4.711669411486749e-12,13.05459853050886,0.5051490872007586,0.6010943747150066,0.3989056252849934,0.9586725455605051,0.8512697634935031,0.20431650449307484
2026,3.4011442103967075e-08,3.1108872704136566e-12,13.056420287563173,0.505144009077081,0.6011331767882352,0.3988668232117648,0.9586547270537534,0.8512573983084355,0.20414115341638694
2027,3.4011442103967075e-08,2.827639226399551e-12,13.05719975173233,0.5051527330331425,0.6011292705392525,0.39887072946074753,0.9586685942441675,0.8512325275277257,0.20440381654037953
2028,3.4011442103967075e-08,3.4892312070473506e-12,13.055895306498403,0.5051536444912385,0.6012102601014948,0.39878973989850525,0.9586781623817505,0.8511975519582353,0.20452130109105138
2029,3.4011442103967075e-08,2.827743690096429e-12,13.057271229559317,0.5051863267743941,0.6011864319827,0.3988135680173,0.9586876638095039,0.8512241316575955,0.204392055986574
2030,3.4011442103967075e-08,3.612377918724949e-12,13.054434958961636,0.5052072903106015,0.6011290101226536,0.39887098987734637,0.95868133883274,0.8511960622154832,0.20466691074402146
2031,3.4011442103967075e-08,4.813440281122819e-12,13.045382893211393,0.5052605455050663,0.6012239319729343,0.3987760680270656,0.9586728971644027,0.851225294953663,0.20448684241320747
2032,3.4011442103967075e-08,3.1131587995383865e-12,13.046155250049749,0.5052553371730892,0.6012299215547079,0.39877007844529205,0.9586682278048515,0.8511920725587107,0.20457073300285003
2033,3.4011442103967075e-08,9.176843722055459e-12,13.02167112665433,0.5051861965660946,0.6012206767654488,0.39877932323455123,0.9586565817034755,0.8511535469983363,0.20457539766071134
2034,3.4011442103967075e-08,5.0072519178455444e-12,13.013354489675264,0.5051968736466474,0.6012076559355063,0.3987923440644937,0.9586545355241409,0.8511432788100489,0.2046640018911127
2035,3.4011442103967075e-08,3.461228992208222e-12,13.012178780295452,0.5052214830152388,0.6012066142691108,0.3987933857308891,0.9586819784848625,0.8512114457036289,0.2044761949515742
2036,3.4011442103967075e-08,3.3539634821469802e-12,13.011685753099755,0.5052627590461565,0.6012196350990534,0.39878036490094665,0.9586808687181068,0.8511661928915027,0.2046313537732324
2037,3.4011442103967075e-08,5.1050269497521875e-12,13.003200733643713,0.5052190090575497,0.6011951559387615,0.3988048440612385,0.9586779868006482,0.8511508381582263,0.2047432385306991
2038,3.4011442103967075e-08,3.831104360281138e-12,12.999823520149862,0.5052018215620256,0.6012317444708999,0.3987682555291001,0.9586865898631216,0.851187191205691,0.20466296670709963
2039,3.4011442103967075e-08,4.934433093427362e-12,12.98996210559525,0.5051882798988855,0.6012924215384319,0.3987075784615681,0.9586990010783075,0.851213457983032,0.20457846021339293
2040,3.4011442103967075e-08,5.277438394565082e-12,12.97976534911863,0.5052247382227244,0.6012429423846504,0.3987570576153496,0.9586884053653622,0.8512049235957714,0.20468688752814182
2041,3.4011442103967075e-08,3.417261860478947e-12,12.978218822026973,0.5051937486474612,0.6013027079940865,0.39869729200591353,0.9586608930798755,0.8511296182875799,0.20476316783516532
2042,3.4011442103967075e-08,5.399758739973064e-12,12.96818999287746,0.5051812486507165,0.6013219788224013,0.39867802117759865,0.9586740109431554,0.8511683726271352,0.2047024396972483
2043,3.4011442103967075e-08,3.505362837404251e-12,12.965470198875497,0.5051639309468929,0.6012886454977485,0.3987113545022514,0.9586903427715002,0.8512334200625162,0.2046257254783324
2044,3.4011442103967075e-08,2.8460976051568527e-12,12.968320107296437,0.5051695299037683,0.6013460673577949,0.39865393264220506,0.9587089147363704,0.8512650530122096,0.20454513903296584
2045,3.4011442103967075e-08,3.4389746598447495e-12,12.965706845237893,0.5052140611421716,0.6014014058850505,0.39859859411494947,0.9587185415269419,0.8512653519189508,0.20462978079848052
2046,3.4011442103967075e-08,6.728103712450417e-12,12.94995447599179,0.5052421861348474,0.6013951558866781,0.39860484411332187,0.9587196956480863,0.851256521679903,0.20467075679525876
2047,3.4011442103967075e-08,8.621798354588937e-12,12.926760038710661,0.5052798163333811,0.601382525681634,0.3986174743183661,0.9587409876490707,0.8513327702725125,0.20462254608108277
2048,3.4011442103967075e-08,3.770016549866259e-12,12.923881529965705,0.5052285142634078,0.6013891663049046,0.39861083369509537,0.958748145443605,0.8513343580921275,0.20474134897610394
2049,3.4011442103967075e-08,3.922387732140998e-12,12.920705963174868,0.5052410142601526,0.6014116923407051,0.39858830765929487,0.9587430414578715,0.8513066203876918,0.2046659241390878
2050,3.4011442103967075e-08,3.965176961006145e-12,12.917476905640893,0.5051941392723596,0.6013874735970121,0.39861252640298794,0.9587391409132022,0.8512626171066772,0.2048971498449041
2051,3.4011442103967075e-08,6.0076256266946005e-12,12.905108886606495,0.5051873684407895,0.6013866923472155,0.39861330765278447,0.9588040070774593,0.8514425826264361,0.20473875564222266
2052,3.4011442103967075e-08,7.496437750552912e-12,12.886916509316354,0.5052485663415192,0.6013986715107627,0.39860132848923735,0.958773834138386,0.8513611946961673,0.20476483096363265
2053,3.4011442103967075e-08,8.066034433545398e-12,12.866308802403378,0.5051984361462406,0.6013760152666627,0.3986239847333373,0.9587544708035987,0.8513460449324114,0.20477648563169076
2054,3.4011442103967075e-08,2.902905606675316e-12,12.866621162998028,0.5052029934367205,0.6013973694277683,0.3986026305722316,0.9587866129130256,0.8514921506753855,0.20444353918784483
2055,3.4011442103967075e-08,3.8737645549431575e-12,12.8615081318129,0.5052084621852964,0.6014218485880602,0.39857815141193975,0.9587915210835263,0.851548832825042,0.20439960019927783
2056,3.4011442103967075e-08,3.677511165139653e-12,12.85653579307091,0.5051960923968509,0.6014060933838299,0.39859390661617017,0.9588104147225271,0.8515982433552233,0.2042685569642339
2057,3.4011442103967075e-08,4.435476404767774e-12,12.848249632948312,0.5051885403154843,0.6013409892341174,0.3986590107658826,0.9588393814243633,0.8516449600434126,0.20433994415014473
2058,3.4011442103967075e-08,3.6289289394811943e-12,12.847373692820199,0.5051565090738258,0.6013994527605592,0.39860054723944083,0.9588491472251442,0.8516461318470047,0.20440280374668485
2059,3.4011442103967075e-08,4.872942063408711e-12,12.841041584149146,0.5051920559395687,0.6014391662918838,0.39856083370811624,0.9588419507647923,0.8516021175453606,0.20440805484380556
2060,3.4011442103967075e-08,3.7823301797934775e-12,12.838197584719898,0.5051966132300486,0.601451796496928,0.398548203503072,0.9588048505316739,0.8514966233057926,0.2046053577230328
2061,3.4011442103967075e-08,3.877946641342659e-12,12.831930709309873,0.5051874986490889,0.6015520568874851,0.3984479431125148,0.958808379801068,0.8514452306488722,0.2045721031374618
2062,3.4011442103967075e-08,2.704110365671597e-12,12.834175179682692,0.5051234361657718,0.6015791402137656,0.3984208597862344,0.9588366877382772,0.8514881205334309,0.20476643069585787
2063,3.4011442103967075e-08,3.660928177917279e-12,12.830119176955876,0.5051193997084896,0.6015682027166139,0.3984317972833861,0.9587985033558134,0.8514277731872181,0.20469542349628334
2064,3.4011442103967075e-08,3.7659914602034964e-12,12.825822423488484,0.5051437486604822,0.6015472391804064,0.3984527608195935,0.9588236694222838,0.8515018416392887,0.20475614291423458
2065,3.4011442103967075e-08,4.6195466790204e-12,12.819185859130506,0.5051485663675609,0.6015744527149862,0.3984255472850137,0.9588535751494226,0.8516373607691952,0.20456816272753073
2066,3.4011442103967075e-08,5.228320150648341e-12,12.810407847005846,0.5051981757296418,0.6016172912454971,0.39838270875450293,0.9588824804853913,0.8516974028156571,0.2045775470701861
2067,3.4011442103967075e-08,3.84228559797574e-12,12.807821720265512,0.5052059882276072,0.6016114318720229,0.39838856812797707,0.9589187289822169,0.8518176511563581,0.2046166063624077
2068,3.4011442103967075e-08,3.0048438912030487e-12,12.808352256560056,0.5052117173927819,0.6017058328891061,0.398294167110894,0.9589234802477231,0.8518351263623254,0.20449747321279138
2069,3.4011442103967075e-08,3.872297719280628e-12,12.803766406549538,0.5051717434448585,0.6017472391283232,0.3982527608716769,0.9589355632201388,0.8518911233615247,0.20434106286825382
2070,3.4011442103967075e-08,4.573548378863684e-12,12.79663756600934,0.5051863267743941,0.6017288797581042,0.39827112024189576,0.9589208735125331,0.8518430922603556,0.2044533338328293
2071,3.4011442103967075e-08,4.070621928815953e-12,12.79137009078391,0.5051593736564131,0.6017478901698202,0.3982521098301797,0.9589120321706694,0.8517971466468023,0.20433412729967607
2072,3.4011442103967075e-08,3.878104615133649e-12,12.78821929158323,0.5051203111665856,0.6017642964155479,0.3982357035844522,0.9589080093236987,0.8517996650099241,0.2042213735323372
2073,3.4011442103967075e-08,3.1034470210215056e-12,12.788484267008721,0.5050816393016564,0.6017366922560697,0.39826330774393026,0.9588951130546451,0.851751049749406,0.20435849636830034
2074,3.4011442103967075e-08,3.676968665660996e-12,12.785753963141305,0.5050576809745623,0.6017767964122926,0.3982232035877074,0.9588838374504384,0.8516906785081244,0.20447890273171096
2075,3.4011442103967075e-08,3.786915146361411e-12,12.782771818803553,0.5051558580323287,0.6017386453805611,0.3982613546194389,0.9588936901996162,0.8516728202030307,0.2046669451786215
2076,3.4011442103967075e-08,3.5270558821522403e-12,12.781968537326314,0.5051209622080828,0.6017545307930909,0.39824546920690906,0.9588947868696053,0.8516851042319957,0.20465884237604376
2077,3.4011442103967075e-08,4.020853401333373e-12,12.779402057813963,0.5050942695067007,0.6017040099729141,0.39829599002708593,0.9589074291065692,0.851693750103704,0.2047283691755363
2078,3.4011442103967075e-08,3.241554690825163e-12,12.779633167941176,0.5051394517866011,0.6017260151755168,0.3982739848244831,0.9588976783749725,0.8516819106962861,0.20484882659786904
2079,3.4011442103967075e-08,3.740122210467243e-12,12.776408928265603,0.5051959621885516,0.6016516662365452,0.39834833376345474,0.9589015759908643,0.8517294031299403,0.2047241123109375
2080,3.4011442103967075e-08,4.205404593975584e-12,12.769958506642116,0.5051619778224016,0.6016618224839004,0.3983381775160996,0.958911664502649,0.8517138123803663,0.20478508438035392
2081,3.4011442103967075e-08,3.3994388683811027e-12,12.769032884500717,0.5051666653211809,0.6016153381210056,0.3983846618789943,0.9588903035924627,0.8516286296107771,0.20500152482114023
2082,3.4011442103967075e-08,3.327197726480305e-12,12.768029717330203,0.5052035142699182,0.601600103749973,0.39839989625002703,0.9589201873185196,0.8516757789598316,0.20509096738856947
2083,3.4011442103967075e-08,3.148139245078591e-12,12.768769061478068,0.5052118476010814,0.6016511454033475,0.3983488545966524,0.9589516737614772,0.8517994512042039,0.20501411390579616
2084,3.4011442103967075e-08,3.68633879590661e-12,12.767130911281013,0.5052281236385094,0.601670286023363,0.39832971397663697,0.9589338133164085,0.85174985888758,0.2049311104681564
2085,3.4011442103967075e-08,3.8077850996441995e-12,12.76465889255517,0.5052066392691044,0.6017217183016359,0.39827828169836416,0.9589276878389883,0.8517236588373771,0.20487637342357598
2086,3.4011442103967075e-08,5.177157390987089e-12,12.756259144115337,0.5051615871975034,0.601647890195862,0.3983521098041381,0.9589503889523091,0.851777800100928,0.20485867821544002
2087,3.4011442103967075e-08,3.759023823379119e-12,12.75374506204151,0.5051468736596684,0.6016977599745417,0.39830224002545833,0.9589516041619989,0.8518160638034523,0.2046933720823199
2088,3.4011442103967075e-08,3.115705797256464e-12,12.75318273860492,0.5050832018012495,0.6016568745685222,0.39834312543147776,0.9589773528701137,0.8518938898440056,0.2046954215618976
2089,3.4011442103967075e-08,3.237020366340099e-12,12.751805085850464,0.5051117174188235,0.6016803120624188,0.39831968793758127,0.9589949547888696,0.8518752611862525,0.20473508116094868
2090,3.4011442103967075e-08,3.043520808528092e-12,12.75242452973073,0.5051039049208581,0.601669374565267,0.39833062543473297,0.9590055303692302,0.8519006968890649,0.20482163211009438
2091,3.4011442103967075e-08,4.289065006812576e-12,12.746649844983391,0.505044399728021,0.6017240620510255,0.3982759379489745,0.9590121148813646,0.8518903132945602,0.20482796745021983
2092,3.4011442103967075e-08,2.8363928084536754e-12,12.7475931616778,0.5050743476368886,0.6017231505929296,0.3982768494070705,0.9590013967531328,0.8518773786463298,0.20499069606273856
2093,3.4011442103967075e-08,2.452142349698468e-12,12.751291807936791,0.5050440091031226,0.6017792703699817,0.3982207296300183,0.9590138622019676,0.8519475690622537,0.20471825416570402
2094,3.4011442103967075e-08,3.229274237315871e-12,12.752126057691415,0.5050372382715526,0.6018243224415827,0.3981756775584173,0.9590336618664135,0.8519805486059134,0.204735085574618
2095,3.4011442103967075e-08,3.3997837897811885e-12,12.750633347117176,0.5049910143252567,0.601776926620592,0.398223073379408,0.9590375177684085,0.8520121703572753,0.20486129332498215
2096,3.4011442103967075e-08,3.0975083213586403e-12,12.75021040133793,0.5049654934985695,0.6018402078541125,0.3981597921458875,0.9590485476163084,0.8520359476390448,0.2047276534671464
2097,3.4011442103967075e-08,3.779097595822097e-12,12.74701166984045,0.5050044257800974,0.6018241922332833,0.39817580776671674,0.9590575618802453,0.8520819083326914,0.20460893572598535
2098,3.4011442103967075e-08,4.055277356295486e-12,12.743848095023626,0.5049980455734256,0.6018847390925158,0.3981152609074841,0.9590543125459076,0.8520752064207814,0.20451139169821514
2099,3.4011442103967075e-08,3.2391666890435848e-12,12.743650331137117,0.5049609362080896,0.6018538797255522,0.39814612027444785,0.9590513617122689,0.8520725238253608,0.20466979898529314
2100,3.4011442103967075e-08,6.104599054747655e-12,12.731349825553245,0.5049282539249339,0.6019070047117175,0.39809299528828246,0.9590549696897658,0.852057014173233,0.20475162136954575
2101,3.4011442103967075e-08,4.74427086247824e-12,12.723902914575321,0.504928904966431,0.6019377338703819,0.3980622661296182,0.9590461617741511,0.8520242227035167,0.20467987235291699
2102,3.4011442103967075e-08,4.151246000978732e-12,12.720075007021665,0.5049565091259091,0.6020280984301827,0.3979719015698173,0.9590750180932059,0.8521471840080754,0.2043816182235523
2103,3.4011442103967075e-08,3.0690894808768714e-12,12.720684956615147,0.5048828112284346,0.6019278380396255,0.3980721619603745,0.9590843761791799,0.8521104347502956,0.20461877726627667
2104,3.4011442103967075e-08,3.177102755270428e-12,12.720283720531157,0.5048705716482886,0.6019202859582589,0.39807971404174114,0.9590940525954821,0.8521085287846583,0.20473254263761148
2105,3.4011442103967075e-08,6.7895103051771255e-12,12.705796712262238,0.5048960924749759,0.601918202625468,0.3980817973745319,0.9590948949064854,0.8521050552697917,0.20477469910868956
2106,3.4011442103967075e-08,4.041763589576444e-12,12.700976266058083,0.5048891914351064,0.6019024474212377,0.39809755257876234,0.959092518151105,0.8521013786707409,0.20467325554037571
2107,3.4011442103967075e-08,4.044329477660449e-12,12.697285873418087,0.5049346341316057,0.601940858869568,0.398059141130432,0.9590820554336178,0.8520781707476667,0.2047216015805744
2108,3.4011442103967075e-08,3.703172207816073e-12,12.694473505584583,0.504844660196703,0.601929530747518,0.39807046925248196,0.9590640719286537,0.8519646617401451,0.20484653860066582
2109,3.4011442103967075e-08,4.412682922264469e-12,12.688412138240523,0.5049255195506459,0.601998150521315,0.39800184947868505,0.9590733714934456,0.8520180405054385,0.20475025804217672
2110,3.4011442103967075e-08,3.314385815380313e-12,12.685407041658445,0.5048884101853098,0.6019579161567926,0.39804208384320733,0.959090127752081,0.8520712660611783,0.20466743293200354
2111,3.4011442103967075e-08,3.124686113565977e-12,12.685701212741618,0.5049326810071143,0.6020124734342517,0.3979875265657483,0.9590862152544734,0.8520536243594249,0.20479520819606997
2112,3.4011442103967075e-08,3.303935991985894e-12,12.685040302065545,0.5049749987044274,0.6020114317678563,0.3979885682321437,0.9590912518329281,0.85208122957812,0.2047999672420484
2113,3.4011442103967075e-08,3.2545343739765554e-12,12.684023010495363,0.5049891914090647,0.6019945046889311,0.39800549531106894,0.9591057952625006,0.8520958901676143,0.2049647579565104
2114,3.4011442103967075e-08,4.4625783571650785e-12,12.677527583522567,0.5049983059900245,0.6020419005099218,0.39795809949007827,0.9590968725163301,0.8520505742788735,0.20497168787031741
2115,3.4011442103967075e-08,3.6893475789201475e-12,12.674339374717233,0.5050265611909996,0.602062213004632,0.39793778699536797,0.9591193998112192,0.8520709491241613,0.20503021315725523
2116,3.4011442103967075e-08,3.5382611186155823e-12,12.672455091082616,0.5050059882796906,0.6020618223797337,0.39793817762026623,0.9591187116240274,0.8520397587178943,0.2051179464900518
2117,3.4011442103967075e-08,3.2777131639600396e-12,12.671914040463854,0.5050333320225698,0.60205361925687,0.39794638074313,0.9591181797988845,0.8520561767269972,0.2049771046563471
2118,3.4011442103967075e-08,3.655371842593168e-12,12.66893785472389,0.5050188789013336,0.6021610411038956,0.39783895889610443,0.959106446779036,0.8520545629919825,0.2048341164326256
2119,3.4011442103967075e-08,3.6163849459194054e-12,12.66695318857222,0.5050714830543013,0.6021736713089397,0.3978263286910602,0.9591117074114013,0.8521311842667192,0.20485837898810239
2120,3.4011442103967075e-08,2.632339479167165e-12,12.670306235687349,0.5050184882764354,0.6022452858736235,0.39775471412637653,0.9591418893792104,0.8522198391589108,0.20460743844516951
2121,3.4011442103967075e-08,3.3287348299482236e-12,12.669820951130188,0.5050820299265547,0.6022722389916044,0.3977277610083956,0.959152218178879,0.8522232578961294,0.20468238034844968
2122,3.4011442103967075e-08,2.83527131040999e-12,12.67076448440433,0.5051203111665856,0.6023139056474204,0.3976860943525796,0.9591332002058043,0.85217653318055,0.20457084414115442
2123,3.4011442103967075e-08,2.6684472813951874e-12,12.67277839171793,0.5051080715864397,0.6023469785554744,0.3976530214445257,0.9591371078772462,0.8521933745491594,0.20461865209401303
2124,3.4011442103967075e-08,3.632240676258552e-12,12.67069526536183,0.5050643215978329,0.6023192441876968,0.39768075581230317,0.9591455129502727,0.8522607312951411,0.2044962158489747
2125,3.4011442103967075e-08,5.26237789049406e-12,12.66139288864009,0.5050414049371341,0.6023102598150365,0.3976897401849635,0.9591502918153845,0.8523086118161717,0.20437039126105522
2126,3.4011442103967075e-08,3.5988669741197783e-12,12.658822030079504,0.505072003887499,0.6022856504464452,0.3977143495535548,0.9591669516152876,0.8523490827451419,0.20445360647579786
2127,3.4011442103967075e-08,3.117118365491229e-12,12.658943108527685,0.5050315091063778,0.6023253639777698,0.3976746360222302,0.9591647544676746,0.8523563783191169,0.20446740753553616
2128,3.4011442103967075e-08,3.326000948133916e-12,12.65956005829543,0.504967186206462,0.602293853569309,0.397706146430691,0.9591962142506506,0.8524436448761702,0.20442113198967665
2129,3.4011442103967075e-08,5.955086207125651e-12,12.646045914103201,0.5049792955783085,0.6023206764789905,0.3976793235210095,0.9592068939709057,0.8524547768196413,0.20449194111121513
2130,3.4011442103967075e-08,6.628370291593064e-12,12.631664983731193,0.5049588528752987,0.6023007546091785,0.3976992453908215,0.9592065214707893,0.8523861274186448,0.20471156928553097
2131,3.4011442103967075e-08,5.584514810314418e-12,12.620953863332309,0.504995701824036,0.6022501035807022,0.3977498964192978,0.9592294375625324,0.8524147976185287,0.20490407268192296
2132,3.4011442103967075e-08,3.2733016355443652e-12,12.621393685742145,0.5049622382910838,0.6022437233740304,0.39775627662596963,0.9592002284459901,0.8523218049190874,0.20492402913865987
2133,3.4011442103967075e-08,3.5507947685069993e-12,12.621053823578034,0.504974868496128,0.6023139056474204,0.3976860943525796,0.9592058470244996,0.8523017392280144,0.20484721742500367
2134,3.4011442103967075e-08,4.18811452932052e-12,12.61745831080707,0.5050330716059709,0.6023349993919273,0.39766500060807275,0.9592328508223219,0.8524084025807926,0.20464689472903957
2135,3.4011442103967075e-08,4.606191678220341e-12,12.609905716968338,0.5049673164147613,0.6023273171022612,0.3976726828977388,0.959266234515903,0.8524338422351794,0.20489212288216502
2136,3.4011442103967075e-08,1.1318863469869398e-11,12.574920868036141,0.5049391914220855,0.6022848691966487,0.39771513080335136,0.9592502046243072,0.8523486353973161,0.2050272822845788
2137,3.4011442103967075e-08,5.392188917036767e-12,12.563940573768672,0.5049533841267229,0.6023447650143842,0.3976552349856159,0.9592264805213266,0.8522758116199386,0.20506289063702277
2138,3.4011442103967075e-08,3.33126247409452e-12,12.562890754468905,0.5050110664033681,0.6023609108435128,0.3976390891564872,0.9592437579424122,0.852343240931848,0.2049618578763691
2139,3.4011442103967075e-08,3.01066793353851e-12,12.56357217157709,0.5050080716124814,0.6023751035481502,0.3976248964518499,0.9592203935332468,0.852283711790477,0.20511112309484258
2140,3.4011442103967075e-08,4.93633356247629e-12,12.555159839471944,0.5050460924359135,0.6024254941600276,0.39757450583997245,0.9592044036883144,0.8522432038016817,0.20505527813665794
2141,3.4011442103967075e-08,1.1683445513843466e-11,12.517162128545968,0.5050263007744008,0.6024771868548993,0.39752281314510074,0.9592539320990265,0.852365060532119,0.20495354287790074
2142,3.4011442103967075e-08,1.0040870264890324e-11,12.487792023531991,0.5049964830738325,0.602376926464342,0.39762307353565796,0.9592618919626633,0.8523290718426617,0.2052577943188171
2143,3.4011442103967075e-08,5.05805084370823e-12,12.479535804601637,0.504968748706055,0.602355442094937,0.39764455790506303,0.9592403093904548,0.8523134664271591,0.2053006793093684
2144,3.4011442103967075e-08,6.942122835279909e-12,12.461546573593399,0.5049611966246884,0.6024215879110448,0.39757841208895517,0.9592386795369792,0.8523471348240369,0.20492769495759533
2145,3.4011442103967075e-08,3.993782059278548e-12,12.459448545897686,0.5049979153651262,0.6024175514537626,0.39758244854623737,0.9592441168866095,0.8523667644342068,0.204917057470354
2146,3.4011442103967075e-08,3.2456829016962425e-12,12.458662816842637,0.5050178372349382,0.6024037493740236,0.3975962506259764,0.9592413645920614,0.8523686746480938,0.20489201514536767
2147,3.4011442103967075e-08,1.0435226268050736e-11,12.427727753993626,0.5050765611779788,0.6024370826986764,0.3975629173013236,0.9592860015093094,0.8524682899759398,0.20471707636645345
2148,3.4011442103967075e-08,6.284704347969506e-12,12.41303573606383,0.5050140611942548,0.6024113014553902,0.39758869854460976,0.9593142228702016,0.8525858933314917,0.2046199808249046
2149,3.4011442103967075e-08,1.0409876187087797e-11,12.381542282085817,0.5049371080892948,0.602385780628703,0.39761421937129704,0.9592838057031707,0.8525263562056408,0.20474056838214683
2150,3.4011442103967075e-08,3.787214801231898e-12,12.379288181560327,0.5049641914155751,0.6024426816555517,0.39755731834444835,0.9592953112271092,0.8525417648080802,0.20462937913588908
2151,3.4011442103967075e-08,3.1255731466594175e-12,12.379497723248415,0.5049779934953142,0.6024847389362659,0.3975152610637341,0.9593245082672718,0.8526371129272975,0.20463884495637133
2152,3.4011442103967075e-08,3.527281279741322e-12,12.376974683019798,0.5049259101755442,0.6024355201990833,0.3975644798009167,0.9593273373293362,0.8526077197468008,0.20496259039752884
2153,3.4011442103967075e-08,3.454136107700739e-12,12.375698886601317,0.5049085924717207,0.6024842181030682,0.3975157818969318,0.9593241035497657,0.8526034677607173,0.20484063560405957
2154,3.4011442103967075e-08,5.3541189924648936e-12,12.366086572495446,0.5049059883057322,0.6024770566465998,0.39752294335340016,0.9593325686099098,0.8526209758402059,0.20496083450590646
2155,3.4011442103967075e-08,3.1198786450560985e-12,12.366047315532168,0.5048832018533328,0.6024339576994902,0.3975660423005098,0.9593417965678174,0.8526332164938593,0.20504030055926029
2156,3.4011442103967075e-08,7.889903864931071e-12,12.3459037311982,0.5048914049761967,0.60246117123407,0.39753882876593,0.9593438307956138,0.8526426816714724,0.2049880262628729
2157,3.4011442103967075e-08,5.321732568839916e-12,12.336386090726256,0.5048973945579701,0.6024090879143,0.39759091208569997,0.9593344128627624,0.8526236179439084,0.20504465979157313
2158,3.4011442103967075e-08,3.2355476389848705e-12,12.336178315327926,0.5048805976873444,0.6024652076913521,0.39753479230864786,0.9593288163266972,0.8525770994130019,0.20502291178831
2159,3.4011442103967075e-08,3.9253994402322845e-12,12.334197271895999,0.5048884101853098,0.6024667701909453,0.39753322980905476,0.9593157098548567,0.852537349054711,0.2049581417498315
2160,3.4011442103967075e-08,4.805733569425732e-12,12.326998372056396,0.5048798164375478,0.6024441139468453,0.3975558860531547,0.9593673698345372,0.8527151313815263,0.2048132579866563
2161,3.4011442103967075e-08,4.4997896157004554e-12,12.319582163357232,0.5049093737215172,0.6024419004057551,0.3975580995942449,0.9593559588206231,0.8526201755681522,0.20485553061075537
2162,3.4011442103967075e-08,3.182759582830582e-12,12.318802152402297,0.5048903633098012,0.6024684628988378,0.39753153710116224,0.9594006726189167,0.8527489922587911,0.20472058479360689
2163,3.4011442103967075e-08,6.50226717549986e-12,12.305130703804451,0.5047873685449561,0.6024831764366728,0.3975168235633272,0.9593985597485799,0.8527748833761741,0.2046788048186913
2164,3.4011442103967075e-08,3.2527082222853947e-12,12.305622611206129,0.5048502591535784,0.6024842181030682,0.3975157818969318,0.9593969611369088,0.8527446793161026,0.20475402889858207
2165,3.4011442103967075e-08,4.345326292419333e-12,12.300891905459972,0.504886326852519,0.6024253639517282,0.39757463604827187,0.9593992991659489,0.8526802952287018,0.2050616336252024
2166,3.4011442103967075e-08,3.3076368605950544e-12,12.298972156911795,0.5048960924749759,0.6024669003992447,0.39753309960075534,0.9593887253721929,0.8526306759441664,0.20510172667286955
2167,3.4011442103967075e-08,3.4569643065607724e-12,12.297757265520666,0.5049190091356747,0.6025249733007882,0.3974750266992118,0.9593865787328997,0.8526154965779057,0.2050884406802896
2168,3.4011442103967075e-08,3.5771160418264827e-12,12.295500766852303,0.5049486966279436,0.6025214576767037,0.39747854232329627,0.9593742235264336,0.8525862733763909,0.20519245369868194
2169,3.4011442103967075e-08,4.0924059330874935e-12,12.291269631649856,0.5049973945319285,0.6024989316409032,0.39750106835909677,0.9593902280427364,0.8526541840999576,0.2050594450047481
2170,3.4011442103967075e-08,4.182139553032709e-12,12.287240377028457,0.5049867174513757,0.6024988014326038,0.3975011985673962,0.9594217075654441,0.8527488682470522,0.2050138455531019
2171,3.4011442103967075e-08,7.887681717555203e-12,12.266448380140638,0.5049371080892948,0.6024661191494481,0.39753388085055186,0.959445369523388,0.8528218457958509,0.2049795407691611
2172,3.4011442103967075e-08,4.586439619045197e-12,12.260628509509466,0.504906248722331,0.6024739316474136,0.39752606835258636,0.9593960293394013,0.8526797985903553,0.205102474056761
2173,3.4011442103967075e-08,4.847365075805564e-12,12.253367462962798,0.504906248722331,0.6025017962234905,0.3974982037765094,0.959396667327951,0.8527283169189684,0.20501889971203377
2174,3.4011442103967075e-08,3.643311666769062e-12,12.24981233544191,0.5048575508183462,0.6025197649688112,0.3974802350311888,0.9593864678983731,0.852703447185342,0.20506379875722308
2175,3.4011442103967075e-08,3.2177405175678576e-12,12.249203022582188,0.5048730456059777,0.6025282285082738,0.3974717714917262,0.9593851867420743,0.8527013611475143,0.20500267158728294
2176,3.4011442103967075e-08,4.438281158360933e-12,12.243576220683304,0.5049256497589454,0.6025674212064007,0.3974325787935993,0.9593857789979477,0.8526790464761669,0.20513905086924833
2177,3.4011442103967075e-08,3.2862434409797476e-12,12.242436657922633,0.5049485664196441,0.6025960670322742,0.3974039329677258,0.959422457895195,0.8527488742185518,0.2051008996662957
2178,3.4011442103967075e-08,3.635232741601042e-12,12.239333518979931,0.5049535143350223,0.602609478487115,0.397390521512885,0.9594269595627047,0.8527896176685156,0.20508226789896672
2179,3.4011442103967075e-08,3.5370004725271907e-12,12.237817216781986,0.5049014310152523,0.6026640357645741,0.397335964235426,0.9594260919904776,0.8527863422851537,0.2049707271308743
2180,3.4011442103967075e-08,3.10062762327089e-12,12.238742138565733,0.5049127591373023,0.602626014941142,0.39737398505885807,0.9594165923035503,0.8527567677521766,0.2050869461209978
2181,3.4011442103967075e-08,3.7137845124308974e-12,12.23623264274219,0.5049106758045115,0.6026519263927275,0.3973480736072725,0.9594193486503434,0.8527647609690133,0.20510194060474243
2182,3.4011442103967075e-08,3.6107679188951647e-12,12.234650558264565,0.5049881497426694,0.6026382545212878,0.3973617454787121,0.9594492839787436,0.8528383148208918,0.20508725630664076
2183,3.4011442103967075e-08,3.4768843492044216e-12,12.233267760213387,0.5049406237133792,0.6026101295286121,0.3973898704713879,0.959444797449994,0.8528026266855072,0.2052676278548859
2184,3.4011442103967075e-08,3.292089052659036e-12,12.23131398382904,0.5049139310119971,0.6026231503585546,0.39737684964144543,0.9594672804530577,0.8528879267513758,0.2051621190370302
2185,3.4011442103967075e-08,3.067957175984783e-12,12.232526718874084,0.504936587256097,0.6026557024334108,0.3973442975665892,0.9594850252908982,0.8529219602665474,0.20509557037517437
2186,3.4011442103967075e-08,4.469040200622882e-12,12.225927746735508,0.5049234362178552,0.6026292701486275,0.39737072985137245,0.9595132335335175,0.8530000674634409,0.20512097105205207
2187,3.4011442103967075e-08,4.15233437655042e-12,12.221942384679872,0.5049417955880741,0.6026036191136409,0.39739638088635915,0.9595055974166131,0.8529711819816342,0.20519591600895132
2188,3.4011442103967075e-08,3.3263959697803746e-12,12.220192761250438,0.5049300768411258,0.6026400774374798,0.3973599225625202,0.9595339844346935,0.8530778407846941,0.20514494907886036
2189,3.4011442103967075e-08,5.459165971960678e-12,12.211655558263313,0.5048907539346995,0.6026895565912613,0.3973104434087387,0.9595251608461539,0.8530554418547519,0.2050684814574078
2190,3.4011442103967075e-08,3.6121039707991477e-12,12.211245624462435,0.5048782539379547,0.6026930722153457,0.3973069277846542,0.9595228164754444,0.8530837292962049,0.20501110159142885
2191,3.4011442103967075e-08,3.8907803599252734e-12,12.206120153341507,0.5048842435197283,0.6027331763715686,0.39726682362843135,0.9595303780621296,0.8530406088731786,0.20497944019231928
2192,3.4011442103967075e-08,7.92999460714334e-12,12.185001920093951,0.5048516914448721,0.6027891659403214,0.3972108340596786,0.9594960803793072,0.8529611519651935,0.20491060424792906
2193,3.4011442103967075e-08,3.361272350095008e-12,12.183490681992565,0.5048466133211944,0.6028042701030547,0.39719572989694535,0.9594736036533696,0.8528824858112414,0.20500806444577685
2194,3.4011442103967075e-08,4.0597207008001425e-12,12.179851602875365,0.5048220039526031,0.6027572649069622,0.39724273509303776,0.9594892717312422,0.8529000371580737,0.20509275766622412
2195,3.4011442103967075e-08,3.4007070316798743e-12,12.1796211272224,0.5048977851828684,0.6027657284464248,0.3972342715535751,0.9594982648783997,0.8529332956958362,0.20508348927664966
2196,3.4011442103967075e-08,5.350359000961588e-12,12.171891391260482,0.5048580716515438,0.602833176345527,0.39716682365447303,0.9594584419759506,0.8528625529077359,0.20500628712350175
2197,3.4011442103967075e-08,3.313984428796305e-12,12.171297038553643,0.5049251289257477,0.6029012752861262,0.39709872471387375,0.9594837948554138,0.8528679972827058,0.2050436441225307
2198,3.4011442103967075e-08,3.379808878860778e-12,12.171150243673328,0.5048800768541466,0.6029296606954009,0.3970703393045991,0.959481417834238,0.8528327859852579,0.20525764111234848
2199,3.4011442103967075e-08,4.189784438405874e-12,12.16598380282985,0.504868227898899,0.6029157284073624,0.3970842715926376,0.9595100161723403,0.8529098516116574,0.20516656071178668
2200,3.4011442103967075e-08,8.031474094087945e-12,12.145333647111288,0.5049279935083351,0.6029540096473933,0.3970459903526067,0.9595060779881903,0.8529320407092376,0.2050087947754311
2201,3.4011442103967075e-08,3.5196386353239905e-12,12.142754457134792,0.5048923164342926,0.6029566138133818,0.39704338618661816,0.959509870825519,0.8528834848793972,0.20508796104705113
2202,3.4011442103967075e-08,3.520481950666163e-12,12.142874318107502,0.5049147122617936,0.6029309627783951,0.3970690372216049,0.9595406824523237,0.852929087904434,0.20523850059576138
2203,3.4011442103967075e-08,3.832734854944955e-12,12.140366331839289,0.5049317695490183,0.6029408586091514,0.3970591413908486,0.9595636925145832,0.8529533840737156,0.20525922706093777
2204,3.4011442103967075e-08,3.8232102279369245e-12,12.139121317615999,0.5048998685156593,0.6030037492177737,0.39699625078222633,0.9595331208832416,0.8528615834756446,0.20531867010019125
2205,3.4011442103967075e-08,4.157124860892441e-12,12.135467466204625,0.5049204414269683,0.6029912492210289,0.39700875077897113,0.9595609277043078,0.8529957031213526,0.20515873652415373
2206,3.4011442103967075e-08,4.958584251118457e-12,12.126393805025595,0.5048776028964576,0.6030080460916547,0.39699195390834535,0.9595441860787322,0.8529527319538983,0.20521886505421322
2207,3.4011442103967075e-08,3.83452685016626e-12,12.12398757018437,0.5049199205937707,0.6030150773398236,0.3969849226601764,0.9595723048825375,0.8530071538379893,0.20539838068572827
2208,3.4011442103967075e-08,3.694081627906206e-12,12.121726108722681,0.5049144518451948,0.60295023360671,0.39704976639329,0.9595730748738154,0.8530212372010135,0.2054305519868844
2209,3.4011442103967075e-08,3.6001176140243235e-12,12.120969910143568,0.5048723945644806,0.6030402075416126,0.39695979245838736,0.9595805600586395,0.8530773192476147,0.20522618829587327
2210,3.4011442103967075e-08,3.814600549712766e-12,12.11789731440928,0.5048601549843347,0.6029705461014203,0.3970294538985797,0.9595933852270554,0.8531623085477671,0.20511347619121884
2211,3.4011442103967075e-08,3.426985059968266e-12,12.117137495404222,0.5048713528980852,0.6029769263080921,0.39702307369190787,0.9595928733189469,0.8531251199073394,0.20518343625537352
2212,3.4011442103967075e-08,4.932622336780677e-12,12.110745300746366,0.5048295560339697,0.6030357804594322,0.3969642195405678,0.9595555044440618,0.8529745392451592,0.20536527681247335
2213,3.4011442103967075e-08,4.799065551779596e-12,12.102862976106035,0.5048615872756284,0.6030628637857126,0.39693713621428744,0.9595707701070757,0.85304020078567,0.20531414503008713
2214,3.4011442103967075e-08,3.3666147697136606e-12,12.100872590913896,0.5049326810071143,0.6029964575530058,0.39700354244699415,0.9595586343607024,0.8529571258551106,0.2056578522449536
2215,3.4011442103967075e-08,3.1074980855132466e-12,12.100878356348062,0.5048845039363271,0.6030382544171212,0.3969617455828788,0.9595835323987122,0.8529799527809169,0.2055704411288947
2216,3.4011442103967075e-08,3.422408437172187e-12,12.099908468684271,0.5049040351812408,0.60304984295577,0.3969501570442299,0.9595709983240439,0.8529468904853826,0.20567154217159503
2217,3.4011442103967075e-08,3.269256643006873e-12,12.099459581767574,0.5048696601901926,0.6031291398101198,0.39687086018988016,0.9596163870465377,0.8530819866387601,0.20560440308607358
2218,3.4011442103967075e-08,2.9208967311684405e-12,12.100225016882327,0.5048591133179392,0.603218983536723,0.39678101646327696,0.9596057010758252,0.8530258616714088,0.2056917144402501
2219,3.4011442103967075e-08,3.935511279772958e-12,12.097907035655643,0.5048832018533328,0.6031524470957169,0.3968475529042831,0.9596042699674389,0.8530298299458013,0.20589072982633738
2220,3.4011442103967075e-08,4.032885841591443e-12,12.095193479186477,0.5048447904050025,0.6031735408402238,0.39682645915977627,0.9596237094090462,0.8530467373029722,0.20573762216858696
2221,3.4011442103967075e-08,3.5461597647355204e-12,12.092740377775586,0.5048951810168799,0.6031588273023887,0.39684117269761127,0.9596307255158588,0.8531234641767186,0.20565068123763058
2222,3.4011442103967075e-08,4.244670609391277e-12,12.089618231932615,0.5049440091291643,0.6031814835464887,0.39681851645351135,0.9596006899761919,0.8529941675909547,0.20571441491800235
2223,3.4011442103967075e-08,3.908483255428807e-12,12.087818644932783,0.5049122383041046,0.6032206762446156,0.39677932375538444,0.9596040118463789,0.8530173851591843,0.20547442762479445
2224,3.4011442103967075e-08,3.811538149804441e-12,12.086590903712294,0.5049140612202966,0.6032131241632489,0.3967868758367511,0.9596092913571951,0.8530655228335,0.2054718682012748
2225,3.4011442103967075e-08,5.4876865104043545e-12,12.076077608853506,0.5048834622699317,0.603265858524516,0.39673414147548397,0.9596169041400555,0.8530532816977238,0.2055486934600132
2226,3.4011442103967075e-08,4.671880961276367e-12,12.069669687206225,0.5048852851861236,0.603239816864631,0.396760183135369,0.9596010973293004,0.8529931116045525,0.2057181744094377
2227,3.4011442103967075e-08,2.829198256629363e-12,12.072276393222499,0.5049158841364885,0.603285780394328,0.396714219605672,0.9596025763118378,0.852982487820782,0.20566967921225485
2228,3.4011442103967075e-08,5.0647655543374034e-12,12.063558009662449,0.5049130195539011,0.603334478298313,0.39666552170168706,0.9596106671714794,0.8530234435980307,0.20550984088420957
2229,3.4011442103967075e-08,2.848975490350765e-12,12.065061941977797,0.5048893216434058,0.6033724991217451,0.396627500878255,0.9596087894549373,0.853085949909178,0.2052801602306651
2230,3.4011442103967075e-08,4.940202655813044e-12,12.058177530741686,0.5048955716417782,0.6033562230843169,0.3966437769156831,0.9596420977660682,0.8531986757993603,0.20535598460487983
2231,3.4011442103967075e-08,3.2521091370930286e-12,12.05910259050728,0.5049381497556902,0.6033348689232112,0.3966651310767888,0.9596262950222699,0.8531261935417104,0.2054739414632362
2232,3.4011442103967075e-08,3.4405503286329527e-12,12.057638168124928,0.5048910143512984,0.603288254352017,0.3967117456479829,0.9596348375050863,0.8530909877981543,0.2056986528298575
2233,3.4011442103967075e-08,4.663388362683147e-12,12.0525556831826,0.5049416653797747,0.6033064835139366,0.39669351648606344,0.9596589795461461,0.8531658991550798,0.2056518074686323
2234,3.4011442103967075e-08,3.2164530948728727e-12,12.052649479354361,0.5049035143480431,0.6032547908190649,0.3967452091809351,0.9597007637317865,0.8533053894771966,0.2054664827909626
2235,3.4011442103967075e-08,6.255130059349319e-12,12.039965270420721,0.5048640612333174,0.6033155980948963,0.3966844019051037,0.9596983039176695,0.8533222598559096,0.20550936065931302
2236,3.4011442103967075e-08,3.1616398816955777e-12,12.039528716703986,0.5048953112251794,0.6033019262234567,0.3966980737765433,0.9596832847243327,0.8533086349750079,0.2054174157455307
2237,3.4011442103967075e-08,3.857687570365106e-12,12.03715511201384,0.5049389310054867,0.6033398168385894,0.39666018316141066,0.9596550547534597,0.8532433091322517,0.2055071603611102
2238,3.4011442103967075e-08,4.0587592080734245e-12,12.034192639289724,0.5049195299688723,0.6033998428646242,0.3966001571353757,0.9596769833513518,0.8533012376958793,0.2052372615469099
2239,3.4011442103967075e-08,3.9715096059222845e-12,12.031451203021437,0.5049496080860396,0.6033670303731692,0.3966329696268308,0.9597236597240256,0.8534057265485414,0.20527615111388872
2240,3.4011442103967075e-08,3.1253792480398103e-12,12.032458256752019,0.5049643216238746,0.6033528376685319,0.39664716233146813,0.959698775161369,0.8532908192756898,0.2054370092480689
2241,3.4011442103967075e-08,3.741811748089443e-12,12.029388850132197,0.5049325507988149,0.6033991918231272,0.3966008081768729,0.9596813929268261,0.8532456066126263,0.20527201645099427
2242,3.4011442103967075e-08,3.823858018785267e-12,12.026386277882587,0.5049320299656171,0.6034154678605552,0.3965845321394448,0.9596942943750736,0.8532864146100404,0.20535619902578867
2243,3.4011442103967075e-08,3.462951980103224e-12,12.024629203366558,0.5048811185205421,0.6034400772291466,0.39655992277085345,0.9596814480344998,0.8531978794673735,0.20559697714212496
2244,3.4011442103967075e-08,3.051075019079842e-12,12.026119535883893,0.5049191393439741,0.6035011449215768,0.39649885507842314,0.959673671547947,0.8532267109262888,0.20537664179137483
2245,3.4011442103967075e-08,5.9179878372499744e-12,12.013936208276498,0.5049493476694407,0.6034577855578683,0.39654221444213167,0.9596974465309834,0.8532694253921624,0.20546756934110003
2246,3.4011442103967075e-08,3.346124624007448e-12,12.014075707986228,0.5049342435067075,0.6034260147328087,0.39657398526719134,0.9597061343672861,0.8532526130153164,0.2055162166629362
2247,3.4011442103967075e-08,3.2291950231517392e-12,12.014721338608583,0.5049058580974328,0.6034389053544518,0.3965610946455483,0.9597190137317624,0.8533160793328598,0.2054297330804193
2248,3.4011442103967075e-08,3.737679117319445e-12,12.01205064374234,0.5049315091324195,0.6034231501502213,0.3965768498497787,0.9597157784594008,0.8533000391256208,0.20539760706835114
2249,3.4011442103967075e-08,3.5381094420489027e-12,12.011663714700303,0.5049505195441355,0.6034614313902522,0.39653856860974773,0.9597072133002476,0.8532504434928839,0.20551219199882426
2250,3.4011442103967075e-08,3.9883863663613914e-12,12.0076398804372,0.5049216133016632,0.6035116917938302,0.39648830820616976,0.9596754030888224,0.8531899093267638,0.20528816548714252
2251,3.4011442103967075e-08,3.2552615223522834e-12,12.007395084136588,0.5049627591242815,0.6034260147328087,0.39657398526719134,0.9596863682634628,0.8532503465917459,0.20552929160753056
2252,3.4011442103967075e-08,5.048358644923084e-12,11.999109729481836,0.5049287747581316,0.603508566794644,0.39649143320535596,0.9597411831794298,0.8534240010952494,0.2052732951728714
2253,3.4011442103967075e-08,4.630846361990571e-12,11.993269628311662,0.5049157539281891,0.6034960667978992,0.39650393320210076,0.9597528349458266,0.8534642030441814,0.2053794962079415
2254,3.4011442103967075e-08,5.173338961287041e-12,11.984621843288293,0.5049430976710683,0.6035547907409399,0.39644520925906007,0.9597630935434149,0.8534195849847726,0.20551596936687175
2255,3.4011442103967075e-08,3.941817484665094e-12,11.980504338881826,0.5049776028704159,0.6035447647018842,0.3964552352981158,0.9597722142940703,0.853496477394491,0.2053730261392504
2256,3.4011442103967075e-08,3.385772750005924e-12,11.980434647780484,0.5049492174611413,0.6035097386693389,0.3964902613306611,0.9597767593817618,0.8534992990953748,0.2054694163569227
2257,3.4011442103967075e-08,4.5670286096502596e-12,11.974708581508459,0.5049351549648033,0.6035369522039187,0.3964630477960813,0.9598358892659816,0.8536708032442781,0.20538612077948445
2258,3.4011442103967075e-08,3.4653919048867806e-12,11.973444260744525,0.5050374986881514,0.6036211969736466,0.39637880302635337,0.9598292236616859,0.8536938357968901,0.20504852469148524
2259,3.4011442103967075e-08,3.615709303135044e-12,11.971787615280865,0.5050100247369728,0.6036504938410172,0.3963495061589828,0.9598259576180344,0.8536900833656409,0.2050639301154819
2260,3.4011442103967075e-08,3.967448349401411e-12,11.967132697597334,0.5050320299395755,0.6036599990468753,0.39634000095312477,0.9598123093646822,0.8536256000734033,0.20526941486033617
2261,3.4011442103967075e-08,3.69924762537489e-12,11.964752823651372,0.505061587223545,0.60371325424134,0.39628674575865996,0.9598125840384748,0.8536340954020193,0.20516950929659886
2262,3.4011442103967075e-08,4.0745882976086315e-12,11.962977145062101,0.5050270820241974,0.6037180719484188,0.39628192805158124,0.9598383245688745,0.8537036767073504,0.20516005068861243
2263,3.4011442103967075e-08,3.1803109541283546e-12,11.964031822775034,0.5050325507727732,0.6036823948743764,0.39631760512562364,0.9598161352458949,0.8536757496242978,0.2050798683966331
2264,3.4011442103967075e-08,4.2882851101405405e-12,11.960003451198414,0.5049977851568268,0.6036465875920345,0.3963534124079655,0.959808675973003,0.8536208210886101,0.20525957485659624
2265,3.4011442103967075e-08,4.014581474558803e-12,11.955819006558674,0.5050697903464088,0.6037425511087107,0.39625744889128933,0.9597940926526948,0.8535519973968262,0.20509112950964553
2266,3.4011442103967075e-08,3.265622283997165e-12,11.955778274223695,0.5050085924456791,0.603690858413839,0.39630914158616104,0.9597947582376586,0.8536001223519385,0.2051187169576909
2267,3.4011442103967075e-08,3.195821036128664e-12,11.953613277764974,0.5050354153553606,0.603689946955743,0.39631005304425704,0.9597790214403128,0.8535308470536628,0.20523746083662336
2268,3.4011442103967075e-08,4.521089409667125e-12,11.94837616119968,0.5050347643138634,0.6037257542380848,0.39627424576191517,0.9597650135854313,0.8534722858166968,0.20526264723287815
2269,3.4011442103967075e-08,3.1936197443624795e-12,11.948479344399155,0.5050196601511302,0.603698540703505,0.39630145929649496,0.9597676881461009,0.8535035803900085,0.2050939209676239
2270,3.4011442103967075e-08,7.2416914228562165e-12,11.930546288084544,0.5050101549452721,0.6036636448792592,0.39633635512074084,0.9597960409845295,0.8535741738236717,0.20528558295241747
2271,3.4011442103967075e-08,3.1979851615189127e-12,11.930332505799061,0.504986847659675,0.6037133844496395,0.39628661555036054,0.9598181109874975,0.8536494973741232,0.2050717449971221
2272,3.4011442103967075e-08,3.215503507904794e-12,11.930838818535824,0.504970571622247,0.603675233417908,0.39632476658209204,0.9598205932012103,0.8536474464071451,0.20515281484183656
2273,3.4011442103967075e-08,3.757812161022064e-12,11.928379161674657,0.5049511705856327,0.6036671605033436,0.3963328394966564,0.9598293310249475,0.853707317941658,0.20509617460582674
2274,3.4011442103967075e-08,3.5145494837758817e-12,11.927373899666904,0.5048697903984921,0.6037139052828372,0.3962860947171628,0.9598378492345013,0.8536560831743334,0.2052212606566134
2275,3.4011442103967075e-08,4.1624887624401975e-12,11.921896332010599,0.5048941393504845,0.6037575250631445,0.3962424749368555,0.9598717324460939,0.8537723633446896,0.2050919514882966
2276,3.4011442103967075e-08,3.2704221168733476e-12,11.922485563162935,0.5048604154009335,0.6037461969410945,0.39625380305890545,0.959863733149541,0.853699925113633,0.2051740967200853
2277,3.4011442103967075e-08,3.1132005134479e-12,11.923616938131097,0.5049110664294097,0.603726405279582,0.39627359472041807,0.9598663786201916,0.8536648726401566,0.20538105233598136
2278,3.4011442103967075e-08,2.972886429353035e-12,11.925340451526695,0.5048656237329104,0.6037374729850331,0.39626252701496695,0.9598894796941426,0.8537777149498391,0.20531582459408482
2279,3.4011442103967075e-08,3.5936781988674608e-12,11.924474563505456,0.5048505195701772,0.6037807021404421,0.39621929785955784,0.959899807262997,0.8538208263116185,0.20523699321889208
2280,3.4011442103967075e-08,4.7916920558815326e-12,11.91826845092991,0.5049528632935252,0.603775754225064,0.396224245774936,0.9598688291612629,0.8536665634524112,0.20547182492825586
2281,3.4011442103967075e-08,2.8519968299157633e-12,11.91877698565038,0.5049670559981625,0.6037516656896704,0.39624833431032963,0.9598904842592875,0.8537144290993742,0.20553288835768904
2282,3.4011442103967075e-08,4.679119074269218e-12,11.91250927213007,0.5049790351617096,0.6037520563145686,0.3962479436854313,0.9599083313415793,0.8537469281989056,0.20560079379349602
2283,3.4011442103967075e-08,3.450928138207136e-12,11.912540157907994,0.5049929674497481,0.6037174209069216,0.39628257909307835,0.9599143149016567,0.8537731203609409,0.2057582932692943
2284,3.4011442103967075e-08,4.020419209313418e-12,11.907828072649592,0.5050041653634986,0.6037593479793365,0.39624065202066355,0.9599301218071197,0.8537971757394321,0.20556120993079352
2285,3.4011442103967075e-08,3.684207606397337e-12,11.905012786018569,0.5049968736987308,0.603770545893087,0.396229454106913,0.9599418526688346,0.8538609947812422,0.20544108956282411
2286,3.4011442103967075e-08,4.0914412359735546e-12,11.89880558443907,0.5049795559949073,0.6037648167279123,0.3962351832720877,0.9599463092019378,0.8539113915924247,0.20552662228930957
2287,3.4011442103967075e-08,5.774452641440802e-12,11.887937943048826,0.504906248722331,0.603847759414646,0.39615224058535403,0.9599447948104453,0.853952960454621,0.20524540235745395
2288,3.4011442103967075e-08,9.166094633146442e-12,11.863857329628349,0.5049888007841664,0.6038170302559817,0.3961829697440183,0.9599395223955445,0.8538489403661259,0.2055283752292843
2289,3.4011442103967075e-08,4.606462096080985e-12,11.857208888312167,0.5049565091259091,0.6038711969085425,0.39612880309145754,0.9599432727027736,0.8538415076900014,0.20543663518450625
2290,3.4011442103967075e-08,3.709409736048954e-12,11.854128098924305,0.5049296862162276,0.6038829156554907,0.39611708434450926,0.9599502035041115,0.8539098883121994,0.20527250564027527
2291,3.4011442103967075e-08,4.0660300668768306e-12,11.849605671237109,0.5049395820469839,0.6038615614943851,0.396138438505615,0.9599596768766719,0.8539081517245698,0.2054002261804914
2292,3.4011442103967075e-08,6.2673566503170345e-12,11.83718240030165,0.5048852851861236,0.6038851291965809,0.39611487080341906,0.9599592821317626,0.8539142056551191,0.2052447935572994
2293,3.4011442103967075e-08,3.2685020816655143e-12,11.83739364997307,0.5048699206067915,0.6038718479500396,0.3961281520499604,0.9599655379127907,0.8539299048917588,0.2052777056896794
2294,3.4011442103967075e-08,3.679141899973931e-12,11.835793628068107,0.5049337226735097,0.6038366917091949,0.39616330829080515,0.9599683833360086,0.8539137465759894,0.20542909888082428
2295,3.4011442103967075e-08,3.652705938448717e-12,11.833495640850522,0.5049803372447038,0.6038443739988609,0.39615562600113907,0.959966476574002,0.8539249460384074,0.20528147339285577
2296,3.4011442103967075e-08,2.9028371983575285e-12,11.835620961493964,0.5049445299623619,0.6037960667197743,0.3962039332802257,0.9599425486981699,0.8538211504274542,0.20552660542363463
2297,3.4011442103967075e-08,4.322866575604421e-12,11.829098319599185,0.5049102851796132,0.6037589573544382,0.3962410426455618,0.9599529075459959,0.8538431195259161,0.2054843514329898
2298,3.4011442103967075e-08,6.580235639109285e-12,11.81528821516139,0.5049096341381161,0.6038290094195288,0.3961709905804712,0.9599660708620841,0.8538716649061767,0.20536909185497926
2299,3.4011442103967075e-08,3.3342954329007746e-12,11.814751148008371,0.5049471341283505,0.6038075250501237,0.3961924749498763,0.9599634197294881,0.8538875287165079,0.20538996605764198
2300,3.4011442103967075e-08,3.5958768719583976e-12,11.812710004353903,0.5049503893358361,0.6038900771119591,0.3961099228880409,0.9599524028518132,0.8538353975871816,0.20536490380177413
2301,3.4011442103967075e-08,3.4092624295719954e-12,11.812887276035937,0.5049423164212717,0.6038954156522355,0.39610458434776447,0.9599777937832574,0.8539007528734185,0.2054568472170071
2302,3.4011442103967075e-08,3.0832162739225134e-12,11.814274781944953,0.5049381497556902,0.6038370823340932,0.39616291766590683,0.9599846393500764,0.8539344247606488,0.20565576631746324
2303,3.4011442103967075e-08,3.17920079919543e-12,11.814970713682825,0.5049369778809953,0.6038948948190378,0.3961051051809622,0.9599923526338882,0.8539598368285501,0.2055970968410315
2304,3.4011442103967075e-08,3.965267106789547e-12,11.81034189019386,0.5049764309957211,0.6039346083503624,0.3960653916496376,0.9600109630094446,0.8540446211671894,0.20544955671789022
2305,3.4011442103967075e-08,4.328450513164539e-12,11.80746833558476,0.5049303372577246,0.6040140354130116,0.39598596458698837,0.9600057742897082,0.8540412060884242,0.20526380714209214
2306,3.4011442103967075e-08,3.562282182046418e-12,11.807076080443588,0.5048986966409644,0.6040235406188696,0.39597645938113035,0.9600095424091829,0.8540642846047102,0.20531557200685582
2307,3.4011442103967075e-08,3.0365728296603245e-12,11.807114317495621,0.5048940091421851,0.604038644781603,0.3959613552183971,0.9599800964318679,0.853933054644464,0.20543481879806016
2308,3.4011442103967075e-08,3.5330378296133995e-12,11.805032053828562,0.5049451810038591,0.6040205458279828,0.39597945417201713,0.9600100746620736,0.8540257781748554,0.20542620989285376
2309,3.4011442103967075e-08,4.676922415683855e-12,11.799985156688514,0.5050316393146773,0.6040275770761518,0.3959724229238482,0.9600368597201243,0.8540774762528164,0.20544615481019446
2310,3.4011442103967075e-08,4.412622880956178e-12,11.794511885865969,0.5050123684863623,0.6040322645749311,0.3959677354250689,0.9600573314059796,0.8541641838326286,0.2053572660220019
2311,3.4011442103967075e-08,9.412641502922034e-12,11.768509951560329,0.5049421862129724,0.604075754146939,0.39592424585306096,0.960054984870165,0.8541546152203952,0.20524779930783799
2312,3.4011442103967075e-08,3.2409940382706102e-12,11.768257435744133,0.5049903632837596,0.6041034885147165,0.3958965114852835,0.9600634140379904,0.854176873295332,0.2052398511208583
2313,3.4011442103967075e-08,3.1964303263606807e-12,11.768859913937444,0.5050062486962894,0.6041275770501101,0.39587242294988984,0.9600357171520494,0.8540894134842374,0.20530108316879253
2314,3.4011442103967075e-08,4.456000043106015e-12,11.763872613784871,0.5050304674399825,0.6041532280850969,0.39584677191490314,0.9600478148894681,0.8540920116062432,0.20536826155927837
2315,3.4011442103967075e-08,4.2423238759850334e-12,11.759569359229937,0.5050300768150842,0.6041637749573503,0.3958362250426497,0.9600691740223993,0.8541348491671886,0.20534826368561004
2316,3.4011442103967075e-08,5.061624322000351e-12,11.751137633606536,0.504958332042101,0.6040994520574343,0.39590054794256563,0.960074056366935,0.8541495530293958,0.20536192704509795
2317,3.4011442103967075e-08,5.439270005415025e-12,11.740839495479698,0.5049699205807499,0.6041387749638607,0.3958612250361393,0.9601142849047768,0.8542931097470146,0.20513852995983145
2318,3.4011442103967075e-08,2.8240845840643724e-12,11.74212255502443,0.5049945299493411,0.6041408582966515,0.3958591417033485,0.9601295064660699,0.8543391872542407,0.2051586899879289
2319,3.4011442103967075e-08,4.147669282190265e-12,11.737852628696652,0.5048561185270525,0.6040952853918528,0.39590471460814725,0.9601330315810799,0.8543466520940474,0.205305163607494
2320,3.4011442103967075e-08,4.183084539746057e-12,11.733558446543269,0.50484309769711,0.604134868714878,0.3958651312851221,0.9601129465284122,0.854272251200963,0.20532658737971973
2321,3.4011442103967075e-08,2.8912342364459683e-12,11.73504341433031,0.5048907539346995,0.6041778374536881,0.39582216254631186,0.9601168662616724,0.8543315861290386,0.2051167844534504
2322,3.4011442103967075e-08,3.603954038092297e-12,11.734498253622009,0.5048990872658627,0.6041967176571048,0.39580328234289525,0.9601253385915831,0.8542857428883002,0.20508799293312108
2323,3.4011442103967075e-08,3.4181983986802333e-12,11.734303808760998,0.5049324205905155,0.6041710666221181,0.39582893337788194,0.9601357513004255,0.8542367006851352,0.20548265943816624
2324,3.4011442103967075e-08,2.9225966129589517e-12,11.734807597687032,0.5049199205937707,0.6041792697449818,0.3958207302550182,0.9601238422975614,0.8541954123221431,0.20554303812841393
2325,3.4011442103967075e-08,4.007806544999171e-12,11.731777203447193,0.5049513007939321,0.6041415093381486,0.3958584906618514,0.9601228335941462,0.8541756130294277,0.20565489642445367
2326,3.4011442103967075e-08,3.510031378444549e-12,11.730044271537105,0.5049796862032068,0.6041860405765519,0.39581395942344805,0.9600976339543433,0.8541139649783157,0.20570760919374814
2327,3.4011442103967075e-08,3.82961279587481e-12,11.727522175605127,0.5049794257866078,0.604169504122525,0.39583049587747504,0.9601094511865895,0.8541518870065118,0.2056467262010213
2328,3.4011442103967075e-08,3.6186812919171017e-12,11.724687573056922,0.5050182278598365,0.6042685926383873,0.39573140736161266,0.960110650403342,0.8542129001425927,0.205358917055879
2329,3.4011442103967075e-08,4.150948413489931e-12,11.721113207283958,0.5050476549355065,0.604211821819838,0.39578817818016193,0.9601488261598724,0.8542668359138992,0.20569292802265596
2330,3.4011442103967075e-08,4.169790799371371e-12,11.717662229001125,0.5050436184782243,0.6041972384903025,0.3958027615096975,0.9601436939414719,0.8542851055624323,0.2056502261161501
2331,3.4011442103967075e-08,3.0330993066156145e-12,11.718981433817708,0.5050423163952301,0.6042624728483144,0.39573752715168564,0.9601611379559875,0.8543488036588509,0.20551436353549046
2332,3.4011442103967075e-08,3.73160591655892e-12,11.71782759303429,0.5050565090998674,0.604323931165643,0.3956760688343571,0.9601591903721322,0.8543018977313594,0.20547026176680266
2333,3.4011442103967075e-08,4.0609572830746715e-12,11.715522778153865,0.5050117174448653,0.604291769715685,0.395708230284315,0.9601642940085449,0.8543049046571018,0.2055696540275444
2334,3.4011442103967075e-08,3.023573653285919e-12,11.717152911377667,0.5049964830738325,0.6043502332421268,0.3956497667578732,0.9601580886463061,0.854316286430894,0.20548710389059635
2335,3.4011442103967075e-08,4.667852927561008e-12,11.711787829736686,0.5049977851568268,0.6043546603243072,0.3956453396756928,0.9601631779922901,0.8542707518428444,0.20576944599007257
2336,3.4011442103967075e-08,3.586258949744866e-12,11.709896364532156,0.504995701824036,0.6043335665798004,0.39566643342019964,0.9601848677251216,0.8543389662433827,0.20585930873964783
2337,3.4011442103967075e-08,4.271614556265931e-12,11.705253206006939,0.5050048164049957,0.6043551811575049,0.3956448188424951,0.9601711254529497,0.854300142056591,0.20575251251329793
2338,3.4011442103967075e-08,3.290131037981369e-12,11.705583282128877,0.5049951809908383,0.6043425509524607,0.3956574490475393,0.9601730201357723,0.8542892662117776,0.20573963415782887
2339,3.4011442103967075e-08,3.5728553266919567e-12,11.704348974011793,0.5049261705921431,0.604431483220968,0.3955685167790321,0.9601709256104757,0.8543396391829496,0.2054849060695476
2340,3.4011442103967075e-08,3.474276882070611e-12,11.703993982287649,0.5049984361983239,0.6044308321794708,0.3955691678205292,0.9601657964953824,0.8542909786827105,0.20563165252408952
2341,3.4011442103967075e-08,3.2938553187552674e-12,11.70391662516454,0.5050220039005198,0.6044403373853288,0.3955596626146712,0.9601848500435796,0.8543896681915234,0.20544237422080536
2342,3.4011442103967075e-08,3.765692434717153e-12,11.70301773126693,0.5049524726686269,0.6044089571851674,0.3955910428148326,0.9601649633407592,0.8542863040416698,0.20567306785281464
2343,3.4011442103967075e-08,3.825080760515416e-12,11.700219613550635,0.5049162747613868,0.6043521863666181,0.39564781363338186,0.9601678058820707,0.8542676653550838,0.20589657028859115
2344,3.4011442103967075e-08,5.4152654069762324e-12,11.690628916375754,0.5049095039298167,0.6043848686497738,0.3956151313502262,0.9601532383467756,0.8542813849333503,0.2057401399868893
2345,3.4011442103967075e-08,2.978239840243634e-12,11.690763624149499,0.5048947903919817,0.6043767957352094,0.39562320426479053,0.9601683747720158,0.8543303671004847,0.2056407395023545
2346,3.4011442103967075e-08,4.563413502547054e-12,11.685240684043054,0.5048552070689565,0.6044572644642541,0.395542735535746,0.9601934534610863,0.854416514315082,0.2055708765761438
2347,3.4011442103967075e-08,3.639403730774717e-12,11.68405640034742,0.5048912747678972,0.6044820040411448,0.39551799595885523,0.9602071240242317,0.8544506184391334,0.2054861487440479
2348,3.4011442103967075e-08,3.9697440247230895e-12,11.680250894242063,0.5048216133277048,0.6044572644642541,0.395542735535746,0.9602308303779687,0.8545056665474273,0.20555932035882116
2349,3.4011442103967075e-08,3.035292553071251e-12,11.681738818416594,0.5048113268720503,0.6043963269801231,0.3956036730198768,0.960246697748783,0.8545368343784362,0.20565570987120635
2350,3.4011442103967075e-08,7.593338217706122e-12,11.663834304170518,0.5048139310380388,0.6044361707197472,0.3955638292802528,0.9602356440752767,0.8544900249174612,0.2057210725981032
2351,3.4011442103967075e-08,3.338649122170135e-12,11.663807432996181,0.5048549466523576,0.6044835665407379,0.39551643345926213,0.9602134933415004,0.8544037383163855,0.2057419774782162
2352,3.4011442103967075e-08,4.895521074515987e-12,11.656619603704094,0.5048845039363271,0.6044622123796322,0.3955377876203678,0.960195767950163,0.8543396990010884,0.2057547604855077
2353,3.4011442103967075e-08,3.91139344381887e-12,11.654353429464372,0.5048632799835209,0.6044041394780887,0.3955958605219113,0.9602013967984119,0.8543657154519718,0.20584676481248107
2354,3.4011442103967075e-08,4.1174631004862815e-12,11.649879293874696,0.5048945299753829,0.6044376030110409,0.3955623969889591,0.9602421584405747,0.8545100712857007,0.2054991693885222
2355,3.4011442103967075e-08,3.2011395994246797e-12,11.65074209561638,0.5048580716515438,0.6044611707132368,0.3955388292867632,0.9602367096813353,0.8544488702238672,0.2056801346431586
2356,3.4011442103967075e-08,2.8197280748803127e-12,11.651434216032069,0.5048787747711524,0.6044171603080312,0.39558283969196884,0.9602564736359579,0.8545247253959756,0.20558134099807748
2357,3.4011442103967075e-08,3.004708925861464e-12,11.653389053914117,0.5049223945514597,0.6044275769719851,0.3955724230280148,0.9602451137820326,0.8545088788571971,0.20549640038734623
2358,3.4011442103967075e-08,3.519690889437136e-12,11.651590514475675,0.5048983060160661,0.6043575249068945,0.39564247509310546,0.9602663415198122,0.8545734286637727,0.20556366227636833
2359,3.4011442103967075e-08,3.705612703307854e-12,11.650467287603878,0.5048753893553674,0.6043396863698733,0.39566031363012666,0.9602719995469231,0.854553322132909,0.205768954372906
2360,3.4011442103967075e-08,3.2599338777997213e-12,11.651245402683756,0.5048999987239586,0.6043933321892364,0.3956066678107636,0.960251622753369,0.8544953629563733,0.20568941638550406
2361,3.4011442103967075e-08,3.694914156970068e-12,11.649168228832279,0.5049309882992218,0.6043911186481462,0.3956088813518538,0.9602408584152345,0.8544388160299771,0.2058633493176886
2362,3.4011442103967075e-08,4.682634343501348e-12,11.642131896910662,0.50492460809255,0.6044193738491214,0.39558062615087863,0.9602234828744172,0.8543292623090775,0.2060087787301946
2363,3.4011442103967075e-08,6.775030739195429e-12,11.630303042679015,0.5049376289224925,0.6044853894569299,0.3955146105430702,0.960245256183505,0.8544307258608811,0.20579893829923818
2364,3.4011442103967075e-08,3.7924667732301724e-12,11.62795600409991,0.5048943997670834,0.6045330456945194,0.3954669543054806,0.9602610383350985,0.8544897023099309,0.20567250826594566
2365,3.4011442103967075e-08,3.1834043236014387e-12,11.628109193869046,0.5048850247695248,0.6045042696603464,0.3954957303396536,0.9602588237057778,0.8544724336340442,0.2056990813797708
2366,3.4011442103967075e-08,4.243659496164265e-12,11.624352576136411,0.5049683580811567,0.6045269259044463,0.3954730740955536,0.9602498134030757,0.854487652967485,0.20566432973317367
2367,3.4011442103967075e-08,4.411790039254444e-12,11.619207582031255,0.5049031237231448,0.6045113009085153,0.3954886990914846,0.960251484839141,0.8544868796641102,0.2057561183913094
2368,3.4011442103967075e-08,3.617325567233536e-12,11.616727015899398,0.5049005195571563,0.604493071746596,0.3955069282534041,0.9602592022018746,0.8544826403203502,0.20586681058690184
2369,3.4011442103967075e-08,3.701142770923037e-12,11.615219095250342,0.5048656237329104,0.6044907279972063,0.39550927200279373,0.9602563838839765,0.8545316831895791,0.2057900803494948
2370,3.4011442103967075e-08,3.2999593299206422e-12,11.615856744917188,0.5049419257963735,0.6044904675806074,0.3955095324193926,0.960244488653232,0.8544724251195863,0.2058637138726828
2371,3.4011442103967075e-08,3.563299288705746e-12,11.614505088113685,0.5049451810038591,0.6045182019483849,0.3954817980516151,0.9602414388551627,0.8544248244941082,0.20588357005836244
2372,3.4011442103967075e-08,4.9411809428532e-12,11.60826347396208,0.5049109362211104,0.6044810925830488,0.39551890741695117,0.9602694819086637,0.8545167335216713,0.2059125002428627
2373,3.4011442103967075e-08,3.895224820455795e-12,11.60544676987252,0.5049516914188303,0.6045176811151872,0.3954823188848128,0.9602624651556502,0.8545507942329351,0.2056154079511726
2374,3.4011442103967075e-08,3.6315056933254115e-12,11.604030950008166,0.5049561185010109,0.6044925509133982,0.3955074490866018,0.960259956251473,0.8544992936576262,0.20573188562333322
2375,3.4011442103967075e-08,5.396437270610784e-12,11.596509318123994,0.5049115872626074,0.6045165092404924,0.3954834907595076,0.9602763098572634,0.8545283020591113,0.20592215647624126
2376,3.4011442103967075e-08,4.046619157645522e-12,11.593403553398629,0.5049006497654558,0.6045158581989952,0.3954841418010047,0.9602897745232033,0.8546317033641588,0.20557316618911434
2377,3.4011442103967075e-08,3.4804440617491203e-12,11.592281868227591,0.5049066393472293,0.6044876029980201,0.39551239700197993,0.9602940136136517,0.8546507312728184,0.2056738644800266
2378,3.4011442103967075e-08,4.543272873562305e-12,11.587531001016307,0.5049460924619551,0.6045175509068877,0.3954824490931122,0.9602864693777525,0.8545884194045534,0.2055894076081782
2379,3.4011442103967075e-08,3.89755707446364e-12,11.586484468994136,0.5049321601739166,0.6045441133999705,0.3954558866000295,0.9602870182210455,0.8545423023767543,0.20569701957383188
2380,3.4011442103967075e-08,6.226039965729923e-12,11.573996772491288,0.5049343737150068,0.604540597775886,0.395459402224114,0.960299713957874,0.8546003757878281,0.20567652257225502
2381,3.4011442103967075e-08,3.639998404713519e-12,11.57192400028927,0.5049846341185849,0.6045967175529381,0.39540328244706185,0.9603146643273777,0.8546897307222555,0.20546044431841395
2382,3.4011442103967075e-08,3.1044964599426883e-12,11.572379902254621,0.5049283841332333,0.6046198946302358,0.3953801053697642,0.960303864454792,0.854639372206203,0.20561103478071088
2383,3.4011442103967075e-08,3.285657338151616e-12,11.572329222841285,0.5048778633130564,0.6046730196164012,0.39532698038359887,0.9602691861915549,0.8545499728482336,0.20558144520639013
2384,3.4011442103967075e-08,2.6944107735082255e-12,11.5754851033855,0.5048898424766035,0.6046946341941056,0.3953053658058943,0.9602963748237443,0.8546174026151521,0.20563321063937656
2385,3.4011442103967075e-08,5.773538383428332e-12,11.56521443901036,0.5049273424668379,0.6046933321111114,0.3953066678888886,0.9603012910991074,0.8546217867828793,0.2056044750798265
2386,3.4011442103967075e-08,3.968642579182789e-12,11.56223619359371,0.5049624987076826,0.6047133841892228,0.3952866158107771,0.9602944241786057,0.8546175118026662,0.2056176221079694
2387,3.4011442103967075e-08,3.4949701191929547e-12,11.562024094576254,0.5049031237231448,0.6046935925277103,0.39530640747228973,0.9603299779850817,0.8547210551086761,0.20557030723437847
2388,3.4011442103967075e-08,3.644829111911248e-12,11.559536924272326,0.5049539049599205,0.6046308321273874,0.39536916787261256,0.9603475810745247,0.8547163883057503,0.20569608766633565
2389,3.4011442103967075e-08,3.0519093550634703e-12,11.559882323177863,0.5049079414302236,0.6046928112779137,0.39530718872208626,0.9603135556250388,0.8546012105421569,0.205686587105095
2390,3.4011442103967075e-08,3.722061077231648e-12,11.557577010786904,0.504967186206462,0.6046943737775068,0.39530562622249316,0.9603154678566546,0.8546044420938148,0.20556527724862814
2391,3.4011442103967075e-08,6.47338532719558e-12,11.545449428697308,0.5048795560209489,0.6046958060688005,0.3953041939311995,0.9603616896796145,0.8547284446526584,0.20564244512830285
2392,3.4011442103967075e-08,5.526399908974449e-12,11.53581574630559,0.5049779934953142,0.6046745821159942,0.39532541788400577,0.9603484973693774,0.8546799016904091,0.2058393861951572
2393,3.4011442103967075e-08,3.257719652147349e-12,11.535936318427197,0.504940233088481,0.6047948945846628,0.39520510541533715,0.9603408336882248,0.8546259696190008,0.2058021584905428
2394,3.4011442103967075e-08,3.2836579054014863e-12,11.535190566046237,0.5049626289159821,0.6048454154048397,0.3951545845951603,0.9603393216503754,0.8546045961657877,0.20585045693312978
2395,3.4011442103967075e-08,3.686104568752283e-12,11.533516821574862,0.5050068997377866,0.6048564831102908,0.39514351688970917,0.960359498794864,0.8546633007843989,0.20582019126746504
2396,3.4011442103967075e-08,5.7320782878996144e-12,11.524223809708543,0.5050358059802589,0.6048296602006094,0.3951703397993907,0.9603786119871093,0.8547285169382675,0.20587841364405085
2397,3.4011442103967075e-08,6.648654360611704e-12,11.511797286648301,0.5050296861901858,0.6047372123080176,0.39526278769198236,0.9603663116339355,0.8546698926444952,0.2058110774790789
2398,3.4011442103967075e-08,3.747715524850031e-12,11.51119760996361,0.5049322903822161,0.6048027070826284,0.39519729291737166,0.9603466172835717,0.8546147194136292,0.2057655724497376
2399,3.4011442103967075e-08,4.435418928949393e-12,11.506110631819782,0.5048748685221697,0.6047696341745744,0.3952303658254256,0.9603619566130758,0.8546588287932785,0.20571200459784955
2400,3.4011442103967075e-08,3.094115888426883e-12,11.506288020588716,0.5049207018435672,0.6047990612502445,0.39520093874975554,0.960354574837234,0.85462768930704,0.20569489047019696
2401,3.4011442103967075e-08,4.753764017675851e-12,11.500574328484092,0.5049092435132179,0.6047723685488624,0.39522763145113765,0.9603472192416362,0.8545903131112657,0.20595698339474783
2402,3.4011442103967075e-08,4.3621554843125935e-12,11.496673308217199,0.5048661445661082,0.6048105195805938,0.39518948041940616,0.9603679540680362,0.8547078366795863,0.20559685882427473
2403,3.4011442103967075e-08,2.6690180995831393e-12,11.498522042713164,0.5049367174643965,0.6048063529150123,0.3951936470849877,0.9603965497333443,0.8548215879425224,0.20544976309734636
2404,3.4011442103967075e-08,3.1717031003140537e-12,11.499346416751429,0.5048901028932024,0.604824061243734,0.39517593875626594,0.9603918749273064,0.8548095775531876,0.20545406389096627
2405,3.4011442103967075e-08,3.452112338782104e-12,11.49844687150856,0.5048760403968645,0.604871847689623,0.395128152310377,0.9603592619425071,0.8547076869917679,0.20560474877788612
2406,3.4011442103967075e-08,4.216924750765683e-12,11.495028039444332,0.5048730456059777,0.6048833060199724,0.39511669398002763,0.9603831752396736,0.8548213991192305,0.20550013395405048
2407,3.4011442103967075e-08,4.3638930122004374e-12,11.491783623814783,0.5049348945482045,0.6048326549914961,0.3951673450085039,0.9603645388838159,0.8547150703226449,0.20576709560275322
2408,3.4011442103967075e-08,3.8868889506310584e-12,11.489187021946648,0.5048207018696089,0.6048982799744063,0.39510172002559374,0.9603867990585097,0.854783040387829,0.20572395837329233
2409,3.4011442103967075e-08,4.2622496568697985e-12,11.486123440643729,0.5048330716580542,0.6049575247506446,0.39504247524935543,0.9603701936990547,0.8547452715113363,0.20561671767411777
2410,3.4011442103967075e-08,2.9212166095832174e-12,11.487493674233464,0.5048355456157433,0.6049687226643952,0.39503127733560484,0.960362684647555,0.8546819024146698,0.2057036334905162
2411,3.4011442103967075e-08,3.0862776322213085e-12,11.488643017286758,0.5049321601739166,0.604954269543159,0.39504573045684105,0.9603836649348647,0.8547695524107966,0.2056097633654494
2412,3.4011442103967075e-08,3.795817085292474e-12,11.486842149423211,0.5049778632870148,0.6049417695464142,0.39505823045358585,0.9603918610142775,0.8547450755086534,0.20583109979022302
2413,3.4011442103967075e-08,4.059344117503415e-12,11.483673278219129,0.5049572903757056,0.6049650768320113,0.39503492316798877,0.9603925032682905,0.8547712038730436,0.2056554092093588
2414,3.4011442103967075e-08,4.7702170536207264e-12,11.476457341378984,0.5048940091421851,0.6049287487164717,0.3950712512835283,0.9604229616736056,0.8549022409288406,0.2055524381865685
2415,3.4011442103967075e-08,7.615936180874927e-12,11.45960193126502,0.5049210924684655,0.6049434622543067,0.39505653774569327,0.9604248441734756,0.8548927207066886,0.20556379575597186
2416,3.4011442103967075e-08,3.955639786859552e-12,11.457283808775381,0.5048938789338857,0.6049279674666751,0.39507203253332485,0.9604300919856066,0.8548923333632944,0.20564177191888947
2417,3.4011442103967075e-08,3.470130920099501e-12,11.456694842324037,0.5049079414302236,0.604954269543159,0.39504573045684105,0.9604279778479408,0.8548646832639168,0.20579880715088264
2418,3.4011442103967075e-08,5.535683151590045e-12,11.444478648184738,0.5049885403675676,0.6050102591119116,0.3949897408880883,0.9604077660521472,0.8547630062670005,0.20576480882465678
2419,3.4011442103967075e-08,8.921956893174574e-12,11.421355480943266,0.5049548164180165,0.6050014049475508,0.3949985950524492,0.9604452031926857,0.8549134795150456,0.20566207402464023
2420,3.4011442103967075e-08,5.419240450502436e-12,11.412685867682853,0.5049617174578861,0.6049917695333934,0.39500823046660666,0.9604376439680753,0.8549051570893667,0.2057291059472403
2421,3.4011442103967075e-08,3.343688699015307e-12,11.412049050505304,0.5049752591210263,0.6050269257742381,0.39497307422576194,0.960407834986195,0.8548009032216656,0.20570063949118955
2422,3.4011442103967075e-08,4.5046928904292565e-12,11.407071425385872,0.5049856757849802,0.6049730195382762,0.39502698046172385,0.960448173400912,0.8548933331693451,0.2059081300853549
2423,3.4011442103967075e-08,6.836211684731152e-12,11.392879804657511,0.5049747382878286,0.6050553111835127,0.3949446888164873,0.9604733587380322,0.8549846250502593,0.20573855502400157
2424,3.4011442103967075e-08,1.1318099200429576e-11,11.359866109378205,0.504982550785794,0.6050727590956356,0.3949272409043644,0.96047095327458,0.8550027653137118,0.2056765855051343
2425,3.4011442103967075e-08,3.5504153419093277e-12,11.358803039805801,0.5049813789110993,0.605057524724603,0.39494247527539705,0.9604772584688377,0.854990562429651,0.20575864444563127
2426,3.4011442103967075e-08,4.4352379647732054e-12,11.353453043576545,0.5049744778712297,0.605047759102146,0.3949522408978539,0.9604768377156973,0.8549900222265212,0.2057214167358953
2427,3.4011442103967075e-08,4.10362408511297e-12,11.35107328911127,0.5049884101592682,0.6050446341029598,0.3949553658970401,0.9604764936426063,0.8550026900966161,0.20563840461306596
2428,3.4011442103967075e-08,6.955020470002615e-12,11.335534163265192,0.5049156237198896,0.605115467417847,0.39488453258215295,0.9604462634543008,0.8549379712576116,0.20542111695802032
2429,3.4011442103967075e-08,3.4223305078801134e-12,11.334887212560151,0.5049747382878286,0.6051403372030372,0.39485966279696283,0.9604727524026794,0.8550174573845845,0.20544524246179063
2430,3.4011442103967075e-08,4.2313137475070055e-12,11.331517027975599,0.5049735664131337,0.6051182017921349,0.39488179820786506,0.9604614855430008,0.8549974665816915,0.2056502846079129
2431,3.4011442103967075e-08,3.5769448606718088e-12,11.330490393774756,0.5049942695327423,0.6051572642819625,0.3948427357180376,0.9604889309938811,0.8550529191102209,0.20570409235582487
2432,3.4011442103967075e-08,3.3740513719743075e-12,11.330183091755265,0.5049744778712297,0.6051506236586918,0.39484937634130823,0.9604916936416067,0.855062276556036,0.20559094135673858
2433,3.4011442103967075e-08,3.634555394766162e-12,11.328526498832472,0.5050026028639055,0.6051085663779775,0.3948914336220225,0.9604927306614264,0.8550797754393158,0.20555158222320574
2434,3.4011442103967075e-08,3.865454655044564e-12,11.326875431206226,0.5050111966116676,0.605125884081801,0.394874115918199,0.9604941941585834,0.8550622465144224,0.20560056703633203
2435,3.4011442103967075e-08,8.071696339775409e-12,11.306731988567371,0.5049856757849802,0.6051835663584463,0.3948164336415537,0.9604987412820419,0.8550742440067267,0.20560095564617728
2436,3.4011442103967075e-08,5.7308579221551644e-12,11.297689585624283,0.5049434882959666,0.6051550507408722,0.3948449492591278,0.9604745413292997,0.8550246295920212,0.20556483174886342
2437,3.4011442103967075e-08,5.062495677407813e-12,11.290564295395601,0.5049546862097172,0.6051607799060469,0.3948392200939531,0.9604980212824831,0.8550200256229342,0.20575940063926126
2438,3.4011442103967075e-08,4.287303879693394e-12,11.28710318500861,0.5049272122585384,0.6051676809459164,0.39483231905408356,0.9604791164729622,0.8549600767104412,0.20582896392093925
2439,3.4011442103967075e-08,3.821562780316547e-12,11.285085768513964,0.5049542955848189,0.6052062226025462,0.3947937773974538,0.9604736478434378,0.8550023309361221,0.20551776478914416
2440,3.4011442103967075e-08,4.320196173265949e-12,11.282046732574345,0.5050019518224084,0.605205571561049,0.3947944284389509,0.9605057838954529,0.8550614877163057,0.20569894678609102
2441,3.4011442103967075e-08,3.197768738947072e-12,11.282809508886425,0.5049363268394982,0.6051918996896094,0.39480810031039054,0.9605131325119156,0.8550998315542325,0.2057535973099413
2442,3.4011442103967075e-08,3.4692666549588423e-12,11.281359720573777,0.504949738294339,0.6053058319516063,0.39469416804839375,0.9605005538857968,0.8550394771894453,0.2055371300438275
2443,3.4011442103967075e-08,4.352001724719068e-12,11.277547211608777,0.5049707018305464,0.6052183319743927,0.39478166802560727,0.9605193635040504,0.8550988600469313,0.20554692160043508
2444,3.4011442103967075e-08,5.4345289255049425e-12,11.267895739769816,0.5049959622406348,0.6051498424088952,0.3948501575911048,0.9605147122146688,0.8550537926193562,0.20576983292949078
2445,3.4011442103967075e-08,3.788850050428391e-12,11.265442226559928,0.5049734362048344,0.6052476288417633,0.3947523711582367,0.9605162104792109,0.8550476578890237,0.20565884931996042
2446,3.4011442103967075e-08,5.580520103008345e-12,11.257693525202658,0.5050236966084123,0.6052510142575483,0.39474898574245165,0.9605058183939931,0.8550108053971455,0.20585085219061083
2447,3.4011442103967075e-08,3.4571282560962795e-12,11.257593861165155,0.5050143216108538,0.6052744517514449,0.39472554824855516,0.9605092487266187,0.854989805141045,0.20592152114514845
2448,3.4011442103967075e-08,4.451528119430222e-12,11.25265326041806,0.5050209622341244,0.6052566132144236,0.39474338678557636,0.9605221456112828,0.8550577450727646,0.20576955650424905
2449,3.4011442103967075e-08,5.753156759746617e-12,11.243083100379522,0.5049481757947459,0.6052780975838288,0.3947219024161712,0.9605566601558571,0.8551412491594501,0.2058981685108056
2450,3.4011442103967075e-08,4.654070974832762e-12,11.237338422291401,0.5049480455864465,0.6052899465390764,0.3947100534609236,0.9605574134427788,0.8551235239091589,0.20605797676571266
2451,3.4011442103967075e-08,3.4606563996619225e-12,11.237143906690546,0.5048972643496707,0.6052338267620243,0.3947661732379757,0.9605580307884246,0.8551354358139563,0.20598888066056806
2452,3.4011442103967075e-08,5.525422791716346e-12,11.228184129327335,0.5049303372577246,0.6052494517579553,0.39475054824204475,0.9605527297374642,0.8550811375642996,0.20606427352747345
2453,3.4011442103967075e-08,4.523207815750666e-12,11.223238534434575,0.5049878893260705,0.6052994517449345,0.39470054825506556,0.9605817461073104,0.8552457270499294,0.20569108614533455
2454,3.4011442103967075e-08,4.1951247160614095e-12,11.219804708823437,0.5049361966311988,0.6052925507050649,0.39470744929493506,0.9605796763011686,0.8552106724884594,0.20583158156886247
2455,3.4011442103967075e-08,3.2633765581081946e-12,11.220889486333997,0.5049068997638282,0.605281222583015,0.394718777416985,0.9606146893206863,0.855323075981833,0.20585305089763276
2456,3.4011442103967075e-08,3.2139244461290648e-12,11.222044691885841,0.5049316393407189,0.6052874725813874,0.3947125274186126,0.9606144493624439,0.8553196722517757,0.20589241320078266
2457,3.4011442103967075e-08,4.701198808664968e-12,11.217058167688206,0.5049468737117516,0.6053279673625085,0.3946720326374915,0.9606241839149802,0.8554066455358993,0.2056861629591198
2458,3.4011442103967075e-08,3.4806010374060404e-12,11.21568078912547,0.5049903632837596,0.6053446340248348,0.3946553659751651,0.9606241538249133,0.8554350117323293,0.2056472817652245
2459,3.4011442103967075e-08,2.9062584614111146e-12,11.216395067019238,0.5050169257768422,0.6054094777579485,0.3945905222420515,0.9606073870879988,0.8554237797979848,0.20552739861948796
2460,3.4011442103967075e-08,3.338655420076071e-12,11.217298874930433,0.5050235664001129,0.6054504933722673,0.39454950662773264,0.9606291590236166,0.8554512814967389,0.20546939226953903
2461,3.4011442103967075e-08,3.013084352648859e-12,11.21972662029865,0.5050791653439674,0.6054469777481829,0.3945530222518171,0.9606107138735693,0.8553873958456326,0.20552489843564947
2462,3.4011442103967075e-08,4.439414935697561e-12,11.216005993939019,0.505012238278063,0.6055219777286517,0.39447802227134837,0.9606239133157405,0.8554183088631885,0.2052622732963446
2463,3.4011442103967075e-08,4.3127189875834835e-12,11.213004923209802,0.5050470038940094,0.6054877329459029,0.39451226705409714,0.9606332478009519,0.855436650770617,0.20548588631403325
2464,3.4011442103967075e-08,3.1562853344828844e-12,11.215008024772597,0.50500156119751,0.6054918996114845,0.3945081003885155,0.9606312056443704,0.8554149960791328,0.20555118726987937
2465,3.4011442103967075e-08,4.091442403151177e-12,11.214029722768327,0.505036457021756,0.6054527069133576,0.39454729308664244,0.9606143499467332,0.8553335180736142,0.20556595892942472
2466,3.4011442103967075e-08,3.1321446026839643e-12,11.214966877298716,0.5050510403512916,0.6054445037904939,0.3945554962095062,0.9606159967746329,0.8553013343043495,0.20571919743637743
2467,3.4011442103967075e-08,3.33538622806228e-12,11.215938055703491,0.5050523424342859,0.605477967323446,0.394522032676554,0.9606228630463732,0.8552852877707992,0.20578737617649775
2468,3.4011442103967075e-08,3.5852123126399526e-12,11.216161659372128,0.5050029934888037,0.6054540089963518,0.3945459910036482,0.9606443443492139,0.855397937747146,0.2057061145044184
2469,3.4011442103967075e-08,3.770989285467562e-12,11.213662794244517,0.5050209622341244,0.6054530975382558,0.3945469024617442,0.960670181059773,0.8554540959108154,0.20581090493229842
2470,3.4011442103967075e-08,2.6519662382976407e-12,11.21652656982968,0.5050356757719594,0.6054860402380103,0.39451395976198966,0.9606441868877956,0.8553308328243404,0.2058368816394821
2471,3.4011442103967075e-08,4.16518051929876e-12,11.212704792709815,0.5050170559851417,0.6054674204511926,0.3945325795488074,0.9606489976742216,0.8553577756211845,0.20583701815141583
2472,3.4011442103967075e-08,5.0624962919405125e-12,11.206464620478844,0.504999998697917,0.6054969777351621,0.39450302226483797,0.9606878238411226,0.8554968979122383,0.20571348731253458
2473,3.4011442103967075e-08,4.309963407410549e-12,11.202658925660316,0.5049906237003584,0.6054891652371965,0.39451083476280346,0.9606534531365977,0.8553893199564632,0.20581119348718976
2474,3.4011442103967075e-08,4.059455608057942e-12,11.197845558969902,0.5049704414139475,0.6055037485667322,0.39449625143326783,0.9606190426980978,0.8552574477071944,0.2059219945099608
2475,3.4011442103967075e-08,3.704970189558049e-12,11.197358314158922,0.5049920559916521,0.605548149596836,0.39445185040316394,0.9606426272039645,0.8553041337761186,0.20581909955671093
2476,3.4011442103967075e-08,3.36123032936581e-12,11.197364470263443,0.5049822903691952,0.6056463266546024,0.39435367334539756,0.9606353265151975,0.8552717429015855,0.2059346279035094
2477,3.4011442103967075e-08,3.132984707359394e-12,11.19880299250662,0.5050654934725277,0.6056032277074928,0.3943967722925072,0.9606377781153601,0.8552838592540937,0.20597214532075742
2478,3.4011442103967075e-08,2.929663964148288e-12,11.199831639534297,0.5050611965986467,0.6056230193690054,0.39437698063099463,0.960648522614794,0.8553412250883359,0.205688059858386
2479,3.4011442103967075e-08,4.947178917331001e-12,11.193467408545803,0.504998175781725,0.605693071434096,0.39430692856590405,0.9606520334371731,0.8553365748740164,0.20560325335424773
2480,3.4011442103967075e-08,3.5913586272625944e-12,11.192571848822913,0.5050445299363203,0.6056622120671322,0.3943377879328677,0.9606823758370315,0.8553497218278893,0.20584809309006089
2481,3.4011442103967075e-08,3.3670870241274035e-12,11.1933494851155,0.5050457018110152,0.6056165089540341,0.3943834910459659,0.9606805270895271,0.8553456477066759,0.2059663071273354
2482,3.4011442103967075e-08,3.398918193972521e-12,11.193906540840533,0.5050661445140249,0.6056382537400381,0.3943617462599619,0.9606590722158849,0.8553209624660676,0.20582745640530073
2483,3.4011442103967075e-08,4.080978810489527e-12,11.191050612375193,0.5050356757719594,0.6056613006090363,0.3943386993909637,0.9606618829280957,0.8553398243515468,0.2059257564304372
2484,3.4011442103967075e-08,5.1686412823169505e-12,11.183855911874923,0.5049876289094717,0.6056313527001685,0.39436864729983145,0.9606678078471551,0.8553698015431204,0.2058406449073166
2485,3.4011442103967075e-08,3.833645137557973e-12,11.181297755989842,0.5050578111828616,0.6055905975024486,0.3944094024975514,0.9606720605932916,0.8553686660498293,0.20584892882928912
2486,3.4011442103967075e-08,4.1160955980442664e-12,11.176995728122645,0.5050454413944163,0.6055964568759227,0.3944035431240773,0.9606646936961508,0.8553207784056724,0.20607563096609144
2487,3.4011442103967075e-08,3.434097671223106e-12,11.176888516319615,0.5051082017947391,0.6056235402022031,0.39437645979779695,0.9606796685534352,0.8553462103740684,0.2061306207129489
2488,3.4011442103967075e-08,7.312149492900902e-12,11.162453009322887,0.5049794257866078,0.6056027068742951,0.39439729312570493,0.9606628370690199,0.855343999269444,0.2060151502494525
2489,3.4011442103967075e-08,3.3254921400597684e-12,11.162618405916499,0.5049389310054867,0.6056438526969133,0.39435614730308666,0.9606327786755522,0.8553032963708755,0.20585542310812727
2490,3.4011442103967075e-08,5.212341301461259e-12,11.155182594821984,0.5050404934790381,0.6056640349833242,0.3943359650166758,0.9606451875656001,0.8553398299680974,0.2057739977397399
2491,3.4011442103967075e-08,2.8378410097471956e-12,11.156700664879107,0.5050074205709842,0.6056800506041535,0.3943199493958465,0.9606753845859534,0.85542072362245,0.20578927308651523
2492,3.4011442103967075e-08,6.8951959743505025e-12,11.140331951920425,0.5049468737117516,0.6057613005829946,0.39423869941700534,0.960668036914244,0.8553728492810289,0.20566726197040994
2493,3.4011442103967075e-08,9.421423622937084e-12,11.115782964676985,0.504982811202393,0.6057132537205069,0.39428674627949317,0.9606655492438612,0.8552460360958517,0.20620452354645297
2494,3.4011442103967075e-08,3.5657553398260295e-12,11.114881873208505,0.5050608059737485,0.6056352589491513,0.3943647410508487,0.9606801997742465,0.8553014572477387,0.2063052196637464
2495,3.4011442103967075e-08,3.586429473152435e-12,11.114653530504608,0.5050341132723664,0.605707784971931,0.394292215028069,0.9607039396718714,0.8553928617545221,0.20607724290427074
2496,3.4011442103967075e-08,3.986613394383206e-12,11.112107433860073,0.5050523424342859,0.6057303110077316,0.3942696889922685,0.9607278313742431,0.8555145354556083,0.20585956331660843
2497,3.4011442103967075e-08,3.9868466227302675e-12,11.10929286452641,0.504969660164151,0.6057235401761614,0.3942764598238386,0.9607392373977994,0.8555189805019856,0.20598894256198833
2498,3.4011442103967075e-08,4.293431400305383e-12,11.106025169124317,0.5050098945286733,0.6057412485048832,0.3942587514951168,0.9607479347305744,0.8555414793617219,0.20591359639310758
2499,3.4011442103967075e-08,8.108847222443966e-12,11.086335590203328,0.5050549466002743,0.605724321425958,0.39427567857404205,0.9607284501790699,0.8554677491760515,0.20597452360039925
2500,3.4011442103967075e-08,1.0792661991777423e-11,11.053712407034373,0.5050341132723664,0.605768462039463,0.394231537960537,0.9606878263048183,0.8554062893612219,0.20583063475384766
2501,3.4011442103967075e-08,4.436556504423888e-12,11.04942841871128,0.5050678372219174,0.605740597463386,0.3942594025366139,0.9606746689751847,0.8553373760634205,0.2060428375812749
2502,3.4011442103967075e-08,5.520729019701674e-12,11.041086686418145,0.5050479153521054,0.6057398162135895,0.3942601837864105,0.9606832419117204,0.8553387668657441,0.20619631047044654
2503,3.4011442103967075e-08,4.390067967466435e-12,11.035195547077652,0.5050850247174414,0.6058079151541887,0.39419208484581125,0.9607054389440512,0.855427919152477,0.2059943429148773
2504,3.4011442103967075e-08,5.292873285280462e-12,11.027741053251853,0.5050485663936025,0.6058346078555709,0.39416539214442914,0.9607236611966726,0.8554775369162396,0.20584030074978957
2505,3.4011442103967075e-08,4.0712792710123945e-12,11.025596790609923,0.5050433580616255,0.6058935922152103,0.3941064077847896,0.9606992104531145,0.855366089063671,0.20575733590356024
2506,3.4011442103967075e-08,5.394710390721404e-12,11.017207840270357,0.5050252591080054,0.6057981495317319,0.3942018504682681,0.9607344513255357,0.8554452744463307,0.20612510076401924
2507,3.4011442103967075e-08,3.4330698672856776e-12,11.017696515428034,0.5051072903366431,0.6057708057888527,0.3942291942111473,0.9607310083432573,0.8554441239121937,0.20613663603906612
2508,3.4011442103967075e-08,3.968377834008567e-12,11.015975041398221,0.505074738261787,0.6058055714047991,0.3941944285952009,0.9607478580173565,0.8554687657717465,0.20615220381206162
2509,3.4011442103967075e-08,3.4471689793942443e-12,11.016484381872539,0.5050055976547922,0.6057586964170062,0.39424130358299386,0.9607522526704607,0.8555006883423926,0.20615284824567712
2510,3.4011442103967075e-08,3.761558440446084e-12,11.015108574159651,0.5050238268167118,0.6057813526611061,0.39421864733889395,0.9607864674905332,0.8556369993061594,0.20582878247690944
2511,3.4011442103967075e-08,6.064877000803164e-12,11.004749973250298,0.5049665351649648,0.6057178110109868,0.3942821889890133,0.9607648867710398,0.8555895846916214,0.2059513528338917
2512,3.4011442103967075e-08,6.629325045832894e-12,10.991632458336854,0.5049378893390913,0.605736300589505,0.39426369941049494,0.9607709322271741,0.8556254172545308,0.20596390619844251
2513,3.4011442103967075e-08,5.6629536840898e-12,10.98308318249142,0.5049845039102855,0.6057680714145648,0.39423192858543527,0.96077268663325,0.8555877695021046,0.20606383084404797
2514,3.4011442103967075e-08,4.422668732047537e-12,10.978799898178131,0.5049621080827843,0.6057853891183882,0.39421461088161175,0.960768421463242,0.8556014540841641,0.2060066119515721
2515,3.4011442103967075e-08,5.041636014598278e-12,10.97097568000279,0.5049138008036977,0.6058064828628951,0.39419351713710493,0.9607754085401272,0.855679899698946,0.20580602183128233
2516,3.4011442103967075e-08,4.593777145705004e-12,10.967057030017688,0.5049665351649648,0.6058043995301043,0.3941956004698957,0.9607875783478517,0.8556294857445812,0.20612465279247522
2517,3.4011442103967075e-08,5.592046810355532e-12,10.958511213260277,0.5050111966116676,0.6058527068091909,0.39414729319080904,0.9608287153664193,0.8557114796320595,0.2059394490997646
2518,3.4011442103967075e-08,5.104358003530339e-12,10.95067383914084,0.5049398424635827,0.6058012745309181,0.3941987254690819,0.96080740055517,0.8556248296620371,0.2062765911416309
2519,3.4011442103967075e-08,8.210470094193284e-12,10.932444233017296,0.5049838528687883,0.6058585661826651,0.39414143381733496,0.9607817321342131,0.8555399771926303,0.20641630109386064
2520,3.4011442103967075e-08,3.939333649289845e-12,10.929569918447713,0.5049494778777401,0.6058252328580123,0.39417476714198774,0.9607630405457752,0.8555550933783714,0.20628918485544862
2521,3.4011442103967075e-08,4.038325352929794e-12,10.92783749705788,0.5049697903724504,0.6058432016033329,0.39415679839666706,0.9607873211338777,0.8555992596036079,0.2062276819522255
2522,3.4011442103967075e-08,3.2830301907825533e-12,10.928608699975895,0.5049833320355906,0.6059014047131759,0.39409859528682417,0.9607727733337248,0.8555500101455569,0.20632309780624097
2523,3.4011442103967075e-08,8.268211475302785e-12,10.909263940509364,0.504954946626316,0.6059192432501971,0.3940807567498029,0.9607942360228867,0.8556303159790531,0.20612720928818767
2524,3.4011442103967075e-08,2.844537051098915e-12,10.910628037880993,0.5048971341413713,0.605984477608209,0.39401552239179105,0.9607601865340111,0.8555481603545481,0.2058991291425043
2525,3.4011442103967075e-08,4.850842154629758e-12,10.905332236668492,0.5048704414399892,0.6059667692794871,0.39403323072051283,0.9607508851212624,0.8555415938748624,0.20579208917935826
2526,3.4011442103967075e-08,2.970061776934658e-12,10.907170080822318,0.504947915378147,0.6059116911688305,0.3940883088311696,0.9607869022255973,0.8555944198907661,0.20599643756297178
2527,3.4011442103967075e-08,4.519876260879707e-12,10.903206727134096,0.5049575507923045,0.6059223682493833,0.3940776317506167,0.9607827497066082,0.8555648622759039,0.20610056431516216
2528,3.4011442103967075e-08,4.375656125928401e-12,10.899018715311485,0.5049471341283505,0.605910649502435,0.394089350497565,0.9607973957082137,0.8556070216216332,0.20626751030041002
2529,3.4011442103967075e-08,5.04031009154655e-12,10.892977344310758,0.5049498685026385,0.605976534901944,0.39402346509805597,0.9608045110155573,0.8555782890140096,0.2063657885597797
2530,3.4011442103967075e-08,3.812907159080362e-12,10.891554596996698,0.504921222676765,0.6059495817839631,0.3940504182160369,0.960804423765922,0.8555724456395494,0.2062471945880019
2531,3.4011442103967075e-08,4.1718989858728855e-12,10.888613058709767,0.5049682278728573,0.6059704151118711,0.39402958488812895,0.9607920745701847,0.8555816008225996,0.2061307843875736
2532,3.4011442103967075e-08,4.432966267652203e-12,10.88505875258252,0.5050027330722049,0.6059586963649228,0.39404130363507717,0.9608086578782982,0.8556162823623437,0.20629303166664503
2533,3.4011442103967075e-08,5.434647579352415e-12,10.87802664593058,0.5049753893293257,0.6059956755219595,0.3940043244780405,0.9608409078169571,0.8557218985627671,0.20595579569905348
2534,3.4011442103967075e-08,4.2633171079090684e-12,10.875506633653554,0.5050311184814795,0.6059594776147194,0.39404052238528064,0.9608780807759891,0.8558621731981273,0.2058988254588879
2535,3.4011442103967075e-08,2.951668558497771e-12,10.877618405812955,0.505009503903775,0.6059791390679325,0.39402086093206745,0.960877426903324,0.8558692921753159,0.20591254458643815
2536,3.4011442103967075e-08,7.685085852620666e-12,10.86077761975224,0.505011326819967,0.6059623421973067,0.3940376578026933,0.960855477380097,0.8557883287774338,0.20601616802592854
2537,3.4011442103967075e-08,3.5884769881398767e-12,10.86100535880226,0.505041665353733,0.6059926807310727,0.3940073192689273,0.9608399576698162,0.8557839733259406,0.2059710436572809
2538,3.4011442103967075e-08,3.388541110777678e-12,10.859967417718988,0.5050253893163049,0.6060467171753341,0.3939532828246659,0.9608738537693527,0.8559120595689288,0.20577152779695798
2539,3.4011442103967075e-08,3.682991634437852e-12,10.85993307543536,0.5050192695262319,0.6060417692599559,0.3939582307400441,0.9608508314118785,0.8557307327554429,0.20615961280268186
2540,3.4011442103967075e-08,3.2656266687978408e-12,10.859992490339994,0.5050101549452721,0.6060221078067427,0.39397789219325724,0.9609047180433922,0.855911736702294,0.20605846634424463
2541,3.4011442103967075e-08,4.197014815516909e-12,10.857676344900776,0.5049692695392527,0.6060533577986047,0.39394664220139525,0.9609153809529698,0.8559235066006777,0.2062687505772076
2542,3.4011442103967075e-08,6.135222399808721e-12,10.847071114196925,0.5050071601543854,0.6060430713429502,0.39395692865704984,0.9609036691350874,0.8558932690213441,0.20630888422706328
2543,3.4011442103967075e-08,7.578218997042143e-12,10.829408719462828,0.5049638007906769,0.60603630051138,0.3939636994886199,0.9608990249506478,0.8559334382129202,0.20597966211942623
2544,3.4011442103967075e-08,1.2764597807823579e-11,10.792271857239275,0.5049223945514597,0.6060905973722402,0.39390940262775975,0.9609219491858109,0.85610451298675,0.2056904914086669
2545,3.4011442103967075e-08,3.6010182185285708e-12,10.792720390726442,0.5048666653993059,0.606095415079319,0.39390458492068103,0.9609076979714046,0.8559620845353374,0.20586722237212465
2546,3.4011442103967075e-08,5.721328514682918e-12,10.783263922374392,0.504889061226807,0.6060387744690692,0.3939612255309308,0.9609350704088044,0.856077136044205,0.20579043657392493
2547,3.4011442103967075e-08,5.3402394388316985e-12,10.775651178604472,0.5049347643399051,0.6060872119564552,0.3939127880435448,0.9609513217811102,0.8561267519111155,0.20569500601801138
2548,3.4011442103967075e-08,6.8893817700109014e-12,10.761874709656851,0.5048916653927955,0.6060758838344052,0.39392411616559475,0.9609100654814828,0.8560191992199633,0.20570132247630793
2549,3.4011442103967075e-08,4.928414140893184e-12,10.75598618780872,0.5049191393439741,0.6060430713429502,0.39395692865704984,0.9609298786415705,0.8560311049466862,0.2060434967126632
2550,3.4011442103967075e-08,3.636449705714122e-12,10.755876559331787,0.5049477851698476,0.6060607796716719,0.39393922032832807,0.9609410754087169,0.8560093531889817,0.20607112547751352
2551,3.4011442103967075e-08,4.126475630819761e-12,10.75296963069563,0.5048792956043501,0.606071847377123,0.39392815262287695,0.9609183609933979,0.8559625070767725,0.2061840253947357
2552,3.4011442103967075e-08,3.4633964719453455e-12,10.754198455665046,0.5049251289257477,0.6061340869442482,0.3938659130557518,0.9609358282775177,0.855986237689808,0.20607098983151276
2553,3.4011442103967075e-08,1.0290457382206151e-11,10.728311453298186,0.5049132799705001,0.6061541390223596,0.39384586097764035,0.9609359110782975,0.8559720543223414,0.20597495161222734
2554,3.4011442103967075e-08,3.509529063473576e-12,10.728183666702334,0.5048876289355133,0.6061387744430274,0.3938612255569725,0.9609649839251205,0.8560795141359826,0.20581250662194006
2555,3.4011442103967075e-08,4.606046845172365e-12,10.725095505598112,0.5048837226865306,0.6060724984186202,0.3939275015813798,0.9609543130910122,0.8560141052727358,0.20611996700541513
2556,3.4011442103967075e-08,4.980573286838667e-12,10.71937463577497,0.5048889310185075,0.6061409879841178,0.3938590120158823,0.9609405101295178,0.8559688103227133,0.2061713012600959
2557,3.4011442103967075e-08,3.9197255517687724e-12,10.717407382798772,0.5048963528915748,0.6062051806757341,0.3937948193242658,0.9609324239903456,0.8559598583998805,0.20599909131357957
2558,3.4011442103967075e-08,7.1569019249784346e-12,10.703277026494488,0.5048813789371409,0.6062054410923331,0.39379455890766696,0.9609196162773069,0.8558888563834676,0.20595949209953826
2559,3.4011442103967075e-08,4.490039939929878e-12,10.699720096211799,0.5049283841332333,0.606197758802667,0.39380224119733304,0.9609318249808885,0.8558994405998379,0.206088980025206
2560,3.4011442103967075e-08,4.424349612508279e-12,10.696428658013293,0.5049130195539011,0.6062132535902985,0.39378674640970146,0.9609797781106304,0.8560468390991686,0.20594563820643272
2561,3.4011442103967075e-08,3.8359004171105315e-12,10.696627477935454,0.5049372382975942,0.606187342138713,0.393812657861287,0.9609423772225117,0.855923759001707,0.20605600544501734
2562,3.4011442103967075e-08,3.92071560168228e-12,10.693798437262448,0.5049014310152523,0.6061580452713424,0.39384195472865763,0.9609466243023828,0.8559565738258046,0.2060626114124228
2563,3.4011442103967075e-08,3.733557045161904e-12,10.69369049126205,0.5049355455897017,0.6062240608791508,0.3937759391208492,0.9609469484175369,0.855943666672297,0.2060284542460153
2564,3.4011442103967075e-08,3.7333328061287405e-12,10.69220765048955,0.504935024756504,0.6061236702802942,0.3938763297197058,0.9609326135058418,0.8558578281440287,0.20647263274485797
2565,3.4011442103967075e-08,3.3047383978092338e-12,10.693887429799307,0.5050115872365658,0.6061814827652389,0.39381851723476113,0.9609364400493219,0.8559046212934773,0.20627064381643698
2566,3.4011442103967075e-08,5.645671635950681e-12,10.68596531366208,0.5049467435034523,0.6061519254812694,0.3938480745187306,0.9609586377382106,0.8560033762690499,0.20608446521121446
2567,3.4011442103967075e-08,3.685282306349488e-12,10.68536205934353,0.5049919257833526,0.6062167692143831,0.393783230785617,0.9609689820437649,0.8560557792025759,0.20595845457208953
2568,3.4011442103967075e-08,2.887949721400111e-12,10.687145618447328,0.5050197903594296,0.6061797900573463,0.39382020994265365,0.9610031229066354,0.8560861123308111,0.2061049738440921
2569,3.4011442103967075e-08,3.4757023468448205e-12,10.687385980177798,0.5049528632935252,0.6062739306578305,0.3937260693421694,0.961003745851018,0.8561211610600082,0.20590240359875042
2570,3.4011442103967075e-08,3.788994143676166e-12,10.685310702647625,0.5049610664163889,0.6062333056684099,0.39376669433159,0.9610269926673117,0.8561568452263716,0.20606180941621163
2571,3.4011442103967075e-08,4.03740859160883e-12,10.68235059297893,0.5049315091324195,0.6062514046220301,0.39374859537796997,0.9610153834555012,0.8561106469411005,0.2060634965867917
2572,3.4011442103967075e-08,5.2573560896401286e-12,10.675484821097307,0.5049266914253407,0.6062185921305749,0.39378140786942506,0.9610174180695724,0.8561658824818865,0.20596928304685228
2573,3.4011442103967075e-08,3.631689287816278e-12,10.674237197477431,0.5048122383301463,0.6062977587766253,0.39370224122337466,0.9610209541288898,0.8561216509068409,0.20609060476866795
2574,3.4011442103967075e-08,2.88839163718745e-12,10.676458607037913,0.5048701810233903,0.6063161181468443,0.3936838818531558,0.961022292591689,0.8561060774763678,0.20606872500262163
2575,3.4011442103967075e-08,3.565920340421945e-12,10.67664427033391,0.5048179674953209,0.6063265348107982,0.39367346518920177,0.9610133592628852,0.8561521427660584,0.20588483385693446
2576,3.4011442103967075e-08,4.159756675687088e-12,10.6744752054236,0.5048854153944231,0.6062248421289473,0.39377515787105266,0.9610008587015506,0.8561130188547795,0.20614376558753916
2577,3.4011442103967075e-08,3.0309613678028483e-12,10.676420511659282,0.5049557278761125,0.6062721077416386,0.3937278922583614,0.960983870951249,0.8560630326904471,0.20615191472634356
2578,3.4011442103967075e-08,3.4851196360285e-12,10.67787483475323,0.5049247383008494,0.6063119514812626,0.39368804851873734,0.960996926243292,0.8561322917648148,0.20597186492328354
2579,3.4011442103967075e-08,6.090982638324302e-12,10.668611596823574,0.504898566432665,0.6062432014991663,0.3937567985008337,0.9609878915023918,0.8561062746417543,0.20616757171549777
2580,3.4011442103967075e-08,3.839141176462659e-12,10.667507633178785,0.5048972643496707,0.6063326546008712,0.3936673453991288,0.9609919781144307,0.8560634116897856,0.20608222587463562
2581,3.4011442103967075e-08,3.0980459154588022e-12,10.669313313076195,0.504874998730469,0.6062913785699535,0.3937086214300465,0.9609997583641767,0.8561161444500109,0.20588052643715193
2582,3.4011442103967075e-08,3.2080733292987853e-12,10.67102306699336,0.5048834622699317,0.6062287483779301,0.3937712516220699,0.9609852511099456,0.8560382546408203,0.20617576098913426
2583,3.4011442103967075e-08,3.779478164469385e-12,10.669960062525277,0.5048885403936093,0.6063128629393586,0.3936871370606414,0.9609949773899156,0.8560327164796232,0.2062753199411863
2584,3.4011442103967075e-08,3.746968489751935e-12,10.66956990534577,0.5049048164310374,0.6062803108645024,0.3937196891354976,0.9610065605872066,0.8560140093621513,0.20641112231315803
2585,3.4011442103967075e-08,5.270450369604193e-12,10.663248988069078,0.5049186185107765,0.6062119515073043,0.3937880484926957,0.9609974743553168,0.8560116242896565,0.2064606680860695
2586,3.4011442103967075e-08,3.5281428151852653e-12,10.662959117984824,0.5049180976775788,0.606179399432448,0.3938206005675519,0.9610114446088089,0.8560897300524287,0.20637995002356402
2587,3.4011442103967075e-08,3.791018102412313e-12,10.662763955103808,0.5048920560176937,0.606237602542291,0.39376239745770897,0.9610239867775274,0.8561556360312186,0.20617017196337808
2588,3.4011442103967075e-08,5.04693958613935e-12,10.657232018508477,0.5048897122683041,0.6062671598262604,0.39373284017373955,0.9610158229495703,0.8561098999774195,0.20614576123853992
2589,3.4011442103967075e-08,4.147148157265394e-12,10.65541663813392,0.5048733060225765,0.6062852587798805,0.39371474122011946,0.961021826444082,0.856138579704791,0.20611205069517557
2590,3.4011442103967075e-08,3.447943288367862e-12,10.65594524858346,0.504857811234945,0.6062639046187749,0.39373609538122517,0.9609954262143923,0.8560526930769145,0.20620220051115154
2591,3.4011442103967075e-08,2.9335311261094554e-12,10.658583458577997,0.5048463529045956,0.6063232796033126,0.3936767203966874,0.9609964608157339,0.8560565694933455,0.20617462839906844
2592,3.4011442103967075e-08,7.813196853968375e-12,10.641906644329726,0.5048614570673289,0.6062937223193432,0.39370627768065686,0.9610172352414612,0.8560845417788806,0.2063016234217843
2593,3.4011442103967075e-08,4.075765162236294e-12,10.640702964020026,0.5048902331015018,0.6062714567001415,0.3937285432998585,0.9610350686620714,0.8561675878977505,0.20619481446823654
2594,3.4011442103967075e-08,4.164560298760829e-12,10.638791262219888,0.5049049466393368,0.6063006233592126,0.39369937664078736,0.9610585880760157,0.8562090634018608,0.2063388511999393
2595,3.4011442103967075e-08,4.683606742611225e-12,10.635056852917623,0.504855988318753,0.6063639045927331,0.3936360954072668,0.9610417325398202,0.8561540189410547,0.2063193812596837
2596,3.4011442103967075e-08,3.799129870594049e-12,10.633856490291556,0.5049325507988149,0.6063261441858999,0.3936738558141,0.9610622564845432,0.8561785991744167,0.2064443186073371
2597,3.4011442103967075e-08,4.1247649279213365e-12,10.630631053223757,0.504923696634454,0.6063510139710901,0.3936489860289099,0.9610568363360252,0.8561408371532045,0.20646552082690706
2598,3.4011442103967075e-08,3.5822797761074085e-12,10.63099251259055,0.5049552070429149,0.6063480191802033,0.3936519808197967,0.9610570601276482,0.8561331805628959,0.20647659001381635
2599,3.4011442103967075e-08,7.355822808479273e-12,10.615633395321463,0.5048876289355133,0.6063301806431821,0.3936698193568179,0.9610694159202449,0.8562369509398945,0.2063787471701345
2600,3.4011442103967075e-08,2.5838314606837722e-12,10.618207147654989,0.5048484362373864,0.6063179410630362,0.39368205893696384,0.9610907530798605,0.8563178186630245,0.206453016067846
2601,3.4011442103967075e-08,3.2273626500331337e-12,10.619368174922265,0.5048919258093943,0.606331352517877,0.39366864748212305,0.9610997291043665,0.8562713361116979,0.206452374468958
2602,3.4011442103967075e-08,8.594906037078904e-12,10.598839557480462,0.5048722643561812,0.6063145556472511,0.3936854443527489,0.9611005734932394,0.8562504716344946,0.20664574734680696
2603,3.4011442103967075e-08,5.09502610673279e-12,10.59277803119251,0.5048774726881582,0.6063657275089251,0.39363427249107485,0.9610688170569655,0.8561680551378636,0.2065459412445011
2604,3.4011442103967075e-08,4.847326428708077e-12,10.586833255289926,0.5048617174839277,0.6064335660329255,0.39356643396707447,0.9610783183034565,0.8562226169819521,0.20631489831023644
2605,3.4011442103967075e-08,4.8312206824769135e-12,10.581337857597944,0.5048386706149295,0.6063894254194204,0.3936105745805795,0.9610634442983891,0.8561537541139258,0.20648088147637816
2606,3.4011442103967075e-08,5.713190048123721e-12,10.57228256351558,0.504846483112895,0.6064898160182771,0.39351018398172294,0.9610590955702228,0.8561177806743491,0.20640645654611356
2607,3.4011442103967075e-08,8.725319259252926e-12,10.550591623750178,0.5048550768606571,0.606444112905179,0.3935558870948211,0.9611007454240249,0.8562114030525079,0.20638808326638522
2608,3.4011442103967075e-08,3.566848731509229e-12,10.551115015601413,0.5047927070852325,0.6063918993771096,0.3936081006228905,0.9610883330245698,0.8561432563122444,0.20662103041072113
2609,3.4011442103967075e-08,8.606140467032662e-12,10.531061070036325,0.5047981758338084,0.6064003629165722,0.3935996370834278,0.9610811016219639,0.8561441128059342,0.20659502731216942
2610,3.4011442103967075e-08,2.945317692101152e-12,10.53439574752578,0.5048197904115129,0.6064050504153514,0.3935949495846485,0.9610420232619239,0.8560619916895856,0.20646269356915342
2611,3.4011442103967075e-08,3.5871413667043603e-12,10.53479426270535,0.5048363268655399,0.6064559618604266,0.3935440381395734,0.9610546295535363,0.8560836962145276,0.20647593009415122
2612,3.4011442103967075e-08,3.925551378029893e-12,10.533615384448138,0.5048701810233903,0.6064538785276358,0.3935461214723642,0.9610485840374984,0.8560441537308587,0.20665651644484057
2613,3.4011442103967075e-08,3.6395930008268445e-12,10.53379296193912,0.5048286445758738,0.606419633744887,0.39358036625511295,0.9610781320517904,0.8561358080884742,0.20652702099259834
2614,3.4011442103967075e-08,7.317506682850407e-12,10.519617428257902,0.5048634101918202,0.6064514045699467,0.39354859543005327,0.9610877255996606,0.8561633748301822,0.20653156103370346
2615,3.4011442103967075e-08,5.470655609478582e-12,10.511757686835445,0.5048785143545536,0.6064346076993209,0.3935653923006791,0.9611004845604333,0.856188460158499,0.20651732908399154
2616,3.4011442103967075e-08,4.792382716550927e-12,10.50738563098325,0.5048730456059777,0.6064184618701922,0.3935815381298078,0.9610805773607314,0.8561924484205525,0.20652022793624242
2617,3.4011442103967075e-08,3.3318750309417515e-12,10.50897894749968,0.5048424466556128,0.6064438524885801,0.39355614751141993,0.9610694728015285,0.85620209639338,0.20617569017301285
2618,3.4011442103967075e-08,4.45583028080006e-12,10.505535989942963,0.5047803372967872,0.6064932014340622,0.3935067985659379,0.9611065256488402,0.8562882114373773,0.20640442879819362
2619,3.4011442103967075e-08,4.105248206945609e-12,10.503813025517122,0.5048746081055708,0.6065004930988299,0.3934995069011701,0.9611077587739433,0.8562154110654361,0.20635860131492925
2620,3.4011442103967075e-08,8.89301728806265e-12,10.483111726398185,0.5047960925010175,0.6064616910256013,0.39353830897439873,0.9611328930156537,0.8562694947509686,0.2063916703752185
2621,3.4011442103967075e-08,1.1362378405866497e-11,10.451665688556808,0.5047352852251862,0.6064864306024921,0.393513569397508,0.9611376622946576,0.8563508605043625,0.20620974875647816
2622,3.4011442103967075e-08,6.1188527015914905e-12,10.44214336598429,0.5047358060583839,0.6064730191476513,0.3935269808523487,0.9611660658075124,0.8564246217976441,0.20630627940995427
2623,3.4011442103967075e-08,4.6232775619966984e-12,10.438569614684752,0.5047860664619619,0.6065010139320276,0.3934989860679724,0.9611703556685723,0.8563961702658169,0.20640846627971143
2624,3.4011442103967075e-08,3.483683986744633e-12,10.438985959572152,0.5048221341609026,0.6065752326626999,0.3934247673373002,0.9611720393365387,0.8564080655414062,0.20629244191574922
2625,3.4011442103967075e-08,4.026444806486829e-12,10.438766021145241,0.5048085924977623,0.6065585660003734,0.39344143399962656,0.9611704227992612,0.8564401553973748,0.2063018614827877
2626,3.4011442103967075e-08,3.347410219021671e-12,10.439133301032806,0.5047942695848257,0.6065956753657096,0.3934043246342905,0.9612027995794057,0.8564878776086317,0.20627362820775433
2627,3.4011442103967075e-08,4.2364641149072994e-12,10.436457245958621,0.5047941393765262,0.6065520555854022,0.3934479444145978,0.9611777826122433,0.8563884572587704,0.206483150327645
2628,3.4011442103967075e-08,6.904937265409546e-12,10.423248729043573,0.5047888008362498,0.6065917691167267,0.3934082308832732,0.9611894540310412,0.8564276838759068,0.20638345833273614
2629,3.4011442103967075e-08,3.4453423831463207e-12,10.423415293950823,0.5047532539705067,0.606586951409648,0.3934130485903519,0.9612069899535536,0.8564634458283056,0.2063280467290546
2630,3.4011442103967075e-08,3.870653251511401e-12,10.42340000526341,0.5047345039753895,0.6066144253608268,0.3933855746391733,0.9611743291583348,0.856404017571443,0.20627839095014053
2631,3.4011442103967075e-08,3.8633653408087e-12,10.423283698698652,0.5047046862748212,0.6066172899434141,0.3933827100565859,0.9611792692341887,0.856369349482311,0.2062938749746333
2632,3.4011442103967075e-08,2.909979945406741e-12,10.426067231200282,0.5047257800193281,0.6065904670337325,0.39340953296626746,0.9611500992167088,0.856275893316857,0.2063510729292738
2633,3.4011442103967075e-08,3.666809209786942e-12,10.426322482985382,0.5046911446116811,0.6066050503632682,0.3933949496367319,0.9611596678677191,0.8563159410978549,0.20647446435286568
2634,3.4011442103967075e-08,3.736331262843333e-12,10.42620700406666,0.5046510404554582,0.6065021858067224,0.39349781419327756,0.9611637413785039,0.8562872176740008,0.2066832327066183
2635,3.4011442103967075e-08,5.340351395725349e-12,10.418509427238655,0.5047098946067983,0.606497758724542,0.393502241275458,0.961171457954999,0.8562974213374056,0.2066860973438326
2636,3.4011442103967075e-08,3.0298352739809252e-12,10.420354754017934,0.5047196602292552,0.6064683316488719,0.393531668351128,0.9611917955359868,0.8563994288707403,0.20667032981398772
2637,3.4011442103967075e-08,5.0851100394299945e-12,10.41484301497765,0.5047404935571631,0.6065646857904464,0.3934353142095536,0.9611948681714314,0.8564327971558762,0.2063694722731627
2638,3.4011442103967075e-08,4.040505053401458e-12,10.413668734344597,0.5047726550071211,0.6065560920426843,0.39344390795731565,0.961208242043644,0.8565055827476211,0.2062796988518796
2639,3.4011442103967075e-08,3.323404651820254e-12,10.414732208141427,0.5047338529338925,0.6065357795479741,0.39346422045202595,0.9612164833924969,0.8565295478254736,0.20620025712486517
2640,3.4011442103967075e-08,5.230783362466713e-12,10.40805620723931,0.5047729154237199,0.6065425503795442,0.3934574496204558,0.9612555271188478,0.8566196041593891,0.20610224911716263
2641,3.4011442103967075e-08,5.375883597872144e-12,10.400730896433155,0.5047494779298235,0.6065912482835291,0.3934087517164709,0.9612604924880526,0.8566058582852085,0.2062261162998275
2642,3.4011442103967075e-08,4.426513539563463e-12,10.398589244163562,0.5047632800095625,0.6065674201647343,0.3934325798352657,0.961283059018684,0.8567003785099491,0.20622814212588178
2643,3.4011442103967075e-08,3.3376053143026443e-12,10.400265550796504,0.5047800768801883,0.6065990607814946,0.3934009392185054,0.9612877684181539,0.8566802867024829,0.20634886936709101
2644,3.4011442103967075e-08,4.222101943765865e-12,10.397514484378515,0.5047506498045182,0.6065338264234827,0.3934661735765173,0.9612796201388351,0.8567007199066922,0.20623959259044905
2645,3.4011442103967075e-08,3.848206600474599e-12,10.39675849580014,0.5048154935376319,0.6066247118164813,0.3933752881835187,0.9612599349225179,0.8566386955633308,0.20621695582436822
2646,3.4011442103967075e-08,3.3731245065867377e-12,10.3972599995489,0.5048322904082577,0.6066383836879209,0.3933616163120791,0.9612493261675821,0.8566205210308627,0.20627935126508762
2647,3.4011442103967075e-08,3.6745320748276e-12,10.396486771714015,0.5047932279184302,0.6066663784722973,0.39333362152770274,0.9612238324629356,0.8565205128544883,0.2063646284934179
2648,3.4011442103967075e-08,3.1562343569168086e-12,10.397486476441621,0.5048226549941003,0.6065994514063928,0.3934005485936071,0.9612316318515893,0.8565442867891494,0.20641224473074038
2649,3.4011442103967075e-08,3.2606380330189585e-12,10.399213236304702,0.504807550831367,0.6066293993152606,0.3933706006847394,0.9612439320747368,0.8566245815104382,0.20627620905078523
2650,3.4011442103967075e-08,3.618052774169366e-12,10.400349455197563,0.5048505195701772,0.6066655972225007,0.39333440277749926,0.9612377026631893,0.8566247305507476,0.2061783159925879
2651,3.4011442103967075e-08,6.4299641369599405e-12,10.389902703172043,0.5047949206263228,0.6066422899369036,0.39335771006309633,0.961219199901269,0.856595237047708,0.2061612113662926
2652,3.4011442103967075e-08,3.774552765290942e-12,10.390196631370927,0.504806639373271,0.6066599982656254,0.39334000173437456,0.961198937852272,0.8565499863695069,0.20606522373863162
2653,3.4011442103967075e-08,3.9203364413639054e-12,10.390271084988303,0.5047348946002879,0.6067027065878369,0.3932972934121632,0.9611982316141763,0.8565077084329117,0.20619761059870834
2654,3.4011442103967075e-08,3.14078803707974e-12,10.392583649499434,0.504745962305739,0.6066995815886507,0.3933004184113494,0.9612050802118786,0.8564967773632796,0.2063301816089354
2655,3.4011442103967075e-08,4.064662483445429e-12,10.39233495869092,0.50472083210395,0.6067045295040288,0.39329547049597124,0.9612202553202086,0.856553868041866,0.20634056957545377
2656,3.4011442103967075e-08,1.0099155427379533e-11,10.367525079906773,0.5047335925172937,0.6067214565829541,0.393278543417046,0.9612019394983738,0.8565066571537207,0.2060885401640061
2657,3.4011442103967075e-08,6.275991532601041e-12,10.356125671015361,0.5047227852284414,0.6067448940768505,0.3932551059231495,0.9612298904011228,0.8566558894445198,0.20593225524248812
2658,3.4011442103967075e-08,3.538933652374083e-12,10.356470123191768,0.5046964831519575,0.6067238003323436,0.3932761996676563,0.9612406912778454,0.856643715682973,0.2060283446458513
2659,3.4011442103967075e-08,2.8661638368835297e-12,10.358703354679182,0.5047126289810862,0.6067132534600902,0.39328674653990975,0.96124573235067,0.8566244458210395,0.20624642578022712
2660,3.4011442103967075e-08,4.017661477290207e-12,10.357022106216169,0.5047045560665219,0.6066921597155834,0.39330784028441657,0.9612794400478024,0.8567066668357386,0.2063277884709331
2661,3.4011442103967075e-08,7.37928785417032e-12,10.343109981602407,0.5046667956596886,0.6067498419922287,0.39325015800777136,0.9612830816358698,0.8566779378019359,0.20633734656280694
2662,3.4011442103967075e-08,6.0527489530229645e-12,10.334624921274658,0.5046815091975236,0.6067264044983322,0.39327359550166785,0.9613225078949986,0.8568351550212544,0.2061417336555698
2663,3.4011442103967075e-08,1.0173592056518346e-11,10.309075303473595,0.5046589831617231,0.6067813524006895,0.3932186475993105,0.9613020373326354,0.8567854986462257,0.206142943203014
2664,3.4011442103967075e-08,3.674820861726943e-12,10.309411830134126,0.5046385404587134,0.6067581753233918,0.3932418246766082,0.9613171187449071,0.8567977978671563,0.20622682714839258
2665,3.4011442103967075e-08,6.031217825593196e-12,10.29991183954121,0.5046263008785675,0.6067202847082592,0.39327971529174083,0.9613092742308379,0.8567218209367153,0.20648379801870834
2666,3.4011442103967075e-08,5.150348008985591e-12,10.295297724643472,0.50463932170851,0.6067434617855568,0.3932565382144432,0.9612829136855647,0.8566159898778166,0.2065410450757392
2667,3.4011442103967075e-08,5.8177959690524185e-12,10.287043531708276,0.5046654935766944,0.6068023159368969,0.3931976840631031,0.9613030418612114,0.8566991576087628,0.206274216567991
2668,3.4011442103967075e-08,4.584296815763421e-12,10.283252364354999,0.5046571602455312,0.6067679409458487,0.39323205905415126,0.9613084309605677,0.8567790407115261,0.20626463176014648
2669,3.4011442103967075e-08,4.729895934312719e-12,10.279428314581411,0.5046700508671742,0.6068197638490198,0.3931802361509802,0.9613157748965611,0.8568052244904745,0.20628850971575224
2670,3.4011442103967075e-08,2.8648400531851245e-12,10.28209481045062,0.5046207019216922,0.606806352394179,0.39319364760582093,0.9613111799318683,0.8568251515573894,0.2061967225977671
2671,3.4011442103967075e-08,7.963676387675524e-12,10.265034030260173,0.5046419258744985,0.6067935919808354,0.39320640801916457,0.9613181393928445,0.8568664737732535,0.20597978014510626
2672,3.4011442103967075e-08,4.106642555708403e-12,10.263695111910042,0.5046557279542375,0.6068076544771733,0.39319234552282667,0.9613082091536556,0.8567979643147013,0.20624768044054148
2673,3.4011442103967075e-08,3.5842932292900823e-12,10.263741549708248,0.5046199206718956,0.6067905971899487,0.39320940281005134,0.9613062058535812,0.8567818646548564,0.20627582331427535
2674,3.4011442103967075e-08,3.717633002429188e-12,10.26493981697394,0.5046307279607479,0.6067551805325051,0.39324481946749495,0.961335064556772,0.8568730789730125,0.20616768647473416
2675,3.4011442103967075e-08,3.2578406090147162e-12,10.2666309164953,0.5046460925400801,0.6067620815723745,0.3932379184276254,0.9613261926234974,0.8568106323194509,0.2062057849204577
2676,3.4011442103967075e-08,4.052413184478606e-12,10.265162410674657,0.5046507800388593,0.6067498419922287,0.39325015800777136,0.9613351383504259,0.8568261266004331,0.2062213412541217
2677,3.4011442103967075e-08,4.553703479165583e-12,10.26147657696242,0.5046811185726253,0.6067077847115144,0.3932922152884856,0.9613444236826979,0.8568087181484144,0.20639559787076642
2678,3.4011442103967075e-08,3.229923010909903e-12,10.263411926867594,0.5047058581495161,0.6067700242786395,0.3932299757213605,0.9613458368844608,0.8568275235939562,0.20612390763473357
2679,3.4011442103967075e-08,2.7548765002137923e-12,10.265912000241867,0.5046677071177846,0.6068123419759526,0.39318765802404737,0.9613686037396975,0.8568930173125898,0.20614630926792046
2680,3.4011442103967075e-08,4.488796915680044e-12,10.26284721516505,0.5046873685709977,0.6067541388661096,0.3932458611338903,0.961348836075083,0.8568030938634457,0.20654673004941299
2681,3.4011442103967075e-08,5.0856391417470074e-12,10.257550667273607,0.5047096341901994,0.6067764044853113,0.39322359551468866,0.9613572763258449,0.856827466803407,0.20636815836986502
2682,3.4011442103967075e-08,6.875636928582464e-12,10.245913392448111,0.5047013008590362,0.6067174201256719,0.39328257987432813,0.961370708762715,0.856884800315496,0.2064357790960934
2683,3.4011442103967075e-08,3.246357363080383e-12,10.247525880018529,0.5047414050152591,0.6067682013624476,0.3932317986375524,0.9613600314976944,0.8568319473381208,0.2065166040907886
2684,3.4011442103967075e-08,4.508203821692031e-12,10.24398958291721,0.5046832019054162,0.606748409700935,0.39325159029906503,0.9613714542201022,0.8568618499134314,0.20654502937959604
2685,3.4011442103967075e-08,3.255580197101417e-12,10.246694757141347,0.5046731758663604,0.6067580451150925,0.3932419548849076,0.9613421346191261,0.8567272272058657,0.20659643383414583
2686,3.4011442103967075e-08,2.816558964807289e-12,10.250363650208303,0.5047085925238041,0.6067508836586241,0.39324911634137594,0.9613472275988634,0.8567488900577007,0.20653733951679915
2687,3.4011442103967075e-08,5.1521450470547414e-12,10.24503413655815,0.504725128977831,0.6067460659515453,0.39325393404845466,0.9613512381705627,0.8567627715299572,0.20653945837098134
2688,3.4011442103967075e-08,3.2006183567622205e-12,10.246054649750363,0.5047221341869442,0.6067745815691193,0.3932254184308806,0.9613672173612464,0.8567438670262292,0.20655895740280814
2689,3.4011442103967075e-08,9.689622295487556e-12,10.222991293543842,0.5047921862520348,0.606809086768467,0.393190913231533,0.9613585640208218,0.8567339984554125,0.20653957210857518
2690,3.4011442103967075e-08,3.582050065219257e-12,10.223358617057396,0.5048117174969485,0.6067267951232305,0.3932732048767696,0.9613526228440357,0.8567172083291977,0.20655690850997277
2691,3.4011442103967075e-08,3.9452453199148814e-12,10.22254484736631,0.5048148424961347,0.606793461772536,0.393206538227464,0.9613546240769958,0.8567798255293031,0.20635745859270946
2692,3.4011442103967075e-08,3.3512943024384158e-12,10.223937711272914,0.5047579414692861,0.6067860398994688,0.3932139601005312,0.9613341521505027,0.8567280353045096,0.2065151092829968
2693,3.4011442103967075e-08,2.8471736962244415e-12,10.226541024073981,0.5047457018891401,0.6067889044820561,0.39321109551794386,0.9613257071024034,0.8567209501413705,0.2066119291518374
2694,3.4011442103967075e-08,3.481188960631303e-12,10.227942909326835,0.5047317696011017,0.6068680711281065,0.3931319288718935,0.9613712999848211,0.8568630202970131,0.206407693604715
2695,3.4011442103967075e-08,4.6439591592934936e-12,10.224050085363505,0.5047345039753895,0.6068543992566668,0.39314560074333316,0.961386178648585,0.8569242659234595,0.20636616215968429
2696,3.4011442103967075e-08,6.133174239478975e-12,10.214371819397854,0.5047562487613936,0.6068070034356762,0.3931929965643238,0.9613743958199001,0.856857172180453,0.20652798048394777
2697,3.4011442103967075e-08,1.2221530248378852e-11,10.180282737445772,0.5047076810657081,0.6068308315544709,0.39316916844552907,0.9613403217018852,0.8567856377981249,0.20656188846629325
2698,3.4011442103967075e-08,5.112252748601762e-12,10.174614884081233,0.5046928373195736,0.6068627325878301,0.3931372674121699,0.9613362868131056,0.8567939648722905,0.2064996193318279
2699,3.4011442103967075e-08,3.3348526602302366e-12,10.175588692375781,0.5047177071047638,0.6068196336407204,0.3931803663592796,0.9613404856267007,0.8568002643721966,0.20661869557187634
2700,3.4011442103967075e-08,2.8569085355843997e-12,10.178115951934505,0.5047666654253475,0.6068852586236305,0.3931147413763694,0.9613217394884495,0.8567474076484417,0.20653932350969256
2701,3.4011442103967075e-08,1.5076711271448303e-11,10.132412283834368,0.5046850248216082,0.6068615607131352,0.39313843928686476,0.9613621695514682,0.8568373459465799,0.20651615699098164
2702,3.4011442103967075e-08,8.624073997656345e-12,10.113108720004231,0.5046899727369862,0.6068572638392542,0.3931427361607458,0.9613536230359283,0.8567755777323104,0.20672061748677809
2703,3.4011442103967075e-08,1.018165987286812e-11,10.087277819089971,0.5046476550396731,0.6068476284250968,0.39315237157490324,0.9613256686624414,0.8566850539286066,0.20678716379944165
2704,3.4011442103967075e-08,3.542995158423931e-12,10.088329128913944,0.5046946602357656,0.6068322638457646,0.3931677361542354,0.96130920448775,0.8566550209620616,0.20656502007379615
2705,3.4011442103967075e-08,3.004800021272814e-12,10.089801922670654,0.504734634183689,0.6068447638425094,0.3931552361574906,0.9613287466524996,0.8567192662409614,0.20657295695577685
2706,3.4011442103967075e-08,4.587533397204525e-12,10.085962087006804,0.5047003894009403,0.6068469773835996,0.39315302261640034,0.9613563194448013,0.8568191592924375,0.20643694356193817
2707,3.4011442103967075e-08,1.3307641224372692e-11,10.046806326313204,0.5046619779526099,0.6068603888384404,0.3931396111615596,0.9613786080001951,0.8568659570803412,0.20662527441112544
2708,3.4011442103967075e-08,2.9786067584853852e-12,10.048763839051222,0.5046320300437421,0.6069925502623567,0.3930074497376433,0.9614009419332429,0.8569221424294473,0.20632656336133862
2709,3.4011442103967075e-08,3.3734706617922126e-12,10.049731636641642,0.5046251290038727,0.6069339565276155,0.3930660434723845,0.9614130512595421,0.8569123344372199,0.20644768871915234
2710,3.4011442103967075e-08,5.707129921201104e-12,10.04291430583212,0.5046929675278731,0.606872237793688,0.3931277622063119,0.9614220570413181,0.8569242771310056,0.2066430467762582
2711,3.4011442103967075e-08,4.06265115541818e-12,10.040418948622932,0.5046412748330014,0.6068668992534116,0.39313310074658836,0.9614541207027443,0.857045517940469,0.20657400516665128
2712,3.4011442103967075e-08,3.062145338505558e-12,10.042490445960723,0.5046091133830434,0.6068474982167973,0.39315250178320266,0.9614223594519615,0.856939569627775,0.20664231556729118
2713,3.4011442103967075e-08,5.3109931934488245e-12,10.03555658830068,0.5045813790152659,0.6068701544608973,0.39312984553910274,0.9614052453346514,0.856875276705614,0.20676978148516223
2714,3.4011442103967075e-08,2.6583182657758143e-12,10.039952619276377,0.5045910144294233,0.6069286179873391,0.39307138201266095,0.9614216615986041,0.856895272433164,0.20680672266713407
2715,3.4011442103967075e-08,4.204622796493868e-12,10.038124591437073,0.5046494779558651,0.6068950242460874,0.39310497575391257,0.9614173972902846,0.8568632897842735,0.20682671928833524
2716,3.4011442103967075e-08,3.121245669536908e-12,10.040113915815043,0.5046572904538306,0.6069399461093891,0.39306005389061094,0.961422500535246,0.8569094699557738,0.206608664928959
2717,3.4011442103967075e-08,3.4752928627265403e-12,10.041278472663112,0.5046429675408939,0.60684463363421,0.39315536636579,0.9614411158532282,0.8569386492162829,0.20680669359037765
2718,3.4011442103967075e-08,4.479272865727912e-12,10.038962420436508,0.5046660144098921,0.6068636440459261,0.393136355954074,0.9614595194617135,0.8570531624911286,0.20660274464393613
2719,3.4011442103967075e-08,4.013672058594096e-12,10.037723417420157,0.5046807279477271,0.606870675294095,0.393129324705905,0.9614531253436609,0.857018844571322,0.2067339176170326
2720,3.4011442103967075e-08,7.1208388535469544e-12,10.02431452486075,0.5046128894237267,0.6069426804836769,0.39305731951632306,0.9614250377425715,0.8569874266480932,0.20653225567659847
2721,3.4011442103967075e-08,3.3684203561675722e-12,10.025796742916246,0.5046381498338152,0.6069415086089821,0.3930584913910179,0.961437415113221,0.8569599706999731,0.20673001458266124
2722,3.4011442103967075e-08,3.021080857131382e-12,10.028443232533377,0.5045947904701067,0.6069783575577193,0.3930216424422806,0.9614214374767531,0.8568876104135791,0.20682716915229166
2723,3.4011442103967075e-08,3.782128653779315e-12,10.026904698933638,0.5045858060974463,0.6069900763046676,0.3930099236953324,0.9614207350413921,0.8568616745396324,0.20666779031861426
2724,3.4011442103967075e-08,3.989600967688515e-12,10.025091609716501,0.5045688790185211,0.60698499818099,0.39301500181900995,0.9614384617261716,0.8569446299576957,0.20668122203367822
2725,3.4011442103967075e-08,2.900583993495359e-12,10.027918319982522,0.5044999988281254,0.6069452846496655,0.39305471535033454,0.9614637149436778,0.8570290703385299,0.20673291562448395
2726,3.4011442103967075e-08,1.167824858188524e-11,9.99660840548864,0.504540363400947,0.6070071335918923,0.3929928664081077,0.9614563459544593,0.8569758328989063,0.20655893260323507
2727,3.4011442103967075e-08,3.6284415833118876e-12,9.996309680941405,0.5045717436011085,0.6069898158880688,0.3930101841119312,0.9614703034454543,0.8569916477301628,0.20669978677581524
2728,3.4011442103967075e-08,1.0166473983795424e-11,9.970145075943645,0.5046109362992354,0.6069445033998689,0.3930554966001311,0.9614785330546959,0.8571002884353973,0.2065653826013134
2729,3.4011442103967075e-08,3.4401274291982844e-12,9.971766483120039,0.5045335925693769,0.6069619513119918,0.3930380486880082,0.9614764219984134,0.8571057371991728,0.20651721272578058
2730,3.4011442103967075e-08,2.6969570167061606e-12,9.974771890798994,0.5045463529827205,0.6069386440263947,0.3930613559736052,0.9614614671495323,0.8570930191210611,0.20644675023628206
2731,3.4011442103967075e-08,5.560813839133005e-12,9.96755442642976,0.5045480456906131,0.606983435681397,0.39301656431860305,0.9614574148101133,0.8570795101654093,0.20639805854762291
2732,3.4011442103967075e-08,7.292844469554515e-12,9.95375323262911,0.5045395821511505,0.6070387742086526,0.39296122579134746,0.9614422186454515,0.856979123206166,0.206603453607128
2733,3.4011442103967075e-08,3.5963539920313358e-12,9.953760663696912,0.5045790352658762,0.607029399211094,0.39297060078890605,0.9614194532189965,0.8568992108930199,0.2065588815484099
2734,3.4011442103967075e-08,7.801168492819897e-12,9.938017448330987,0.5045447904831275,0.6070323940019807,0.3929676059980193,0.9614383781423932,0.8569997054391444,0.20645573624303254
2735,3.4011442103967075e-08,3.2567944542834337e-12,9.939631612679554,0.5045154936157569,0.6070646856602381,0.39293531433976187,0.9614154889756055,0.8568944732931665,0.2066045837150664
2736,3.4011442103967075e-08,3.364161488397129e-12,9.940901417954262,0.5045640613114424,0.6070728887831018,0.3929271112168981,0.9614393429116619,0.8569298267034341,0.2066073309197641
2737,3.4011442103967075e-08,1.1499938237498044e-11,9.909259031475939,0.5045945300535079,0.6070820033640616,0.39291799663593835,0.9614726541019406,0.8570157815563458,0.20675782973809656
2738,3.4011442103967075e-08,5.893569421594053e-12,9.901845134113897,0.504555988396878,0.6070618210776507,0.3929381789223492,0.9614611803105921,0.8569471752927034,0.20702408646546766
2739,3.4011442103967075e-08,3.455591513738722e-12,9.903175039593014,0.5045731758924021,0.6071133835642231,0.392886616435777,0.9614641582318662,0.8569706739325116,0.20696332462124936
2740,3.4011442103967075e-08,4.546520026956438e-12,9.900065970606143,0.5045295561120947,0.6071126023144264,0.3928873976855735,0.9614665119127201,0.8569710263210301,0.20698116260953603
2741,3.4011442103967075e-08,3.724288500218318e-12,9.900994688721957,0.5045684883936228,0.6071424200149947,0.3928575799850052,0.9614654020883038,0.8569655370068477,0.2067280441340958
2742,3.4011442103967075e-08,3.2677238365617824e-12,9.902407962492575,0.5045617175620527,0.6071412481403,0.39285875185970004,0.9614586744978654,0.8569626089450664,0.20688604948624983
2743,3.4011442103967075e-08,3.0792588052759846e-12,9.904342339446384,0.5044959623708432,0.607154138761943,0.392845861238057,0.9615046367563737,0.8571188644234545,0.2066159234493141
2744,3.4011442103967075e-08,4.304582125786883e-12,9.90145590778081,0.5045197904896379,0.6071722377155631,0.3928277622844369,0.9614997576548485,0.8571051444738526,0.20673581468888275
2745,3.4011442103967075e-08,4.5351715331463275e-12,9.89757514969671,0.5045609363122562,0.6071891647944884,0.3928108352055117,0.9615265544869565,0.8572275195963672,0.20637536304287965
2746,3.4011442103967075e-08,3.2326830690150208e-12,9.899692119794592,0.504528123820801,0.6072102585389951,0.3927897414610048,0.9615220688881213,0.8571850619097143,0.2064655780296965
2747,3.4011442103967075e-08,4.498094249605555e-12,9.897337447302615,0.504545571732924,0.6072520554031106,0.39274794459688944,0.9615278015671251,0.8572010222976523,0.2064406024125584
2748,3.4011442103967075e-08,3.710833823351031e-12,9.897812060769146,0.5045098946588816,0.6072422897806538,0.3927577102193463,0.9614995388071406,0.8571229456790068,0.20663455420045443
2749,3.4011442103967075e-08,3.161701645634573e-12,9.90045085372951,0.5045416654839413,0.6072813522704812,0.3927186477295188,0.9615074057766971,0.8571548247956254,0.20657733515639376
2750,3.4011442103967075e-08,3.1544071099006027e-12,9.902711300892102,0.5045359363187666,0.6072698939401318,0.3927301060598682,0.9615213921028796,0.8572475289253737,0.20649833430534795
2751,3.4011442103967075e-08,3.1878684030917638e-12,9.904872955914596,0.5045781238077802,0.6072251022851296,0.3927748977148704,0.9615248203216152,0.8572284146978161,0.20668872424381324
2752,3.4011442103967075e-08,3.655254609248068e-12,9.90490598246954,0.504547394649116,0.6072766647717018,0.3927233352282981,0.9615283118544149,0.8572249626101673,0.20670824475848132
2753,3.4011442103967075e-08,6.320732770613371e-12,9.89529150077842,0.5045626290201487,0.6073092168465581,0.3926907831534419,0.9615613392374455,0.8573829247266019,0.2062794380344361
2754,3.4011442103967075e-08,5.316639963251333e-12,9.88854068301752,0.5046100248411394,0.6073291387163702,0.3926708612836299,0.9615456714679044,0.8572950752066975,0.2063178658671311
2755,3.4011442103967075e-08,7.362436162824776e-12,9.874664198243027,0.5046095040079417,0.6073020553900897,0.39269794460991025,0.9615027454300051,0.857155811002373,0.20665531775392804
2756,3.4011442103967075e-08,4.061157740513326e-12,9.873381317412324,0.5045960925531009,0.6073532272517638,0.3926467727482363,0.9614907274800317,0.8571340091042376,0.20632955582074972
2757,3.4011442103967075e-08,4.119576643111006e-12,9.871779303748896,0.504595832136502,0.6072636439417594,0.3927363560582406,0.9615042123519153,0.8571309775529894,0.2066022129383048
2758,3.4011442103967075e-08,3.3844230795007798e-12,9.873599374431564,0.5045755196417918,0.607202576249329,0.3927974237506709,0.9614762258283056,0.8570100216800708,0.20676418382201875
2759,3.4011442103967075e-08,4.887004019242904e-12,9.869151491647017,0.5045985665107899,0.6072590866512795,0.39274091334872047,0.9615145037579336,0.8571436227234008,0.20676997760814994
2760,3.4011442103967075e-08,3.5382783170905713e-12,9.870068853886142,0.5046597644115197,0.6072530970695059,0.392746902930494,0.9615209001811856,0.8571230771471333,0.20674176320876295
2761,3.4011442103967075e-08,1.077933802357169e-11,9.843611659232192,0.5046503894139611,0.6072594772761778,0.3927405227238222,0.9615124810025281,0.8571129896956665,0.20676318711775177
2762,3.4011442103967075e-08,4.732773670548858e-12,9.8402814940753,0.5046210925465905,0.6072323939498974,0.3927676060501026,0.9614994083290431,0.8570646127768907,0.20680275465768144
2763,3.4011442103967075e-08,4.1289367350398115e-12,9.839366848076562,0.5046520821218536,0.6073265345503817,0.3926734654496184,0.9615254869064792,0.8571189638743377,0.2067366259340849
2764,3.4011442103967075e-08,5.241444566378411e-12,9.833414043911738,0.5046541654546444,0.6073024460149881,0.392697553985012,0.9615365507972495,0.8571359386862824,0.2067196869669909
2765,3.4011442103967075e-08,4.268356125766367e-12,9.831219919705463,0.5047169258549672,0.6073053105975754,0.39269468940242463,0.961537613753747,0.8571144664051423,0.20682809272814423
2766,3.4011442103967075e-08,3.583093610144425e-12,9.831750648546873,0.5046325508769399,0.6072613001923698,0.39273869980763026,0.9615149796296281,0.857064775430927,0.2069050707813297
2767,3.4011442103967075e-08,3.089229134481402e-12,9.833547461134508,0.5046441394155887,0.6073178105943201,0.39268218940567984,0.9615141987229426,0.8570974267744024,0.20684647854374963
2768,3.4011442103967075e-08,3.890424096778229e-12,9.832829896832362,0.5046557279542375,0.6072955449751185,0.3927044550248815,0.9614892579802811,0.8569931492322804,0.20691951375640824
2769,3.4011442103967075e-08,3.671899517455228e-12,9.833854439372661,0.5046354154595272,0.6073721074551803,0.39262789254481967,0.9614900734393699,0.8569777730130712,0.20665507472653535
2770,3.4011442103967075e-08,4.017796834053507e-12,9.83340668894706,0.5046190092137997,0.6073868209930153,0.3926131790069846,0.9614954328327894,0.8570097040955554,0.20668965576653844
2771,3.4011442103967075e-08,1.1253267790015448e-11,9.804313934365066,0.5046595039949209,0.6073945032826814,0.39260549671731854,0.96147160110961,0.856926275351851,0.20675823001151764
2772,3.4011442103967075e-08,8.565239390303522e-12,9.784329350595813,0.5046688789924795,0.607455050141914,0.39254494985808597,0.9614738538653689,0.8569926131699952,0.20658143812736485
2773,3.4011442103967075e-08,3.23148311492175e-12,9.786642830353614,0.5046596342032202,0.607401404322551,0.39259859567744904,0.9614966074489811,0.8570569526987756,0.20673765857907433
2774,3.4011442103967075e-08,3.869223911525594e-12,9.785301961610214,0.5046717435750667,0.6074045293217372,0.39259547067826284,0.9615349127075743,0.857185673981133,0.2067002468930262
2775,3.4011442103967075e-08,1.2558018303075801e-11,9.750681847730982,0.5046553373293392,0.6074727584706359,0.3925272415293642,0.9615827688714385,0.8573513051851055,0.20647282772211084
2776,3.4011442103967075e-08,6.289395376499614e-12,9.74079823622653,0.5046537748297462,0.607480180343703,0.39251981965629695,0.9615663520848657,0.8573096179589613,0.20649451931478688
2777,3.4011442103967075e-08,3.4764625952524286e-12,9.741618986971302,0.5045966133862986,0.6074172897350808,0.3925827102649192,0.9615879082860541,0.8573374717614854,0.20658571291016367
2778,3.4011442103967075e-08,3.1428706806166803e-12,9.744427449824109,0.5045544258972849,0.6074051803632343,0.39259481963676574,0.9615937742889232,0.8573654673884374,0.2066315740451456
2779,3.4011442103967075e-08,3.5673213620803777e-12,9.744895457510339,0.50457591026669,0.6074235397334532,0.3925764602665468,0.9615678814901901,0.8572874810669043,0.20662131381448873
2780,3.4011442103967075e-08,3.391492480736611e-12,9.74671065450829,0.5045841133895538,0.6074622115983824,0.3925377884016176,0.9615546410502203,0.8572490228346826,0.2065242789687874
2781,3.4011442103967075e-08,3.1453694686054775e-12,9.748230550953455,0.5046291654611549,0.6074320032729158,0.3925679967270842,0.9615541057354335,0.8572384991131545,0.20665065945536523
2782,3.4011442103967075e-08,9.70688844286059e-12,9.725101544010114,0.504581118598667,0.6074813522183978,0.3925186477816021,0.961508651105197,0.8571062204203355,0.20655661873749892
2783,3.4011442103967075e-08,3.750756907589224e-12,9.72508065167182,0.5046082019249474,0.6074689824299525,0.3925310175700475,0.9615520931516658,0.8571983617200614,0.20661358523782652
2784,3.4011442103967075e-08,3.4085497853391328e-12,9.72693396500434,0.5046157540063141,0.6075172897090392,0.3924827102909609,0.9615328891791431,0.8571552832720871,0.2064721150630641
2785,3.4011442103967075e-08,6.217791066619536e-12,9.716572213539402,0.5045794258907745,0.6075425501191276,0.39245744988087244,0.9615317387815755,0.8571446427900937,0.2065599464703482
2786,3.4011442103967075e-08,4.812672839321159e-12,9.711878864541953,0.5045947904701067,0.6075836959417459,0.3924163040582542,0.9615599711917832,0.8571470708550833,0.20673900839702009
2787,3.4011442103967075e-08,4.02340413920585e-12,9.711384603460916,0.5046348946263295,0.6075751021939838,0.3924248978060162,0.9615401499220678,0.8570946236133286,0.20674556472792877
2788,3.4011442103967075e-08,3.1762725168660766e-12,9.713637616060554,0.504543748816732,0.6075497115755959,0.39245028842440405,0.9615966306834697,0.8572952698098693,0.2066757540441135
2789,3.4011442103967075e-08,3.2161710722361232e-12,9.716109328432909,0.5046072904668515,0.6074878626333691,0.3925121373666309,0.9615711318692868,0.8571248190561476,0.20686042250017336
2790,3.4011442103967075e-08,4.452934251392193e-12,9.713631312116956,0.5045704415181141,0.6075230188742138,0.39247698112578616,0.9615721919377408,0.8571448996320995,0.2068642949383164
2791,3.4011442103967075e-08,6.431339557592013e-12,9.704238226122243,0.5046088529664445,0.6074732793038335,0.3925267206961665,0.961557260391764,0.857126555825267,0.20695337082213328
2792,3.4011442103967075e-08,3.867300187518387e-12,9.704447976156269,0.5046546862878422,0.6074800501354036,0.3925199498645964,0.9615497227633331,0.8571227953598661,0.20696652066268637
2793,3.4011442103967075e-08,3.3392769395749504e-12,9.706347545387972,0.5046535144131473,0.6075101282525708,0.3924898717474292,0.9615541908394284,0.8571467435286064,0.2068618263991001
2794,3.4011442103967075e-08,7.036642289380535e-12,9.69583065320042,0.5046733060746599,0.6075464563681103,0.39245354363188967,0.9615665374244527,0.8571247793168882,0.2070024549378022
2795,3.4011442103967075e-08,3.0365424348006743e-12,9.698678304251054,0.5046434883740916,0.607518461583734,0.39248153841626604,0.961587521906001,0.8571660174787746,0.20703422204592534
2796,3.4011442103967075e-08,4.362757961370265e-12,9.696946789375929,0.5046532539965485,0.6074856490922789,0.39251435090772113,0.9615653572700311,0.8570539345842098,0.20724545379734755
2797,3.4011442103967075e-08,3.0530022691830407e-12,9.699761138095822,0.50463932170851,0.607487211591872,0.39251278840812803,0.96156832856011,0.8570461968709393,0.20729018920102482
2798,3.4011442103967075e-08,4.034298112227648e-12,9.700247518006389,0.5046186185889014,0.6074542688921175,0.39254573110788255,0.961574644526568,0.8570892178660361,0.2072423272824515
2799,3.4011442103967075e-08,3.247250852048324e-12,9.701524327791478,0.5045746081836958,0.60749671679773,0.39250328320227,0.9616166358037438,0.857210351109131,0.20710260100808192
2800,3.4011442103967075e-08,5.8424289100188455e-12,9.693867727273886,0.5045809883903676,0.6075213261663213,0.3924786738336787,0.9616077918456976,0.8571647289776168,0.20715684402944645
2801,3.4011442103967075e-08,3.2658310266880533e-12,9.696076065143712,0.504572524850905,0.6075589563648551,0.39244104363514487,0.9616213903586731,0.8572650844913079,0.20690665698901656
2802,3.4011442103967075e-08,4.85750926661752e-12,9.692728719616108,0.504596743594598,0.6075489303257994,0.3924510696742006,0.9616193926680635,0.8572210667856189,0.20694466865645525
2803,3.4011442103967075e-08,4.7121020618005845e-12,9.689513604340853,0.5045957019282026,0.6075273157480948,0.3924726842519051,0.9616292170427924,0.8572206215674881,0.2071382930425794
2804,3.4011442103967075e-08,3.756864692745096e-12,9.689412636459934,0.5046364571259226,0.6075213261663213,0.3924786738336787,0.9616238396594088,0.8572605501893636,0.2069387212919931
2805,3.4011442103967075e-08,3.963738724801681e-12,9.68868385755999,0.5046582019119266,0.6074938522151426,0.3925061477848574,0.9616622047928325,0.8573557953942377,0.20698491731685742
2806,3.4011442103967075e-08,5.627717590490587e-12,9.681376831219433,0.5046257800453697,0.6075102584608701,0.3924897415391298,0.9616592285594109,0.8574077989514656,0.20675221284144318
2807,3.4011442103967075e-08,5.976649646445818e-12,9.673322168268896,0.504637498792318,0.6075300501223828,0.39246994987761724,0.961662442104412,0.8574510317581944,0.20664576313420585
2808,3.4011442103967075e-08,6.450617715684307e-12,9.662850731829437,0.5046231758793813,0.6075109095023673,0.3924890904976327,0.961634803650501,0.8573977971304529,0.2067113053086639
2809,3.4011442103967075e-08,3.155790809636873e-12,9.66554454352986,0.5046839831552127,0.6074770553445168,0.39252294465548315,0.9616211368459481,0.8573402494921776,0.2069857748998146
2810,3.4011442103967075e-08,3.672785681302984e-12,9.666959949404948,0.5046255196287709,0.6075385136618454,0.3924614863381546,0.9616184556651453,0.8573069889074559,0.2070112929810354
2811,3.4011442103967075e-08,3.982223253354598e-12,9.666992336385327,0.5046256498370704,0.6075519251166862,0.39244807488331385,0.9616357757088165,0.8573728611245883,0.20700470284873
2812,3.4011442103967075e-08,3.058507812191341e-12,9.669297254689567,0.5046157540063141,0.6075790084429665,0.39242099155703347,0.9616361620825644,0.8573643477586824,0.20685201538996306
2813,3.4011442103967075e-08,4.313947503761496e-12,9.667516130912107,0.5046480456645714,0.6076131230174159,0.3923868769825841,0.9616447638463775,0.8573717899823196,0.20691190893026914
2814,3.4011442103967075e-08,2.9857867801179996e-12,9.67086662538194,0.504686196696303,0.6076418990515888,0.3923581009484112,0.9616453089272289,0.8573960042498379,0.20682532213094376
2815,3.4011442103967075e-08,4.1089171075322826e-12,9.67053122137735,0.5047207018956505,0.6076278365552509,0.3923721634447491,0.9616376462237596,0.8573925350187477,0.20678786932993978
2816,3.4011442103967075e-08,6.090164920286467e-12,9.661501304101602,0.504701561275635,0.6076555709230284,0.3923444290769716,0.9616734109586165,0.8575415676583164,0.2064396523757096
2817,3.4011442103967075e-08,5.119116611542598e-12,9.657490492459656,0.504652212330153,0.6076296594714429,0.3923703405285571,0.9616657413711992,0.8574911296870465,0.20660748448999064
2818,3.4011442103967075e-08,5.592253029831552e-12,9.651025981848575,0.5046723946165639,0.6076148157253084,0.3923851842746916,0.9616546648314005,0.8573808278171525,0.20691711796327125
2819,3.4011442103967075e-08,3.4469170647429866e-12,9.652463938871852,0.5046736966995582,0.6076288782216464,0.3923711217783537,0.9616900262199066,0.857480969839894,0.20683356105726922
2820,3.4011442103967075e-08,3.2384081386254833e-12,9.65398212781186,0.5046934883610708,0.6076002323957728,0.3923997676042272,0.9616713657580339,0.8574288215280242,0.20700995248336307
2821,3.4011442103967075e-08,8.09642920248191e-12,9.636550271090181,0.504697524818353,0.6076032271866596,0.3923967728133404,0.9616925571663362,0.8574586927206879,0.20699389008488073
2822,3.4011442103967075e-08,6.701350967285646e-12,9.626767879422024,0.5046266915034657,0.60756012823955,0.3924398717604501,0.9616774149263106,0.8573866026757233,0.20732228483408624
2823,3.4011442103967075e-08,4.028154057083074e-12,9.625277047588511,0.5046718737833662,0.6075946334388975,0.3924053665611025,0.9616880864647044,0.8574114947104831,0.20723182111864483
2824,3.4011442103967075e-08,4.0801594428009005e-12,9.624388546043576,0.5046328112935388,0.6076481490499612,0.3923518509500388,0.9616784961386237,0.8573983459697024,0.20711913909522353
2825,3.4011442103967075e-08,3.495294245745029e-12,9.625522709090564,0.5046816394058231,0.6076988000784375,0.39230119992156254,0.961672760124549,0.8573659252355861,0.20703754257215834
2826,3.4011442103967075e-08,4.129575140914327e-12,9.624766799364302,0.504710415439996,0.6076825240410094,0.39231747595899064,0.961648172222186,0.8573466575930145,0.20695238330857407
2827,3.4011442103967075e-08,3.790040451846348e-12,9.625271849451101,0.5046897123203874,0.6076488000914583,0.39235119990854167,0.961644003853032,0.857357994711161,0.2070536235328602
2828,3.4011442103967075e-08,3.1131093998777577e-12,9.627752089783522,0.5047421862650556,0.6077021854942225,0.3922978145057775,0.9616675568983624,0.8573936790269087,0.20702585556835076
2829,3.4011442103967075e-08,4.734179808742886e-12,9.625396108044226,0.5047210925205489,0.6076778365422301,0.39232216345776993,0.9616611203428945,0.8573850435886652,0.20684879563758482
2830,3.4011442103967075e-08,5.647277869732269e-12,9.618620729576968,0.504807550831367,0.6077021854942225,0.3922978145057775,0.9616722865586624,0.8574033854812482,0.20684441488348793
2831,3.4011442103967075e-08,3.115772721982208e-12,9.62131854939485,0.5048053372902768,0.6076305709295389,0.3923694290704612,0.9616725977916528,0.8574287314879624,0.2068822434216882
2832,3.4011442103967075e-08,3.816066491247497e-12,9.621343022762685,0.5047894518777469,0.6076838261240036,0.3923161738759964,0.9616923903797195,0.8574520105763275,0.20687768642320029
2833,3.4011442103967075e-08,3.1794482916741327e-12,9.623436768151954,0.5048200508281118,0.6077477583990213,0.39225224160097877,0.9616997102395172,0.857451414650417,0.20695191144246808
2834,3.4011442103967075e-08,4.120170651961545e-12,9.621548989796484,0.5047436185563493,0.6077340865275817,0.39226591347241835,0.9616996422408814,0.8574205205361821,0.20712545448223757
2835,3.4011442103967075e-08,4.325836956507919e-12,9.618687785709065,0.5047263008525258,0.6077655969360425,0.3922344030639575,0.9617210728926623,0.8575082745858231,0.2071299400900532
2836,3.4011442103967075e-08,4.043971800044763e-12,9.617671170723204,0.5047398425156661,0.6077885135967412,0.39221148640325876,0.9617063479521838,0.8574745480438558,0.2069766481900803
2837,3.4011442103967075e-08,3.2836883713335684e-12,9.619550248600692,0.5047429675148523,0.6077598677708678,0.39224013222913223,0.9617309743634248,0.8575221131978962,0.20711528344584118
2838,3.4011442103967075e-08,3.774427787637472e-12,9.620082619418714,0.5047277331438195,0.6077622115202574,0.3922377884797426,0.961729311778425,0.8575562082362659,0.20711675584033493
2839,3.4011442103967075e-08,6.5962018467244625e-12,9.60978213353656,0.5047730456320194,0.607762992770054,0.39223700722994603,0.9617353000621257,0.857595622595578,0.20692663284818144
2840,3.4011442103967075e-08,3.159909333254679e-12,9.612559015802413,0.504751170637716,0.607787211513747,0.392212788486253,0.9617398599708168,0.8576160977556991,0.2069059937458085
2841,3.4011442103967075e-08,3.663828480204926e-12,9.61436888205655,0.5047110664814931,0.6077467167326258,0.39225328326737413,0.9617041868044186,0.8574742470925026,0.20723427835190916
2842,3.4011442103967075e-08,3.509647703604134e-12,9.615034530999807,0.5046897123203874,0.607795805261509,0.39220419473849094,0.9617303290765399,0.8575712611993186,0.20701379892013586
2843,3.4011442103967075e-08,4.8978706962880294e-12,9.610251313650068,0.5047212227288482,0.6078153365064228,0.3921846634935772,0.9617316520678212,0.8575432779880905,0.20700252877159542
2844,3.4011442103967075e-08,3.664182846327171e-12,9.611824727688967,0.5047871081283573,0.6078995812761507,0.39210041872384926,0.9617249128837521,0.8575456518422289,0.20690100579007603
2845,3.4011442103967075e-08,3.313823325998058e-12,9.613556513207332,0.5047757800063073,0.6079136437724886,0.3920863562275114,0.961715189951986,0.8575211579903392,0.2069165121576679
2846,3.4011442103967075e-08,3.3753182438579036e-12,9.615809080635756,0.5047514310543149,0.6079642948009649,0.3920357051990351,0.9617159663917212,0.8575755588913722,0.20676574835513747
2847,3.4011442103967075e-08,4.691561563174951e-12,9.61320889162922,0.5048110664554515,0.6079412479319667,0.3920587520680333,0.9617169361814588,0.8575682596837638,0.2067625196448542
2848,3.4011442103967075e-08,7.29021990182103e-12,9.599888675362582,0.5047506498045182,0.607999581250109,0.39200041874989094,0.9617202451245958,0.8576130737146459,0.206578494663754
2849,3.4011442103967075e-08,5.339741242853555e-12,9.59396701528088,0.5047957018761193,0.6080506229034837,0.3919493770965164,0.9616803999185067,0.8575059886886767,0.2065103733717714
2850,3.4011442103967075e-08,3.902045554938228e-12,9.593635438466192,0.5048102852056549,0.6079683312582471,0.39203166874175294,0.9616930769274715,0.857549701313881,0.20658935593840555
2851,3.4011442103967075e-08,4.003045978690845e-12,9.592826426261114,0.504845571654799,0.6079941125015332,0.3920058874984668,0.9616775124683256,0.8574762237130715,0.2067405758275826
2852,3.4011442103967075e-08,6.520756662222669e-12,9.581815303761474,0.5047580716775855,0.6080379926984394,0.3919620073015606,0.9617067589785724,0.8576314168288411,0.20665148249494084
2853,3.4011442103967075e-08,3.701797259507155e-12,9.582557246137009,0.5047886706279504,0.6080310916585698,0.3919689083414301,0.9617085493128421,0.8576030505129105,0.20658678204449965
2854,3.4011442103967075e-08,3.6748754525943554e-12,9.582699811671674,0.5048496081120812,0.6080454145715066,0.3919545854284934,0.9617144403323326,0.8575722608363133,0.20662369087685264
2855,3.4011442103967075e-08,4.769462887050721e-12,9.578939069659397,0.5048184883285186,0.6080452843632072,0.3919547156367928,0.9617621697571022,0.8577001650999617,0.20661052341163916
2856,3.4011442103967075e-08,4.615451730746115e-12,9.574982288324335,0.5047722643822228,0.6080869510190232,0.39191304898097684,0.9617539163746648,0.8576786355840931,0.20663694777819963
2857,3.4011442103967075e-08,3.57444872619329e-12,9.576233511656387,0.504847394570991,0.608115727053196,0.39188427294680395,0.9617626869952636,0.8576670010579287,0.2066719764838894
2858,3.4011442103967075e-08,4.912605516493599e-12,9.572614169045389,0.5048532539444651,0.6081106489295185,0.3918893510704815,0.961742309451842,0.8575980173578588,0.206781390983124
2859,3.4011442103967075e-08,3.1993709397002023e-12,9.574514093287917,0.5048558581104536,0.6080657270662169,0.3919342729337831,0.9617856510991689,0.857743573713757,0.20666376679097395
2860,3.4011442103967075e-08,4.1463359156869225e-12,9.573504339299673,0.5048562487353518,0.6080913781012036,0.3919086218987964,0.9618041834725005,0.857819894544702,0.20652299442115998
2861,3.4011442103967075e-08,5.158002890849948e-12,9.567998353037895,0.5048852851861236,0.6081290082997374,0.39187099170026257,0.9618236964948954,0.857863762356054,0.20636951455396907
2862,3.4011442103967075e-08,3.858997035643095e-12,9.568144298143517,0.5048414049892175,0.6080719770645893,0.3919280229354107,0.9618291182386574,0.8579297393528084,0.20637432347094278
2863,3.4011442103967075e-08,4.224663506221563e-12,9.566398431998447,0.5048121081218468,0.6081418989213805,0.3918581010786195,0.9618149941278364,0.8578768906747093,0.20606520592250002
2864,3.4011442103967075e-08,3.143209670885456e-12,9.56884202480442,0.5047421862650556,0.608139294755392,0.39186070524460803,0.9618089458122261,0.8578341043790559,0.20619661211027465
2865,3.4011442103967075e-08,3.859980303412973e-12,9.570138418157578,0.5047204414790517,0.6081342166317144,0.3918657833682856,0.9617928654326325,0.8578475294610958,0.20629092145837752
2866,3.4011442103967075e-08,3.1471725455237243e-12,9.572503337304905,0.5047779935473975,0.6081200239270771,0.3918799760729229,0.9617846979744991,0.8578206913646422,0.20625379376397676
2867,3.4011442103967075e-08,3.48581894001048e-12,9.574776351113858,0.5047722643822228,0.6081609093330965,0.3918390906669035,0.9617941419117498,0.857830045429146,0.20646212962039484
2868,3.4011442103967075e-08,2.9437308325730874e-12,9.577980001006857,0.5046976550266523,0.6081508832940408,0.3918491167059592,0.9618066374303411,0.8578507025963664,0.20664561933335357
2869,3.4011442103967075e-08,2.824758888752492e-12,9.581346634742156,0.5047833320876739,0.6081588260003057,0.39184117399969426,0.9618162055003221,0.8578637593257106,0.2065276718414637
2870,3.4011442103967075e-08,4.498833611908299e-12,9.57844350694052,0.5047425768899539,0.6081934614079527,0.3918065385920472,0.9618021236716455,0.8578089333623696,0.20654157080857585
2871,3.4011442103967075e-08,3.514761215130809e-12,9.580155253140417,0.5048153633293324,0.608203357238709,0.39179664276129095,0.9618067635667239,0.8577590424861223,0.20683043129497664
2872,3.4011442103967075e-08,3.783773304519104e-12,9.580481359545418,0.5048294258256704,0.608187081201281,0.39181291879871905,0.9618229011341051,0.8578699351102999,0.20642341636411554
2873,3.4011442103967075e-08,6.7010929027760506e-12,9.570313454194736,0.5048592435262387,0.6081532270434304,0.39184677295656956,0.9618106428646989,0.8578412347593624,0.20660132416685928
2874,3.4011442103967075e-08,3.3455105967017505e-12,9.571080797962317,0.5048139310380388,0.6081840864103941,0.3918159135896058,0.9618293791539038,0.8578862426014702,0.20650617414799574
2875,3.4011442103967075e-08,3.626346851291936e-12,9.57203934797592,0.5048960924749759,0.6081637739156839,0.3918362260843161,0.961822713008609,0.8579154087586625,0.20653243018514678
2876,3.4011442103967075e-08,3.4507161807378476e-12,9.573533076820064,0.5049022122650489,0.6081581749588086,0.3918418250411914,0.9618165819430847,0.8578594465299514,0.20680100282986102
2877,3.4011442103967075e-08,7.836867129098718e-12,9.557716250050696,0.504885675811022,0.6081993207814269,0.39180067921857314,0.9618476792254101,0.8579354638923651,0.20666916956281664
2878,3.4011442103967075e-08,3.744540884539727e-12,9.558067698999952,0.5048050768736779,0.6082172895267475,0.39178271047325247,0.9618633408715022,0.8580159297327432,0.20668791896363684
2879,3.4011442103967075e-08,2.8187450886211624e-12,9.561653557614601,0.5048272122845802,0.6081818728693039,0.3918181271306961,0.9618660819154654,0.857972792379323,0.20683236688874673
2880,3.4011442103967075e-08,3.643335439990918e-12,9.561844958830857,0.5048638008167186,0.6082611697236537,0.39173883027634626,0.9618491526797137,0.857901129055705,0.20671511153045252
2881,3.4011442103967075e-08,4.7647446770529795e-12,9.557840852717435,0.5048451810299007,0.608218331193143,0.3917816688068571,0.9618338510190074,0.8578197481638906,0.20683970591602188
2882,3.4011442103967075e-08,3.8764089967028535e-12,9.557894285799309,0.5048670560242041,0.6082320030645826,0.3917679969354175,0.9618152435884012,0.8577884698692285,0.2067725146948571
2883,3.4011442103967075e-08,3.416896107941633e-12,9.559945465200117,0.5048912747678972,0.6082504926431008,0.3917495073568991,0.9618143765303121,0.857817472839001,0.20670808651610828
2884,3.4011442103967075e-08,4.9330187517401655e-12,9.55524703547102,0.5049614570412873,0.6082391645210509,0.3917608354789491,0.9618071303783233,0.8577580072305642,0.20679737444876237
2885,3.4011442103967075e-08,3.6195926323461557e-12,9.556363250839928,0.5049438789208649,0.6082202843176343,0.3917797156823657,0.9618296056718562,0.8578363478173829,0.2067931534143926
2886,3.4011442103967075e-08,3.1124072242700455e-12,9.558207273212988,0.5049792955783085,0.6082257530662102,0.39177424693378987,0.9618521959642344,0.8579166550474135,0.20678866415045977
2887,3.4011442103967075e-08,3.3004967599653656e-12,9.560270219877262,0.5049024726816478,0.6082688520133198,0.39173114798668024,0.9618260613970108,0.8578547728693734,0.20666660502090267
2888,3.4011442103967075e-08,3.145356106395017e-12,9.562966275523648,0.504902863306546,0.6082551801418802,0.3917448198581198,0.9618105544572474,0.8578229963173438,0.20650917864190732
2889,3.4011442103967075e-08,5.085328824772315e-12,9.557736391885085,0.5048563789436513,0.6083106488774351,0.3916893511225648,0.9618472932261111,0.8579252398780615,0.20641782684753543
2890,3.4011442103967075e-08,3.952129458579651e-12,9.557971324587813,0.5048334622829526,0.6082721072208054,0.39172789277919456,0.9618810864777056,0.8580043214041929,0.20649102113825307
2891,3.4011442103967075e-08,4.472836149828146e-12,9.554687280383572,0.5048809883122426,0.60820765411259,0.3917923458874099,0.9618752804480971,0.8580162781509251,0.20646311221225608
2892,3.4011442103967075e-08,4.212618318366118e-12,9.553248463991439,0.5048433581137088,0.608203617655308,0.3917963823446921,0.9618923471114457,0.8580849519863132,0.2063272165040744
2893,3.4011442103967075e-08,2.646548842030862e-12,9.556819163586152,0.50485442581916,0.6082141645275613,0.39178583547243867,0.961870311101963,0.8579988862235459,0.20642483500210884
2894,3.4011442103967075e-08,3.6140111103563805e-12,9.55794967947841,0.5048376289485341,0.6081605187081982,0.39183948129180174,0.9618649209853868,0.857886850932178,0.2068932532021843
2895,3.4011442103967075e-08,4.248198954982363e-12,9.55645041610337,0.5048320299916589,0.608173930163039,0.391826069836961,0.9618433016150468,0.8578556672295391,0.2069691524506394
2896,3.4011442103967075e-08,3.135565874902846e-12,9.559286097722412,0.5048029935408871,0.6081823937025016,0.39181760629749834,0.9618215328376745,0.8578144475135787,0.20678918854855738
2897,3.4011442103967075e-08,4.675560921773299e-12,9.556669751251766,0.5047947904180233,0.6082053103632005,0.3917946896367996,0.9617946925302527,0.8577543996930572,0.20665916294841055
2898,3.4011442103967075e-08,5.3425558797399346e-12,9.55096003895409,0.5048372383236358,0.6082279666073004,0.3917720333926996,0.9617741584442744,0.8576763566619192,0.2066744093735971
2899,3.4011442103967075e-08,3.863103102490845e-12,9.549875081707786,0.5049180976775788,0.6081182010108852,0.39188179898911485,0.9618064677208374,0.8577644209942495,0.2068718998082376
2900,3.4011442103967075e-08,2.773375862616593e-12,9.553334173065013,0.5048632799835209,0.6080546593607657,0.3919453406392342,0.9618068911979638,0.8577140021762514,0.2070731689973332
2901,3.4011442103967075e-08,3.6214949398039643e-12,9.553762700025352,0.5047842435457699,0.6081378624640983,0.39186213753590166,0.9618119131593809,0.8577723186248712,0.20688561931706376
2902,3.4011442103967075e-08,2.9305696136695682e-12,9.556623997589623,0.5047812487548832,0.6081833051605976,0.3918166948394024,0.9618088210749647,0.8577379676785354,0.20700266985676347
2903,3.4011442103967075e-08,3.923961900488242e-12,9.555827468571065,0.5047411445986603,0.6081624718326897,0.3918375281673104,0.9618247465555959,0.8577892080256814,0.20691181838148945
2904,3.4011442103967075e-08,3.314702493950796e-12,9.557804858891998,0.5046782539900381,0.6081679405812654,0.3918320594187345,0.9618410085857301,0.8578353337569359,0.20686356863081065
2905,3.4011442103967075e-08,6.089254073928351e-12,9.54908270897947,0.5047143216889787,0.608180049953112,0.391819950046888,0.9618112871169274,0.8577658390520738,0.20691653317233402
2906,3.4011442103967075e-08,3.399984459364629e-12,9.551250392478405,0.5047305977264068,0.608226013482809,0.39177398651719103,0.9618213914955966,0.8578132533201271,0.20688366744442271
2907,3.4011442103967075e-08,2.745487504727115e-12,9.554875142211301,0.5047915352105377,0.6082296593151929,0.3917703406848071,0.9618286734989868,0.8578405815514308,0.20678173444436615
2908,3.4011442103967075e-08,4.230593621884369e-12,9.553061789549453,0.5047466133472361,0.6081903364087665,0.3918096635912334,0.961850633280109,0.8579099690677713,0.20688451697330182
2909,3.4011442103967075e-08,4.116274522530653e-12,9.551402710279357,0.5047300768932091,0.6082829145096577,0.39171708549034234,0.9618625749220562,0.8579403920528946,0.20683596085371245
2910,3.4011442103967075e-08,6.216714485208097e-12,9.54239179852039,0.5047579414692861,0.6082249718164136,0.3917750281835864,0.9618557217784656,0.8578925522364504,0.2068138963020739
2911,3.4011442103967075e-08,3.712826645559984e-12,9.543178453764423,0.5047555977198964,0.6082267947326055,0.39177320526739445,0.9618493438509013,0.8578344729507215,0.20702466145350185
2912,3.4011442103967075e-08,5.400187957707814e-12,9.536760659460821,0.5047769518810021,0.608245935352621,0.391754064647379,0.9618281870032149,0.8577594648492924,0.2069416874101244
2913,3.4011442103967075e-08,6.572820892907998e-12,9.526695535248114,0.5047708320909291,0.6082687218050203,0.39173127819497966,0.9618501155782728,0.8578297850868521,0.20698944426181048
2914,3.4011442103967075e-08,3.4188971451273814e-12,9.529109895300715,0.5047304675181075,0.6083330447049363,0.39166695529506373,0.9618421656764397,0.8577809624798204,0.20716039328232969
2915,3.4011442103967075e-08,4.681550155496368e-12,9.525508612968338,0.5047602852186758,0.6082951540898036,0.3917048459101964,0.9618269114194676,0.8577479182866259,0.20713999620891935
2916,3.4011442103967075e-08,4.523319167126507e-12,9.522663389682386,0.5047273425189213,0.6083619509474086,0.3916380490525914,0.9618787229955363,0.8578976864204318,0.2067822012677823
2917,3.4011442103967075e-08,1.272825005722617e-11,9.48723773493035,0.5047313789762033,0.6083120811687288,0.39168791883127113,0.9618887242882953,0.8579047529267387,0.20697164336166127
2918,3.4011442103967075e-08,3.29244130373789e-12,9.489137273581845,0.5047596341771786,0.6083520551166524,0.3916479448833477,0.9618900792771417,0.8578849096765878,0.20702830937544162
2919,3.4011442103967075e-08,1.275050226049339e-11,9.457145097283156,0.5047647123008562,0.6083495811589632,0.39165041884103674,0.9618431178499444,0.8577932080623728,0.20702230007969902
2920,3.4011442103967075e-08,5.695146681886849e-12,9.449726421140895,0.5047499987630212,0.6083202842915927,0.39167971570840737,0.9618709547943636,0.857881631368569,0.20716947598471513
2921,3.4011442103967075e-08,3.8498800680732915e-12,9.451363811599945,0.5047704414660309,0.608333565538134,0.39166643446186605,0.9618770306316059,0.857888539818945,0.20713144839360254
2922,3.4011442103967075e-08,7.080417051225936e-12,9.43855131042834,0.5047670560502459,0.6083599978229173,0.3916400021770828,0.9618826369803887,0.8578598949444283,0.20725683805661152
2923,3.4011442103967075e-08,3.732654100049393e-12,9.438207304706282,0.504775389381409,0.6084033571866257,0.39159664281337425,0.9618927901227621,0.8578758797147646,0.20711316342696573
2924,3.4011442103967075e-08,3.972640959774934e-12,9.436860040729883,0.504730337309808,0.608429789471409,0.39157021052859103,0.9619052095115959,0.8578720684575997,0.20725591249404335
2925,3.4011442103967075e-08,2.95029785123502e-12,9.439875041552343,0.5047705716743303,0.6083435915771896,0.3916564084228103,0.9618857078482008,0.8578199174708182,0.20728366565657544
2926,3.4011442103967075e-08,4.79187925262781e-12,9.43648269651942,0.504798045625509,0.6083266644982644,0.39167333550173555,0.9618815795279708,0.8578556026354358,0.20715174311203105
2927,3.4011442103967075e-08,5.712029018634891e-12,9.429581790158053,0.504796222709317,0.6083769249018425,0.3916230750981575,0.9618908395148742,0.8578710971865046,0.20707034560789972
2928,3.4011442103967075e-08,3.0393948081190128e-12,9.432806000666224,0.5047872383366567,0.6083972373965527,0.39160276260344723,0.9619109450620166,0.857980127875683,0.20689648240040437
2929,3.4011442103967075e-08,3.2845376345045564e-12,9.434845729807428,0.5047300768932091,0.6083905967732821,0.3916094032267179,0.9619069678919631,0.8579849570628124,0.20675847803508882
2930,3.4011442103967075e-08,3.779382214428524e-12,9.435885090135494,0.5047143216889787,0.6083909873981803,0.39160901260181963,0.9618978024884027,0.8579670195023668,0.20693437402993367
2931,3.4011442103967075e-08,3.827979877007209e-12,9.435805904016313,0.5046484362894698,0.608377055110142,0.3916229448898581,0.9618938326143467,0.8579348122050474,0.20705761518692015
2932,3.4011442103967075e-08,4.021539280319887e-12,9.435277194489636,0.504719920645854,0.6084131228090826,0.3915868771909174,0.9619159701664535,0.8580131106713631,0.20686417717330774
2933,3.4011442103967075e-08,3.3932951306647187e-12,9.436954583094796,0.5047481758468292,0.6084205446821498,0.39157945531785016,0.9619040144993111,0.8580313717529638,0.2066549595771864
2934,3.4011442103967075e-08,3.5629569915837324e-12,9.43797713842596,0.504744139389547,0.6084562217561923,0.39154377824380776,0.9619231895481634,0.8580603491391213,0.20651772478169772
2935,3.4011442103967075e-08,5.962750045155241e-12,9.429403933150965,0.5046910144033817,0.6084637738375589,0.3915362261624411,0.9619043064446973,0.8580259370931707,0.2065681261909819
2936,3.4011442103967075e-08,3.2128185974533206e-12,9.43199348583077,0.5046837227386138,0.6083836957334126,0.39161630426658744,0.9619062922481194,0.8580389878093133,0.20657283572469787
2937,3.4011442103967075e-08,5.971933145283307e-12,9.424287110326912,0.5047574206360884,0.6084948936211214,0.39150510637887853,0.961894287170403,0.8579785262944406,0.20674326473766716
2938,3.4011442103967075e-08,4.339099868823986e-12,9.42277446107838,0.5047613268850711,0.6084594769636779,0.39154052303632214,0.96190212442023,0.858012051259378,0.20664802344111452
2939,3.4011442103967075e-08,3.823427291585299e-12,9.422706413194025,0.5047766914644033,0.608485258206964,0.39151474179303597,0.9619120444393461,0.8579677255762003,0.206865294252131
2940,3.4011442103967075e-08,3.3663940038835076e-12,9.425292080793248,0.5047951810429216,0.6084062217692131,0.3915937782307869,0.9619084454752183,0.8579362973049762,0.20698265380413247
2941,3.4011442103967075e-08,8.063304987284094e-12,9.409400724070146,0.5047365873081804,0.6084370811361768,0.3915629188638232,0.9619123473290944,0.8579279044109194,0.20696553988597105
2942,3.4011442103967075e-08,6.4843371451781956e-12,9.398795951865713,0.5047381498077735,0.608413253017382,0.391586746982618,0.9618965751036456,0.8578926041107711,0.20701682616102854
2943,3.4011442103967075e-08,3.874927537078393e-12,9.399310175506601,0.5047532539705067,0.6084200238489521,0.3915799761510479,0.9619259651586466,0.8579715932577747,0.20696636942038976
2944,3.4011442103967075e-08,3.124597917936723e-12,9.400943001495381,0.5047433581397505,0.6085107790336513,0.3914892209663487,0.9619307193781448,0.8580039351980455,0.20683830308616857
2945,3.4011442103967075e-08,3.47481816995194e-12,9.40233882291179,0.5047449206393436,0.6084818727911789,0.39151812720882107,0.9619247945555024,0.8579972119783557,0.2067691484527688
2946,3.4011442103967075e-08,3.8342248236251e-12,9.40293757467793,0.5048162747874284,0.6085709352679856,0.3914290647320144,0.9619584684311006,0.8580803708754976,0.20654156678807803
2947,3.4011442103967075e-08,4.4406470842663236e-12,9.399622506120057,0.5047718737573246,0.6085376019433328,0.39146239805666716,0.9619637887619096,0.858087992987171,0.2067565544664287
2948,3.4011442103967075e-08,2.908814926771655e-12,9.403434774626579,0.5047326810591977,0.6084934613298277,0.3915065386701722,0.9619773557768437,0.8581283846319054,0.2067316681715789
2949,3.4011442103967075e-08,3.6244608847945117e-12,9.405337881715267,0.5047356758500844,0.6084611696715704,0.3915388303284296,0.9619535644065874,0.8580124957196013,0.20693419779865593
2950,3.4011442103967075e-08,4.782837732494263e-12,9.401412354312233,0.50477968625529,0.6085150759075323,0.39148492409246766,0.9619299995643933,0.8579672621694729,0.2069416026910599
2951,3.4011442103967075e-08,4.62588210725265e-12,9.399043664235842,0.5047381498077735,0.6085671592273023,0.3914328407726977,0.9619503992024643,0.8580650573699206,0.20688146319076775
2952,3.4011442103967075e-08,3.454254914837246e-12,9.400178538378139,0.5048139310380388,0.6085049196601772,0.39149508033982283,0.961974042620249,0.858153822771898,0.20691499550430653
2953,3.4011442103967075e-08,1.056393760057625e-11,9.37486791102403,0.5047669258419464,0.6085080446593634,0.39149195534063663,0.9619900723085679,0.8582482255882738,0.2066808137320826
2954,3.4011442103967075e-08,4.507478867135414e-12,9.372633926867062,0.5047483060551287,0.6085730186007764,0.3914269813992236,0.9619978597637961,0.8582969138217185,0.20667122067480062
2955,3.4011442103967075e-08,3.5514256677609425e-12,9.373143456072869,0.5047756497980078,0.6084942425796244,0.3915057574203757,0.9620147064167447,0.8583572987325054,0.20676960803690336
2956,3.4011442103967075e-08,4.175607647938833e-12,9.371854279576068,0.5047598945937775,0.6085326540279546,0.3914673459720453,0.9620075387063728,0.8583404621380386,0.20665319614388838
2957,3.4011442103967075e-08,3.72668031949281e-12,9.37314043666292,0.5048071602064687,0.6084968467456128,0.39150315325438717,0.962037409209606,0.8584111210804591,0.20655724067133746
2958,3.4011442103967075e-08,3.0796190709672276e-12,9.375220999765366,0.5048177070787221,0.6085515342313713,0.3914484657686287,0.9620247131173906,0.858368535914009,0.20650516654923037
2959,3.4011442103967075e-08,4.161999545393315e-12,9.37384986767847,0.5048499987369794,0.6085734092256747,0.39142659077432534,0.9619917413601248,0.8582174395855364,0.20664964239169498
2960,3.4011442103967075e-08,5.229851406004531e-12,9.368570308901022,0.504893358100688,0.6085670290190028,0.39143297098099716,0.9619889529452261,0.8581732434624346,0.20681757728913555
2961,3.4011442103967075e-08,3.127560876333754e-12,9.371024890038896,0.5049024726816478,0.6084885134144496,0.39151148658555035,0.9619868966634137,0.8581552744222907,0.20702816606899357
2962,3.4011442103967075e-08,2.970340858143876e-12,9.3750221000809,0.5048764310217627,0.6085080446593634,0.39149195534063663,0.9620042329982716,0.8582047970343418,0.2069446632615153
2963,3.4011442103967075e-08,4.746978879309939e-12,9.372151417190379,0.5048575508183462,0.6086208050466654,0.3913791949533347,0.9620275244738015,0.8583391684905047,0.20647379988484457
2964,3.4011442103967075e-08,6.0491477292571176e-12,9.36389164237682,0.5048903633098012,0.6085277061125766,0.39147229388742344,0.9620259944336391,0.8583534264499029,0.20659729388109374
2965,3.4011442103967075e-08,5.620505388961454e-12,9.356903115694974,0.504859373734538,0.60853825298483,0.39146174701517006,0.9620198882071538,0.8583078444532802,0.20665110840656048
2966,3.4011442103967075e-08,5.5557856429975365e-12,9.35203685056234,0.5048687487320966,0.6085751019335672,0.39142489806643277,0.9620312097059491,0.8583172455734193,0.20663264172268883
2967,3.4011442103967075e-08,3.5061211811082404e-12,9.353415967426518,0.5048817695620392,0.6085273154876782,0.39147268451232176,0.9620180942623536,0.8582710119962045,0.20651407659844298
2968,3.4011442103967075e-08,3.2713961942446132e-12,9.356101476955132,0.5048381497817318,0.608554529022258,0.39144547097774196,0.9620259439007515,0.8583064003623291,0.20649539089768268
2969,3.4011442103967075e-08,3.4522461365306616e-12,9.357333401662249,0.5047695300079349,0.6084921592468335,0.39150784075316647,0.9620401507433065,0.8583007269056789,0.20676790773205514
2970,3.4011442103967075e-08,5.972024499043443e-12,9.350368290830886,0.5047717435490251,0.6084442425926452,0.3915557574073548,0.9620354872671392,0.8583074477676628,0.20684052094499292
2971,3.4011442103967075e-08,3.642347278268854e-12,9.351333972716644,0.5047619779265683,0.608457393630887,0.3915426063691129,0.9620434469186796,0.8583112488421788,0.20691069483695104
2972,3.4011442103967075e-08,3.203850917245326e-12,9.353839660877174,0.5047635404261613,0.6084139040588792,0.39158609594112087,0.9620522660216007,0.8583375332930978,0.20685353376159304
2973,3.4011442103967075e-08,4.4978264632956524e-12,9.351809624072116,0.5047619779265683,0.6084450238424417,0.3915549761575583,0.9620398577257385,0.858284227209589,0.20684179515513287
2974,3.4011442103967075e-08,4.7546493159906155e-12,9.349068856958217,0.504711326898092,0.6085093467423576,0.3914906532576424,0.9620532462964887,0.8582781218077982,0.2068165314786882
2975,3.4011442103967075e-08,5.261795875502409e-12,9.343433169518987,0.5046796862813318,0.60844541446734,0.39155458553266004,0.9620529253561934,0.8582720634448473,0.20702371845691198
2976,3.4011442103967075e-08,3.145310778414763e-12,9.34586961396931,0.5047621081348677,0.6084072634356085,0.39159273656439153,0.9620244017840328,0.8582244552716276,0.20706840462975343
2977,3.4011442103967075e-08,3.697261094147002e-12,9.3455395694756,0.5047591133439809,0.6084316123876009,0.39156838761239904,0.9620424390529767,0.8582554772966617,0.2070005798322384
2978,3.4011442103967075e-08,4.206686763105282e-12,9.343746144807081,0.5047101550233971,0.6084545290482998,0.3915454709517003,0.9620604817587045,0.8583126885727146,0.20691052155893472
2979,3.4011442103967075e-08,3.743720872394142e-12,9.34559034878645,0.5046723946165639,0.6085062217431714,0.3914937782568286,0.9620925281744765,0.858429611925314,0.20677193580118655
2980,3.4011442103967075e-08,2.4602875554633183e-12,9.348811798568228,0.5046674467011858,0.6084628623794629,0.3915371376205371,0.9620944535748353,0.8584240946859321,0.2069018829991234
2981,3.4011442103967075e-08,7.462658654178686e-12,9.336222351187356,0.5047166654383684,0.6084404665519618,0.3915595334480382,0.96209140282549,0.8584037148067398,0.20698084289273752
2982,3.4011442103967075e-08,3.748929593183998e-12,9.33711526346467,0.5047428373065528,0.6084527061321078,0.3915472938678922,0.962107749283965,0.8584528061319299,0.20689224980227372
2983,3.4011442103967075e-08,4.058353884055213e-12,9.337358567057793,0.5047065091910132,0.6084774457089985,0.39152255429100147,0.9620918020033022,0.8583946496888963,0.2069679805364238
2984,3.4011442103967075e-08,3.4992184473888206e-12,9.338948701534116,0.5047102852316966,0.6085072634095668,0.39149273659043315,0.9620906643301079,0.8584183084187674,0.2069095826152009
2985,3.4011442103967075e-08,3.986064603332945e-12,9.338665668596555,0.5046736966995582,0.6085383831931294,0.39146161680687064,0.9620439418247553,0.8582568232379051,0.2068877487417899
2986,3.4011442103967075e-08,3.250562395135358e-12,9.340975952896049,0.5046868477378,0.6085394248595247,0.3914605751404752,0.9620656028202932,0.8583098667194269,0.2068785475070363
2987,3.4011442103967075e-08,3.718224732703632e-12,9.341377390985185,0.5046851550299075,0.6085485394404845,0.39145146055951546,0.9620473734786861,0.8582737709609122,0.2069477409357289
2988,3.4011442103967075e-08,6.69487086158231e-12,9.331257794376059,0.5046097644245405,0.6085149456992329,0.39148505430076713,0.9620354301132575,0.8582864734706955,0.20681395299666688
2989,3.4011442103967075e-08,4.256536941963206e-12,9.330513821513971,0.5046816394058231,0.6085327842362541,0.3914672157637459,0.9620129778794038,0.8582306086183353,0.20682150463010254
2990,3.4011442103967075e-08,2.846201133725016e-12,9.333769137096024,0.5046440092072892,0.6085187217399162,0.3914812782600838,0.9620234391893593,0.8582668274014463,0.2068672314339989
2991,3.4011442103967075e-08,3.234781668190264e-12,9.33651631109157,0.5046466133732778,0.6085331748611523,0.3914668251388476,0.9620481421722874,0.8583621947583008,0.20684516063164982
2992,3.4011442103967075e-08,5.818064686578407e-12,9.329977882855736,0.5046177071308054,0.6085110394502501,0.39148896054974985,0.9620200372822784,0.85826722252993,0.20686820987188734
2993,3.4011442103967075e-08,4.004204640118924e-12,9.329407735394842,0.5045846342227515,0.6085534873558627,0.3914465126441373,0.9620552511921766,0.8583057003924639,0.20702807959564337
2994,3.4011442103967075e-08,4.498291491215641e-12,9.326960504033439,0.5045657540193349,0.6085128623664421,0.3914871376335579,0.9620805878547539,0.8584444083114835,0.20698751044676036
2995,3.4011442103967075e-08,3.217286639243687e-12,9.33006173663178,0.5045546863138838,0.6085188519482156,0.39148114805178436,0.9620631970460999,0.8583530675331754,0.20689572886869842
2996,3.4011442103967075e-08,3.282117396195877e-12,9.33219571948402,0.5045354154855689,0.6085840863062275,0.3914159136937725,0.9620461779384644,0.8583110588423573,0.20672963454097512
2997,3.4011442103967075e-08,3.566167029783186e-12,9.334132514020686,0.5045854154725481,0.6085711956845845,0.39142880431541555,0.9620141102128821,0.8581949509539929,0.2067136056121367
2998,3.4011442103967075e-08,3.1899121460399444e-12,9.336674717778466,0.5045608061039567,0.6085868206805154,0.39141317931948455,0.9620215656420465,0.8581928434975643,0.20672302453589264
2999,3.4011442103967075e-08,3.733472936204267e-12,9.337458532106893,0.5045928373456152,0.6085252321548874,0.39147476784511254,0.9620728061706011,0.8583089517352502,0.20681889940425266
3000,3.4011442103967075e-08,5.776283674412791e-12,9.330817794359609,0.5045994779688859,0.6085547894388569,0.39144521056114306,0.962097529002501,0.8583960733841571,0.20680928255414008
3001,3.4011442103967075e-08,5.1789003387171864e-12,9.326223782297305,0.5045938790120107,0.6085731488090759,0.3914268511909242,0.9620920028891441,0.8583607690303905,0.20681496275936453
3002,3.4011442103967075e-08,4.2798266113612445e-12,9.32618047079203,0.5045368477768626,0.6085025759107875,0.39149742408921245,0.9620619414151097,0.8582257727321138,0.20716816928030465
3003,3.4011442103967075e-08,6.213157234898965e-12,9.317169026746672,0.5045761706832889,0.6085064821597703,0.39149351784022973,0.9620647897522991,0.8582799605385103,0.20700871324100634
3004,3.4011442103967075e-08,3.0697795208233353e-12,9.319853466101797,0.504641795666199,0.6085555706886535,0.39144442931134654,0.9620979045189678,0.858376867043703,0.20696730200525884
3005,3.4011442103967075e-08,4.095439794560789e-12,9.319419636505167,0.5046447904570858,0.6085129925747416,0.3914870074252585,0.9620977098490023,0.8583706434125121,0.20693982439298814
3006,3.4011442103967075e-08,3.349735854909624e-12,9.321755082008865,0.5045984363024906,0.6084836957073709,0.39151630429262907,0.9620772646013628,0.8583556056001098,0.2067468139276417
3007,3.4011442103967075e-08,3.693855581701394e-12,9.323185528598168,0.5046401029583065,0.6084993207033019,0.3915006792966981,0.9620707263903584,0.8583463752165379,0.2068680772017758
3008,3.4011442103967075e-08,3.5899039926671276e-12,9.3246471689754,0.5046527331633507,0.6085424196504116,0.39145758034958844,0.962065400034793,0.8583542099106496,0.2068397909600095
3009,3.4011442103967075e-08,3.898641879770127e-12,9.324839570711987,0.5046617175360111,0.6085721071426804,0.39142789285731955,0.9620859394950062,0.8584230949528298,0.2067280565102071
3010,3.4011442103967075e-08,3.486574356014624e-12,9.326718060359704,0.5046437487906904,0.6085899456797016,0.39141005432029835,0.9620815150325076,0.8584113766696302,0.20662513426469734
3011,3.4011442103967075e-08,4.0605200569153186e-12,9.326757177075226,0.5046247383789744,0.6086080446333217,0.3913919553666783,0.9620590701949234,0.8583437803898011,0.2066945397820774
3012,3.4011442103967075e-08,5.548642273507174e-12,9.319686673638103,0.5045927071373159,0.6085844769311258,0.3914155230688742,0.9620808444337123,0.8584462543215832,0.20674661575481515
3013,3.4011442103967075e-08,3.193582158205968e-12,9.321645680445371,0.5046160144229129,0.6086892946121628,0.39131070538783713,0.9620935901627208,0.8584119142480744,0.20689399453424498
3014,3.4011442103967075e-08,5.022283712825935e-12,9.318483677502734,0.5046320300437421,0.6086735394079325,0.39132646059206755,0.9620861411551338,0.8583754129752168,0.20696372109582037
3015,3.4011442103967075e-08,3.4539375088305807e-12,9.318499489060775,0.5046938789859691,0.6086846071133836,0.39131539288661643,0.9621061361875435,0.858414806606872,0.20699907189906416
3016,3.4011442103967075e-08,4.614483676436246e-12,9.315652053496764,0.5047154935636735,0.6087235393949116,0.39127646060508836,0.9620932476226521,0.8583628129218395,0.20707122427200705
3017,3.4011442103967075e-08,2.9207090804368383e-12,9.317854562906964,0.504685285238207,0.608652575871725,0.39134742412827495,0.9621175028985308,0.858420341077584,0.20701906867819905
3018,3.4011442103967075e-08,3.3031296602275875e-12,9.31979737306576,0.5046690092007788,0.6086432008741665,0.39135679912583354,0.9621415607006225,0.8585089903369729,0.20691419962185384
3019,3.4011442103967075e-08,3.3857144393769716e-12,9.321394281198678,0.5046652331600955,0.6086562217041089,0.39134377829589106,0.9621384275648784,0.8585248919379335,0.20683877136976137
3020,3.4011442103967075e-08,3.6139545808107477e-12,9.323191009447564,0.5046955716938616,0.6087191123127311,0.3912808876872688,0.9621568416163401,0.8585661672007626,0.20670841045453195
3021,3.4011442103967075e-08,3.754839158570997e-12,9.32383742680458,0.5046225248378842,0.6086965862769307,0.3913034137230693,0.9621651036664437,0.8585760135349322,0.2066981072912468
3022,3.4011442103967075e-08,2.973136724441482e-12,9.326340495095307,0.5045798165156727,0.608781872713054,0.391218127286946,0.9621750897321636,0.8585858296228682,0.20665285764353217
3023,3.4011442103967075e-08,4.518428653144929e-12,9.322927951580384,0.5045927071373159,0.6087508831377908,0.39124911686220915,0.9621763773996796,0.8586240757398816,0.20661580101628052
3024,3.4011442103967075e-08,3.6612967975321155e-12,9.32384593864885,0.5046230456710818,0.6087618206349426,0.39123817936505745,0.9621555509119393,0.8585312592079264,0.20669771759919048
3025,3.4011442103967075e-08,6.048982520115673e-12,9.316955986990811,0.5046415352496002,0.6086898154453606,0.39131018455463945,0.9621581253518181,0.8584799305216858,0.20697615508269626
3026,3.4011442103967075e-08,4.730045481600838e-12,9.313419353295382,0.5046179675474043,0.6086913779449536,0.39130862205504635,0.9621454712127354,0.8584734194081695,0.2070103834606568
3027,3.4011442103967075e-08,5.777363757405279e-12,9.306441322835001,0.5046584623285254,0.6087438518896219,0.3912561481103781,0.9621671491926361,0.8585236568337551,0.20688272739082816
3028,3.4011442103967075e-08,3.81576610030415e-12,9.305418160367813,0.5046979154432512,0.6086981487765237,0.39130185122347627,0.9621824780744919,0.8585604752213217,0.20703207627853923
3029,3.4011442103967075e-08,4.2206055620333574e-12,9.305584491594637,0.504666925867988,0.6087631227179368,0.3912368772820632,0.9622090265178138,0.8586189697974046,0.20690766215975323
3030,3.4011442103967075e-08,3.4572887977987438e-12,9.306813995334828,0.5046796862813318,0.6087209352289231,0.3912790647710769,0.9622116386973404,0.858667083975531,0.20672565562588285
3031,3.4011442103967075e-08,3.0909821282159884e-12,9.308569833869955,0.5046484362894698,0.6087685914665126,0.39123140853348737,0.9621815010753134,0.8585556191639505,0.20673658033768796
3032,3.4011442103967075e-08,3.0762406178132252e-12,9.310864784179438,0.5046960925270593,0.6087266643940978,0.39127333560590216,0.9621765041094423,0.8585113616767326,0.20677772841586312
3033,3.4011442103967075e-08,4.826142985892471e-12,9.307689325885418,0.5046950508606638,0.6087024456504048,0.39129755434959523,0.962185487582302,0.8585810852023112,0.2069530170776939
3034,3.4011442103967075e-08,4.510630364688831e-12,9.305660500187132,0.5047730456320194,0.6087213258538214,0.3912786741461786,0.9622013807121914,0.8586526664744094,0.2068911266565916
3035,3.4011442103967075e-08,3.1615649057810026e-12,9.308728279314554,0.504766795633647,0.608657784203702,0.39134221579629797,0.9622004191248951,0.8586578030331683,0.20689293847709417
3036,3.4011442103967075e-08,3.5179369948965656e-12,9.309988135395676,0.5047134102308828,0.6086765341988192,0.39132346580118077,0.9621681557484698,0.8585636784613229,0.2070132308587296
3037,3.4011442103967075e-08,4.166430616774138e-12,9.309192688420698,0.5047203112707522,0.6087166383550421,0.3912833616449579,0.9621481134977361,0.8585071848102884,0.20696066338874305
3038,3.4011442103967075e-08,5.983011046955261e-12,9.3000271294337,0.5047139310640805,0.6087644248009311,0.391235575199069,0.962148715509771,0.8585272603974378,0.20690792736788485
3039,3.4011442103967075e-08,3.4852267877253003e-12,9.302245932742522,0.5046561185791358,0.6088058310401482,0.3911941689598518,0.9621555782061186,0.8585782269940647,0.20676777105817673
3040,3.4011442103967075e-08,3.730911830620992e-12,9.302773956012894,0.5046611967028134,0.6088064820816453,0.3911935179183547,0.9621528000557347,0.8585768974956085,0.20683034207843912
3041,3.4011442103967075e-08,4.514163885493334e-12,9.30067218978616,0.5046738269078576,0.6088159872875033,0.3911840127124967,0.9621302499849309,0.8585361803212715,0.2067253437134688
3042,3.4011442103967075e-08,4.725249568042113e-12,9.29818807918483,0.5046580717036272,0.6088553101939297,0.39114468980607037,0.9621135215385366,0.8584408104387794,0.2068416451223724
3043,3.4011442103967075e-08,3.192203171402422e-12,9.300581281086858,0.5046674467011858,0.6088543987358337,0.39114560126416636,0.9621116889501999,0.8584137599213046,0.2069560264103347
3044,3.4011442103967075e-08,3.439642635853229e-12,9.302378623328046,0.5046462227483794,0.6089079143468973,0.3910920856531027,0.9621307354662126,0.8585069278805035,0.20672936108093773
3045,3.4011442103967075e-08,4.1363731832066906e-12,9.300644810149182,0.5046787748232358,0.6089112997626823,0.3910887002373176,0.9621245238344753,0.8584629727421152,0.20686067202788294
3046,3.4011442103967075e-08,3.765006865786785e-12,9.301850777556647,0.504713149814284,0.6089070028888013,0.39109299711119866,0.9621669360708587,0.8585748234143603,0.20689321660908416
3047,3.4011442103967075e-08,2.966833472896931e-12,9.304920880301346,0.5046910144033817,0.6089119508041795,0.3910880491958205,0.9621484101413889,0.8585020651002021,0.20698897112624065
3048,3.4011442103967075e-08,3.3017816668609926e-12,9.307463469363588,0.5046738269078576,0.6089348674648782,0.39106513253512176,0.9621595143247174,0.8584700535658567,0.20710997616887297
3049,3.4011442103967075e-08,3.5921755325763197e-12,9.308757168556577,0.5046796862813318,0.6089682007895311,0.39103179921046893,0.962173645963948,0.85853061788015,0.2069646995710619
3050,3.4011442103967075e-08,8.425365484890348e-12,9.292025411136919,0.5046394519168094,0.6089144247618685,0.3910855752381314,0.9621637233536993,0.8585184352066605,0.20690252185483402
3051,3.4011442103967075e-08,3.6162017102721325e-12,9.293299270983034,0.5046282540030589,0.6089730184966098,0.3910269815033902,0.9621492775475621,0.8585060474502745,0.20681879650863524
3052,3.4011442103967075e-08,3.6187425030568102e-12,9.2952594180146,0.5047367175164799,0.6090030966137769,0.39099690338622306,0.9621295309813626,0.8584323267575394,0.2068969460212473
3053,3.4011442103967075e-08,3.1732388209767777e-12,9.29767088231731,0.5047499987630212,0.6090584351410325,0.39094156485896747,0.9621608597344766,0.8585458310115586,0.20679327892808608
3054,3.4011442103967075e-08,3.1868314621324342e-12,9.29958316367081,0.5048001289582997,0.609046325769186,0.390953674230814,0.9621575983038446,0.8585193476382506,0.20679090111690815
3055,3.4011442103967075e-08,4.031279892859933e-12,9.298775338914766,0.504824087285394,0.609025492441278,0.390974507558722,0.9621468606663794,0.8584778393388722,0.206841388203812
3056,3.4011442103967075e-08,6.794554996632696e-12,9.288163771753483,0.504797134167413,0.609054008058852,0.39094599194114793,0.9621211092485544,0.8583577163691634,0.2070773021507397
3057,3.4011442103967075e-08,3.846697344730237e-12,9.28843077747185,0.5048272122845802,0.609059216390829,0.39094078360917095,0.962141566630478,0.8584342334980234,0.2069580821234221
3058,3.4011442103967075e-08,3.775016938214564e-12,9.28931032561735,0.5047851550038659,0.6090627320149136,0.3909372679850865,0.9621240195738541,0.8584024451850636,0.20684865659677418
3059,3.4011442103967075e-08,4.028957952807403e-12,9.289124055177352,0.5048095039558583,0.6090394247293165,0.3909605752706835,0.9621059442748977,0.858313941958401,0.2070391005544704
3060,3.4011442103967075e-08,3.4790347532317117e-12,9.289550528293095,0.5048028633325877,0.609035909105232,0.390964090894768,0.9621168717210162,0.8583098882502859,0.2072073505452444
3061,3.4011442103967075e-08,6.330934770666286e-12,9.28005100158869,0.5048067695815704,0.6090937215901767,0.39090627840982334,0.9621398650415558,0.8583972415454694,0.20707512672079162
3062,3.4011442103967075e-08,3.415397648970476e-12,9.282155194130821,0.50479101437734,0.6090418986870055,0.39095810131299447,0.9621564973192487,0.8584020868396366,0.20728892495018172
3063,3.4011442103967075e-08,4.38520664447831e-12,9.281579636514223,0.5047770820893015,0.609021195567397,0.390978804432603,0.9621483153615032,0.8584104805622124,0.2072368844676728
3064,3.4011442103967075e-08,3.1262870291713518e-12,9.283927673860122,0.5047595039688791,0.6090529663924567,0.39094703360754335,0.9621549452882637,0.8584194262071583,0.20707914265588087
3065,3.4011442103967075e-08,3.3290915383913622e-12,9.285537220013923,0.5047993477085032,0.6090572632663377,0.3909427367336623,0.9622011171936536,0.8586038263900806,0.20694379005663363
3066,3.4011442103967075e-08,4.0898173098918055e-12,9.283855408672716,0.504824087285394,0.6090758830531554,0.39092411694684454,0.9622112960556133,0.8586749927825156,0.20682721815844352
3067,3.4011442103967075e-08,3.348729839303961e-12,9.285992287220573,0.5048183581202192,0.6091293986642191,0.3908706013357809,0.9622128766020026,0.8586684276692059,0.20668267177892202
3068,3.4011442103967075e-08,4.154999035670567e-12,9.285056925071462,0.5048515612365726,0.6091075236699157,0.3908924763300843,0.9622195494070934,0.8586920759893867,0.2066731750169902
3069,3.4011442103967075e-08,3.973360687215502e-12,9.285549514411347,0.5048463529045956,0.6090594768074279,0.3909405231925721,0.9622115790023864,0.8585996449570529,0.20706788939972473
3070,3.4011442103967075e-08,3.1071035555201837e-12,9.287720999006075,0.5048216133277048,0.6090700236796813,0.3909299763203187,0.9621982617491999,0.8585865986181989,0.20711796665333448
3071,3.4011442103967075e-08,4.427012363489329e-12,9.285572307582644,0.5047951810429216,0.6090786174274434,0.3909213825725566,0.9621998173523967,0.8585871983594101,0.2069423148574207
3072,3.4011442103967075e-08,3.273671345558038e-12,9.288093212011766,0.5047622383431671,0.6090807007602341,0.3909192992397658,0.9622051054022903,0.8586004426963798,0.2069197179211897
3073,3.4011442103967075e-08,3.337196178014749e-12,9.290237244188484,0.5047514310543149,0.6090340861890401,0.39096591381095996,0.9622384205998423,0.8587137021182444,0.20702641519024315
3074,3.4011442103967075e-08,2.7988468324437855e-12,9.293690403694452,0.5047605456352746,0.6091137736682881,0.3908862263317119,0.9622103214176452,0.8586405647643455,0.20695605090572133
3075,3.4011442103967075e-08,7.088934683565347e-12,9.280950292960346,0.504729425851712,0.6091309611638122,0.3908690388361878,0.9622329016554086,0.8587661677825223,0.20665999343392596
3076,3.4011442103967075e-08,5.0434949601412165e-12,9.277190486049948,0.5047144518972781,0.6090849976341152,0.3909150023658848,0.9622284740088126,0.8587707315020225,0.20679881700973607
3077,3.4011442103967075e-08,6.009478636245384e-12,9.269356071162067,0.5046794258647328,0.609067159097094,0.39093284090290603,0.9622536145979773,0.8588532927870101,0.20673288515269359
3078,3.4011442103967075e-08,3.360159545052834e-12,9.271434908002707,0.5047135404391822,0.6090684611800883,0.3909315388199118,0.9622498174972884,0.8588188146453627,0.2066563769993085
3079,3.4011442103967075e-08,3.4560125545436007e-12,9.272535149854223,0.5046542956629438,0.609021195567397,0.390978804432603,0.9622516122950172,0.8587982974038583,0.20687284941661394
3080,3.4011442103967075e-08,3.5875136573923524e-12,9.274114501941204,0.5047066393993127,0.6090655965975009,0.39093440340249913,0.9622768338107067,0.8588966592682613,0.20666265478016974
3081,3.4011442103967075e-08,8.763990748672502e-12,9.256451614142408,0.5047428373065528,0.6090274455657694,0.3909725544342306,0.962290501146597,0.8588817108531107,0.20671606079811847
3082,3.4011442103967075e-08,4.803387254158116e-12,9.253183780997809,0.5046647123268978,0.6090499716015699,0.3909500283984301,0.9622872901839025,0.8589482553754906,0.20649356715383307
3083,3.4011442103967075e-08,5.693310513830369e-12,9.24625790722893,0.5046242175457767,0.6090497111849711,0.39095028881502897,0.9622625464057354,0.858803000223975,0.20668251894327386
3084,3.4011442103967075e-08,3.623925532843693e-12,9.247814539836291,0.5046722644082645,0.6091148153346835,0.3908851846653165,0.9622595524473989,0.8588104998505489,0.2066176221040224
3085,3.4011442103967075e-08,7.080723353169539e-12,9.236226557078178,0.504635936292725,0.6090999715885491,0.39090002841145094,0.9622507342716232,0.8587705642465967,0.20671764163358616
3086,3.4011442103967075e-08,3.4060254859032244e-12,9.237297917309638,0.5046654935766944,0.60911559658448,0.39088440341551994,0.9622580413373768,0.858798613831611,0.20673611614100712
3087,3.4011442103967075e-08,4.112287050731647e-12,9.236058473076815,0.5046983060681495,0.6091566121987989,0.3908433878012011,0.9622773098663966,0.8588320475930185,0.20671698673532526
3088,3.4011442103967075e-08,4.261179780160235e-12,9.234115853840049,0.504725128977831,0.6091532267830139,0.39084677321698613,0.9622688490851635,0.8588205044314106,0.20665808836538893
3089,3.4011442103967075e-08,2.9676348581346815e-12,9.237057229128817,0.5047397123073666,0.6091721069864304,0.3908278930135695,0.9622691233458083,0.8587987888901598,0.2066926569191498
3090,3.4011442103967075e-08,3.112435337714266e-12,9.239175077353568,0.5047582018858849,0.6091425497024611,0.390857450297539,0.9622948815110854,0.8588676777004922,0.2066951316715762
3091,3.4011442103967075e-08,8.315179244403425e-12,9.222393429164796,0.5047592435522803,0.6091726278196282,0.39082737218037183,0.962292424604362,0.858935127904285,0.20654535711667696
3092,3.4011442103967075e-08,4.308172314805929e-12,9.220284451482994,0.5047623685514665,0.6091376017870829,0.39086239821291713,0.9622820631395229,0.8588827306489178,0.20677834227134498
3093,3.4011442103967075e-08,3.3340006205619713e-12,9.221911614878103,0.5047782539639963,0.6091905965649488,0.39080940343505116,0.9622719282839306,0.8588526980645942,0.20662986053794946
3094,3.4011442103967075e-08,3.2922189802940033e-12,9.224916648861448,0.5047532539705067,0.6091898153151523,0.39081018468484774,0.9622739706778243,0.8589049884273035,0.2065673316477291
3095,3.4011442103967075e-08,9.696591801031945e-12,9.204070499299998,0.5047841133374705,0.6091385132451789,0.39086148675482113,0.962278357268183,0.8588951279388051,0.20662827287389093
3096,3.4011442103967075e-08,4.783852455219909e-12,9.19990054667557,0.5047945300014245,0.6091932007309373,0.3908067992690627,0.9622612513507014,0.858837756080204,0.20674165029544547
3097,3.4011442103967075e-08,3.2981438892282014e-12,9.201370195985142,0.5048102852056549,0.6091620809473748,0.39083791905262527,0.9622542195685468,0.858776009544641,0.206831755913458
3098,3.4011442103967075e-08,3.712422501343598e-12,9.203018182757143,0.5047914050022383,0.6091917684396436,0.3908082315603564,0.9622804389893695,0.858817634040234,0.20679910235843016
3099,3.4011442103967075e-08,3.6365707039012375e-12,9.204341234375084,0.5048316393667606,0.6092441121760125,0.39075588782398757,0.9622877390374791,0.8588235655058926,0.2068649476501673
3100,3.4011442103967075e-08,2.6985881387376107e-12,9.208150363544712,0.5048205716613094,0.6092025757284959,0.3907974242715041,0.9622922790640688,0.8588320183436743,0.20707296808496112
3101,3.4011442103967075e-08,3.2894219354047364e-12,9.21068440714781,0.5047466133472361,0.6092241903062005,0.39077580969379955,0.9623111645206824,0.8588973903933534,0.2068249291477594
3102,3.4011442103967075e-08,5.0765776445627476e-12,9.206450987382112,0.5048179674953209,0.6092360392614481,0.3907639607385519,0.9623244255218324,0.8589039881911281,0.20700878977419024
3103,3.4011442103967075e-08,8.069224919490312e-12,9.19205678236859,0.5047863268785607,0.6092295288464769,0.39077047115352315,0.9622916557285188,0.8588922044877846,0.20674663313928263
3104,3.4011442103967075e-08,3.421736913545298e-12,9.193557021648298,0.5047160143968713,0.6091995809376092,0.3908004190623909,0.9622511640102426,0.8587346857863467,0.20702691115701854
3105,3.4011442103967075e-08,3.252867198692915e-12,9.195770322910203,0.5047609362601728,0.6092239298896016,0.3907760701103984,0.9622568642487008,0.8587083540699157,0.20711903096775627
3106,3.4011442103967075e-08,3.705063196095455e-12,9.196859031711751,0.5047886706279504,0.6092636434209262,0.3907363565790738,0.962270561360898,0.8587478372860934,0.20705098084069082
3107,3.4011442103967075e-08,3.2837658137291353e-12,9.198969111834884,0.5048414049892175,0.6092554402980624,0.39074455970193755,0.9622499037076941,0.8586432521772385,0.20721690765319867
3108,3.4011442103967075e-08,3.4232813803592122e-12,9.200240216018413,0.5048441393635054,0.609277705917264,0.3907222940827359,0.9622738064064071,0.8587565409882991,0.207105242543528
3109,3.4011442103967075e-08,8.381725652892438e-12,9.184392427442667,0.5049122383041046,0.6093191121564812,0.3906808878435188,0.9622874504658752,0.8587935106219061,0.20693147199186906
3110,3.4011442103967075e-08,7.617752113807712e-12,9.170609860356222,0.5048858060193213,0.6093079142427307,0.3906920857572693,0.9622887068047895,0.8587400345851119,0.20716744168743714
3111,3.4011442103967075e-08,4.7721497292862596e-12,9.167877343537377,0.5048864570608185,0.6092921590385002,0.39070784096149974,0.9622790111376661,0.8587489798358764,0.20712424232824472
3112,3.4011442103967075e-08,3.2330736392276796e-12,9.170357694107718,0.5049006497654558,0.6093180704900858,0.3906819295099142,0.9623055954076065,0.8588479414065705,0.20699162346255545
3113,3.4011442103967075e-08,6.733179474444468e-12,9.159704431497813,0.5049096341381161,0.6093865600555833,0.39061343994441666,0.9622680778103111,0.8587385040964851,0.20708269054035686
3114,3.4011442103967075e-08,1.0661644696847196e-11,9.134693491435062,0.50486119665073,0.6092912475804043,0.39070875241959574,0.9623134356670179,0.8588224316629038,0.20722371661572583
3115,3.4011442103967075e-08,4.928471793009431e-12,9.130362445803275,0.5048730456059777,0.6093025757024543,0.3906974242975458,0.9623199845467592,0.8588076815961426,0.20737895482054458
3116,3.4011442103967075e-08,9.685603217016807e-12,9.110287922072494,0.5048929674757897,0.6093364298603047,0.39066357013969527,0.9623222780595787,0.8588710136320553,0.2072304223267087
3117,3.4011442103967075e-08,5.869252881217737e-12,9.102980618111387,0.5049127591373023,0.6093099975755215,0.39069000242447854,0.9623048245472914,0.8588428195392528,0.207119738241855
3118,3.4011442103967075e-08,5.378980902100164e-12,9.097921042606847,0.5048861966442196,0.6093616902703931,0.39063830972960684,0.9622683441240835,0.8587299317091965,0.20729559697458308
3119,3.4011442103967075e-08,6.186309481880938e-12,9.09047061511504,0.5048604154009335,0.6093114298668152,0.39068857013318486,0.9622330177218292,0.8586707964016268,0.2074075086391954
3120,3.4011442103967075e-08,4.0706689162971765e-12,9.09008540919667,0.5048653633163116,0.6093757527667311,0.39062424723326894,0.9622506358906505,0.8587309131882396,0.20713017121133648
3121,3.4011442103967075e-08,1.3335023900498311e-11,9.05556435299039,0.5048671862325036,0.6094166381727505,0.3905833618272495,0.9623011759687486,0.858868808904079,0.20717931319031394
3122,3.4011442103967075e-08,1.1309467381739313e-11,9.02981897107436,0.5048318997833594,0.6093676798521667,0.3906323201478333,0.9622693294475172,0.8588480397227264,0.2069834579880577
3123,3.4011442103967075e-08,3.902861713523642e-12,9.030182788529919,0.504824738326891,0.6094365600425625,0.39056343995743753,0.962294936779615,0.8589258869534293,0.20666409391623283
3124,3.4011442103967075e-08,3.5716965939460734e-12,9.031875821349646,0.5048058581234744,0.6094046590092034,0.3905953409907966,0.9622987718371685,0.8589621894658251,0.2067386755008986
3125,3.4011442103967075e-08,3.868516916861213e-12,9.032761683177075,0.5048721341478817,0.6094572631621711,0.390542736837829,0.9623009999028915,0.8588609905233279,0.20704420207767718
3126,3.4011442103967075e-08,3.644209599161362e-12,9.034293773577618,0.5048929674757897,0.6095047891914611,0.39049521080853883,0.9623104149758701,0.8588755566485158,0.20703353463949964
3127,3.4011442103967075e-08,3.5079524859324774e-12,9.03532075641214,0.5048790351877512,0.6094913777366204,0.3905086222633796,0.9623404400378923,0.8589598589422152,0.20697487117716085
3128,3.4011442103967075e-08,3.197845022014085e-12,9.038196692582245,0.5048592435262387,0.6094451537903245,0.39055484620967545,0.9623384225970417,0.8589231391063188,0.2070472828698251
3129,3.4011442103967075e-08,4.072722462090715e-12,9.036633142757234,0.5048631497752214,0.6094586954534648,0.3905413045465353,0.9623410555777452,0.8589617998072326,0.2068877266420827
3130,3.4011442103967075e-08,6.7914757646882046e-12,9.026555305011879,0.5048674466491024,0.6094532267048889,0.3905467732951111,0.9623539907496281,0.859061288730181,0.20683702526966596
3131,3.4011442103967075e-08,3.417217066424908e-12,9.02943134834824,0.5048842435197283,0.6093890340132724,0.3906109659867276,0.9623420144389757,0.8590673345756017,0.20685524828934757
3132,3.4011442103967075e-08,4.009842657823884e-12,9.02956810736689,0.5048442695718048,0.6094089558830844,0.3905910441169156,0.962365212270965,0.8590830028710423,0.2066986566206793
3133,3.4011442103967075e-08,5.050170953179609e-12,9.025610652577244,0.5048305977003652,0.609399320468927,0.390600679531073,0.9623387522433691,0.8589539121801443,0.20704358531141095
3134,3.4011442103967075e-08,3.7728624398481625e-12,9.026093125006536,0.5048141914546377,0.609420804838332,0.39057919516166795,0.9623509902892547,0.8590054757072035,0.20685867683573664
3135,3.4011442103967075e-08,6.504762651871174e-12,9.015997045415874,0.5048055977068756,0.6094254923371114,0.39057450766288865,0.9623389457867022,0.8589415617398718,0.20700094860944188
3136,3.4011442103967075e-08,3.778188603696369e-12,9.016362510016775,0.5048350247825456,0.6094346069180712,0.3905653930819289,0.9623512155581864,0.8589676222009673,0.20698730766833193
3137,3.4011442103967075e-08,3.1147332737497115e-12,9.019293659206907,0.5048552070689565,0.6094438517073303,0.3905561482926697,0.9623768936642629,0.8590504235263323,0.20691825309275197
3138,3.4011442103967075e-08,5.056489392879969e-12,9.015049176850523,0.504780597713386,0.6093594767293029,0.39064052327069704,0.9623755945156582,0.8590516713119568,0.20704625378506933
3139,3.4011442103967075e-08,3.753781887461532e-12,9.016864328749818,0.5047212227288482,0.6093960652614413,0.39060393473855864,0.9623415677573092,0.8589617730328355,0.2071448919597691
3140,3.4011442103967075e-08,3.2206606388505586e-12,9.019016317111738,0.5047236966865373,0.6094254923371114,0.39057450766288865,0.9623155201702092,0.8588907833365862,0.2071754425916397
3141,3.4011442103967075e-08,2.9700654804706683e-12,9.022090353921744,0.5047265612691246,0.6094223673379252,0.39057763266207485,0.9623654572180829,0.8590576476677789,0.20704952615297764
3142,3.4011442103967075e-08,3.798831448847224e-12,9.022244018934243,0.5047576810526873,0.6094722371166049,0.3905277628833951,0.9623712841123575,0.8590989463828737,0.206925682281316
3143,3.4011442103967075e-08,3.846122948617034e-12,9.022825866119616,0.5047292956434126,0.609453877746386,0.390546122253614,0.9623699060430997,0.8590180462060074,0.20713825838089472
3144,3.4011442103967075e-08,3.356774728662264e-12,9.024956447972418,0.5047124987727868,0.6094843464884514,0.39051565351154854,0.9623497413247845,0.8588882063810662,0.20727923532318335
3145,3.4011442103967075e-08,8.453413558446703e-12,9.008886000176718,0.5047605456352746,0.609492158986417,0.39050784101358305,0.9623348088999634,0.8588963492051174,0.2071463961473583
3146,3.4011442103967075e-08,3.733289495854768e-12,9.010419562927972,0.5047740872984148,0.6094942423192077,0.39050575768079226,0.962317439121599,0.8588494863532113,0.2071260220880061
3147,3.4011442103967075e-08,3.1844308057785025e-12,9.012229243095575,0.5047697904245337,0.6094387735836527,0.3905612264163473,0.9623352810444412,0.8589512878505604,0.20701171166284982
3148,3.4011442103967075e-08,3.546960056016442e-12,9.013426137084044,0.5047457018891401,0.6094417683745394,0.3905582316254605,0.9623303173717633,0.8589483417299588,0.2070766796016022
3149,3.4011442103967075e-08,5.1183008847151206e-12,9.00928389100064,0.5047187487711592,0.6094155965063551,0.3905844034936449,0.962304042967257,0.8588327498085867,0.2073177538566231
3150,3.4011442103967075e-08,5.013441181612652e-12,9.006394056650484,0.5047256498110287,0.609419893380236,0.3905801066197639,0.9623095654143895,0.8588539282456394,0.20705911677819172
3151,3.4011442103967075e-08,9.778965093380401e-12,8.985847548396311,0.504713149814284,0.6095376016829163,0.3904623983170838,0.9623684874739508,0.8590260510819688,0.20677530045631418
3152,3.4011442103967075e-08,3.7088844807461475e-12,8.987206077741073,0.5047044258582224,0.6094791381564745,0.3905208618435256,0.9623672145594913,0.8590247515620844,0.20696776518911084
3153,3.4011442103967075e-08,3.8814892315254e-12,8.98710680071166,0.5047457018891401,0.6094967162768968,0.3905032837231032,0.9623829772023622,0.859106907539403,0.20685370782857287
3154,3.4011442103967075e-08,3.577901054216251e-12,8.98895261455613,0.504748436263428,0.6095321329343404,0.3904678670656596,0.9623650032914117,0.8590775524253779,0.20679730185561093
3155,3.4011442103967075e-08,3.761551088988388e-12,8.98991791277383,0.5047411445986603,0.6095735391735575,0.3904264608264425,0.9623567810367362,0.8590149602942606,0.20699005979279908
3156,3.4011442103967075e-08,8.255914878984457e-12,8.974371825206074,0.5047428373065528,0.6096253620767286,0.3903746379232714,0.962335938657419,0.8589583765887339,0.20688332341272164
3157,3.4011442103967075e-08,6.2182529529856965e-12,8.96621891047197,0.5047263008525258,0.6095991902085443,0.3904008097914558,0.9623869853003483,0.8591427771807917,0.20678489840868927
3158,3.4011442103967075e-08,3.817004076463303e-12,8.966585050030005,0.5047341133504913,0.6095704141743713,0.3904295858256287,0.9623728664946675,0.8590547494769848,0.20693777180861211
3159,3.4011442103967075e-08,5.7705447798803625e-12,8.959492500764492,0.5046649727434966,0.6095618204266092,0.3904381795733907,0.9623732539039159,0.8590580018190237,0.20684477328590095
3160,3.4011442103967075e-08,8.021792973215045e-12,8.945731937918216,0.5046558581625369,0.6095967162508551,0.39040328374914485,0.9623941172404757,0.8591475874962596,0.20669730958696222
3161,3.4011442103967075e-08,2.9893282494932436e-12,8.949528940384786,0.504701821692234,0.6095920287520759,0.39040797124792415,0.9623826326645967,0.8591256805433924,0.20672159073581506
3162,3.4011442103967075e-08,3.5399649134550073e-12,8.95075962832222,0.5047281237687178,0.6095779662557379,0.39042203374426204,0.9623956774041895,0.8591757115803236,0.20667623301604604
3163,3.4011442103967075e-08,6.021796140672466e-12,8.943457370023504,0.5047141914806793,0.609527445435561,0.3904725545644389,0.9624005155073374,0.8591312314339912,0.2070279737983542
3164,3.4011442103967075e-08,3.3187409120285347e-12,8.945388916167632,0.5046778633651398,0.6095425495982943,0.3904574504017056,0.9623902706103391,0.8591136678314941,0.20680782469654166
3165,3.4011442103967075e-08,6.926536742017425e-12,8.934853928303522,0.5047281237687178,0.6095994506251431,0.3904005493748569,0.9623927226028477,0.8590939902860302,0.20691339458366262
3166,3.4011442103967075e-08,4.240209773765863e-12,8.933128567774153,0.5046636706605024,0.6096286172842142,0.39037138271578575,0.962406660789183,0.859126470137327,0.20688494566674706
3167,3.4011442103967075e-08,3.098149917286968e-12,8.936327576922423,0.5046950508606638,0.609651533944913,0.39034846605508694,0.9624224307222179,0.8591799014342997,0.2068136915438623
3168,3.4011442103967075e-08,2.810806172998167e-12,8.94018655110519,0.5047782539639963,0.6095939818765672,0.3904060181234328,0.962416835960676,0.8591376392717865,0.20699556904309183
3169,3.4011442103967075e-08,8.419174993177105e-12,8.92469714878728,0.504763410217862,0.6096464558212354,0.39035354417876456,0.9624075440068534,0.8590763939784699,0.20697020595786056
3170,3.4011442103967075e-08,3.819396149539115e-12,8.92542676622759,0.5047992175002037,0.6096978880995083,0.3903021119004917,0.9624094347358184,0.85912626268004,0.2069107386963227
3171,3.4011442103967075e-08,3.052030578402478e-12,8.928135342519994,0.5048147122878354,0.6096293985340108,0.3903706014659892,0.9624436671802375,0.859250255409916,0.2069408116216675
3172,3.4011442103967075e-08,4.223788878069815e-12,8.927998721366405,0.5047635404261613,0.6096878620604526,0.3903121379395474,0.9624244500831503,0.8591916458731086,0.20693661762589827
3173,3.4011442103967075e-08,3.373428917635496e-12,8.929656008856636,0.5047647123008562,0.6097264037170823,0.39027359628291763,0.9623915046058832,0.8590789588724366,0.20698737883077145
3174,3.4011442103967075e-08,4.644265070582938e-12,8.927657529460719,0.5047712227158274,0.6096980183078078,0.39030198169219227,0.9624310862931182,0.8592176039402594,0.20683223005725257
3175,3.4011442103967075e-08,1.556722032430113e-11,8.8862077366989,0.5047140612723798,0.6096969766414123,0.3903030233585877,0.96244674828461,0.8593119202711594,0.20673908392489876
3176,3.4011442103967075e-08,4.7360065959293075e-12,8.883191957141463,0.504729425851712,0.6096999714322991,0.3903000285677009,0.9624105389562609,0.8591671221545734,0.20691367458259127
3177,3.4011442103967075e-08,4.483506327785711e-12,8.882611187695918,0.5047643216759579,0.6096678099823412,0.39033219001765884,0.9623767868225314,0.8590418567649827,0.2070471730509189
3178,3.4011442103967075e-08,3.660416727276766e-12,8.882976914525019,0.5046763008655466,0.6096235391605367,0.3903764608394633,0.9624184126194302,0.8591102613250076,0.20722018951893856
3179,3.4011442103967075e-08,3.4106717548753765e-12,8.884348146305797,0.5047179675213627,0.6095930704184712,0.3904069295815287,0.96242378013137,0.8591412201275678,0.2070953781336175
3180,3.4011442103967075e-08,7.886204006701676e-12,8.870779530385365,0.5046708321169708,0.6096262735348246,0.3903737264651754,0.9624232478515808,0.8591143575755279,0.2070999224097844
3181,3.4011442103967075e-08,3.578995459993367e-12,8.87146161805688,0.5047391914741689,0.60967939852099,0.39032060147901004,0.9624386593999211,0.8591796405947422,0.20709516051051113
3182,3.4011442103967075e-08,3.461225128308286e-12,8.873515387131464,0.5047613268850711,0.6096446329050436,0.3903553670949565,0.9624316062869153,0.8591325429759757,0.2072782513558083
3183,3.4011442103967075e-08,3.3202557745934547e-12,8.876061833436093,0.5047458320974395,0.6096648151914543,0.3903351848085456,0.9624313207324486,0.8591380270675605,0.2071609949926494
3184,3.4011442103967075e-08,3.5052827067163008e-12,8.877759190955112,0.5047600248020768,0.6096331745746941,0.3903668254253059,0.9624374322281792,0.8591599299009709,0.20718993138006694
3185,3.4011442103967075e-08,3.5858826863830497e-12,8.879463230459775,0.5047393216824683,0.6096709349815274,0.39032906501847264,0.9624133042050398,0.8591000013559742,0.20715018574937907
3186,3.4011442103967075e-08,4.549089469342501e-12,8.878229634912357,0.5047628893846642,0.6097057005974738,0.3902942994025262,0.9623859936736956,0.8589952824238244,0.20721563048792688
3187,3.4011442103967075e-08,1.0621979317409373e-11,8.855745538624081,0.504810024789056,0.6097377318391324,0.3902622681608677,0.962414264734198,0.8590521746748422,0.20732424916116196
3188,3.4011442103967075e-08,3.3036734406601722e-12,8.858179810198596,0.5047673164668447,0.6097218464266025,0.3902781535733975,0.9624235739013398,0.859025160154451,0.20752735028143993
3189,3.4011442103967075e-08,3.6234035556395075e-12,8.859958558651318,0.5048089831226606,0.6097202839270094,0.3902797160729906,0.9624224421799715,0.8590383624556971,0.2074479711875628
3190,3.4011442103967075e-08,3.735764565874653e-12,8.860867205008626,0.5047785143805952,0.6097059610140727,0.39029403898592735,0.962441509907429,0.8591225514942036,0.20726914921709813
3191,3.4011442103967075e-08,4.150776793535976e-12,8.860405661555955,0.5047759102146067,0.6097796589115472,0.3902203410884528,0.9624569935097713,0.8591939361923602,0.20715171179649958
3192,3.4011442103967075e-08,4.130654605342299e-12,8.860163996406088,0.5048325508248566,0.6096455443631394,0.3903544556368605,0.962470079454464,0.8591928362714842,0.2073664970103784
3193,3.4011442103967075e-08,4.323846186682034e-12,8.859113716113606,0.5047786445888947,0.6096547891523987,0.3903452108476013,0.9624467180261219,0.8590984554649245,0.20747262652801837
3194,3.4011442103967075e-08,6.7661702421449424e-12,8.848872933260122,0.5048449206133019,0.6096339558244906,0.39036604417550935,0.9624484012930388,0.8591250486780825,0.2073930579649402
3195,3.4011442103967075e-08,4.024921731890922e-12,8.848491468700656,0.5048516914448721,0.6096632526918613,0.3903367473081387,0.9624356052706212,0.8590970074041954,0.20729864885031463
3196,3.4011442103967075e-08,3.380997391569773e-12,8.850041382921052,0.5047643216759579,0.609687992268752,0.39031200773124797,0.9624458186461113,0.8591501501775534,0.20731198435729298
3197,3.4011442103967075e-08,3.4464140522603437e-12,8.851957650824028,0.5048058581234744,0.6097144245535353,0.39028557544646475,0.9624540792347331,0.8591646547094773,0.2072383392346837
3198,3.4011442103967075e-08,3.3885259319903434e-12,8.854521989079664,0.5048210924945071,0.6097236693427944,0.3902763306572056,0.9624658994398079,0.8591635156467452,0.20726840756136153
3199,3.4011442103967075e-08,8.86877167208119e-12,8.836843652052497,0.5047516914709137,0.6096442422801452,0.39035575771985476,0.9624489582615714,0.8591061727496686,0.20744553415458353
3200,3.4011442103967075e-08,4.642277721248883e-12,8.833891523936224,0.5047446602227448,0.6096800495624871,0.3903199504375129,0.9624350453133632,0.8591150860167411,0.20726697222194304
3201,3.4011442103967075e-08,9.281212698213078e-12,8.814922514697843,0.5047552070949981,0.6097209349685065,0.39027906503149346,0.962421108156412,0.8590724733413092,0.20715050305445715
3202,3.4011442103967075e-08,3.5608252094681673e-12,8.817098268609296,0.5047325508508982,0.6097057005974738,0.3902942994025262,0.9624032078969184,0.8590201773077615,0.20733799064132602
3203,3.4011442103967075e-08,3.412385447356631e-12,8.818636592916807,0.504810936247152,0.6097274453834778,0.3902725546165222,0.9623993720896259,0.8589504645301157,0.20745411181823104
3204,3.4011442103967075e-08,3.1623765618958538e-12,8.82115415462034,0.5048149727044342,0.6097499714192782,0.3902500285807217,0.9624174318513031,0.8590369497179392,0.20729883677741737
3205,3.4011442103967075e-08,6.041772450757106e-12,8.813540024806148,0.5048341133244496,0.6097563516259501,0.3902436483740499,0.9624252667000022,0.859002350854211,0.2074149047761608
3206,3.4011442103967075e-08,7.41990084454419e-12,8.80054828051374,0.5048704414399892,0.6097852578684224,0.3902147421315776,0.9624509467819515,0.8590632049031138,0.20745131521729035
3207,3.4011442103967075e-08,5.610124914095866e-12,8.794919454483768,0.5048852851861236,0.6097605182915317,0.3902394817084683,0.9624728929087834,0.8592023523779123,0.2072558082029155
3208,3.4011442103967075e-08,6.096927003973499e-12,8.7871909795317,0.504870050815091,0.6097654662069099,0.39023453379309014,0.9624495446373312,0.8591526781581749,0.207282049977257
3209,3.4011442103967075e-08,3.10770879307931e-12,8.789829332333586,0.5048730456059777,0.6098318724396166,0.39016812756038344,0.9624544154568742,0.8591681381033008,0.2073303283110486
3210,3.4011442103967075e-08,3.360765965525804e-12,8.792377498141418,0.5049308580909224,0.6098114297366068,0.39018857026339315,0.9624602336866975,0.8591910265717014,0.20718992060977903
3211,3.4011442103967075e-08,1.0683674251323672e-11,8.76983660502632,0.5049411445465769,0.6098326536894131,0.3901673463105869,0.9624516206189343,0.859179439059533,0.2072134871404065
3212,3.4011442103967075e-08,6.5004865693846755e-12,8.760868249362161,0.5049075508053253,0.6098428099367682,0.39015719006323174,0.9624696159393636,0.8592440066023104,0.2070636001763787
3213,3.4011442103967075e-08,8.755687180748341e-12,8.744481950967248,0.5048765612300622,0.6098549193086148,0.39014508069138526,0.9624621582801187,0.859214405253606,0.20717043439782526
3214,3.4011442103967075e-08,3.547803025399523e-12,8.746403905338516,0.5048692695652944,0.6097952839074782,0.39020471609252183,0.9624587827517943,0.8591740515365036,0.20733042367670743
3215,3.4011442103967075e-08,3.750097258016821e-12,8.747479536088472,0.504827472701179,0.6098304401483229,0.3901695598516771,0.9624746759866815,0.8591686315249807,0.20736383810212483
3216,3.4011442103967075e-08,4.640960932027078e-12,8.745159953805306,0.504888149768711,0.6098360391051981,0.3901639608948019,0.9624981759186638,0.8592107485543244,0.2073194648804177
3217,3.4011442103967075e-08,5.141222956709585e-12,8.742459532900481,0.5048867174774173,0.6098567422248067,0.39014325777519326,0.9624889789426785,0.8592039757574057,0.20720095719324816
3218,3.4011442103967075e-08,6.002705544830882e-12,8.735105819186893,0.5049315091324195,0.6098497109766378,0.39015028902336224,0.9624886849738687,0.8592187728516683,0.20719551702864644
3219,3.4011442103967075e-08,4.013482513259927e-12,8.736243694881674,0.50498346224389,0.6098333047309102,0.39016669526908976,0.9624738264037351,0.8591742135990886,0.2073634537632742
3220,3.4011442103967075e-08,8.104492528247215e-12,8.721699169136178,0.5050023424473067,0.6098719765958395,0.3901280234041606,0.9624460313490815,0.8591045804392179,0.20733264512241822
3221,3.4011442103967075e-08,4.803357136301254e-12,8.720061630509068,0.505015623693848,0.6098103880702115,0.39018961192978857,0.9624509982160304,0.8591715342702854,0.207336149668163
3222,3.4011442103967075e-08,3.733492657227762e-12,8.721434917645427,0.5049709622471452,0.6098270547325378,0.39017294526746216,0.9624580261586014,0.8591663363887061,0.20738616709151722
3223,3.4011442103967075e-08,3.5543150143828372e-12,8.723663104272843,0.5049217435099627,0.6098196328594706,0.3901803671405294,0.9624749340101462,0.8592007242089651,0.20739300414979356
3224,3.4011442103967075e-08,3.6022924075185202e-12,8.724472642989895,0.5048993476824616,0.6098400755624803,0.3901599244375197,0.9624860507274515,0.8592337276315969,0.20736817055755144
3225,3.4011442103967075e-08,8.605811676401601e-12,8.709937687788239,0.5048904935181007,0.6098333047309102,0.39016669526908976,0.9624785596678018,0.8591904299687761,0.20740948631612846
3226,3.4011442103967075e-08,9.825183571590362e-12,8.689677518620774,0.5048908841429989,0.6098347370222039,0.3901652629777961,0.9624495231275499,0.859146366357607,0.20739700253672924
3227,3.4011442103967075e-08,4.7409323985788494e-12,8.687015987180969,0.5048356758240428,0.6098080443208218,0.3901919556791782,0.9624412422962387,0.8590957559757475,0.20737681705893612
3228,3.4011442103967075e-08,5.232498018953567e-12,8.68337687817426,0.5049068997638282,0.6097584349587409,0.3902415650412591,0.9624465709366886,0.8591066375991997,0.20748742218656255
3229,3.4011442103967075e-08,3.4387746764055614e-12,8.685931553990287,0.5048835924782311,0.609827705774035,0.39017229422596506,0.9624917316252186,0.8592586486051202,0.20729515800817688
3230,3.4011442103967075e-08,3.743889601408897e-12,8.687492938565565,0.5048451810299007,0.609780830786242,0.39021916921375804,0.9625063281960364,0.8592431077902146,0.20744504912057973
3231,3.4011442103967075e-08,3.292393819974425e-12,8.688581109310153,0.5048644518582157,0.6098316120230177,0.3901683879769823,0.9625110408836223,0.8591654453635297,0.20760625847403233
3232,3.4011442103967075e-08,1.0726736186669247e-11,8.6660728804716,0.5048499987369794,0.6098812213850986,0.3901187786149014,0.962540980488694,0.8593086791109378,0.20740675647369672
3233,3.4011442103967075e-08,3.0140972433291453e-12,8.668881797267696,0.5049002591405575,0.6099119505437629,0.3900880494562371,0.9625217603813931,0.8592503563936742,0.20733687625334823
3234,3.4011442103967075e-08,4.011919601520269e-12,8.669082668115166,0.5048723945644806,0.6098557005584113,0.3901442994415887,0.9625178823144522,0.8592640360573112,0.20729529666128768
3235,3.4011442103967075e-08,5.005657095034587e-12,8.664771409331912,0.5049674466230608,0.6098855182589796,0.39011448174102037,0.9625448024043842,0.8594045495326761,0.20704364570630385
3236,3.4011442103967075e-08,3.471401249065106e-12,8.666965738095534,0.5049207018435672,0.6099020547130066,0.39009794528699343,0.9625496756693688,0.8595006922664086,0.20672995212998707
3237,3.4011442103967075e-08,3.874760591768299e-12,8.668690525805184,0.5049207018435672,0.6098649453476704,0.3901350546523295,0.9625150367735702,0.8594182267044724,0.20661912419053813
3238,3.4011442103967075e-08,3.2629644828786536e-12,8.671664885490948,0.5048970039330719,0.6098737995120314,0.39012620048796864,0.9625362287050538,0.8595243792094732,0.2065861758287697
3239,3.4011442103967075e-08,5.587453735409161e-12,8.666483289924987,0.5048799466458472,0.6098590859741964,0.39014091402580364,0.9625509980875873,0.8594910661922268,0.20684327166520503
3240,3.4011442103967075e-08,5.477553379480068e-12,8.661458158864958,0.5049153633032908,0.6098403359790792,0.39015966402092084,0.9625686570144106,0.8595133164718728,0.20686203425356217
3241,3.4011442103967075e-08,2.7060331156483917e-12,8.665433470695328,0.5048811185205421,0.6098868203419738,0.3901131796580261,0.9625601110492117,0.8595212268959299,0.20669674919007786
3242,3.4011442103967075e-08,3.894994089221329e-12,8.666367299485454,0.5048848945612254,0.6099116901271641,0.390088309872836,0.9625669359551516,0.859520759486039,0.2068971924838063
3243,3.4011442103967075e-08,5.013848246735145e-12,8.66214279389971,0.5048800768541466,0.6098952838814364,0.3901047161185635,0.9625274068850014,0.8594161813907978,0.20699479213909325
3244,3.4011442103967075e-08,3.467154090946719e-12,8.664332203526437,0.5049009101820546,0.6098549193086148,0.39014508069138526,0.9625042586915473,0.8593254644751455,0.20716372844276784
3245,3.4011442103967075e-08,3.839457425404112e-12,8.66433379008606,0.5049253893423465,0.6098998411719163,0.39010015882808363,0.9625157203389809,0.8593395901018368,0.20719915039758177
3246,3.4011442103967075e-08,3.344364871068501e-12,8.666593826178953,0.5048841133114288,0.6098778359693136,0.39012216403068645,0.9625495224627687,0.8594218123511685,0.20726712632833091
3247,3.4011442103967075e-08,3.6673026815657686e-12,8.667401997521717,0.5049091133049184,0.6099447630352179,0.39005523696478206,0.9625534829474,0.8594200997443803,0.20726354356281276
3248,3.4011442103967075e-08,2.8998240660516498e-12,8.670417587327629,0.5048880195604116,0.6099469765763081,0.3900530234236918,0.9625396967340094,0.8593517046110685,0.20725475491750628
3249,3.4011442103967075e-08,2.884914328207972e-12,8.673746287199192,0.5048591133179392,0.6099370807455519,0.39006291925444814,0.9625242676652231,0.8593428243837993,0.20723202995605022
3250,3.4011442103967075e-08,4.316868888997832e-12,8.67300485504746,0.5047859362536624,0.6099894244819207,0.39001057551807927,0.9625285116563403,0.8593089905602361,0.20728709542548132
3251,3.4011442103967075e-08,4.102295545387101e-12,8.673517670593275,0.5048326810331559,0.6099347369961622,0.39006526300383776,0.9625470086311502,0.859310212121733,0.20736448220556428
3252,3.4011442103967075e-08,3.75213988032072e-12,8.675177796184146,0.504824738326891,0.6098907265909567,0.3901092734090434,0.9625489321075675,0.8593425480910997,0.20732235439681354
3253,3.4011442103967075e-08,3.955543139639264e-12,8.675819953383696,0.5048289049924727,0.6098827838846917,0.3901172161153083,0.9625390159784678,0.8592652488380867,0.2074134936022916
3254,3.4011442103967075e-08,2.937970568171058e-12,8.67902691106485,0.5048130195799428,0.6099275755396939,0.39007242446030616,0.9625444055906262,0.8593013160510863,0.2072715654614153
3255,3.4011442103967075e-08,3.574980079713024e-12,8.68123574578791,0.5048346341576474,0.6098976276308261,0.3901023723691739,0.9625509500384862,0.8593579835701898,0.2072790748969439
3256,3.4011442103967075e-08,4.873542342815685e-12,8.67746360755076,0.5048080716645647,0.609888382841567,0.390111617158433,0.9625169459310038,0.8592313108202511,0.207379025080538
3257,3.4011442103967075e-08,4.546012556590946e-12,8.676170444910449,0.5048050768736779,0.6099150755429491,0.3900849244570509,0.9625283927210375,0.8592623980178388,0.20740263744857312
3258,3.4011442103967075e-08,4.942847946239152e-12,8.673803851968398,0.5048429674888105,0.6099218463745192,0.3900781536254808,0.9625380724285512,0.859280966554163,0.2073891960385518
3259,3.4011442103967075e-08,6.938329296606762e-12,8.663427185816799,0.5048027331242882,0.6098915078407532,0.3901084921592468,0.9625708763668279,0.8594355508830187,0.2073224598332392
3260,3.4011442103967075e-08,2.908673719060234e-12,8.666539987525228,0.5048015612495934,0.609921195333022,0.390078804666978,0.9625583319534222,0.8593886242501959,0.20731208760553496
3261,3.4011442103967075e-08,2.92080208297663e-12,8.670140687578359,0.5048096341641578,0.6099430703273254,0.3900569296726746,0.9625618206172297,0.8594203916488332,0.20726153383346407
3262,3.4011442103967075e-08,8.488835428499643e-12,8.654364428861756,0.5047902331275435,0.6099648151133295,0.3900351848866706,0.9625545478358881,0.8593670662879044,0.207368940234927
3263,3.4011442103967075e-08,5.31318611440189e-12,8.650476644775159,0.5048417956141157,0.6100089557268344,0.38999104427316555,0.9625914895085109,0.8594667475296867,0.20733993383353133
3264,3.4011442103967075e-08,3.4315868974553393e-12,8.652443419260196,0.5048292956173709,0.6100336953037252,0.3899663046962748,0.9625724261906072,0.8594380394870462,0.2070088943725568
3265,3.4011442103967075e-08,4.691781039639595e-12,8.649863891237132,0.5048997383073598,0.6100213255152798,0.3899786744847202,0.9625573689831695,0.8593593474614933,0.20734557345079027
3266,3.4011442103967075e-08,3.822883101001747e-12,8.651369303851048,0.5049221341348609,0.6100301796796407,0.3899698203203593,0.962570975201583,0.8593940186066504,0.20719826309020015
3267,3.4011442103967075e-08,6.8806973719978676e-12,8.64167214561072,0.5048964830998742,0.6100251015559631,0.3899748984440369,0.9625789239752144,0.8594756749282486,0.2071606595575864
3268,3.4011442103967075e-08,3.8795131068772374e-12,8.642095852768518,0.5049235664261545,0.6099965859383891,0.39000341406161093,0.9625908940924043,0.8595203122090938,0.20704406493981922
3269,3.4011442103967075e-08,4.061211452091084e-12,8.64294375347496,0.5049619778744849,0.6100734088350498,0.3899265911649502,0.9626062663708274,0.8595929137494532,0.20693827328666034
3270,3.4011442103967075e-08,4.846410101737634e-12,8.640566425014274,0.5048739570640737,0.610063382795994,0.38993661720400596,0.9626361372992434,0.8596156216277238,0.20706538145957545
3271,3.4011442103967075e-08,3.117064794188745e-12,8.643356813523543,0.5049113268460086,0.6100675494615757,0.38993245053842435,0.9626414151257648,0.8596207169862802,0.20701513193421908
3272,3.4011442103967075e-08,5.048242319118652e-12,8.64104232129324,0.5048942695587839,0.6100441119676792,0.38995588803232084,0.9626275718187062,0.8595968726786132,0.2071096127367733
3273,3.4011442103967075e-08,3.289660557064649e-12,8.643731102137727,0.5048723945644806,0.6100999713281324,0.3899000286718675,0.9626437230189616,0.8596563287030532,0.206907632479667
3274,3.4011442103967075e-08,3.2947890574335408e-12,8.646390296408553,0.5048798164375478,0.6100067421857442,0.38999325781425576,0.9626053428834765,0.8595520492585372,0.2070859893077975
3275,3.4011442103967075e-08,3.0586482260944022e-12,8.649246344331681,0.504903774764642,0.6100864296649923,0.38991357033500773,0.9625847755844774,0.8595128355528706,0.20692270733698345
3276,3.4011442103967075e-08,3.4165601978364875e-12,8.651453826610265,0.5048977851828684,0.6100352578033182,0.3899647421966817,0.9625944400499867,0.8595607038057702,0.2069770149194475
3277,3.4011442103967075e-08,4.362784186518173e-12,8.650387473780341,0.5048908841429989,0.6100399453020976,0.3899600546979024,0.9626224262457022,0.8596597874308216,0.20688778166013605
3278,3.4011442103967075e-08,4.417049085978124e-12,8.648962174348904,0.5049097643464155,0.6100636432125929,0.38993635678740707,0.962618523247869,0.859673565902566,0.20690410575432186
3279,3.4011442103967075e-08,4.435108656272356e-12,8.64823306330652,0.5048735664391754,0.6101282265291077,0.3898717734708923,0.9626582600750843,0.8597330034979198,0.20684586272745936
3280,3.4011442103967075e-08,4.335876539227992e-12,8.647730722247333,0.5048832018533328,0.6101817421401713,0.3898182578598287,0.9626169182719022,0.8595465904805605,0.20706535885319516
3281,3.4011442103967075e-08,3.5793658724626186e-12,8.650240431393254,0.5048128893716434,0.6101092161173917,0.38989078388260834,0.962620195479247,0.8596013059070897,0.20706345516507982
3282,3.4011442103967075e-08,3.2374646528297866e-12,8.652986103152488,0.5048653633163116,0.610139945276056,0.3898600547239441,0.9626343624511359,0.8596517733862276,0.20695060802144322
3283,3.4011442103967075e-08,5.917014642971701e-12,8.646704122125575,0.5048309883252634,0.6101749713086012,0.3898250286913988,0.9626135178864719,0.8596245687323185,0.20680816345474567
3284,3.4011442103967075e-08,3.242749174398323e-12,8.648654879386001,0.5048744778972714,0.610121585905837,0.389878414094163,0.9626183989420113,0.8596452767989466,0.2069021854242437
3285,3.4011442103967075e-08,4.443978131890777e-12,8.647291291411571,0.5049505195441355,0.610158044229676,0.38984195577032404,0.9626227030949591,0.8596379320340597,0.20669363718098238
3286,3.4011442103967075e-08,3.9974436731813934e-12,8.647721885667552,0.5048869778940162,0.6101834348480638,0.38981656515193613,0.9626361239693524,0.8596589907967384,0.20663394282997075
3287,3.4011442103967075e-08,5.706529888520777e-12,8.642183109075821,0.5049045560144385,0.6102188515055075,0.3897811484944926,0.9626663937094352,0.8597144818313834,0.20676235517318642
3288,3.4011442103967075e-08,9.263623933985238e-12,8.62507726939468,0.5048904935181007,0.6101771848496914,0.38982281515030853,0.962662543853173,0.8597321578903823,0.2067983685140411
3289,3.4011442103967075e-08,3.824817645913553e-12,8.625798116263296,0.5049614570412873,0.6101395546511577,0.38986044534884234,0.9626478174952032,0.8597319457777408,0.20683644527296938
3290,3.4011442103967075e-08,2.8694930930044143e-12,8.629263804695098,0.5049602851665924,0.610107783826098,0.389892216173902,0.9626131402201015,0.8596073773005305,0.20709834203389832
3291,3.4011442103967075e-08,4.5210344008261195e-12,8.626996617064595,0.5049890612007654,0.6100748411263435,0.38992515887365653,0.9626332177006998,0.8596601966765463,0.2070071099988726
3292,3.4011442103967075e-08,3.5836343807630185e-12,8.627624636553785,0.5049761705791223,0.610056611964424,0.38994338803557604,0.9626272919701092,0.8595874831129774,0.20715583703429724
3293,3.4011442103967075e-08,3.697907433797554e-12,8.629258537907743,0.5050183580681359,0.610092158830167,0.389907841169833,0.9626244748602897,0.859563800467755,0.2072149592675853
3294,3.4011442103967075e-08,2.9183053817641306e-12,8.632717375559837,0.5049743476629303,0.6100997109115336,0.38990028908846636,0.9626488950774931,0.8596443228907721,0.2071414885889713
3295,3.4011442103967075e-08,5.9125724761679765e-12,8.62611195125631,0.5048894518517052,0.6100896848724779,0.3899103151275221,0.9626480048829287,0.859695408891318,0.20714419791326377
3296,3.4011442103967075e-08,3.0674019329523015e-12,8.628404572428552,0.5049309882992218,0.6101046588269118,0.3898953411730882,0.9626367806583406,0.8596302543991358,0.20715065698798335
3297,3.4011442103967075e-08,3.010921792578395e-12,8.63158321590001,0.5049066393472293,0.6101245806967238,0.38987541930327624,0.9626205682778174,0.8595510144177525,0.20724706099187754
3298,3.4011442103967075e-08,5.5612903781049224e-12,8.625797366946179,0.5049407539216787,0.6101185911149503,0.3898814088850498,0.9626356703698458,0.8596216747558754,0.20719638957719785
3299,3.4011442103967075e-08,3.8343608858586656e-12,8.626632816182227,0.5049779934953142,0.6101516640230041,0.38984833597699586,0.9626330692306887,0.8595590010511396,0.2071960803884505
3300,3.4011442103967075e-08,3.5485823908596203e-12,8.628982088457532,0.5049950507825388,0.610192679637323,0.389807320362677,0.9626454408355792,0.859611450396952,0.20713359657375335
3301,3.4011442103967075e-08,4.233975447514864e-12,8.627891376789172,0.5050065091128882,0.6101451536080329,0.3898548463919671,0.9626278036583421,0.8595954424952117,0.20715172382307392
3302,3.4011442103967075e-08,7.385739799187904e-12,8.615959020834651,0.5050063789045889,0.6101599973541674,0.38984000264583263,0.9626412005096303,0.8595916192502212,0.2071051729929411
3303,3.4011442103967075e-08,1.8062145323560544e-11,8.568478055152687,0.5049630195408803,0.6102310910856533,0.3897689089143466,0.9626364062535091,0.8595609688882103,0.2070700392892496
3304,3.4011442103967075e-08,5.489104071175674e-12,8.563005481852816,0.5049736966214332,0.610137210901768,0.389862789098232,0.9626156375157423,0.8595493866544827,0.207180771797466
3305,3.4011442103967075e-08,3.5554238238140645e-12,8.56471120864222,0.5049795559949073,0.6102761431572544,0.38972385684274563,0.9626240912007147,0.8596058111860699,0.20688293673864944
3306,3.4011442103967075e-08,5.074755266749071e-12,8.561088666440009,0.504973957038032,0.6102538775380527,0.3897461224619473,0.9626378626522353,0.8596643686252728,0.20681561365220386
3307,3.4011442103967075e-08,5.756373511033917e-12,8.554772782715256,0.5050101549452721,0.6102567421206401,0.38974325787935993,0.9626039731108375,0.8595457197351071,0.2069798190718768
3308,3.4011442103967075e-08,4.00601632963364e-12,8.555265250355287,0.505020832025825,0.6101990598439948,0.3898009401560052,0.9626077383605861,0.8595352663085396,0.20694222751379573
3309,3.4011442103967075e-08,3.015168431851305e-12,8.55787725656354,0.5050167955685428,0.6102099973411466,0.3897900026588535,0.9626433470722611,0.859605093765004,0.20704442908189608
3310,3.4011442103967075e-08,4.578252620513006e-12,8.557336617060905,0.5050248684831071,0.6102165077561178,0.3897834922438822,0.9626440793441186,0.8596089975268013,0.2071883724078742
3311,3.4011442103967075e-08,3.773498945643201e-12,8.55851955171512,0.5050313788980784,0.6101790077658834,0.3898209922341166,0.9626408980840554,0.859641835494365,0.2072210711019848
3312,3.4011442103967075e-08,4.1564440873528494e-12,8.558421541859405,0.5050532538923818,0.6102054400506667,0.3897945599493333,0.9626352960082865,0.8596356362467603,0.2071784254679293
3313,3.4011442103967075e-08,3.208084804171596e-12,8.561337711252486,0.5050238268167118,0.6102530962882562,0.3897469037117438,0.9626086164872016,0.8595365332119488,0.20707084545435273
3314,3.4011442103967075e-08,2.9787386428616873e-12,8.564550351709588,0.5049833320355906,0.6102129921320333,0.3897870078679667,0.962596251636093,0.8594500282677646,0.2073510057600531
3315,3.4011442103967075e-08,5.665967197563404e-12,8.558572369865601,0.50501744661004,0.6102265337951734,0.3897734662048265,0.9626321941344821,0.8595228079555591,0.20728746295294945
3316,3.4011442103967075e-08,3.7124577431766344e-12,8.560011569950428,0.5050670559721209,0.6102724973248704,0.3897275026751295,0.962630043632681,0.8595284248269455,0.20722015052706533
3317,3.4011442103967075e-08,5.0760878186926884e-12,8.557128666063374,0.5050406236873376,0.610277835865147,0.3897221641348531,0.9626484913750861,0.8595706304441216,0.20728640141872992
3318,3.4011442103967075e-08,3.272530773927647e-12,8.559236197435292,0.5050669257638214,0.6102989296096537,0.38970107039034624,0.9626617263184314,0.8596175639969814,0.2072990644405375
3319,3.4011442103967075e-08,8.044513984013375e-12,8.546722211672742,0.5050348945221629,0.6102833046137227,0.38971669538627723,0.9626780530783404,0.8596469375626243,0.20740747778725843
3320,3.4011442103967075e-08,5.590112557222721e-12,8.541938887785438,0.5050166653602434,0.610328747310222,0.3896712526897779,0.9626651663775001,0.8596524204585315,0.20711454694812342
3321,3.4011442103967075e-08,4.209278068720383e-12,8.541360586049754,0.5049954414074371,0.6102554400376459,0.3897445599623542,0.962636325310489,0.8595641742961434,0.20733669004783048
3322,3.4011442103967075e-08,4.231920468287631e-12,8.540744621948862,0.5050576809745623,0.610268981700786,0.38973101829921397,0.9626520426920229,0.8595986875189946,0.20733454356853712
3323,3.4011442103967075e-08,6.1130220503703945e-12,8.533573367380429,0.5050036445303009,0.6102648150352045,0.3897351849647956,0.9626433533041476,0.8595517148114815,0.20741807666379716
3324,3.4011442103967075e-08,3.096871667149307e-12,8.536046371266522,0.5050618476401438,0.6102416379579068,0.38975836204209324,0.9626513151415607,0.8596394450845022,0.2072851686500992
3325,3.4011442103967075e-08,4.325379514715916e-12,8.535269693207033,0.5049938789078441,0.6102566119123406,0.38974338808765935,0.9626676322004871,0.8596416540473268,0.20737491668407365
3326,3.4011442103967075e-08,3.1735292686594313e-12,8.53783448948697,0.5050167955685428,0.610171846309415,0.389828153690585,0.9626497947651927,0.8595435453981577,0.2075400594547116
3327,3.4011442103967075e-08,5.450778599441745e-12,8.533411331527274,0.5050200507760284,0.6101804400571771,0.3898195599428229,0.9626516006288,0.8595670140900827,0.2075885191349051
3328,3.4011442103967075e-08,3.0452950527079283e-12,8.536793660181772,0.5050710924294031,0.6101982785941983,0.3898017214058017,0.9626667977347104,0.8596151627490727,0.20762120716521992
3329,3.4011442103967075e-08,3.735087269281725e-12,8.537338214603496,0.5050492174350997,0.6102559608708436,0.38974403912915645,0.9626783491052326,0.8596680021650863,0.2073599258917383
3330,3.4011442103967075e-08,3.410301759011505e-12,8.539368443407936,0.5051097642943322,0.6102766639904521,0.3897233360095479,0.9626683338866112,0.8595790717418118,0.20753094234411434
3331,3.4011442103967075e-08,3.5095692680037257e-12,8.541561557527327,0.5050005195311147,0.6103025754420377,0.38969742455796236,0.9626843935941068,0.8596664627464343,0.20739380734421198
3332,3.4011442103967075e-08,4.661273843107802e-12,8.539444063042886,0.5049915351584544,0.6102370806674269,0.38976291933257307,0.9627123152460696,0.8597262397416624,0.2075074184787546
3333,3.4011442103967075e-08,6.231901135830855e-12,8.532505184538351,0.5049467435034523,0.6102861691963101,0.3897138308036899,0.9626848414616975,0.859652778879011,0.20735064943778117
3334,3.4011442103967075e-08,3.958946596749296e-12,8.533369555292444,0.5049634101657786,0.6102575233704366,0.38974247662956335,0.9626835472164442,0.8596573971014555,0.20749741912923114
3335,3.4011442103967075e-08,3.2741290005488535e-12,8.535958831484727,0.5049388007971873,0.6102374712923252,0.3897625287076748,0.9627159452143494,0.8598006997732234,0.2072567356692667
3336,3.4011442103967075e-08,4.364162952573554e-12,8.535750029445282,0.5049703112056482,0.6103150754387824,0.38968492456121756,0.9626931209423757,0.8597449003673295,0.20714565399854645
3337,3.4011442103967075e-08,7.837471089069871e-12,8.52335064596851,0.5049820299525963,0.6102133827569316,0.3897866172430684,0.962676172555983,0.8596558023987518,0.20743217013914583
3338,3.4011442103967075e-08,1.0588968523116926e-11,8.501475833019402,0.5049759101625234,0.6102454139985901,0.3897545860014099,0.9626352237410487,0.859583725255127,0.20716946116114288
3339,3.4011442103967075e-08,5.031462378103072e-12,8.498909115566294,0.5049765612040206,0.6102917681531854,0.38970823184681463,0.9626661238871588,0.859685556205423,0.20706848967606253
3340,3.4011442103967075e-08,4.7623916455293675e-12,8.497001624133475,0.504966274748366,0.6102844764884175,0.3897155235115824,0.9626655140807305,0.8596608939572455,0.20709188304405046
3341,3.4011442103967075e-08,2.740876358204118e-12,8.500935916250649,0.5049328112154138,0.6102696327422832,0.38973036725771687,0.9626612086100875,0.8596290254682983,0.20710235521077483
3342,3.4011442103967075e-08,3.8056931442452135e-12,8.502223375586436,0.5049602851665924,0.6102249712955804,0.3897750287044196,0.9626778248091329,0.8596923090029609,0.20714792843335422
3343,3.4011442103967075e-08,3.784565316536939e-12,8.502650271822645,0.5049302070494253,0.6102529660799567,0.38974703392004323,0.9626555497099205,0.8595944115957994,0.20733690267247595
3344,3.4011442103967075e-08,4.86084117234612e-12,8.500358521269844,0.5049249987174482,0.6101780963077874,0.3898219036922126,0.9626635763657629,0.8595947402018723,0.207504123782482
3345,3.4011442103967075e-08,4.197524365246333e-12,8.499061137631848,0.5050135403610572,0.610223018171089,0.38977698182891096,0.9626766292091306,0.8596243964580174,0.20753520078146753
3346,3.4011442103967075e-08,3.813503074634704e-12,8.499368211734662,0.5049744778712297,0.6102357785844327,0.3897642214155673,0.9626952073969977,0.8597643337613655,0.2070807254128152
3347,3.4011442103967075e-08,3.2544157630420527e-12,8.502178868518383,0.5049468737117516,0.6102791379481411,0.38972086205185885,0.962686813952352,0.8597226588350471,0.20710673398077625
3348,3.4011442103967075e-08,3.0835655126956256e-12,8.504623365867959,0.5049317695490183,0.610247236914782,0.38975276308521795,0.9626632904542736,0.8596344956784512,0.20729170027038168
3349,3.4011442103967075e-08,4.074524730151017e-12,8.50407382532098,0.5049733059965349,0.6102991900262525,0.3897008099737474,0.9626529468089453,0.8595959838744948,0.2072831580770399
3350,3.4011442103967075e-08,4.883660444024115e-12,8.502181829016754,0.5049407539216787,0.6102736691995653,0.3897263308004347,0.9626621171897155,0.8596724378213435,0.20721765296358005
3351,3.4011442103967075e-08,3.1231801521474547e-12,8.504743833945511,0.5049833320355906,0.6103330441841031,0.38966695581589694,0.9626717788941663,0.8597750826653057,0.2067740756269351
3352,3.4011442103967075e-08,4.0235494216633245e-12,8.505114468884814,0.504948826836243,0.6103844764623759,0.3896155235376241,0.9626514940639971,0.8597134473879986,0.20680978973501837
3353,3.4011442103967075e-08,3.764677760589172e-12,8.505902153174429,0.5049855455766808,0.6103924191686408,0.38960758083135916,0.9626875713340887,0.8597747375457544,0.20700410476965814
3354,3.4011442103967075e-08,3.7108695213411415e-12,8.507447955613912,0.5050339830640669,0.6103583045941915,0.3896416954058085,0.9627088693445699,0.8598417920369776,0.20699485025384756
3355,3.4011442103967075e-08,4.412904238279131e-12,8.506341004546076,0.5049588528752987,0.6103252316861376,0.38967476831386244,0.9626939119519763,0.8598268529051994,0.2069359150985581
3356,3.4011442103967075e-08,6.057110854272032e-12,8.49926716630594,0.5050124986946618,0.6103353879334927,0.38966461206650727,0.9627147883750202,0.8598739313219814,0.2068475165612938
3357,3.4011442103967075e-08,3.2785761224016614e-12,8.501540195272261,0.5049432278793677,0.6103497108464294,0.38965028915357053,0.9627197931512769,0.859841928580499,0.20699471664134184
3358,3.4011442103967075e-08,4.158141655122077e-12,8.500513598847155,0.5049772122455176,0.6103521848041186,0.3896478151958815,0.9627152046429628,0.8598056984925672,0.20707206662642821
3359,3.4011442103967075e-08,3.351890044521093e-12,8.503212162017219,0.5049571601674062,0.6103762733395122,0.38962372666048783,0.962718340303788,0.8598200295239697,0.20716899994110144
3360,3.4011442103967075e-08,3.97583945609668e-12,8.503866930344612,0.5048529935278663,0.6103792681303989,0.38962073186960106,0.9627393674834037,0.859844058361619,0.20703295684879333
3361,3.4011442103967075e-08,3.6795521557881055e-12,8.505358117419094,0.5049105455962121,0.6103855181287713,0.38961448187122866,0.9627311432988302,0.8597961440103323,0.2072333389587959
3362,3.4011442103967075e-08,3.3821737878311017e-12,8.507116544827362,0.5048886706019087,0.610393721251635,0.3896062787483649,0.9627036002962538,0.8596998245559858,0.20731505291258465
3363,3.4011442103967075e-08,3.1162124397135687e-12,8.51012847852701,0.5048324206165571,0.6103861691702684,0.38961383082973156,0.9627147911428052,0.8597001970681418,0.20741764040903457
3364,3.4011442103967075e-08,3.752995219527032e-12,8.511510028221679,0.5047729154237199,0.6104007524998041,0.389599247500196,0.9627252159100927,0.8597249581487767,0.20748122000641886
3365,3.4011442103967075e-08,3.5365098489148107e-12,8.513511793082895,0.5047899727109446,0.6103891639611552,0.3896108360388448,0.9627509272839135,0.8598393452054537,0.20738185966530226
3366,3.4011442103967075e-08,3.3169904123551192e-12,8.515790663134055,0.5048302070754669,0.6104010129164029,0.38959898708359714,0.9627421997768242,0.8598675762228085,0.20721305602449627
3367,3.4011442103967075e-08,3.3944686534092235e-12,8.518282035092204,0.5048110664554515,0.6103764035478115,0.3896235964521884,0.9627641958823684,0.8599499061812734,0.207143703275403
3368,3.4011442103967075e-08,4.172442673062129e-12,8.518547258501744,0.5048345039493479,0.61047184623129,0.38952815376871,0.9627546286908751,0.8599027267503959,0.20710312571923234
3369,3.4011442103967075e-08,3.138710009951028e-12,8.521002388327616,0.5048325508248566,0.6104299191588752,0.38957008084112477,0.9627951313992241,0.8600597402012713,0.20705519000981296
3370,3.4011442103967075e-08,3.7463149099496495e-12,8.522136517817133,0.5048554674855553,0.610436299365547,0.38956370063445295,0.962789930633471,0.8600204674748267,0.20722103659301486
3371,3.4011442103967075e-08,3.724423311473195e-12,8.52304050012513,0.5049295560079281,0.6104305702003724,0.38956942979962766,0.962802069591456,0.8600595209015598,0.2071092306815259
3372,3.4011442103967075e-08,4.1638473504987935e-12,8.521882228940303,0.5049214830933638,0.6104369504070442,0.38956304959295585,0.9627898688322972,0.8600179700397759,0.20721711728416636
3373,3.4011442103967075e-08,5.270611808508769e-12,8.518705813418622,0.5048766914383616,0.610463252483528,0.389536747516472,0.9627766958728186,0.860029633781832,0.20707183587427988
3374,3.4011442103967075e-08,3.782923111764507e-12,8.520010341472975,0.5048967435164731,0.6104269243679884,0.38957307563201155,0.9627636077007992,0.860007938377852,0.2071309119834156
3375,3.4011442103967075e-08,3.2945937468869516e-12,8.52266035384317,0.5048277331177778,0.6104752316470751,0.38952476835292493,0.9627607672394936,0.8599611545003528,0.20727880063931392
3376,3.4011442103967075e-08,3.1089123457299996e-12,8.525330381128013,0.5048067695815704,0.6104710649814935,0.3895289350185065,0.9627515968435667,0.8599362539058282,0.20729208084377762
3377,3.4011442103967075e-08,3.784748826068215e-12,8.527170945536154,0.5048330716580542,0.6104520545697775,0.38954794543022253,0.9627156215696512,0.8597894661217639,0.2075577185242396
3378,3.4011442103967075e-08,3.195452610429876e-12,8.530159615909799,0.50484309769711,0.6104506222784838,0.3895493777215162,0.9627315263159765,0.8597816458968907,0.20774196893568722
3379,3.4011442103967075e-08,5.967883819258173e-12,8.524092789144312,0.5048813789371409,0.6104818722703458,0.3895181277296542,0.9627303061405339,0.8598500293189788,0.20748894106568136
3380,3.4011442103967075e-08,4.3261845240230874e-12,8.52399977496033,0.504813410204841,0.6104801795624533,0.38951982043754674,0.962738135308681,0.8598585217694044,0.20742080084234746
3381,3.4011442103967075e-08,4.384169781412501e-12,8.523819058581926,0.5048177070787221,0.6104974972662768,0.3895025027337232,0.9627361390366047,0.8598463522402067,0.2074597120559115
3382,3.4011442103967075e-08,5.481275865144114e-12,8.51989204650938,0.5047707018826297,0.6105342160067145,0.3894657839932854,0.9626962429753568,0.859733520178358,0.20739118658313957
3383,3.4011442103967075e-08,3.691853196168098e-12,8.521829894917136,0.5047466133472361,0.6105834347438972,0.3894165652561028,0.9626936412635858,0.8597547361505334,0.20723957519492855
3384,3.4011442103967075e-08,5.559490087642159e-12,8.516800226853633,0.5047035144001265,0.6105459347536628,0.3894540652463372,0.962727967159415,0.8598379663615725,0.2073607123751957
3385,3.4011442103967075e-08,3.0462719924888685e-12,8.519783584498883,0.5047195300209557,0.6105280962166416,0.3894719037833584,0.9627284501957433,0.8598607330746613,0.20721926054759982
3386,3.4011442103967075e-08,7.449333521834565e-12,8.508820409286477,0.5047045560665219,0.6106213253590299,0.38937867464097015,0.9627354118636785,0.8598876202858171,0.207048699709558
3387,3.4011442103967075e-08,8.699430014150666e-12,8.493995659483069,0.5047118477312896,0.6105770545372253,0.3894229454627746,0.9627187719063045,0.8598637877673398,0.2071690841775374
3388,3.4011442103967075e-08,3.226691020695811e-12,8.496539454810113,0.5047140612723798,0.6105605180831984,0.3894394819168016,0.9627136349830687,0.8598043158637413,0.20738730272913838
3389,3.4011442103967075e-08,3.1364731011008155e-12,8.499300608669206,0.5047749987565108,0.6106412472288418,0.3893587527711581,0.962675932411978,0.8597145632900647,0.20723629707208485
3390,3.4011442103967075e-08,3.6374258180783386e-12,8.50101320602644,0.5048031237491866,0.6106691118049188,0.3893308881950812,0.9627188338740826,0.8598387899227585,0.20713589985271183
3391,3.4011442103967075e-08,2.757869349268921e-12,8.504592926418882,0.5047904935441423,0.6106396847292488,0.3893603152707512,0.9627263707813689,0.8598831313566196,0.2071826586067933
3392,3.4011442103967075e-08,3.792318857397419e-12,8.506251758300367,0.5047466133472361,0.6106317420229839,0.38936825797701613,0.9626958796830484,0.8597353859596536,0.20734242110358939
3393,3.4011442103967075e-08,1.2489219901427761e-11,8.4776050214689,0.5047571602194896,0.6106598670156597,0.3893401329843404,0.9627071210639714,0.8598080739490285,0.20697967172461415
3394,3.4011442103967075e-08,4.28411108480064e-12,8.476660225396214,0.5047218737703454,0.610624710774815,0.3893752892251851,0.9627280136592968,0.8598731279046474,0.20710904680912526
3395,3.4011442103967075e-08,5.000259799473863e-12,8.473411924843173,0.504711326898092,0.6105719764135478,0.3894280235864522,0.9627218720513686,0.859839736422588,0.2072393306019049
3396,3.4011442103967075e-08,8.408917153918301e-12,8.45893121554233,0.5046811185726253,0.610544762878968,0.389455237121032,0.9627089930133697,0.8597946922531529,0.20738397726883073
3397,3.4011442103967075e-08,3.139274071447372e-12,8.461726830441416,0.5046697904505754,0.6105497107943462,0.38945028920565383,0.9627397187614835,0.8598436461116169,0.20727699330212085
3398,3.4011442103967075e-08,3.5207544234897807e-12,8.46373536289828,0.5046683581592817,0.6105825232858012,0.3894174767141988,0.9627515422163703,0.859950185378614,0.20712671601127494
3399,3.4011442103967075e-08,2.6798828438517157e-12,8.46750742706518,0.5047488268883263,0.6105866899513829,0.3894133100486172,0.9627454312053401,0.8598848637256096,0.20720953932353406
3400,3.4011442103967075e-08,1.1301118624378178e-11,8.44278652072924,0.5047423164733551,0.6105848670351909,0.3894151329648091,0.9627561786768385,0.8599244603894148,0.20724871504305606
3401,3.4011442103967075e-08,6.656463873089078e-12,8.434553318325529,0.5047837227125722,0.6105898149505691,0.389410185049431,0.9627492871706834,0.8599433155581652,0.20711734967019793
3402,3.4011442103967075e-08,6.833154516206146e-12,8.424960999778246,0.5047914050022383,0.6106010128643196,0.38939898713568044,0.9627515941727101,0.8599324040692372,0.20720451912831608
3403,3.4011442103967075e-08,3.1573761484098986e-12,8.427620088062357,0.5047942695848257,0.6105679399562657,0.3894320600437344,0.962786308109821,0.8600225330031055,0.20718051249660283
3404,3.4011442103967075e-08,3.6175902173222827e-12,8.42940306421059,0.5047473945970327,0.6105392941303922,0.38946070586960785,0.9627764767603358,0.8599923816427166,0.20715353820770968
3405,3.4011442103967075e-08,4.066625485786674e-12,8.430218775081865,0.5047765612561038,0.6105589555836053,0.3894410444163947,0.9627760182598515,0.8599356761360263,0.20729706010529125
3406,3.4011442103967075e-08,4.626004072348289e-12,8.427548286821548,0.504797134167413,0.6106300493150913,0.38936995068490865,0.9627766824403009,0.8599009785126498,0.20740222421799973
3407,3.4011442103967075e-08,5.768302601034317e-12,8.422107505541723,0.5048119779135474,0.610652314934293,0.389347685065707,0.9627729089241115,0.8599296948470908,0.20720888859923617
3408,3.4011442103967075e-08,8.832364609043866e-12,8.407832520139895,0.504807550831367,0.6106603878488573,0.38933961215114266,0.962760587496912,0.8599516353168684,0.20699926453505402
3409,3.4011442103967075e-08,3.557193218268393e-12,8.409698832454197,0.5048485664456859,0.6106200232760356,0.3893799767239644,0.9627809506301735,0.859961902559998,0.20704997079744034
3410,3.4011442103967075e-08,9.768787482116741e-12,8.390655842392825,0.5048528633195668,0.6106668982638286,0.3893331017361714,0.9627747623798357,0.8599237298711068,0.20728331091141086
3411,3.4011442103967075e-08,3.2742838462039517e-12,8.394057433651158,0.5047673164668447,0.6106499711849034,0.38935002881509667,0.9628019945229007,0.8600163453705711,0.2071379918340956
3412,3.4011442103967075e-08,6.793894884299519e-12,8.385307525069223,0.5048425768639123,0.6106195024428379,0.3893804975571621,0.9628208323941609,0.8600775092676053,0.2070480214480785
3413,3.4011442103967075e-08,1.26808732753075e-11,8.356903094560058,0.5048414049892175,0.6105649451653788,0.38943505483462115,0.9628141742235431,0.8600145039280483,0.2072811675518182
3414,3.4011442103967075e-08,4.276447286647593e-12,8.356801909058499,0.5048031237491866,0.6106232784835213,0.3893767215164788,0.9627932723326742,0.8599426463311256,0.2071964272835348
3415,3.4011442103967075e-08,3.282087403769237e-12,8.359199446109907,0.5048102852056549,0.610598408698331,0.38940159130166896,0.9627940685040384,0.8599485414698178,0.20722623505427468
3416,3.4011442103967075e-08,1.0385588921389415e-11,8.338751480031814,0.5048072904147681,0.6105692420392599,0.3894307579607401,0.9627702621594385,0.8598863300488131,0.20733785104225796
3417,3.4011442103967075e-08,3.482623899912152e-12,8.341655291865374,0.5047238268948367,0.6105835649521967,0.3894164350478034,0.9627655095421637,0.8598437780850751,0.20727278058200255
3418,3.4011442103967075e-08,7.040348257330051e-12,8.332781798535489,0.5046940091942684,0.610597497240235,0.3894025027597649,0.9627893632348684,0.8599029798138318,0.20715386450018988
3419,3.4011442103967075e-08,4.058781112966466e-12,8.33334385045893,0.5047300768932091,0.6105722368301466,0.38942776316985334,0.9627810888340624,0.8598972436685991,0.20719129840832967
3420,3.4011442103967075e-08,7.154197058667103e-12,8.323214506760532,0.5047807279216855,0.6106086951539856,0.38939130484601436,0.9627706288637208,0.8599056120213373,0.20715552101663454
3421,3.4011442103967075e-08,8.67781072760643e-12,8.308253616123439,0.5047661445921499,0.6105567420425151,0.3894432579574849,0.9627425254970633,0.8598451149571689,0.20720195409753633
3422,3.4011442103967075e-08,4.09820617872354e-12,8.307229413133621,0.5048089831226606,0.6105314816324267,0.38946851836757335,0.962773421911416,0.8599109767992471,0.20730005941895235
3423,3.4011442103967075e-08,3.5990412041856283e-12,8.308935994738746,0.5048601549843347,0.6105394243386916,0.38946057566130843,0.9627786627500857,0.8599277059863815,0.20724339611301343
3424,3.4011442103967075e-08,3.9841358439134734e-12,8.310161115244785,0.5048704414399892,0.6104968462247796,0.3895031537752204,0.9627518961189162,0.8598307973667085,0.20740874525257375
3425,3.4011442103967075e-08,2.98876216856162e-12,8.313611866376373,0.5048822903952369,0.6105163774696933,0.3894836225303066,0.9627547462678636,0.8598436841709701,0.2071694116929782
3426,3.4011442103967075e-08,3.8720678301205994e-12,8.31413003391659,0.5048595039428375,0.6104916378928026,0.38950836210719736,0.962781098987414,0.8599532887162727,0.20714452671446443
3427,3.4011442103967075e-08,5.460425325289875e-12,8.309961853079452,0.5049321601739166,0.6105224972597664,0.3894775027402337,0.9627735569305332,0.859961115570549,0.20708282321648744
3428,3.4011442103967075e-08,3.925182004315217e-12,8.311171149406135,0.5049007799737553,0.6105288774664381,0.38947112253356186,0.962767119439642,0.8598691071793118,0.207256617795941
3429,3.4011442103967075e-08,4.976188492299898e-12,8.309122843833622,0.5049473945449493,0.6105402055884881,0.38945979441151185,0.9627433342720026,0.8598010676676051,0.20733534786680063
3430,3.4011442103967075e-08,2.842355517092595e-12,8.312406848132772,0.5049781237036136,0.6104692420653015,0.38953075793469844,0.9627401244061138,0.859814127937544,0.20738798695091812
3431,3.4011442103967075e-08,3.481902173423212e-12,8.314440001501339,0.5049453112121586,0.6105405962133864,0.3894594037866136,0.9627579504728666,0.8598808223057278,0.20728314040910026
3432,3.4011442103967075e-08,3.55032792430297e-12,8.316107490016023,0.5049179674692793,0.6104917681011021,0.38950823189889794,0.9627551437292505,0.8598700512210942,0.20733213156592378
3433,3.4011442103967075e-08,3.368156840955384e-12,8.318065936295698,0.5049571601674062,0.6105520545437358,0.3894479454562642,0.962755530869511,0.859845919574782,0.20720244350116532
3434,3.4011442103967075e-08,1.5403955836952784e-11,8.281505809401091,0.5049505195441355,0.610596846198738,0.38940315380126206,0.9627789439056742,0.859918338334506,0.20720763885517385
3435,3.4011442103967075e-08,3.3471587079653576e-12,8.28393928039632,0.5049704414139475,0.6106128618195672,0.38938713818043275,0.962789153354017,0.8598996796903179,0.20746893335133107
3436,3.4011442103967075e-08,3.4744700710540075e-12,8.286521244758374,0.5049416653797747,0.6106405961873448,0.38935940381265527,0.9628093270060853,0.8599903443417862,0.20732501100461
3437,3.4011442103967075e-08,3.442983308391763e-12,8.287898923957009,0.5048960924749759,0.6105579139172099,0.3894420860827901,0.9627898131070866,0.8599020969665828,0.2075437194947797
3438,3.4011442103967075e-08,5.13412361082579e-12,8.284403155043917,0.5049408841299781,0.6105357785063077,0.3894642214936923,0.9627900037276094,0.8598488247003303,0.20758510333461375
3439,3.4011442103967075e-08,3.5227345253081737e-12,8.286877177608748,0.5049450507955597,0.6105879920343771,0.3894120079656229,0.9628159294353025,0.859935583426921,0.2073049741401545
3440,3.4011442103967075e-08,1.535232217421003e-11,8.25085916048934,0.5049686184977557,0.6105971066153368,0.38940289338466316,0.9627960178530917,0.8598890937820677,0.20732700723130051
3441,3.4011442103967075e-08,4.399582473950116e-12,8.249845853559384,0.5049578112089034,0.6105783566202196,0.38942164337978036,0.9627859744675625,0.8598914003826615,0.20742811611587034
3442,3.4011442103967075e-08,3.598175425451577e-12,8.251115943701878,0.5049286445498321,0.6105948930742466,0.3894051069257534,0.9628156350022786,0.8600920585024233,0.20700931095239736
3443,3.4011442103967075e-08,6.4331141119672155e-12,8.244728094785193,0.5049251289257477,0.6106202836926344,0.38937971630736556,0.9628303796873064,0.8601370834067942,0.20710245203993627
3444,3.4011442103967075e-08,3.684761416459049e-12,8.246295360878879,0.5049252591340471,0.6106545284753833,0.3893454715246168,0.9628412598964815,0.8600997591382605,0.207276363253185
3445,3.4011442103967075e-08,4.2218540905694126e-12,8.246820755369477,0.5049457018370568,0.6105978878651334,0.38940211213486664,0.9628318177956198,0.8600551184029087,0.20746421355543526
3446,3.4011442103967075e-08,5.1196598443149144e-12,8.244111430498275,0.5049442695457631,0.6106447628529263,0.38935523714707365,0.9628350095408978,0.8600814102734082,0.20726079409427403
3447,3.4011442103967075e-08,5.0432641500033774e-12,8.242011684187702,0.5049268216336402,0.6106361691051643,0.3893638308948357,0.9628247816086838,0.8600682091632996,0.207217964410103
3448,3.4011442103967075e-08,3.0133062110008204e-12,8.245251214207652,0.5048752591470679,0.6106473670189149,0.38935263298108513,0.9628153141389513,0.8600002745643627,0.20727324471837907
3449,3.4011442103967075e-08,3.5387950352027516e-12,8.247181777421911,0.5048934883089874,0.610720023249994,0.38927997675000603,0.962801428375412,0.8599757169902121,0.2070584413707483
3450,3.4011442103967075e-08,4.380594221467997e-12,8.246350172829352,0.50495403516822,0.6106709347211108,0.3893290652788893,0.9627709187199847,0.859878524605547,0.20722907293127324
3451,3.4011442103967075e-08,7.006874811473314e-12,8.236591747360006,0.5049377591307919,0.6107037472125658,0.3892962527874342,0.9627826982080134,0.8598524585125348,0.20734754955010312
3452,3.4011442103967075e-08,3.1452485037821243e-12,8.23928676156689,0.5049167955945845,0.6106934607569112,0.3893065392430887,0.9627822522593351,0.8598371043553453,0.20752591104179943
3453,3.4011442103967075e-08,2.6491336613213772e-12,8.243229123453405,0.5049138008036977,0.6107248409570727,0.3892751590429273,0.9628140813067912,0.8599596835018034,0.20748950311144998
3454,3.4011442103967075e-08,3.761023696505874e-12,8.24403798733264,0.5048488268622847,0.61075713261533,0.38924286738466995,0.9628233823912059,0.8599625709969498,0.20745539263277105
3455,3.4011442103967075e-08,3.0694428914532185e-12,8.24654288925232,0.5048584622764422,0.6108002315624397,0.3891997684375603,0.9628219010420621,0.860022463430145,0.20719288578127024
3456,3.4011442103967075e-08,2.9843964917313003e-12,8.24890386354261,0.5048937487255862,0.6108495805079217,0.38915041949207824,0.9628168382282065,0.859995799521559,0.20715195686207755
3457,3.4011442103967075e-08,3.798283432339052e-12,8.250484842414513,0.5048628893586226,0.6108463253004361,0.38915367469956386,0.9628340793344883,0.8600326074460044,0.20724543269549475
3458,3.4011442103967075e-08,3.350558316652079e-12,8.252745563777443,0.5049066393472293,0.6108568721726896,0.3891431278273105,0.9628435114220832,0.8601253153071075,0.20694195269251286
3459,3.4011442103967075e-08,3.883825127145192e-12,8.253389114776997,0.5048718737312828,0.6108477575917298,0.38915224240827023,0.9628421276907734,0.8601124181024881,0.20711204438500677
3460,3.4011442103967075e-08,8.846101806994045e-12,8.237190910870293,0.5048427070722117,0.610843851342747,0.38915614865725295,0.9628329127039928,0.8600706295942695,0.20715003808153126
3461,3.4011442103967075e-08,1.006729732276432e-11,8.218301256997755,0.5048227852023996,0.6107938513557679,0.38920614864423214,0.9628202966167343,0.860010046658854,0.20740018921093478
3462,3.4011442103967075e-08,4.35833766015742e-12,8.216894446166867,0.5048558581104536,0.6108088253102018,0.38919117468979825,0.9628097340286806,0.8599492338908213,0.2075271393622244
3463,3.4011442103967075e-08,2.7971081293458124e-12,8.220601089225593,0.5047713529241269,0.6108175492662632,0.3891824507337368,0.9628444154391452,0.8601091223371519,0.2072984378964413
3464,3.4011442103967075e-08,5.965860858702416e-12,8.215752368315927,0.5047968737508142,0.6107474972011726,0.3892525027988274,0.9628288032388099,0.8600769739451682,0.207453422129513
3465,3.4011442103967075e-08,4.2058840514294365e-12,8.215781829797358,0.5047464831389367,0.6107538774078444,0.3892461225921556,0.9628167479634698,0.8600080800248572,0.20732637729706505
3466,3.4011442103967075e-08,3.493185345684232e-12,8.217614602350228,0.5047665352170482,0.6107683305290806,0.3892316694709194,0.9628393051725309,0.860062741726598,0.20735270700424543
3467,3.4011442103967075e-08,1.0327487967892584e-11,8.198457991205183,0.5047611966767717,0.6107303097056486,0.3892696902943515,0.9628480738359542,0.8600892538371685,0.20739737408146947
3468,3.4011442103967075e-08,8.894777046018081e-12,8.183657182500008,0.5047916654188371,0.6107833044835145,0.3892166955164855,0.962833858425452,0.8600481798235932,0.20746453967510534
3469,3.4011442103967075e-08,3.3291277809325526e-12,8.186063428860676,0.5047927070852325,0.6107511430335565,0.3892488569664435,0.9628232401571785,0.8600198417813043,0.2075411268278287
3470,3.4011442103967075e-08,4.3949634637649305e-12,8.18519898599527,0.5048641914416168,0.6107843461499098,0.38921565385009016,0.9628025093699067,0.8599742767583807,0.20747786075634914
3471,3.4011442103967075e-08,3.073216563631452e-12,8.188571615238022,0.5048825508118358,0.6107938513557679,0.38920614864423214,0.962802343429493,0.859918383049211,0.20770134034137303
3472,3.4011442103967075e-08,6.3602629909294794e-12,8.180660160703978,0.5048414049892175,0.6108951534127205,0.3891048465872795,0.9627811212829476,0.8598368693103599,0.20757982834118338
3473,3.4011442103967075e-08,6.99244529316282e-12,8.171786204561116,0.5048878893521122,0.6108952836210199,0.3891047163789801,0.9628013501074809,0.8598906444037558,0.20758733439666185
3474,3.4011442103967075e-08,4.4928072619815405e-12,8.170826403337363,0.5048490872788836,0.6108905961222406,0.3891094038777594,0.9627806913594349,0.8598411641755411,0.20753241280145002
3475,3.4011442103967075e-08,5.166877762890752e-12,8.168085684184494,0.5048002591665992,0.6109179398651198,0.38908206013488017,0.9627985551967915,0.8598661013438336,0.2075286665186125
3476,3.4011442103967075e-08,2.978050868658163e-12,8.171172777802033,0.5048171862455244,0.6108955440376187,0.38910445596238125,0.9627825961907419,0.8597922093342467,0.20774782284653096
3477,3.4011442103967075e-08,3.2031293854200353e-12,8.173819452400386,0.5048246081185916,0.6108534867569045,0.3891465132430955,0.9627908233211167,0.8598822493297853,0.20770538405848313
3478,3.4011442103967075e-08,3.484210895549357e-12,8.175324737826156,0.5048260404098853,0.6108532263403056,0.38914677365969436,0.9628162878491746,0.8599767005502174,0.2076571831707283
3479,3.4011442103967075e-08,3.416890470012251e-12,8.177545640068793,0.504807550831367,0.6108357784281827,0.3891642215718173,0.9628352282532706,0.8600465864324098,0.2076060333023964
3480,3.4011442103967075e-08,2.9313471500624788e-12,8.180886721265539,0.5048101549973555,0.6108817419578797,0.3891182580421203,0.962840189302047,0.8600497564840013,0.20741286155932032
3481,3.4011442103967075e-08,3.6675940562785125e-12,8.181561691296842,0.5047727852154206,0.6108951534127205,0.3891048465872795,0.9628752528280657,0.8601834693541732,0.20712558304825235
3482,3.4011442103967075e-08,5.201514218425671e-12,8.179744310083834,0.504810024789056,0.6109037471604825,0.3890962528395175,0.9628751251197191,0.8601441915605836,0.20720910482176935
3483,3.4011442103967075e-08,3.4265217285628717e-12,8.181939978829426,0.5047973945840118,0.6109187211149164,0.38908127888508365,0.9628477635665932,0.8600923491542453,0.20723391192163776
3484,3.4011442103967075e-08,3.757019408268993e-12,8.183873489025574,0.5047514310543149,0.6109468461075922,0.38905315389240785,0.9628752470463657,0.8601886368776365,0.20705533842300458
3485,3.4011442103967075e-08,3.2621799743150126e-12,8.18652140069368,0.5047786445888947,0.6109704138097881,0.38902958619021194,0.9628727611644946,0.8601419530409845,0.20731408571766127
3486,3.4011442103967075e-08,3.384208257487184e-12,8.188366637490152,0.5048006497914974,0.6109459346494962,0.3890540653505038,0.9628890661108861,0.8602511634155565,0.2069662461361636
3487,3.4011442103967075e-08,3.6141062099997182e-12,8.189256213259327,0.5048006497914974,0.6109180700734193,0.38908192992658075,0.9628891417089935,0.860236936115759,0.20707758883085728
3488,3.4011442103967075e-08,3.1482163073353375e-12,8.19183456291057,0.5048878893521122,0.6109464554826939,0.3890535445173061,0.96287988648623,0.8602095471258889,0.20711933808833222
3489,3.4011442103967075e-08,3.1016443517610407e-12,8.194744188621677,0.5048549466523576,0.6110480179562453,0.3889519820437547,0.9628615170079193,0.8601126578878815,0.20708631988091405
3490,3.4011442103967075e-08,4.357934572725475e-12,8.19520019585259,0.5048744778972714,0.6110062210921299,0.38899377890787007,0.9628643157507951,0.8601186964593156,0.2072198442873657
3491,3.4011442103967075e-08,5.525177448342908e-12,8.189747876992227,0.5048763008134634,0.6109695023516921,0.3890304976483079,0.962855672948343,0.8601118409584391,0.2071743837368163
3492,3.4011442103967075e-08,3.41162752101357e-12,8.192699448648995,0.5049429674627689,0.610977445057957,0.38902255494204296,0.9628866617611452,0.8601815015083264,0.20726044061926527
3493,3.4011442103967075e-08,6.591467590340399e-12,8.184853401886462,0.5049417955880741,0.6109520544395691,0.3890479455604308,0.9628451033663246,0.8600359096660442,0.20742438661795473
3494,3.4011442103967075e-08,3.87099498451909e-12,8.186564726614106,0.5049434882959666,0.6109027054940871,0.3890972945059129,0.9628416774308306,0.8600338281054875,0.20753181403236942
3495,3.4011442103967075e-08,3.548914657897117e-12,8.1879601788919,0.5049419257963735,0.6109025752857877,0.3890974247142123,0.9628576904431346,0.8601227205346534,0.20733567479469373
3496,3.4011442103967075e-08,3.3163577056303948e-12,8.190432526858931,0.5049557278761125,0.6109089554924595,0.3890910445075405,0.9628763496362477,0.8601987118996359,0.2072038030821488
3497,3.4011442103967075e-08,3.4347437690422366e-12,8.192701089337639,0.504878644562853,0.6108985388285055,0.38910146117149447,0.9628498946399291,0.8601088425106876,0.20730362049094792
3498,3.4011442103967075e-08,3.3809969632528754e-12,8.195213963605555,0.5049070299721277,0.6108997107032004,0.3891002892967997,0.9628476463581834,0.8601295108896155,0.20727385873626458
3499,3.4011442103967075e-08,3.3636512303584853e-12,8.198177213440921,0.5048889310185075,0.6109671586023024,0.38903284139769756,0.962860560437056,0.8601713309174966,0.20710506287060285
3500,3.4011442103967075e-08,5.305296066933642e-12,8.194246561114236,0.5049131497622006,0.6109512731897726,0.3890487268102274,0.9628653909669387,0.8601750924742486,0.20707966626300564
3501,3.4011442103967075e-08,3.220299636573824e-12,8.19718493248366,0.504980076828105,0.6109438513167054,0.38905614868329463,0.9629036970478739,0.8602730200656284,0.20697172215760612
3502,3.4011442103967075e-08,3.3513382919956717e-12,8.199997189653091,0.504950649752435,0.6109891638049053,0.38901083619509474,0.9628901368946977,0.8602493086851737,0.20696794899668236
3503,3.4011442103967075e-08,3.6280766379659803e-12,8.201989427289352,0.5049622382910838,0.6110176794224793,0.3889823205775207,0.9629186029872702,0.8603130454146833,0.2068811789996969
3504,3.4011442103967075e-08,1.0508912470177903e-11,8.181575508304226,0.5049481757947459,0.6109995804688593,0.38900041953114073,0.9629015899738824,0.8602630091855086,0.20701323342911482
3505,3.4011442103967075e-08,3.1325670879391244e-12,8.184640433822867,0.5050453111861168,0.6109498408984789,0.3890501591015211,0.9629100269204562,0.860297283177999,0.20697342131839244
3506,3.4011442103967075e-08,7.494056160882393e-12,8.173930689573734,0.5050049466132952,0.6108676794615419,0.3891323205384582,0.9628504060688077,0.8600949071911907,0.20719807431723744
3507,3.4011442103967075e-08,2.753904630114316e-12,8.17753855621459,0.5049996080730187,0.610860387796774,0.389139612203226,0.9629002921788367,0.8602362165576867,0.2071361986903904
3508,3.4011442103967075e-08,5.387854801289656e-12,8.173383998523885,0.5049664049566653,0.6108956742459182,0.3891043257540818,0.9629543894677652,0.8604383926470877,0.20681813355255094
3509,3.4011442103967075e-08,4.756015044412598e-12,8.171318419598828,0.5049320299656171,0.6108421586348545,0.3891578413651455,0.9629238123394591,0.8602984014449658,0.20703639644987978
3510,3.4011442103967075e-08,3.4577410105829386e-12,8.17333263631143,0.5049467435034523,0.6108723669603211,0.3891276330396789,0.9629087263218932,0.860248469908843,0.2070074826017966
3511,3.4011442103967075e-08,3.6267934854092373e-12,8.174973953917398,0.504905337264235,0.6108708044607281,0.389129195539272,0.962901608407773,0.8602882878451086,0.20688716066486895
3512,3.4011442103967075e-08,5.504867740240729e-12,8.171565480400261,0.5049714830803429,0.6108383825941712,0.3891616174058288,0.9628796661258014,0.8601586954485002,0.2073691018853213
3513,3.4011442103967075e-08,6.112391056909148e-12,8.165572687061532,0.5049708320388459,0.610782523233718,0.3892174767662821,0.9628839674468895,0.8601328923832434,0.20739542139202746
3514,3.4011442103967075e-08,3.742324737082102e-12,8.16693202185869,0.5049473945449493,0.6108273148887201,0.3891726851112799,0.9628988333403827,0.8601822238187586,0.20727994594912305
3515,3.4011442103967075e-08,3.6212392739699796e-12,8.168136059554644,0.5049816393276981,0.6108254919725281,0.3891745080274719,0.9629281242417079,0.8602529195204841,0.20723684351196023
3516,3.4011442103967075e-08,3.655013082316385e-12,8.17012338245487,0.505000910156013,0.610800622187338,0.389199377812662,0.962901030124003,0.8601454224442783,0.2074573817822733
3517,3.4011442103967075e-08,3.82676841239824e-12,8.170656262023254,0.5050019518224084,0.6107928096893724,0.3892071903106275,0.9629420310396812,0.86033743158991,0.2071082245525357
3518,3.4011442103967075e-08,3.1997885003624824e-12,8.17366074406261,0.5050510403512916,0.610785908649503,0.38921409135049706,0.9629653232070481,0.8603932084215945,0.20705022220005379
3519,3.4011442103967075e-08,9.355426864804104e-12,8.156186969307754,0.5050553372251726,0.610844762800843,0.38915523719915696,0.9629529153640168,0.8603413820136577,0.20708863035713337
3520,3.4011442103967075e-08,9.580785989369589e-12,8.139107371584263,0.5050265611909996,0.6108534867569045,0.3891465132430955,0.9629062664484835,0.8602136060910348,0.20717516950889026
3521,3.4011442103967075e-08,1.0607827172425096e-11,8.119162732412288,0.5049514310022315,0.6108683305030389,0.38913166949696104,0.9628521870486196,0.8600513248338134,0.20735227202999593
3522,3.4011442103967075e-08,3.436460803604891e-12,8.121624210642024,0.5049550768346154,0.6108554398813959,0.38914456011860415,0.9628847684048149,0.8601968180701636,0.20718313905693056
3523,3.4011442103967075e-08,6.318935540415398e-12,8.114948396258482,0.5049888007841664,0.6108658565453499,0.38913414345465014,0.9629093162971036,0.860207552035822,0.2072730691909354
3524,3.4011442103967075e-08,7.570247261331423e-12,8.103982316794228,0.5049421862129724,0.6108562211311924,0.3891437788688076,0.9629320097820475,0.8602322444897584,0.20738543868783627
3525,3.4011442103967075e-08,5.405927593426469e-12,8.100880543134021,0.5048733060225765,0.610782523233718,0.3892174767662821,0.9629143288641627,0.8601693401212102,0.2075496852066978
3526,3.4011442103967075e-08,1.4810297037952015e-11,8.06685343782894,0.5049070299721277,0.6108335648870925,0.38916643511290755,0.9628711360025004,0.860107815676773,0.20737087947754065
3527,3.4011442103967075e-08,7.335084132861556e-12,8.056810716875189,0.5049011705986535,0.6108346065534879,0.38916539344651213,0.9628429132617462,0.8600656811346675,0.2073697143747132
3528,3.4011442103967075e-08,4.913308211898621e-12,8.054970742864214,0.5048981758077667,0.6108833044574727,0.3891166955425272,0.9628751801161659,0.8601705555874432,0.2073087337120672
3529,3.4011442103967075e-08,3.0328293762233304e-12,8.058066581060327,0.5048669258159048,0.6109889033883064,0.3890110966116936,0.9628846099622266,0.8602251931573422,0.20705857809522743
3530,3.4011442103967075e-08,1.2948642442004796e-11,8.030466267922352,0.5049329414237131,0.6110126012988017,0.38898739870119825,0.9629097389047844,0.8603160732381806,0.2068198737613524
3531,3.4011442103967075e-08,3.47466799788303e-12,8.03289337359782,0.5049054674725345,0.6110299190026253,0.38897008099737473,0.9629067834323578,0.8602920499496056,0.20701166231759682
3532,3.4011442103967075e-08,8.309513537965267e-12,8.020226018655862,0.5048608060258317,0.6110481481645448,0.3889518518354553,0.9629365057868493,0.8603693206210142,0.20693792328075863
3533,3.4011442103967075e-08,5.613101832886009e-12,8.01571528985614,0.5048458320713979,0.6110480179562453,0.3889519820437547,0.9629275969001804,0.8603117055978154,0.20691891830873094
3534,3.4011442103967075e-08,3.121822371403884e-12,8.01879068341462,0.5049109362211104,0.6110253617121454,0.3889746382878546,0.962902519717519,0.8602677322395611,0.20708406220359352
3535,3.4011442103967075e-08,4.248857863455207e-12,8.01788380635211,0.5048079414562653,0.6110382523337885,0.38896174766621155,0.9629042185566397,0.8602537149121471,0.20696467734421517
3536,3.4011442103967075e-08,5.105813204804424e-12,8.01365151449759,0.5048522122780698,0.6109670283940031,0.389032971605997,0.9629249286804171,0.8603139308550096,0.20711359501258725
3537,3.4011442103967075e-08,3.982783896457981e-12,8.013873318136977,0.504859634151137,0.6110430700408672,0.38895692995913284,0.9629335319573042,0.8603008306186308,0.2071699297028694
3538,3.4011442103967075e-08,6.754185125397748e-12,8.005855268890567,0.50490195184845,0.6110404658748787,0.3889595341251213,0.9629598506666398,0.8603912193776186,0.20699576396307248
3539,3.4011442103967075e-08,3.865396668380271e-12,8.006737316280578,0.5049217435099627,0.610975622141765,0.38902437785823496,0.9629574157376128,0.8603730096639723,0.20717650096141418
3540,3.4011442103967075e-08,3.58228023849817e-12,8.009222463088864,0.5049510403773332,0.6109963252613736,0.38900367473862635,0.9629373413032281,0.8602805002611567,0.20720517602187
3541,3.4011442103967075e-08,3.001942197987197e-12,8.012768498095339,0.5049255195506459,0.6109577836047438,0.38904221639525616,0.9629504597149656,0.8603064648511215,0.2071698415187447
3542,3.4011442103967075e-08,9.376248147690652e-12,7.9964444067884095,0.5049654934985695,0.6109346065274462,0.38906539347255376,0.9629591500961345,0.8602857114100808,0.20731021204703795
3543,3.4011442103967075e-08,4.539765819334559e-12,7.994429144379541,0.5049570299591067,0.6109741898504714,0.3890258101495286,0.962966354260236,0.8603261992209298,0.20709135490859085
3544,3.4011442103967075e-08,1.0370179069862311e-11,7.975259302271869,0.5049177070526805,0.610962731520122,0.389037268479878,0.9629687169278749,0.8603399007486899,0.20708652749678372
3545,3.4011442103967075e-08,1.0528858336529868e-11,7.956652534205211,0.504948826836243,0.6109790075575501,0.38902099244244986,0.962967199861695,0.860427020753959,0.20697009985460915
3546,3.4011442103967075e-08,3.3114143398946386e-12,7.959159196679799,0.5049276028834367,0.610953226314264,0.38904677368573604,0.9629500876611037,0.8603840957233683,0.20699448049877817
3547,3.4011442103967075e-08,3.689851796976335e-12,7.960372966852955,0.5049382799639895,0.6109463252743944,0.38905367472560554,0.9629205926434184,0.8602929226690412,0.20710948155486283
3548,3.4011442103967075e-08,8.015686383408411e-12,7.948240646572268,0.5049063789306305,0.6109120804916457,0.3890879195083543,0.9629453458212983,0.8603171965246735,0.20722925456084051
3549,3.4011442103967075e-08,4.461712092549532e-12,7.947195482729565,0.5049247383008494,0.6109224971555997,0.3890775028444003,0.9629543367541376,0.8603320515350544,0.20718484038773688
3550,3.4011442103967075e-08,1.4505275452320255e-11,7.915617461923615,0.5049434882959666,0.6109189815315152,0.38908101846848475,0.9629520906183707,0.8603369152106858,0.20724609300270877
3551,3.4011442103967075e-08,1.0685642482808154e-11,7.896622427832229,0.5049546862097172,0.6109463252743944,0.38905367472560554,0.9628928405801753,0.860124036103184,0.2075256758251797
3552,3.4011442103967075e-08,7.246694309009701e-12,7.887000581954881,0.5049609362080896,0.6109708044346863,0.3890291955653137,0.9628714186102957,0.8601363720834513,0.20731826333983114
3553,3.4011442103967075e-08,3.651747808344801e-12,7.889859893369165,0.5049083320551219,0.6109245804883905,0.3890754195116095,0.9628569031267105,0.8600709612926789,0.2074655268321675
3554,3.4011442103967075e-08,7.549233968319615e-12,7.879116400533024,0.5049166653862851,0.6109129919497417,0.3890870080502583,0.9629298217373602,0.8602447847593719,0.2073798341908838
3555,3.4011442103967075e-08,4.7330085357263735e-12,7.877949532274348,0.5049143216368954,0.6108842159155687,0.3891157840844312,0.9629579847126833,0.8603404120516427,0.20732102228949148
3556,3.4011442103967075e-08,1.1099682979028775e-11,7.857435026091209,0.5048748685221697,0.6109465856909934,0.3890534143090067,0.9629570565131285,0.8603604006411989,0.20725387306421203
3557,3.4011442103967075e-08,6.629955734371892e-12,7.84983615187781,0.5049443997540626,0.610988773180007,0.389011226819993,0.9629361779136423,0.8603029416747935,0.20730835181997467
3558,3.4011442103967075e-08,3.960224462689891e-12,7.851889391759293,0.5048988268492638,0.6110214554631627,0.38897854453683733,0.9629391913587444,0.8603340202018993,0.2072862502201602
3559,3.4011442103967075e-08,3.3215909843021932e-12,7.854205928762397,0.5049158841364885,0.6110090856747172,0.3889909143252827,0.9629659253143668,0.8604193670142881,0.2071200695544795
3560,3.4011442103967075e-08,4.158582147413862e-12,7.855366345061833,0.5048794258126496,0.6109293981954692,0.3890706018045308,0.9629911631253059,0.8604525738215779,0.2073119275694005
3561,3.4011442103967075e-08,4.407020672868427e-12,7.855309488302906,0.5048661445661082,0.6109579138130433,0.38904208618695674,0.96300380981504,0.8604352001005254,0.20736452992815
3562,3.4011442103967075e-08,3.4292573204090377e-12,7.857995082580813,0.5048212227028066,0.6109278356958762,0.3890721643041239,0.9629670405150118,0.8603405651073772,0.20746762592170218
3563,3.4011442103967075e-08,3.4891100016898996e-12,7.861000432812472,0.5048424466556128,0.6109295284037687,0.38907047159623137,0.9629215328009685,0.8601947930091173,0.2074880397379684
3564,3.4011442103967075e-08,7.88442177845899e-12,7.849165753847444,0.5048381497817318,0.6109003617446974,0.3890996382553025,0.9629389900103067,0.8602536379799047,0.20749278907106292
3565,3.4011442103967075e-08,3.560058864764425e-12,7.850642390350405,0.5048097643724572,0.6108922888301331,0.38910771116986687,0.9629400525782025,0.8602158440308174,0.20769364687367312
3566,3.4011442103967075e-08,3.5298961648069384e-12,7.853024949776613,0.5049252591340471,0.6108920284135343,0.3891079715864657,0.9629607441038344,0.8602942470359297,0.20745872162168036
3567,3.4011442103967075e-08,3.6494122373325246e-12,7.854167121913512,0.5049264310087419,0.6108946325795228,0.38910536742047724,0.9629563446528674,0.8602387919614845,0.20749324985903375
3568,3.4011442103967075e-08,4.371681594693691e-12,7.853176750305881,0.5048945299753829,0.6108972367455112,0.3891027632544887,0.962943109152763,0.8601947556074343,0.20752125108026293
3569,3.4011442103967075e-08,6.280609133310232e-12,7.847165284590515,0.5048822903952369,0.6109503617316766,0.3890496382683234,0.962941401244074,0.8602129966156766,0.2074255977186644
3570,3.4011442103967075e-08,2.926614197214379e-12,7.850868402434231,0.5048395820730255,0.6109730179757765,0.3890269820242234,0.9629242699348391,0.8601699411568198,0.20747479810745176
3571,3.4011442103967075e-08,2.9019870515471425e-12,7.854777878155349,0.5048199206198123,0.6109417679839146,0.3890582320160854,0.9629416952396808,0.8602314636269072,0.2074203783276307
3572,3.4011442103967075e-08,1.0526578402464055e-11,7.8360927069669595,0.5048220039526031,0.6109870804721145,0.3890129195278855,0.962970639999723,0.8603110325296427,0.2073790970020135
3573,3.4011442103967075e-08,8.998959037568879e-12,7.821536473722736,0.5048329414497549,0.6109640336031162,0.38903596639688376,0.9629374924896663,0.860241445212772,0.20752490255180844
3574,3.4011442103967075e-08,3.171899804994394e-12,7.823763545512588,0.504811847705248,0.611054658579516,0.388945341420484,0.9629249387778328,0.8601810215939247,0.20758341032789968
3575,3.4011442103967075e-08,3.6105928618020222e-12,7.825601013816749,0.5048309883252634,0.6109879919302105,0.3890120080697896,0.9629165374840993,0.8601224319103642,0.20785293767846422
3576,3.4011442103967075e-08,3.0326216854967077e-12,7.828710423707898,0.504783983129171,0.6109645544363139,0.3890354455636861,0.9629381224209,0.8601708749286447,0.20773874458877178
3577,3.4011442103967075e-08,7.992162942390991e-12,7.817178663793416,0.5047691393830366,0.611020023171869,0.388979976828131,0.9629432264612747,0.8602181182682221,0.20748335558146325
3578,3.4011442103967075e-08,6.171314262759737e-12,7.81085341890751,0.5048166654123267,0.6109968460945713,0.38900315390542867,0.9629658198427109,0.8602465200759338,0.20762477650828326
3579,3.4011442103967075e-08,5.827802264792588e-12,7.8059105454072215,0.5048395820730255,0.6109903356796,0.3890096643203999,0.9629577065173526,0.8602396016732285,0.2077630156248454
3580,3.4011442103967075e-08,3.433480091897161e-12,7.808144520607556,0.504899477890761,0.6110333044184103,0.3889666955815897,0.9629344684577532,0.86018505249111,0.2077264890890872
3581,3.4011442103967075e-08,5.257480769281604e-12,7.80524969448281,0.5048765612300622,0.6110666377430631,0.3889333622569369,0.9629787067604479,0.8603407788181218,0.20753672902117154
3582,3.4011442103967075e-08,4.8514451626076465e-12,7.80413681810638,0.5049300768411258,0.6110644242019728,0.3889355757980271,0.9629736545419905,0.8602904978372948,0.20763704679786557
3583,3.4011442103967075e-08,3.974208924940127e-12,7.805246178913271,0.5048871081023156,0.6110562210791091,0.3889437789208909,0.9629832137896875,0.860323416527116,0.20744528952125246
3584,3.4011442103967075e-08,3.995729826191839e-12,7.805855321715404,0.504858722693041,0.6110291377528287,0.3889708622471713,0.9629810445385759,0.8602924503279954,0.20759051716230284
3585,3.4011442103967075e-08,9.827950836677652e-12,7.789215859451837,0.5049100247630144,0.6110370804590937,0.3889629195409064,0.962960500971069,0.8602151586168557,0.20767645584190553
3586,3.4011442103967075e-08,3.9874795561793934e-12,7.790427947608316,0.5048415351975168,0.6110070023419265,0.38899299765807355,0.9629836985018084,0.8602962391922646,0.2077909704763966
3587,3.4011442103967075e-08,3.1158467200005596e-12,7.793371594383015,0.504830858116964,0.6111025752337044,0.38889742476629563,0.9629861793823555,0.8603674470410837,0.20743549421354845
3588,3.4011442103967075e-08,3.4148706525401815e-12,7.796195526730363,0.5047947904180233,0.611143200223125,0.38885679977687504,0.9629801909269069,0.860346121275035,0.20744827472569588
3589,3.4011442103967075e-08,5.341506690952106e-12,7.792495908734257,0.504870050815091,0.611111038773167,0.38888896122683303,0.963002002895641,0.860412665910378,0.20733620829199978
3590,3.4011442103967075e-08,3.954409555294476e-12,7.794300197407029,0.5048860664359202,0.6110030960929437,0.38899690390705627,0.9629953747475031,0.8603735521635898,0.20755339474420606
3591,3.4011442103967075e-08,3.2185215560053248e-12,7.797463408067174,0.5048845039363271,0.6110085648415196,0.38899143515848045,0.9630180335738532,0.860437654332993,0.20762545771319663
3592,3.4011442103967075e-08,5.148393992604979e-12,7.795159383220064,0.5048803372707455,0.6109857783891202,0.3890142216108798,0.9629887184547933,0.8603209530672365,0.20771823048622226
3593,3.4011442103967075e-08,3.334285906830655e-12,7.797091712624368,0.5048730456059777,0.6109671586023024,0.38903284139769756,0.9629937571181052,0.8603539186400735,0.20763013597130026
3594,3.4011442103967075e-08,5.730440043315423e-12,7.791914619444268,0.5048791653960507,0.6109442419416037,0.3890557580583963,0.9629951326257713,0.8603481863974726,0.2076871024381426
3595,3.4011442103967075e-08,3.4846301349285277e-12,7.794238310124223,0.5048619779005266,0.611001012760153,0.38899898723984705,0.9630041722570065,0.860364468647616,0.20759922938948738
3596,3.4011442103967075e-08,3.419558739589175e-12,7.796631017487467,0.504884764352926,0.6109784867243524,0.3890215132756476,0.9629644011578378,0.8602351867503627,0.20779995384909714
3597,3.4011442103967075e-08,6.698409965401327e-12,7.790386283984741,0.5048704414399892,0.6110590856616964,0.3889409143383036,0.9629325743098198,0.8601457351112068,0.20772204578093223
3598,3.4011442103967075e-08,3.2255007373498453e-12,7.793004952419811,0.504886587269118,0.6110540075380189,0.38894599246198114,0.9629536776248491,0.8602205384643082,0.20767750163738127
3599,3.4011442103967075e-08,6.045872083060184e-12,7.787325051175524,0.5048545560274593,0.6110282262947327,0.38897177370526725,0.9629536032899692,0.860225287439361,0.20760611986023167
3600,3.4011442103967075e-08,5.506974545933335e-12,7.7831840224495075,0.5048679674823001,0.6110403356665792,0.3889596643334208,0.9629458441896347,0.8602195337582506,0.20766112611213317
3601,3.4011442103967075e-08,3.1080891338329567e-12,7.78612621498864,0.5048674466491024,0.6110210648382643,0.38897893516173565,0.962945774301821,0.8602504151121316,0.20734148521792703
3602,3.4011442103967075e-08,5.2674257153948905e-12,7.78336796028958,0.5048941393504845,0.610984476306126,0.38901552369387404,0.9629850367362556,0.8603014779062315,0.2074587113900183
3603,3.4011442103967075e-08,2.822629603715122e-12,7.786884331873767,0.5048888008102081,0.6110472367064488,0.3889527632935512,0.9629530032180927,0.8602479488458792,0.2074480390889033
3604,3.4011442103967075e-08,4.412750011157373e-12,7.786613837338196,0.5049001289322581,0.6110084346332202,0.38899156536677987,0.9629478266121361,0.860151405867182,0.2076591136709122
3605,3.4011442103967075e-08,2.987873108084505e-12,7.790075365596525,0.5048811185205421,0.6109891638049053,0.38901083619509474,0.9629711338195127,0.8602585766118395,0.2074866210287372
3606,3.4011442103967075e-08,5.7973179850557114e-12,7.784786975163573,0.504868227898899,0.611015726297988,0.38898427370201205,0.9629898487407597,0.8603226190456067,0.2073185673836091
3607,3.4011442103967075e-08,6.153291967725896e-12,7.779250623142217,0.5048557279021542,0.6110290075445293,0.38897099245547073,0.9629834900413713,0.8602981046006469,0.20745626476327803
3608,3.4011442103967075e-08,8.54578537996124e-12,7.7666525284489065,0.5048302070754669,0.6109491898569818,0.3890508101430182,0.962969035087757,0.8602883494472915,0.20752022821285696
3609,3.4011442103967075e-08,8.611607265683474e-12,7.753639522502466,0.5048315091584612,0.6109390336096266,0.38906096639037335,0.9629920670683461,0.8603015262129846,0.2076774680187229
3610,3.4011442103967075e-08,3.7624126842041375e-12,7.75446034083997,0.5047830716710751,0.6109942419285829,0.3890057580714172,0.9629865460506677,0.8603448352345588,0.20736738842165378
3611,3.4011442103967075e-08,3.700920210343468e-12,7.7568761561755775,0.5048539049859623,0.6110162471311856,0.38898375286881437,0.9629785662544628,0.8603111894825997,0.20745776794655235
3612,3.4011442103967075e-08,3.3318262375660292e-12,7.760056378915981,0.5048193997866146,0.611019111713773,0.388980888286227,0.9630004608811951,0.8603292971139509,0.2075412528341794
3613,3.4011442103967075e-08,3.876239163131766e-12,7.762333956490397,0.5048674466491024,0.6110460648317539,0.38895393516824606,0.9630115663452435,0.860384814398004,0.20734362214322777
3614,3.4011442103967075e-08,3.623448407746991e-12,7.764351432316151,0.5048364570738393,0.6110201533801684,0.3889798466198316,0.9629963733662729,0.860333393156806,0.2074914656699833
3615,3.4011442103967075e-08,3.5256693098510824e-12,7.76720235665228,0.5048708320648875,0.6110376012922913,0.38896239870770866,0.9630012405851702,0.8603472246818753,0.20747239161406322
3616,3.4011442103967075e-08,4.39854486372643e-12,7.766859484808636,0.5048334622829526,0.6110873408626717,0.38891265913732836,0.9629832598969852,0.8603276053052221,0.2074440275608352
3617,3.4011442103967075e-08,3.720922363713271e-12,7.769342575934047,0.5048747383138702,0.6111161168968445,0.3888838831031554,0.9629812117232388,0.8603527207035176,0.207360726928996
3618,3.4011442103967075e-08,3.476590720440516e-12,7.77221044600165,0.5048462226962962,0.6110504919139343,0.3889495080860656,0.9629725248479213,0.860292605995253,0.20744639111684807
3619,3.4011442103967075e-08,4.194785832866174e-12,7.7728328892514496,0.5048417956141157,0.6111011429424107,0.3888988570575893,0.9629737800141466,0.8603011538321783,0.20743951980399572
3620,3.4011442103967075e-08,3.6200821372549587e-12,7.774676785796416,0.5048949206002811,0.6112075231230408,0.38879247687695917,0.9629927143055393,0.8603937917661199,0.20711707659457795
3621,3.4011442103967075e-08,1.2762263553284357e-11,7.748581143020992,0.5049934882829458,0.6111471064721077,0.3888528935278923,0.9630066518265045,0.8604193569944891,0.20729790104389956
3622,3.4011442103967075e-08,7.30504367996356e-12,7.739711617671269,0.5049588528752987,0.6111098668984721,0.3888901331015278,0.9629809007827943,0.8603512976777078,0.20741494675086253
3623,3.4011442103967075e-08,3.4621550949441003e-12,7.742795022271981,0.5049259101755442,0.6111799189635627,0.3888200810364372,0.9629615471692423,0.8602951140789794,0.20732467517936765
3624,3.4011442103967075e-08,3.673685976258046e-12,7.744799053774951,0.5048981758077667,0.6111730179236933,0.3888269820763067,0.9629590694967002,0.8602387696225952,0.20739827579031841
3625,3.4011442103967075e-08,6.202024536792906e-12,7.738672973871835,0.5049503893358361,0.6111348668919617,0.3888651331080383,0.9630093799986359,0.8603909323257172,0.20751130309405783
3626,3.4011442103967075e-08,4.484949427898599e-12,7.737856789327799,0.5049726549550377,0.6111448929310175,0.3888551070689825,0.9629956109930122,0.8603802576005228,0.20724665169783674
3627,3.4011442103967075e-08,6.600824965337365e-12,7.732112496508321,0.5048986966409644,0.6111253616861038,0.3888746383138963,0.9629958082617256,0.8603484783328265,0.20748373342677637
3628,3.4011442103967075e-08,5.288837168968648e-12,7.72827486516923,0.5048583320681427,0.6111682002166146,0.38883179978338545,0.9630326098148655,0.8604943440337364,0.20722606078198075
3629,3.4011442103967075e-08,4.277696112776398e-12,7.728118620422885,0.5048113268720503,0.611192549168607,0.388807450831393,0.9630391377851003,0.8604933393234214,0.2072735327598991
3630,3.4011442103967075e-08,3.4961245694809084e-12,7.7303255808368885,0.5048837226865306,0.6111165075217428,0.38888349247825715,0.9630109521236311,0.8604508405599721,0.20732778428515114
3631,3.4011442103967075e-08,3.528111766809473e-12,7.732681451012107,0.5049442695457631,0.6111396845990404,0.38886031540095956,0.9630293606170031,0.8604519921261652,0.2074371916950973
3632,3.4011442103967075e-08,9.524710171838818e-12,7.716540704628484,0.5049550768346154,0.61112848668529,0.3888715133147101,0.9630408811697553,0.8604752616575023,0.20737027201404942
3633,3.4011442103967075e-08,6.1365673331202964e-12,7.71127401388882,0.5049287747581316,0.611116898146641,0.3888831018533589,0.9630476654694459,0.8604926681463084,0.20736985898652727
3634,3.4011442103967075e-08,3.883375595182649e-12,7.712485347259745,0.5049503893358361,0.6111172887715394,0.38888271122846063,0.9630195918287067,0.8603969850725219,0.20741033817525964
3635,3.4011442103967075e-08,1.0270338199716767e-11,7.695035945064484,0.5049949205742394,0.6111567418862651,0.3888432581137349,0.9630217589617278,0.8603741561859752,0.20731125727219227
3636,3.4011442103967075e-08,4.219878957136754e-12,7.694556962202029,0.5049632799574791,0.6111158564802457,0.3888841435197543,0.9630155129282836,0.8603782353493371,0.207339200481992
3637,3.4011442103967075e-08,5.846762515329861e-12,7.68924837655458,0.5049483060030453,0.6111183304379347,0.3888816695620652,0.9629927338351102,0.8603950944639369,0.20727689318918485
3638,3.4011442103967075e-08,3.4496347402792707e-12,7.6914779471382895,0.5050082018207808,0.6111249710612054,0.38887502893879455,0.9630107555839512,0.8604763865978668,0.20713357134054391
3639,3.4011442103967075e-08,4.901678239043015e-12,7.6897962050791575,0.5049736966214332,0.6110751012825257,0.38892489871747427,0.9630353599637467,0.860539304090858,0.20712934258179133
3640,3.4011442103967075e-08,3.772266342109287e-12,7.6914444197452925,0.5049700507890492,0.6110758825323223,0.38892411746767774,0.9630170800233877,0.8603859524643197,0.20730793784865306
3641,3.4011442103967075e-08,9.943037146227486e-12,7.6752107865782815,0.504954946626316,0.6111174189798388,0.3888825810201612,0.9630177021763621,0.8603883865353079,0.20743632963369157
3642,3.4011442103967075e-08,5.090044214819979e-12,7.671889969645381,0.5049339830901086,0.6111050491913934,0.3888949508086066,0.9630023043705537,0.8603386768531605,0.20762429236364302
3643,3.4011442103967075e-08,6.667910288101146e-12,7.664634212865923,0.5048845039363271,0.611147497097006,0.38885250290299406,0.9630054472200026,0.8603925210873665,0.2073623424358675
3644,3.4011442103967075e-08,3.6109062600166587e-12,7.666762113280961,0.5048903633098012,0.6111736689651903,0.3888263310348096,0.9629879502545914,0.8603424491067433,0.20715737936006987
3645,3.4011442103967075e-08,3.1796877536362202e-12,7.669475237642022,0.5048496081120812,0.6111495804297967,0.3888504195702032,0.9630254401427193,0.8604370982069538,0.20723116557379376
3646,3.4011442103967075e-08,4.3622578748434315e-12,7.668845808635526,0.5048804674790449,0.611104007524998,0.38889599247500195,0.9630160557883498,0.8603908831107143,0.2075420658427086
3647,3.4011442103967075e-08,3.536980555375393e-12,7.671763365271369,0.5048803372707455,0.6111329137674704,0.38886708623252964,0.9630260321704297,0.8604082117578734,0.20753736671902911
3648,3.4011442103967075e-08,3.788697176468605e-12,7.674282001277446,0.50487252477278,0.611172627298795,0.38882737270120504,0.9630362870425099,0.8604364735698457,0.20735467809730523
3649,3.4011442103967075e-08,4.201414346955509e-12,7.674951720058397,0.5048708320648875,0.6111269241856968,0.3888730758143032,0.9630140744768223,0.8603902845954404,0.20744890432992424
3650,3.4011442103967075e-08,4.090067235428928e-12,7.675250019506199,0.5048792956043501,0.611133434600668,0.38886656539933195,0.9630120084388272,0.8603629901936102,0.20741213145082732
3651,3.4011442103967075e-08,8.680275735690425e-12,7.661999923697269,0.5048901028932024,0.6111967158341886,0.3888032841658114,0.9629740991281317,0.8602875062417392,0.2073395468920545
3652,3.4011442103967075e-08,4.319205551398269e-12,7.662711890499043,0.5048433581137088,0.6112543981108338,0.3887456018891662,0.9630053743288104,0.8603314902290435,0.207389528654441
3653,3.4011442103967075e-08,1.0129869872827484e-11,7.644692635735247,0.5049045560144385,0.6111889033362231,0.3888110966637769,0.9630258636241111,0.8604294041100844,0.20720162171964981
3654,3.4011442103967075e-08,3.4302619498589244e-12,7.647295806336572,0.5048690091486955,0.6111905960441156,0.38880940395588437,0.963037125746063,0.860442998882241,0.20723341535984155
3655,3.4011442103967075e-08,9.151739481903054e-12,7.632313641645977,0.5049036445563425,0.6111237991865106,0.3888762008134894,0.9630065284310754,0.8603748866652283,0.20751223095467092
3656,3.4011442103967075e-08,3.4916995790899634e-12,7.634878100529077,0.5048730456059777,0.6111398148073399,0.3888601851926601,0.9630054242889161,0.860324789687296,0.20748501135637454
3657,3.4011442103967075e-08,3.5545860257893163e-12,7.63752718673176,0.504844660196703,0.6110834346136889,0.3889165653863111,0.9630423752755887,0.8604566675180179,0.20751117051371004
3658,3.4011442103967075e-08,7.108630275970787e-12,7.629510040701709,0.5048770820632599,0.6110287471279304,0.3889712528720696,0.9630421713568845,0.8604462633857882,0.2076084029262944
3659,3.4011442103967075e-08,4.576406624553714e-12,7.6282867335165525,0.5049188789273753,0.6110146846315926,0.38898531536840747,0.9630841274537716,0.8605750201922179,0.2075368917604488
3660,3.4011442103967075e-08,2.945195103251919e-12,7.631427479666871,0.5048747383138702,0.6110201533801684,0.3889798466198316,0.9630852237036004,0.8605610946406932,0.2075845680603582
3661,3.4011442103967075e-08,4.28829318706822e-12,7.632031882759166,0.5048462226962962,0.6110448929570591,0.3889551070429409,0.9630966828561468,0.8606128983159336,0.20738760544404025
3662,3.4011442103967075e-08,4.598420781657777e-12,7.632153028192027,0.5048558581104536,0.6110464554566523,0.3889535445433478,0.9630735908261563,0.8605580094673442,0.20745629611808092
3663,3.4011442103967075e-08,4.12839624109079e-12,7.632178725693089,0.504856899776849,0.6110779658651131,0.38892203413488696,0.9630798916433025,0.8606256144501149,0.20739734908445284
3664,3.4011442103967075e-08,4.036896483007612e-12,7.632904265701749,0.5048484362373864,0.6111580439692594,0.3888419560307406,0.9630963099995945,0.8607223787753859,0.20714827495771793
3665,3.4011442103967075e-08,4.61678060360206e-12,7.631600595958752,0.5048583320681427,0.6111818720880542,0.38881812791194587,0.9630839272404627,0.8607232390743109,0.20703420503972858
3666,3.4011442103967075e-08,3.697374694968401e-12,7.633518595003308,0.5048354154074439,0.6112514033199471,0.38874859668005296,0.9630862600745126,0.8606896323559146,0.20704967600561625
3667,3.4011442103967075e-08,4.7939469453828346e-12,7.632043157697022,0.5048251289517893,0.6111834345876472,0.38881656541235277,0.9630708433532115,0.8605912620387278,0.20731301535383845
3668,3.4011442103967075e-08,4.527304353613421e-12,7.6310747539065895,0.5048039049989831,0.6111990595835782,0.38880094041642177,0.9630790411519996,0.8606109877596765,0.2073034007563284
3669,3.4011442103967075e-08,3.508635402015696e-12,7.633336529742675,0.5048713528980852,0.6112503616535516,0.3887496383464483,0.9630807119989857,0.8605982275675896,0.20721889742046115
3670,3.4011442103967075e-08,3.2469409652534937e-12,7.6367795882941145,0.5048992174741621,0.6112629918585959,0.3887370081414041,0.9630900622422853,0.8605779947688493,0.20738897920152954
3671,3.4011442103967075e-08,2.937523810335898e-12,7.639677512354068,0.5049264310087419,0.6112391637398011,0.3887608362601989,0.963102086949966,0.8606429496656616,0.20744959136101965
3672,3.4011442103967075e-08,4.752446395064748e-12,7.638423431767984,0.5048718737312828,0.6112058304151483,0.3887941695848517,0.9630906136590814,0.8605528439396379,0.2076031114272324
3673,3.4011442103967075e-08,2.905165051068451e-12,7.642192298245031,0.5048940091421851,0.6112137731214132,0.38878622687858677,0.9630803233092786,0.8605658813908675,0.20738017988318355
3674,3.4011442103967075e-08,4.0867928336480374e-12,7.642042483787667,0.5048958320583771,0.6112135127048144,0.3887864872951856,0.9631049796103963,0.8606602463557675,0.20733374579569486
3675,3.4011442103967075e-08,3.742934593677253e-12,7.64332802131955,0.5049575507923045,0.6112450231132752,0.3887549768867248,0.9630790641735502,0.860567602786863,0.20743134608209687
3676,3.4011442103967075e-08,2.888730443657869e-12,7.64711694604989,0.5050123684863623,0.6111989293752788,0.3888010706247212,0.9630768952841594,0.8606059961237817,0.2072817269364584
3677,3.4011442103967075e-08,4.401609497405584e-12,7.646999309654129,0.5049373685058937,0.6111715856323996,0.3888284143676004,0.9630683638415963,0.8605773476797643,0.20722141629330604
3678,3.4011442103967075e-08,5.90269512048082e-12,7.642006845526187,0.5048707018565881,0.6111797887552634,0.38882021124473665,0.9630600268004517,0.8605587529093239,0.2073266718452029
3679,3.4011442103967075e-08,3.666008147117578e-12,7.644408996187967,0.5048207018696089,0.6111870804200311,0.3888129195799689,0.9630073823209396,0.8603917781503715,0.20737714711668248
3680,3.4011442103967075e-08,3.002805255424678e-12,7.647896514457983,0.5048117174969485,0.6111654658423266,0.3888345341576734,0.9629931592500419,0.8603589902061811,0.20741040704173688
3681,3.4011442103967075e-08,3.921600393742848e-12,7.649838813854142,0.5048320299916589,0.6112234085355707,0.38877659146442933,0.9630204341590584,0.860436731051612,0.2073229279617738
3682,3.4011442103967075e-08,3.896256397529315e-12,7.650821120808472,0.5048954414334788,0.6112325231165304,0.3887674768834696,0.9630276544114409,0.8604318487158412,0.2073485370479559
3683,3.4011442103967075e-08,6.1550548727824925e-12,7.646010433875247,0.5048993476824616,0.6112027054159621,0.3887972945840379,0.9630069202618511,0.8603820458958443,0.207294314208166
3684,3.4011442103967075e-08,5.971398640831408e-12,7.64106587974415,0.5048923164342926,0.611180309588461,0.38881969041153897,0.9630108537234738,0.8603668172832051,0.20741640978256665
3685,3.4011442103967075e-08,3.3259678622456026e-12,7.6431663714315565,0.5048325508248566,0.6111723668821961,0.3888276331178039,0.9630185742912231,0.8604155473706543,0.20738519672356565
3686,3.4011442103967075e-08,3.008977817180608e-12,7.646634054920144,0.5047825508378774,0.6111967158341886,0.3888032841658114,0.9630081756300012,0.8604277236959829,0.20727882467950218
3687,3.4011442103967075e-08,3.5801854662174576e-12,7.648779883100806,0.5047318998094011,0.6112339554078241,0.3887660445921759,0.9630345417390024,0.8604732873306935,0.2072168072161235
3688,3.4011442103967075e-08,6.001866818246824e-12,7.644821396888479,0.5047162748134701,0.6112241897853672,0.38877581021463276,0.9630531251065926,0.8605250463559923,0.20724512947110468
3689,3.4011442103967075e-08,3.4429557771965237e-12,7.6463413643579345,0.5046661446181915,0.6112339554078241,0.3887660445921759,0.9630511786268628,0.8605869790218793,0.2070745155255695
3690,3.4011442103967075e-08,2.85741105413227e-12,7.650275415956779,0.5047528633456085,0.6112619501922004,0.3887380498077995,0.9630774840000556,0.860590064953083,0.20732273980173124
3691,3.4011442103967075e-08,4.382979707891028e-12,7.649512173092041,0.5047088529404029,0.6112874710188878,0.38871252898111225,0.9631047323060937,0.8606750629558826,0.2072063807695086
3692,3.4011442103967075e-08,4.23621788343166e-12,7.649934297430662,0.5047613268850711,0.6112947626836556,0.38870523731634443,0.9631284993632396,0.8607751185398509,0.2071295065592934
3693,3.4011442103967075e-08,3.844371326540652e-12,7.651325187986506,0.5047841133374705,0.6112724970644539,0.3887275029355461,0.9631271821705737,0.8607584717761614,0.2071610916967754
3694,3.4011442103967075e-08,3.5690432016140682e-12,7.653174006900356,0.5047535143871056,0.6112201533280851,0.38877984667191495,0.9631183616411767,0.8606915316036335,0.20736045162211827
3695,3.4011442103967075e-08,3.1574709398529952e-12,7.655971111089353,0.5047053373163184,0.6111930700018047,0.3888069299981953,0.9631113548818936,0.8606355858373081,0.20749780289088246
3696,3.4011442103967075e-08,3.256549597848741e-12,7.659972120678241,0.5047035144001265,0.6112551793606303,0.3887448206393696,0.9630869760445768,0.8605482113994296,0.2075534957116468
3697,3.4011442103967075e-08,4.020650992945111e-12,7.660487447452981,0.5046776029485409,0.6112911168512717,0.38870888314872837,0.9630847877685776,0.8605598354535934,0.20744119990291482
3698,3.4011442103967075e-08,3.745610024338451e-12,7.6625754471117435,0.5046691394090783,0.6113003616405308,0.3886996383594692,0.9630580554981578,0.860434031902781,0.20758537172063493
3699,3.4011442103967075e-08,5.530682289465282e-12,7.65805759465881,0.5047283841853166,0.6112938512255596,0.38870614877444043,0.9630647401459418,0.860483628364312,0.20749485796275755
3700,3.4011442103967075e-08,3.2754571978270065e-12,7.660944949569147,0.504726951894023,0.6112849970611987,0.3887150029388013,0.963082212371432,0.8605362390494221,0.207544461432637
3701,3.4011442103967075e-08,4.434638639396186e-12,7.6609552861717924,0.5046651029517961,0.6112734085225499,0.38872659147745015,0.9630783134906442,0.8605276740039149,0.207441149970447
3702,3.4011442103967075e-08,4.821830167642868e-12,7.65907124413048,0.5046691394090783,0.611242809572185,0.388757190427815,0.9630949683626314,0.8606106686528029,0.2075390577321428
3703,3.4011442103967075e-08,5.676136672786821e-12,7.655148284341848,0.5046697904505754,0.6112416376974902,0.3887583623025098,0.9631304008181273,0.8606334023890937,0.20772489308055667
3704,3.4011442103967075e-08,3.5867379673978198e-12,7.656808567642079,0.5046701810754737,0.6112429397804844,0.38875706021951556,0.9631372904534958,0.8606891083404405,0.20751076384643918
3705,3.4011442103967075e-08,5.74623409722027e-12,7.652309176737076,0.5046460925400801,0.6112605179009067,0.3887394820990932,0.9631391196247913,0.8607447771863618,0.20731740275371421
3706,3.4011442103967075e-08,5.875248759271443e-12,7.647215761273495,0.5047277331438195,0.6112756220636401,0.3887243779363599,0.9631066786187588,0.8606700467615459,0.2073141892962362
3707,3.4011442103967075e-08,3.038569815995846e-12,7.6506479811567605,0.5047330716840959,0.6113292678830031,0.3886707321169968,0.9631129027825935,0.8607180686058552,0.2070955925893121
3708,3.4011442103967075e-08,3.348994433841696e-12,7.65296536137447,0.5047218737703454,0.6113071324721009,0.38869286752789906,0.9631255547327999,0.8607046810424824,0.207191829571696
3709,3.4011442103967075e-08,4.6405246041127415e-12,7.651813272440956,0.5047140612723798,0.6112904658097745,0.38870953419022547,0.9631273323272829,0.8607513657489823,0.20723593357059714
3710,3.4011442103967075e-08,3.5111869703343725e-12,7.653319773780514,0.5046643217019996,0.6112907262263734,0.38870927377362663,0.9631365442865761,0.860762879960028,0.20730033906720155
3711,3.4011442103967075e-08,1.3867130836287025e-11,7.625533419452693,0.5045911446377227,0.6112717158146573,0.38872828418534267,0.9631055175392649,0.8606242405341266,0.20751549611515152
3712,3.4011442103967075e-08,5.824631902852084e-12,7.620963764914463,0.5046463529566789,0.6113727574550111,0.3886272425449889,0.9630910297566804,0.8606469525358825,0.20735034165514696
3713,3.4011442103967075e-08,7.067532109617663e-12,7.613137202159455,0.5046755196157501,0.611382523077468,0.38861747692253207,0.9630886789621373,0.8606369416428467,0.20740262441919743
3714,3.4011442103967075e-08,3.291505365711088e-12,7.615715104111722,0.5046582019119266,0.6113870803679479,0.3886129196320522,0.9630686242382271,0.8605752840779082,0.20749646797362817
3715,3.4011442103967075e-08,7.084585990965549e-12,7.607030976321753,0.504673045658061,0.6114402053541131,0.3885597946458868,0.9631158854837222,0.8606938253806165,0.20743120556974823
3716,3.4011442103967075e-08,6.039307576335365e-12,7.603054197070954,0.504656509204034,0.6114493199350729,0.38855068006492705,0.9630969483173553,0.8606134145744464,0.207464334478568
3717,3.4011442103967075e-08,1.1645783367647482e-11,7.580926291135043,0.5046390612919112,0.611482132426528,0.388517867573472,0.9631135019841317,0.8606945542593056,0.2073517978871244
3718,3.4011442103967075e-08,4.6981601516122275e-12,7.580647132409114,0.5046729154497616,0.611401533489184,0.38859846651081603,0.9631163185995322,0.860717424385472,0.20724777212172169
3719,3.4011442103967075e-08,4.344332339902367e-12,7.580578353197317,0.5046878894041955,0.61143187202295,0.38856812797705,0.9631323754114259,0.8607953299049496,0.20715443371919548
3720,3.4011442103967075e-08,5.646253266799959e-12,7.575475358650738,0.5046928373195736,0.6114398147292149,0.38856018527078506,0.9631692045352297,0.860882115351409,0.207248810914471
3721,3.4011442103967075e-08,3.01608819018576e-12,7.579106861612073,0.5047160143968713,0.6114736688870654,0.3885263311129346,0.9631529251274782,0.8608064150514869,0.20727914585155716
3722,3.4011442103967075e-08,3.26099757762826e-12,7.582122151374599,0.5046382800421145,0.6114245803581821,0.3885754196418178,0.9631512322408663,0.860744330776347,0.20753897727674764
3723,3.4011442103967075e-08,4.114728758765724e-12,7.583446408118613,0.5047462227223378,0.6113985386982972,0.3886014613017028,0.9631754268935069,0.8608268411454979,0.2074830751827019
3724,3.4011442103967075e-08,3.365896947921742e-12,7.586102802780605,0.504719920645854,0.6114482782686775,0.38855172173132246,0.9631398100761968,0.8607038461001564,0.20743497021333154
3725,3.4011442103967075e-08,8.15866043264836e-12,7.574966365059931,0.504699087317946,0.611511559502198,0.38848844049780196,0.9631341009409966,0.8606798215656313,0.20752209750668227
3726,3.4011442103967075e-08,3.666972268517874e-12,7.577079903396246,0.5047414050152591,0.6115045282540291,0.3884954717459709,0.9631294578494749,0.860718992435841,0.20734368431216157
3727,3.4011442103967075e-08,7.275742407904089e-12,7.567947786520517,0.5047897122943458,0.611476924094551,0.388523075905449,0.963128389674204,0.8607082498123163,0.2075337336061287
3728,3.4011442103967075e-08,4.458165498913974e-12,7.567215986857921,0.5048135404131405,0.6114689813882861,0.3885310186117139,0.9631056470940628,0.8606153160918896,0.20757683886521183
3729,3.4011442103967075e-08,3.0691902412209075e-12,7.570609743704634,0.504838800823229,0.6115041376291308,0.3884958623708692,0.9630995553114652,0.8606456982277649,0.20737685058796732
3730,3.4011442103967075e-08,3.5940016441106336e-12,7.573195596794616,0.5048472643626916,0.6114890334663975,0.38851096653360245,0.9631100607640496,0.8606930460656854,0.20731146153807345
3731,3.4011442103967075e-08,4.302928348555025e-12,7.573502851019535,0.5048188789534169,0.6115060907536222,0.3884939092463778,0.9631085263972531,0.8606269580830016,0.20752444234358677
3732,3.4011442103967075e-08,3.3090459909402503e-12,7.57593610333304,0.5047826810461769,0.6115120803353957,0.3884879196646043,0.9631280941816177,0.8607245427301929,0.2073222481186073
3733,3.4011442103967075e-08,8.344930185827565e-12,7.565218656269621,0.5048121081218468,0.6115150751262826,0.3884849248737175,0.963114030010422,0.8607404319252766,0.20731722003657455
3734,3.4011442103967075e-08,4.847054905063012e-12,7.563721410804726,0.5048210924945071,0.6115264032483325,0.38847359675166754,0.9630985834269694,0.8607127959836315,0.20730649683503224
3735,3.4011442103967075e-08,5.652379169087487e-12,7.559932796827275,0.5047497383464223,0.6114974970058602,0.38850250299413985,0.9630791711930706,0.8606181730117001,0.20741379197650978
3736,3.4011442103967075e-08,9.151660506482346e-12,7.546126245561302,0.5047690091747372,0.6114736688870654,0.3885263311129346,0.9630733370209535,0.8605125944067786,0.20761546060603048
3737,3.4011442103967075e-08,4.3958452371371635e-12,7.545556430674002,0.5047854154204647,0.611519502208463,0.38848049779153704,0.9630683213890124,0.860515922807235,0.20754661604188088
3738,3.4011442103967075e-08,3.4644292367094718e-12,7.547836701963765,0.5047808581299849,0.6114543980587505,0.3885456019412495,0.9630654021209161,0.8604706418978413,0.20770269685769158
3739,3.4011442103967075e-08,3.650667624017707e-12,7.549632567072924,0.5048657539412099,0.6115049188789273,0.3884950811210726,0.963084949649853,0.8605036906336064,0.20748634648630748
3740,3.4011442103967075e-08,4.379984568262962e-12,7.548890530455529,0.504827472701179,0.6114659865973994,0.3885340134026007,0.9630761212976211,0.8605115663708885,0.2075384829542011
3741,3.4011442103967075e-08,5.0110190648192e-12,7.546099014623777,0.5048182279119198,0.611416247027019,0.388583752972981,0.9630998711394555,0.8605728575953655,0.20757283857797165
3742,3.4011442103967075e-08,2.7567734795566934e-12,7.549916329745571,0.5047747383399119,0.6114068720294604,0.3885931279705396,0.9631751321089059,0.8607529693817146,0.2075695758651377
3743,3.4011442103967075e-08,4.3706705893618276e-12,7.550266718820482,0.5048183581202192,0.6114217157755949,0.38857828422440516,0.9631638536590669,0.8607131504126876,0.20770345770819593
3744,3.4011442103967075e-08,4.99925308121163e-12,7.548533361969167,0.5047412748069597,0.6113950230742128,0.38860497692578727,0.9631477359694404,0.8607019176813367,0.20761887543159308
3745,3.4011442103967075e-08,3.5495533093648327e-12,7.551190866072226,0.5047558581364953,0.6114404657707121,0.38855953422928796,0.9631242871560032,0.8606698961392751,0.20745079739763347
3746,3.4011442103967075e-08,9.137724458234231e-12,7.536858823095975,0.5047738268818159,0.6114777053443475,0.3885222946556524,0.9631067326360754,0.8606720509513837,0.20725937999173405
3747,3.4011442103967075e-08,2.8381384972321852e-12,7.540735485111064,0.5048166654123267,0.6114236689000863,0.3885763310999138,0.963090503696133,0.8606345268608057,0.2073127183512055
3748,3.4011442103967075e-08,4.419257680473827e-12,7.541445113748714,0.5048115872886492,0.6114102574452455,0.38858974255475454,0.9631160135628822,0.8606785050456709,0.20742513875165522
3749,3.4011442103967075e-08,3.840396042077433e-12,7.542944528420757,0.5048893216434058,0.6114360386885316,0.3885639613114684,0.9631387332213037,0.8607017498082916,0.20746091671457198
3750,3.4011442103967075e-08,5.821654903174795e-12,7.538299497813172,0.5049139310119971,0.6113946324493145,0.38860536755068553,0.9631533108102766,0.8607665392064281,0.2074915575593521
3751,3.4011442103967075e-08,5.387722377738797e-12,7.534854901081228,0.504899477890761,0.6114260126494758,0.3885739873505241,0.9631532863439553,0.8607381576361695,0.2075270447556546
3752,3.4011442103967075e-08,3.7467431926477445e-12,7.5369458934378635,0.5049052070559357,0.6114852574257142,0.3885147425742858,0.963143794559298,0.8607396086862276,0.20739891819813638
3753,3.4011442103967075e-08,3.1049400797820777e-12,7.540385593819462,0.5049057278891333,0.6114609084737217,0.38853909152627825,0.9631305059182232,0.8606749550294018,0.2074878351269039
3754,3.4011442103967075e-08,3.745962894687616e-12,7.5423207127268865,0.5048524726946686,0.6114430699367005,0.38855693006329944,0.9631522195690692,0.8607502441653466,0.20744816827469384
3755,3.4011442103967075e-08,7.0142506261768234e-12,7.535402840496148,0.504813410204841,0.6114805699269349,0.3885194300730651,0.9631813075394261,0.860867588577353,0.20728883705856857
3756,3.4011442103967075e-08,4.0548342088540585e-12,7.536186763507807,0.5048653633163116,0.6114632522231114,0.3885367477768886,0.963188616757881,0.8608813172574807,0.2071706374980446
3757,3.4011442103967075e-08,5.110723200487688e-12,7.533037298208592,0.5049079414302236,0.6114952834647699,0.38850471653523005,0.9631711955080117,0.8608051016081497,0.20732617369177064
3758,3.4011442103967075e-08,3.495302586635923e-12,7.535753721444807,0.5048580716515438,0.6114347366055374,0.3885652633944627,0.9631610530960599,0.8607449711940515,0.20762615912109864
3759,3.4011442103967075e-08,3.533190820333219e-12,7.537416401114377,0.5048765612300622,0.6114814813850309,0.3885185186149691,0.9631594827781995,0.8607321718247574,0.2074851477420491
3760,3.4011442103967075e-08,3.925497603533652e-12,7.538834720113081,0.5049127591373023,0.611428486607165,0.3885715133928351,0.9631535948225026,0.8607261198537902,0.2075412983408874
3761,3.4011442103967075e-08,3.4645793072727838e-12,7.541329621573547,0.5048708320648875,0.6114487991018752,0.3885512008981248,0.9631395011079549,0.8607001614499883,0.20751235224949688
3762,3.4011442103967075e-08,4.358811586193174e-12,7.541497454778054,0.5048929674757897,0.6114329136893454,0.3885670863106546,0.9631342928168022,0.8606638005221577,0.20751700876290843
3763,3.4011442103967075e-08,3.2550782302976553e-12,7.543969393580081,0.5048757799802657,0.6114528355591574,0.3885471644408426,0.9631589007027542,0.8607182759357087,0.20741985818237654
3764,3.4011442103967075e-08,3.289272133256145e-12,7.546643942011962,0.5048907539346995,0.6113715855803162,0.38862841441968377,0.9631545415759213,0.8607023468665493,0.20778158969840788
3765,3.4011442103967075e-08,3.9077348920260915e-12,7.548575926969316,0.5048320299916589,0.6114605178488235,0.3885394821511765,0.9631682259292237,0.860731946233719,0.20744256728512434
3766,3.4011442103967075e-08,7.148161163932892e-12,7.540480337425445,0.5047933581267297,0.6114381220213224,0.3885618779786776,0.9631629025286169,0.8607285530994859,0.20756736609042797
3767,3.4011442103967075e-08,1.6797534098632956e-11,7.503969272210142,0.5048162747874284,0.611464684514405,0.38853531548559495,0.963111524543274,0.8605714958894156,0.20764221275916592
3768,3.4011442103967075e-08,3.1448315530606165e-12,7.50751726893954,0.5048221341609026,0.6114092157788501,0.38859078422114995,0.9631364066215681,0.860641405602342,0.20775466240541127
3769,3.4011442103967075e-08,3.5647757073608836e-12,7.510118662573024,0.5048907539346995,0.6114098668203471,0.3885901331796528,0.9631284487888605,0.8606147365042975,0.20777348365692258
3770,3.4011442103967075e-08,6.9960169760134075e-12,7.502892646961254,0.5048945299753829,0.6114215855672954,0.3885784144327046,0.9631004051799891,0.86055228386566,0.20783861325949246
3771,3.4011442103967075e-08,4.225525586911022e-12,7.502938006776133,0.504949738294339,0.6114407261873109,0.3885592738126891,0.9631072008240434,0.8605674703974601,0.2077683254577267
3772,3.4011442103967075e-08,3.1305434982752615e-12,7.506244560868369,0.5049740872463314,0.6114168980685162,0.3885831019314839,0.9631140411026492,0.8605807808428017,0.20768364744379242
3773,3.4011442103967075e-08,1.2045625402654673e-11,7.4834005984901895,0.50497213412184,0.6113701532890226,0.38862984671097744,0.9631407467265173,0.8606474507823787,0.20779203074563884
3774,3.4011442103967075e-08,5.867468548739862e-12,7.477877982427011,0.5049268216336402,0.6114161168187195,0.3885838831812804,0.9631441381315231,0.8607134958805023,0.2075998191342712
3775,3.4011442103967075e-08,5.0671729907099166e-12,7.474912002548044,0.5048329414497549,0.6114507522263666,0.38854924777363337,0.9631297916185397,0.8607153595530187,0.2074443737089398
3776,3.4011442103967075e-08,3.6232654927008634e-12,7.47693627833162,0.5048494779037818,0.6114524449342591,0.38854755506574085,0.9631568948484902,0.8607718649243042,0.20753677700098946
3777,3.4011442103967075e-08,4.721838724326554e-12,7.476233091196952,0.5048419258224152,0.6114627313899137,0.3885372686100863,0.9631433740796064,0.8607074029485947,0.20756469009783
3778,3.4011442103967075e-08,3.909687015501887e-12,7.477821070932018,0.50483176957506,0.6115183303337681,0.3884816696662319,0.9631775095353877,0.8607853903443993,0.20746968448606365
3779,3.4011442103967075e-08,1.3403936844620471e-11,7.45159975556956,0.5048221341609026,0.6114668980554953,0.3885331019445047,0.9631550898528135,0.8607017376739795,0.20756869357212385
3780,3.4011442103967075e-08,4.498653032459236e-12,7.451096387341882,0.5047992175002037,0.6114290074403627,0.38857099255963734,0.9631616748629374,0.8607569729881603,0.20753864675690428
3781,3.4011442103967075e-08,3.367782802960229e-12,7.453453798719174,0.504766795633647,0.6114922886738832,0.38850771132611683,0.9631633400539027,0.8607801753186652,0.2074467987926342
3782,3.4011442103967075e-08,5.681192512206072e-12,7.449578952913263,0.5046945300274661,0.6114657261808005,0.3885342738191995,0.9631831145718521,0.8608256615060184,0.2073886797670447
3783,3.4011442103967075e-08,3.389368572106679e-12,7.4512806161944045,0.5047489570966257,0.6114179397349115,0.38858206026508846,0.9631784395484033,0.8608343577103699,0.20736333050464684
3784,3.4011442103967075e-08,3.4660642937765256e-12,7.453162604616742,0.504764972717455,0.6114085647373529,0.38859143526264706,0.9631723336939059,0.8607370018808672,0.20763450024451102
3785,3.4011442103967075e-08,3.0907262883920246e-12,7.456864324619436,0.5047716133407257,0.6114485386852764,0.3885514613147236,0.9631864608351254,0.8607374394489277,0.20783180800343248
3786,3.4011442103967075e-08,3.315485625892321e-12,7.459381323981864,0.5047510404294165,0.6114016636974834,0.3885983363025166,0.9631584091655186,0.8606637776413026,0.20800553460749674
3787,3.4011442103967075e-08,3.3047848756933478e-12,7.462570094876142,0.5047733060486183,0.6114055699464661,0.38859443005353383,0.9631432512255678,0.8605790209377102,0.20797480634361093
3788,3.4011442103967075e-08,4.7677185082542525e-12,7.461551360757351,0.5047455716808407,0.6113909866169306,0.3886090133830694,0.9631460208660235,0.8605542967032636,0.20803050953964405
3789,3.4011442103967075e-08,5.290554702466273e-12,7.458852955318375,0.5047695300079349,0.6113517939188037,0.3886482060811963,0.9631544054374327,0.8605978053118546,0.2080774854017223
3790,3.4011442103967075e-08,3.1523805138442233e-12,7.461479641744358,0.5046611967028134,0.6114060907796639,0.38859390922033615,0.9631581572417912,0.8606384175487248,0.20782170839116973
3791,3.4011442103967075e-08,6.721826784433376e-12,7.455887774962929,0.5046710925335697,0.611378226203587,0.38862177379641305,0.9631620158198055,0.8606457791433189,0.2078890475491644
3792,3.4011442103967075e-08,9.201466568759231e-12,7.442388044572,0.504684373780111,0.6113464553785273,0.3886535446214728,0.963162035054065,0.8607155743500399,0.20787202139048594
3793,3.4011442103967075e-08,4.305803417520269e-12,7.442627973698565,0.5046412748330014,0.6113547887096904,0.38864521129030954,0.9631691896584363,0.8607140241834729,0.20794749236816626
3794,3.4011442103967075e-08,5.351059409648355e-12,7.439576035778227,0.5046138008818227,0.61136168974956,0.38863831025044004,0.9631840709663554,0.8607309924287391,0.20781010262095828
3795,3.4011442103967075e-08,2.778960558035171e-12,7.443210363930675,0.5046511706637576,0.611382523077468,0.38861747692253207,0.9631871093883343,0.8607373649369278,0.2075749961282668
3796,3.4011442103967075e-08,4.651906550670218e-12,7.44338098233498,0.50462799358646,0.6113081741384964,0.3886918258615037,0.9632054046498589,0.8608703169946739,0.20745583061513742
3797,3.4011442103967075e-08,3.993744737608729e-12,7.4442630450428,0.5046764310738461,0.6112807001873176,0.38871929981268233,0.9631948824848043,0.8607920426540194,0.20764704656990537
3798,3.4011442103967075e-08,4.624115232890771e-12,7.443803008196699,0.5047026029420305,0.6113422887129456,0.38865771128705434,0.9631719992585908,0.8607053251884873,0.20762703034865979
3799,3.4011442103967075e-08,4.044070612387608e-12,7.445530079558692,0.504627082128364,0.611316637677959,0.38868336232204104,0.9631950767954244,0.8607654747505717,0.20770537764652344
3800,3.4011442103967075e-08,3.292190222701782e-12,7.448590958007577,0.5046294258777537,0.6113226272597325,0.38867737274026753,0.9631797429374501,0.8607016462637456,0.20772095667326343
3801,3.4011442103967075e-08,3.565404477468492e-12,7.4504527237421225,0.5046528633716502,0.6113514032939054,0.3886485967060946,0.9631649110696826,0.8607073159375339,0.20773570549195952
3802,3.4011442103967075e-08,3.2952904398013187e-12,7.453561531792575,0.5046871081543989,0.6113904657837329,0.38860953421626715,0.9631577608330062,0.8606791799323633,0.20748882623230314
3803,3.4011442103967075e-08,5.72437152990451e-12,7.44926016778701,0.5046608060779151,0.611347887669821,0.3886521123301791,0.9631386560389192,0.860588747162415,0.20778256145765947
3804,3.4011442103967075e-08,4.333031803897217e-12,7.448936369717001,0.5047027331503299,0.6113515335022048,0.38864846649779516,0.9631535541749,0.8607096283557234,0.20767039253507402
3805,3.4011442103967075e-08,5.087560015742892e-12,7.447201211402038,0.5047106758565948,0.6113851272434564,0.38861487275654355,0.9631424842979649,0.8606789143670767,0.20758190072728955
3806,3.4011442103967075e-08,6.430089457444883e-12,7.441974289033614,0.5047082018989058,0.6113525751686002,0.3886474248313998,0.963159769361801,0.8607202359286404,0.20757385378657897
3807,3.4011442103967075e-08,3.303904226346453e-12,7.445236025113358,0.5047022123171322,0.6113481480864198,0.3886518519135802,0.9631710073494787,0.8606793134971991,0.20774369211080626
3808,3.4011442103967075e-08,3.838581704990172e-12,7.4464910452781705,0.5047059883578155,0.6113435907959399,0.3886564092040601,0.963150018341145,0.860566297350656,0.20794029743180992
3809,3.4011442103967075e-08,3.5348797866652187e-12,7.448688788558371,0.5046191394220991,0.6113491897528152,0.38865081024718484,0.9631501828176835,0.8605511675753404,0.20799741046137635
3810,3.4011442103967075e-08,2.805292396084495e-12,7.452106782477576,0.504633201918437,0.6113538772515945,0.38864612274840554,0.9631592487461459,0.8606417547801494,0.20774994719539977
3811,3.4011442103967075e-08,3.4563033631909956e-12,7.454280809649006,0.504701821692234,0.6113714553720169,0.3886285446279832,0.9631697936638981,0.8606950165303991,0.20767294773550182
3812,3.4011442103967075e-08,4.120579781439209e-12,7.454873834760418,0.5046505196222605,0.6113474970449226,0.38865250295507736,0.9632027721803652,0.8607653537606968,0.20769381403326126
3813,3.4011442103967075e-08,2.688153130793931e-12,7.458978616689983,0.5046165352561106,0.6113833043272645,0.3886166956727355,0.9631766132902492,0.8607389883079459,0.20760421253979208
3814,3.4011442103967075e-08,7.961709814815213e-12,7.4490667945600615,0.5046196602552968,0.6114099970286466,0.3885900029713534,0.963177099629675,0.860714152002997,0.20768135155368184
3815,3.4011442103967075e-08,3.1886686713987194e-12,7.45224583669168,0.5046679675343835,0.6113489293362163,0.3886510706637837,0.9632103797773577,0.8608091936063571,0.20771133770629566
3816,3.4011442103967075e-08,3.3705031814394945e-12,7.4549381364730705,0.5046445300404869,0.6114394241043166,0.3885605758956834,0.9632038689939041,0.8608186722157827,0.20754829150881085
3817,3.4011442103967075e-08,4.3617660126129946e-12,7.45491406029173,0.5046518217052548,0.6114222366087926,0.3885777633912075,0.9631926479595336,0.8608183970889397,0.20738949262303488
3818,3.4011442103967075e-08,4.3924195199962e-12,7.454578305796367,0.5046451810819841,0.6114679397218907,0.3885320602781093,0.9632074147484763,0.8608622357547809,0.2073714727536481
3819,3.4011442103967075e-08,1.9954265536335847e-11,7.410024104146461,0.504626170670268,0.6114217157755949,0.38857828422440516,0.963164727330134,0.8607398845605078,0.20761790217251067
3820,3.4011442103967075e-08,3.5223615670570204e-12,7.4121797160233855,0.504570701934713,0.6114260126494758,0.3885739873505241,0.963184413545372,0.8608013211857977,0.20755028613854967
3821,3.4011442103967075e-08,3.4278014906512617e-12,7.41441033986801,0.5045692696434194,0.6113766637039938,0.38862333629600615,0.9631998171419067,0.860855843277992,0.20755210638534682
3822,3.4011442103967075e-08,5.039394748101247e-12,7.412169479371934,0.5045604154790585,0.6114353876470344,0.3885646123529655,0.9632071095651078,0.8608683019432011,0.20741418205417136
3823,3.4011442103967075e-08,2.3877829952850127e-11,7.358240554823201,0.5045789050575769,0.6114489293101747,0.38855107068982536,0.9632060094080765,0.860864534516671,0.2074971635467581
3824,3.4011442103967075e-08,3.716878104822119e-12,7.360671132942579,0.5045951810950049,0.6114460647275873,0.38855393527241266,0.9631811045791486,0.8607702543431611,0.20765665308884035
3825,3.4011442103967075e-08,5.2902452838327724e-12,7.358345387353998,0.5045941394286095,0.6114071324460593,0.38859286755394074,0.963162275404728,0.8607289414404476,0.20765522812038015
3826,3.4011442103967075e-08,3.0557982030746838e-12,7.362111135023737,0.5046845039884105,0.6113760126624967,0.3886239873375033,0.9631497001995034,0.8606301627582585,0.2078065517036038
3827,3.4011442103967075e-08,4.0685429050848885e-12,7.36348985184139,0.5047055977329172,0.6114102574452455,0.38858974255475454,0.9631680662855544,0.8606998123380374,0.207723849720183
3828,3.4011442103967075e-08,5.886161367402025e-12,7.359723963102285,0.5045932279705135,0.6114317418146505,0.38856825818534946,0.9631709831929967,0.8606886026436874,0.2077939102253684
3829,3.4011442103967075e-08,6.769294940301218e-12,7.354031630843894,0.504602863384671,0.6114093459871495,0.38859065401285053,0.9631494171780473,0.8606053283294404,0.20783347305248434
3830,3.4011442103967075e-08,3.5303293118950377e-12,7.356060647447409,0.5045488269404097,0.6114213251506966,0.3885786748493034,0.9631662273437587,0.8606463651121934,0.20790557320753145
3831,3.4011442103967075e-08,3.5129406836347903e-12,7.358655094053043,0.5045701811015153,0.6114201532760017,0.38857984672399826,0.9631618075874022,0.8606424871209161,0.2078509579465802
3832,3.4011442103967075e-08,2.8147595653938423e-12,7.362446640863985,0.5045860665140451,0.6114136428610305,0.3885863571389695,0.9631405080296435,0.8605890161709656,0.20783987337481805
3833,3.4011442103967075e-08,4.002801180315209e-12,7.363856526167778,0.5046102852577382,0.6114180699432109,0.38858193005678904,0.9631799904428079,0.8606223189145469,0.2081231892959238
3834,3.4011442103967075e-08,3.2872770094539845e-12,7.367050883280878,0.5045785144326785,0.6114200230677024,0.3885799769322977,0.9631840075475563,0.860647690871248,0.20795329087867456
3835,3.4011442103967075e-08,3.9787872724146e-12,7.3682596370444084,0.5045979154692929,0.6114428095201017,0.38855719047989834,0.9631659587259012,0.8606366910041854,0.20785776891479932
3836,3.4011442103967075e-08,3.960911042924687e-12,7.369928454074655,0.5045845040144521,0.6115002313801481,0.3884997686198519,0.9631698479687753,0.8606376974018964,0.2078825074235511
3837,3.4011442103967075e-08,3.2531641153290314e-12,7.372248924180636,0.5045398425677493,0.6115015334631423,0.38849846653685766,0.9631618730912497,0.8606311497588821,0.20781511657726617
3838,3.4011442103967075e-08,4.312438855868687e-12,7.371559444320891,0.5045782540160797,0.6114994501303516,0.3885005498696485,0.9631851150182698,0.8606816927155946,0.20776210409845888
3839,3.4011442103967075e-08,5.3862644347039884e-12,7.369518113084301,0.50457591026669,0.6114626011816143,0.3885373988183857,0.9631597078338696,0.8606718019128322,0.20777612665678794
3840,3.4011442103967075e-08,3.7824971687122125e-12,7.371472651676974,0.504510936325277,0.6114689813882861,0.3885310186117139,0.9631746743088553,0.860708256610839,0.2077356713501866
3841,3.4011442103967075e-08,3.975602614283521e-12,7.3715352438771955,0.5045269519461063,0.6114467157690844,0.38855328423091556,0.9632167638691578,0.8608371393401565,0.20772760808940918
3842,3.4011442103967075e-08,9.426677220743133e-12,7.357632199417854,0.504506639451396,0.6115120803353957,0.3884879196646043,0.963188522025708,0.8607705085261574,0.2075883271448115
3843,3.4011442103967075e-08,3.75702781811802e-12,7.359148561668057,0.5045433581918338,0.6115452834517491,0.3884547165482509,0.9632070301834335,0.8608333427754111,0.20763446153609358
3844,3.4011442103967075e-08,6.029470732373207e-12,7.3540762699655975,0.5044903634139679,0.6114890334663975,0.38851096653360245,0.9632176663089146,0.8608987725186066,0.2077748310235315
3845,3.4011442103967075e-08,3.253627181847283e-12,7.357028718379579,0.5045589831877648,0.6115838251083788,0.3884161748916211,0.9632201872894096,0.8608985674107158,0.20752534050637303
3846,3.4011442103967075e-08,4.1664213752980135e-12,7.357799868628173,0.5046502592056616,0.6115226272076492,0.38847737279235084,0.963203646720434,0.8608257519324056,0.20767603890994266
3847,3.4011442103967075e-08,5.3396912147976534e-12,7.354786763419404,0.5046348946263295,0.6114277053573683,0.3885722946426316,0.9632115359480242,0.8608241436842878,0.20776263820167626
3848,3.4011442103967075e-08,7.080171638969882e-12,7.346371317083002,0.5046268217117652,0.6114924188821825,0.3885075811178174,0.963161941153564,0.8607056126226529,0.20777426651372594
3849,3.4011442103967075e-08,3.499807118073156e-12,7.349014077478078,0.5046131498403256,0.6115594761563864,0.3884405238436136,0.9631580584552909,0.860641252576256,0.2078749045714132
3850,3.4011442103967075e-08,3.5573166703717655e-12,7.351916495519187,0.5045973946360951,0.6115127313768929,0.3884872686231071,0.9631854967816931,0.8607577634340988,0.20766543783662567
3851,3.4011442103967075e-08,4.3447057877010654e-12,7.351303350723472,0.5045720040177073,0.6115232782491463,0.38847672175085374,0.9632192987436713,0.8608749326226774,0.20758210182010775
3852,3.4011442103967075e-08,3.418360325805553e-12,7.354259102672726,0.5045674467272274,0.6114530959757563,0.38854690402424374,0.9631938750625573,0.860788794062296,0.20772106304641716
3853,3.4011442103967075e-08,3.301544656532698e-12,7.356956685079176,0.5044760405010311,0.611458825140931,0.388541174859069,0.9632093520830005,0.8607975413795165,0.20781124616450813
3854,3.4011442103967075e-08,7.895318411213172e-12,7.348614529373186,0.5045324206946821,0.6114804397186355,0.38851956028136453,0.9632088628816896,0.8607616607916443,0.2078538824665463
3855,3.4011442103967075e-08,4.674751974491946e-12,7.347591539061594,0.5045817696401641,0.6115714553199335,0.3884285446800665,0.9632366030886436,0.8608288024349062,0.20777699333985386
3856,3.4011442103967075e-08,4.407379628061835e-12,7.347729023902322,0.5045589831877648,0.6115596063646859,0.3884403936353142,0.9632186556322976,0.8608163853105374,0.20777134703817407
3857,3.4011442103967075e-08,4.16770158848932e-12,7.348525067674643,0.5045649727695384,0.6115448928268509,0.3884551071731492,0.9631918640553444,0.8607515517892749,0.20781732293785168
3858,3.4011442103967075e-08,3.922324443171043e-12,7.350297769634611,0.5046020821348745,0.611632913637262,0.3883670863627379,0.963226279844183,0.8608288781122468,0.20773329311681238
3859,3.4011442103967075e-08,3.446437781724018e-12,7.353258461237817,0.5046320300437421,0.6115823928170852,0.3884176071829148,0.9632519139488892,0.8609404804585354,0.2076083357691679
3860,3.4011442103967075e-08,2.913617899600554e-12,7.356834652778871,0.5045661446442332,0.6115704136535381,0.3884295863464619,0.963248990596796,0.860976062010426,0.20749073921291625
3861,3.4011442103967075e-08,6.984533424615788e-12,7.348661634951099,0.5046714831584679,0.6115036167959331,0.3884963832040669,0.9632593867512272,0.8610233290308964,0.2075672658410764
3862,3.4011442103967075e-08,3.5024134295558537e-12,7.3506380761823245,0.5046733060746599,0.6115364292873882,0.3884635707126118,0.963257953617631,0.8610110794322143,0.20752446667125724
3863,3.4011442103967075e-08,8.065199341876361e-12,7.339496725551538,0.504651561288656,0.6115714553199335,0.3884285446800665,0.9632038902437053,0.860876817763786,0.20730487896903427
3864,3.4011442103967075e-08,5.729121002511904e-12,7.3356516777848695,0.5046708321169708,0.6115583042816916,0.3884416957183084,0.9631583686781146,0.8607301255710829,0.2076277760715857
3865,3.4011442103967075e-08,7.209546632863214e-12,7.328995698334993,0.5046386706670128,0.6115464553264439,0.3884535446735561,0.9631751608356055,0.8607782998286486,0.2076551931375383
3866,3.4011442103967075e-08,1.0975583548459911e-11,7.311397349635221,0.5046690092007788,0.6115502313671273,0.3884497686328727,0.9632157495783813,0.8608332838949928,0.20764263652677117
3867,3.4011442103967075e-08,4.309816359650051e-12,7.311329323068536,0.5047119779395891,0.6115408563695687,0.3884591436304313,0.9632569089757067,0.8609301634915211,0.20759107858942003
3868,3.4011442103967075e-08,3.6132074005631725e-12,7.313544545140847,0.5046052071340607,0.6115218459578526,0.38847815404214736,0.963271841284326,0.8609752640916234,0.20773788658435918
3869,3.4011442103967075e-08,6.945783882186237e-12,7.3063136546381,0.5046289050445559,0.6115256219985359,0.38847437800146406,0.9632505264496363,0.8609422814768657,0.20776349811629327
3870,3.4011442103967075e-08,4.511849635900874e-12,7.306362243698374,0.5046783841983374,0.6115503615754266,0.3884496384245733,0.963229299730827,0.8608587491233926,0.20767494959759814
3871,3.4011442103967075e-08,9.32785492763016e-12,7.293045566462931,0.5046713529501685,0.6115945021889317,0.38840549781106826,0.9632031467316141,0.8608211678241134,0.2076278049128126
3872,3.4011442103967075e-08,3.0839175500489416e-12,7.296496245618987,0.5046276029615617,0.6115977573964173,0.38840224260358264,0.9631826378192556,0.8607755956630935,0.20766363146754127
3873,3.4011442103967075e-08,3.4605638226710154e-12,7.298929645793972,0.5046007800518802,0.6115766636519105,0.3884233363480895,0.9632156142314221,0.860831701514368,0.20773813826388562
3874,3.4011442103967075e-08,4.983979524431643e-12,7.2975930326338565,0.5045427071503367,0.6116128615591506,0.3883871384408494,0.9632535017508547,0.8609574854870821,0.20758152868744362
3875,3.4011442103967075e-08,3.8700736782626305e-12,7.299272483381277,0.5045449206914269,0.6116603875884408,0.3883396124115593,0.963268570335138,0.8609893314750325,0.2074290130484643
3876,3.4011442103967075e-08,6.853541009365599e-12,7.291926560886024,0.5045332019444787,0.6116270542637879,0.38837294573621206,0.963278890473303,0.8610708592271099,0.20721867689956722
3877,3.4011442103967075e-08,1.2527995324127125e-11,7.269695717239697,0.5045540352723866,0.6116383823858379,0.3883616176141621,0.9632584671146406,0.861000414164016,0.2074504735151875
3878,3.4011442103967075e-08,9.92891781549547e-12,7.254859445771662,0.5045356759021677,0.6116627313378303,0.3883372686621696,0.963257789047982,0.8610523651867731,0.2074711134222771
3879,3.4011442103967075e-08,4.5442285253245346e-12,7.254711521651882,0.5046045560925635,0.6116571323809551,0.3883428676190449,0.9632601919246405,0.8611292086520491,0.20735498008254935
3880,3.4011442103967075e-08,2.9021053702051234e-12,7.258586305791347,0.5046033842178687,0.611668460503005,0.38833153949699495,0.963266702460787,0.8610826845358193,0.20746478117419156
3881,3.4011442103967075e-08,3.2140545705653965e-12,7.261300628976337,0.5045941394286095,0.6116145542670431,0.38838544573295686,0.963265998801715,0.8610133482521998,0.20760630400990748
3882,3.4011442103967075e-08,1.5192516661008522e-11,7.230728350161686,0.5045966133862986,0.6115721063614307,0.3884278936385694,0.963265612912112,0.8609823406953606,0.20771164499637365
3883,3.4011442103967075e-08,2.8888468640058794e-12,7.23406193431302,0.5046260404619687,0.611647887591696,0.3883521124083041,0.9632444167679804,0.8608365742018635,0.20784623268336225
3884,3.4011442103967075e-08,6.672713231636418e-12,7.226806076284334,0.5045838529729549,0.6116536167568707,0.38834638324312937,0.9632438585957497,0.860863478615329,0.20775898021088618
3885,3.4011442103967075e-08,7.689759347143406e-12,7.21872668072803,0.5045721342260067,0.6116491896746902,0.3883508103253098,0.9632443402058111,0.8608987232650711,0.2077616978450361
3886,3.4011442103967075e-08,3.559255514695556e-12,7.220878241368847,0.5045809883903676,0.6117395542344911,0.3882604457655089,0.9632225747738448,0.8608466334548385,0.2075389019763611
3887,3.4011442103967075e-08,3.373824345019617e-12,7.223872104395792,0.504556899854974,0.6117490594403491,0.38825094055965087,0.9632506950105725,0.8609723091093177,0.20742477872529044
3888,3.4011442103967075e-08,3.974645782572392e-12,7.2252749384144686,0.5044968738289392,0.6117695021433588,0.3882304978566412,0.9632582083618306,0.8610141288759086,0.20736327790519193
3889,3.4011442103967075e-08,2.4098623652464086e-12,7.229542313981385,0.5045179675734459,0.6117420281921802,0.38825797180781985,0.9632853685347668,0.8610243399882813,0.207609404177029
3890,3.4011442103967075e-08,1.0204871918855489e-11,7.213997564600481,0.5045582019379683,0.611732783402921,0.388267216597079,0.9633068607907646,0.8610347456591072,0.20757620521543865
3891,3.4011442103967075e-08,6.873984751230976e-12,7.207561463485287,0.5045295561120947,0.611770153184856,0.38822984681514405,0.9632848974352624,0.8610595859133553,0.20739071755159785
3892,3.4011442103967075e-08,1.3619159243274715e-11,7.183005214140202,0.504497785287035,0.6117170281986906,0.38828297180130944,0.9632499913640642,0.8609699725396257,0.20743416648548094
3893,3.4011442103967075e-08,3.750895137675642e-12,7.185643169460159,0.5044979154953345,0.6116667677951125,0.38833323220488747,0.9632646963362471,0.8610143724448888,0.20754978665459542
3894,3.4011442103967075e-08,6.589876776900984e-12,7.180196385596226,0.5045326811112809,0.6116787469586596,0.38832125304134035,0.9632419293763111,0.8609596261761264,0.20762304538311135
3895,3.4011442103967075e-08,4.809581306684636e-12,7.179401527021683,0.5045126290331695,0.6116783563337613,0.3883216436662386,0.9632840183879295,0.8610818956857907,0.2075200373764556
3896,3.4011442103967075e-08,5.075814499211695e-12,7.17770005645459,0.5046050769257612,0.6117189813231819,0.3882810186768181,0.9633183760735594,0.8611541000689966,0.20760241141297506
3897,3.4011442103967075e-08,4.901730266760715e-12,7.176418411042197,0.5045016915360179,0.6116998407031665,0.38830015929683354,0.9633024407194596,0.861120023807946,0.20748344147417022
3898,3.4011442103967075e-08,7.130811447221918e-12,7.170055374050365,0.5045305977784902,0.6117346063191129,0.3882653936808871,0.9633039599381908,0.8611147279842262,0.20746350357750543
3899,3.4011442103967075e-08,3.2113907833767855e-12,7.172633864991145,0.5045781238077802,0.6117308302784296,0.3882691697215704,0.9632947417206495,0.8610965930061036,0.20743490664947783
3900,3.4011442103967075e-08,1.2813001913881024e-11,7.1501435895349434,0.5045454415246245,0.6117189813231819,0.3882810186768181,0.963222055600496,0.860904822480325,0.20751337745643755
3901,3.4011442103967075e-08,4.277386340284812e-12,7.151159610126491,0.5045897123464291,0.6117040073687481,0.3882959926312519,0.9632012712189972,0.8607846243876462,0.207691234500285
3902,3.4011442103967075e-08,4.218934427095702e-12,7.1522416514420915,0.5045779935994809,0.6117206740310744,0.3882793259689255,0.9632052372468116,0.8607826815313463,0.2077887892465746
3903,3.4011442103967075e-08,6.324695299699132e-12,7.147189300163977,0.5046070300502525,0.6117368198602031,0.3882631801397968,0.9632557299652922,0.8609304424291615,0.20769639616731334
3904,3.4011442103967075e-08,7.008020520900255e-12,7.140598359235756,0.5045691394351199,0.6117314813199267,0.3882685186800733,0.9632519004658447,0.8608929425440112,0.20791493188279897
3905,3.4011442103967075e-08,1.0304170984598063e-11,7.124820138473129,0.5046022123431738,0.6117158563239957,0.3882841436760043,0.9632504651098567,0.8609003167240815,0.20780818182889446
3906,3.4011442103967075e-08,5.976826094124622e-12,7.1205804786804086,0.5045722644343061,0.6117383823597963,0.3882616176402037,0.9632230402399725,0.8608977279021296,0.2076934682330589
3907,3.4011442103967075e-08,3.7096705210189394e-12,7.122239775033962,0.5045345040274729,0.611777835474522,0.388222164525478,0.9632435753583153,0.8609012024148458,0.20768195820633023
3908,3.4011442103967075e-08,2.954252675912338e-12,7.1259467167903505,0.5045186186149431,0.6117482781905526,0.38825172180944745,0.963248868208995,0.8608961655220234,0.20768701609689835
3909,3.4011442103967075e-08,3.2787097974341594e-12,7.128498692250595,0.5044963529957414,0.6116968459122797,0.3883031540877203,0.9632298280748272,0.8608528811389645,0.20779025493644754
3910,3.4011442103967075e-08,6.445546090458415e-12,7.123697225160882,0.5045598946458608,0.6117210646559728,0.38827893534402724,0.9632458942609454,0.8609211613461591,0.20770442353148436
3911,3.4011442103967075e-08,7.455652223805442e-12,7.11547677128202,0.504478774875319,0.6117400750676888,0.3882599249323112,0.9632630762595356,0.8610059385257277,0.2074938422568499
3912,3.4011442103967075e-08,3.388678073445163e-12,7.118429471442243,0.5044559884229197,0.6117297886120342,0.3882702113879658,0.9632529863271808,0.8609882285000471,0.2074916241687059
3913,3.4011442103967075e-08,5.290417649401082e-12,7.115707767840852,0.5045476550657149,0.6117822625567024,0.3882177374432975,0.9632382858079203,0.8609950512559345,0.20724747469442728
3914,3.4011442103967075e-08,3.4134322721766456e-12,7.1186499858962184,0.5045397123594499,0.6118135125485644,0.3881864874514356,0.9632460809833489,0.8610242144023025,0.20717775896371776
3915,3.4011442103967075e-08,3.701786443861861e-12,7.121413672359586,0.5045283842374,0.6117645542279807,0.38823544577201935,0.9632327074865389,0.8609630372158794,0.2073710504105471
3916,3.4011442103967075e-08,3.895350175208547e-12,7.122881432714233,0.504448436341553,0.6117235386136618,0.3882764613863382,0.9632342265169211,0.860919966745848,0.2074692174134253
3917,3.4011442103967075e-08,3.2325165248887354e-12,7.126109391533068,0.5044558582146202,0.6117430698585755,0.38825693014142443,0.9632461222578114,0.8609433468108112,0.20728503541843143
3918,3.4011442103967075e-08,3.4283951489775618e-12,7.128945694533852,0.5045278634042022,0.6117343459025141,0.3882656540974859,0.9632592069408595,0.8609622259910682,0.20737170443283717
3919,3.4011442103967075e-08,7.572590339574649e-12,7.120936573744309,0.5045760404749895,0.6117404656925871,0.38825953430741295,0.9632664450415716,0.8609976393673499,0.20751454872880082
3920,3.4011442103967075e-08,2.8292857634272795e-12,7.124820675385259,0.5046220040046865,0.6118161167145529,0.38818388328544706,0.9632621436843397,0.8609598730206942,0.2074679275039844
3921,3.4011442103967075e-08,3.815174304100792e-12,7.126611846308611,0.5045601550624597,0.6117748406836352,0.38822515931636475,0.9632645658268612,0.860973592077986,0.2075089589364555
3922,3.4011442103967075e-08,4.147055260484961e-12,7.127877816009459,0.5045839831812544,0.6118398146250483,0.3881601853749517,0.9632714587422009,0.8610086634890498,0.207292048906781
3923,3.4011442103967075e-08,4.934661498007184e-12,7.126494577141798,0.5045360665270661,0.6117835646396967,0.3882164353603033,0.9632857735453435,0.8610483143736113,0.20747652204393277
3924,3.4011442103967075e-08,3.4707561767248734e-12,7.129421259194767,0.5045999988020836,0.6117777052662225,0.3882222947337774,0.9632715794254217,0.8609997523014318,0.20759389017551233
3925,3.4011442103967075e-08,7.035109118248792e-12,7.122771961981178,0.5045949206784061,0.6117905958878657,0.38820940411213434,0.9632693408592512,0.8610209224685546,0.20769175606042994
3926,3.4011442103967075e-08,2.670312928086942e-12,7.126508153356257,0.5045740873504981,0.6118266635868064,0.3881733364131936,0.9632785929778522,0.8610440647935709,0.20753330227107092
3927,3.4011442103967075e-08,3.223260641500981e-12,7.129781822171685,0.5046009102601796,0.6118546583711827,0.3881453416288173,0.9633020419779246,0.8611191011762146,0.20734712118204704
3928,3.4011442103967075e-08,5.486853869299767e-12,7.127576425964644,0.5046610664945139,0.6117698927682571,0.3882301072317429,0.9633119115818479,0.861122939035359,0.20758155821819352
3929,3.4011442103967075e-08,5.798855697353001e-12,7.124500585373784,0.5046932279444719,0.6117654656860766,0.38823453431392335,0.9632851393752735,0.8610165048605577,0.20778121552143167
3930,3.4011442103967075e-08,3.284368243428925e-12,7.127681594644777,0.5046822904473202,0.61180999692448,0.38819000307552004,0.963293733409499,0.8610465633850156,0.2077494800959397
3931,3.4011442103967075e-08,3.351159409739402e-12,7.130940565140903,0.5046104154660377,0.6118088250497852,0.3881911749502149,0.9633030397752774,0.861064974212637,0.2078463781590777
3932,3.4011442103967075e-08,3.2563705734241673e-12,7.133858089540419,0.5046035144261681,0.6118149448398581,0.3881850551601419,0.963303164975229,0.8610204458449439,0.207866868392268
3933,3.4011442103967075e-08,3.4684938767117615e-12,7.135861771364935,0.5046147123399186,0.6118155958813553,0.38818440411864474,0.9633068028237625,0.8610337302458947,0.20785790571623844
3934,3.4011442103967075e-08,3.2462986249820634e-12,7.138337049619627,0.5045796863073734,0.6117736688089405,0.3882263311910596,0.9633226268568773,0.8610835180303635,0.20779854012115143
3935,3.4011442103967075e-08,3.194082103115168e-12,7.141070207427378,0.5046407539998037,0.6117843458894933,0.38821565411050674,0.9633293146522195,0.8610820195451239,0.20783841372719747
3936,3.4011442103967075e-08,5.433703236535845e-12,7.138361292487904,0.5045998685937843,0.6118368198341615,0.3881631801658385,0.9633426423329483,0.8611902744577482,0.20756529458159004
3937,3.4011442103967075e-08,6.2448730600320024e-12,7.13411213453629,0.5046269519200646,0.6118445021238276,0.38815549787617243,0.9633431055504853,0.8611819926027042,0.20757582179347445
3938,3.4011442103967075e-08,3.738315148948206e-12,7.135679593687692,0.504591535262621,0.6118405958748449,0.38815940412515515,0.9633136692859108,0.8611157391103043,0.20749745719743679
3939,3.4011442103967075e-08,3.122009406098824e-12,7.139350876738139,0.5046180977557037,0.6118465854566184,0.38815341454338165,0.9633082899706819,0.8610907334660024,0.20743367993436265
3940,3.4011442103967075e-08,5.406694682261713e-12,7.136059626713806,0.5046115873407324,0.611916637521709,0.388083362478291,0.9633161257116172,0.8611520246360167,0.20724111013919214
3941,3.4011442103967075e-08,5.4281536405477915e-12,7.13347481340061,0.5046321602520416,0.6119654656339933,0.38803453436600666,0.963298713678615,0.8610898641989113,0.20725731792009433
3942,3.4011442103967075e-08,4.5150505311403395e-12,7.132708045005774,0.5046713529501685,0.6119197625208952,0.3880802374791048,0.9633123691204224,0.8611248391652401,0.20737311599599986
3943,3.4011442103967075e-08,3.2662093569081602e-12,7.136265083614071,0.5046661446181915,0.6118821323223613,0.3881178676776386,0.9632824450606416,0.8610592744501113,0.20742664210906506
3944,3.4011442103967075e-08,4.039094362214812e-12,7.136755843177888,0.5045656238110354,0.6118305698357891,0.3881694301642109,0.9632884220219805,0.8610787095972481,0.2074579241052159
3945,3.4011442103967075e-08,6.426946350354796e-12,7.131942745864479,0.5046095040079417,0.6118618198276511,0.3881381801723489,0.9632607732781389,0.86095645633841,0.20765033640353683
3946,3.4011442103967075e-08,3.4218385858261397e-12,7.134241368745533,0.5045834623480567,0.6118123406738696,0.38818765932613036,0.9632799147217572,0.8609950576748094,0.2077008552644958
3947,3.4011442103967075e-08,1.1027413680499359e-11,7.117537085441588,0.5046101550494387,0.6118744500326952,0.3881255499673047,0.9632921101958783,0.8610189521606408,0.20771830433234215
3948,3.4011442103967075e-08,5.519245374888135e-12,7.1146226236849275,0.5046511706637576,0.6118859083630447,0.3881140916369553,0.9633021401973486,0.8610455048311229,0.20767821926526986
3949,3.4011442103967075e-08,3.866026820020737e-12,7.116746379869247,0.5046954414855621,0.6118710646169102,0.38812893538308973,0.9632927534019113,0.8609764265733528,0.2077675451701723
3950,3.4011442103967075e-08,3.3270540126115688e-12,7.118792401029664,0.5047114571063914,0.61188695002944,0.3881130499705599,0.9632935003716903,0.8609882640353099,0.20768278456863107
3951,3.4011442103967075e-08,3.983985425444401e-12,7.119888553099928,0.5046442696238881,0.6119235385615786,0.3880764614384215,0.9632864114026527,0.8609878807622446,0.20772556007538207
3952,3.4011442103967075e-08,3.8225084999045115e-12,7.121716384561273,0.5046703112837732,0.6118833041970562,0.3881166958029438,0.9632938627445157,0.861030372727019,0.20772289590598875
3953,3.4011442103967075e-08,4.4297304253689676e-12,7.121208577562283,0.5046817696141225,0.6118787469065763,0.38812125309342366,0.9632940633796686,0.860969964145622,0.20775489768117889
3954,3.4011442103967075e-08,5.0924067904742635e-12,7.119463182422325,0.5046648425351973,0.6118987989846878,0.38810120101531226,0.9632819737662827,0.8609564429448288,0.20781382231524437
3955,3.4011442103967075e-08,7.149816797177863e-12,7.112002216254093,0.5047028633586294,0.6119284864769566,0.38807151352304337,0.9632640704027975,0.8609602435086069,0.2076815260074614
3956,3.4011442103967075e-08,4.224676714772261e-12,7.11285618015825,0.5047010404424374,0.6119394239741084,0.38806057602589167,0.9632479127241221,0.860962247878457,0.2074968712290413
3957,3.4011442103967075e-08,3.978888591269552e-12,7.1147206021718175,0.5046447904570858,0.6119348666836285,0.38806513331637155,0.9632571239478295,0.8610301098333308,0.20733725978132062
3958,3.4011442103967075e-08,3.4401728964885306e-12,7.117078967748194,0.5047029935669287,0.6118911166950217,0.3881088833049783,0.9632785600854985,0.8610791324584759,0.2073495724118927
3959,3.4011442103967075e-08,7.126854136909787e-12,7.1094497831356165,0.5046953112772626,0.611902575025371,0.3880974249746289,0.9633080332740507,0.8611026461096992,0.20743365722132948
3960,3.4011442103967075e-08,5.302803302914942e-12,7.10709233303179,0.5047436185563493,0.6119430698064923,0.3880569301935078,0.9633125888233237,0.8611720036470354,0.20716074670275617
3961,3.4011442103967075e-08,4.739678563700868e-12,7.105889271610793,0.5047925768769331,0.6119240593947762,0.3880759406052238,0.9633093260511784,0.8611305128826263,0.20739130289136437
3962,3.4011442103967075e-08,2.8594142000787294e-12,7.109842670294564,0.5048015612495934,0.6119530958455479,0.38804690415445203,0.9632863813749033,0.8610303065000159,0.20752130469129085
3963,3.4011442103967075e-08,3.00558535542073e-12,7.11316049795675,0.5047906237524418,0.6119908562523811,0.3880091437476188,0.9632903042045108,0.861002786387633,0.20765618198914812
3964,3.4011442103967075e-08,1.1195671348974766e-11,7.096279744319125,0.5047368477247792,0.6120141635379782,0.3879858364620217,0.9632715453721656,0.8609972110707916,0.20759903737846822
3965,3.4011442103967075e-08,3.62320547608653e-12,7.098665957031038,0.5048076810396664,0.611995413542861,0.3880045864571389,0.9632839541988255,0.8610116450905761,0.20758602483713337
3966,3.4011442103967075e-08,3.857973635804842e-12,7.100062193726233,0.5047252591861304,0.6120206739529495,0.3879793260470505,0.9632830556277413,0.8610240420761108,0.2075337895932524
3967,3.4011442103967075e-08,3.553323856945333e-12,7.103061298761325,0.5047273425189213,0.6120063510400128,0.3879936489599872,0.9633130997563629,0.8611246479216083,0.20752027761114372
3968,3.4011442103967075e-08,4.406692736978016e-12,7.102769696277578,0.5047792956303918,0.6119695020912755,0.3880304979087245,0.9633243853270969,0.8612022234822546,0.20739794926077162
3969,3.4011442103967075e-08,4.3699225250392675e-12,7.1025913662501985,0.504716535230069,0.6119244500196744,0.3880755499803255,0.9633161136301732,0.8611561021128957,0.20755444516751598
3970,3.4011442103967075e-08,3.4240417985582442e-12,7.105601482152222,0.504763149801263,0.6119971062507535,0.3880028937492464,0.9632975691550193,0.8610380605546328,0.20751815770318602
3971,3.4011442103967075e-08,4.40384080443278e-12,7.1062364517697,0.5047765612561038,0.6119793979220318,0.38802060207796824,0.9632941746242123,0.8610067041127316,0.20776497919583106
3972,3.4011442103967075e-08,3.5573095384785115e-12,7.1083638530466775,0.5047923164603343,0.612029397909011,0.38797060209098905,0.963280451055618,0.860942952689301,0.20781263921465828
3973,3.4011442103967075e-08,7.82378147631228e-12,7.099461751943026,0.5048183581202192,0.6120154656209725,0.3879845343790275,0.9632824041143718,0.8609397816888267,0.207729033447273
3974,3.4011442103967075e-08,4.20717360174038e-12,7.100586056810331,0.5047432279314511,0.6120395541563661,0.38796044584363387,0.9632943370276597,0.8610405313723213,0.20740096404051578
3975,3.4011442103967075e-08,6.574589179858882e-12,7.09589906350811,0.5047169258549672,0.6120243197853333,0.3879756802146666,0.9632953907351685,0.861059648159493,0.20742917385316018
3976,3.4011442103967075e-08,3.4007291319307946e-12,7.098718379351426,0.5047869779200579,0.612055439568896,0.38794456043110404,0.9632932855879942,0.8611273351734633,0.20717701664615285
3977,3.4011442103967075e-08,4.34715817120497e-12,7.099713648945915,0.5047621081348677,0.6119904656274829,0.3880095343725171,0.9633369870042079,0.8612252481395037,0.2073158165192582
3978,3.4011442103967075e-08,3.4141841430272122e-12,7.102529068845066,0.5046867175295007,0.612022366660842,0.38797763333915797,0.9633554327240296,0.8612706177929199,0.20743156018834955
3979,3.4011442103967075e-08,6.309291374809012e-12,7.098124425883177,0.5047664050087487,0.6120689812320361,0.3879310187679639,0.9633506451813947,0.8613541225268311,0.20701230317343366
3980,3.4011442103967075e-08,4.75427437729908e-12,7.096980894536941,0.5047721341739234,0.6120316114501012,0.3879683885498988,0.9633141964463601,0.8611911992563993,0.20746161747914307
3981,3.4011442103967075e-08,6.212084399457579e-12,7.092116235054366,0.5047440091812476,0.6119849968789071,0.38801500312109294,0.9633233846153441,0.861168605135663,0.20751291602764826
3982,3.4011442103967075e-08,4.839162855129802e-12,7.090837373394815,0.5047380195994741,0.6119916375021778,0.3880083624978223,0.9633514164946596,0.8613103893836301,0.20736373807922207
3983,3.4011442103967075e-08,3.716689526060053e-12,7.092253940737287,0.5046738269078576,0.6119997104167421,0.38800028958325794,0.9633281788334354,0.8612271280807959,0.20743625813700345
3984,3.4011442103967075e-08,3.4397149392985775e-12,7.0949768556770625,0.5047066393993127,0.6120722364395218,0.38792776356047826,0.9633089394187133,0.861144183171217,0.20744448229583515
3985,3.4011442103967075e-08,3.272846758076025e-12,7.098228436494537,0.5047536445954051,0.6120924187259327,0.3879075812740674,0.9633113460761425,0.8611276407571734,0.20737156352358543
3986,3.4011442103967075e-08,3.8012018136541894e-12,7.10085889447048,0.5047117175229903,0.6121408562133187,0.3878591437866813,0.9633360912170059,0.8612336899725209,0.20730911927163986
3987,3.4011442103967075e-08,3.708268155793603e-12,7.102046092137036,0.5047236966865373,0.6120659864411494,0.38793401355885065,0.9633173443742731,0.8611531414496053,0.20751610860977446
3988,3.4011442103967075e-08,3.843084437733017e-12,7.102859901503867,0.5046936185693701,0.6120377312401741,0.38796226875982587,0.9633378629417464,0.8612144995278649,0.2073939990847272
3989,3.4011442103967075e-08,6.6901679073094945e-12,7.097372423219376,0.5046790352398346,0.612040726031061,0.3879592739689391,0.9633313301770016,0.8612148775525807,0.20737003865442175
3990,3.4011442103967075e-08,3.220180867172056e-12,7.100565949022024,0.5046725248248634,0.6120810906038826,0.38791890939611734,0.9633358282869466,0.8611720170504132,0.20744166455116855
3991,3.4011442103967075e-08,2.963438672301609e-12,7.103946283601177,0.5046285144196577,0.6121019239317906,0.38789807606820936,0.9633770951192417,0.8613241695624871,0.2073536394398104
3992,3.4011442103967075e-08,2.960205990922473e-12,7.107422654301368,0.5047433581397505,0.6121402051718215,0.38785979482817845,0.9633853696399148,0.8613505911533911,0.20743661348816433
3993,3.4011442103967075e-08,3.6124990095426997e-12,7.109716156154249,0.5048101549973555,0.6120814812287809,0.3879185187712191,0.9633853323472208,0.8613132625530991,0.20771021324066882
3994,3.4011442103967075e-08,6.447700462389375e-12,7.104320306666545,0.504759764385478,0.6120221062442431,0.3879778937557568,0.9633804674794988,0.8612769721531311,0.20762194524087138
3995,3.4011442103967075e-08,3.6571811122930645e-12,7.107249861422456,0.5047246081446333,0.6121042676811803,0.3878957323188197,0.9633480119909887,0.8611873508386166,0.2074969547570283
3996,3.4011442103967075e-08,3.809418642301973e-12,7.108674891632525,0.5047644518842573,0.6120333041579937,0.38796669584200627,0.9633658812646462,0.8612609761878084,0.207565360690198
3997,3.4011442103967075e-08,5.165932286698541e-12,7.106480963487081,0.5047161446051707,0.6120331739496943,0.3879668260503057,0.9633595897819585,0.861180901231939,0.20747163055690315
3998,3.4011442103967075e-08,4.4524612604338354e-12,7.106790000464646,0.504749347721524,0.6120282260343162,0.3879717739656839,0.9633568658573933,0.8611941945492723,0.20744927165514143
3999,3.4011442103967075e-08,3.862194338986699e-12,7.107596620095607,0.5047162748134701,0.6120360385322816,0.3879639614677184,0.9633100596993726,0.8610934829242599,0.20757815938238638
4000,3.4011442103967075e-08,4.538837072434609e-12,7.107899263055956,0.5047509102211172,0.6120214552027461,0.38797854479725397,0.963334977861642,0.8611486441635844,0.20758428544362933
4001,3.4011442103967075e-08,2.86953421599905e-12,7.111266658229104,0.5047453112642418,0.6120598666510764,0.38794013334892363,0.9633599878427058,0.8612058987085779,0.20766036524312206
4002,3.4011442103967075e-08,3.743231550676434e-12,7.113500059908281,0.5047697904245337,0.6120757520636062,0.38792424793639374,0.963350376312593,0.8611762012981038,0.2076508698488543
4003,3.4011442103967075e-08,4.266872484355489e-12,7.114438957506707,0.5047645820925567,0.6120580437348845,0.3879419562651156,0.9633269980142305,0.861136130135041,0.20757233415368595
4004,3.4011442103967075e-08,2.6101623995925033e-12,7.118370437426285,0.5047326810591977,0.6120844760196678,0.3879155239803323,0.9633170173321148,0.8610724788354334,0.20771755353097782
4005,3.4011442103967075e-08,3.331506112985723e-12,7.121637653714912,0.504746873763835,0.612149840585979,0.387850159414021,0.9633213844048453,0.8610664779251674,0.20763873951717784
4006,3.4011442103967075e-08,3.938958211492671e-12,7.123218208965979,0.5047247383529327,0.6120812208121821,0.3879187791878179,0.9633281102833542,0.861097352599068,0.207634872695822
4007,3.4011442103967075e-08,3.3014309935503857e-12,7.1262011554217555,0.5047622383431671,0.6121187208024165,0.38788127919758353,0.9633387243482503,0.8611359744956888,0.20756494598045738
4008,3.4011442103967075e-08,3.345402387886547e-12,7.129003232752943,0.5047455716808407,0.6121284864248733,0.38787151357512667,0.9633648146149797,0.8612738826265607,0.20740905348817443
4009,3.4011442103967075e-08,3.980526737283054e-12,7.130321285342684,0.5047089831487023,0.6121141635119366,0.3878858364880634,0.9633981397384072,0.8613945837617146,0.20720828279951733
4010,3.4011442103967075e-08,2.9594378082812364e-12,7.133618672275789,0.5047506498045182,0.6121097364297562,0.38789026357024387,0.9633842266755394,0.8613396232542836,0.20730034026429275
4011,3.4011442103967075e-08,3.3714335288182676e-12,7.136358527210508,0.5047567695945913,0.6120530958195063,0.3879469041804937,0.9633711784505782,0.8612862033585261,0.20731813290984394
4012,3.4011442103967075e-08,3.0722070148241164e-12,7.139847649487632,0.504718097729662,0.6120390333231684,0.3879609666768316,0.9633655918413673,0.8612746746209576,0.2074110426400015
4013,3.4011442103967075e-08,4.438634701514483e-12,7.140108534125574,0.5047315091845028,0.6121269239252802,0.38787307607471977,0.9633276552535723,0.8611286469442068,0.2073908509860647
4014,3.4011442103967075e-08,4.36995526256292e-12,7.139413488626971,0.5047636706344608,0.6120654656079517,0.38793453439204834,0.9633399381283524,0.8611204318045333,0.20759277409566929
4015,3.4011442103967075e-08,3.282825177279343e-12,7.142707479932571,0.5047621081348677,0.6120580437348845,0.3879419562651156,0.9633348534863607,0.8610780812927984,0.2076567193500393
4016,3.4011442103967075e-08,3.01254567883996e-12,7.145842291609764,0.5047859362536624,0.6120529656112069,0.38794703438879313,0.963343016172473,0.8611542705318551,0.2075841725749408
4017,3.4011442103967075e-08,3.991235791208322e-12,7.1468035140339765,0.5048339831161502,0.6120674187324431,0.387932581267557,0.9633217188507055,0.8610499855543132,0.2076590567374846
4018,3.4011442103967075e-08,3.314386347328242e-12,7.150171229406634,0.5048264310347835,0.6120879916437522,0.38791200835624784,0.9633134213612284,0.8610464328694968,0.20758432378331934
4019,3.4011442103967075e-08,5.641511870161386e-12,7.146684144458034,0.5047774727141998,0.6120991895575028,0.3879008104424973,0.9633249865947593,0.8611065470968049,0.20769032837142082
4020,3.4011442103967075e-08,3.501629546338108e-12,7.149435650026772,0.5047684883415395,0.6120501010286196,0.3879498989713805,0.9633460717384212,0.8611257357598876,0.20786393172420703
4021,3.4011442103967075e-08,3.5759019713261242e-12,7.152012663201539,0.5047804675050865,0.6120277052011185,0.38797229479888157,0.9633492179234692,0.8611644374080007,0.2076923825105393
4022,3.4011442103967075e-08,6.8891301187407375e-12,7.145934612274697,0.5047445300144453,0.612088252060351,0.387911747939649,0.9633720081155867,0.8612155874301163,0.20761366381446827
4023,3.4011442103967075e-08,1.0976373167519048e-11,7.128817574954085,0.5047621081348677,0.6120592156095793,0.38794078439042073,0.9633302165225595,0.8611139542316968,0.20776578316554392
4024,3.4011442103967075e-08,3.3569848702630235e-12,7.132182365147106,0.5047207018956505,0.6121267937169808,0.3878732062830192,0.9633085679135743,0.8610317852511579,0.20782454152602622
4025,3.4011442103967075e-08,4.6354294022688355e-12,7.131585376907,0.5047789050054935,0.6120924187259327,0.3879075812740674,0.9632999323097517,0.8610411224143892,0.20775164405633578
4026,3.4011442103967075e-08,3.9040288938370634e-12,7.132396551514287,0.5047268216857235,0.6120792676876907,0.3879207323123093,0.9633382890736832,0.8610945868778316,0.2079259097981941
4027,3.4011442103967075e-08,2.814269442578706e-12,7.136335142585956,0.5047683581332401,0.6120652051913528,0.3879347948086472,0.9633400443287122,0.8611549969467116,0.20780540595468705
4028,3.4011442103967075e-08,8.198028101384276e-12,7.125645804007209,0.5047195300209557,0.6120757520636062,0.38792424793639374,0.9633662435986312,0.8612552285151213,0.2076298908897492
4029,3.4011442103967075e-08,5.6737325721273425e-12,7.122598277808142,0.5047226550201419,0.6120624708170649,0.3879375291829351,0.9633671986488818,0.8612340564895273,0.20777112834150768
4030,3.4011442103967075e-08,3.709926142685924e-12,7.1236549036853125,0.5047248685612321,0.6120400749895638,0.3879599250104362,0.9633445254953958,0.8611603681922415,0.2079150171648389
4031,3.4011442103967075e-08,3.251528492836235e-12,7.126163252957576,0.5047677070917429,0.6120568718601896,0.38794312813981036,0.9633326907636559,0.8611985939753634,0.20752929284969265
4032,3.4011442103967075e-08,3.222187261694525e-12,7.129182451957911,0.5047272123106218,0.612016246870769,0.38798375312923095,0.96332149432156,0.8611506863214002,0.20774355908431763
4033,3.4011442103967075e-08,6.23760829189512e-12,7.12389573380272,0.50472083210395,0.6120435906136483,0.38795640938635173,0.9633649731318176,0.8612581422361151,0.20760635321300724
4034,3.4011442103967075e-08,3.807039827304865e-12,7.125996094686913,0.5047428373065528,0.6120416374891569,0.3879583625108431,0.9633707196144088,0.861291071293345,0.20759365302390906
4035,3.4011442103967075e-08,5.158899624208962e-12,7.123962275082511,0.504697524818353,0.612064033316658,0.387935966683342,0.9633495777350745,0.8611829452957234,0.2076383228588136
4036,3.4011442103967075e-08,3.668670015576776e-12,7.125961160100667,0.5047651029257545,0.6120662468577482,0.38793375314225176,0.9633581053096089,0.861163919722366,0.20761940662007267
4037,3.4011442103967075e-08,2.981183438637917e-12,7.128744784454347,0.5047579414692861,0.6120855176860631,0.3879144823139369,0.9633574772815454,0.8612206114594383,0.20740690574667087
4038,3.4011442103967075e-08,6.0983165113260334e-12,7.1238052374640395,0.5047626289680653,0.6121033562230843,0.3878966437769157,0.9633482134737825,0.8612017837630238,0.20733446528699057
4039,3.4011442103967075e-08,3.1658208045184902e-12,7.126879843905791,0.5048053372902768,0.6120814812287809,0.3879185187712191,0.9633754383321009,0.861213344580929,0.20753303898120906
4040,3.4011442103967075e-08,5.245119379658165e-12,7.1251510962889695,0.504791925835436,0.61210661143057,0.38789338856943006,0.9633893261922636,0.8612603612717566,0.20746402839349035
4041,3.4011442103967075e-08,3.6905299556271235e-12,7.127109861230608,0.5047568998028906,0.6121521843353687,0.38784781566463133,0.9633798510660525,0.8612147275411458,0.20743829069087347
4042,3.4011442103967075e-08,3.2670787592246345e-12,7.129224251454695,0.5048052070819773,0.6121857780766203,0.3878142219233797,0.9633964955262361,0.8612887573696797,0.2074734812971622
4043,3.4011442103967075e-08,3.572719329514772e-12,7.131802853450945,0.5047945300014245,0.6121584343337411,0.38784156566625894,0.9633983842119148,0.8612937317958818,0.20748157399742492
4044,3.4011442103967075e-08,3.359358006822569e-12,7.134797589891866,0.5047889310445492,0.6121312207991613,0.38786877920083873,0.9633972646088318,0.8613181090749682,0.2074692964805365
4045,3.4011442103967075e-08,3.2660971882832144e-12,7.137921486065749,0.5047746081316125,0.6120990593492033,0.3879009406507967,0.9634097607529704,0.8613266228323764,0.2074867395854739
4046,3.4011442103967075e-08,4.305926746243489e-12,7.138921112103824,0.5047617175099693,0.6121486687112841,0.3878513312887158,0.9633932341037275,0.8613440485407692,0.20739639930600148
4047,3.4011442103967075e-08,3.749517900019013e-12,7.140918796236595,0.5047440091812476,0.6121580437088427,0.3878419562911572,0.9633818097916105,0.8612859027883815,0.20766792198147974
4048,3.4011442103967075e-08,5.592157915943232e-12,7.137729994711997,0.5047265612691246,0.6121783562035531,0.3878216437964469,0.9634047662446109,0.8613692848045877,0.2075755702338146
4049,3.4011442103967075e-08,5.466489480985643e-12,7.135062192372314,0.5047664050087487,0.6122196322344707,0.3877803677655292,0.963384918193242,0.861278560055935,0.20746806405855825
4050,3.4011442103967075e-08,5.319048677813239e-12,7.132557015329566,0.5047608060518735,0.6122102572369121,0.3877897427630878,0.9633706946485456,0.8612543039577215,0.20749009754947229
4051,3.4011442103967075e-08,3.531637239364718e-12,7.135317406477568,0.5047087227321034,0.612257392641304,0.387742607358696,0.9633993229883787,0.8613826081941205,0.20721077107078956
4052,3.4011442103967075e-08,5.904899104922219e-12,7.131301476060529,0.5047311185596045,0.6122448926445592,0.3877551073554408,0.9633985996603132,0.8613316114736832,0.20739910208222145
4053,3.4011442103967075e-08,3.233972326119396e-12,7.134487571526389,0.5047632800095625,0.6122362988967972,0.38776370110320285,0.9634077202315376,0.8613850731371928,0.20723348188351703
4054,3.4011442103967075e-08,3.998289556740651e-12,7.134742609287577,0.5047671862585452,0.6122439811864633,0.3877560188135368,0.9634264344982609,0.8614371106521163,0.20725832222795343
4055,3.4011442103967075e-08,3.2111587299242404e-12,7.137562567613525,0.5048193997866146,0.6122364291050966,0.38776357089490343,0.9634279749343537,0.8614250678099418,0.2073475916439107
4056,3.4011442103967075e-08,3.3763728278397527e-12,7.140784089127018,0.5047975247923112,0.6121851270351232,0.3878148729648768,0.9633917904544628,0.8613043638754045,0.207508366899516
4057,3.4011442103967075e-08,3.4271251055393585e-12,7.143819179249625,0.5048667956076053,0.6122070020294266,0.3877929979705734,0.9634111135576078,0.86133951537651,0.20748676827907533
4058,3.4011442103967075e-08,3.6238925025112513e-12,7.145852633747239,0.5048624987337242,0.6121067416388694,0.38789325836113064,0.9634210991981389,0.8613649194543511,0.2076990368264583
4059,3.4011442103967075e-08,4.9346345423836305e-12,7.144492395290701,0.5048902331015018,0.6120816114370804,0.38791838856291966,0.9634159688132402,0.8613468830941762,0.20772415781805972
4060,3.4011442103967075e-08,3.046742415751789e-12,7.14799494330161,0.5049167955945845,0.6121490593361825,0.38785094066381753,0.9634061985399716,0.8613259628505026,0.20753112657737496
4061,3.4011442103967075e-08,3.6338908409978112e-12,7.149436931538864,0.5049746080795291,0.612145543712098,0.387854456287902,0.963400792185798,0.8613132883122571,0.20747998848837085
4062,3.4011442103967075e-08,2.7545586458684085e-12,7.153677118630733,0.5049367174643965,0.6121935905745858,0.3878064094254142,0.9633679767001394,0.8611574127361394,0.20770374742343453
4063,3.4011442103967075e-08,7.201846154471006e-12,7.145206510159189,0.5049216133016632,0.612198538489964,0.3878014615100361,0.9633685009632553,0.8612300354117486,0.20746578533535412
4064,3.4011442103967075e-08,5.087898893270704e-12,7.14361024729439,0.5049507799607343,0.612201923905749,0.38779807609425104,0.9634103988136399,0.8613505371626096,0.20748209697572087
4065,3.4011442103967075e-08,4.492897809021968e-12,7.143281570459444,0.5049808580779015,0.6122490593101408,0.3877509406898592,0.9634157831244178,0.861352601400141,0.20742623289204096
4066,3.4011442103967075e-08,3.2309993168160155e-12,7.145869463506464,0.5049542955848189,0.6122073926543248,0.38779260734567517,0.9633836097540129,0.8612469245685761,0.20762992374338543
4067,3.4011442103967075e-08,3.031886632244536e-12,7.148941351096658,0.5049661445400665,0.6122511426429316,0.3877488573570684,0.9633682754687458,0.861205540470879,0.20774748055030143
4068,3.4011442103967075e-08,5.901707752844526e-12,7.145300312832873,0.5049960924489343,0.6122326530644132,0.38776734693558673,0.963381980110366,0.861251620752853,0.20767480133929186
4069,3.4011442103967075e-08,4.537462844423912e-12,7.145394050579165,0.5049493476694407,0.6122361686884977,0.38776383131150227,0.9633684341795383,0.8612684372905881,0.20769006800280113
4070,3.4011442103967075e-08,7.433066995758393e-12,7.137396324815152,0.5049367174643965,0.6122158561937875,0.38778414380621257,0.9633907658581129,0.8613460163968953,0.20763214268514565
4071,3.4011442103967075e-08,3.7453180514691206e-12,7.138963633156228,0.504908983096619,0.6121977572401673,0.3878022427598326,0.96339647042006,0.8613365447459256,0.20756031216764173
4072,3.4011442103967075e-08,3.2413074225762697e-12,7.1421085214631965,0.504982811202393,0.61218356453553,0.3878164354644699,0.9633855628295628,0.8612991734465482,0.20762711382333313
4073,3.4011442103967075e-08,2.9236312255998393e-12,7.145530286981385,0.5049821601608958,0.6122458041026552,0.38775419589734483,0.9633915741342426,0.861378066017867,0.2074722435291537
4074,3.4011442103967075e-08,3.3275293978253088e-12,7.1490528249848,0.5049795559949073,0.6121969759903708,0.3878030240096292,0.963368014849336,0.8612433586566601,0.20773742498058548
4075,3.4011442103967075e-08,2.9447913156100274e-12,7.152529528289761,0.5049196601771718,0.6122185905680754,0.38778140943192463,0.9633891991493656,0.8613656828870284,0.2074142889045154
4076,3.4011442103967075e-08,5.2457703982091435e-12,7.150274755942403,0.5049253893423465,0.612200100989557,0.387799899010443,0.963389690083178,0.8613159915286515,0.20751068918116336
4077,3.4011442103967075e-08,7.591765385888169e-12,7.142510154141137,0.504923696634454,0.612205309321534,0.38779469067846595,0.963375454317415,0.8612905417388124,0.2074812789869453
4078,3.4011442103967075e-08,4.324325891473596e-12,7.143263500171071,0.5049305976743235,0.6122606478487896,0.38773935215121036,0.9633782747319897,0.8613101974981776,0.2074366163723202
4079,3.4011442103967075e-08,2.8843882602637885e-12,7.146727418896712,0.5049002591405575,0.6123040072124981,0.3876959927875019,0.9633842743993777,0.861318084139984,0.2073164229718795
4080,3.4011442103967075e-08,3.5725796796456595e-12,7.148291812949279,0.5048688789403961,0.6122753613866246,0.38772463861337536,0.9633651817387996,0.8612404397539184,0.20742569889111415
4081,3.4011442103967075e-08,4.446598578952346e-12,7.149538716951115,0.5048018216661923,0.6122790072190085,0.3877209927809915,0.9633842466191029,0.8612900822662469,0.2073454876588837
4082,3.4011442103967075e-08,2.931301999726848e-12,7.153261314240007,0.5048631497752214,0.6122766634696188,0.3877233365303811,0.9633790793307794,0.8612472161455674,0.2075006357347058
4083,3.4011442103967075e-08,3.092038490267278e-12,7.156654313085061,0.5048641914416168,0.6122640332645747,0.3877359667354253,0.9633978487220775,0.8613201606624067,0.20739016373104285
4084,3.4011442103967075e-08,7.2474601407804355e-12,7.149020567408184,0.5048575508183462,0.6122973665892274,0.38770263341077255,0.9634124320712418,0.8614141480715657,0.20713768591974682
4085,3.4011442103967075e-08,4.023862406749603e-12,7.150772946919647,0.5048772122715594,0.6122584343076994,0.3877415656923006,0.9634414957205921,0.8615179633606405,0.20708544472439588
4086,3.4011442103967075e-08,6.0447934306909765e-12,7.14632045451323,0.5047813789631825,0.612264423889473,0.38773557611052706,0.9634314338480577,0.8614524841752721,0.2074304911403395
4087,3.4011442103967075e-08,4.033139745536249e-12,7.147012973653211,0.504797134167413,0.6122570020164058,0.3877429979835943,0.9634393830493471,0.861480378057505,0.2074462196841177
4088,3.4011442103967075e-08,3.133201147101902e-12,7.150195282622481,0.5047503893879194,0.6122385124378874,0.3877614875621126,0.9634205295327972,0.8614189344325067,0.2075302085667751
4089,3.4011442103967075e-08,3.5534520794118514e-12,7.153226633161693,0.5047316393928022,0.6122836947177879,0.3877163052822122,0.9633709520850813,0.8612543002657485,0.20755130713160863
4090,3.4011442103967075e-08,4.0424293970780384e-12,7.15377072547148,0.5046973946100535,0.6122418978536724,0.38775810214632755,0.9634125049523949,0.8613580621252243,0.20748894334595824
4091,3.4011442103967075e-08,3.8626320734840615e-12,7.1545249975052325,0.5047449206393436,0.6122208041091656,0.3877791958908344,0.9634358046262503,0.861437272078667,0.20729804604333596
4092,3.4011442103967075e-08,3.3986372019184045e-12,7.157461583484499,0.5047712227158274,0.6122771843028166,0.3877228156971834,0.9634693242648215,0.8615132944155973,0.2072865337363828
4093,3.4011442103967075e-08,1.6222101394317687e-11,7.126216477487068,0.5047585925107833,0.612259215557496,0.38774078444250404,0.9634705893107023,0.861545575700655,0.2074482082072724
4094,3.4011442103967075e-08,4.335578866363293e-12,7.125737636685449,0.5047195300209557,0.612264163472874,0.3877358365271259,0.9634595069649627,0.8614909371785313,0.20761879000493252
4095,3.4011442103967075e-08,3.659253958195153e-12,7.1281466694791185,0.5046992175262455,0.612242679103469,0.38775732089653103,0.9634396936600396,0.8614291551772065,0.20776419609321986
4096,3.4011442103967075e-08,3.1612369643555974e-12,7.1310145021881945,0.5047078112740074,0.6122511426429316,0.3877488573570684,0.9634230747422843,0.8613913110633394,0.20769567660169286
4097,3.4011442103967075e-08,4.754340228852494e-12,7.129755217403819,0.5047697904245337,0.6122159864020869,0.38778401359791315,0.9634370224324129,0.8614070650471811,0.20779259861138108
4098,3.4011442103967075e-08,7.419034466656582e-12,7.1216671428897875,0.504781509171482,0.6122623405566822,0.38773765944331784,0.9634297165414837,0.8613708496232665,0.2075801983232727
4099,3.4011442103967075e-08,1.4661801641235477e-11,7.094935143238368,0.5047151029387753,0.6123032259627016,0.3876967740372984,0.9634142168064435,0.8613945295777358,0.20744943787659734
4100,3.4011442103967075e-08,4.12777505143738e-12,7.095625914868271,0.5047425768899539,0.6123499707421951,0.3876500292578049,0.9634314737842574,0.8614478527359697,0.2073346336455003
