global_step,phi,x2_mean,bc_clean_nrmse,negative_fraction,clamp_fraction,active_fraction,update_cosine_to_floor,update_norm_ratio_to_floor,active_update_energy_fraction
1,3.4011442103967075e-08,3.3609238516965123e-12,389.48660711339784,0.6830390148335899,0.703506327211894,0.29649367278810607,0.7811158678282953,0.5395059643708285,0.2431966975984624
2,3.4011442103967075e-08,3.216761042503886e-12,310.1128374767027,0.6324532207153071,0.6634744365951988,0.3365255634048012,0.8371359730685911,0.6239842557974868,0.23764730615469454
3,3.4011442103967075e-08,5.255343332007736e-12,210.94188537846276,0.6086640342020744,0.6476304303045755,0.35236956969542454,0.8652647268180115,0.6682052262925512,0.236550703286222
4,3.4011442103967075e-08,3.1967164767396837e-12,211.4879726173416,0.5941831785981305,0.6397141563244385,0.36028584367556155,0.8829797241166525,0.6970850054043658,0.23708480665510595
5,3.4011442103967075e-08,2.8345606256553915e-12,210.0622641962995,0.5842438582698286,0.6357687146435639,0.3642312853564361,0.8955825424655032,0.7185427946448018,0.23719176464224193
6,3.4011442103967075e-08,3.322217179843837e-12,202.79465308879253,0.5771463340764755,0.6336202777030527,0.3663797222969473,0.9049966864666426,0.7349399258610835,0.2374522415024163
7,3.4011442103967075e-08,3.1753409538077513e-12,196.42397249327954,0.571230580408703,0.6325257467380868,0.3674742532619132,0.91245963376563,0.7482139302816965,0.23817327896421148
8,3.4011442103967075e-08,3.3591661715009076e-12,190.54514505501555,0.5666878732583663,0.6323589499065234,0.36764105009347653,0.9186353526493934,0.7595439907180106,0.2384719537912024
9,3.4011442103967075e-08,2.7205605257422845e-12,186.2169065855033,0.5627210774163861,0.6327425435566293,0.3672574564433707,0.9238562905566615,0.769504128439664,0.23866094118456907
10,3.4011442103967075e-08,3.0108410972722693e-12,181.22152082463649,0.5596973802871406,0.6335310850179466,0.3664689149820534,0.9282936202727354,0.7781097027276289,0.23836212335571264
11,3.4011442103967075e-08,3.1327139420281484e-12,176.68091054038788,0.5568837091448674,0.6342615535777204,0.3657384464222796,0.9321324618662801,0.7855729793173098,0.23876474179408802
12,3.4011442103967075e-08,2.9116089751933145e-12,172.93790972666318,0.5545529805851613,0.635470277221282,0.36452972277871803,0.9354936948200678,0.7923889289157308,0.23856908539602698
13,3.4011442103967075e-08,3.13068631585905e-12,168.62377592839653,0.5525623561035531,0.636901917473459,0.363098082526541,0.938559130120094,0.7987593475728322,0.23807581707129927
14,3.4011442103967075e-08,3.772764668724584e-12,161.72891607339676,0.550668606596717,0.6379907192732502,0.3620092807267498,0.9412203803254575,0.8041643699856187,0.23815567153744716
15,3.4011442103967075e-08,2.6958712931055973e-12,159.46390706219753,0.5490272007741664,0.6393666303732733,0.36063336962672665,0.9436489309179168,0.8092929488983885,0.238204907767713
16,3.4011442103967075e-08,2.9064891300699083e-12,156.87393731485867,0.5473244668425867,0.6407473591803752,0.35925264081962477,0.9458472449450702,0.8139572849053069,0.23838036193727588
17,3.4011442103967075e-08,3.3764280864819714e-12,152.6316679493739,0.5458580609744633,0.6422747025326295,0.3577252974673705,0.9478865124158461,0.8184617055801581,0.23807676456884022
18,3.4011442103967075e-08,3.4178428408630445e-12,149.1476341246202,0.5446091029663794,0.6438068635919626,0.3561931364080374,0.9497379611315283,0.8225723283678215,0.2376498210063499
19,3.4011442103967075e-08,2.8051550291192925e-12,147.1826530653459,0.5435704313618668,0.645211941351057,0.3547880586489431,0.9514902918369004,0.8265158131692482,0.2374818330784235
20,3.4011442103967075e-08,3.067231504892858e-12,144.45884873188572,0.5423068900242474,0.6467008732549809,0.35329912674501907,0.9530452835383141,0.830108497420593,0.23708066496450245
21,3.4011442103967075e-08,2.7231235461131286e-12,142.6170011510224,0.5412562392561877,0.6482088155706209,0.35179118442937907,0.9544868204809069,0.8333712185335053,0.23692104478899323
22,3.4011442103967075e-08,2.9851798577596843e-12,140.18946809358818,0.5401925676581855,0.6497227474680345,0.3502772525319655,0.9558753301733572,0.8366448598067192,0.23655530181057685
23,3.4011442103967075e-08,2.8680145843953794e-12,138.0782446397146,0.539253505402733,0.6512033460407953,0.34879665395920467,0.9571295250750194,0.8395835327527225,0.23652360353024723
24,3.4011442103967075e-08,2.8176311463867267e-12,136.16898455230063,0.5386977763807874,0.6529439705875076,0.34705602941249236,0.9583388903829398,0.8425635435422598,0.23582079983159968
25,3.4011442103967075e-08,3.645297551618729e-12,132.8686106003818,0.5377193912189085,0.6543103764816728,0.3456896235183272,0.9594558923434211,0.8452841209664191,0.23565048388868373
26,3.4011442103967075e-08,3.176114823038079e-12,130.174120693385,0.5369303289243935,0.6557499594401147,0.3442500405598853,0.9605420314380743,0.8479508131550951,0.235286051752726
27,3.4011442103967075e-08,3.2982673607708673e-12,128.00651889448423,0.5361593655834985,0.6574684485759249,0.34253155142407515,0.9615730113450653,0.8505649359979592,0.234714197865416
28,3.4011442103967075e-08,3.2006657071326507e-12,125.83748190506714,0.5355032459626964,0.659030687752425,0.34096931224757493,0.962567267148604,0.853079953929686,0.2343294464704035
29,3.4011442103967075e-08,3.1288065445391962e-12,123.721034255421,0.5349123606999061,0.6604235259313734,0.33957647406862657,0.9634960498315557,0.8554316513347832,0.2337133234295208
30,3.4011442103967075e-08,2.975734086444485e-12,122.22780369008296,0.5343917879188053,0.6618925359654855,0.3381074640345146,0.9643982525577953,0.8577525161573627,0.23328924067651824
31,3.4011442103967075e-08,3.496756234779471e-12,119.95477437502615,0.5338124911946638,0.663453342850692,0.33654665714930804,0.9652210448310774,0.8599683055478637,0.23260749197983682
32,3.4011442103967075e-08,3.067432168303273e-12,118.42132429716663,0.5333006423696244,0.6650884986748702,0.33491150132512987,0.9660266894556014,0.8621151610679527,0.23190163224719626
33,3.4011442103967075e-08,3.644926744276842e-12,116.15723485933806,0.5327912675022741,0.6665335503818879,0.33346644961811206,0.9667551863627604,0.8640226469492653,0.23157711858134478
34,3.4011442103967075e-08,2.882685409303938e-12,115.04269777904214,0.5322696530547778,0.6679688364664489,0.33203116353355117,0.9674622246698441,0.8659613455307364,0.23079712700662017
35,3.4011442103967075e-08,3.2143848976474934e-12,113.48528875648505,0.5318856687797737,0.6694232631710252,0.33057673682897476,0.9681444099643914,0.8677773830313942,0.230549978606281
36,3.4011442103967075e-08,2.846031562590869e-12,112.49949484885519,0.5314354084803624,0.6708887575810527,0.3291112424189473,0.9688206679951831,0.8696394088664189,0.23001460574887658
37,3.4011442103967075e-08,3.2313295424944962e-12,110.98593921733406,0.5309135336162673,0.6723102415858746,0.3276897584141254,0.9694546831622237,0.8713736502047402,0.2294546717394407
38,3.4011442103967075e-08,2.8599253717745155e-12,109.89562130969624,0.5304040285406175,0.6736347204076248,0.3263652795923751,0.9700483520668488,0.8730077863105644,0.22895817891564982
39,3.4011442103967075e-08,3.1603550674745956e-12,108.52548980653845,0.5299622317806688,0.6750059440088687,0.32499405599113124,0.9706326404833236,0.8745971837572345,0.2287684036275117
40,3.4011442103967075e-08,3.775545921589662e-12,106.60160194112488,0.5294907475284512,0.6763735217777287,0.3236264782222713,0.9711762213243912,0.8761708333519561,0.22813406523291432
41,3.4011442103967075e-08,2.7443010533632313e-12,105.81106905712844,0.5292137944755744,0.6777011255986652,0.3222988744013348,0.9717281589600592,0.8777013001671082,0.22768597273152366
42,3.4011442103967075e-08,2.8499616309688754e-12,104.96804910803404,0.5287723883405239,0.6789965679696438,0.32100343203035625,0.9722613313438316,0.8791796409006867,0.22770831332429659
43,3.4011442103967075e-08,2.9523775024189877e-12,104.04810753164809,0.528340357203032,0.6802918801323229,0.3197081198676771,0.9727456138921536,0.8805992024561995,0.2270560361251089
44,3.4011442103967075e-08,3.2619421072126265e-12,102.88157578720136,0.5281795499532422,0.6816960464333213,0.31830395356667873,0.9732356042584683,0.8820241664022702,0.226272097855426
45,3.4011442103967075e-08,2.636960410281588e-12,102.2317159025055,0.5278395760834437,0.6830358898344037,0.31696411016559634,0.9737193871383413,0.8834651590324428,0.225793012563524
46,3.4011442103967075e-08,3.0919648552484453e-12,101.1440568585828,0.5274193939011995,0.6842888842997698,0.3157111157002303,0.9741806517093268,0.8848296089978269,0.22520749689606068
47,3.4011442103967075e-08,2.9632335599036535e-12,100.28081623817255,0.5270990814846142,0.6856619308172055,0.3143380691827945,0.9746530577359519,0.8862447796755295,0.22474008917413452
48,3.4011442103967075e-08,2.5662415601151695e-12,99.75340241193832,0.526821086765342,0.6869572429798846,0.31304275702011536,0.9750909750347959,0.8876083853533109,0.2238437412534338
49,3.4011442103967075e-08,2.0815108523379204e-12,99.49612778727584,0.5264788993544532,0.6882517738927673,0.3117482261072328,0.9754853298125924,0.8887939416485822,0.22323100730107773
50,3.4011442103967075e-08,2.818913146137383e-12,98.82128911105475,0.526283326488717,0.6894758621156609,0.3105241378843391,0.9758759685613971,0.889981750039386,0.2229385697648673
51,3.4011442103967075e-08,3.2274787231098838e-12,97.76349417098385,0.5259959567718863,0.6906123201530416,0.30938767984695836,0.9762794211924806,0.891172044906574,0.22276182268654945
52,3.4011442103967075e-08,3.1832255173846604e-12,96.64587198176768,0.5257078058052589,0.6919384916826845,0.30806150831731555,0.9766558247784629,0.8923915446710937,0.22193783078976087
53,3.4011442103967075e-08,2.89982548886754e-12,95.90371020661121,0.5255930922934655,0.6931655746964649,0.30683442530353505,0.9769898259924598,0.8933860626103561,0.2217003959097443
54,3.4011442103967075e-08,3.21349162049085e-12,94.83969714965673,0.5253058527849341,0.6945076316386376,0.3054923683613624,0.9773411193361013,0.8945196106775175,0.22074382774281467
55,3.4011442103967075e-08,3.256457574750074e-12,93.91390645152195,0.5249927018248173,0.6957543761056312,0.30424562389436877,0.9776948773162777,0.8956443839756495,0.2203211940958046
56,3.4011442103967075e-08,2.7915926075273073e-12,93.42872332958736,0.5247031185668962,0.6969891414090778,0.30301085859092225,0.97805793768516,0.8967974128149967,0.21951603606838235
57,3.4011442103967075e-08,3.4443503880919808e-12,92.4591364460382,0.5245331967361467,0.6982496879558104,0.30175031204418956,0.9783863407343524,0.8978274797363153,0.21893946699250924
58,3.4011442103967075e-08,3.329319847088872e-12,91.37567450204929,0.5242398374375423,0.6995219532494913,0.30047804675050865,0.9787150037980191,0.8988886597516101,0.21832384171191146
59,3.4011442103967075e-08,3.4779296623702963e-12,90.43319730968716,0.5240358010323435,0.7005857550557929,0.29941424494420704,0.97902869726151,0.8998998847523972,0.21795226316963712
60,3.4011442103967075e-08,2.980970185010088e-12,89.76654093152428,0.5237899677630292,0.7017857547432931,0.298214245256707,0.9793658541298206,0.9010108612330295,0.21731967526983148
61,3.4011442103967075e-08,3.348732822717407e-12,88.86070829176175,0.5235889261487171,0.7029662231858794,0.29703377681412063,0.9796609311674762,0.9020129928219426,0.21677623965342002
62,3.4011442103967075e-08,3.1105361680779317e-12,88.16414960784714,0.5234117126531999,0.7041692176642662,0.2958307823357338,0.9799585882186893,0.9029842456610158,0.21605069721015988
63,3.4011442103967075e-08,2.789600411733389e-12,87.6755380627214,0.5232775981047921,0.7052141392671513,0.2947858607328488,0.9801955585265578,0.9037525170773618,0.2158709364605226
64,3.4011442103967075e-08,3.4143316896471337e-12,86.87485743577251,0.5229886658883682,0.7064254670767013,0.2935745329232987,0.9804544019558985,0.9046273045165669,0.2150770444306136
65,3.4011442103967075e-08,3.1648806564142995e-12,86.2212552727155,0.5229144471576961,0.70759408656404,0.29240591343596006,0.9807266689369886,0.9055263539102935,0.21470183481368404
66,3.4011442103967075e-08,2.7965909662109096e-12,85.77586079756618,0.5227123638769886,0.7085843206811665,0.2914156793188335,0.9809788119565582,0.9063399748610378,0.21446296865365913
67,3.4011442103967075e-08,3.380638179491872e-12,84.90658884620166,0.5225766868289878,0.7096843203947082,0.29031567960529175,0.9812379096727167,0.9071841386434001,0.21392522135757155
68,3.4011442103967075e-08,2.9817104614121255e-12,84.41053868858036,0.5224382754066991,0.7108563252978319,0.28914367470216806,0.9814691993012927,0.9079498683413453,0.21333649292577617
69,3.4011442103967075e-08,2.563250359462288e-12,84.05404038601988,0.5222947858607329,0.711915048980456,0.288084951019544,0.9817006952370176,0.9087644264310666,0.21292787518618592
70,3.4011442103967075e-08,3.665319570272316e-12,83.2131138666364,0.5220050723945124,0.7130887465914723,0.28691125340852774,0.9819282164012919,0.9095275544543999,0.21249187211955048
71,3.4011442103967075e-08,2.6203849663326047e-12,82.86660351871743,0.521769004747655,0.7141121838249521,0.2858878161750479,0.9821583041211996,0.9103286374578715,0.21201741098061674
72,3.4011442103967075e-08,3.1138923370513473e-12,82.39071045150024,0.5217217391349638,0.7152920012260413,0.28470799877395864,0.9824008557974562,0.9111506339285703,0.21125032255245463
73,3.4011442103967075e-08,3.1807206532862522e-12,81.82108898037073,0.521597390209013,0.7163060634619627,0.2836939365380374,0.9826332259309385,0.9119300516943574,0.21090297345632295
74,3.4011442103967075e-08,2.768529016147608e-12,81.45889462572516,0.5213136663245661,0.7174302819191974,0.28256971808080256,0.9828641430906067,0.9127860286314539,0.21003965945450198
75,3.4011442103967075e-08,3.635042709079897e-12,80.63743922992735,0.5212475205084582,0.7184770264382744,0.2815229735617256,0.9830704521620631,0.913533050038577,0.20967570444066358
76,3.4011442103967075e-08,3.133498334493049e-12,80.07096208362876,0.5211719996947918,0.7196668698784193,0.2803331301215807,0.9832889943625014,0.9143322264460585,0.20875388671863998
77,3.4011442103967075e-08,3.049817167089376e-12,79.67836260953959,0.5210122341113974,0.7207107498149089,0.2792892501850911,0.9834894952036358,0.9150802655569086,0.20821916464645968
78,3.4011442103967075e-08,3.3962159486698636e-12,79.1528022079721,0.5208950466419149,0.7217612703746692,0.2782387296253308,0.9836571623648637,0.9156375040426667,0.20796603703172228
79,3.4011442103967075e-08,3.2562913906926995e-12,78.6350084512198,0.5207183539795953,0.7227391347033504,0.2772608652966497,0.9838533008605138,0.9163468871970137,0.20751543142280696
80,3.4011442103967075e-08,3.661567472039328e-12,77.92469778418327,0.5207365831415148,0.7237882229718169,0.27621177702818306,0.9840505100307215,0.9170407721011274,0.2068452240223963
81,3.4011442103967075e-08,3.1979939752671083e-12,77.43038631346283,0.5204545519649604,0.7248327539498036,0.2751672460501963,0.9842591751725166,0.9178177961991687,0.20619351947043124
82,3.4011442103967075e-08,2.360686543602627e-12,77.24149205897514,0.5203089790862033,0.7257676495396747,0.2742323504603254,0.9844402143558941,0.9184516238568816,0.20573801187753044
83,3.4011442103967075e-08,2.9485638946314314e-12,76.86149403943226,0.5201858020349474,0.7267387430367857,0.27326125696321435,0.9846055925881272,0.9190305483553244,0.2055162061327292
84,3.4011442103967075e-08,3.677088282858748e-12,76.16874387763623,0.5200451770715685,0.7278059302588723,0.2721940697411277,0.9847661022330261,0.9196271617164028,0.20485020154150083
85,3.4011442103967075e-08,3.170830676805375e-12,75.74184776924649,0.5198666614930569,0.7288567112352314,0.27114328876476856,0.9849380777393107,0.9202753677982451,0.20438966262297167
86,3.4011442103967075e-08,2.927368754609505e-12,75.40819910021717,0.5197338490276435,0.729887700550078,0.27011229944992204,0.985092885188661,0.9208103062085791,0.2038972616744008
87,3.4011442103967075e-08,2.8400991165295274e-12,75.03627479693893,0.519699083411697,0.7308455128006477,0.2691544871993523,0.9852689732464365,0.9215017745122871,0.20318666756346107
88,3.4011442103967075e-08,3.263595661374391e-12,74.5602022879225,0.5196760365426988,0.7317551479804302,0.26824485201956977,0.9854158639964907,0.9220429073288555,0.20291767113880674
89,3.4011442103967075e-08,2.915120701691955e-12,74.23231061295867,0.5195533803246405,0.7327334029340097,0.2672665970659904,0.9855984010953777,0.9227229267237492,0.20228325568010805
90,3.4011442103967075e-08,3.6544693762741295e-12,73.72721501095428,0.5194535105589816,0.7337207724685488,0.26627922753145117,0.9857571367442182,0.9233809538581413,0.2014894367566804
91,3.4011442103967075e-08,3.906055132275622e-12,73.16728587600764,0.5192727814393798,0.7347893919819292,0.26521060801807084,0.9859238821050821,0.9240265102036124,0.20058476410889206
92,3.4011442103967075e-08,2.828346538328027e-12,72.80854378353368,0.5192604116509345,0.7358015010933591,0.26419849890664093,0.9860790714352069,0.9246306147720563,0.19989619446036014
93,3.4011442103967075e-08,3.0873110307778347e-12,72.3591022843207,0.5191604116769761,0.7365789748492253,0.2634210251507747,0.986244125059885,0.9252355545324056,0.19958952067871646
94,3.4011442103967075e-08,2.881337709608415e-12,72.07262749940303,0.5190496044141655,0.7375767610477185,0.26242323895228153,0.9863891985515486,0.925787434746693,0.19923692815218588
95,3.4011442103967075e-08,2.6892788267371687e-12,71.87097597267336,0.5188325471790242,0.7385095733047986,0.2614904266952014,0.9865296516856897,0.9263645527140498,0.19868171783900987
96,3.4011442103967075e-08,2.9687371962941417e-12,71.56093807139128,0.5187391878283365,0.739426500149349,0.2605734998506511,0.9866647507141797,0.9268690010515196,0.1981538097751696
97,3.4011442103967075e-08,3.052690132525964e-12,71.22689171954225,0.5186115836949001,0.7404024113535387,0.25959758864646126,0.9867957189940828,0.9273484328917272,0.19777240200152804
98,3.4011442103967075e-08,2.657105711369197e-12,71.01237281534497,0.5185602816249266,0.741328843403947,0.25867115659605294,0.9869254213683142,0.9278806096453491,0.19715983740134094
99,3.4011442103967075e-08,2.6689891449051065e-12,70.76553209337858,0.5184963493499091,0.7422432962908082,0.25775670370919174,0.9870695493280619,0.9284686411850421,0.19654692094130877
100,3.4011442103967075e-08,2.7752575656166257e-12,70.55147242040623,0.5184279899927109,0.7431108741898765,0.25688912581012346,0.9872007347921781,0.9290140377152157,0.19588202758346102
101,3.4011442103967075e-08,3.2776676112885802e-12,70.17349295742103,0.5183486931383612,0.7440193374949642,0.2559806625050358,0.9873342308023166,0.9295561786116578,0.1953222579068981
102,3.4011442103967075e-08,3.0773151950415673e-12,69.86413762676646,0.5182092400496771,0.7448259779099016,0.25517402209009843,0.9874756356441019,0.9300701205164034,0.19498293384834303
103,3.4011442103967075e-08,2.810638458136544e-12,69.64210547479613,0.5180981723702676,0.7456528006112498,0.25434719938875017,0.9876068389708939,0.9305860015465196,0.1944706533484263
104,3.4011442103967075e-08,3.244608149209503e-12,69.26765652034986,0.5179903598983437,0.7465897795339116,0.2534102204660884,0.9877389034770233,0.9311304654131087,0.19379014265691105
105,3.4011442103967075e-08,2.6166574250024165e-12,69.06384048854056,0.5178921828405774,0.7473611334997048,0.25263886650029516,0.9878658093705568,0.9316255915547036,0.19356891627246
106,3.4011442103967075e-08,3.0153271132510034e-12,68.75653705308613,0.5178022089056747,0.748233008272654,0.2517669917273459,0.9879888018275813,0.9321085310913464,0.1930177413388133
107,3.4011442103967075e-08,3.55304836362709e-12,68.3062180371873,0.5177825474524616,0.7490722007624477,0.25092779923755226,0.9880990341387764,0.932540446950183,0.19257315026195387
108,3.4011442103967075e-08,2.719498821322797e-12,68.0976496025294,0.5176899693515705,0.7499496744922722,0.2500503255077277,0.9882104407594302,0.9329744354379294,0.19213139568351165
109,3.4011442103967075e-08,2.8757285707612643e-12,67.8741273681849,0.5176179641619885,0.7507867836492751,0.2492132163507249,0.9883425773041884,0.9335214513523199,0.1916156515075177
110,3.4011442103967075e-08,3.582751536849287e-12,67.40023147578015,0.517496479818625,0.751662825087806,0.24833717491219404,0.9884588526461547,0.9340075841826334,0.191070749482782
111,3.4011442103967075e-08,2.763056558063665e-12,67.1542683633191,0.5174243444207436,0.7524565748811003,0.2475434251188997,0.9885563183573746,0.9344155527454809,0.19054708780725968
112,3.4011442103967075e-08,3.6283095895514395e-12,66.78719819718089,0.5172690059195297,0.7533360017354163,0.2466639982645838,0.9886663374955535,0.9348444838494678,0.18989861577809788
113,3.4011442103967075e-08,3.2919239865096696e-12,66.48499219821215,0.5171658809463852,0.7541248036133323,0.2458751963866676,0.9887883360823033,0.9353242646250485,0.18955532030679223
114,3.4011442103967075e-08,2.970046332600816e-12,66.26570975089278,0.5170653601392291,0.754943162775218,0.24505683722478197,0.9889019277078458,0.9357773826906716,0.18925815476171148
115,3.4011442103967075e-08,2.7472690583617343e-12,66.07710457488068,0.5169374955891939,0.7558072250502018,0.24419277494979819,0.9890040411537988,0.9362231384168974,0.18854138663078862
116,3.4011442103967075e-08,3.3478295960571685e-12,65.74659149821854,0.5169390580887869,0.7565559227718951,0.24344407722810488,0.9891000502858911,0.9366098653962451,0.18812655315091753
117,3.4011442103967075e-08,3.3042683223036992e-12,65.39419486120268,0.5168714799813854,0.7574055319256427,0.24259446807435728,0.9891978664807165,0.9369986776351192,0.18792884686473815
118,3.4011442103967075e-08,3.255608568180578e-12,65.08079249198296,0.5167312456429047,0.7582232400460313,0.24177675995396877,0.9892836788314998,0.9373469591984472,0.18752479786376688
119,3.4011442103967075e-08,3.19279886493239e-12,64.82305939547261,0.5167196571042559,0.7589533179809068,0.2410466820190932,0.9893830204197132,0.937745414055572,0.1872971956547842
120,3.4011442103967075e-08,2.958760012904079e-12,64.52856210332409,0.5166661414931923,0.7597143854910454,0.24028561450895455,0.9894909275259303,0.9381767474274825,0.18681694427422513
121,3.4011442103967075e-08,3.0201828605504425e-12,64.28911040891153,0.5165751258918942,0.7605280571541518,0.23947194284584822,0.9895908935379949,0.938595657443654,0.18632101909736923
122,3.4011442103967075e-08,3.2280657638169398e-12,64.00269794994092,0.5165524696477943,0.7613374319433771,0.2386625680566229,0.9897034907724185,0.9391188759490707,0.1855717316300027
123,3.4011442103967075e-08,3.131516570959532e-12,63.77960478673071,0.5164354123866114,0.7621680306854087,0.23783196931459133,0.9897985645990426,0.9395416199106454,0.184950386224771
124,3.4011442103967075e-08,3.203092233268404e-12,63.53957795359629,0.5163855426079316,0.7629306606951405,0.23706933930485954,0.9898895821654483,0.9399208760864974,0.18436377387265115
125,3.4011442103967075e-08,2.7443985471093146e-12,63.346100758245214,0.5162398395208752,0.7637067021597129,0.23629329784028702,0.9899871292580186,0.9403178898477019,0.18408199946657858
126,3.4011442103967075e-08,2.8439652413050285e-12,63.17596015556594,0.5162200478593625,0.7645059207015832,0.23549407929841684,0.9900612160211942,0.9406818856801961,0.18347110182540252
127,3.4011442103967075e-08,3.014357611893238e-12,62.9330672593628,0.5161106728878456,0.7653486288154613,0.23465137118453874,0.9901568448873441,0.9410826207725338,0.18295678341279328
128,3.4011442103967075e-08,2.874233171640471e-12,62.756977307121055,0.51594439688948,0.7660590452971237,0.23394095470287637,0.9902414231977148,0.9414480576499931,0.18260151371337227
129,3.4011442103967075e-08,3.0066358270540654e-12,62.522895453132,0.5160278604094114,0.7668431596762605,0.2331568403237395,0.9903213272925808,0.9417805563778385,0.1823218471867377
130,3.4011442103967075e-08,3.0256685418758516e-12,62.288023009681595,0.5159080687739405,0.7675348261628057,0.2324651738371943,0.9903962294963896,0.9420897204199858,0.1820353485375398
131,3.4011442103967075e-08,3.0667768382317036e-12,62.03268083832574,0.5159369750164128,0.768292117632261,0.23170788236773895,0.9904744561579797,0.942452360739015,0.18148004324530453
132,3.4011442103967075e-08,3.1825801454661666e-12,61.810733053645585,0.5158533812881819,0.7691107372107455,0.23088926278925448,0.9905694348724098,0.942848947099163,0.18085972961318333
133,3.4011442103967075e-08,3.219959256265573e-12,61.57799688130889,0.5158523396217866,0.7697238880927375,0.23027611190726252,0.9906616262369798,0.943238191513707,0.18058152586148132
134,3.4011442103967075e-08,3.197037237401594e-12,61.34770197418436,0.5156807250831446,0.7705380805890415,0.22946191941095848,0.9907226122421595,0.9435289693980993,0.18011428499796742
135,3.4011442103967075e-08,2.915115089852761e-12,61.1797724123503,0.5156999959114594,0.7712649033164314,0.22873509668356856,0.9908120390597972,0.9439385391416439,0.1795488284765899
136,3.4011442103967075e-08,3.2803260896003463e-12,60.96796001864541,0.5156054646860769,0.7720007104164817,0.22799928958351834,0.9908770922219609,0.9441738029720974,0.17933511670529334
137,3.4011442103967075e-08,3.0363155672980006e-12,60.75928300013558,0.515550646992019,0.7726505800389114,0.22734941996108854,0.9909624215106115,0.9445547314412698,0.17889622397610486
138,3.4011442103967075e-08,2.7733924647014895e-12,60.61054397889614,0.5155494751173242,0.7734060485921749,0.22659395140782515,0.9910418998009882,0.9449377845782885,0.17831435619777003
139,3.4011442103967075e-08,2.6310108712211803e-12,60.498155575484546,0.5155075480449094,0.7740761005010155,0.2259238994989845,0.9911010331171659,0.9451894123785874,0.17792832170021866
140,3.4011442103967075e-08,2.78245053556958e-12,60.35254343568155,0.515489969924487,0.7747783138598141,0.2252216861401859,0.9911646462421195,0.945470278182291,0.1775641457840664
141,3.4011442103967075e-08,2.885647290228588e-12,60.14929334695147,0.5154647095143986,0.7755093032527857,0.2244906967472144,0.9912393162293766,0.9458051517609813,0.17722136720612758
142,3.4011442103967075e-08,3.285192023668071e-12,59.88844558129083,0.515329423091296,0.7762955009647133,0.22370449903528672,0.9913299785956929,0.9461786616674281,0.17670173468031633
143,3.4011442103967075e-08,2.9780385461109143e-12,59.71880899072376,0.5153546835013845,0.7769859955765637,0.22301400442343636,0.9913940223645678,0.9464697815850299,0.1763228560417894
144,3.4011442103967075e-08,3.3413146493992995e-12,59.506872914748726,0.5153472616283172,0.7777094328881685,0.22229056711183148,0.9914661684815345,0.9467895776418054,0.17590484874233164
145,3.4011442103967075e-08,3.5969503474360763e-12,59.23765141949269,0.5153098918463823,0.7784003181249172,0.22159968187508283,0.9915356592859916,0.9471148377989719,0.17548401727834664
146,3.4011442103967075e-08,3.3126224127144117e-12,59.01419248518505,0.5153053345559024,0.7791566981362765,0.22084330186372347,0.9916144877541448,0.9474898546284973,0.1748372750786568
147,3.4011442103967075e-08,3.2504916730959255e-12,58.77395792969976,0.5151731731319862,0.7798457604568332,0.2201542395431668,0.9916784791489208,0.9477916393682236,0.17426607277109907
148,3.4011442103967075e-08,2.849339356371299e-12,58.620731401903505,0.5152062460400401,0.7806044842175822,0.21939551578241775,0.9917424928485912,0.9480920774679734,0.17388116059141334
149,3.4011442103967075e-08,2.6192970764970554e-12,58.51065574387283,0.515071089825237,0.7813306559034751,0.21866934409652497,0.9918192465214072,0.9484399778156463,0.17335116517407842
150,3.4011442103967075e-08,2.9044836901340523e-12,58.36667498310502,0.5149693971433862,0.7820018796870105,0.2179981203129895,0.9918694586598674,0.9487020995922465,0.17295361320186556
151,3.4011442103967075e-08,3.065761952716112e-12,58.182830165442766,0.5149666627690982,0.782705264920504,0.21729473507949607,0.9919310466584528,0.9490095330161301,0.17247565841243934
152,3.4011442103967075e-08,2.9495768522792306e-12,58.02675078481645,0.5149264284045759,0.7833681553728762,0.2166318446271238,0.9920048812531141,0.9493172731256976,0.17206627127466378
153,3.4011442103967075e-08,3.2951301210467677e-12,57.81990146374161,0.5148044232280148,0.7840594312345232,0.21594056876547688,0.9920716570088824,0.9496096533112403,0.17161444758361472
154,3.4011442103967075e-08,2.4952752754214804e-12,57.72628116191447,0.5147399701197994,0.7847053946079702,0.21529460539202985,0.9921271880953666,0.9498823626982362,0.17105466763162724
155,3.4011442103967075e-08,3.082473354978939e-12,57.544857845941394,0.5146628868065399,0.7854163319228302,0.21458366807716978,0.9921830342713226,0.9501276950508893,0.17082530114368036
156,3.4011442103967075e-08,2.9027360295607002e-12,57.401277014323725,0.5147345013712236,0.7859884671905033,0.21401153280949667,0.9922554912823687,0.9504292543447037,0.17056131483611323
157,3.4011442103967075e-08,2.630667078053936e-12,57.269967777653456,0.5146050743215952,0.786639248271029,0.2133607517289709,0.9923196806602451,0.9507549873994147,0.17010117219183038
158,3.4011442103967075e-08,2.9254784418821126e-12,57.12445447115307,0.5145925743248504,0.7873336491318622,0.2126663508681378,0.9923789689147244,0.9510356576590558,0.1695868734586266
159,3.4011442103967075e-08,3.4319690724502297e-12,56.87214026245864,0.5144842410197289,0.7879529198039271,0.21204708019607288,0.9924325683162247,0.951290526117116,0.1694081060779731
160,3.4011442103967075e-08,2.911833988510618e-12,56.73225537253427,0.5144703087316904,0.7885874248470248,0.2114125751529752,0.9924945680888937,0.9516031440708077,0.16891672432186078
161,3.4011442103967075e-08,2.9443487494673847e-12,56.59174231456571,0.5144738243557749,0.7892535705068827,0.2107464294931173,0.992547369409165,0.9518387537308499,0.1685588901656117
162,3.4011442103967075e-08,3.1128756030482234e-12,56.411317238481416,0.5143274702272213,0.7899418515776429,0.21005814842235718,0.9925958609548841,0.9520769406649826,0.16814748967695062
163,3.4011442103967075e-08,2.8250740574082798e-12,56.298095049135384,0.514339319182469,0.7905819555776157,0.20941804442238426,0.9926503731806339,0.9523218449679559,0.1678838347209143
164,3.4011442103967075e-08,3.3210356274445546e-12,56.11178831994668,0.5143550743866994,0.791200705416483,0.20879929458351704,0.9927061408459579,0.9525994564510036,0.16735798031610966
165,3.4011442103967075e-08,2.89013476653165e-12,55.96627542716339,0.5142912723199812,0.7919237521031895,0.20807624789681045,0.9927751321338449,0.9529370536221715,0.16666392662608748
166,3.4011442103967075e-08,3.4421294819670992e-12,55.74104812991466,0.5142998660677432,0.7924861217484058,0.2075138782515942,0.9928369289177074,0.9532434131333338,0.1660560078428231
167,3.4011442103967075e-08,2.652374541257057e-12,55.598523045407454,0.5142324181686411,0.7931115122105437,0.20688848778945632,0.9928895089589017,0.9534859362268965,0.16583915975432775
168,3.4011442103967075e-08,2.918321397156115e-12,55.44682958780706,0.5142122358822302,0.793792501616536,0.20620749838346397,0.9929242245598501,0.9536584184317887,0.16546860391469004
169,3.4011442103967075e-08,3.211523546253122e-12,55.26834025060027,0.5141722619343068,0.7944175014537757,0.20558249854622435,0.9929848339043323,0.9539448249230966,0.1650114854751162
170,3.4011442103967075e-08,3.481310409033668e-12,55.04029946996464,0.5140695275860605,0.7950560429541554,0.20494395704584453,0.9930373716563665,0.9541908225461737,0.16457012230884893
171,3.4011442103967075e-08,2.7548485610638332e-12,54.939786254084616,0.5139925744811004,0.7957547406888696,0.20424525931113038,0.9930943903871193,0.9544761781419657,0.16400871681388093
172,3.4011442103967075e-08,3.205107427875077e-12,54.75156731840626,0.514049735924548,0.7963452353267616,0.20365476467323837,0.9931494931020556,0.9547840439373578,0.16332687338666638
173,3.4011442103967075e-08,3.2240090309903442e-12,54.59513090035522,0.5140110640596187,0.7969349487148571,0.2030650512851429,0.9931945654011448,0.9550285274194783,0.16299430079356228
174,3.4011442103967075e-08,2.4050117219570617e-12,54.52061672691858,0.5139561161572614,0.7976425006139322,0.20235749938606787,0.9932432856849763,0.9552514713532217,0.162882943907873
175,3.4011442103967075e-08,3.0347518207562198e-12,54.37211255311934,0.5139089807528696,0.7982109900492214,0.20178900995077867,0.9932878908198599,0.9554660489719273,0.16260616608468814
176,3.4011442103967075e-08,2.761819733509935e-12,54.25892071774084,0.513767834956293,0.7988479690500081,0.20115203094999193,0.9933415194746463,0.9557128530150969,0.16227122953113374
177,3.4011442103967075e-08,3.268684573634032e-12,54.07535330495797,0.5137673141230953,0.7994728386789482,0.20052716132105175,0.9933973884264286,0.9559761786016788,0.16174917055351037
178,3.4011442103967075e-08,3.671759355079989e-12,53.86062512847188,0.5137447880872947,0.8000254427017076,0.19997455729829236,0.9934383816787788,0.9561883177787932,0.16146529730892314
179,3.4011442103967075e-08,3.0075529052143056e-12,53.69418352536917,0.5136596318594708,0.8006065623420411,0.19939343765795894,0.9934813977726598,0.956387705999822,0.16104654703573437
180,3.4011442103967075e-08,3.4078660320484377e-12,53.53374911950508,0.5136927047675248,0.8011619007390883,0.19883809926091164,0.9935227308866589,0.9565813851275868,0.16091574336466777
181,3.4011442103967075e-08,3.18796866133201e-12,53.35352700703674,0.5136596318594708,0.8019193224168432,0.19808067758315687,0.9935571493260809,0.956765832447044,0.16038043440350794
182,3.4011442103967075e-08,3.0758855399291637e-12,53.21137264321302,0.5136006474998314,0.8024315618667808,0.19756843813321923,0.9936188232475027,0.9570770820531883,0.1598434835307925
183,3.4011442103967075e-08,2.8654910704284445e-12,53.11005804915475,0.5134838506552473,0.8029768742247724,0.19702312577522765,0.9936722049167864,0.9573311365906281,0.15941598861881037
184,3.4011442103967075e-08,3.679364344810916e-12,52.93272721869246,0.5135111943981264,0.803619973015632,0.19638002698436796,0.9937178283439523,0.9575620727049393,0.15889653597735734
185,3.4011442103967075e-08,3.353889121199211e-12,52.73560743975403,0.5134009079685136,0.8042068218211401,0.19579317817885986,0.9937651714730571,0.9578051880626764,0.15852094048291454
186,3.4011442103967075e-08,3.453743962262847e-12,52.537522235236175,0.5134377569172508,0.8048083841644833,0.1951916158355167,0.9937994171564565,0.9579694319119317,0.15812129526730195
187,3.4011442103967075e-08,2.9567960517776606e-12,52.4084709419857,0.5133968715112314,0.8053496600651927,0.19465033993480732,0.9938403043716022,0.9581708914369461,0.15781705939171614
188,3.4011442103967075e-08,3.5212540860972225e-12,52.211752590042174,0.513362105895285,0.8059520036583324,0.1940479963416676,0.9938928073743353,0.9584066267609973,0.15737754281960734
189,3.4011442103967075e-08,3.0823298751486576e-12,52.08124934604446,0.5133675746438607,0.8065620295411381,0.19343797045886185,0.9939322186411806,0.9586149041433691,0.15706165910877407
190,3.4011442103967075e-08,2.7877857366168213e-12,51.98373601804348,0.513312496533204,0.8071288262685348,0.19287117373146517,0.9939703506049411,0.9587831046124503,0.15683206118671886
191,3.4011442103967075e-08,2.831358395080624e-12,51.859503010921685,0.5133006475779563,0.8076289563466259,0.19237104365337404,0.9940147674166391,0.9590167486546017,0.15646462859405166
192,3.4011442103967075e-08,2.99928690328215e-12,51.73488080935232,0.5133128871581023,0.8082258311911898,0.1917741688088102,0.9940613506587336,0.9592623497006253,0.1559305132574188
193,3.4011442103967075e-08,2.6489304434671783e-12,51.632107804419825,0.5132973923704708,0.8088195810365675,0.19118041896343257,0.9941005678288426,0.9594803056994197,0.1554300856129012
194,3.4011442103967075e-08,3.102286401961338e-12,51.51595467014069,0.5131632778220631,0.8093595548542826,0.1906404451457174,0.9941437713391271,0.9596870135861897,0.15506329149323517
195,3.4011442103967075e-08,3.091463548479631e-12,51.35532018003077,0.5131166632508689,0.8098569505580858,0.1901430494419142,0.9941865038187987,0.9598881537641057,0.1548454850290189
196,3.4011442103967075e-08,3.781879092204919e-12,51.15511048834568,0.5131291632476137,0.8104081222895515,0.18959187771044853,0.9942267110874817,0.9601137587188227,0.15447603078224567
197,3.4011442103967075e-08,2.885705093789351e-12,51.06081256994179,0.5131272101231223,0.8109193200730938,0.18908067992690628,0.9942595202692206,0.9602707434289924,0.1542120891993401
198,3.4011442103967075e-08,3.3471927451898894e-12,50.90422291608733,0.513096741381057,0.8114734865954462,0.1885265134045538,0.9943038105286294,0.9605012394385969,0.15380089280998385
199,3.4011442103967075e-08,2.531904157244577e-12,50.82771118473644,0.5130479132687726,0.8120514812365934,0.18794851876340657,0.9943346699891771,0.9606875049454541,0.1533471196049287
200,3.4011442103967075e-08,3.088289679583832e-12,50.68155737354394,0.5130242153582772,0.812621012338278,0.18737898766172195,0.9943713883806871,0.9608756045735365,0.15309956241738962
201,3.4011442103967075e-08,3.2289358669946387e-12,50.55279400976141,0.5129950486992061,0.8131520017833329,0.18684799821666714,0.9944112940872332,0.9610954497438723,0.15262250835655697
202,3.4011442103967075e-08,2.3966278763266746e-12,50.509873538998775,0.5129394497553517,0.8137497880859926,0.1862502119140073,0.9944514634867375,0.961310009658089,0.15202996725822654
203,3.4011442103967075e-08,3.4503756510585295e-12,50.3533140619885,0.5129166633029523,0.8142858556547251,0.18571414434527492,0.9944887810562749,0.9615223464149574,0.1516232373630618
204,3.4011442103967075e-08,3.352130356723204e-12,50.20811041668561,0.512855595610522,0.8148104648931082,0.1851895351068919,0.9945232375308444,0.9617017258749168,0.1512005378357205
205,3.4011442103967075e-08,2.9741296808805253e-12,50.105632071450074,0.5127731737569861,0.8153518710021169,0.18464812899788308,0.9945696204571733,0.9619243799224003,0.15089254635659655
206,3.4011442103967075e-08,3.2353289931877144e-12,49.960820235949086,0.5126540331630122,0.8159187979378131,0.18408120206218695,0.9946020489017802,0.9620851625735896,0.15076101777108633
207,3.4011442103967075e-08,3.3750054428448905e-12,49.80206738781295,0.5126933560694386,0.8164309071794512,0.18356909282054876,0.9946360081193423,0.9622776399838286,0.1504455974747738
208,3.4011442103967075e-08,2.952820304675962e-12,49.68192657109622,0.5125554654803476,0.8169173653861027,0.18308263461389723,0.994670449957852,0.9624627406526771,0.15009675590570565
209,3.4011442103967075e-08,3.1151961634320735e-12,49.54182905592262,0.5125251269465815,0.8174837714886012,0.18251622851139881,0.9947072773053489,0.962664827511835,0.14959307312750775
210,3.4011442103967075e-08,2.8386893373895265e-12,49.45708439910361,0.512518225906712,0.8180918442469156,0.18190815575308444,0.9947480554436151,0.9628685694737454,0.14915186086437665
211,3.4011442103967075e-08,2.987266883939201e-12,49.34098876329519,0.5125355436105355,0.8186275211907497,0.1813724788092503,0.994780972535535,0.9630332656678149,0.14899275120396072
212,3.4011442103967075e-08,2.984848899617396e-12,49.2553125932769,0.512513929032831,0.8191440575145683,0.18085594248543163,0.9948171513399363,0.9632339519330144,0.14835678364217436
213,3.4011442103967075e-08,2.7609123991953427e-12,49.18575222044094,0.5125324186113493,0.8196965313290283,0.1803034686709717,0.9948474097831773,0.9633802522480003,0.14823186501828717
214,3.4011442103967075e-08,2.696280937500641e-12,49.11116239042868,0.5123631478220969,0.8201465312118408,0.17985346878815917,0.9948799653139169,0.9635746777704457,0.1477826735382413
215,3.4011442103967075e-08,2.777691616698571e-12,49.02131106327808,0.5123744759441469,0.8205894998464844,0.1794105001535156,0.9949180341538882,0.9637682911888992,0.14748054048652356
216,3.4011442103967075e-08,3.6998363797477865e-12,48.85840390886755,0.5124312467626961,0.8211061663786025,0.1788938336213975,0.9949476400033878,0.96392344313375,0.1472455067999865
217,3.4011442103967075e-08,2.9908028575924378e-12,48.751577538950706,0.5123977832297439,0.8216339006161717,0.17836609938382827,0.9949798110961949,0.9640570783398094,0.14720167398886003
218,3.4011442103967075e-08,2.8402276665231458e-12,48.66800281805154,0.5123756478188417,0.822131947361472,0.17786805263852795,0.9950204044785397,0.9642934973847866,0.14655105061402418
219,3.4011442103967075e-08,2.5296268438272675e-12,48.6029327486493,0.512326689498258,0.8226829888846383,0.1773170111153617,0.9950481259381952,0.9644127619584044,0.1463413071793631
220,3.4011442103967075e-08,2.5715487683395716e-12,48.55258265894865,0.5122619759734438,0.8232277804094322,0.17677221959056783,0.9950844092767281,0.9646157163142692,0.14584817741027606
221,3.4011442103967075e-08,3.323717162102827e-12,48.412117004479875,0.5122679655552173,0.8236997854948476,0.17630021450515249,0.9951181400063814,0.9648084597259391,0.14557824836038033
222,3.4011442103967075e-08,2.710070692605008e-12,48.34273527565207,0.5122042936967985,0.8242092905704973,0.17579070942950276,0.9951462174879107,0.9649524335486778,0.14531723491140416
223,3.4011442103967075e-08,2.939232146724882e-12,48.24924740431652,0.5122355436886605,0.8247354623084734,0.17526453769152664,0.995172542060766,0.9650978027936402,0.14490613056876317
224,3.4011442103967075e-08,3.3134344349133946e-12,48.103930164252084,0.5122430957700271,0.8252159309333513,0.17478406906664867,0.9952059140044565,0.9652705010154943,0.14471070666642866
225,3.4011442103967075e-08,3.0482163450253976e-12,48.006196997404956,0.5122834603428489,0.8257728318299917,0.1742271681700083,0.9952346805862127,0.9654317245693957,0.1442350185477304
226,3.4011442103967075e-08,2.7882214202192434e-12,47.95395364578531,0.5122187468180347,0.8262749150325742,0.17372508496742578,0.995269785187091,0.965645499842349,0.14361688031783745
227,3.4011442103967075e-08,3.009898955464265e-12,47.86648805582695,0.5120984343493661,0.8267518680333678,0.1732481319666323,0.9953000302097249,0.9658262959238384,0.143254336824419
228,3.4011442103967075e-08,2.9864700063869365e-12,47.763181457172834,0.5120578093599455,0.8272902793514898,0.17270972064851026,0.9953295328222285,0.9659893363772929,0.14276374542983541
229,3.4011442103967075e-08,2.875349972103034e-12,47.68759834060514,0.5120557260271547,0.8277213990308857,0.17227860096911432,0.9953561664993088,0.9661202919744505,0.14272502253164693
230,3.4011442103967075e-08,3.0954738191204847e-12,47.6014491844598,0.5120068979148703,0.8282741332619444,0.17172586673805554,0.9953838558234679,0.9662729412427794,0.1422188556851024
231,3.4011442103967075e-08,2.4528637969794832e-12,47.54170615345574,0.5120348926992467,0.8286881956541157,0.17131180434588428,0.9954083005379999,0.9663984752760234,0.1420740303613281
232,3.4011442103967075e-08,2.901087051872504e-12,47.455036073793394,0.5120027312492887,0.8291681434457959,0.17083185655420402,0.9954397786242202,0.9665736898640085,0.14169977684505902
233,3.4011442103967075e-08,2.9416082201940393e-12,47.36642726248251,0.511972783340421,0.829647700612578,0.17035229938742202,0.9954765330344205,0.9667651126437824,0.14142381695726813
234,3.4011442103967075e-08,3.2944080491412488e-12,47.245672143081954,0.5119208302289504,0.830123611946976,0.16987638805302394,0.9955085284139341,0.9669596131687342,0.14080604365756813
235,3.4011442103967075e-08,2.630413032178234e-12,47.16895812332203,0.5118231740043818,0.8306160597354011,0.16938394026459888,0.9955397735803042,0.967137206884523,0.14040526457850358
236,3.4011442103967075e-08,2.9932996038168815e-12,47.092030215834804,0.5117984344274911,0.8311176221047859,0.1688823778952141,0.995557399734229,0.967247316472675,0.1401142575130438
237,3.4011442103967075e-08,3.012021019177834e-12,46.98715942757404,0.5117915333876215,0.8315615021975254,0.16843849780247452,0.9955854850988255,0.9674268993912576,0.13963833203438217
238,3.4011442103967075e-08,3.3399154175237303e-12,46.87048538516891,0.5117700490182164,0.8319671010502341,0.1680328989497659,0.9956122279794352,0.9675595717217996,0.13951530086263284
239,3.4011442103967075e-08,2.7275109899063857e-12,46.79327171361179,0.5117203094478361,0.8324677519615229,0.16753224803847708,0.9956372010642562,0.9677002666119502,0.1391217905970893
240,3.4011442103967075e-08,3.3432518057117845e-12,46.676346814253414,0.5116816375829069,0.8329542101681744,0.16704578983182555,0.9956711774838691,0.9679127371522188,0.1385747999710028
241,3.4011442103967075e-08,3.481015860469312e-12,46.57609487728476,0.5116356740532099,0.8333785590160002,0.16662144098399975,0.9956883178723428,0.9679465552477228,0.13870214380672707
242,3.4011442103967075e-08,2.938841602724937e-12,46.50093420061207,0.5115845021915358,0.8339042099207786,0.16609579007922134,0.9957124285911688,0.9680831383279819,0.1382971218861191
243,3.4011442103967075e-08,3.40811724574062e-12,46.382457320365795,0.511566142821317,0.8343454858475298,0.16565451415247026,0.9957397518526596,0.9682482378831118,0.13799069233776345
244,3.4011442103967075e-08,3.1726795413874047e-12,46.28379413373281,0.5115635386553284,0.8347870221908796,0.16521297780912036,0.9957588697940043,0.9683511639246587,0.13782572587083752
245,3.4011442103967075e-08,2.996895919588217e-12,46.19074116773296,0.5115783824014629,0.8352108502055078,0.16478914979449225,0.9957839614747342,0.9685081452430021,0.1373771272683428
246,3.4011442103967075e-08,3.1369203741287427e-12,46.10556507532111,0.5114549449336081,0.8356827250826236,0.16431727491737633,0.9958189451831809,0.968686843631104,0.13716327141516726
247,3.4011442103967075e-08,3.2140876994722907e-12,46.00914030116368,0.5113835907855232,0.8361444437123845,0.16385555628761556,0.9958423946493176,0.9688140355457238,0.13694221915293966
248,3.4011442103967075e-08,2.7735673909845443e-12,45.944789672914226,0.5113630178742141,0.8366799904479192,0.16332000955208084,0.995867118545789,0.9689879482426673,0.13625011902634318
249,3.4011442103967075e-08,2.9611880675927074e-12,45.87258377049788,0.5114016897391434,0.8370961361728813,0.1629038638271188,0.9958879033763021,0.9691021968968574,0.13603797412909807
250,3.4011442103967075e-08,2.943943830172952e-12,45.786657452018474,0.5114324188978076,0.8375678808416976,0.1624321191583023,0.995911862613618,0.9692403008353101,0.1356460275396201
251,3.4011442103967075e-08,2.7360597690170485e-12,45.73208097816621,0.5113265595503751,0.8379855890662529,0.16201441093374716,0.9959305532780413,0.9693521577575849,0.13546371840839005
252,3.4011442103967075e-08,3.044443928961131e-12,45.65730489841318,0.5113759084958571,0.8383837660458943,0.16161623395410574,0.9959593408423814,0.9695038891363034,0.1351910846577271
253,3.4011442103967075e-08,3.650993037243085e-12,45.515723784884486,0.5113158824698223,0.8388693127944498,0.1611306872055502,0.9959723856788759,0.9695653468708979,0.13506034761504063
254,3.4011442103967075e-08,3.0948194309435197e-12,45.425419727716815,0.5112494762371156,0.839288583518598,0.16071141648140197,0.9959992709996023,0.9697318528628364,0.13460341175554283
255,3.4011442103967075e-08,2.8519628200263232e-12,45.35810183041906,0.5112229137440328,0.8397176198652032,0.16028238013479684,0.9960298758986227,0.9698944284785221,0.13451110508127523
256,3.4011442103967075e-08,3.471979338499832e-12,45.246728847303245,0.5111526012623434,0.8401312916324761,0.15986870836752387,0.9960567443563255,0.9700598703342509,0.13400388539783817
257,3.4011442103967075e-08,3.2992119188133913e-12,45.148703707816225,0.5112164033290616,0.840589364429853,0.15941063557014698,0.9960823340405754,0.9701967108280798,0.1337960468313877
258,3.4011442103967075e-08,3.2481178786622364e-12,45.066401513710936,0.5112044241655146,0.8410204841092489,0.15897951589075107,0.9961099068673335,0.9703759318024094,0.13323816051991674
259,3.4011442103967075e-08,2.9501429183000526e-12,45.0001626013399,0.5111714814657601,0.8414674892011746,0.1585325107988253,0.9961289726966436,0.9705001358073877,0.13286197153329216
260,3.4011442103967075e-08,3.0296981521896315e-12,44.921353491466036,0.5110248669206076,0.8418861088838258,0.1581138911161742,0.9961457224658973,0.9705832015835054,0.13262861692931485
261,3.4011442103967075e-08,3.067237664101076e-12,44.84218334354761,0.5110644502436328,0.8423254316860855,0.1576745683139145,0.9961644370723002,0.9707039453712142,0.1322800087684263
262,3.4011442103967075e-08,2.8328078097657164e-12,44.77273590569614,0.5110342419181662,0.8427557701156848,0.15724422988431513,0.9961799363177265,0.9707904511325671,0.1321402471922086
263,3.4011442103967075e-08,3.1774725939266918e-12,44.670544541264036,0.5110341117098668,0.8432174887454457,0.15678251125455436,0.996203037322957,0.9709099000715968,0.13193525522158542
264,3.4011442103967075e-08,2.9424992547340673e-12,44.59356500344603,0.5110220023380202,0.8435707438617854,0.15642925613821454,0.9962225330971682,0.9710143205672593,0.13181735572850506
265,3.4011442103967075e-08,2.5379783294152594e-12,44.55218232437339,0.5110223929629185,0.8439846760456573,0.15601532395434273,0.9962496368673974,0.9711765226331011,0.1313910416051994
266,3.4011442103967075e-08,2.8497048975038935e-12,44.49073700128822,0.5109864554722772,0.8444062905191951,0.1555937094808048,0.9962799249649035,0.9713569726760766,0.1308580204690964
267,3.4011442103967075e-08,2.5600964035546628e-12,44.45089182651517,0.5109707002680468,0.8448023841660458,0.15519761583395422,0.9963019835786646,0.9714975425487591,0.13052067328023362
268,3.4011442103967075e-08,3.48675475460641e-12,44.356266221596016,0.5108971325788717,0.8452324621790464,0.1547675378209537,0.996323960666893,0.9716181340244228,0.1303155100640602
269,3.4011442103967075e-08,2.7709737625071534e-12,44.29102581138851,0.5108623669629253,0.8456368891570601,0.15436311084293988,0.9963471793576272,0.9717529883587748,0.13005918705635336
270,3.4011442103967075e-08,2.620963914958024e-12,44.23660393639135,0.5108803357082459,0.8460387119690854,0.15396128803091458,0.9963722514114306,0.9719083315022211,0.1297156076800511
271,3.4011442103967075e-08,2.784345347757564e-12,44.17665186546667,0.5107894503152474,0.8464616285256176,0.15353837147438243,0.9963893008361105,0.972029941680847,0.12939047244631527
272,3.4011442103967075e-08,2.9012955564808127e-12,44.11137344469812,0.5108128878091438,0.8468703523775124,0.1531296476224876,0.9964135538331861,0.9721627004865878,0.12899516534256664
273,3.4011442103967075e-08,3.5143971736531165e-12,43.99448993279936,0.5108397107188253,0.8473058991390887,0.15269410086091123,0.9964370108831444,0.9722978271164514,0.12879061871402253
274,3.4011442103967075e-08,3.1701810767737365e-12,43.90776981243778,0.5108278617635776,0.847771133392934,0.152228866607066,0.9964502242552399,0.9723656825544136,0.1285660674794029
275,3.4011442103967075e-08,3.6241037899235597e-12,43.80608969152275,0.5107782524014968,0.8481793364116311,0.15182066358836885,0.996468553016916,0.9724744064514598,0.12815362994270174
276,3.4011442103967075e-08,2.7266926282088907e-12,43.74205518018949,0.5107382784535733,0.848543008191925,0.15145699180807504,0.9964806012449426,0.972543483811479,0.12801395043681635
277,3.4011442103967075e-08,3.138085711492041e-12,43.65785155481138,0.5107536430329055,0.8489447007956509,0.15105529920434915,0.9964972413295575,0.9726544351610138,0.12773428250380353
278,3.4011442103967075e-08,2.973612820505385e-12,43.587663227640434,0.5107552055324985,0.8494294662944099,0.15057053370559018,0.9965204342748238,0.9727989863465406,0.12717436737375462
279,3.4011442103967075e-08,3.0396756992755313e-12,43.51581207889788,0.5107398409531664,0.8497914453668111,0.15020855463318888,0.9965368722641417,0.9728898003510599,0.12707485361289267
280,3.4011442103967075e-08,3.0203328802634815e-12,43.43578209212307,0.5108035128115852,0.8501846744310744,0.14981532556892563,0.9965623342922019,0.9730468500213383,0.12660395638235292
281,3.4011442103967075e-08,3.527388997294389e-12,43.322830121735194,0.5107787732346944,0.8505716534969653,0.14942834650303477,0.9965812494417975,0.9731305275285944,0.12657235043101242
282,3.4011442103967075e-08,2.763734717950073e-12,43.27085582593165,0.5107307263722066,0.8510181377556932,0.1489818622443067,0.9966019531520828,0.9732639275212139,0.12614341861994824
283,3.4011442103967075e-08,3.1760274107085476e-12,43.19736782590252,0.5107225232493429,0.8514065491128778,0.14859345088712217,0.9966238069022831,0.9734061727262302,0.1258383428196215
284,3.4011442103967075e-08,2.9293354576637782e-12,43.13064099374905,0.5106648409726977,0.8517587625628222,0.14824123743717776,0.9966427389254612,0.9735251982524533,0.125724490361879
285,3.4011442103967075e-08,3.8312161888428834e-12,42.998317864399155,0.5107230440825407,0.852158241625458,0.14784175837454208,0.9966655771240059,0.9736616735269855,0.12532018347833754
286,3.4011442103967075e-08,3.528229568931454e-12,42.906729345983635,0.5106755180532505,0.8525487363154333,0.14745126368456674,0.996686454018,0.9737702499143628,0.12506363657207173
287,3.4011442103967075e-08,2.957710558116652e-12,42.8227818033924,0.5106384086879144,0.8529252987173701,0.14707470128262987,0.996701595496959,0.9738680474724456,0.12477217570706872
288,3.4011442103967075e-08,3.0584030263503183e-12,42.7596246507084,0.5106213514006898,0.8533614965204436,0.1466385034795564,0.9967247355217007,0.9740223028675258,0.1243039013864061
289,3.4011442103967075e-08,3.2835670891229694e-12,42.672589180069956,0.5106058566130581,0.8536898818515932,0.14631011814840672,0.9967493853168243,0.9741876159612416,0.12387916219816382
290,3.4011442103967075e-08,2.8883313909965466e-12,42.61407645504521,0.5105532524600905,0.8541036838271656,0.14589631617283433,0.9967681479644875,0.9743028612981244,0.12341539716968422
291,3.4011442103967075e-08,3.1258508205748944e-12,42.535676503280804,0.5105414035048428,0.854502121223406,0.14549787877659406,0.9967807131750962,0.9743770976592583,0.12319941330428286
292,3.4011442103967075e-08,2.9776553633018658e-12,42.46800201677335,0.5105959607823018,0.8548630586294118,0.1451369413705882,0.9968013020435842,0.9745044713701447,0.12297492776246349
293,3.4011442103967075e-08,3.5602073336628755e-12,42.37576752025198,0.5105752576626933,0.8552682668572221,0.14473173314277782,0.9968221501960952,0.9746163681670633,0.12271918551472542
294,3.4011442103967075e-08,3.3089253894279652e-12,42.29571558476986,0.5105239555927199,0.8557295948620847,0.14427040513791534,0.9968320848895632,0.974662889795807,0.12251669102873702
295,3.4011442103967075e-08,2.4384321176497532e-12,42.26651817913973,0.5105490857945089,0.8560736051891653,0.1439263948108347,0.9968471917954558,0.9747178681845985,0.12266052923550308
296,3.4011442103967075e-08,2.933760747330423e-12,42.20833787652823,0.5105024712233148,0.8564453498840234,0.14355465011597654,0.9968611180340456,0.9747927408824086,0.12253867565281168
297,3.4011442103967075e-08,2.763398821334924e-12,42.15689404922942,0.510464841024781,0.8568435268636648,0.14315647313633512,0.9968791001380125,0.9749223315693604,0.12203224898150465
298,3.4011442103967075e-08,3.524175742553209e-12,42.0562719065866,0.5104029920825541,0.8571433965772405,0.14285660342275952,0.9968944951389865,0.9750187717990144,0.12191195912964822
299,3.4011442103967075e-08,2.9924476259432994e-12,41.98708530490876,0.5104733045642436,0.8575933964600531,0.142406603539947,0.9969178288634443,0.9751585347201582,0.1214591774891845
300,3.4011442103967075e-08,3.2724211999823192e-12,41.888915209242846,0.5105290337163975,0.8578948286732218,0.1421051713267783,0.9969368186674675,0.9752661300500026,0.1213247951197049
301,3.4011442103967075e-08,3.1952657159899767e-12,41.80867672326092,0.5104468722794604,0.8582988650263372,0.14170113497366277,0.9969525352680364,0.9753711899510871,0.12089398040188128
302,3.4011442103967075e-08,3.0661244621222107e-12,41.75504511320454,0.5104567681102167,0.858626078482792,0.14137392151720793,0.9969753298646771,0.9755150727976348,0.12057889298237795
303,3.4011442103967075e-08,3.1832053205186192e-12,41.68153064680155,0.5103992160418708,0.858997432552752,0.14100256744724807,0.9969904167607084,0.9756143028432641,0.1202604625398094
304,3.4011442103967075e-08,3.024782374486175e-12,41.60930675943707,0.5104311170752299,0.8594051147382513,0.14059488526174863,0.9970103378507237,0.975742045483994,0.119858115307754
305,3.4011442103967075e-08,3.268540345224782e-12,41.53372401765408,0.5103415337652256,0.8597749063086182,0.14022509369138186,0.9970192503094308,0.9758029339981358,0.11964228716953586
306,3.4011442103967075e-08,4.017247968246145e-12,41.40137523629989,0.5103244764780009,0.8601953489074612,0.13980465109253878,0.9970360032974793,0.9759129420879737,0.11922416450225601
307,3.4011442103967075e-08,2.9224178296306616e-12,41.345621396830836,0.5102598931614861,0.860587796721928,0.13941220327807205,0.9970508331567657,0.9760067354353549,0.1190227691771666
308,3.4011442103967075e-08,3.4642283326608815e-12,41.25322879981184,0.5101855442225145,0.8609297237162178,0.1390702762837822,0.9970690645029467,0.9761149533083722,0.11868667101853543
309,3.4011442103967075e-08,3.3147740493976464e-12,41.172237114032846,0.510246351498346,0.8613426142336942,0.1386573857663058,0.9970815605013968,0.9762012512706747,0.118321826078074
310,3.4011442103967075e-08,3.220839758826493e-12,41.10220387284302,0.5102615858693786,0.8616991245575196,0.13830087544248035,0.9970986469868763,0.9762968236940175,0.11819718840417731
311,3.4011442103967075e-08,3.3306229830532094e-12,41.029265472541155,0.5102140598400886,0.8620079786437556,0.13799202135624444,0.9971151372706193,0.9763987900975715,0.11796339302820716
312,3.4011442103967075e-08,2.8014126277907428e-12,40.98962845752942,0.5102985650264154,0.8623423535566788,0.13765764644332124,0.9971304008242442,0.9764931943920205,0.11769854161326057
313,3.4011442103967075e-08,2.9681031077895223e-12,40.92770014420365,0.5102208306716587,0.8627368847039363,0.13726311529606372,0.9971434612182598,0.9765688536244126,0.11750555914963876
314,3.4011442103967075e-08,3.80155062404266e-12,40.82533736947036,0.5102624973274746,0.8631108429398846,0.13688915706011534,0.9971617069254826,0.9766794882991529,0.11718393281671607
315,3.4011442103967075e-08,3.2685854793475298e-12,40.74902570082933,0.5101505181899693,0.8634196970261205,0.13658030297387944,0.9971724495427121,0.9767474869269228,0.11701649641789397
316,3.4011442103967075e-08,3.0895330558973024e-12,40.6792047441995,0.5102014296350443,0.8637420927754966,0.13625790722450332,0.9971806721626821,0.9768060126251242,0.11699243649601311
317,3.4011442103967075e-08,3.2565923303456592e-12,40.60989605203811,0.5101522108978618,0.8640850614361819,0.1359149385638181,0.9971949669304169,0.9768939007523317,0.1167692923865762
318,3.4011442103967075e-08,3.2347447178559976e-12,40.52128713893123,0.510049346341316,0.8644578477974355,0.13554215220256452,0.9972157845612238,0.9770247572428225,0.11632708398192447
319,3.4011442103967075e-08,3.977895423437069e-12,40.41100169259608,0.5100222630150357,0.8647883164613759,0.1352116835386241,0.9972286372021791,0.9770944781631873,0.11625172937524851
320,3.4011442103967075e-08,3.267930352748767e-12,40.3464508104019,0.510043486967842,0.8651667017795047,0.13483329822049525,0.9972428299233682,0.9771917372976615,0.11590994400513831
321,3.4011442103967075e-08,2.929770168942019e-12,40.291889034286804,0.5100921848718268,0.865499253776236,0.134500746223764,0.9972547406014473,0.9772759219854749,0.11556603214197551
322,3.4011442103967075e-08,2.805489525657889e-12,40.24033111735301,0.5100324192623908,0.8658496443099885,0.13415035569001155,0.997270819724162,0.9773832641469723,0.11517872341805507
323,3.4011442103967075e-08,2.6938170496051374e-12,40.201229761345196,0.5100442682176385,0.8662160504645702,0.1337839495354298,0.9972819544458537,0.9774548516205964,0.11501144571911533
324,3.4011442103967075e-08,2.8174343688235875e-12,40.15670279482396,0.5100298150964023,0.866549383711098,0.133450616288902,0.9973007990071044,0.9775778265115792,0.11468333500603152
325,3.4011442103967075e-08,3.2070962276067936e-12,40.091267955225455,0.5099886692737841,0.8669000346614493,0.1330999653385507,0.9973085036012765,0.9776325799540867,0.11437646607494906
326,3.4011442103967075e-08,3.12430987144979e-12,40.0222776453199,0.5099539036578375,0.8673129251789258,0.13268707482107425,0.9973201698691828,0.9777032337405877,0.11422582595967662
327,3.4011442103967075e-08,2.7988455988708236e-12,39.969102701182635,0.5099152317929084,0.867625555305845,0.13237444469415502,0.9973426334725554,0.977838941620506,0.11398784998082508
328,3.4011442103967075e-08,3.4130774427290283e-12,39.88666998335045,0.5098755182615838,0.8679738625068066,0.13202613749319336,0.9973508830485011,0.9778857106010388,0.11391700579769369
329,3.4011442103967075e-08,2.7494788611629117e-12,39.838326525277864,0.509916924500801,0.8682884457582173,0.13171155424178274,0.9973601100851004,0.9779630235744121,0.11353883722900374
330,3.4011442103967075e-08,3.054532340130837e-12,39.787558407224346,0.5098552057668735,0.8686772477403001,0.13132275225969994,0.9973679306901887,0.9780155569505954,0.11345870957366369
331,3.4011442103967075e-08,3.529480210890438e-12,39.70825550969461,0.5098643203478332,0.8689917007834113,0.13100829921658874,0.9973735409899713,0.9780623806907187,0.11326379739739756
332,3.4011442103967075e-08,3.4221343323302518e-12,39.632196059988985,0.5099367161623135,0.8693504246483269,0.1306495753516731,0.9973885673522823,0.9781657840009682,0.1128444913291843
333,3.4011442103967075e-08,3.339486473375376e-12,39.55168652459655,0.5099190078335917,0.8696759453968892,0.13032405460311078,0.9974088898261431,0.9782886830125952,0.11251378750555156
334,3.4011442103967075e-08,3.2361841561309844e-12,39.47289820819504,0.509994789063857,0.8700229505148567,0.12997704948514335,0.9974226305635119,0.9783764472916354,0.11223726191768697
335,3.4011442103967075e-08,2.769419684372716e-12,39.43146094120042,0.5099570286570237,0.870384018129162,0.12961598187083806,0.9974420530041398,0.9784975177730442,0.11195030529671962
336,3.4011442103967075e-08,3.3604062902990727e-12,39.36260000868666,0.5099881484405864,0.8707903982316672,0.12920960176833288,0.9974550984113494,0.9785958451093777,0.11147561135684496
337,3.4011442103967075e-08,2.701599767566228e-12,39.33188444121237,0.5099217422078797,0.871087273154356,0.12891272684564406,0.9974682771783141,0.9786563760940964,0.11139771662644002
338,3.4011442103967075e-08,2.532046199358191e-12,39.30012708927047,0.509859372432455,0.8714474293105653,0.1285525706894347,0.9974848179710146,0.9787790164564004,0.1110226219335366
339,3.4011442103967075e-08,3.1669145246959195e-12,39.22533899112919,0.5098467422274109,0.8717564136051006,0.12824358639489938,0.9974983591640718,0.9788594938073479,0.11085188025950013
340,3.4011442103967075e-08,3.01657199336442e-12,39.177711070990476,0.509777210995518,0.872013314579866,0.127986685420134,0.9975044672886302,0.978898547614736,0.11078420469548096
341,3.4011442103967075e-08,3.3029233688217054e-12,39.10016588259228,0.5097320287156175,0.8723564134488506,0.12764358655114932,0.9975188966870088,0.9790017233550539,0.1103914114497576
342,3.4011442103967075e-08,3.315585064729822e-12,39.02738612406137,0.5097217422599629,0.8726581060786182,0.1273418939213818,0.9975327562576257,0.9790883861831982,0.11030029898666305
343,3.4011442103967075e-08,3.3374475815563106e-12,38.96209264185316,0.5097135391370992,0.8729224289264508,0.1270775710735492,0.9975440662149472,0.9791596075443727,0.11012808332656454
344,3.4011442103967075e-08,3.557544861282332e-12,38.88553128911683,0.5097898412005621,0.8733151371575164,0.12668486284248365,0.9975568826876002,0.9792557375800679,0.1095825649072739
345,3.4011442103967075e-08,3.344292750822223e-12,38.81894885384541,0.5097610651663893,0.8736424808222706,0.1263575191777294,0.9975723069517539,0.9793605615607919,0.10922040572378597
346,3.4011442103967075e-08,2.9312573811725824e-12,38.7775797776257,0.5097854141183817,0.8739254234569209,0.12607457654307902,0.9975805147155423,0.9794302403016557,0.10885881637672778
347,3.4011442103967075e-08,3.5132762733955738e-12,38.6934534435252,0.5097541641265197,0.8742144858816443,0.1257855141183557,0.9975979118864429,0.9795295856037799,0.10875058942320782
348,3.4011442103967075e-08,3.4359731669237633e-12,38.62985862253891,0.5097292943413296,0.8745776368287405,0.1254223631712596,0.9976070565305083,0.9795956667651734,0.10845534790597174
349,3.4011442103967075e-08,3.3655989671016893e-12,38.54965264775016,0.5097300755911262,0.8749183919483354,0.12508160805166457,0.9976176418087346,0.9796534746213009,0.1083613891907705
350,3.4011442103967075e-08,3.1595981750118965e-12,38.485352921749566,0.5097296849662278,0.875253808527654,0.12474619147234597,0.997632529104599,0.9797543357118582,0.10804696636211772
351,3.4011442103967075e-08,3.249427901311246e-12,38.431867054137854,0.5097046849727382,0.875554719907625,0.12444528009237497,0.9976421376411645,0.979827662879041,0.10785831580667389
352,3.4011442103967075e-08,3.1431531664216433e-12,38.37622799782383,0.5096391901981275,0.8758815427391816,0.12411845726081842,0.9976563776720179,0.9799165340386142,0.10751845029367536
353,3.4011442103967075e-08,3.2873944765544856e-12,38.320780656109356,0.5097272110085388,0.8762039384885577,0.12379606151144232,0.9976635654087643,0.979966976199349,0.10740195972963287
354,3.4011442103967075e-08,2.576086556033105e-12,38.28505352152375,0.5097057266391337,0.8764771155007511,0.12352288449924882,0.9976779386709388,0.9800737604209948,0.10706950192564449
355,3.4011442103967075e-08,2.899118304663e-12,38.23797470899532,0.5096734349808764,0.8768155268709565,0.12318447312904346,0.9976899761814191,0.9801601391215115,0.1067783313672797
356,3.4011442103967075e-08,2.9675256220046036e-12,38.17711883533591,0.5096937474755866,0.8771177403339218,0.12288225966607821,0.9976991527247355,0.9802182978371053,0.1065726680163262
357,3.4011442103967075e-08,3.041911531562053e-12,38.13201563168915,0.5096285131175747,0.8774506829555513,0.12254931704444869,0.9977086498170887,0.9802830519627106,0.10619077231633652
358,3.4011442103967075e-08,3.496305158323574e-12,38.05043131612575,0.5097308568409227,0.8778056307797837,0.12219436922021634,0.9977233676380349,0.9803904399166082,0.10589002629614588
359,3.4011442103967075e-08,2.7937332515579053e-12,38.0039580532111,0.5097053360142354,0.8781068025763535,0.1218931974236465,0.9977344629047094,0.9804519779020814,0.10575171238504102
360,3.4011442103967075e-08,3.039879173083318e-12,37.948473661449064,0.5097507787107347,0.8784100577057141,0.12158994229428587,0.9977449596597784,0.980523652202246,0.10551508468187158
361,3.4011442103967075e-08,2.85459915577218e-12,37.90878755572046,0.509795309949138,0.8787035472126179,0.12129645278738209,0.997759975923197,0.9806347929038952,0.10528228778003254
362,3.4011442103967075e-08,2.6864787472860274e-12,37.879039659034326,0.5097496068360399,0.8790172190059325,0.12098278099406745,0.997769661743789,0.9807103982926254,0.10502749141512423
363,3.4011442103967075e-08,2.850314935489088e-12,37.83893111302424,0.5096320287416591,0.8793323230905409,0.12066767690945913,0.997785572403314,0.9808104811406222,0.10463774901063429
364,3.4011442103967075e-08,3.403601186127135e-12,37.772426903743444,0.5096032527074863,0.8796459948838555,0.1203540051161445,0.9977923167876447,0.9808578610017359,0.10450977982556248
365,3.4011442103967075e-08,3.2609086765127745e-12,37.70854152869077,0.5096173152038241,0.8799459948057305,0.12005400519426948,0.9977991184995216,0.9809185574016642,0.10429504984097948
366,3.4011442103967075e-08,3.4983069920906942e-12,37.645069714226224,0.509586325628561,0.8802302395233751,0.11976976047662488,0.9978080639303392,0.9809654001416322,0.10426150740545839
367,3.4011442103967075e-08,2.9969746553856463e-12,37.59142285515324,0.5095475235553324,0.8805186509066013,0.11948134909339868,0.997820907907684,0.9810569935544349,0.10394404218425045
368,3.4011442103967075e-08,3.2070930645170023e-12,37.53791942083399,0.5096489558205844,0.8807747706315702,0.11922522936842986,0.9978296484084639,0.9811032037466834,0.10379771474775311
369,3.4011442103967075e-08,3.3641630726052247e-12,37.484547277807486,0.5095497370964226,0.8810586247243165,0.11894137527568352,0.9978424728510986,0.9811946979008548,0.10347868522184091
370,3.4011442103967075e-08,3.19506271978729e-12,37.422528692971845,0.5095868464617588,0.88133857256808,0.11866142743191994,0.9978503587211339,0.9812404071934364,0.10332760642115013
371,3.4011442103967075e-08,3.0576409465514073e-12,37.37766566011998,0.5095113256480923,0.8816488589456096,0.11835114105439035,0.997862580708287,0.9813227428319113,0.10313051141299512
372,3.4011442103967075e-08,3.025917332514274e-12,37.33077282650217,0.5094794246147332,0.881896254714517,0.118103745285483,0.9978700186364842,0.9813732332570496,0.10297739766142049
373,3.4011442103967075e-08,3.2423776038024192e-12,37.281913751877624,0.5095322891842997,0.882140785900837,0.117859214099163,0.9978819744551638,0.9814430286199178,0.10293208222372899
374,3.4011442103967075e-08,3.704657834121019e-12,37.19863211851051,0.5095114558563917,0.8824849264362171,0.11751507356378292,0.9979007120853683,0.9815707632618025,0.10244745347635471
375,3.4011442103967075e-08,3.3378660876357153e-12,37.14074025720041,0.5095477839719312,0.8828133117673668,0.11718668823263327,0.9979065770526412,0.9816129195801475,0.1023385458374882
376,3.4011442103967075e-08,3.3560301352944217e-12,37.08222693562993,0.5096084610394632,0.8830916971115372,0.1169083028884628,0.9979157588044817,0.9816773785162438,0.10212341644354939
377,3.4011442103967075e-08,2.8805621266317866e-12,37.044549374689204,0.5095509089711174,0.8834099261953318,0.11659007380466828,0.9979251322436065,0.981746067556214,0.10175176062358075
378,3.4011442103967075e-08,2.968061940560897e-12,37.00647845413722,0.5095305964764072,0.8836617490464195,0.11633825095358048,0.9979342566737057,0.9817978127979379,0.10170321529116219
379,3.4011442103967075e-08,3.1649711619079865e-12,36.9510089211103,0.5095083308572055,0.8839750302148359,0.11602496978516412,0.997944694014271,0.981855655353528,0.10150633462102514
380,3.4011442103967075e-08,2.9758111499269632e-12,36.90350136655826,0.5095121068978888,0.8842321916062001,0.1157678083937999,0.9979534949394772,0.9819175416449831,0.1014617384193732
381,3.4011442103967075e-08,2.8540602334145204e-12,36.858613780592535,0.5095311173096049,0.8845198217396297,0.11548017826037024,0.9979577069780737,0.9819550330543286,0.1011628376811555
382,3.4011442103967075e-08,3.231000948374061e-12,36.80223691416746,0.509433721501635,0.8847923477103261,0.11520765228967389,0.9979692320349316,0.9820277318466722,0.1009568527424035
383,3.4011442103967075e-08,3.0563685132381902e-12,36.75950218912556,0.5094567683706333,0.8850659153474179,0.11493408465258212,0.9979811884248795,0.9821093963692811,0.10066207837964383
384,3.4011442103967075e-08,3.2870494291094913e-12,36.71351893825415,0.5094019506765753,0.885350029856763,0.11464997014323694,0.9979921503905678,0.9821826214873637,0.1004498471437418
385,3.4011442103967075e-08,3.2211856346279564e-12,36.65940486992443,0.5094281225447598,0.8856166964539853,0.1143833035460147,0.9980010088260056,0.9822544545371366,0.10012959510537384
386,3.4011442103967075e-08,3.000559402442858e-12,36.626483604467026,0.5094529923299499,0.8859225557493344,0.11407744425066556,0.9980101012368768,0.9823104313896304,0.09989693318206973
387,3.4011442103967075e-08,3.281631972519677e-12,36.56724908667669,0.5094007788018805,0.8861689098518464,0.11383109014815361,0.9980230532645739,0.9823915786109324,0.09969741807572727
388,3.4011442103967075e-08,3.0221714507860133e-12,36.51437908873514,0.5093664038108323,0.8864599254010611,0.1135400745989389,0.9980296672925714,0.9824481180772491,0.09942662291666768
389,3.4011442103967075e-08,3.674134028059151e-12,36.437780508843105,0.5093450496497266,0.8866950815898225,0.1133049184101775,0.9980412322853578,0.982523928550397,0.09923521844632283
390,3.4011442103967075e-08,2.383361420469874e-12,36.41821498534566,0.5092955704959452,0.8869493783985993,0.11305062160140063,0.9980509725794066,0.9825899575884355,0.09908087688359786
391,3.4011442103967075e-08,3.288519664617741e-12,36.374056464557775,0.5091994767709696,0.8872730762309697,0.11272692376903026,0.9980607721811007,0.9826687439391268,0.09880356943296545
392,3.4011442103967075e-08,3.4276481868758825e-12,36.31335571749651,0.5091880184406202,0.8875879198989792,0.1124120801010208,0.9980680722435205,0.9827120733843376,0.09862913296490619
393,3.4011442103967075e-08,3.2985084623290327e-12,36.2629283694903,0.5092177059328891,0.8878479458729308,0.11215205412706923,0.9980763686233054,0.9827692872129772,0.09844232860598885
394,3.4011442103967075e-08,3.3244417243448096e-12,36.20055946790929,0.5092666642534729,0.8881338832984679,0.11186611670153211,0.9980878687932356,0.9828355588198407,0.0982738852379145
395,3.4011442103967075e-08,2.87976264304533e-12,36.166290857525425,0.5091893205236144,0.8884471644668842,0.11155283553311575,0.9981010608468354,0.9829396737873933,0.09787238923527976
396,3.4011442103967075e-08,3.2178583964785537e-12,36.108255840959444,0.5090826799263855,0.8886768519070698,0.11132314809293019,0.9981113762987612,0.983011075627329,0.09767528734051165
397,3.4011442103967075e-08,3.172121581284818e-12,36.06610737224339,0.5091184872087273,0.8889621382911098,0.11103786170889018,0.9981195885300516,0.9830703167893198,0.09746707562558925
398,3.4011442103967075e-08,3.385544961654043e-12,36.00944627743574,0.5091713517782938,0.8892258100974453,0.1107741899025547,0.9981258410836699,0.9831184055277641,0.09728472189404172
399,3.4011442103967075e-08,2.6981368278192127e-12,35.97820245042001,0.5091699194870002,0.8894433881657843,0.11055661183421567,0.9981352755235947,0.9831992282849702,0.0971218852048597
400,3.4011442103967075e-08,2.389644947349053e-12,35.96705186830786,0.509159763239645,0.8897558880844041,0.11024411191559585,0.9981445282992936,0.9832558717839375,0.09693711274974408
401,3.4011442103967075e-08,2.2245523862867914e-12,35.95923939364273,0.5091837215667392,0.8900275025970046,0.10997249740299547,0.9981531710720942,0.9833160329070739,0.09672588809014906
402,3.4011442103967075e-08,3.078095741106646e-12,35.91937844353827,0.5091555965740634,0.8902823202389791,0.1097176797610209,0.9981604021842834,0.983356772515288,0.09646866843635338
403,3.4011442103967075e-08,3.1713930410729744e-12,35.874842573108694,0.5091940080223938,0.8905194295522318,0.10948057044776811,0.9981670380290497,0.9834026312195101,0.0963716570489208
404,3.4011442103967075e-08,2.692397150429627e-12,35.847458125093716,0.5091162736676371,0.8907794555261834,0.10922054447381654,0.9981720087231106,0.9834414349169255,0.0961846738128256
405,3.4011442103967075e-08,3.264160806215022e-12,35.796405296186755,0.5090589820158901,0.8910844033634366,0.10891559663656337,0.9981798423529608,0.9834993426237932,0.09593941706171633
406,3.4011442103967075e-08,2.4567163805349425e-12,35.779493964286154,0.5091231747075066,0.8913437782958911,0.10865622170410894,0.9981845867119069,0.9835474706090069,0.09570212127850729
407,3.4011442103967075e-08,3.1544418620748897e-12,35.74221085126674,0.5090923153405429,0.8916742469598316,0.10832575304016848,0.9982010525896676,0.9836588022669872,0.09531530035584662
408,3.4011442103967075e-08,2.5745663826545048e-12,35.71889264355236,0.5090692684715447,0.8919006791925315,0.10809932080746854,0.9982073694818486,0.9836999207413673,0.0953961870272436
409,3.4011442103967075e-08,3.2928983959415225e-12,35.67592798323988,0.5090802059686964,0.8921945593243336,0.1078054406756665,0.9982208214551649,0.9837961803293102,0.09499241159738421
410,3.4011442103967075e-08,3.4213928766443566e-12,35.6268911274588,0.5091031226293952,0.8924561477978782,0.10754385220212183,0.998226349440758,0.9838422117712606,0.09472340523317353
411,3.4011442103967075e-08,2.919123747141611e-12,35.59583769346788,0.5091382788702399,0.8927558873031544,0.10724411269684565,0.9982323132948959,0.98388771962463,0.09452544322587905
412,3.4011442103967075e-08,2.6572297357650273e-12,35.56804094740762,0.5091364559540479,0.8929824497441538,0.10701755025584629,0.9982394175536584,0.983948079373306,0.09424790511671184
413,3.4011442103967075e-08,2.8366862822429227e-12,35.541421308053245,0.509114711168044,0.8932592725887311,0.1067407274112689,0.9982526314964859,0.9840354932204846,0.09391169037910511
414,3.4011442103967075e-08,2.512979743474622e-12,35.52436854050623,0.5090210914007575,0.8935398714739918,0.1064601285260082,0.9982595101555072,0.9840737154357883,0.09380635166970153
415,3.4011442103967075e-08,3.199849065375511e-12,35.47622808858295,0.5089615862079203,0.8938316682730031,0.10616833172699694,0.9982701684136189,0.9841533107523136,0.09359709583674601
416,3.4011442103967075e-08,3.1112654369415143e-12,35.431151749328194,0.5089600237083272,0.8940358348865013,0.10596416511349867,0.9982752837265351,0.9841955803595043,0.09339252730559548
417,3.4011442103967075e-08,3.1890831438707893e-12,35.384857651372386,0.5089544247514519,0.8943019806505259,0.10569801934947413,0.9982827383054134,0.9842397161336377,0.09330929452446322
418,3.4011442103967075e-08,3.168042011840093e-12,35.346630511746014,0.5089828101607266,0.894512527470696,0.10548747252930403,0.9982900005915686,0.9842933672122283,0.09320301827612623
419,3.4011442103967075e-08,4.3130443485689336e-12,35.25031594309653,0.5089865862014098,0.8947893503152734,0.10521064968472664,0.9982968887528585,0.9843427376747198,0.09305251151105512
420,3.4011442103967075e-08,2.834942316024883e-12,35.219043526774996,0.5090065080712218,0.8950472929564341,0.10495270704356588,0.9983007078426862,0.9843642895242515,0.0930066327598254
421,3.4011442103967075e-08,3.4617751272578555e-12,35.17042824658361,0.5089887997425001,0.8952517199865313,0.10474828001346875,0.99831078746091,0.9844330437335325,0.09282731547894907
422,3.4011442103967075e-08,3.5934258961690625e-12,35.10804743670188,0.508978383078546,0.8955614855308631,0.10443851446913685,0.9983221961253728,0.9845116554982478,0.09248774025279037
423,3.4011442103967075e-08,2.756116842198186e-12,35.08506854796251,0.5090006486977477,0.8958363552509492,0.10416364474905085,0.9983270635206588,0.9845499291695091,0.09234903738568913
424,3.4011442103967075e-08,3.0586334672699696e-12,35.03979375472038,0.5090341122306999,0.8960212510361325,0.10397874896386745,0.9983346754315144,0.9845991670910814,0.09218693778940328
425,3.4011442103967075e-08,2.8628520211513895e-12,35.00940576194547,0.5090328101477057,0.896307318669969,0.1036926813300309,0.9983427092428634,0.9846653606354372,0.09181849159807956
426,3.4011442103967075e-08,2.9109849644061087e-12,34.97549763638056,0.5089778622453484,0.8966082300499401,0.10339176995005991,0.9983540831698015,0.9847453811196207,0.09152895102110141
427,3.4011442103967075e-08,2.7959534801875877e-12,34.94483817053407,0.5089712216220778,0.8968116154136418,0.10318838458635818,0.9983616112077125,0.9847886717151614,0.09147523675515601
428,3.4011442103967075e-08,3.2671299425285093e-12,34.89332789438134,0.5089429664211025,0.8970745059701808,0.10292549402981926,0.9983695409458105,0.9848449290116752,0.0912791941297591
429,3.4011442103967075e-08,3.21110532387991e-12,34.846962283125656,0.5089268205919738,0.8973362246520248,0.10266377534797518,0.998378219923331,0.9849119025838076,0.09100190557341468
430,3.4011442103967075e-08,3.1050396073712844e-12,34.80716003784559,0.5089197893438049,0.8975577089693466,0.10244229103065337,0.998385705913439,0.9849659463545498,0.0908343681403771
431,3.4011442103967075e-08,2.911335139886798e-12,34.77580901874835,0.5088932268507221,0.8978392193127033,0.1021607806872967,0.9983939170395144,0.9850184392411995,0.09072801522055131
432,3.4011442103967075e-08,3.0904954620790075e-12,34.736652824677144,0.5088535133193975,0.8980873963314072,0.1019126036685928,0.9984024891686899,0.9850888574974165,0.09043385774869521
433,3.4011442103967075e-08,2.7957788330879884e-12,34.705105117349596,0.5088895810183383,0.8983019796088595,0.10169802039114052,0.9984117914345255,0.9851467005969923,0.09029044397794886
434,3.4011442103967075e-08,3.2798094059070805e-12,34.66513716216315,0.508782549796211,0.8985041930978663,0.10149580690213363,0.9984164394948117,0.9851798903362351,0.09015666916951508
435,3.4011442103967075e-08,3.1862747576571542e-12,34.62855805476129,0.5087376279329094,0.8987360940791421,0.10126390592085784,0.9984211355873549,0.985224057883943,0.09001792039975243
436,3.4011442103967075e-08,3.3945866817501998e-12,34.581491706973786,0.5087805966717196,0.8990383075421075,0.10096169245789259,0.9984308647256874,0.985297988876642,0.08960137320209309
437,3.4011442103967075e-08,2.966941745540531e-12,34.54004693073539,0.5087865862534932,0.8992587501930338,0.1007412498069662,0.9984386546119152,0.9853594604373321,0.08952938607023671
438,3.4011442103967075e-08,3.0943091644472873e-12,34.50578016520892,0.5087709612575622,0.8995673438626709,0.10043265613732913,0.9984446864998034,0.9854019529200221,0.08936885455433251
439,3.4011442103967075e-08,3.7330543691881735e-12,34.450119773959194,0.5088074195814012,0.89986187503597,0.10013812496402996,0.9984499275257963,0.9854439784883715,0.08906338465540552
440,3.4011442103967075e-08,3.48055273200877e-12,34.388516472591824,0.508821482077739,0.9000001562499593,0.09999984375004069,0.9984608331837035,0.9855055522043914,0.08907174942437805
441,3.4011442103967075e-08,3.4080950428152744e-12,34.33974816187669,0.5087941383348598,0.9002208593174845,0.09977914068251545,0.9984655157434922,0.985551361133201,0.08870335347385674
442,3.4011442103967075e-08,2.989070282456747e-12,34.30972479940467,0.5087475237636657,0.9004920832051867,0.09950791679481333,0.9984713151261412,0.9855905879274969,0.08858902724841286
443,3.4011442103967075e-08,3.3799112934541787e-12,34.2628711929595,0.5087153623137077,0.9007053643996447,0.09929463560035531,0.9984760653329244,0.9856219909139107,0.08847108502119796
444,3.4011442103967075e-08,2.7751788468849457e-12,34.23806109500395,0.5087749977148444,0.9009429945460952,0.09905700545390483,0.9984864166943075,0.9856959880692154,0.08819181876608703
445,3.4011442103967075e-08,3.3114181822146113e-12,34.19549038071042,0.5089046851810716,0.9011597913646376,0.09884020863536233,0.9984903266419699,0.9857364900867444,0.0881071485871306
446,3.4011442103967075e-08,2.9470666431035997e-12,34.15891238808499,0.5088278622844109,0.9014431246241863,0.0985568753758137,0.9984985893807513,0.9858003109602489,0.08784708548940062
447,3.4011442103967075e-08,3.1631041737502805e-12,34.12385852006937,0.508786846670092,0.9016656506079035,0.09833434939209651,0.9985044654689558,0.9858353648895967,0.0877996613141887
448,3.4011442103967075e-08,3.105575278394277e-12,34.090614525597275,0.5087722633405565,0.9018617443068374,0.09813825569316258,0.9985089541297206,0.9858669697420183,0.08756374333941454
449,3.4011442103967075e-08,2.3832043763637004e-12,34.08713730769104,0.5088184872868523,0.9021087494508465,0.0978912505491535,0.9985157219137155,0.9859141970831307,0.08740088969290617
450,3.4011442103967075e-08,2.8484881904521065e-12,34.056173280124355,0.5088001279166333,0.9023410410570205,0.09765895894297945,0.9985245114647027,0.9859912878604379,0.0870377080021343
451,3.4011442103967075e-08,3.5141730720935914e-12,34.00061240872521,0.5087184873128939,0.9025314055907798,0.0974685944092202,0.9985318278004752,0.9860479980821614,0.08682644288895905
452,3.4011442103967075e-08,3.4416664070532986e-12,33.94602919918834,0.5087856747953972,0.9027674732376372,0.09723252676236283,0.9985396968846844,0.9861173034681052,0.08652799127584974
453,3.4011442103967075e-08,3.3024982346729292e-12,33.90790160634213,0.5088350237408792,0.9029942960952354,0.09700570390476461,0.9985422463061846,0.9861453679736096,0.0864121787017097
454,3.4011442103967075e-08,3.0939505194369257e-12,33.878446710693396,0.5087563779280265,0.9032096606224842,0.09679033937751579,0.9985479886634013,0.9861920865849669,0.08619305911858065
455,3.4011442103967075e-08,3.116414134132659e-12,33.84496281277559,0.5087329404341301,0.9034616136818714,0.09653838631812857,0.9985554653610424,0.9862499009614242,0.08582306735163966
456,3.4011442103967075e-08,3.09468160998874e-12,33.81072493467758,0.5086979144015847,0.9036601813384945,0.09633981866150555,0.99856300675675,0.986291749128529,0.08570061349729421
457,3.4011442103967075e-08,2.710271222330744e-12,33.79232174573664,0.5087273414772548,0.9039112229397857,0.0960887770602143,0.9985692397028475,0.9863448899397106,0.0854313566576997
458,3.4011442103967075e-08,3.2893548126535784e-12,33.75123404533415,0.5086902321119188,0.9041176030943742,0.0958823969056258,0.9985759397748339,0.9863957286909729,0.08536843743680662
459,3.4011442103967075e-08,2.713530615345812e-12,33.72971776526687,0.5087057268995503,0.9043139572099069,0.09568604279009302,0.9985841643932722,0.9864596852688987,0.08524180514996986
460,3.4011442103967075e-08,3.662350468506776e-12,33.67561743401663,0.508596221719734,0.9045557540219391,0.09544424597806095,0.9985901854700884,0.9865049973020822,0.08498239098177014
461,3.4011442103967075e-08,2.9690255100052242e-12,33.64599387035591,0.5086703102421067,0.9047966393758752,0.09520336062412484,0.9985931382617401,0.9865255722580665,0.08494965992232562
462,3.4011442103967075e-08,3.6311815329528193e-12,33.591505814822575,0.508692445653009,0.905035311188721,0.09496468881127895,0.9985954324957834,0.986533764042193,0.08489857173947368
463,3.4011442103967075e-08,2.9987448160748183e-12,33.55647381377826,0.5086278623364942,0.9052505455076705,0.09474945449232956,0.99860061342453,0.9865844629993873,0.08465568704503286
464,3.4011442103967075e-08,3.1441107258975972e-12,33.527473624795185,0.5086203102551276,0.9054433839991187,0.09455661600088125,0.998607410711258,0.9866377879473326,0.08450127937198357
465,3.4011442103967075e-08,3.344693037307963e-12,33.47576516330847,0.5085990863023213,0.9056420818640412,0.09435791813595881,0.9986189046145858,0.9867172097472083,0.08424005466270143
466,3.4011442103967075e-08,3.2937835054686143e-12,33.42522548210241,0.5086115862990661,0.9058591390991825,0.09414086090081747,0.9986230331046142,0.9867506488163291,0.08420553887662113
467,3.4011442103967075e-08,2.7666983124343714e-12,33.40382815181836,0.5085731748507357,0.906077758833917,0.09392224116608303,0.9986279105357934,0.9867748750224862,0.08423930616992346
468,3.4011442103967075e-08,3.166826601003834e-12,33.36467637551808,0.5085782529744133,0.9063010660674307,0.09369893393256928,0.9986354092667682,0.9868287271415176,0.08391795886202742
469,3.4011442103967075e-08,3.295870953534913e-12,33.328073679066286,0.5086041644259989,0.9064866128941113,0.09351338710588877,0.998639451593402,0.9868662930749603,0.08373784825938094
470,3.4011442103967075e-08,3.502146846744199e-12,33.279379757445525,0.5085063779931307,0.9066940347150951,0.09330596528490487,0.9986474192603946,0.9869255371677494,0.0835112817565096
471,3.4011442103967075e-08,3.16374040717302e-12,33.244901842799315,0.5084104144764545,0.9069703367264748,0.09302966327352519,0.9986545924191752,0.9869723755572806,0.08328956749085267
472,3.4011442103967075e-08,2.9004766289842857e-12,33.22037298680794,0.5084027321867884,0.907140779390422,0.09285922060957796,0.9986563603497186,0.9870049473086127,0.08313478060801185
473,3.4011442103967075e-08,2.6980248734603748e-12,33.2011107774625,0.5084029926033874,0.9073565345425691,0.09264346545743087,0.9986588426016848,0.9870323691508767,0.08305298710288163
474,3.4011442103967075e-08,3.1845011324898695e-12,33.16482321082412,0.5083869769825581,0.9075665605295415,0.09243343947045847,0.9986645197053069,0.9870702203932666,0.08274639316114515
475,3.4011442103967075e-08,3.1198901186466697e-12,33.132924166635156,0.5084298155130689,0.9078173417142339,0.09218265828576608,0.998672620086098,0.9871332031696488,0.08255418898385612
476,3.4011442103967075e-08,3.0538859487385432e-12,33.10649578270218,0.5084419248849154,0.9080810135205694,0.0919189864794306,0.9986781449884198,0.987173898825738,0.0823641577897307
477,3.4011442103967075e-08,3.381382831089809e-12,33.05987768108086,0.5084364561363396,0.9082539301422057,0.09174606985779431,0.9986875992405243,0.9872400027227397,0.08217397066687597
478,3.4011442103967075e-08,3.271978666252065e-12,33.02848509197013,0.508393096772631,0.9084932529965487,0.09150674700345131,0.9986928749883994,0.9872776611422408,0.08207330463789907
479,3.4011442103967075e-08,2.8183607613066237e-12,32.99959156328305,0.5084558571729538,0.9086979404432447,0.09130205955675533,0.9987000443501678,0.9873388622439054,0.08183158956594093
480,3.4011442103967075e-08,3.152935071883568e-12,32.95734883587532,0.5084595030053377,0.9088755445636603,0.09112445543633974,0.9987049165943405,0.987366384183902,0.08183747272745194
481,3.4011442103967075e-08,3.4513710314546077e-12,32.91130586825626,0.5084889300810078,0.9091140861682068,0.09088591383179327,0.9987090902298896,0.9874116895033909,0.08153796028381001
482,3.4011442103967075e-08,3.530392841073203e-12,32.86549884248286,0.5084890602893072,0.9093204663227952,0.09067953367720477,0.9987132003952296,0.9874405154069317,0.08137537525952464
483,3.4011442103967075e-08,2.991686204332701e-12,32.84068102355046,0.508519008198175,0.9095672110502054,0.09043278894979455,0.998719902731321,0.9874963261864933,0.08109431225950103
484,3.4011442103967075e-08,3.2714739435536056e-12,32.80752543661771,0.5084084613519632,0.9097849193268439,0.09021508067315608,0.9987225396450472,0.9875250887214522,0.08091198671909482
485,3.4011442103967075e-08,2.6586922393837826e-12,32.79520923965034,0.5083693988621357,0.9100260650973789,0.08997393490262112,0.9987284418856244,0.9875595607586707,0.08076894207410007
486,3.4011442103967075e-08,2.7389389931751738e-12,32.76979063263074,0.5083481749093295,0.9102445546238139,0.0897554453761861,0.9987324140472309,0.9875880309482236,0.0805705832028886
487,3.4011442103967075e-08,3.649947499257e-12,32.71791390533121,0.5083666644878478,0.9103752837564365,0.08962471624356348,0.9987368812577888,0.9876315573794642,0.08040982612515894
488,3.4011442103967075e-08,3.2552216892311074e-12,32.685105963994836,0.5084036436448844,0.910579189953336,0.08942081004666405,0.9987364129234574,0.9876414602079556,0.08036513457067071
489,3.4011442103967075e-08,2.7473378694425477e-12,32.662282260927164,0.5083976540631109,0.9107898669818054,0.08921013301819453,0.9987430767623992,0.9876894191607514,0.08009946141686697
490,3.4011442103967075e-08,3.1118023071983477e-12,32.632104724061236,0.5083747374024121,0.911016169006206,0.088983830993794,0.9987471228129198,0.987713491930913,0.08004194529278226
491,3.4011442103967075e-08,2.988594487832532e-12,32.601647300258094,0.5084067686440706,0.9112472887376852,0.08875271126231478,0.9987527217853629,0.9877692510650768,0.07976150176835764
492,3.4011442103967075e-08,3.1200651619649334e-12,32.567379288400666,0.5083730446945196,0.9114355699386537,0.08856443006134634,0.9987589246293709,0.987812738255247,0.07957645284193716
493,3.4011442103967075e-08,3.649479154874905e-12,32.51568438969894,0.5083554665740972,0.9116657782120369,0.08833422178796307,0.9987686114426259,0.9878920103940524,0.0792970728172781
494,3.4011442103967075e-08,3.133720590531023e-12,32.485921616100754,0.5083805967758862,0.9118436427490514,0.08815635725094863,0.9987737779806796,0.9879178634336497,0.07926569134795595
495,3.4011442103967075e-08,3.0106164604503813e-12,32.45076148069262,0.5083531228247076,0.9120146062461962,0.08798539375380371,0.9987789087149381,0.9879579161362395,0.07914265798296746
496,3.4011442103967075e-08,4.0456864202650084e-12,32.387309094554254,0.5083852842746656,0.9122308822315411,0.08776911776845892,0.9987828393848087,0.9879918025941058,0.07890971804560488
497,3.4011442103967075e-08,3.374826639443126e-12,32.35457253010085,0.5083882790655523,0.9124303613462601,0.08756963865373993,0.9987873521324976,0.988028943138149,0.07873493168253617
498,3.4011442103967075e-08,3.186424817017199e-12,32.32389245034146,0.5083587217815829,0.9126519758718813,0.08734802412811872,0.9987948623222324,0.9880859130734231,0.0785193203757356
499,3.4011442103967075e-08,3.778866298239752e-12,32.2725953774503,0.5083026020045307,0.9128500226953066,0.08714997730469341,0.9988008829797765,0.9881281065368542,0.07837312123228271
500,3.4011442103967075e-08,2.990674994756555e-12,32.25296869749744,0.5082419249369987,0.9130575747245899,0.08694242527541009,0.9988085862430087,0.988183100082998,0.07817673473657591
501,3.4011442103967075e-08,3.583000154181179e-12,32.21152168098041,0.5082382791046148,0.9132332257205141,0.08676677427948587,0.9988116132316038,0.9882117725803174,0.07809357439560984
502,3.4011442103967075e-08,3.556334836396292e-12,32.16570579221042,0.5082286436904574,0.9134245017123693,0.08657549828763066,0.9988147808510731,0.9882278814704956,0.07800403755448992
503,3.4011442103967075e-08,2.6690044341570576e-12,32.143677956530134,0.5082339822307338,0.9136577047766394,0.08634229522336062,0.9988199606801536,0.9882605428106445,0.07795337295755855
504,3.4011442103967075e-08,3.693982449725682e-12,32.09864162481486,0.5082105447368374,0.913855230766867,0.08614476923313301,0.9988227654900578,0.9882861180590737,0.07785755469024486
505,3.4011442103967075e-08,3.5029304455659906e-12,32.06164698698794,0.5082029926554706,0.914023459889724,0.08597654011027601,0.9988298696158454,0.9883353053737223,0.07768467294727148
506,3.4011442103967075e-08,3.193260334678463e-12,32.0314475195174,0.5081933572413132,0.9142355692094872,0.08576443079051281,0.9988340010650754,0.9883688315618477,0.07748554434275187
507,3.4011442103967075e-08,2.930886231086994e-12,32.00716120434695,0.5081218728849289,0.9143881733364132,0.08561182666358681,0.9988404336672309,0.9884144612604473,0.07735945915463464
508,3.4011442103967075e-08,3.21487558340702e-12,31.974549627802254,0.5082053364048603,0.914615777443808,0.08538422255619205,0.99884729678927,0.9884660747140077,0.07714570426442244
509,3.4011442103967075e-08,3.1237841434586882e-12,31.94965446612095,0.5082429666033941,0.9147985898962006,0.08520141010379945,0.9988492185435256,0.9884891352599912,0.07708370512794262
510,3.4011442103967075e-08,3.905866150262646e-12,31.89465961294179,0.5082277322323614,0.9150080950499753,0.08499190495002475,0.9988547662306613,0.9885331193019808,0.07688752515564454
511,3.4011442103967075e-08,3.821769635721531e-12,31.839191775524718,0.5082522113926533,0.915183876254199,0.08481612374580111,0.9988590738566994,0.9885647917079602,0.07668887416257641
512,3.4011442103967075e-08,3.2861897426304973e-12,31.80662705690537,0.5082045551550638,0.9153583553754283,0.08464164462457172,0.9988582398915166,0.9885632596020982,0.076635871688715
513,3.4011442103967075e-08,2.9692213738944054e-12,31.788868512472472,0.5082231749418815,0.9155307511638668,0.08446924883613312,0.9988625107969085,0.9886002468843088,0.07645796765451487
514,3.4011442103967075e-08,2.849637405150784e-12,31.770808802332198,0.5081776020370828,0.9157330948611732,0.08426690513882679,0.9988691132217713,0.988651745972178,0.07622295788742507
515,3.4011442103967075e-08,3.508365593878241e-12,31.731651830800256,0.5082589822242234,0.9159087458570975,0.08409125414290257,0.9988717178621231,0.9886794293394744,0.07617759137120785
516,3.4011442103967075e-08,2.5509670682731418e-12,31.71495908567381,0.5082378884797165,0.9161189020523692,0.08388109794763074,0.9988750463372896,0.9887095157778214,0.07605634685393778
517,3.4011442103967075e-08,3.0571820700436098e-12,31.689786067716618,0.5081568989174743,0.9162648655560246,0.0837351344439754,0.9988783656172706,0.9887348979624907,0.07598544422636117
518,3.4011442103967075e-08,3.2344763068905062e-12,31.65792479449322,0.5081553364178811,0.916414214475465,0.08358578552453502,0.9988840688942272,0.9887858924759341,0.07579882505142457
519,3.4011442103967075e-08,2.8454830473314784e-12,31.636314625298954,0.5081699197474168,0.9166524956634126,0.08334750433658741,0.9988903057573152,0.9888328784855942,0.07550015683957945
520,3.4011442103967075e-08,3.177522912325216e-12,31.601157245532686,0.5081170551778502,0.9168608289424924,0.08313917105750754,0.9988985650886943,0.9888916160796042,0.07525749213013176
521,3.4011442103967075e-08,3.4093593913825604e-12,31.562757530066268,0.5080761697718308,0.91705158410115,0.08294841589885002,0.9988998600895843,0.9889124537143011,0.07500500774825783
522,3.4011442103967075e-08,3.1987421732079328e-12,31.529683781192087,0.5081104145545795,0.9172506725909707,0.08274932740902932,0.9989028727189405,0.9889419621930176,0.07484751671341415
523,3.4011442103967075e-08,2.873458816779989e-12,31.506557892276696,0.5081714822470098,0.9174716360750947,0.08252836392490523,0.9989078667060772,0.9889726497416875,0.07465464441382591
524,3.4011442103967075e-08,2.886102279463438e-12,31.48547867674664,0.5081220030932284,0.9176497610287081,0.08235023897129193,0.9989116632338905,0.9890127103581693,0.07452468224899124
525,3.4011442103967075e-08,3.1704818968570686e-12,31.456754594417557,0.5080700499817579,0.9178756724282103,0.0821243275717897,0.9989178892631667,0.9890705706947923,0.07417490649962848
526,3.4011442103967075e-08,2.929326121217593e-12,31.43295620211719,0.5081088520549865,0.9180222869733627,0.08197771302663723,0.9989243529695974,0.9891131186247211,0.07408444532162028
527,3.4011442103967075e-08,3.037420288784487e-12,31.39876693281456,0.5080871072689824,0.9181953338032985,0.08180466619670151,0.9989301606649729,0.9891528533380365,0.07407101464490602
528,3.4011442103967075e-08,3.01213370605698e-12,31.379603793954562,0.5080205708279764,0.9184095264558525,0.08159047354414752,0.998934113469321,0.9891810233911248,0.07386591990797246
529,3.4011442103967075e-08,3.452312892197792e-12,31.34068949677863,0.5081480447531134,0.9186332243142645,0.0813667756857355,0.9989349431718778,0.9891895883646962,0.07384331902486758
530,3.4011442103967075e-08,3.3487494519552283e-12,31.306078234828796,0.5081450499622265,0.9188062711442002,0.08119372885579977,0.9989399799173491,0.9892293724430076,0.07374744784540659
531,3.4011442103967075e-08,3.3965142219813664e-12,31.26939937781568,0.5080700499817579,0.9189856981808078,0.08101430181919224,0.9989445855050845,0.9892642232532791,0.07362378772129555
532,3.4011442103967075e-08,3.727494150768655e-12,31.22378769096092,0.5081084614300881,0.919163172092924,0.08083682790707607,0.998947235523668,0.9892850705216315,0.07360036222791132
533,3.4011442103967075e-08,2.690455328037039e-12,31.203095363315615,0.5080760395635313,0.9193665574566257,0.08063344254337433,0.9989530954070617,0.9893210377287122,0.07343512597848839
534,3.4011442103967075e-08,2.92819297962104e-12,31.182719448833975,0.5080587218597078,0.9195540574077975,0.08044594259220245,0.9989539090824162,0.9893347952061298,0.0732978233378697
535,3.4011442103967075e-08,3.285265591683175e-12,31.152764110880106,0.5080583312348096,0.9197418177755683,0.0802581822244317,0.998958985614024,0.9893821873746512,0.07311642200456464
536,3.4011442103967075e-08,3.5359413556911585e-12,31.12099662740524,0.508013409371508,0.9198627812857341,0.08013721871426596,0.998964127921879,0.9894251234728585,0.07295243304139279
537,3.4011442103967075e-08,2.6860682656795784e-12,31.10757868323973,0.5079846333373351,0.9200474166543186,0.07995258334568142,0.9989682815269729,0.9894614333374564,0.07270333241487474
538,3.4011442103967075e-08,3.1040046146481254e-12,31.08667909208998,0.5080402322811896,0.9202090051539049,0.07979099484609509,0.9989723890348554,0.9894906105042678,0.07263304985771231
539,3.4011442103967075e-08,3.5844502163815574e-12,31.050325366677832,0.5079920552104022,0.9203975467714722,0.07960245322852781,0.9989799298386091,0.9895585270032982,0.07228847552481604
540,3.4011442103967075e-08,3.5735202955134787e-12,31.00477660806969,0.5080098937474236,0.9205733279756958,0.07942667202430416,0.9989864867909242,0.9896055114449892,0.07212901201445968
541,3.4011442103967075e-08,3.331398124376334e-12,30.976043821783207,0.5080718728979498,0.9207457237641344,0.07925427623586556,0.9989897838280425,0.9896351288068873,0.07199827306652046
542,3.4011442103967075e-08,3.600400364356375e-12,30.9282633604368,0.5080847635195929,0.9209353070480971,0.07906469295190288,0.9989920620017854,0.9896535058745912,0.07192317351239855
543,3.4011442103967075e-08,3.4350237664155465e-12,30.897444591112986,0.5079888000029167,0.9211109580440213,0.07888904195597865,0.9989980571910996,0.9897112753949344,0.0716479411324692
544,3.4011442103967075e-08,3.2600696571860327e-12,30.870545488733132,0.5080041645822488,0.9213328329862414,0.07866716701375859,0.9989986273777285,0.9897235133014854,0.07158569030887398
545,3.4011442103967075e-08,2.866932659131382e-12,30.848138726874808,0.5079988260419724,0.9214998902344036,0.07850010976559642,0.9990028365621435,0.9897496664435749,0.07151366704388205
546,3.4011442103967075e-08,3.411723670408816e-12,30.81279095040006,0.5079903625025097,0.921647416237652,0.07835258376234798,0.9990071460713624,0.98977529943002,0.07141862102368844
547,3.4011442103967075e-08,3.048794499860757e-12,30.789464957105583,0.5079923156270011,0.9218433797282866,0.07815662027171347,0.999012255445397,0.9898113693718965,0.07118914284046969
548,3.4011442103967075e-08,2.9196480914021475e-12,30.759190113230755,0.507916273980137,0.9220027546867826,0.07799724531321736,0.99901194498005,0.9898233731277075,0.07112612950260924
549,3.4011442103967075e-08,3.29298082843594e-12,30.72428124057057,0.5079688781331047,0.9221648640195667,0.07783513598043335,0.9990199448999619,0.9898819691792653,0.07087703880964683
550,3.4011442103967075e-08,3.038299747429114e-12,30.70517116688613,0.5079912739606057,0.9223528848039363,0.07764711519606375,0.999021730844607,0.989891721613207,0.07079451332157365
551,3.4011442103967075e-08,3.241369500513707e-12,30.675370621205605,0.5079886697946172,0.9224879108104399,0.07751208918956011,0.999025108639182,0.9899167911271785,0.07070520628996624
552,3.4011442103967075e-08,2.9286361614049806e-12,30.65536450681044,0.5080467426961608,0.9226635618063641,0.07733643819363589,0.9990308802653092,0.9899671177775758,0.07053986478482094
553,3.4011442103967075e-08,4.2058367161922494e-12,30.60116987015363,0.5080449197799688,0.9228416867599774,0.07715831324002259,0.9990359528523408,0.990004857492287,0.07032752472078242
554,3.4011442103967075e-08,3.1746266310140302e-12,30.5716042017696,0.5080597635261033,0.9230195512969919,0.07698044870300814,0.999037754164973,0.9900217489232707,0.07021773152687245
555,3.4011442103967075e-08,2.643206410354597e-12,30.56000937520454,0.5079773416725673,0.9231824418795724,0.07681755812042758,0.999039434376502,0.9900387681963321,0.07020010099281324
556,3.4011442103967075e-08,2.7987371591988767e-12,30.539664144762988,0.5079921854187017,0.9233532751684179,0.07664672483158208,0.9990434899299188,0.9900709965947598,0.07012219531269646
557,3.4011442103967075e-08,3.6364917632694385e-12,30.492453508377114,0.5079971333340798,0.9235367386623077,0.07646326133769236,0.999045985396459,0.9901010963300654,0.06991466938584719
558,3.4011442103967075e-08,3.2318203892417448e-12,30.454671390867084,0.5080570291518153,0.9237312698616484,0.07626873013835153,0.9990522920939309,0.9901515399167681,0.06967397073063354
559,3.4011442103967075e-08,3.5085224506844773e-12,30.420157337337645,0.5079804666717535,0.9238909052367434,0.07610909476325657,0.9990557293840643,0.9901843790008336,0.06947661693480064
560,3.4011442103967075e-08,2.8622177469793163e-12,30.402373186032737,0.5079583312608512,0.9240514520699343,0.07594854793006564,0.9990579405348781,0.9902013813728311,0.06936418792860904
561,3.4011442103967075e-08,3.444012298065177e-12,30.369964835607412,0.5078884094040601,0.9242333530642309,0.07576664693576902,0.9990611307669544,0.9902390793087995,0.06908697483693214
562,3.4011442103967075e-08,3.3575826014765576e-12,30.34089847131128,0.5078816385724899,0.9243955926053145,0.07560440739468557,0.9990669436130412,0.9902872308465789,0.06886290488423631
563,3.4011442103967075e-08,3.3378177685637363e-12,30.305806007997596,0.5079019510672003,0.924539472776179,0.07546052722382103,0.9990681077789567,0.9902883789003376,0.06894545633108815
564,3.4011442103967075e-08,3.0949953311485415e-12,30.279118962132642,0.507873695866225,0.9247429883481801,0.07525701165181989,0.9990714443825854,0.9903208113020786,0.06875625012327351
565,3.4011442103967075e-08,3.2676160189702583e-12,30.246640072362027,0.5078136698401902,0.9249536653766497,0.07504633462335036,0.9990762847563012,0.9903595060147807,0.06851702105200005
566,3.4011442103967075e-08,3.8841301381733416e-12,30.20016282078825,0.5078145812982862,0.9250923372155372,0.07490766278446281,0.9990789460594013,0.9903805021962432,0.06843355439919954
567,3.4011442103967075e-08,3.0911881627824e-12,30.17634434408453,0.507799867760451,0.9252734569600373,0.07472654303996275,0.9990825194622073,0.990420339678985,0.06819771947358771
568,3.4011442103967075e-08,3.1924132421225595e-12,30.1525686428173,0.5078097635912074,0.9253949413034007,0.0746050586965993,0.9990852526792467,0.9904461742758397,0.06813999816559209
569,3.4011442103967075e-08,2.8547035887964764e-12,30.130001671301077,0.5078968729435227,0.9255824412545726,0.07441755874542741,0.9990897373966428,0.990468224300922,0.06809348302347033
570,3.4011442103967075e-08,3.4451909224040483e-12,30.10148154416778,0.5078477844146395,0.9257049672643315,0.07429503273566856,0.9990943682984122,0.9905088767675809,0.06790763577250493
571,3.4011442103967075e-08,2.709482607090165e-12,30.083649226035266,0.5079072896074767,0.9258894724246166,0.07411052757538344,0.9990988834986786,0.9905567137317846,0.06758543946415868
572,3.4011442103967075e-08,2.8251594969721084e-12,30.06393834153583,0.5079281229353847,0.9260721546687097,0.07392784533129028,0.9991016094064306,0.9905708369150203,0.06766001384247254
573,3.4011442103967075e-08,3.543577023562553e-12,30.02841705785243,0.5078432271241596,0.926219941088557,0.07378005891144299,0.9991071061820896,0.9906166076765928,0.06737477606457298
574,3.4011442103967075e-08,2.9676480067821922e-12,29.99911220553139,0.5078787739899026,0.9263735868818784,0.07362641311812158,0.9991132166554818,0.9906534101189777,0.06733219369515621
575,3.4011442103967075e-08,3.1035178705754703e-12,29.97618741795814,0.5078640604520676,0.9264967639331344,0.07350323606686561,0.9991143569021821,0.9906644860493379,0.06732179096830022
576,3.4011442103967075e-08,3.322748499261982e-12,29.942415806234322,0.5078266906701326,0.92663361285583,0.07336638714417001,0.9991166570963786,0.9906888692806127,0.06723041100675574
577,3.4011442103967075e-08,3.319511699240004e-12,29.911098485961002,0.5078128885903936,0.9267772326100957,0.07322276738990433,0.9991212445616265,0.9907280531601693,0.06709566829747149
578,3.4011442103967075e-08,3.0929774099281417e-12,29.888698083171562,0.5078477844146395,0.9270170762976364,0.07298292370236362,0.999123474128952,0.9907383561228381,0.06696559063625737
579,3.4011442103967075e-08,3.4970996358779254e-12,29.853022311647074,0.5078135396318907,0.9271961127093457,0.07280388729065435,0.999129061029011,0.9907877875803109,0.06677179342567321
580,3.4011442103967075e-08,3.890779485312052e-12,29.808311475806576,0.507872133366632,0.927331659549047,0.07266834045095301,0.9991305476866899,0.9907987818195425,0.06673489864072656
581,3.4011442103967075e-08,3.1218363176067742e-12,29.786172261929,0.5077759094333569,0.9274935084652322,0.07250649153476783,0.9991349070283242,0.9908432808534139,0.06646663624831756
582,3.4011442103967075e-08,3.281558679867671e-12,29.76169994922843,0.5078162740061787,0.927669680294354,0.0723303197056459,0.9991363610468703,0.9908560802051576,0.06643084587765442
583,3.4011442103967075e-08,3.162128944746863e-12,29.73834316314928,0.5077221334056944,0.9277940292203049,0.07220597077969511,0.9991397080190018,0.99088209347508,0.06636172517626836
584,3.4011442103967075e-08,2.8360696773785965e-12,29.724761553806836,0.507698695911798,0.9279545760534958,0.07204542394650418,0.9991432526041114,0.9909154433236184,0.06621127331889917
585,3.4011442103967075e-08,3.511453691593071e-12,29.697945339867,0.5077735656839673,0.9280657739412047,0.07193422605879529,0.9991445213745522,0.990926826187104,0.06616107400309142
586,3.4011442103967075e-08,3.405042363688895e-12,29.665946055712563,0.5077037740354755,0.9282649926393248,0.07173500736067516,0.9991462803809978,0.9909464428410311,0.06591380773982412
587,3.4011442103967075e-08,3.6881908923733875e-12,29.626073266089346,0.5077257792380784,0.9283910342731682,0.07160896572683184,0.9991516382877978,0.990984254569791,0.06582664276734522
588,3.4011442103967075e-08,3.0580482317019143e-12,29.60749813015972,0.5077305969451571,0.9285242373634799,0.07147576263652014,0.9991518680998465,0.9909892037666247,0.06575211268310027
589,3.4011442103967075e-08,4.056466312890997e-12,29.566323646527803,0.5076765605008957,0.9286151227564784,0.07138487724352155,0.9991580680504463,0.9910277513852294,0.0658095962908881
590,3.4011442103967075e-08,3.410767454188521e-12,29.530924236532996,0.507688279247844,0.9288152529126945,0.07118474708730545,0.9991641632022401,0.9910760660116952,0.06553996237606001
591,3.4011442103967075e-08,3.331248721315898e-12,29.500863016221963,0.507703904243775,0.9289807476612636,0.07101925233873636,0.9991689256441021,0.9911287564886933,0.06530258926582345
592,3.4011442103967075e-08,2.935797284679832e-12,29.47813866314723,0.5077321594447501,0.9291373882454718,0.0708626117545282,0.999173690043222,0.9911666470110799,0.06500859957107831
593,3.4011442103967075e-08,2.7044400981982126e-12,29.460065192570497,0.5076618469630607,0.9292959819541714,0.07070401804582864,0.9991769677677664,0.9911994455181405,0.06483826601494154
594,3.4011442103967075e-08,3.6336790668408457e-12,29.43056850009116,0.5076992167449956,0.9295105652316237,0.07048943476837637,0.9991808911855856,0.991237218318621,0.06455222472062837
595,3.4011442103967075e-08,3.7047201044766046e-12,29.388699868373756,0.5076652323788458,0.9296445495717319,0.07035545042826812,0.9991815090061679,0.9912532355688958,0.0644494602967806
596,3.4011442103967075e-08,3.407799398993262e-12,29.354978390442774,0.5076923157051261,0.9297646016238017,0.07023539837619834,0.9991824781156305,0.9912606752839778,0.0644638038762532
597,3.4011442103967075e-08,3.1532308213208347e-12,29.33041488563312,0.507635284469978,0.929927101581484,0.07007289841851604,0.9991865359369444,0.991282148383491,0.06439242976743835
598,3.4011442103967075e-08,3.106415983644669e-12,29.311419395379414,0.5076484355082199,0.9300321796791199,0.06996782032088013,0.9991921690426152,0.991321787500234,0.06430718712505509
599,3.4011442103967075e-08,3.2206554272956e-12,29.2834203639635,0.507623044889832,0.9302287942112515,0.06977120578874849,0.9991935798854213,0.9913311859480249,0.06425667814267817
600,3.4011442103967075e-08,3.5583619042199565e-12,29.251930109060368,0.5076057271860085,0.930391033752335,0.06960896624766504,0.9991954489214732,0.9913574797513357,0.06403108562555886
601,3.4011442103967075e-08,2.9732552548453194e-12,29.233249777804197,0.5075928365643655,0.9305715024553379,0.0694284975446621,0.9992021419275093,0.9914166162042112,0.0636699852747474
602,3.4011442103967075e-08,3.144579318690734e-12,29.2066824547302,0.5075796855261235,0.930703273254356,0.06929672674564408,0.9992031121039083,0.9914323329703456,0.0636047081822148
603,3.4011442103967075e-08,3.2361767380876563e-12,29.181632951764353,0.5076028626034212,0.9308674659199307,0.06913253408006925,0.9992059548992167,0.9914508240664582,0.06352873262318603
604,3.4011442103967075e-08,3.4531140254269196e-12,29.150823062077748,0.5076535136318975,0.930984002347916,0.06901599765208394,0.9992085292031232,0.9914669383747897,0.06348882691477807
605,3.4011442103967075e-08,2.550420205361768e-12,29.140574689055246,0.5076318990541929,0.9311604345936368,0.06883956540636317,0.9992095665191432,0.9914878041817824,0.06330318688624469
606,3.4011442103967075e-08,3.7236044135846944e-12,29.103176521954197,0.507659503213671,0.9312997574740215,0.0687002425259785,0.9992125169136472,0.9915105415293616,0.0632348622293618
607,3.4011442103967075e-08,2.7480887774829114e-12,29.080543650081328,0.5076183573910528,0.9314704605545676,0.06852953944543244,0.999213431808148,0.9915196402703942,0.06314274681613591
608,3.4011442103967075e-08,2.9354418360962156e-12,29.067857279700632,0.5075359355375167,0.9316415542600119,0.06835844573998809,0.99921541562187,0.9915404901280032,0.06293586827107003
609,3.4011442103967075e-08,3.4735085777009303e-12,29.034644069451875,0.507568487612373,0.9317614761037822,0.06823852389621773,0.9992172244430686,0.991562173467955,0.06280267764266871
610,3.4011442103967075e-08,2.7606995251873446e-12,29.020187725054083,0.5075848938581006,0.931911215648121,0.06808878435187908,0.9992170637949225,0.991561100921078,0.06279106002020189
611,3.4011442103967075e-08,3.445713499557286e-12,28.98815612753193,0.5075533834496397,0.9320648614414423,0.06793513855855766,0.9992194047858578,0.9915845019484583,0.06272187186464442
612,3.4011442103967075e-08,3.306837347240265e-12,28.963525877503518,0.5075688782372713,0.9322022311973356,0.06779776880266437,0.9992239391340896,0.9916258662599529,0.06253164263300785
613,3.4011442103967075e-08,3.293891237887228e-12,28.935910820033165,0.507512107418722,0.9323384290785341,0.06766157092146591,0.9992303781254489,0.9916739645859476,0.06237768076280552
614,3.4011442103967075e-08,2.9689857716647345e-12,28.91586869762932,0.5075207011664841,0.9324771009174216,0.06752289908257836,0.999234980488886,0.9917060576497603,0.06235092587657256
615,3.4011442103967075e-08,3.2229436484100826e-12,28.89832228264143,0.5074856751339387,0.9326379081672114,0.06736209183278859,0.9992366115871535,0.991716129775539,0.06229255261000434
616,3.4011442103967075e-08,3.409945095185311e-12,28.874235069922044,0.5074332011892705,0.9327919445854311,0.0672080554145689,0.9992398242334941,0.99174954641118,0.06201442895462933
617,3.4011442103967075e-08,3.578451506779885e-12,28.842978908379777,0.5075113261689255,0.9329492362111365,0.0670507637888636,0.9992428766092358,0.9917782119771381,0.061740916932307544
618,3.4011442103967075e-08,3.272084991829295e-12,28.818786846802265,0.5075042949207565,0.9331280122062469,0.06687198779375318,0.9992464420518532,0.9918120657243727,0.06158153538165835
619,3.4011442103967075e-08,3.5072793718401483e-12,28.79124469892709,0.5075212219996817,0.9332695486277217,0.06673045137227829,0.9992493277515146,0.9918329617762082,0.06145525975515292
620,3.4011442103967075e-08,2.9604704455390106e-12,28.775198661190807,0.5075187480419927,0.9333984548441524,0.06660154515584761,0.9992503912024703,0.9918453196351775,0.061400288009386454
621,3.4011442103967075e-08,3.2184340130466633e-12,28.75151686294532,0.5074597636823532,0.9335496266797847,0.06645037332021528,0.9992527604702118,0.9918608707847301,0.06137766135506842
622,3.4011442103967075e-08,3.3001388292877366e-12,28.72909777112533,0.507501690754768,0.9336694183152556,0.06633058168474436,0.9992553357586226,0.9918839630516861,0.06130120647916012
623,3.4011442103967075e-08,2.5944746963001e-12,28.720336912327838,0.5075028626294629,0.933774626621191,0.06622537337880902,0.9992563914943544,0.9918949610875247,0.06135392183895828
624,3.4011442103967075e-08,3.4708059084577645e-12,28.69500230992976,0.5074092428621764,0.9339330901215911,0.06606690987840888,0.9992587856652586,0.9919172004285189,0.061102736273801556
625,3.4011442103967075e-08,3.165843949383148e-12,28.669160142180438,0.5074134095277579,0.9340457203005936,0.06595427969940633,0.9992616009336466,0.9919397740963686,0.06107985043778078
626,3.4011442103967075e-08,3.415497770558814e-12,28.6450027548768,0.507416794943543,0.9341859546390743,0.0658140453609257,0.9992661593673627,0.9919772741413854,0.06081882350987224
627,3.4011442103967075e-08,3.4175228429226554e-12,28.616823305649977,0.5074985657555818,0.9342767098237735,0.06572329017622652,0.999270708919947,0.9920154156223574,0.06075379908889214
628,3.4011442103967075e-08,2.9582567563924196e-12,28.600160875469257,0.5074584615993589,0.9344647306081431,0.06553526939185693,0.9992723743073101,0.9920286517021565,0.06057485221316164
629,3.4011442103967075e-08,2.9026449208025433e-12,28.58141083069356,0.5074147116107521,0.934616683693572,0.06538331630642805,0.9992734227293126,0.9920451131560302,0.06048854886132683
630,3.4011442103967075e-08,2.9386098810279293e-12,28.56186194922262,0.5073938782828442,0.9347707201117916,0.06522927988820837,0.9992769554868599,0.9920772309145104,0.060263964458702794
631,3.4011442103967075e-08,3.2508872760043715e-12,28.53110416314383,0.5073630189158805,0.9348966315373355,0.06510336846266446,0.999280314192167,0.9921123190677101,0.0601141164246885
632,3.4011442103967075e-08,2.7914863695412883e-12,28.51685195718719,0.5073791647450092,0.9350200690051904,0.06497993099480964,0.9992819437674715,0.9921283004009435,0.0600639338175079
633,3.4011442103967075e-08,3.77752746099439e-12,28.474660082419984,0.507323044967957,0.935168897091433,0.06483110290856695,0.9992834595957624,0.9921433744909293,0.059969989192303313
634,3.4011442103967075e-08,3.1118046118334976e-12,28.45400443827029,0.5074110657783683,0.9353000168489539,0.06469998315104605,0.9992865659210155,0.9921662602908814,0.059863092631092275
635,3.4011442103967075e-08,3.0227344964360557e-12,28.43523543877469,0.5073910137002569,0.9354599126406478,0.06454008735935225,0.9992878284296398,0.9921842678262306,0.05970047094862912
636,3.4011442103967075e-08,3.5798802233998668e-12,28.40911868204205,0.5074009095310131,0.9356394698855547,0.06436053011444529,0.9992887813476148,0.9921944520103765,0.0596259829555138
637,3.4011442103967075e-08,2.9505951931420863e-12,28.39370989350187,0.5073649720403719,0.9358172042142697,0.06418279578573026,0.9992930682063957,0.9922329266681722,0.05937094274015132
638,3.4011442103967075e-08,2.956210931054152e-12,28.377800026030485,0.5073384095472891,0.9358825687805811,0.06411743121941896,0.9992971332385215,0.9922560123656557,0.05936055273170979
639,3.4011442103967075e-08,2.7633326825616983e-12,28.36935710257702,0.5073695293308518,0.936016162495791,0.06398383750420898,0.9993006495884204,0.9922865565151787,0.05926236048268245
640,3.4011442103967075e-08,2.8651649415419348e-12,28.35455020766594,0.5072854147694232,0.9361502770441987,0.06384972295580131,0.9993038991760353,0.9923133114215712,0.059240449615282895
641,3.4011442103967075e-08,3.4071688967492134e-12,28.326663060362446,0.5072316387417607,0.9362724124290592,0.06372758757094074,0.9993072428214076,0.9923371213907999,0.05920161818415033
642,3.4011442103967075e-08,3.657063526188509e-12,28.28494852088459,0.5072851543528244,0.936428011346872,0.06357198865312795,0.9993066791395813,0.9923369854430075,0.059089204418178734
643,3.4011442103967075e-08,2.924831230858577e-12,28.267942752887148,0.5073274720501375,0.9365501467317326,0.06344985326826738,0.9993097354036715,0.9923643479420107,0.05894435059977865
644,3.4011442103967075e-08,3.1259398267924445e-12,28.251017260023215,0.5073295553829282,0.9367001466926701,0.06329985330732987,0.9993106954696334,0.9923709029792065,0.058950564462348816
645,3.4011442103967075e-08,3.1765201337211517e-12,28.224103233072267,0.5073304668410242,0.9368329591580835,0.06316704084191645,0.9993134388312894,0.9923926311239333,0.05882839582476719
646,3.4011442103967075e-08,3.1815133132786695e-12,28.19617607308505,0.5073635397490782,0.9369695476641803,0.0630304523358197,0.9993170205381424,0.9924281988927252,0.058683102586240946
647,3.4011442103967075e-08,2.993838430757698e-12,28.17852462029561,0.507337107464295,0.9370548341003037,0.06294516589969638,0.9993210444725199,0.9924704793588751,0.05846277195603194
648,3.4011442103967075e-08,3.2782888202536226e-12,28.158765838544742,0.5072867168524174,0.9372149903085962,0.06278500969140373,0.9993216732033875,0.9924721876387895,0.05845246302834078
649,3.4011442103967075e-08,3.387182814964271e-12,28.134593413778436,0.5072393210314268,0.937367203810624,0.06263279618937599,0.999325123801041,0.9925052225194776,0.058231196140741785
650,3.4011442103967075e-08,3.722626142924945e-12,28.100342392054127,0.507216404370728,0.937512125647884,0.06248787435211606,0.9993273034499759,0.9925275656392103,0.05802171554993799
651,3.4011442103967075e-08,3.526161833700593e-12,28.071176606500895,0.5072720033145824,0.9376147297878308,0.06238527021216921,0.999331323709159,0.992558912226684,0.0579736260149782
652,3.4011442103967075e-08,3.026901822705479e-12,28.055136024440234,0.5072298158255688,0.9377390787137816,0.062260921286218414,0.9993336949358721,0.9925724960809641,0.05785533253004187
653,3.4011442103967075e-08,2.8821342975424844e-12,28.040297962008655,0.5071898418776454,0.9378833495095444,0.0621166504904556,0.9993384869591762,0.9926189509376291,0.05765218779243911
654,3.4011442103967075e-08,2.8496430665588708e-12,28.027986217562166,0.5072040345822827,0.9380179848911497,0.06198201510885023,0.9993377088991717,0.9926156930373604,0.0576083936469488
655,3.4011442103967075e-08,3.538160029383279e-12,27.999337767741153,0.50714804501353,0.9381673338105901,0.06183266618940984,0.9993382807353639,0.9926323950701168,0.05737754968157849
656,3.4011442103967075e-08,2.912355803171984e-12,27.983805875759817,0.50713671689148,0.938296891068518,0.06170310893148205,0.999341054007744,0.9926582763478011,0.057265615259668355
657,3.4011442103967075e-08,3.533030997241515e-12,27.95651348865205,0.5071377585578754,0.9384065264566337,0.061593473543366264,0.9993443525910369,0.9926879711589791,0.05721515310239766
658,3.4011442103967075e-08,3.6319884286876686e-12,27.924803318303063,0.5071595033438794,0.9385399899635443,0.06146001003645572,0.9993466601815078,0.9927115865741906,0.05702747348487756
659,3.4011442103967075e-08,2.7596699182009656e-12,27.910884029454852,0.5071417950151575,0.9386395993126043,0.06136040068739566,0.9993493696992818,0.9927355751959437,0.05698141151350284
660,3.4011442103967075e-08,2.81318656363528e-12,27.894754020041077,0.5071233054366392,0.9388027503117837,0.06119724968821623,0.9993496158905361,0.9927467138611844,0.05675863442460995
661,3.4011442103967075e-08,3.2144876009139063e-12,27.875077203458897,0.5071110658564932,0.9388945471628783,0.061105452837121654,0.9993512925544366,0.9927686906116501,0.056683234413070605
662,3.4011442103967075e-08,3.5072461500661262e-12,27.84831409472598,0.5070845033634106,0.9389955888032321,0.061004411196767916,0.9993532059122323,0.9927839854626271,0.056604460476699085
663,3.4011442103967075e-08,3.1068252285712966e-12,27.823069816290595,0.5071145814805778,0.939182177296308,0.060817822703692,0.999357415880931,0.9928178102259895,0.056396841322335946
664,3.4011442103967075e-08,3.2278770564462566e-12,27.8002765430589,0.5070693992006773,0.9393142085119248,0.06068579148807513,0.999359130645584,0.9928289376443702,0.056309805526268616
665,3.4011442103967075e-08,3.03110389278271e-12,27.782424280746778,0.5070554669126388,0.9394312657731079,0.06056873422689213,0.999360707868527,0.9928408281595501,0.05626316776318698
666,3.4011442103967075e-08,3.3477552938389298e-12,27.760219766979304,0.5070884096123933,0.9395660313630126,0.060433968636987336,0.9993612823382452,0.9928517883433295,0.056199576207958554
667,3.4011442103967075e-08,3.754429942096699e-12,27.728517000840554,0.5070505189972607,0.9397057448682956,0.060294255131704395,0.999363028407547,0.9928713177522523,0.05604349372376404
668,3.4011442103967075e-08,2.895807659991817e-12,27.708559970192894,0.5070397117084084,0.9398114740074286,0.06018852599257136,0.9993661670979832,0.9928935247360305,0.056014277079117665
669,3.4011442103967075e-08,3.022956458685705e-12,27.689487378677992,0.5070571596205313,0.9399276198105156,0.060072380189484326,0.999369006189327,0.9929172473700024,0.056026765351316864
670,3.4011442103967075e-08,3.852870103863619e-12,27.657671692554906,0.5070648419101974,0.9400739739390693,0.05992602606093071,0.9993713486210021,0.9929402873120918,0.05578615802430453
671,3.4011442103967075e-08,2.494826771494787e-12,27.644321121692506,0.5070911439866812,0.9401800937031006,0.0598199062968994,0.9993738932403582,0.9929616385033427,0.05574287150361925
672,3.4011442103967075e-08,2.950499527488179e-12,27.626940968650437,0.5071888002112499,0.9402747551367825,0.05972524486321748,0.9993768821246185,0.9929901786898654,0.05561377750482507
673,3.4011442103967075e-08,3.1187505710471225e-12,27.61433924800195,0.5071013002340364,0.9404194165574437,0.059580583442556394,0.9993793822270112,0.9930076497286391,0.05552349464308792
674,3.4011442103967075e-08,3.4608103953617563e-12,27.588512317528913,0.5071195293959558,0.9405226717388876,0.05947732826111243,0.9993814329197902,0.9930300731050102,0.05533973999016694
675,3.4011442103967075e-08,2.9649372965244396e-12,27.574570313252323,0.5071519512625127,0.940696239402021,0.05930376059797901,0.9993850853022378,0.9930614598309029,0.055122646455651306
676,3.4011442103967075e-08,2.8912403242833674e-12,27.55764408798507,0.5071598939687776,0.940826187284847,0.059173812715152936,0.9993872732970943,0.9930854016118702,0.05499036668588256
677,3.4011442103967075e-08,3.3569365112474757e-12,27.53633623940285,0.5071028627336295,0.9409204580936307,0.0590795419063693,0.999388497006217,0.9930951499863717,0.05492599273919559
678,3.4011442103967075e-08,3.441266342619252e-12,27.512984069644368,0.5071486960550271,0.9410346507722264,0.05896534922777364,0.9993917811483534,0.9931174162719141,0.05494847161877361
679,3.4011442103967075e-08,2.9656353032171186e-12,27.497661069282543,0.507149607513123,0.9411678538625381,0.058832146137461946,0.9993935020887059,0.9931400162424407,0.05477691281402407
680,3.4011442103967075e-08,3.5028936267414784e-12,27.471335228134006,0.507101170025737,0.941296239245771,0.05870376075422897,0.9993952136839694,0.9931587322450195,0.054625825508145216
681,3.4011442103967075e-08,3.722699798778685e-12,27.441164763839538,0.5071326804341978,0.9414263173368965,0.05857368266310347,0.9993978457079451,0.9931855778521718,0.05442947791756867
682,3.4011442103967075e-08,3.2765793819098603e-12,27.417661771988655,0.5071645814675569,0.9415256662693577,0.05847433373064226,0.9993990677152088,0.9931959957610902,0.05441324730697532
683,3.4011442103967075e-08,2.991843574569806e-12,27.401228010738233,0.5071414043902592,0.9416395985313546,0.05836040146864545,0.9993988699987775,0.9931922045482423,0.054449500536898975
684,3.4011442103967075e-08,3.5117202129743538e-12,27.376812882974487,0.5071214825204473,0.9417326974654434,0.058267302534556635,0.99940371590559,0.9932278318619926,0.054324333071081025
685,3.4011442103967075e-08,3.550715279069656e-12,27.349359538211722,0.5071188783544588,0.9418254057746339,0.05817459422536609,0.9994045662802459,0.9932367897712122,0.05430882657261298
686,3.4011442103967075e-08,3.0889666762108862e-12,27.331052745973164,0.507102081483833,0.941988426565514,0.05801157343448608,0.9994055065051906,0.9932387968102517,0.05429946750752317
687,3.4011442103967075e-08,4.5586550671034866e-12,27.28571428727497,0.5071580710525857,0.942061994254689,0.057938005745311,0.9994061614289477,0.9932563018008004,0.0541256418828016
688,3.4011442103967075e-08,3.0006035824435128e-12,27.269252400891293,0.5071888002112499,0.9422071765085478,0.05779282349145221,0.9994081664289868,0.9932701558390399,0.05405089823828801
689,3.4011442103967075e-08,3.314136535669148e-12,27.24303476691169,0.507090753361783,0.9423645983425525,0.05763540165744749,0.9994111314790294,0.9932996848394551,0.05385626954460625
690,3.4011442103967075e-08,2.980911620342142e-12,27.225986906541777,0.5070411439997021,0.9424854316444189,0.05751456835558116,0.999413337262099,0.9933260469199527,0.053679994759410925
691,3.4011442103967075e-08,2.6733750982901713e-12,27.21765204101851,0.5070432273324929,0.9426428534784236,0.057357146521576426,0.9994131034701953,0.9933321397143914,0.05356551087615453
692,3.4011442103967075e-08,3.298909044960473e-12,27.20174952667594,0.5070678367010842,0.9427389472033991,0.057261052796600834,0.999414472943944,0.9933453689041636,0.053435757462178234
693,3.4011442103967075e-08,3.371088691109586e-12,27.175380310650564,0.5070790346148347,0.9428453273840294,0.057154672615970674,0.9994150395949113,0.9933453765243866,0.05355909307481185
694,3.4011442103967075e-08,2.645559358318434e-12,27.16659801464001,0.5070479148312722,0.9429616033954158,0.057038396604584214,0.9994184502019977,0.9933708024916773,0.053435691789362104
695,3.4011442103967075e-08,3.501239151037443e-12,27.144264556688658,0.5070912741949807,0.9430789210731977,0.056921078926802364,0.9994216059712641,0.9934000441306129,0.053318729724977774
696,3.4011442103967075e-08,3.4718444596394217e-12,27.11793907461605,0.5071053366913185,0.9431981918754708,0.05680180812452913,0.9994220907136739,0.9934064233792927,0.05325865621014888
697,3.4011442103967075e-08,3.2204387276656324e-12,27.10277210597368,0.5071111960647927,0.9432988428909264,0.05670115710907367,0.9994235001587233,0.9934241815515629,0.05320233516454745
698,3.4011442103967075e-08,2.9947921957220954e-12,27.087252040750275,0.5070558575375371,0.9434349105638253,0.05656508943617462,0.9994242565269719,0.9934328960853593,0.053086303231309855
699,3.4011442103967075e-08,3.4502399306238705e-12,27.066949502397073,0.5070295554610532,0.9435670719877417,0.056432928012258333,0.9994271008315752,0.9934571051266748,0.05296733207999604
700,3.4011442103967075e-08,2.719407654156042e-12,27.05948897896819,0.506958982562765,0.9436739730015695,0.05632602699843047,0.9994309936342493,0.9934823292678799,0.05290686111206806
701,3.4011442103967075e-08,3.5532743610250113e-12,27.02910990162118,0.5070350242096291,0.9437776188079118,0.05622238119208823,0.9994337077860797,0.9935087852006735,0.052782116268968955
702,3.4011442103967075e-08,3.5343156307169236e-12,27.007298260253297,0.5070171856726079,0.9439121239812177,0.05608787601878229,0.9994338745084743,0.9935192544303618,0.0526700717878904
703,3.4011442103967075e-08,3.3723160444871062e-12,26.982129796104925,0.506942446108738,0.94401576978756,0.05598423021244005,0.9994378002137471,0.9935564591374407,0.05247825901259118
704,3.4011442103967075e-08,3.3142772105558827e-12,26.95770390214836,0.5070231752543815,0.9441597801667239,0.055840219833276084,0.999442452624678,0.993594971344563,0.05222842525877351
705,3.4011442103967075e-08,3.3000756463995463e-12,26.936246191249083,0.5069571596465731,0.9442478009771351,0.05575219902286484,0.999443903113432,0.9936071223636227,0.052229348590715
706,3.4011442103967075e-08,3.1616614549329046e-12,26.917667201730012,0.5069333315277782,0.9443627749055273,0.05563722509447263,0.9994458831809423,0.9936146167042977,0.0522673422499171
707,3.4011442103967075e-08,2.9934448095756837e-12,26.90540527792176,0.5069829408898592,0.9444804832082075,0.055519516791792504,0.9994471999694023,0.9936285340682344,0.05210147003721789
708,3.4011442103967075e-08,3.807442740468239e-12,26.873253484785497,0.506968487768623,0.944600144635379,0.055399855364621,0.9994501874802195,0.9936613838585175,0.051965505459053374
709,3.4011442103967075e-08,2.94572521155153e-12,26.858550368299344,0.5069324200696823,0.9447056133579131,0.055294386642086815,0.9994548093070004,0.9937093251317904,0.05164587127379276
710,3.4011442103967075e-08,3.1891824202431122e-12,26.844434325719554,0.5069885398467344,0.9448463685295915,0.05515363147040847,0.9994563925357959,0.9937275398809517,0.051560937003439535
711,3.4011442103967075e-08,3.3919350730577458e-12,26.82455348157947,0.5069785138076787,0.9449379049640872,0.05506209503591275,0.9994589872205347,0.9937362771103659,0.05160555926741924
712,3.4011442103967075e-08,3.0062585996471915e-12,26.81076455001612,0.5070087221331453,0.9450286601487864,0.05497133985121358,0.9994591702187839,0.9937417123072091,0.05152956529173891
713,3.4011442103967075e-08,3.263817901132107e-12,26.7892784877339,0.5069848940143505,0.9451656392797815,0.054834360720218564,0.9994610570857054,0.9937549809887125,0.05146150677123565
714,3.4011442103967075e-08,3.309377884130067e-12,26.770289146913385,0.5069872377637402,0.9453049621601661,0.0546950378398339,0.9994616145523743,0.9937718454761983,0.05127055028233053
715,3.4011442103967075e-08,3.6497466259191115e-12,26.738426725750426,0.5069638002698437,0.9454050923424239,0.05459490765757613,0.9994626013446858,0.9937770059865233,0.05125406966634176
716,3.4011442103967075e-08,3.241895796420197e-12,26.714837864760224,0.5069993471355867,0.9454901183619483,0.054509881638051656,0.9994644975992545,0.993795625846294,0.051196010288107274
717,3.4011442103967075e-08,3.689022864417897e-12,26.68692061814064,0.5070138002568229,0.9456169412455883,0.05438305875441178,0.9994646791974732,0.9937944118637632,0.05123924121670103
718,3.4011442103967075e-08,3.5136568769348914e-12,26.664226527255593,0.507045701290182,0.9457476703782108,0.054252329621789164,0.9994669860189727,0.9938256409551884,0.05094987813647259
719,3.4011442103967075e-08,2.9732082401588115e-12,26.65202485963108,0.5070276023365619,0.9458422016035933,0.054157798396406664,0.9994679846890869,0.9938322047849816,0.050899014441011185
720,3.4011442103967075e-08,3.3790776455767664e-12,26.633930388650725,0.5070132794236252,0.9459510557419125,0.054048944258087435,0.9994702724748069,0.993853751301088,0.05076585013509422
721,3.4011442103967075e-08,3.292674605942064e-12,26.613126209342578,0.5069920554708189,0.9460582171723393,0.053941782827660725,0.9994730024259455,0.9938804002135749,0.05057356895183783
722,3.4011442103967075e-08,3.841114781023998e-12,26.586276937763962,0.50698046693217,0.9461655088110654,0.05383449118893459,0.9994737730037448,0.9938880439722723,0.05052809984362475
723,3.4011442103967075e-08,4.824634422165167e-12,26.545325825848742,0.5070368471258211,0.9462397275417376,0.05376027245826238,0.999473825548588,0.9938898452074433,0.0505448100213717
724,3.4011442103967075e-08,2.851664948672959e-12,26.535905141004196,0.5069707013097132,0.9463294410600414,0.05367055893995861,0.9994766243316342,0.9939087572258828,0.050469440366871635
725,3.4011442103967075e-08,3.327148224473985e-12,26.515734073345318,0.5070272117116637,0.9464233212439268,0.05357667875607324,0.9994796271768959,0.9939312796552786,0.05044443099080963
726,3.4011442103967075e-08,2.7598171815151914e-12,26.505352275328065,0.50702577942037,0.9465337378818391,0.053466262118160905,0.9994815912805604,0.9939500552061088,0.050336786154410555
727,3.4011442103967075e-08,3.0732470912103174e-12,26.48406284370933,0.5069950502617057,0.9466567847247956,0.05334321527520436,0.9994834703077413,0.9939716586204015,0.05014094370120647
728,3.4011442103967075e-08,3.3605039952954078e-12,26.464517103986704,0.5069419252755403,0.9468019669786545,0.05319803302134557,0.9994864446125242,0.994001099528324,0.05001462576250438
729,3.4011442103967075e-08,2.7938156804612583e-12,26.455761420618607,0.5069878888052373,0.9469168106987472,0.05308318930125279,0.9994880759220253,0.9940180578633601,0.049908305030389934
730,3.4011442103967075e-08,3.074625152142052e-12,26.43874303027417,0.5069861960973447,0.9470224096295808,0.05297759037041917,0.9994897892819753,0.9940396253344134,0.04966210871608438
731,3.4011442103967075e-08,3.0878084550680523e-12,26.42307039233253,0.5069897117214293,0.9471429825148483,0.052857017485151696,0.9994905776965953,0.9940499150113187,0.0495445342079457
732,3.4011442103967075e-08,2.9380060402740415e-12,26.41104804654811,0.5069475242324155,0.9472511856116704,0.05274881438832959,0.9994929189563928,0.9940628105525288,0.04952514844099853
733,3.4011442103967075e-08,3.5091455118614316e-12,26.3912370496129,0.5070033835928689,0.9473997532813142,0.05260024671868575,0.9994948950607695,0.9940849015456699,0.04933441762891209
734,3.4011442103967075e-08,3.164310627422028e-12,26.373532164211134,0.5070153627564159,0.9474962376311881,0.052503762368811886,0.9994970090036062,0.9940945852609876,0.04938619636028005
735,3.4011442103967075e-08,2.8125512711434535e-12,26.361902584903326,0.5069865867222431,0.9476092584350889,0.05239074156491105,0.9994987554099374,0.9941159216765376,0.049307311156708715
736,3.4011442103967075e-08,2.9096428633508515e-12,26.350708308696888,0.506945831524523,0.9477044407019686,0.05229555929803143,0.999502248109797,0.9941426024595473,0.049257467437826344
737,3.4011442103967075e-08,3.024971733032884e-12,26.328264345732244,0.5069855450558476,0.9477907688044873,0.05220923119551271,0.999502112894054,0.9941430318834594,0.049248779665202955
738,3.4011442103967075e-08,2.913002426293232e-12,26.317344206728276,0.5069873679720396,0.9478922010697393,0.0521077989302607,0.9995026293361234,0.9941496305327885,0.049196130806066225
739,3.4011442103967075e-08,3.112854904153689e-12,26.302093976015858,0.5068867169565842,0.9479953260428838,0.05200467395711616,0.9995046171894528,0.9941702687865104,0.049073681644715615
740,3.4011442103967075e-08,3.3674756371893283e-12,26.278475125000416,0.5069738263088994,0.9481408989216409,0.051859101078359095,0.9995054322645615,0.9941779097952832,0.04899853004968417
741,3.4011442103967075e-08,3.912546653516576e-12,26.248050989467465,0.5069509096482007,0.9482299613984475,0.051770038601552444,0.9995098974168805,0.9942190033564786,0.0488654640708211
742,3.4011442103967075e-08,2.6990163646828835e-12,26.232780305528046,0.5069753888084925,0.9483479301177266,0.05165206988227347,0.9995116634051536,0.9942328223267836,0.04874259609485851
743,3.4011442103967075e-08,2.5453750534938657e-12,26.22616106014858,0.5069290346538973,0.9484612113382263,0.051538788661773784,0.9995138654467586,0.9942476389947937,0.048679640876778535
744,3.4011442103967075e-08,3.4726475508444766e-12,26.20022564072208,0.5069278627792024,0.9485427217336662,0.051457278266333784,0.9995150082833311,0.9942600254951195,0.04863730409287106
745,3.4011442103967075e-08,3.505907216853099e-12,26.176767028227776,0.5069643211030413,0.948602096718204,0.05139790328179602,0.9995170840082346,0.9942828972203808,0.04851905031188864
746,3.4011442103967075e-08,3.619314095394156e-12,26.155610091207755,0.5069322898613828,0.948686081071333,0.05131391892866695,0.9995192481526124,0.9943092656779837,0.04827085085373782
747,3.4011442103967075e-08,3.2475734493706893e-12,26.136670418605597,0.5069618471453523,0.9488157685375602,0.05118423146243972,0.9995202611063176,0.9943246413947052,0.04812486910840754
748,3.4011442103967075e-08,3.1798586755090996e-12,26.119153108419365,0.507016925256009,0.9489293101746588,0.051070689825341194,0.9995206580278816,0.9943285069805657,0.048162496372262054
749,3.4011442103967075e-08,3.04454661509998e-12,26.10700637860272,0.5069429669419357,0.9490410288955654,0.050958971104434606,0.9995212906070344,0.994332717156805,0.04809922050989959
750,3.4011442103967075e-08,2.9655413733901784e-12,26.094077994366184,0.50693294090288,0.9491032684626906,0.050896731537309496,0.9995231364825637,0.9943509916904182,0.04805596668335696
751,3.4011442103967075e-08,3.656510056913022e-12,26.06631957254483,0.5069717429761086,0.9491957163552822,0.0508042836447178,0.9995251257881862,0.9943680713581828,0.04800442979755818
752,3.4011442103967075e-08,3.4265230229017457e-12,26.044870702439002,0.5069468731909185,0.9493131642413635,0.05068683575863652,0.9995249503142304,0.9943709279000504,0.047868355801584064
753,3.4011442103967075e-08,2.8963258046611543e-12,26.033025913762728,0.5069454408996248,0.9493980600525885,0.050601939947411474,0.9995256034159943,0.9943786053341162,0.047783161467119285
754,3.4011442103967075e-08,3.5202486670228593e-12,26.008844165674432,0.5069645815196402,0.9494836069053108,0.0505163930946893,0.9995282632513628,0.9944046878268825,0.0476816374853342
755,3.4011442103967075e-08,2.681612865472095e-12,26.00224458746076,0.5068763002926301,0.9496104297889506,0.05038957021104942,0.9995306197919203,0.9944269989916996,0.04756133101302167
756,3.4011442103967075e-08,2.9542136675001633e-12,25.98842388514968,0.5068489565497509,0.9496958464333733,0.05030415356662667,0.9995322894824176,0.9944394333096532,0.04753091108523732
757,3.4011442103967075e-08,3.3309211729395516e-12,25.972157967583193,0.506825388847555,0.9497795703699036,0.05022042963009645,0.9995347902473071,0.9944604242504813,0.04748980938805343
758,3.4011442103967075e-08,3.558889362335616e-12,25.94935709909915,0.5067971336465797,0.9498877734667257,0.05011222653327434,0.9995372891409301,0.9944801613711967,0.04737628124651528
759,3.4011442103967075e-08,3.5232713790736005e-12,25.925455670143943,0.5068109357263189,0.9500268359305115,0.049973164069488527,0.9995384798691382,0.994500291135577,0.04714543060887925
760,3.4011442103967075e-08,2.7398058154705936e-12,25.919085036703354,0.5069149721575593,0.9501082161176521,0.04989178388234795,0.9995382653832168,0.9944993501614533,0.04725531219307689
761,3.4011442103967075e-08,2.8905971416946674e-12,25.9112025073634,0.5068757794594324,0.9502030077596334,0.04979699224036661,0.9995414393119262,0.9945245267584696,0.04713977091754758
762,3.4011442103967075e-08,3.1732493071665672e-12,25.89154186259259,0.5068522117572365,0.9503311327262676,0.04966886727373248,0.9995422254691738,0.9945317637979677,0.04704534799041931
763,3.4011442103967075e-08,3.2291321845375217e-12,25.872204964903812,0.506874737793037,0.9503907681274041,0.04960923187259587,0.9995437777773422,0.9945517402052961,0.04695698209918898
764,3.4011442103967075e-08,3.506650583539172e-12,25.84742862327272,0.5069010398695208,0.9505140753869595,0.049485924613040466,0.9995441753068997,0.9945553185144286,0.0468524143525648
765,3.4011442103967075e-08,3.2445711201427397e-12,25.831934632762326,0.5068705711274555,0.9505902472421232,0.04940975275787689,0.9995435581085046,0.9945551243260348,0.04683688407965447
766,3.4011442103967075e-08,3.2037328669610623e-12,25.812518176434175,0.5068813784163078,0.9507325649133945,0.04926743508660544,0.9995460707060217,0.9945813196614955,0.04664936548148933
767,3.4011442103967075e-08,3.1115378013200428e-12,25.799657967872047,0.5069063784097972,0.9508457159255949,0.04915428407440519,0.9995461538289329,0.9945789037203825,0.0466209433861694
768,3.4011442103967075e-08,3.036637008950772e-12,25.78845218944244,0.5068402325936894,0.9509205856977642,0.049079414302235856,0.9995476550357149,0.9945918349254548,0.046552200855997455
769,3.4011442103967075e-08,3.250671352550674e-12,25.772191356681713,0.5068364565530061,0.9510298304609817,0.04897016953901835,0.9995477139048835,0.9945919230830372,0.04651386794339109
770,3.4011442103967075e-08,3.744363316885933e-12,25.74840123550836,0.5068645815456819,0.9510709762835999,0.04892902371640007,0.9995494919661894,0.9946040664893686,0.04658201809749222
771,3.4011442103967075e-08,3.4732687979742293e-12,25.730141025189194,0.5068824200827031,0.9511948043763531,0.04880519562364697,0.9995505039210438,0.9946198182849013,0.046444677620958844
772,3.4011442103967075e-08,2.886553186595546e-12,25.72214144776139,0.5068279930135435,0.9512709762315166,0.04872902376848339,0.9995551226564673,0.9946550390192507,0.046312187557328126
773,3.4011442103967075e-08,3.0154359683094853e-12,25.707013913255402,0.5067678367792092,0.9513935022412755,0.04860649775872454,0.999555392214561,0.9946649143004619,0.04615238568861157
774,3.4011442103967075e-08,3.0899650444380804e-12,25.689978349164424,0.5067899721901115,0.9514691532632413,0.048530846736758664,0.9995569891452319,0.9946787777603617,0.046181101378059135
775,3.4011442103967075e-08,3.0893089066829413e-12,25.677908456752604,0.5067986961461729,0.9515811324007468,0.04841886759925323,0.9995575391236947,0.9946843376059753,0.046026257481718486
776,3.4011442103967075e-08,2.8281456282884615e-12,25.667541870473396,0.5066656232641606,0.9516726688352425,0.04832733116475751,0.9995569438860311,0.9946853878466172,0.04596803626387124
777,3.4011442103967075e-08,3.4675696282099803e-12,25.64459725449618,0.5066951805481301,0.9517668094357267,0.04823319056427329,0.9995592714310242,0.9947080344800372,0.04588446237857173
778,3.4011442103967075e-08,3.5368167413183033e-12,25.62563442261093,0.5067416649110248,0.9518821739890172,0.04811782601098281,0.9995605571137797,0.9947185663425101,0.04587531346539824
779,3.4011442103967075e-08,4.137165263552505e-12,25.593008004119014,0.5067313784553702,0.9519597781354745,0.048040221864525556,0.9995626711349409,0.99473596759416,0.04570763590264855
780,3.4011442103967075e-08,3.3573070196542906e-12,25.573053151269946,0.5067858055245298,0.9520957156000741,0.04790428439992594,0.9995667305972797,0.9947725900567254,0.04548319003276387
781,3.4011442103967075e-08,2.968593326110157e-12,25.559544911677506,0.5068278628052441,0.9521834759938864,0.04781652400611354,0.999569092485749,0.9947897441920107,0.04543256406481918
782,3.4011442103967075e-08,3.554894129535556e-12,25.533700516484696,0.5067502586587868,0.9522873822168275,0.04771261778317245,0.9995704327158498,0.994797554647571,0.04542231198969921
783,3.4011442103967075e-08,3.3996978423929697e-12,25.513838809769442,0.506788930523716,0.9523540488661331,0.047645951133866896,0.9995723555229427,0.9948177129390156,0.045339012556638976
784,3.4011442103967075e-08,3.126882649501033e-12,25.50063016980984,0.5067033836709939,0.9524488405081144,0.04755115949188555,0.9995717569030054,0.9948225196146551,0.04518918221435327
785,3.4011442103967075e-08,3.010854099303774e-12,25.489144772216093,0.5067328107466639,0.9525073040345562,0.04749269596544376,0.9995719200765182,0.9948291384014009,0.04523483371202396
786,3.4011442103967075e-08,3.202815168013165e-12,25.472212607859625,0.5067204409582186,0.9526122519238928,0.047387748076107274,0.9995734365237936,0.9948514449178325,0.045045370639082476
787,3.4011442103967075e-08,2.9064780774205094e-12,25.463541471583056,0.5067759096937735,0.952729699809974,0.04727030019002599,0.9995753290039447,0.9948642876699296,0.044985806494030126
788,3.4011442103967075e-08,3.194105870337568e-12,25.44995296988993,0.5067693992788023,0.9528376424901973,0.04716235750980273,0.9995771447603673,0.9948828606253092,0.044790759727105
789,3.4011442103967075e-08,3.33713852028301e-12,25.429115581116676,0.5068511700908411,0.9529280070499981,0.047071992950001834,0.9995796730532357,0.9949064297358301,0.0446722011132277
790,3.4011442103967075e-08,2.991173442752201e-12,25.41826292717756,0.5068673159199698,0.9530179809849008,0.04698201901509921,0.9995807349703404,0.9949142200279927,0.04463312122113399
791,3.4011442103967075e-08,2.9219440739437783e-12,25.40667940735118,0.5069239565302196,0.9531052205455155,0.04689477945448452,0.999582678706917,0.9949342143082311,0.04450668393232582
792,3.4011442103967075e-08,2.4496299176260753e-12,25.40473951029511,0.5068963523707416,0.9531958455219153,0.046804154478084774,0.9995827705164838,0.9949388775819782,0.04439993069475637
793,3.4011442103967075e-08,3.812144218511731e-12,25.379144432482335,0.5069300763202926,0.9533118611167029,0.04668813888329717,0.999583751236256,0.9949457416088011,0.044404409112835254
794,3.4011442103967075e-08,3.1893903185859157e-12,25.36252026403543,0.5069588523544656,0.9533889444299624,0.04661105557003761,0.9995859224282615,0.9949668170810418,0.0442214272267001
795,3.4011442103967075e-08,3.116156300325103e-12,25.347723541447817,0.5068889304976744,0.9534576944120587,0.04654230558794125,0.9995880221254009,0.994979480433416,0.04425070000383502
796,3.4011442103967075e-08,2.856892002210886e-12,25.336854867945252,0.5068727846685457,0.9535274860605505,0.0464725139394495,0.9995875183895266,0.9949781343610252,0.04423276712680616
797,3.4011442103967075e-08,3.028341228319686e-12,25.324495873634344,0.5067591128231477,0.9536257933266163,0.046374206673383676,0.9995901230818622,0.9949976181068175,0.04418614438896624
798,3.4011442103967075e-08,3.3029677628645378e-12,25.30797062495413,0.5066998680469094,0.9537164183030161,0.04628358169698393,0.9995902210539964,0.9950015834523621,0.044067705483008486
799,3.4011442103967075e-08,3.1135818231830986e-12,25.292690308956928,0.5067075503365754,0.9538157672354772,0.046184232764522715,0.9995908394804744,0.9950100125021538,0.04393015991384831
800,3.4011442103967075e-08,2.9836501197393395e-12,25.27930887272936,0.5066933576319381,0.9539096474193627,0.04609035258063735,0.9995921689964821,0.9950260352374722,0.04381579224289764
801,3.4011442103967075e-08,2.6279981637501897e-12,25.273114567246516,0.5067526024081764,0.9540032671866492,0.04599673281335083,0.9995934829770539,0.9950470166072749,0.04374079845045507
802,3.4011442103967075e-08,2.8080067880362574e-12,25.265773911353797,0.5067861961494281,0.9541229286138206,0.04587707138617932,0.9995952481220006,0.9950563228693905,0.04371759636357915
803,3.4011442103967075e-08,3.2145410595260005e-12,25.2509760443869,0.5067290347059805,0.9542110796325314,0.045788920367468657,0.9995962580079111,0.9950619357196971,0.04366678044000979
804,3.4011442103967075e-08,2.7406792168867265e-12,25.243793887918514,0.50671106596066,0.9543007931508352,0.04569920684916488,0.9995969227715832,0.9950701706246248,0.043651923373810554
805,3.4011442103967075e-08,3.133235497280898e-12,25.231575983998002,0.5066712222210359,0.954395454584517,0.045604545415482964,0.9995997858634814,0.9951023371007011,0.04345355983576564
806,3.4011442103967075e-08,3.296713145981602e-12,25.22123943613674,0.5066240868166441,0.9544630326919186,0.04553696730808143,0.9995991873472376,0.9950980907549711,0.04346071464264302
807,3.4011442103967075e-08,3.1470068203484376e-12,25.20482430139751,0.5066622378483756,0.9545405066300764,0.0454594933699236,0.9996005876991642,0.9951089945568046,0.043491755730954366
808,3.4011442103967075e-08,2.8618714516456353e-12,25.19672440028078,0.506685675342272,0.9546213659840193,0.045378634015980725,0.999602994919544,0.9951302067192189,0.04330937183949122
809,3.4011442103967075e-08,2.876245674058507e-12,25.18780966455738,0.5067055972120841,0.9547131628351139,0.04528683716488616,0.9996037520821903,0.9951469447501142,0.04310647667733073
810,3.4011442103967075e-08,3.299350784474938e-12,25.17188589333802,0.5066727847206289,0.9548032669783159,0.04519673302168411,0.9996053618815403,0.9951592748049638,0.043054152439809715
811,3.4011442103967075e-08,3.653939486894932e-12,25.150755382861927,0.5066765607613123,0.9548729284185082,0.045127071581491776,0.9996081014441615,0.9951826980120134,0.04293834890000255
812,3.4011442103967075e-08,3.214000502694872e-12,25.13310659301561,0.5067401024114316,0.9549419388172035,0.045058061182796566,0.9996084089383083,0.9951905271310345,0.04281747804768144
813,3.4011442103967075e-08,3.2457742959099456e-12,25.117477113439676,0.5067626284472322,0.9550118606739946,0.044988139326005386,0.9996091963991491,0.995200898080982,0.04275643340631442
814,3.4011442103967075e-08,3.1786778769772928e-12,25.103605912428076,0.5067617169891362,0.9551226679368052,0.044877332063194775,0.9996100882307835,0.9952074566609312,0.0427515828816605
815,3.4011442103967075e-08,3.4588501849065037e-12,25.085509766806286,0.5067397117865334,0.9552076939563297,0.0447923060436703,0.9996120117809896,0.9952236663646294,0.04273875981110862
816,3.4011442103967075e-08,3.346222609157169e-12,25.072202266307638,0.5067214826246139,0.9553102980962765,0.04468970190372346,0.9996149132442563,0.995258213153694,0.04248999418637482
817,3.4011442103967075e-08,3.545291403276344e-12,25.049017977618696,0.5066911440908479,0.9553862095348412,0.04461379046515873,0.9996148433034706,0.9952569003635431,0.042559604404663755
818,3.4011442103967075e-08,3.4441049781318062e-12,25.0286582985426,0.5067076805448748,0.9554647251393945,0.0445352748606055,0.9996148486659053,0.9952520340453854,0.04254377311074127
819,3.4011442103967075e-08,3.1737542922643555e-12,25.017088120346102,0.5066850243007749,0.9555674594876408,0.044432540512359245,0.9996145707928158,0.9952542798776814,0.04248121342707268
820,3.4011442103967075e-08,2.978884353962259e-12,25.00615499129954,0.5067252586652973,0.9556427198847084,0.044357280115291636,0.9996169075934239,0.9952738377012956,0.042338771586373586
821,3.4011442103967075e-08,3.115061994303665e-12,24.99294613802091,0.5066860659671704,0.9557165479904823,0.04428345200951771,0.9996167976437115,0.9952810563933547,0.04220443534003707
822,3.4011442103967075e-08,3.2058109274100515e-12,24.981013511877652,0.5067205711665179,0.955806521925385,0.044193478074615086,0.9996173441556762,0.9952884309225702,0.04214069867272271
823,3.4011442103967075e-08,3.4217983321451805e-12,24.960074056399876,0.5066420555619647,0.955905219816349,0.044094780183651,0.9996182715870299,0.9953051194107241,0.04204802291699738
824,3.4011442103967075e-08,3.297835880541406e-12,24.946953590384343,0.506710805544061,0.9559639437593896,0.044036056240610355,0.999621483774972,0.9953381556002068,0.04188909152746921
825,3.4011442103967075e-08,3.3901201825829915e-12,24.930861997629673,0.5066889305497577,0.9560671989408336,0.04393280105916639,0.9996213091656794,0.9953357378727917,0.041868384763542064
826,3.4011442103967075e-08,3.545109787517388e-12,24.915306933845486,0.5067002586718077,0.9561433707959972,0.04385662920400281,0.999622260945903,0.9953404199161545,0.04188878264738844
827,3.4011442103967075e-08,3.005782530323331e-12,24.905185529417647,0.506682289926487,0.9562343863972952,0.04376561360270479,0.9996226568354387,0.9953449221556915,0.04186829911565296
828,3.4011442103967075e-08,3.049945753063633e-12,24.896112309303223,0.5067415347027253,0.9563123811686507,0.043687618831349265,0.9996238991448413,0.9953583229587327,0.04178212486007858
829,3.4011442103967075e-08,3.541185618442109e-12,24.872035606577732,0.5067124982519535,0.9564033967699488,0.04359660323005124,0.9996243684222375,0.9953635369629055,0.04172485685824479
830,3.4011442103967075e-08,3.3967476791519433e-12,24.859345748955832,0.5066854149256732,0.9564608186299951,0.04353918137000485,0.9996271613254158,0.9953938314678643,0.041618120221093624
831,3.4011442103967075e-08,3.1805578143558317e-12,24.845734204076805,0.5066274722324291,0.9565651154778345,0.04343488452216549,0.9996285308244607,0.9954043276869312,0.04149359726879753
832,3.4011442103967075e-08,3.0668667779100416e-12,24.834849506438015,0.5067536440745719,0.9566411571246987,0.04335884287530133,0.9996300643386657,0.9954221529411746,0.04134374578215366
833,3.4011442103967075e-08,2.916489092167108e-12,24.82718562828637,0.5066830711762835,0.9566964956519542,0.043303504348045745,0.9996309495856789,0.9954329314299476,0.04123085519486635
834,3.4011442103967075e-08,3.1110647990912127e-12,24.815009913721138,0.5066660138890589,0.9567858185453597,0.043214181454640246,0.9996330460187457,0.9954466621431421,0.04119545705581986
835,3.4011442103967075e-08,2.9242107922014423e-12,24.806027800285474,0.506655336808506,0.9568774851881549,0.0431225148118451,0.9996328229462146,0.9954471074399647,0.04111762144701963
836,3.4011442103967075e-08,3.0114533433264906e-12,24.79411691772797,0.5066692690965445,0.9569524851686236,0.043047514831376345,0.9996335946109698,0.9954476253019061,0.04120186214545642
837,3.4011442103967075e-08,3.119146268389891e-12,24.78183523551492,0.5066766909696118,0.957040245562436,0.042959754437563946,0.9996358766587076,0.9954693259199066,0.04099775960548717
838,3.4011442103967075e-08,3.5462718963457227e-12,24.763586997035244,0.5066645815977652,0.9571337351214232,0.04286626487857685,0.9996371488568001,0.9954835864031963,0.040870042762259626
839,3.4011442103967075e-08,3.2153401201010163e-12,24.74736282172218,0.5066434878532584,0.9572099069765867,0.04279009302341327,0.9996388809580854,0.9954953976077217,0.04085374317522193
840,3.4011442103967075e-08,3.073658320388313e-12,24.735588459814377,0.5066036441136343,0.9572664173785371,0.04273358262146286,0.9996395436581779,0.9955006501936804,0.0407839295018187
841,3.4011442103967075e-08,3.2198825803484235e-12,24.719255499141628,0.5065953107824711,0.9573411569424071,0.04265884305759295,0.9996405850058597,0.995515224874443,0.040760429761410505
842,3.4011442103967075e-08,3.1656001940990917e-12,24.702297242529266,0.506656248266602,0.9574329537935016,0.042567046206498385,0.9996431285971723,0.9955354976258483,0.04066260021286614
843,3.4011442103967075e-08,3.2260656777674036e-12,24.69009813444053,0.5066800763853968,0.9575291777267766,0.042470822273223366,0.999642889908656,0.9955380510363256,0.04058960570172978
844,3.4011442103967075e-08,3.2130278987729043e-12,24.674488094928066,0.5067177065839306,0.9576026152076523,0.04239738479234771,0.9996427220667102,0.9955397445230072,0.04061333406380447
845,3.4011442103967075e-08,3.0710946648283012e-12,24.662693967213794,0.5067393211616351,0.9576786568545165,0.04232134314548355,0.999644847955324,0.9955603350405511,0.04044840963402608
846,3.4011442103967075e-08,3.2907028846607463e-12,24.646032546730638,0.5066963524228248,0.9577371203809583,0.042262879619041765,0.9996468162755502,0.9955736189382619,0.04044590369786564
847,3.4011442103967075e-08,3.280928993282621e-12,24.63346282135739,0.5066282534822256,0.9577897245339259,0.042210275466074094,0.9996465983374604,0.9955784163078423,0.04045278897398786
848,3.4011442103967075e-08,3.5355614794989578e-12,24.617478095891197,0.5066204409842602,0.9578770943028401,0.04212290569715998,0.9996475883097737,0.9955885219056777,0.0403876070019065
849,3.4011442103967075e-08,3.288502792056349e-12,24.603992563057357,0.5066509097263255,0.9580065213524684,0.041993478647531605,0.999648457117657,0.9955960702251732,0.04034040302890809
850,3.4011442103967075e-08,3.3526531080545206e-12,24.58476783372664,0.5066208316091584,0.9580647244623114,0.041935275537688665,0.9996487913805971,0.9956019366532729,0.040353177138981546
851,3.4011442103967075e-08,3.76382061710563e-12,24.56774366992837,0.5066597638906865,0.9581648546445691,0.0418351453554309,0.9996509597665321,0.9956171215104549,0.0401884022702513
852,3.4011442103967075e-08,2.9799945262383333e-12,24.55537496332455,0.5066404930623716,0.9582718858666964,0.04172811413330361,0.9996509543056352,0.9956252528396639,0.04006400764336548
853,3.4011442103967075e-08,2.940852962031104e-12,24.548723326379946,0.5066074201543177,0.9583720160489542,0.04162798395104585,0.9996516617964881,0.9956352171965085,0.03991941435797206
854,3.4011442103967075e-08,3.092127035915731e-12,24.535057618500097,0.5066270816075308,0.9584463649879258,0.041553635012074215,0.9996539350707224,0.995653186722107,0.039859042021163665
855,3.4011442103967075e-08,3.074771770033057e-12,24.524795518753493,0.5066531232674159,0.9585033962230739,0.0414966037769261,0.999654941030834,0.9956644477599462,0.03980581371292854
856,3.4011442103967075e-08,3.4321712455447642e-12,24.512211841420882,0.5066585920159916,0.9585662868316961,0.04143371316830386,0.999656906518241,0.9956854254306112,0.03972231252041933
857,3.4011442103967075e-08,3.130480297472197e-12,24.496436469116137,0.5066794253438996,0.9586761826364107,0.04132381736358923,0.9996591711221946,0.9957056408036268,0.039559491034314206
858,3.4011442103967075e-08,2.9847653514914924e-12,24.486834733739943,0.5067545555326678,0.9587091253361653,0.04129087466383472,0.9996612088192282,0.9957280903796757,0.03942037622485185
859,3.4011442103967075e-08,3.086662823095079e-12,24.476072991349056,0.506759503448046,0.9587819117755438,0.04121808822445619,0.999662579518194,0.9957440379538139,0.039317216620024235
860,3.4011442103967075e-08,3.1546160474586716e-12,24.467393513577424,0.50671783679223,0.9588609482132947,0.041139051786705266,0.9996632710964647,0.9957467344059393,0.039339938525578245
861,3.4011442103967075e-08,3.104218756899058e-12,24.460047157434847,0.506649217018433,0.9589397242344468,0.041060275765553184,0.999662895860799,0.9957448824686125,0.039300131997200366
862,3.4011442103967075e-08,3.344205138429799e-12,24.44414142538362,0.5066644513894658,0.9590119898406276,0.040988010159372354,0.9996639394826473,0.9957564959575335,0.039257930537126715
863,3.4011442103967075e-08,3.2465610921416316e-12,24.42976434249606,0.5066932274236386,0.9590799585729275,0.04092004142707255,0.9996649047892289,0.9957686381720234,0.03924547946638923
864,3.4011442103967075e-08,3.340648157785914e-12,24.411682347056143,0.5066660138890589,0.9591454533475382,0.04085454665246181,0.9996658550364955,0.9957754414305415,0.03921754601875016
865,3.4011442103967075e-08,2.8709649951204815e-12,24.40296493608618,0.5066773420111088,0.9592142033296346,0.04078579667036545,0.9996672360181464,0.9957907454743443,0.03913788666462382
866,3.4011442103967075e-08,2.7257476720002275e-12,24.395724703601736,0.5066658836807595,0.9592937606005831,0.040706239399416824,0.9996684913901768,0.9958015783312457,0.03902864309701397
867,3.4011442103967075e-08,3.2428766880302047e-12,24.3826893095128,0.5066502586848285,0.9593834741188869,0.04061652588111305,0.9996698234067871,0.995817233787768,0.03888276049643319
868,3.4011442103967075e-08,3.445226975076305e-12,24.36679236342057,0.5066018211974423,0.9594737084703884,0.04052629152961158,0.9996699583155149,0.9958191641957747,0.03884607633237097
869,3.4011442103967075e-08,2.8935237265169762e-12,24.359454517283407,0.5066167951518763,0.9595242292905652,0.040475770709434714,0.9996703160613559,0.9958240093994722,0.03880801128781291
870,3.4011442103967075e-08,3.0263462105206284e-12,24.349931824009264,0.5066863263837692,0.9596162865582587,0.04038371344174129,0.9996709737316991,0.9958321694155355,0.03872317930853638
871,3.4011442103967075e-08,3.503195081280944e-12,24.33125037209907,0.5066365868133889,0.9597213646558946,0.040278635344105376,0.9996723869925107,0.9958405092219466,0.03866484226440945
872,3.4011442103967075e-08,2.8982924529030683e-12,24.323430211493257,0.5066134097360913,0.9597747500586589,0.04022524994134116,0.9996723709497124,0.9958395561425827,0.0387595560258532
873,3.4011442103967075e-08,3.438354029151805e-12,24.30901928761443,0.5066539045172124,0.9598500104557265,0.040149989544273554,0.9996728267259097,0.9958412812203682,0.038814189545483664
874,3.4011442103967075e-08,3.187993822301661e-12,24.298190431885306,0.5066229149419492,0.9599354271001492,0.040064572899850805,0.999674888719688,0.9958621475189761,0.0386587827888343
875,3.4011442103967075e-08,3.084233365902892e-12,24.286123956451046,0.5066834618011818,0.9600015729162571,0.039998427083742946,0.9996742398835079,0.9958608647555695,0.0386497063199301
876,3.4011442103967075e-08,2.9425925521773895e-12,24.275570654159377,0.5067441388687138,0.9600461041546604,0.03995389584533962,0.999675771306758,0.9958814411629429,0.03850695491217633
877,3.4011442103967075e-08,3.414507468936403e-12,24.26514772569375,0.5066818993015887,0.9601589947502618,0.039841005249738215,0.9996776763967161,0.9959066808445836,0.03822194207621829
878,3.4011442103967075e-08,3.3957233605869464e-12,24.250847412058683,0.5066463524358458,0.9601998801562812,0.03980011984371879,0.9996787948486483,0.9959163093662452,0.03818829222152173
879,3.4011442103967075e-08,4.140137054700911e-12,24.22698703810837,0.5066158836937803,0.9602636822229994,0.03973631777700058,0.9996788435728545,0.9959183109883447,0.03813591611644058
880,3.4011442103967075e-08,4.119237348107992e-12,24.19456512653573,0.5067373680371438,0.9603694113621325,0.039630588637867545,0.9996790642575328,0.9959256607842529,0.038005453067604694
881,3.4011442103967075e-08,3.0851089049160436e-12,24.18567618563937,0.5066665347222565,0.9604696717526896,0.03953032824731035,0.9996786592305305,0.9959228662563003,0.03796070170543458
882,3.4011442103967075e-08,3.3391763243311124e-12,24.170232709059047,0.5066496076433313,0.9605248800716458,0.03947511992835419,0.9996804283464039,0.9959359267706003,0.037983509712047385
883,3.4011442103967075e-08,3.3140703659362747e-12,24.159540646197577,0.5065777326620488,0.9606350362929593,0.0393649637070407,0.9996810753322318,0.9959407446156582,0.03795261977273063
884,3.4011442103967075e-08,3.1346192425936455e-12,24.151969987766268,0.5066359357718917,0.9606675883678155,0.03933241163218447,0.9996830212152548,0.9959655881438845,0.037785732550233035
885,3.4011442103967075e-08,3.0935732602116816e-12,24.143694497038805,0.5066390607710779,0.9607384216827027,0.03926157831729731,0.9996844680305673,0.9959800137168454,0.037748661019458805
886,3.4011442103967075e-08,3.449691905889566e-12,24.128263216683216,0.5066453107694503,0.9607798279219198,0.039220172078080186,0.9996861430971515,0.9959926310044857,0.03775176370982783
887,3.4011442103967075e-08,2.8365149451507543e-12,24.12156886981252,0.5066785138858036,0.9608563904019817,0.03914360959801833,0.9996871028340367,0.9960017695113144,0.03767884647384936
888,3.4011442103967075e-08,3.454854902178722e-12,24.107823864029672,0.506683201384583,0.9609149841367228,0.03908501586327712,0.9996886436525436,0.9960205704679412,0.03752456900519219
889,3.4011442103967075e-08,3.119596834358486e-12,24.09656788618564,0.5065727847466707,0.9610065205712186,0.0389934794287814,0.9996903569931368,0.9960323087065135,0.037443416416104915
890,3.4011442103967075e-08,3.5150557519685042e-12,24.082156378793925,0.5065248680924823,0.9610604268071805,0.03893957319281948,0.999690530195838,0.9960324749557705,0.037478044711089516
891,3.4011442103967075e-08,3.0052851852191424e-12,24.072692499399242,0.5065536441266552,0.9611201924166165,0.03887980758338344,0.999692685914802,0.9960521187218958,0.03736138341487315
892,3.4011442103967075e-08,3.2115367838352757e-12,24.061376268989836,0.5065859357849125,0.9611794371928549,0.038820562807145104,0.9996917267944431,0.9960496169363396,0.03735181453285991
893,3.4011442103967075e-08,3.952778860987055e-12,24.043079036430154,0.5065298160078604,0.9612838642489937,0.03871613575100631,0.999692911000396,0.9960662916700294,0.03716106715736249
894,3.4011442103967075e-08,3.406711957289529e-12,24.02661171839691,0.5065027326815801,0.9613394631928481,0.038660536807151875,0.9996938123178195,0.9960752232471444,0.03708887337658653
895,3.4011442103967075e-08,3.914392123344511e-12,24.001258290301116,0.5065674462063943,0.9614123798405261,0.038587620159473916,0.9996944555887223,0.9960839836946059,0.03704808321539333
896,3.4011442103967075e-08,3.4608710815959966e-12,23.986070108530594,0.5065390607971196,0.9614881610707914,0.03851183892920861,0.9996949454911901,0.9960906642857741,0.03697476566422882
897,3.4011442103967075e-08,3.1845748287720038e-12,23.974045630974164,0.5065773420371505,0.961534645433686,0.03846535456631391,0.9996963893806201,0.9961005147926196,0.036996177930593295
898,3.4011442103967075e-08,3.771174318847017e-12,23.951233568402177,0.5066071597377189,0.961605999581771,0.03839400041822906,0.9996966982069247,0.9960999175579617,0.03699967073787938
899,3.4011442103967075e-08,3.3580453906783587e-12,23.940781371293095,0.5066441388947555,0.9616782651879517,0.03832173481204822,0.9996964349316363,0.996096961262201,0.03701345158607297
900,3.4011442103967075e-08,2.9157105181943713e-12,23.930599731586284,0.5065674462063943,0.9617399839218792,0.038260016078120816,0.999697618372826,0.9961149093796214,0.03691392284591544
901,3.4011442103967075e-08,3.870043095765789e-12,23.915936284001138,0.5065403628801138,0.9618481870187013,0.0381518129812987,0.999698375608015,0.996124058914287,0.036771107367767696
902,3.4011442103967075e-08,3.574985487350703e-12,23.898462198996764,0.5065115868459409,0.9619384213702028,0.038061578629797234,0.9996994736848717,0.9961372903282057,0.03666221881571533
903,3.4011442103967075e-08,3.2382205255646374e-12,23.887091369086644,0.5065611962080219,0.9619713640699573,0.03802863593004273,0.9996995017826805,0.9961388678437404,0.036715147935739566
904,3.4011442103967075e-08,3.1778709198442784e-12,23.878689971737675,0.5065901024504942,0.96202735363871,0.03797264636129001,0.9997005187532781,0.9961433084585576,0.03668232021336223
905,3.4011442103967075e-08,3.1999908604257675e-12,23.865404699948257,0.5064414045725509,0.9620841244572592,0.03791587554274074,0.9997007962528223,0.9961496826488131,0.03662312742176141
906,3.4011442103967075e-08,2.8277542070949494e-12,23.8573489165797,0.5064938785172192,0.9621889421382963,0.03781105786170368,0.9997009894420025,0.996152869865815,0.03652717266038403
907,3.4011442103967075e-08,3.013500033130261e-12,23.847035775095815,0.5065289045497644,0.9622647233685616,0.03773527663143838,0.9997017818528317,0.9961588778714675,0.03652147694351717
908,3.4011442103967075e-08,3.8643178650630605e-12,23.821469210431278,0.5065071597637605,0.9623459733474028,0.037654026652597226,0.9997028275461357,0.9961720465598726,0.03643651885659307
909,3.4011442103967075e-08,3.2809460727152054e-12,23.80816492235431,0.5064739566474071,0.9623977962505739,0.037602203749426105,0.9997038282758441,0.9961886838147095,0.036338404864973355
910,3.4011442103967075e-08,2.853744897968794e-12,23.803156565034424,0.5064605451925663,0.9624601660259984,0.03753983397400157,0.9997049491297036,0.9962033943790464,0.03622880684662549
911,3.4011442103967075e-08,3.762396938905725e-12,23.7838219008343,0.5064765608133956,0.9625515722521947,0.037448427747805275,0.9997065580170957,0.996219365908826,0.03608072798016987
912,3.4011442103967075e-08,3.501874988108621e-12,23.767387902021557,0.5064511701950077,0.9625892024507285,0.03741079754927147,0.9997072661745602,0.9962286348607896,0.03599662881787548
913,3.4011442103967075e-08,3.814362132676454e-12,23.754706187902304,0.5064132795798751,0.9626793065939305,0.03732069340606942,0.9997102896367414,0.9962490252572512,0.03591314373800925
914,3.4011442103967075e-08,3.3166839559017174e-12,23.741872171277674,0.506467185815837,0.962777483651697,0.037222516348303036,0.9997111474942446,0.996258830956203,0.03581561212429608
915,3.4011442103967075e-08,3.247401433804027e-12,23.731044060569307,0.5064658837328427,0.9628395930105227,0.03716040698947735,0.9997120721236453,0.9962687402220864,0.0357247389039458
916,3.4011442103967075e-08,3.210689178236298e-12,23.71944509239887,0.5065050764309696,0.9628548273815554,0.03714517261844463,0.9997130149905907,0.9962745202003538,0.035765403753541446
917,3.4011442103967075e-08,3.452204567440314e-12,23.706335837862273,0.5064893212267393,0.9629424575670683,0.037057542432931655,0.9997144893231826,0.9962883095047566,0.03571268830464014
918,3.4011442103967075e-08,3.4841648693312262e-12,23.692193972439462,0.5065289045497644,0.9630144627566504,0.03698553724334968,0.9997144821689664,0.9962877449571934,0.035771122840230575
919,3.4011442103967075e-08,3.497480012976965e-12,23.677981385533204,0.5065420555880064,0.963073837741188,0.036926162258811915,0.9997151553572724,0.9962986088854726,0.03569382483490341
920,3.4011442103967075e-08,3.2970499634544282e-12,23.666367140435103,0.506541013921611,0.9631557387615264,0.03684426123847363,0.9997163777588923,0.9963135394696654,0.03552129144831351
921,3.4011442103967075e-08,3.386808536379798e-12,23.651716610351833,0.5065673159980948,0.9632213637444366,0.03677863625556348,0.9997168161392147,0.9963142082935651,0.03548726956152457
922,3.4011442103967075e-08,2.8274430048618914e-12,23.644369464871403,0.5065414045465092,0.9632862074775501,0.03671379252244986,0.999717949934917,0.99632376071751,0.03549915227789733
923,3.4011442103967075e-08,3.2630266673369327e-12,23.630427932806466,0.506560024333327,0.9633511814189631,0.03664881858103683,0.9997181739753699,0.9963279228461505,0.035402414150632264
924,3.4011442103967075e-08,3.15514153580761e-12,23.619871530846506,0.506582680577427,0.963423447025144,0.03657655297485599,0.9997174393805144,0.9963211317485107,0.03539971180488889
925,3.4011442103967075e-08,3.2248376019438713e-12,23.60959234525741,0.5066006493227476,0.9634700615963381,0.03652993840366187,0.999716710692556,0.996321263626468,0.035368960363673235
926,3.4011442103967075e-08,3.513630325667942e-12,23.59496773351919,0.5065184878858104,0.9635756605271717,0.03642433947282826,0.9997173434317729,0.9963304963993235,0.035289504332038084
927,3.4011442103967075e-08,2.909124522347458e-12,23.590903048801238,0.5064925764342249,0.9636384209274945,0.03636157907250545,0.9997181619548994,0.9963310615479275,0.035323824733630105
928,3.4011442103967075e-08,4.128164413157602e-12,23.569600206553016,0.5064976545579024,0.963685426123587,0.036314573876413056,0.9997199812814103,0.9963441059463263,0.03534090406960192
929,3.4011442103967075e-08,3.6911686996176995e-12,23.550670915830892,0.5064874983105473,0.9637631604783437,0.03623683952165638,0.9997209833572164,0.9963602869556354,0.035154727294786685
930,3.4011442103967075e-08,3.4810823831690904e-12,23.53551133397612,0.5065006493487892,0.9638045667175608,0.03619543328243925,0.9997223914667416,0.996372003926874,0.035117655232531395
931,3.4011442103967075e-08,4.2323295771746394e-12,23.51024604413472,0.5065050764309696,0.9638813896142214,0.03611861038577854,0.9997223680006614,0.9963756995696914,0.03500865556069469
932,3.4011442103967075e-08,3.1124074052296767e-12,23.502751376973904,0.5065046858060714,0.9639407645987592,0.03605923540124078,0.9997237218884796,0.9963909949244361,0.03493581728821097
933,3.4011442103967075e-08,2.542651135371634e-12,23.499697251135338,0.506523566009488,0.9640057385401722,0.035994261459827745,0.9997249594091032,0.9964062463801971,0.034792200749241414
934,3.4011442103967075e-08,3.47838358061491e-12,23.487231076395883,0.5064446597800365,0.9640979260161651,0.0359020739838349,0.9997267191089604,0.9964211463373858,0.03470345412062041
935,3.4011442103967075e-08,3.542326629642017e-12,23.47278132426089,0.5064600243593687,0.9641467541284494,0.03585324587155055,0.9997254073324312,0.9964156342414581,0.034703139995136044
936,3.4011442103967075e-08,2.9631961049221297e-12,23.467833170420196,0.5064968733081059,0.9641914155751522,0.03580858442484781,0.9997262123758938,0.9964273538541456,0.03467638778462533
937,3.4011442103967075e-08,3.035308906262274e-12,23.46022144262245,0.5065128889289352,0.9642386811878434,0.03576131881215656,0.9997273192200733,0.9964368669267999,0.03459408935727832
938,3.4011442103967075e-08,3.0646170213794024e-12,23.452096791996784,0.5064535139443974,0.9642950613814945,0.035704938618505565,0.9997289870066491,0.9964574553051773,0.03443818711205679
939,3.4011442103967075e-08,3.4699196558544556e-12,23.437494941538663,0.506411717080282,0.9643724051113528,0.03562759488864716,0.9997304021908353,0.9964697384842754,0.03434399499417268
940,3.4011442103967075e-08,3.2659513356553834e-12,23.425311452802877,0.5064812483121749,0.9644320405124894,0.03556795948751055,0.9997313507055764,0.9964811332860347,0.034317244474223234
941,3.4011442103967075e-08,2.8419209265757918e-12,23.420081923504316,0.5064229149940326,0.9645136811162289,0.03548631888377112,0.9997315647207292,0.996482283350154,0.03429354331126898
942,3.4011442103967075e-08,2.686708109732521e-12,23.41412714907961,0.5064692691486278,0.9645813894319298,0.035418610568070164,0.9997320623114266,0.9964804834513272,0.03432313728460019
943,3.4011442103967075e-08,2.8191369189124405e-12,23.405807796631443,0.5063748681315448,0.9646388112919763,0.03536118870802377,0.9997328746512554,0.9964867960098767,0.034325897102402435
944,3.4011442103967075e-08,3.5149705171077537e-12,23.396285676845764,0.5063656233422856,0.964692066486441,0.03530793351355898,0.9997316758353217,0.9964873188747871,0.034164360885424516
945,3.4011442103967075e-08,3.695043159975509e-12,23.377618567906744,0.5063742170900476,0.964774488339977,0.035225511660023,0.9997320054324578,0.9964879833438508,0.03419633009296978
946,3.4011442103967075e-08,3.190294433889061e-12,23.366701452027048,0.5063367170998132,0.9648454518631636,0.035154548136836425,0.9997320544190644,0.9964904473913782,0.03416930392532135
947,3.4011442103967075e-08,3.2231727965482705e-12,23.358014025537738,0.5063886702112838,0.9649115976792715,0.03508840232072856,0.999732728795346,0.9964974638477017,0.03411082585136111
948,3.4011442103967075e-08,3.085187820072312e-12,23.34766903491368,0.5063843733374028,0.964953134126788,0.03504686587321201,0.9997344852949785,0.9965153739309089,0.034029252867300526
949,3.4011442103967075e-08,3.327038405946855e-12,23.340477563452605,0.5063800764635218,0.9650104257785349,0.03498957422146504,0.9997356634730319,0.9965282135721996,0.033943757765883466
950,3.4011442103967075e-08,2.7684882018609264e-12,23.332969560084187,0.506381378546516,0.9650675872219825,0.03493241277801751,0.9997364481701704,0.9965333672354517,0.03398684734532328
951,3.4011442103967075e-08,3.415919834821006e-12,23.31880910808813,0.5064212222861401,0.9651148528346737,0.03488514716532626,0.9997370826772517,0.9965420383565196,0.03386770065579173
952,3.4011442103967075e-08,3.3326906206393708e-12,23.303958435097915,0.5063968733341476,0.9651704517785282,0.034829548221471815,0.9997367092086071,0.9965421630523578,0.033797473013339276
953,3.4011442103967075e-08,3.137529490261377e-12,23.29485483014803,0.5063963525009498,0.9652235767646935,0.03477642323530645,0.9997384227831636,0.9965510150377257,0.03382533218984951
954,3.4011442103967075e-08,2.916825784507244e-12,23.28728320711091,0.5064330712413877,0.9652543059233578,0.034745694076642165,0.999739473383976,0.9965586157521962,0.03386221271729476
955,3.4011442103967075e-08,3.378022709321761e-12,23.269918700266302,0.5063975243756447,0.9653533944392202,0.0346466055607798,0.9997393686531392,0.9965639962296553,0.03369330255643055
956,3.4011442103967075e-08,3.2503767076365813e-12,23.259113934187965,0.5064171858288579,0.96539870692742,0.034601293072579926,0.9997405462772585,0.9965700461731013,0.03370875887837801
957,3.4011442103967075e-08,2.7096581350145583e-12,23.254468941738903,0.5063722639655562,0.9654678475344147,0.034532152465585296,0.9997416887375496,0.9965833723654994,0.033565415048194505
958,3.4011442103967075e-08,3.2212954487640284e-12,23.244374644737956,0.5064216129110383,0.9655485766800581,0.034451423319941846,0.9997443734218198,0.9966099104156991,0.03340944359897299
959,3.4011442103967075e-08,3.5146078549697077e-12,23.231252075973693,0.5064101545806889,0.9656039152073137,0.03439608479268625,0.9997448048053582,0.9966156563198406,0.03335699718161038
960,3.4011442103967075e-08,3.2664452159738295e-12,23.22433148618491,0.5064087222893953,0.9656679776906308,0.034332022309369194,0.999745295047449,0.9966262696272711,0.03320901078548694
961,3.4011442103967075e-08,3.329311146872045e-12,23.2110682900355,0.5064735660225088,0.9657251391340783,0.03427486086592165,0.9997474756223929,0.9966447873813781,0.03312594987121505
962,3.4011442103967075e-08,3.5276302850502292e-12,23.19493066523697,0.5064358056156756,0.9657996182813494,0.03420038171865059,0.9997488853606247,0.9966610311683868,0.03301234171599892
963,3.4011442103967075e-08,2.9976127974977352e-12,23.185451902214893,0.5064256493683205,0.9658424568118602,0.034157543188139794,0.9997502835348616,0.9966769857268479,0.032913205126995485
964,3.4011442103967075e-08,3.1864147550656883e-12,23.176108190446843,0.5064157535375642,0.9658945401316301,0.034105459868369825,0.9997501029099399,0.9966736432581799,0.03294943270492338
965,3.4011442103967075e-08,3.824401446578412e-12,23.155860363630392,0.5063572900111224,0.9659645921967208,0.03403540780327922,0.9997503912804273,0.996680154860122,0.032894795403602406
966,3.4011442103967075e-08,3.1423539670555976e-12,23.146826055396236,0.5063821597963125,0.96602592030575,0.03397407969425008,0.9997502337787751,0.996683002719043,0.03284200965856613
967,3.4011442103967075e-08,3.2128278088776078e-12,23.134094313935506,0.5063352848085195,0.9660944098712474,0.03390559012875257,0.9997515241124567,0.9966905746547744,0.03282918437334677
968,3.4011442103967075e-08,3.2981506333035625e-12,23.124434305586735,0.5062769514903772,0.9661609463122536,0.03383905368774644,0.9997527456069418,0.9967076181580028,0.0327120018879731
969,3.4011442103967075e-08,3.3029516411040917e-12,23.112404449045695,0.5063045556498553,0.9662164150478085,0.03378358495219142,0.9997523361909915,0.9967033473868474,0.03275063035821602
970,3.4011442103967075e-08,3.6881630929335415e-12,23.096504449137125,0.5062943994025002,0.9662570400372291,0.033742959962770845,0.9997523603467298,0.9966979482768,0.032873151441363116
971,3.4011442103967075e-08,4.039303185735785e-12,23.081747505076706,0.5062640608687341,0.966319800437552,0.033680199562448034,0.9997533360376591,0.9967042181263591,0.03283466829389467
972,3.4011442103967075e-08,2.6012366176094276e-12,23.08197687135275,0.5062645817019319,0.9663660243838478,0.03363397561615218,0.9997526951671469,0.9967046560491957,0.03278330655172407
973,3.4011442103967075e-08,3.5559729050875702e-12,23.064953857622218,0.5063190087710915,0.9664545660274567,0.03354543397254323,0.9997529663018928,0.9967090563080228,0.03268969728732657
974,3.4011442103967075e-08,3.806438130614346e-12,23.05009758697731,0.506291925444811,0.9665006597654532,0.033499340234546815,0.9997535360210743,0.9967162124382402,0.03262365433448991
975,3.4011442103967075e-08,3.1338365960991903e-12,23.03997638894454,0.5062568994122658,0.9665652430819679,0.03343475691803205,0.9997537074231332,0.9967185204672391,0.03254217855026428
976,3.4011442103967075e-08,3.4532753141285766e-12,23.02710592144122,0.5062687483675135,0.9666063889045863,0.03339361109541378,0.9997538873451235,0.996723703114963,0.03252165165348122
977,3.4011442103967075e-08,3.2799306793292764e-12,23.016413511310276,0.5062682275343158,0.9666724045123947,0.03332759548760534,0.9997544413326201,0.9967275691935532,0.03247062969325671
978,3.4011442103967075e-08,3.66286195067726e-12,23.000536325738295,0.5062908837784157,0.9667207117914813,0.03327928820851869,0.9997561621028196,0.9967409772267822,0.03240315743531331
979,3.4011442103967075e-08,3.377814729641923e-12,22.987892115173754,0.5063337223089265,0.9668114669761805,0.03318853302381952,0.99975654148119,0.9967437134251421,0.03234013955545397
980,3.4011442103967075e-08,3.1486537069256355e-12,22.97947948150996,0.5062739566994905,0.9668601648801654,0.03313983511983461,0.9997569450324456,0.9967503641611969,0.03229732857302782
981,3.4011442103967075e-08,3.161168930988057e-12,22.9684845844558,0.5063326806425311,0.9668959721625072,0.03310402783749275,0.9997593555252707,0.9967774857445489,0.032198557102347584
982,3.4011442103967075e-08,3.3691854775248088e-12,22.956005632413053,0.5062778629484732,0.9669432377751985,0.03305676222480151,0.9997609629547569,0.9967959539499075,0.0320849381330642
983,3.4011442103967075e-08,3.6250516588743542e-12,22.93967937729474,0.5063220035619782,0.9670091231747076,0.032990876825292496,0.9997608424135509,0.9967986229598801,0.031986501109410106
984,3.4011442103967075e-08,3.00135318415909e-12,22.93141436722591,0.5063187483544926,0.9670494877475292,0.03295051225247077,0.9997605134799639,0.9967989885333549,0.03201183317813327
985,3.4011442103967075e-08,3.269356598942878e-12,22.92124571208867,0.5062568994122658,0.9671309981429692,0.03286900185703077,0.9997617673779713,0.9968120920581963,0.031848616641463004
986,3.4011442103967075e-08,3.415211698398802e-12,22.9091480301571,0.5062496077474979,0.9671528731372726,0.03284712686272738,0.9997606796104526,0.9967993821084372,0.03192988796525798
987,3.4011442103967075e-08,3.5419905002889403e-12,22.896463844958568,0.5061881494301694,0.9672106856222172,0.032789314377782715,0.9997615777326307,0.996813731675494,0.03187066255021276
988,3.4011442103967075e-08,3.379803149193382e-12,22.885189447824693,0.5062442692072215,0.9672782637296188,0.03272173627038118,0.9997617636602691,0.9968121186154549,0.03183833330361893
989,3.4011442103967075e-08,3.5404132096482473e-12,22.872999523393695,0.5062291650444882,0.9673384199639531,0.03266158003604686,0.9997631813303052,0.9968240367838468,0.03178521704626206
990,3.4011442103967075e-08,3.195531176833558e-12,22.86359430356798,0.5061895817214631,0.967363810582341,0.03263618941765901,0.999765170336511,0.9968451568755958,0.03170641242877452
991,3.4011442103967075e-08,3.2604625133582224e-12,22.854015992364076,0.5061899723463613,0.9674130293195237,0.03258697068047638,0.9997649508538509,0.9968489975831859,0.031616472566106626
992,3.4011442103967075e-08,3.2856999021087806e-12,22.844068143254248,0.5062377587922503,0.9674794355522304,0.03252056444776968,0.9997645804426364,0.996844423332891,0.03160831165020297
993,3.4011442103967075e-08,3.5671770954733717e-12,22.826151025461684,0.5062190087971331,0.9675330813715934,0.03246691862840661,0.9997642486941422,0.9968446073591052,0.03156684778280934
994,3.4011442103967075e-08,3.009594872505398e-12,22.81928109371958,0.5062614567027457,0.9675946698972214,0.03240533010277862,0.99976534346723,0.9968559284969011,0.03151613910523359
995,3.4011442103967075e-08,3.253968171684771e-12,22.811197130783285,0.5062744775326882,0.9676419355099126,0.03235806449008737,0.9997655917087496,0.9968572483669169,0.03153201344728835
996,3.4011442103967075e-08,3.2399733647654517e-12,22.80181853654704,0.5062527327466841,0.9676931073715866,0.03230689262841338,0.9997665380848654,0.9968649813203097,0.031533175569178125
997,3.4011442103967075e-08,3.913931933285385e-12,22.779355486201762,0.5061994775522194,0.9677503990233336,0.03224960097666641,0.9997660564204713,0.9968648104292035,0.0315174200847983
998,3.4011442103967075e-08,3.4950607521547807e-12,22.769446602015183,0.5061888004716666,0.9677977948443243,0.03220220515567574,0.9997659046713725,0.9968654439974844,0.03147041185173362
999,3.4011442103967075e-08,3.1994573436183863e-12,22.75712600545246,0.5061893213048643,0.9678716229500982,0.03212837704990181,0.9997661368893563,0.9968705317196848,0.031416524393873095
1000,3.4011442103967075e-08,3.114931484658733e-12,22.749396025353146,0.5061725244342384,0.9679097739818296,0.032090226018170305,0.9997686707131471,0.9968891684536224,0.03142533876818838
1001,3.4011442103967075e-08,3.5644877705619383e-12,22.73463873598483,0.5062675764928186,0.9679517010542446,0.032048298945755484,0.9997699130526443,0.9969049441764776,0.03130932308339406
1002,3.4011442103967075e-08,3.3370361582092747e-12,22.72133304522649,0.5062696598256095,0.9680412843642489,0.03195871563575114,0.9997699629766376,0.9969044794552504,0.03124236780865238
1003,3.4011442103967075e-08,3.0688128636525592e-12,22.712350801178935,0.5062037744261004,0.9681066489305602,0.03189335106943982,0.9997707001198262,0.9969086303827303,0.031211163420361822
1004,3.4011442103967075e-08,3.1850917497595044e-12,22.702146237058557,0.506197524427728,0.9681591228752284,0.031840877124771585,0.9997721899319274,0.9969195046954727,0.031134418043968812
1005,3.4011442103967075e-08,2.9164027935868416e-12,22.69474116875178,0.5062225244212176,0.9682503988931253,0.03174960110687471,0.99977381566833,0.9969386583868343,0.03100859658245849
1006,3.4011442103967075e-08,3.4493766052552784e-12,22.685718515654347,0.5062322900436744,0.9683037842958895,0.03169621570411049,0.9997742449666991,0.9969402206900776,0.031012085963608448
1007,3.4011442103967075e-08,3.541224264296443e-12,22.67439967542571,0.5061641911030752,0.9683509197002813,0.03164908029971867,0.999773853651379,0.9969440332529514,0.03097706817244363
1008,3.4011442103967075e-08,2.521309245585518e-12,22.67238307867809,0.5061154931990903,0.9683864665660243,0.03161353343397567,0.9997759527913157,0.9969646289181571,0.030836014642338535
1009,3.4011442103967075e-08,3.312498419089121e-12,22.66258479633085,0.5060658838370095,0.9684612061298943,0.03153879387010576,0.9997770750577957,0.9969772327325352,0.03076146228455112
1010,3.4011442103967075e-08,3.1874827691317086e-12,22.65569472508528,0.5060763005009634,0.968523966530217,0.03147603346978295,0.9997780005025454,0.9969846057328159,0.030703494255958502
1011,3.4011442103967075e-08,2.991663650096309e-12,22.646558278529636,0.5060690088361957,0.96855274256439,0.03144725743561004,0.9997770487860095,0.9969721076208041,0.030819840964824218
1012,3.4011442103967075e-08,3.817977921757419e-12,22.63047511098495,0.5060234359313969,0.9686265706701639,0.03137342932983611,0.9997762021790524,0.9969709569473173,0.03071292948323158
1013,3.4011442103967075e-08,3.7227983190935016e-12,22.610051487943306,0.5060192692658153,0.9686461019150776,0.03135389808492237,0.9997771536793181,0.9969818361509137,0.030657728901678206
1014,3.4011442103967075e-08,3.404707899388718e-12,22.59479641115711,0.5060692692527945,0.9686921956530741,0.03130780434692595,0.9997785252911014,0.9969987727773799,0.03055136925231297
1015,3.4011442103967075e-08,3.5362931160494714e-12,22.58043455233693,0.5061083317426219,0.9687733154236158,0.031226684576384226,0.9997786486226685,0.9969968604239245,0.030589287743461337
1016,3.4011442103967075e-08,2.9689919318259988e-12,22.577152308200947,0.5060761702926639,0.9688216227027024,0.03117837729729758,0.9997789348407656,0.9969988595159296,0.030520048317754955
1017,3.4011442103967075e-08,3.0642757613318743e-12,22.567372763733168,0.5060898421641036,0.968855216443954,0.031144783556045948,0.9997795829700316,0.9970032431552182,0.03053793377575419
1018,3.4011442103967075e-08,3.847767763702855e-12,22.552598894897486,0.5060113265595504,0.9689286539248297,0.031071346075170293,0.9997787333225401,0.9970017939638488,0.03040587641397731
1019,3.4011442103967075e-08,3.6427808194221265e-12,22.535305934726875,0.5060776025839576,0.9690122476530605,0.03098775234693949,0.9997788142638385,0.9970107725248305,0.0302472441171795
1020,3.4011442103967075e-08,4.2004223215192794e-12,22.51462197933849,0.5060433578012089,0.969046101810911,0.030953898189089012,0.9997798001534884,0.9970170881405275,0.03027810112627638
1021,3.4011442103967075e-08,3.5536933351073577e-12,22.501130841444468,0.5060479150916888,0.9690961017978902,0.030903898202109842,0.9997810249010405,0.9970337833117829,0.03014431875851905
1022,3.4011442103967075e-08,3.4042924337115435e-12,22.493122198209612,0.5060394515522262,0.9691378986620055,0.030862101337994444,0.9997824431018012,0.9970465976759424,0.03006255592659563
1023,3.4011442103967075e-08,3.179216331360851e-12,22.488061268558642,0.5059888005237498,0.9691642007384894,0.03083579926151061,0.9997831936291516,0.9970482190011076,0.03016370523092661
1024,3.4011442103967075e-08,3.1749370309261615e-12,22.47962047527616,0.5059727849029206,0.969221101765338,0.030778898234661917,0.9997837468790572,0.9970520478798065,0.03014584966712874
1025,3.4011442103967075e-08,3.007135889545722e-12,22.472124210012826,0.5060670557117043,0.9692738361266052,0.030726163873394826,0.9997837288732871,0.9970544660786893,0.030149666167157092
1026,3.4011442103967075e-08,3.9278918418519e-12,22.45513847164816,0.506005076561178,0.9693355548605326,0.030664445139467412,0.9997840013830748,0.9970599472039593,0.03014393393283538
1027,3.4011442103967075e-08,3.3255809596613393e-12,22.445959442145668,0.5060441390510054,0.9693980548442566,0.030601945155743448,0.9997852221031428,0.9970761303228002,0.029974352867799533
1028,3.4011442103967075e-08,3.3075798066870935e-12,22.43514094868548,0.5060256494724871,0.9694490964976311,0.03055090350236888,0.9997863857247165,0.99709236655356,0.029794602153003846
1029,3.4011442103967075e-08,2.9894119430500897e-12,22.43108194821003,0.5060690088361957,0.9695183673129252,0.030481632687074822,0.9997878266623851,0.9971049172262088,0.029725656665950426
1030,3.4011442103967075e-08,2.9861752647597377e-12,22.423147837971538,0.5060748682096697,0.9695527423039734,0.03044725769602664,0.9997884296981946,0.9971150379465885,0.02960634917488748
1031,3.4011442103967075e-08,4.457800100349008e-12,22.4057086131221,0.5060178369745216,0.9696171954121887,0.030382804587811306,0.9997879614168163,0.9971136924925361,0.02957039175119338
1032,3.4011442103967075e-08,3.486302493780655e-12,22.391034961628048,0.5060070296856694,0.9696520912364346,0.030347908763565426,0.9997883495685184,0.9971187323223764,0.02960863805888113
1033,3.4011442103967075e-08,3.202153447083031e-12,22.385399936873448,0.506035415094944,0.9696845131029914,0.03031548689700862,0.9997895752411184,0.9971235159462072,0.029674814325552662
1034,3.4011442103967075e-08,3.0793804965032766e-12,22.37783100290008,0.5059848942747671,0.9697419349630377,0.03025806503696223,0.9997904471269026,0.9971317813301045,0.029644494416955693
1035,3.4011442103967075e-08,3.6315092666849056e-12,22.3639558981751,0.506034503636848,0.9697569089174717,0.030243091082528362,0.9997904584852026,0.9971356082707397,0.02958062085939615
1036,3.4011442103967075e-08,3.2585033453840097e-12,22.353775107171735,0.506086586956618,0.9698233151501784,0.030176684849821653,0.9997888457157209,0.9971274891739608,0.029559375310032523
1037,3.4011442103967075e-08,3.560094008682603e-12,22.340488291879392,0.5061171859069828,0.9698815182600213,0.030118481739978713,0.9997887575610039,0.9971294460577114,0.02944814544653872
1038,3.4011442103967075e-08,3.4091119366286982e-12,22.328647087502965,0.5061377588182919,0.9699588619898797,0.03004113801012031,0.9997892474912535,0.9971340541660667,0.029383757690750568
1039,3.4011442103967075e-08,3.2285065284099696e-12,22.3182875303599,0.5061252588215471,0.9700352942616421,0.02996470573835788,0.9997904751492678,0.9971429412065224,0.029333971419125505
1040,3.4011442103967075e-08,3.070296685835246e-12,22.311844810174776,0.5062049463007953,0.9700860754984179,0.029913924501582163,0.9997932886600024,0.9971653697885987,0.02925559389682246
1041,3.4011442103967075e-08,3.3105790799679556e-12,22.30067700589543,0.5061829410981924,0.970126570279539,0.02987342972046101,0.9997938113402756,0.9971670622040792,0.029286999585666523
1042,3.4011442103967075e-08,3.521075321517419e-12,22.291989421216943,0.5061489567320425,0.9701880285968676,0.029811971403132447,0.9997950206707735,0.9971779248529309,0.02924900319072429
1043,3.4011442103967075e-08,3.195252852599888e-12,22.28426127399399,0.5061820296400964,0.9702276119198927,0.029772388080107272,0.9997947224654409,0.9971798417946132,0.02922506260858139
1044,3.4011442103967075e-08,3.4841689048276307e-12,22.272285894995495,0.5061614567287873,0.970299096276277,0.02970090372372299,0.9997945367580161,0.9971804734242314,0.02916388568918183
1045,3.4011442103967075e-08,3.305663964639351e-12,22.26410949346014,0.5061618473536856,0.9703735754235481,0.029626424576451933,0.9997951094815265,0.997185180849707,0.029100607655542447
1046,3.4011442103967075e-08,2.991891038779793e-12,22.258733190008275,0.5061220036140616,0.9704087316643928,0.029591268335607206,0.9997960367991214,0.9971972966916749,0.029073643461369394
1047,3.4011442103967075e-08,3.1645888914798165e-12,22.24830748013158,0.506149086940342,0.9704315181167922,0.029568481883207844,0.9997969267574158,0.9972081602383556,0.029045223179229453
1048,3.4011442103967075e-08,3.4129451598514807e-12,22.240258091072338,0.5062329410851716,0.9704769608132915,0.029523039186708545,0.9997955875560217,0.997194649369756,0.029008717091842412
1049,3.4011442103967075e-08,3.461724536832594e-12,22.227149596151865,0.506177602557916,0.9705267003836717,0.029473299616328226,0.9997961258242867,0.9972064920614729,0.02898412970477899
1050,3.4011442103967075e-08,3.548599910710509e-12,22.213075975718144,0.5061437484000655,0.9705737055797642,0.029426294420235827,0.999797159349116,0.9972217542608475,0.028819259298625013
1051,3.4011442103967075e-08,3.1989827468499275e-12,22.20760738931099,0.5061088525758196,0.9706065180712192,0.02939348192878075,0.9997984154763754,0.9972327092650486,0.0287477968735695
1052,3.4011442103967075e-08,3.322026367787185e-12,22.196389792508278,0.5061268213211403,0.9706750076367168,0.029324992363283238,0.9997979860679315,0.9972321155418411,0.028716553152775326
1053,3.4011442103967075e-08,3.24088595681906e-12,22.184232952980675,0.5060945296628829,0.9707278722062833,0.02927212779371672,0.9997983920353811,0.997235134269332,0.028679023085604386
1054,3.4011442103967075e-08,3.4603115872623285e-12,22.176176969895767,0.5060584619639422,0.9707726638612855,0.029227336138714546,0.9997991762985204,0.9972444353188044,0.028625970663969363
1055,3.4011442103967075e-08,3.115817000013628e-12,22.16796888193516,0.5061087223675202,0.9708105544764181,0.029189445523581894,0.9998004418501365,0.9972557164453838,0.028565246058145324
1056,3.4011442103967075e-08,3.511170489832594e-12,22.153493472860976,0.5060763005009634,0.9708683669613628,0.02913163303863723,0.9998014652979089,0.9972638177929092,0.028513764436311553
1057,3.4011442103967075e-08,3.002549645369243e-12,22.147778856710502,0.5060595036303376,0.970921752364127,0.029078247635873012,0.9998027674946556,0.9972750607283877,0.028514077129835873
1058,3.4011442103967075e-08,3.2208216515228227e-12,22.139329109539634,0.5060574202975467,0.9709786533909757,0.02902134660902432,0.9998022127855024,0.9972727245083061,0.028458707057145604
1059,3.4011442103967075e-08,2.9495506204202395e-12,22.134589130719537,0.5060981754952668,0.9710164137978089,0.028983586202191092,0.9998028479853672,0.9972815135912295,0.02840834764348432
1060,3.4011442103967075e-08,3.2263474827372718e-12,22.124080024548192,0.5061566390217086,0.9710778721151375,0.02892212788486253,0.9998033261374898,0.9972852181099301,0.02840812631796317
1061,3.4011442103967075e-08,2.999248750576799e-12,22.119462866234485,0.5061295556954282,0.971139330432466,0.028860669567533966,0.9998039810374472,0.997286845014045,0.02838540083312655
1062,3.4011442103967075e-08,3.4058463896452974e-12,22.109312005197197,0.506173305684035,0.9711399814739632,0.028860018526036844,0.9998051719235869,0.997298024720643,0.028389531550993226
1063,3.4011442103967075e-08,3.1357894869079612e-12,22.101590081398548,0.5061397119427834,0.9711931064601286,0.028806893539871474,0.9998054972592538,0.9973051531523899,0.028278370899039368
1064,3.4011442103967075e-08,2.6559641318367664e-12,22.097618882500118,0.5060923161217927,0.9712402418645203,0.02875975813547965,0.9998058330461219,0.9973114616198138,0.028211798901504565
1065,3.4011442103967075e-08,3.1874901528954426e-12,22.089421840781498,0.5060867171649174,0.9712709710231846,0.028729028976815372,0.9998073514028659,0.997322447375119,0.028212492201053537
1066,3.4011442103967075e-08,2.9933613884453888e-12,22.081287258567876,0.5061287744456316,0.9713474032949471,0.028652596705052942,0.9998075060608065,0.997326076516809,0.02815685356572695
1067,3.4011442103967075e-08,3.014649332251081e-12,22.07308681941346,0.506126430696242,0.9713764397457189,0.028623560254281182,0.9998078098174058,0.9973320229293353,0.02814671114083504
1068,3.4011442103967075e-08,3.387523100494615e-12,22.063249485647855,0.5061040348687409,0.9713958407823331,0.02860415921766687,0.9998081919355074,0.9973392325059507,0.028049456120789743
1069,3.4011442103967075e-08,3.609025466219144e-12,22.05091695371134,0.5061308577784225,0.9714424553535272,0.028557544646472748,0.9998076323378972,0.9973362146174108,0.028069162370157833
1070,3.4011442103967075e-08,3.293813517008661e-12,22.039876558324003,0.5061217431974627,0.9714997470052742,0.02850025299472578,0.9998088428253635,0.9973479425416143,0.027948776136133256
1071,3.4011442103967075e-08,2.9696548030957694e-12,22.034724032633747,0.506180987973701,0.9715782626098275,0.028421737390172553,0.9998090813065168,0.9973521512117073,0.02782886869956683
1072,3.4011442103967075e-08,3.010662327060066e-12,22.028148698535006,0.5061912744293556,0.9716230542648296,0.02837694573517038,0.999809390358959,0.9973536592681143,0.027817066632972294
1073,3.4011442103967075e-08,2.955520136729343e-12,22.021667628182346,0.5061656233943689,0.9716901115390335,0.028309888460966548,0.999810014680457,0.9973632132669339,0.027703848922204788
1074,3.4011442103967075e-08,2.8550113643700655e-12,22.01930982881206,0.5060894515392054,0.9717385490264195,0.028261450973580477,0.9998098200438186,0.9973593191513023,0.027736164174035897
1075,3.4011442103967075e-08,3.037877560217856e-12,22.013077130664463,0.5061121077833053,0.9717842521395177,0.028215747860482327,0.9998097667632743,0.9973633905354918,0.027724355971630723
1076,3.4011442103967075e-08,3.8517325663976545e-12,22.00177362317182,0.5060428369680112,0.9718190177554641,0.028180982244535874,0.9998102943174291,0.9973705538272243,0.027647110696135378
1077,3.4011442103967075e-08,3.0749432171998618e-12,21.9956613226133,0.5060475244667905,0.971856647953998,0.02814335204600207,0.9998102505929963,0.9973719891320528,0.02767714257898074
1078,3.4011442103967075e-08,3.014233689118128e-12,21.989490655013316,0.5060220036401032,0.9718777416985047,0.028122258301495236,0.9998106572399797,0.997377475567759,0.02761949868487407
1079,3.4011442103967075e-08,3.2388896209649895e-12,21.980742365098504,0.5060165348915274,0.9719336010589581,0.02806639894104194,0.9998120916381995,0.9973934440195161,0.02748968014565179
1080,3.4011442103967075e-08,3.0707445431820515e-12,21.97052045877861,0.5060325505123566,0.9719574291777529,0.028042570822247183,0.9998127853848595,0.9973975791877668,0.02751678408552881
1081,3.4011442103967075e-08,2.8536098994713487e-12,21.965923883596936,0.506035415094944,0.9720320385333233,0.0279679614666767,0.9998139684187567,0.9974101133601703,0.027388672240629713
1082,3.4011442103967075e-08,3.5164479308439713e-12,21.952912088857158,0.5060714827938847,0.9720770906049243,0.02792290939507568,0.9998150052422816,0.9974158224725783,0.02740066755378421
1083,3.4011442103967075e-08,3.743872982842417e-12,21.939458143154724,0.5060432275929094,0.9721277416334007,0.027872258366599383,0.9998154904817372,0.9974233316714939,0.027413023194554537
1084,3.4011442103967075e-08,3.295524533067097e-12,21.931144405500397,0.5060546859232589,0.9721526114185908,0.027847388581409224,0.9998168649555431,0.9974406748712814,0.027259802273682934
1085,3.4011442103967075e-08,3.641126789316936e-12,21.91619409749789,0.5060315088459613,0.9721953197408022,0.02780468025919785,0.9998159631144984,0.9974307176675888,0.027268416583498167
1086,3.4011442103967075e-08,3.777446101306735e-12,21.90555174326451,0.506007550518867,0.9722276113990596,0.02777238860094047,0.9998155306021614,0.9974284457290314,0.027319279938246295
1087,3.4011442103967075e-08,2.859995730206708e-12,21.900914525031645,0.5059970036466136,0.9723001374218392,0.027699862578160785,0.9998157095188269,0.9974335064487316,0.0272346719727673
1088,3.4011442103967075e-08,3.747578555759744e-12,21.886883171885277,0.5060111963512509,0.9723461009515362,0.02765389904846379,0.9998152945611567,0.9974290786090881,0.027240892412697906
1089,3.4011442103967075e-08,3.1302829896852387e-12,21.878278598124165,0.5060264307222837,0.9724052155194751,0.027594784480524874,0.9998151726372869,0.9974343199825718,0.027177889059427446
1090,3.4011442103967075e-08,3.0390035055576822e-12,21.87107662330741,0.5060420557182147,0.9724141998921354,0.027585800107864555,0.9998163122876801,0.9974409772405846,0.027183669058374455
1091,3.4011442103967075e-08,3.170538578295907e-12,21.85674633105343,0.5059930973976309,0.9724901113307002,0.027509888669299827,0.9998168510267951,0.9974487911363945,0.027059819791994663
1092,3.4011442103967075e-08,2.7993609536657814e-12,21.85232295916026,0.5060033838532855,0.9725475331907466,0.027452466809253433,0.9998173509100683,0.9974520422404572,0.027035291752078982
1093,3.4011442103967075e-08,3.060162868962561e-12,21.844401362352155,0.5060481755082876,0.9725914133876528,0.027408586612347238,0.9998179833690484,0.9974586217947312,0.0270205101722489
1094,3.4011442103967075e-08,4.582354122803137e-12,21.818542131701278,0.5060546859232589,0.9726072988001826,0.027392701199817397,0.9998194108622589,0.9974646624774159,0.027081576650304577
1095,3.4011442103967075e-08,3.2941147552692753e-12,21.809020181748252,0.5060447900925026,0.9726498769140945,0.027350123085905446,0.9998194797003338,0.9974655650218487,0.027045366461702202
1096,3.4011442103967075e-08,2.932088704836981e-12,21.803899433984018,0.5060414046767175,0.9726822987806514,0.02731770121934864,0.9998192716417506,0.9974634047459948,0.02706208769946904
1097,3.4011442103967075e-08,2.9181760434043616e-12,21.798129525043713,0.50597291511122,0.9727328196008282,0.02726718039917177,0.9998203007650786,0.9974768014363663,0.026916228117552038
1098,3.4011442103967075e-08,3.3533847349401134e-12,21.790901491542957,0.505974738027412,0.9727920643770666,0.027207935622933433,0.9998199315546986,0.9974715741337401,0.026927371455552157
1099,3.4011442103967075e-08,4.001051794150718e-12,21.770936548415442,0.5059364567873811,0.9728321685332895,0.027167831466710556,0.9998198988834031,0.9974737739989171,0.026926304414392296
1100,3.4011442103967075e-08,2.8827971684888056e-12,21.765656947085116,0.5059497380339224,0.9728674549824335,0.0271325450175664,0.9998202025302553,0.997478923691766,0.02691240933726086
1101,3.4011442103967075e-08,3.2049858114137718e-12,21.75688325158339,0.5059802067759879,0.9729304757993552,0.027069524200644738,0.9998215575314584,0.997492396911515,0.026816768183711627
1102,3.4011442103967075e-08,3.1330788710504436e-12,21.75059608464791,0.5060141911421377,0.9729809966195321,0.02701900338046787,0.999821694513525,0.9975009284967458,0.026673007882104548
1103,3.4011442103967075e-08,3.73473528847723e-12,21.74047261178856,0.5060554671730554,0.9730243559832407,0.02697564401675937,0.9998221823862696,0.9975067224769609,0.026604829965316594
1104,3.4011442103967075e-08,3.1189534915713924e-12,21.733852985652963,0.5060647119623146,0.973054173683809,0.026945826316191062,0.9998216057830525,0.9975025541280383,0.026662239295411696
1105,3.4011442103967075e-08,3.7371090229481396e-12,21.72141967246259,0.5061002588280576,0.9731096424193639,0.026890357580636046,0.9998221741452462,0.9975110666071737,0.026586422873515037
1106,3.4011442103967075e-08,3.015204908196159e-12,21.717313550763276,0.5060869775815162,0.9731609444893373,0.026839055510662627,0.9998227133893779,0.9975199227629628,0.02647257111059788
1107,3.4011442103967075e-08,3.449241885366036e-12,21.703501980581628,0.5060338525953509,0.973211986142712,0.02678801385728806,0.9998220514945356,0.9975154076310074,0.02640954875742769
1108,3.4011442103967075e-08,3.496554017493947e-12,21.69586839457531,0.5060212223903067,0.9732164132248924,0.02678358677510761,0.9998215998300638,0.9975058943994364,0.026545313970279108
1109,3.4011442103967075e-08,3.7350807084880875e-12,21.68130782509859,0.5059799463593889,0.9732730538351422,0.02672694616485777,0.9998226975986717,0.9975207691188512,0.026411210244419246
1110,3.4011442103967075e-08,3.787363887937484e-12,21.667991129811536,0.5060196598907136,0.9733131579913651,0.026686842008634894,0.999824085940588,0.9975340874306734,0.026294489232943197
1111,3.4011442103967075e-08,3.336585777790308e-12,21.659703308709595,0.5060499984244796,0.9733524808977915,0.026647519102208566,0.9998241538003084,0.9975353516077444,0.026280614410717742
1112,3.4011442103967075e-08,3.6648394859760264e-12,21.650950766895,0.5060972640371708,0.9733739652671966,0.026626034732803457,0.9998253206203834,0.9975461572685063,0.02632164345680594
1113,3.4011442103967075e-08,3.0887011927441407e-12,21.643881647004264,0.5060963525790748,0.973401048593477,0.02659895140652307,0.9998257778138302,0.9975491468219446,0.026239619219051106
1114,3.4011442103967075e-08,3.0523245991273805e-12,21.63660563431866,0.506069139044495,0.9734480537895693,0.026551946210430673,0.9998265131613286,0.9975584121645339,0.026186391646561405
1115,3.4011442103967075e-08,3.100816381931995e-12,21.626704850194706,0.5060490869663836,0.9734974027350514,0.02650259726494863,0.9998278623346818,0.9975655483862855,0.026102673745716908
1116,3.4011442103967075e-08,4.678070173767951e-12,21.606732135782863,0.5060720036270824,0.9735333402256926,0.02646665977430735,0.9998284821182603,0.9975730360072836,0.026087623241286183
1117,3.4011442103967075e-08,2.9726161383236866e-12,21.60387288649714,0.5060563786311514,0.9735905016691402,0.02640949833085981,0.9998274308967848,0.9975602236426482,0.026146340771227933
1118,3.4011442103967075e-08,2.770170646035655e-12,21.600568780255372,0.5060339828036503,0.9736212308278045,0.02637876917219553,0.9998280144127106,0.9975669983140473,0.026112167013043353
1119,3.4011442103967075e-08,3.531211884909779e-12,21.58624891272971,0.5060489567580841,0.9736804756040428,0.026319524395957188,0.9998286779734342,0.9975754822341486,0.025986735540182018
1120,3.4011442103967075e-08,3.6357604967771845e-12,21.572370050608832,0.5060565088394509,0.973715762053187,0.026284237946813036,0.9998291536133996,0.997581720873022,0.026025946011022715
1121,3.4011442103967075e-08,3.2870130802966603e-12,21.5659904374427,0.5060906234139001,0.9737291735080277,0.02627082649197227,0.999829625374168,0.9975899745121318,0.025932117115984442
1122,3.4011442103967075e-08,4.3357090569040115e-12,21.550899190670574,0.5060390609273279,0.973792975574746,0.026207024425254057,0.9998293364088473,0.9975883836761132,0.02591781639071828
1123,3.4011442103967075e-08,3.191502988004839e-12,21.54576375263758,0.5060645817540151,0.9738524807675831,0.026147519232416868,0.9998300664993715,0.9975972001700082,0.025810830760003775
1124,3.4011442103967075e-08,4.306083325186172e-12,21.528455593900684,0.5060286442633739,0.9738700588880055,0.0261299411119945,0.999830415259884,0.9976058993798508,0.025782257967811025
1125,3.4011442103967075e-08,2.9193473787597505e-12,21.52289619000534,0.5060157536417308,0.9739239651239674,0.026076034876032585,0.9998310812369711,0.9976140909756747,0.02567797281040369
1126,3.4011442103967075e-08,3.1187941356788454e-12,21.51943169291931,0.5060509098825755,0.9739984442712385,0.02600155572876153,0.9998316716445836,0.9976216208024535,0.025693756962218137
1127,3.4011442103967075e-08,3.671400780458194e-12,21.507798523957764,0.5060037744781837,0.9740238348896263,0.025976165110373668,0.9998321777365184,0.9976285431523815,0.025659101536362604
1128,3.4011442103967075e-08,3.462058530423389e-12,21.494249406757334,0.5059979151047096,0.9740735744600066,0.025926425539993348,0.9998322702268081,0.9976248604624953,0.025657144239982062
1129,3.4011442103967075e-08,3.2647294351866978e-12,21.488198077461753,0.5059924463561337,0.9740975327871009,0.025902467212899162,0.9998324121016654,0.9976270737714759,0.025628042601979338
1130,3.4011442103967075e-08,3.1954830890120565e-12,21.479719281028654,0.5060011703121953,0.9741608140206214,0.02583918597937865,0.9998322568388188,0.9976288970587325,0.02554209197380561
1131,3.4011442103967075e-08,3.975521949596761e-12,21.47094270319851,0.5059680974041413,0.9741938869286753,0.025806113071324722,0.999832747786257,0.9976351838281725,0.0255069816167889
1132,3.4011442103967075e-08,3.149655308372314e-12,21.46368002830504,0.5060394515522262,0.9742322983770056,0.02576770162299437,0.999833046711627,0.9976366234366547,0.025507148423592314
1133,3.4011442103967075e-08,2.9918710825832127e-12,21.457189095876085,0.5060292953048711,0.9742832098220807,0.025716790177919224,0.9998337256899913,0.997644342698528,0.025459871604442585
1134,3.4011442103967075e-08,3.266423053816516e-12,21.44636346811901,0.5060080713520647,0.9743141993973439,0.025685800602656093,0.9998356359722629,0.9976595026080192,0.025432500867945428
1135,3.4011442103967075e-08,4.635835132159464e-12,21.42570451662422,0.506019790099013,0.9743449285560082,0.02565507144399181,0.9998361008748846,0.9976681321456772,0.02531274256279864
1136,3.4011442103967075e-08,3.638090615468302e-12,21.412907030769432,0.5059971338549131,0.9743915431272023,0.02560845687279769,0.9998361270005237,0.9976718339778673,0.025289649253838815
1137,3.4011442103967075e-08,3.816486325698065e-12,21.399462475356078,0.506016404683228,0.9744412826975827,0.02555871730241737,0.9998362185245093,0.99767043904573,0.02527811905789842
1138,3.4011442103967075e-08,3.2442271617822954e-12,21.3941912391155,0.5060156234334314,0.9744743556056366,0.025525644394363438,0.9998364716218644,0.997675021557544,0.025273243120428484
1139,3.4011442103967075e-08,2.8464203806913065e-12,21.390761515095587,0.5059890609403487,0.9745028712232107,0.02549712877678938,0.9998373686061515,0.9976827832315666,0.025213395990086564
1140,3.4011442103967075e-08,3.798026775528061e-12,21.37762885411366,0.5060815088329405,0.974545579545422,0.025454420454578006,0.9998388172053382,0.9976974843981665,0.025144812259277893
1141,3.4011442103967075e-08,3.5675459804066805e-12,21.36979881324878,0.5060536442568635,0.9746035222386661,0.025396477761333917,0.9998394216451936,0.9977026953822562,0.025077199027462246
1142,3.4011442103967075e-08,3.4523571242755816e-12,21.35940487285167,0.5060361963447405,0.9746515691011539,0.02534843089884612,0.9998393128008279,0.9977020000052631,0.025039442399161657
1143,3.4011442103967075e-08,4.0372504877182766e-12,21.346231980727975,0.5060175765579228,0.9746927149237722,0.025307285076227846,0.9998401485614987,0.9977152054120656,0.024966630681319726
1144,3.4011442103967075e-08,3.263591258127581e-12,21.33784952003847,0.5060122380176464,0.9747239649156342,0.025276035084365864,0.9998394549636297,0.9977079711429981,0.025010639825910792
1145,3.4011442103967075e-08,3.269921330103575e-12,21.32762986998773,0.5060453109257003,0.9747790430262909,0.025220956973709123,0.9998397892285692,0.9977153103747212,0.02490817938300953
1146,3.4011442103967075e-08,3.4868637385688903e-12,21.31492303705369,0.5061057275766334,0.9747940169807248,0.025205983019275256,0.9998391835481751,0.9977111541426306,0.024943987258709412
1147,3.4011442103967075e-08,2.884580191010382e-12,21.309870199798635,0.5060499984244796,0.9748089909351586,0.02519100906484139,0.9998395796728413,0.9977175329526353,0.024855105892872608
1148,3.4011442103967075e-08,3.3769602921459487e-12,21.302368529559036,0.5060627588378233,0.9748682357113969,0.02513176428860305,0.99983963288085,0.9977187828918419,0.024821049790718613
1149,3.4011442103967075e-08,4.6419972850223665e-12,21.284095472261992,0.5060039046864832,0.9749356836104991,0.02506431638950094,0.9998399251581086,0.9977235346118104,0.02475262867717332
1150,3.4011442103967075e-08,3.228224829380749e-12,21.277917508583304,0.505968618237339,0.9749804752655012,0.02501952473449877,0.9998403288843889,0.9977233165458067,0.024787120848732424
1151,3.4011442103967075e-08,3.0353324052755454e-12,21.268369742563944,0.5059884098988516,0.9750059960921885,0.024994003907811483,0.9998414039781781,0.9977349830801555,0.024743233008364365
1152,3.4011442103967075e-08,3.359334004537742e-12,21.262090589035378,0.5059417953276575,0.975019928380227,0.024980071619773017,0.9998413618687121,0.9977380740727584,0.02472894581020136
1153,3.4011442103967075e-08,3.2407345846963992e-12,21.255091266627584,0.5059335922047937,0.9750750064908837,0.024924993509116273,0.9998421903912297,0.9977474177488094,0.024653619331998524
1154,3.4011442103967075e-08,3.205066262502895e-12,21.249364705392257,0.5059360661624828,0.9751062564827457,0.02489374351725429,0.9998431722005554,0.9977586809546365,0.024538494147549918
1155,3.4011442103967075e-08,2.790471069563124e-12,21.24910683058551,0.5058927067987743,0.9751341210588227,0.02486587894117736,0.9998428018684399,0.9977571056921669,0.024510589839927748
1156,3.4011442103967075e-08,3.1102874743067053e-12,21.244667655210574,0.5059151026262754,0.9751518293875444,0.024848170612455568,0.9998429530318433,0.9977597241988092,0.024497599006942972
1157,3.4011442103967075e-08,3.6687087735552755e-12,21.230864451726113,0.5058354151470273,0.9752097720807885,0.02479022791921148,0.9998437807358465,0.9977684885904007,0.02442531690792276
1158,3.4011442103967075e-08,3.907731683077814e-12,21.213228723245678,0.5057707016222132,0.9752319074916908,0.024768092508309244,0.999844179215112,0.9977721696980458,0.024454627825813258
1159,3.4011442103967075e-08,3.0175156067135587e-12,21.21132348499871,0.5057841130770538,0.9752782616462861,0.02472173835371397,0.9998450009971467,0.9977754072307593,0.0243803328733959
1160,3.4011442103967075e-08,2.9924162843426817e-12,21.20262642444572,0.5057949203659061,0.9753263085087738,0.024673691491226175,0.9998446121639115,0.9977758935623753,0.02436707914544574
1161,3.4011442103967075e-08,3.402764637532377e-12,21.196510286382725,0.5057549464179827,0.9753929751580794,0.024607024841920615,0.9998458567857662,0.9977887597490737,0.02426717736910358
1162,3.4011442103967075e-08,3.3195226286232085e-12,21.188783992792455,0.5058347641055302,0.9754155011938799,0.0245844988061201,0.9998457812677399,0.9977900824740551,0.024319323212033606
1163,3.4011442103967075e-08,3.1092661532622597e-12,21.184189327812458,0.5058042953634647,0.9754533918090126,0.02454660819098745,0.9998465660404672,0.9977969674535475,0.024275906481794826
1164,3.4011442103967075e-08,3.445083963479165e-12,21.176599365503947,0.5058130193195263,0.9754854230506711,0.02451457694932892,0.999847271335346,0.9978048042816174,0.0242312312379745
1165,3.4011442103967075e-08,4.549493739007592e-12,21.161523920894076,0.5057906234920251,0.9755225324160072,0.024477467583992815,0.999847287594361,0.9978049360615179,0.02427406912174139
1166,3.4011442103967075e-08,2.6194409770509634e-12,21.15928432284857,0.5057669255815298,0.9755656313631168,0.02443436863688317,0.9998470378426444,0.9978036308844987,0.02420288641503338
1167,3.4011442103967075e-08,3.928531008235487e-12,21.14647624881206,0.5058315088980445,0.9756226625982649,0.02437733740173505,0.9998470391635147,0.9978068353128412,0.024170340765542423
1168,3.4011442103967075e-08,4.341183140108065e-12,21.13242343133538,0.5058667953471887,0.9756679750864649,0.02433202491353518,0.9998463691986632,0.9978025086259692,0.024170873677359376
1169,3.4011442103967075e-08,3.80489718115549e-12,21.118736666960423,0.505845441186083,0.975706646951394,0.024293353048605977,0.9998467476774678,0.9978092699982946,0.024079814595461848
1170,3.4011442103967075e-08,2.991019334116198e-12,21.112690640495693,0.5058699203463749,0.9757377667349566,0.02426223326504342,0.9998470575476819,0.9978124644039686,0.02408248431059849
1171,3.4011442103967075e-08,3.677201207398444e-12,21.102106642676567,0.5058148422357182,0.9757983135941891,0.024201686405810833,0.9998481673982447,0.9978246364157097,0.02396167916696164
1172,3.4011442103967075e-08,3.3322379006832406e-12,21.094944925409767,0.50581445161082,0.9758067771336518,0.024193222866348212,0.9998487197393002,0.9978309109460272,0.023962079478061376
1173,3.4011442103967075e-08,3.5961161942377953e-12,21.08350760668602,0.5057660141234338,0.9758520896218517,0.02414791037814834,0.9998488476765185,0.9978343487520237,0.023881578371415926
1174,3.4011442103967075e-08,3.318352987592682e-12,21.07731047261079,0.505827342232463,0.9758832094054142,0.024116790594585782,0.9998488561078079,0.9978401481260388,0.023903370211707055
1175,3.4011442103967075e-08,3.0550145085969637e-12,21.072076892463812,0.5057971339069964,0.9759332093923934,0.024066790607606612,0.9998485139361998,0.9978340308709049,0.023875116056333603
1176,3.4011442103967075e-08,3.246525524898265e-12,21.064711729220047,0.5058266911909658,0.9759808656299829,0.02401913437001709,0.9998502488917729,0.9978490044569243,0.023813535695859776
1177,3.4011442103967075e-08,3.337993563988365e-12,21.055507584245298,0.5058382797296147,0.9760063864566701,0.023993613543329805,0.9998506519191159,0.9978511626866288,0.02380036369221359
1178,3.4011442103967075e-08,3.228397604473937e-12,21.050410370643952,0.5057722641218062,0.9760220114526011,0.023977988547398816,0.9998515631886095,0.9978596730776845,0.02371995702482741
1179,3.4011442103967075e-08,3.4211273477008015e-12,21.043971538931928,0.5058516911844554,0.9760798239375459,0.02392017606245415,0.9998521934340202,0.9978685043453295,0.023587836372804625
1180,3.4011442103967075e-08,3.4933258484877903e-12,21.033576665729726,0.5058930974236725,0.9761075583053234,0.023892441694676643,0.9998519818117966,0.9978651601521442,0.023604860543976147
1181,3.4011442103967075e-08,3.740194477045438e-12,21.020734104432524,0.5058621078484095,0.976136855172694,0.023863144827306036,0.9998524801197428,0.9978712206998405,0.02359769430154321
1182,3.4011442103967075e-08,3.6304537812524364e-12,21.01067510627059,0.5059031234627283,0.9761329489237112,0.02386705107628878,0.9998523675640755,0.997870787884564,0.0236467568789251
1183,3.4011442103967075e-08,2.7747246910596987e-12,21.007952298731023,0.5059126286685863,0.9761631572491778,0.0238368427508222,0.9998522164774493,0.9978696737250324,0.02366835612725333
1184,3.4011442103967075e-08,3.805567340472605e-12,21.000384485396154,0.5059072901283098,0.9762084697373776,0.02379153026262233,0.9998524089677282,0.9978718390057804,0.023628965039510133
1185,3.4011442103967075e-08,3.3277642288561504e-12,20.993821082099846,0.5058654932641945,0.9762688863883109,0.023731113611689163,0.9998522617361318,0.9978748566614147,0.023566191596466588
1186,3.4011442103967075e-08,4.1802113701758605e-12,20.97693091260524,0.5058765609696456,0.9763088603362343,0.023691139663765712,0.999851701868009,0.9978724053349116,0.023548294470809295
1187,3.4011442103967075e-08,3.675916295322812e-12,20.963740093869706,0.5058109359867354,0.9763710999033594,0.0236289000966406,0.9998528507569489,0.9978826925846928,0.02345390104870313
1188,3.4011442103967075e-08,3.22644324192753e-12,20.956092563675302,0.5057947901576068,0.9763924540644651,0.023607545935534914,0.9998529066670876,0.9978828829608966,0.023475109482409003
1189,3.4011442103967075e-08,3.0346341957543036e-12,20.954601011787624,0.5057964828654993,0.9764113342678817,0.023588665732118298,0.9998541890793373,0.9978985851114799,0.023302568406374326
1190,3.4011442103967075e-08,3.5651083887115217e-12,20.94528363783682,0.5058136703610233,0.9764636780042505,0.023536321995749482,0.9998549680386379,0.9979067941598156,0.023215673938627363
1191,3.4011442103967075e-08,3.955145102150496e-12,20.932015409567295,0.5058386703545129,0.9765028707023774,0.023497129297622578,0.9998556245904935,0.9979124217326324,0.0231897660973044
1192,3.4011442103967075e-08,3.5494310933112645e-12,20.921927210980183,0.5057927068248159,0.9765302144452567,0.023469785554743345,0.9998568403469166,0.9979235327921004,0.023171350134908557
1193,3.4011442103967075e-08,3.497149513779702e-12,20.916256838098512,0.5058042953634647,0.9765768290164508,0.02342317098354922,0.9998562186461977,0.9979113474004063,0.02331764650023377
1194,3.4011442103967075e-08,3.7295916334208955e-12,20.903519545204777,0.5058397120209084,0.9765945373451725,0.023405462654827434,0.9998563976893506,0.9979145017726717,0.023232703688316102
1195,3.4011442103967075e-08,2.956243478657004e-12,20.89839315489208,0.5058374984798181,0.9766427144159597,0.023357285584040214,0.9998574149301418,0.99792530792353,0.02321100979732173
1196,3.4011442103967075e-08,3.2075281005128547e-12,20.89030372577694,0.5058032536970694,0.9766584696201902,0.023341530379809797,0.9998573288408618,0.9979227485183093,0.023242714495038806
1197,3.4011442103967075e-08,5.0782710220087765e-12,20.870465922952324,0.50583255056444,0.9767188862711234,0.023281113728876632,0.9998571782215474,0.9979288015696935,0.023134397507852428
1198,3.4011442103967075e-08,3.460270043945379e-12,20.861279916745893,0.505863800556302,0.9767238341865015,0.023276165813498485,0.9998570014603648,0.9979305016162863,0.023114654448838083
1199,3.4011442103967075e-08,4.0192996305176e-12,20.848117295309308,0.5058285141071578,0.9767720112572887,0.023227988742711266,0.999856506947374,0.9979289311453244,0.023156888807545226
1200,3.4011442103967075e-08,3.0999171852817508e-12,20.842136381839087,0.5058249984830733,0.9767912820856036,0.023208717914396375,0.9998577154059172,0.9979439784355227,0.02307285484107433
1201,3.4011442103967075e-08,3.057526207951651e-12,20.835066909183258,0.5058048161966624,0.9768237039521604,0.02317629604783957,0.9998572844793665,0.9979374979951607,0.02310116866968582
1202,3.4011442103967075e-08,3.2353952736050227e-12,20.829686114065368,0.5058209620257912,0.9768664122743718,0.023133587725628197,0.9998580553629725,0.997944209347145,0.023066454333620694
1203,3.4011442103967075e-08,3.0902771306046745e-12,20.82584946890222,0.5058498682682635,0.9768769591466252,0.023123040853374778,0.9998582737673496,0.9979475357666018,0.02304916704078658
1204,3.4011442103967075e-08,3.2904879515500804e-12,20.815313874008694,0.5058059880713572,0.9769131570538654,0.02308684294613465,0.9998589557328783,0.9979537141315772,0.02304643367548982
1205,3.4011442103967075e-08,4.00716992575739e-12,20.805379309162024,0.5058114568199331,0.9769565164175739,0.02304348358242615,0.9998604323211219,0.9979708384661244,0.022931240928358482
1206,3.4011442103967075e-08,3.4339593464984557e-12,20.796737017146008,0.5057927068248159,0.9769783914118773,0.023021608588122765,0.9998607991034958,0.9979719637172482,0.02288158807396259
1207,3.4011442103967075e-08,3.113555776287705e-12,20.793525010890477,0.5058510401429583,0.9770131570278237,0.02298684297217631,0.99986171526223,0.997984413893766,0.022723542478881253
1208,3.4011442103967075e-08,3.043543309105281e-12,20.788289841177274,0.5057850245351498,0.9770582090994248,0.022941790900575285,0.9998614532725446,0.9979813087701292,0.02278751600534303
1209,3.4011442103967075e-08,2.9839592104658773e-12,20.783626178595547,0.5057863266181442,0.9771125059602849,0.022887494039715094,0.9998614290719426,0.9979832051279007,0.022715848951600014
1210,3.4011442103967075e-08,3.2700811699313272e-12,20.77618723750337,0.5057602849582591,0.9771661517796479,0.022833848220352025,0.9998617083731774,0.9979878995699388,0.022602033444532384
1211,3.4011442103967075e-08,3.377564269438611e-12,20.768305372006793,0.5057178370526466,0.9772014382287921,0.022798561771207874,0.9998619320726243,0.9979931198032901,0.02254448148100245
1212,3.4011442103967075e-08,3.5681444813940213e-12,20.75490454557571,0.5057410141299442,0.9772356830115408,0.022764316988459116,0.9998623739485084,0.9979959718753216,0.022539757685708785
1213,3.4011442103967075e-08,4.4356134536903806e-12,20.73804479486885,0.5057537745432878,0.9772661517536063,0.022733848246393684,0.9998627431708825,0.9979967006117222,0.022621916891501965
1214,3.4011442103967075e-08,3.5304953701759943e-12,20.727845262739166,0.5057761703707889,0.977300396536355,0.02269960346364493,0.9998634118434168,0.9980037020546497,0.022580908083492245
1215,3.4011442103967075e-08,3.3380362704049294e-12,20.720109110310613,0.50571028497128,0.9773487038154417,0.022651296184558287,0.9998639419108601,0.9980083232797119,0.02256017465042141
1216,3.4011442103967075e-08,3.1246218782099624e-12,20.712992150306835,0.5057621078744511,0.9773720111010388,0.022627988898961223,0.9998643243933489,0.9980125765170567,0.022523972757829656
1217,3.4011442103967075e-08,3.045761651542977e-12,20.71098766272353,0.5058322901478411,0.977414068381753,0.022585931618246975,0.999863992099671,0.9980087622343308,0.022489446846182308
1218,3.4011442103967075e-08,3.567564313001017e-12,20.70273677677173,0.5058591130575226,0.9774402402499375,0.022559759750062566,0.9998639782025219,0.9980072015244857,0.022497295821663533
1219,3.4011442103967075e-08,3.3687774314717773e-12,20.696625474497008,0.5058305974399486,0.9774660214932236,0.02253397850677643,0.9998649899870642,0.9980203484684924,0.02241061633174567
1220,3.4011442103967075e-08,2.865050317455109e-12,20.696777726589296,0.5058369776466204,0.9775045631498533,0.022495436850146655,0.9998647592102539,0.9980165736557766,0.02245929112473049
1221,3.4011442103967075e-08,2.764624031415775e-12,20.693580821317564,0.5058101547369389,0.9775647193841877,0.02243528061581234,0.999865266560699,0.9980253422213067,0.022382450786482964
1222,3.4011442103967075e-08,3.851663307722703e-12,20.682842406272986,0.5057393214220517,0.9776050839570094,0.022394916042990615,0.9998653647254007,0.9980277217834234,0.02231233043195206
1223,3.4011442103967075e-08,3.423544436935637e-12,20.67339451799372,0.5057019516401168,0.9776382870733628,0.02236171292663726,0.999866463864755,0.9980388054533985,0.02223710143187398
1224,3.4011442103967075e-08,3.8687006485946765e-12,20.661832404938654,0.5056496079037479,0.9776544329024914,0.022345567097508567,0.9998664870329652,0.9980444003299551,0.02219772051996581
1225,3.4011442103967075e-08,3.4589879932730817e-12,20.655449672049436,0.5057330714236793,0.9776882870603419,0.02231171293965809,0.9998662406941062,0.9980416659439346,0.022172559730451617
1226,3.4011442103967075e-08,3.452976346645195e-12,20.65268825769159,0.505673826647441,0.9777237037177855,0.02227629628221451,0.9998660971813461,0.9980424237104275,0.022126826938652595
1227,3.4011442103967075e-08,3.186822327356611e-12,20.6461908648014,0.5056808578956099,0.9777599016250256,0.02224009837497438,0.9998661157365941,0.9980441763827428,0.02212000119486649
1228,3.4011442103967075e-08,3.1104319072948626e-12,20.640875828059695,0.5057040349729076,0.9777933651579779,0.022206634842022177,0.9998668161559289,0.9980485906627872,0.02214452074391874
1229,3.4011442103967075e-08,2.8170914054393766e-12,20.638931643588236,0.5058070297377527,0.9778112036949991,0.022188796305000962,0.9998673059897808,0.9980530864310451,0.02209067139027253
1230,3.4011442103967075e-08,3.3394647738928583e-12,20.632746402758137,0.5057351547564701,0.9778406307706691,0.02215936922933093,0.9998668693087757,0.9980518712335151,0.022028757507100653
1231,3.4011442103967075e-08,3.267151175012932e-12,20.62680915101734,0.5057322901738828,0.9778709693044351,0.022129030695564923,0.9998679553600918,0.9980581554493306,0.022069938549872426
1232,3.4011442103967075e-08,3.2558474754214904e-12,20.620323007598337,0.5056183579118859,0.9779272192897867,0.022072780710213357,0.9998682558061919,0.9980580086938824,0.022057125660839626
1233,3.4011442103967075e-08,3.483062572992606e-12,20.61660811477261,0.5056414047808842,0.9779673234460096,0.02203267655399048,0.99986876263621,0.9980635057029916,0.022022362017347384
1234,3.4011442103967075e-08,3.7207310527679085e-12,20.60507609626784,0.5056618474838939,0.9780234432230617,0.021976556776938338,0.99986898449559,0.9980732228745853,0.021910477253574534
1235,3.4011442103967075e-08,3.263792134100467e-12,20.59679904459357,0.5055708318825959,0.9780753963345322,0.021924603665467796,0.9998690850820878,0.998077715295335,0.02185399643841017
1236,3.4011442103967075e-08,3.360324250240306e-12,20.589406644704056,0.5056199204114791,0.9781166723654499,0.021883327634550094,0.9998696466206674,0.9980813889888788,0.021843285505856055
1237,3.4011442103967075e-08,3.252559545638965e-12,20.583285600101,0.5055993475001699,0.9781342504858722,0.02186574951412773,0.999869783135564,0.9980830891605251,0.02184321330694389
1238,3.4011442103967075e-08,2.9559107407393355e-12,20.579905840692554,0.5056347641576135,0.9781445369415268,0.021855463058473162,0.9998694179161272,0.9980755552245131,0.021979700217422182
1239,3.4011442103967075e-08,2.985707438160161e-12,20.574774429381016,0.5055657537589183,0.9781740942254963,0.021825905774503704,0.9998702422916963,0.9980842791537483,0.021973638296312523
1240,3.4011442103967075e-08,3.003135549847343e-12,20.57192023388852,0.5055795558386573,0.9782171931726059,0.021782806827394054,0.9998711948481975,0.9980949285194622,0.021843100027157093
1241,3.4011442103967075e-08,2.916077583218399e-12,20.566370205749912,0.5054992173179121,0.9782541723296426,0.021745827670357376,0.9998714041586417,0.9981038188335168,0.02171228506972494
1242,3.4011442103967075e-08,4.5288071321259e-12,20.545533508323572,0.5055188787711253,0.9782707087836696,0.021729291216330413,0.99987170039904,0.9981071545621896,0.021704274821620767
1243,3.4011442103967075e-08,3.2897074191260546e-12,20.538976058292533,0.505501300650703,0.9782958389854586,0.021704161014541402,0.9998714164217936,0.9981025212920773,0.021703666423342868
1244,3.4011442103967075e-08,2.895021943268099e-12,20.53511068041999,0.5056148422878015,0.9783192764793551,0.021680723520644915,0.9998710805092801,0.998099819744411,0.02175078405174554
1245,3.4011442103967075e-08,3.467621150560002e-12,20.522937256122365,0.5056489568622509,0.9783390681408677,0.02166093185913233,0.9998718313122924,0.998112324861812,0.021642521868224872
1246,3.4011442103967075e-08,3.0928396102649064e-12,20.516854224834525,0.5056197902031796,0.9783735733402152,0.021626426659784724,0.999871826088975,0.9981121170736453,0.021661403117280008
1247,3.4011442103967075e-08,3.1387238477012412e-12,20.5121320140561,0.5056274724928457,0.9784059952067721,0.021594004793227917,0.9998731866159253,0.998122612667101,0.021655579002278137
1248,3.4011442103967075e-08,3.490793213247588e-12,20.50165804939798,0.5056769516466272,0.9784475316542887,0.021552468345711367,0.9998735612116129,0.9981251916953571,0.021625354755943307
1249,3.4011442103967075e-08,3.4654774952083964e-12,20.493072206374467,0.5056739568557403,0.9784998753906574,0.02150012460934255,0.9998740339971842,0.9981310171916581,0.02157176956441739
1250,3.4011442103967075e-08,2.6119622066419063e-12,20.491933946270787,0.5056821599786042,0.9784992243491604,0.021500775650839674,0.9998742086582819,0.9981354839571729,0.021546922022983236
1251,3.4011442103967075e-08,3.3511366195662646e-12,20.482540379941202,0.5056652328996789,0.9785503962108343,0.02144960378916568,0.9998741615998301,0.9981345186937088,0.02149305972239408
1252,3.4011442103967075e-08,3.8778327844769855e-12,20.468705869038725,0.5056437485302738,0.9786002659895141,0.021399734010485935,0.9998742374855935,0.9981347436697843,0.02148065202760679
1253,3.4011442103967075e-08,3.612772869031421e-12,20.461086966765208,0.5056751287304352,0.9785908909919555,0.02140910900804453,0.9998749556588691,0.9981433137260148,0.021466138708023264
1254,3.4011442103967075e-08,3.3838855104446467e-12,20.451512850730005,0.5056891912267731,0.9786474013939059,0.021352598606094113,0.9998747652776496,0.9981477281923195,0.02137993773623374
1255,3.4011442103967075e-08,3.084926887151026e-12,20.448915488343772,0.5057269516336064,0.9786734430537909,0.02132655694620913,0.9998758096416801,0.9981560501598602,0.02130110585590166
1256,3.4011442103967075e-08,3.394907149931048e-12,20.441353781228184,0.5057522120436948,0.9787088597112344,0.02129114028876555,0.9998765326356991,0.9981633557210933,0.021263259474938585
1257,3.4011442103967075e-08,3.559399225563541e-12,20.430662011979337,0.5057261703838098,0.9787255263735608,0.02127447362643916,0.9998761324673642,0.9981599590957527,0.021238804887866038
1258,3.4011442103967075e-08,2.7886440662476694e-12,20.430495515677233,0.5056992172658288,0.9787720107364556,0.021227989263544463,0.999875557808971,0.9981569279351737,0.021233735101136547
1259,3.4011442103967075e-08,3.941451725369758e-12,20.418446329613445,0.5057458318370229,0.978773963860947,0.02122603613905309,0.9998763098098001,0.9981652137078345,0.02119868986761974
1260,3.4011442103967075e-08,3.4128757415634394e-12,20.409696049302877,0.5056776026881243,0.97880495343621,0.021195046563789958,0.9998761927910225,0.9981640996189302,0.021187594256931307
1261,3.4011442103967075e-08,2.682304170744272e-12,20.41012639314109,0.505722264134827,0.9788402398853542,0.021159760114645803,0.9998756970328552,0.9981631615721493,0.021167935661538233
1262,3.4011442103967075e-08,3.8181357015458625e-12,20.40024866253517,0.505736977672662,0.9788554742563869,0.02114452574361309,0.9998762210973908,0.9981692506519829,0.02112792473840136
1263,3.4011442103967075e-08,3.4345211535988137e-12,20.390199710021417,0.5056975245579363,0.9788806044581759,0.021119395541824078,0.9998760994887985,0.9981710968511452,0.02103652385767701
1264,3.4011442103967075e-08,4.435147399208395e-12,20.37391109874451,0.5056493474871491,0.9788988336200954,0.021101166379904588,0.9998770891942327,0.9981768243658473,0.02106154355785258
1265,3.4011442103967075e-08,3.906376378092049e-12,20.362649084433194,0.5056608058174985,0.9789625054785142,0.021037494521485803,0.9998775080243991,0.9981799710116432,0.020981524911452776
1266,3.4011442103967075e-08,3.0332328240127608e-12,20.355663294590038,0.5057045558061053,0.9789752658918578,0.021024734108142158,0.9998786472470282,0.998190654032773,0.020940005781407103
1267,3.4011442103967075e-08,2.9535574141692193e-12,20.35223831139072,0.5057199203854374,0.9789977919276583,0.021002208072341648,0.9998780971390991,0.998190566930725,0.020926931298938724
1268,3.4011442103967075e-08,3.877161440060989e-12,20.342931523717564,0.5056666651909726,0.9790247450456393,0.02097525495436069,0.999877947099457,0.9981881141682791,0.020947931158030505
1269,3.4011442103967075e-08,3.7606827971784515e-12,20.32847541729402,0.5056234360355635,0.9790893283621541,0.020910671637845928,0.999878825320979,0.9981993355168745,0.020812785378027006
1270,3.4011442103967075e-08,3.418977037807442e-12,20.319803865050687,0.5056255193683543,0.9791246148112982,0.020875385188701773,0.9998786110324908,0.998198124882875,0.020823736953786517
1271,3.4011442103967075e-08,3.77182637086924e-12,20.304777343385435,0.5056010402080624,0.9791626356347303,0.020837364365269697,0.9998788704269868,0.9982045109858859,0.020793913977036456
1272,3.4011442103967075e-08,3.916723616726254e-12,20.297486529360697,0.5055959620843848,0.979187375211621,0.02081262478837896,0.9998794130263806,0.998210763150614,0.020756851241890025
1273,3.4011442103967075e-08,4.521331519125832e-12,20.281443326022853,0.5055205714790179,0.979220448119675,0.020779551880325032,0.9998787840911646,0.998208148377083,0.020672397603768333
1274,3.4011442103967075e-08,3.591887637337937e-12,20.271705041255355,0.5055527329289758,0.9792432345720743,0.02075676542792567,0.9998792798496257,0.998211299530298,0.020683850375416774
1275,3.4011442103967075e-08,4.8237797331332874e-12,20.25381791409532,0.5055399725156322,0.9792877658104776,0.020712234189522345,0.9998786074870295,0.9982074637977871,0.02065667899601198
1276,3.4011442103967075e-08,3.101328972904742e-12,20.250388500249773,0.505488149612461,0.9792841199780937,0.020715880021906243,0.9998786946215342,0.9982078939936736,0.02072131747583888
1277,3.4011442103967075e-08,3.729617517101845e-12,20.240760657985415,0.505555857928162,0.9793048230977023,0.02069517690229768,0.999879659856115,0.9982184159447123,0.02061263886598557
1278,3.4011442103967075e-08,3.3036947255067854e-12,20.233039191224268,0.5055541652202695,0.9793343803816718,0.020665619618328225,0.9998800687776934,0.9982205911387636,0.020665921162304098
1279,3.4011442103967075e-08,3.766199039111808e-12,20.21957067665414,0.5055733058402849,0.979354041834885,0.02064595816511506,0.9998812166512165,0.9982309810997408,0.020577032075565188
1280,3.4011442103967075e-08,2.939065496515631e-12,20.213346074710582,0.5056106756222198,0.9793858126599446,0.02061418734005538,0.9998814283355574,0.998230130469033,0.02054114701374342
1281,3.4011442103967075e-08,3.0965004600276127e-12,20.21006107643039,0.5056162745790952,0.9794112032783325,0.02058879672166752,0.9998816126154672,0.9982331692027397,0.020549107739074916
1282,3.4011442103967075e-08,3.667290996967917e-12,20.1960609751274,0.505582811046143,0.979452739725849,0.02054726027415097,0.9998819664810256,0.9982375930681077,0.020444331490609518
1283,3.4011442103967075e-08,4.271875089845201e-12,20.183232702092884,0.505608852706028,0.9794872449251967,0.020512755074803365,0.999881628406765,0.9982362830469984,0.02041618788286015
1284,3.4011442103967075e-08,3.4198976342571893e-12,20.174718129914417,0.5055953110428878,0.9794941459650661,0.020505854034933844,0.9998821576262724,0.9982425323641597,0.020416143412394804
1285,3.4011442103967075e-08,3.5818467052913526e-12,20.16873604645004,0.5056016912495596,0.9795438855354465,0.020456114464553525,0.999882665298108,0.9982504833677907,0.02031750644286295
1286,3.4011442103967075e-08,3.3650602071210653e-12,20.163147369384575,0.5056302068671337,0.9795470105346327,0.020452989465367326,0.9998831159274244,0.998256340557682,0.020323036797430524
1287,3.4011442103967075e-08,3.6363417463913148e-12,20.152783494353475,0.5056369776987037,0.9795980521880072,0.020401947811992758,0.9998836461464146,0.9982631075570969,0.020283025164059415
1288,3.4011442103967075e-08,3.370469291126126e-12,20.1471941062847,0.5056011704163619,0.9796381563442301,0.02036184365576988,0.9998832661888157,0.9982587893792518,0.0202685092672431
1289,3.4011442103967075e-08,3.910936372299553e-12,20.135141565532237,0.5056587224847077,0.9796589896721382,0.020341010327861894,0.9998836153867015,0.9982625850831938,0.020298293067409788
1290,3.4011442103967075e-08,2.973252662658646e-12,20.132500966927545,0.5056213527027728,0.979690239664,0.02030976033599991,0.9998837218699272,0.998263920956839,0.020251774305265157
1291,3.4011442103967075e-08,4.150705081893437e-12,20.115948323540383,0.5056674464407691,0.9797151094491903,0.020284890550809752,0.9998834300954519,0.9982629857621359,0.020241079155184874
1292,3.4011442103967075e-08,3.168291745964594e-12,20.11101957072671,0.505640753739387,0.9797522188145263,0.02024778118547365,0.9998840041211158,0.998270578771065,0.020165889697875587
1293,3.4011442103967075e-08,4.030128420940506e-12,20.098455604940657,0.5056205714529762,0.979769276101751,0.020230723898248985,0.9998841620621346,0.9982730209600571,0.020138117872274517
1294,3.4011442103967075e-08,3.111696790270316e-12,20.090157313745276,0.5056128891633102,0.9797945365118395,0.02020546348816055,0.9998848214452271,0.9982810286678359,0.020091059146543033
1295,3.4011442103967075e-08,3.41917785887267e-12,20.08315510879333,0.5056820297703047,0.979816151089544,0.020183848910456013,0.9998850021900952,0.9982844225816607,0.020094477955053182
1296,3.4011442103967075e-08,2.6293361198597155e-12,20.085817580755688,0.505662498525391,0.9798438854573215,0.020156114542678506,0.9998845689656118,0.9982838126058429,0.0200286883568919
1297,3.4011442103967075e-08,3.382145349599835e-12,20.077929705463866,0.5056408839476865,0.9798837291969456,0.02011627080305448,0.9998840531543636,0.9982797521610228,0.02000013223430136
1298,3.4011442103967075e-08,3.824774812741239e-12,20.06919519210965,0.5056307277003314,0.9799242239780667,0.020075776021933327,0.9998850536717492,0.9982865978697257,0.019984208826355227
1299,3.4011442103967075e-08,3.3517230435770103e-12,20.05969962624452,0.5055583318858511,0.979952218762443,0.020047781237556968,0.9998845914114255,0.9982830476294147,0.01997202723509029
1300,3.4011442103967075e-08,3.446884911422961e-12,20.049141015153413,0.5055877589615211,0.9799955781261516,0.02000442187384847,0.9998841945992093,0.9982786903831117,0.019995668702618912
1301,3.4011442103967075e-08,2.830307574524967e-12,20.048321070253085,0.505615623537598,0.9800291718674031,0.01997082813259684,0.9998860717995343,0.9982958300968264,0.019899657468806353
1302,3.4011442103967075e-08,2.736431687074587e-12,20.047706574819873,0.5055723943821889,0.9800638072750502,0.01993619272494981,0.9998866871715243,0.9983023109001873,0.019851823087309026
1303,3.4011442103967075e-08,3.173842692473921e-12,20.042975765201227,0.5056035141657516,0.9800976614329007,0.01990233856709933,0.9998870058035555,0.9983086285180265,0.019836718874176276
1304,3.4011442103967075e-08,3.792686514540661e-12,20.03034276164945,0.5055627589680315,0.9801165416363172,0.01988345836368272,0.9998870519555615,0.9983111186735125,0.019862582977782074
1305,3.4011442103967075e-08,3.3904420644666056e-12,20.0196598628299,0.5055802068801545,0.9801566457925401,0.01984335420745984,0.9998881121148246,0.9983247115014082,0.019788176556227492
1306,3.4011442103967075e-08,3.638054013181992e-12,20.010611660891268,0.5055730454236861,0.9801947968242717,0.01980520317572834,0.99988703842797,0.9983155918752764,0.019746101887525517
1307,3.4011442103967075e-08,4.086310429311069e-12,20.000091754481875,0.5055623683431333,0.9802145884857842,0.019785411514215753,0.9998872406050634,0.9983146292839228,0.019746851696076664
1308,3.4011442103967075e-08,4.239499382473378e-12,19.984065661953277,0.5056381495733986,0.9802428436867594,0.019757156313240543,0.9998871527478708,0.9983140321006524,0.01972669412828249
1309,3.4011442103967075e-08,4.3587624998469576e-12,19.97413754543656,0.5055580714692522,0.9802569061830974,0.019743093816902653,0.9998877924750001,0.998317800890545,0.019746843181722696
1310,3.4011442103967075e-08,3.402848270485569e-12,19.9647101899096,0.5056068995815366,0.9803259165817926,0.019674083418207443,0.9998878531567194,0.998321685599471,0.01963033036964376
1311,3.4011442103967075e-08,3.2195037646904743e-12,19.959561143082176,0.505600909999763,0.9803523488665759,0.019647651133424184,0.9998880002970112,0.9983218506035828,0.019716025968363745
1312,3.4011442103967075e-08,3.167996496060262e-12,19.952900151137378,0.5055973943756785,0.9803915415647028,0.019608458435297283,0.999888153191644,0.9983238197029,0.019673829637121124
1313,3.4011442103967075e-08,3.421788014561031e-12,19.945155857526277,0.5056233058272641,0.9804074269772326,0.019592573022767443,0.999888829053117,0.9983282939696955,0.01970763313395928
1314,3.4011442103967075e-08,3.223545129781306e-12,19.940693834455896,0.5055480454301965,0.9804373748861003,0.01956262511389971,0.9998889638911957,0.998331376011581,0.01970188556598036
1315,3.4011442103967075e-08,3.055739393816101e-12,19.93620088136944,0.505520311062419,0.9804570363393135,0.019542963660686547,0.9998900367650472,0.9983450129486886,0.019576996701230004
1316,3.4011442103967075e-08,3.1675960687438603e-12,19.931792433811122,0.5054848944049755,0.9804912811220622,0.019508718877937793,0.9998903976680679,0.9983473214807854,0.019622308905805515
1317,3.4011442103967075e-08,3.693210666692856e-12,19.921073832644,0.505562889176331,0.9805195363230375,0.019480463676962583,0.9998900640727094,0.9983443428177802,0.019574427152997134
1318,3.4011442103967075e-08,4.099040228346384e-12,19.908589361657004,0.5055651027174212,0.9805381561098552,0.019461843890144822,0.9998893575585961,0.9983360133397571,0.019657384569893153
1319,3.4011442103967075e-08,3.3054023717959322e-12,19.903999989053098,0.5056085922894291,0.9805634165199436,0.019436583480056384,0.9998906551745366,0.9983487029976339,0.019573031054898358
1320,3.4011442103967075e-08,3.759611720321844e-12,19.890345385188404,0.5055423162650218,0.9805916717209188,0.019408328279081177,0.9998907832651763,0.9983498025236074,0.019567592755538633
1321,3.4011442103967075e-08,2.591492591458014e-12,19.892059222027616,0.505561977718235,0.980614718589917,0.019385281410082965,0.9998909371862369,0.9983495627985499,0.01956524410631017
1322,3.4011442103967075e-08,4.9802889109405135e-12,19.87575698855971,0.5055320298093673,0.9806359425427233,0.019364057457276703,0.9998910550224822,0.9983491421668357,0.019500522131933283
1323,3.4011442103967075e-08,3.825823258136052e-12,19.864555114502462,0.5055381495994402,0.9806644581602973,0.019335541839702645,0.9998911878776492,0.9983538276018061,0.01943054732604508
1324,3.4011442103967075e-08,4.004794049500456e-12,19.854136383433573,0.5055988266669722,0.9806977914849502,0.019302208515049865,0.9998917027977838,0.9983603380469687,0.019420364010320164
1325,3.4011442103967075e-08,3.299061816662225e-12,19.848378301132076,0.5055733058402849,0.9807169321049656,0.0192830678950344,0.9998915707800077,0.9983582648978976,0.019438516772171316
1326,3.4011442103967075e-08,3.844130141223512e-12,19.839275600339363,0.5055446600144115,0.9807505258462172,0.019249474153782774,0.9998919477856736,0.9983688617699453,0.01933381745212683
1327,3.4011442103967075e-08,3.775457566764668e-12,19.83077328474058,0.5055361964749489,0.9807697966745321,0.019230203325467883,0.9998918058554187,0.9983655501154153,0.019341450869284058
1328,3.4011442103967075e-08,3.66547325991081e-12,19.82421265042589,0.5055529933455747,0.9807843800040678,0.01921561999593229,0.999892618026981,0.998372113901926,0.019315054154007957
1329,3.4011442103967075e-08,3.181605713535197e-12,19.821614880130568,0.5055747381315786,0.9808191456200142,0.01918085437998584,0.9998928293848511,0.9983769689686384,0.019297242654717522
1330,3.4011442103967075e-08,3.6506456080442905e-12,19.814093170469125,0.5055881495864194,0.9808548226940565,0.01914517730594341,0.999893299359277,0.9983836209820233,0.01918618543765632
1331,3.4011442103967075e-08,3.090939018762753e-12,19.81204103233005,0.5055652329257206,0.9808915414344944,0.01910845856550558,0.9998932985114559,0.998384405744851,0.01923259602683242
1332,3.4011442103967075e-08,3.121201640728169e-12,19.80662191005457,0.5055897120860124,0.9809056039308323,0.019094396069167692,0.9998938861450802,0.9983893860239518,0.019234401025453235
1333,3.4011442103967075e-08,3.626217491888705e-12,19.79755522379222,0.5056546860274255,0.9809237028844524,0.019076297115547626,0.9998942148764179,0.9983938006203784,0.019173055707606367
1334,3.4011442103967075e-08,3.0265581291992217e-12,19.79385611584201,0.5056317693667267,0.9809556039178114,0.01904439608218852,0.9998942594338943,0.9983931000858479,0.019173295170735617
1335,3.4011442103967075e-08,3.4356317712567106e-12,19.78543829156369,0.5056791651877174,0.9809828174523912,0.019017182547608712,0.9998942714906414,0.9983923798404911,0.019155252132925505
1336,3.4011442103967075e-08,3.831897498412753e-12,19.77588133286487,0.5056481756124542,0.9810065153628866,0.018993484637113377,0.9998937566053009,0.9983889894458323,0.01919877828166258
1337,3.4011442103967075e-08,3.6663103314588425e-12,19.766467627540887,0.5055890610445154,0.9810561247249675,0.018943875275032482,0.9998949475788466,0.9983996114394991,0.019155335344535184
1338,3.4011442103967075e-08,3.3809316012502644e-12,19.760662534056028,0.5055138006474478,0.9810855518006375,0.018914448199362447,0.9998951932815805,0.998400663210289,0.01911994599149883
1339,3.4011442103967075e-08,3.686846505019963e-12,19.75089608151537,0.5055726547987878,0.9811027392961617,0.018897260703838358,0.9998952325705895,0.9984038516824284,0.019075299211694145
1340,3.4011442103967075e-08,3.417052403578035e-12,19.744712028519483,0.5056011704163619,0.9811199267916857,0.01888007320831427,0.9998955594742912,0.9984123382673197,0.019028186337117798
1341,3.4011442103967075e-08,5.215470249252138e-12,19.72376456235281,0.5055730454236861,0.9811278694979506,0.018872130502049347,0.9998956956461164,0.9984159713329082,0.019030301566807614
1342,3.4011442103967075e-08,3.622577057920298e-12,19.711582803048785,0.5055976547922774,0.981162895530496,0.018837104469504044,0.9998964406066579,0.9984223488764377,0.01901707400781919
1343,3.4011442103967075e-08,3.272000178252425e-12,19.706327728895246,0.5056628891502892,0.9812114632261815,0.01878853677381855,0.9998964168364204,0.9984235047378102,0.018904006263847924
1344,3.4011442103967075e-08,3.2822624997922525e-12,19.70035472931881,0.5056888006018748,0.9812261767640165,0.018773823235983533,0.9998961055218581,0.9984183414440854,0.01893416415446069
1345,3.4011442103967075e-08,3.275161023740759e-12,19.695333709304602,0.5056721339395485,0.9812445361342353,0.01875546386576462,0.9998963625551228,0.9984211962301933,0.01892463438862126
1346,3.4011442103967075e-08,3.645646390536724e-12,19.68924541403723,0.5057139308036639,0.9812520882156021,0.018747911784397973,0.9998957781481427,0.9984182041584169,0.018922126433592375
1347,3.4011442103967075e-08,3.240136405724328e-12,19.68413277312304,0.5057329412153799,0.9812875048730456,0.018712495126954394,0.9998959054962194,0.9984241104765105,0.018775693491174767
1348,3.4011442103967075e-08,3.575400338294096e-12,19.675553366070663,0.5057662745400326,0.9813322965280478,0.01866770347195222,0.9998963866652038,0.998428341430737,0.01873736346232332
1349,3.4011442103967075e-08,3.736936959168823e-12,19.666936621284055,0.505770962038812,0.9813579475630345,0.01864205243696551,0.9998970096644451,0.9984343371671379,0.018683460593466778
1350,3.4011442103967075e-08,3.3693887372908317e-12,19.660877398962853,0.5057407537133454,0.9813625048535144,0.01863749514648564,0.9998973365913935,0.9984340254239802,0.018774567847798265
1351,3.4011442103967075e-08,3.029238147219599e-12,19.654137329118466,0.505736977672662,0.9813886767216987,0.01861132327830123,0.9998976360068101,0.9984413866298514,0.018685157008816778
1352,3.4011442103967075e-08,3.5050740940028675e-12,19.645225959753173,0.5057177068443471,0.9814113329657987,0.018588667034201294,0.9998976604335731,0.998441069517895,0.018696356058921514
1353,3.4011442103967075e-08,3.9417672432913525e-12,19.636619187989684,0.5056897120599708,0.9814545621212077,0.018545437878792218,0.9998971391566404,0.9984367484312359,0.01864245911096569
1354,3.4011442103967075e-08,3.630536375960297e-12,19.62492788306911,0.505726561008708,0.9814535204548124,0.01854647954518762,0.9998973327457025,0.9984375369949887,0.018731737180197758
1355,3.4011442103967075e-08,3.843505523793597e-12,19.612823001708467,0.505798826614889,0.9814795621146973,0.018520437885302634,0.9998977252291887,0.9984412798021646,0.01866477771666114
1356,3.4011442103967075e-08,3.816269847021736e-12,19.600793885588015,0.5057358057979673,0.9814865933628664,0.01851340663713369,0.9998978485979833,0.9984439501354369,0.018710906011071744
1357,3.4011442103967075e-08,3.2039651221856134e-12,19.594749938520433,0.5057385401722552,0.9815255256443943,0.018474474355605636,0.9998974992639335,0.9984449143549005,0.018637056917135988
1358,3.4011442103967075e-08,3.1810748334112538e-12,19.590548139788066,0.5056873683105811,0.9815488329299914,0.018451167070008576,0.9998986042560576,0.9984536491700765,0.018592275889658363
1359,3.4011442103967075e-08,3.935888090148776e-12,19.57973295709538,0.5057005193488231,0.9815796922969552,0.01842030770304487,0.9998989541721771,0.9984527796599916,0.018582793893843597
1360,3.4011442103967075e-08,3.202310203435978e-12,19.57454526017786,0.5056985662243317,0.981605082915343,0.01839491708465701,0.9998990963225126,0.9984567424969772,0.01858218470191444
1361,3.4011442103967075e-08,4.033551533240905e-12,19.56114305180665,0.5056899724765697,0.9816312547835274,0.0183687452164726,0.9998982968155894,0.9984546306999809,0.01855791254132248
1362,3.4011442103967075e-08,3.7730115428535694e-12,19.546199346253843,0.5056463526962623,0.9816733120642417,0.01832668793575835,0.999898802023957,0.9984625749931733,0.018471510569856166
1363,3.4011442103967075e-08,4.011594668248806e-12,19.531500497896875,0.5057002589322243,0.9817147183034588,0.018285281696541224,0.9998992338132286,0.9984671152254001,0.018397552381198525
1364,3.4011442103967075e-08,3.928927677043939e-12,19.521018831081204,0.5057248683008155,0.9817191453856392,0.018280854614360777,0.9998996346365662,0.998475984672282,0.018324466115031697
1365,3.4011442103967075e-08,3.115909913986523e-12,19.516286647030363,0.505789060992432,0.9817302130910903,0.01826978690890966,0.9998997597977392,0.9984764110343906,0.0183542665145821
1366,3.4011442103967075e-08,3.641099483962468e-12,19.505805921599134,0.5057546860013838,0.9817701870390138,0.01822981296098621,0.9998999557020584,0.9984795212664505,0.01830772570291231
1367,3.4011442103967075e-08,3.0567028706851143e-12,19.502324990733467,0.5057193995522397,0.9817959682823,0.018204031717700072,0.9999005182323949,0.9984868672133339,0.018201082002234734
1368,3.4011442103967075e-08,3.329086441787198e-12,19.498341827700866,0.5057036443480093,0.9818071661960505,0.01819283380394953,0.9999006748258056,0.9984873451125221,0.018242318244545867
1369,3.4011442103967075e-08,3.741750769316382e-12,19.491954723848988,0.5057291651746966,0.9818459682692791,0.018154031730720905,0.999900779640316,0.9984883231543903,0.01820320289825265
1370,3.4011442103967075e-08,3.4855993883684767e-12,19.486401177084193,0.5057324203821822,0.9818636765980009,0.018136323401999114,0.9999004969294703,0.9984870285643026,0.01822970743754516
1371,3.4011442103967075e-08,3.599103248102888e-12,19.479161719367443,0.5056580714432105,0.9818979213807496,0.01810207861925036,0.9999006352059487,0.9984891694879721,0.018182768855541757
1372,3.4011442103967075e-08,3.1747181290159548e-12,19.475370248011206,0.505758722458666,0.9819070359617094,0.018092964038290613,0.99990116081418,0.9984914137195954,0.018258754974844717
1373,3.4011442103967075e-08,4.1720078148180174e-12,19.46436256458153,0.5057514307938983,0.9819352911626846,0.018064708837315407,0.9999019367836273,0.9985003207138461,0.0181752989872798
1374,3.4011442103967075e-08,3.4728610065553845e-12,19.457068269783807,0.5057332016319788,0.9819885463571494,0.018011453642850613,0.9999016931055891,0.9984967384093058,0.0181671760494485
1375,3.4011442103967075e-08,3.6317915643893103e-12,19.449441582088202,0.5056855453943893,0.9820052130194757,0.017994786980524223,0.9999017595788107,0.9985001059149345,0.018116908839995095
1376,3.4011442103967075e-08,2.9140737347635662e-12,19.446803811720503,0.5056454412381663,0.982028259888474,0.017971740111526014,0.9999021539475984,0.9985007515732245,0.018143647536763383
1377,3.4011442103967075e-08,3.8549739763351846e-12,19.432899829434824,0.5056179672869877,0.9820364630113377,0.01796353698866224,0.9999025405577084,0.9985006886255229,0.018184949560534094
1378,3.4011442103967075e-08,3.279203926335437e-12,19.424657543109095,0.5056799464375139,0.9820962286207738,0.017903771379226205,0.9999025010536844,0.9985057192543517,0.018081263559964946
1379,3.4011442103967075e-08,3.3443519613589414e-12,19.419255345361496,0.5056326808248227,0.9821066452847278,0.01789335471527221,0.9999015006465526,0.998500930290604,0.018039787259263505
1380,3.4011442103967075e-08,2.9380461337896916e-12,19.41535165732126,0.5056403631144888,0.982114067157795,0.01788593284220499,0.9999017199287937,0.9985004513443518,0.018111701989675596
1381,3.4011442103967075e-08,2.9127535523108653e-12,19.41374749032869,0.5056348943659129,0.9821500046484363,0.01784999535156371,0.9999016445210872,0.9985012016512452,0.01802689822677767
1382,3.4011442103967075e-08,3.3890296077459942e-12,19.409307103273278,0.5056326808248227,0.9821808640154,0.017819135984600006,0.9999017532155801,0.9984991607164537,0.018084348229136158
1383,3.4011442103967075e-08,3.5109413260862327e-12,19.400747453027375,0.5056877589354795,0.9822080775499799,0.017791922450020196,0.999902336784268,0.9985084872109172,0.01795472763782993
1384,3.4011442103967075e-08,3.490061047434e-12,19.39354980495208,0.5056911443512645,0.982205994217189,0.017794005782810995,0.9999023381810751,0.9985059657118897,0.018035162723360833
1385,3.4011442103967075e-08,3.642998967912835e-12,19.38503113375261,0.5056835922698979,0.9822317754604751,0.017768224539524858,0.9999035375559315,0.9985196522097897,0.01797965254869106
1386,3.4011442103967075e-08,4.8403488000369765e-12,19.36974277730594,0.5056877589354795,0.9822599004531509,0.017740099546849075,0.9999032828730511,0.9985163476369099,0.017946587088191374
1387,3.4011442103967075e-08,3.961274246624485e-12,19.35606256467579,0.5056943995587501,0.9822806035727595,0.017719396427240512,0.9999034719005648,0.9985184774059123,0.01791914104342041
1388,3.4011442103967075e-08,3.3898610201768605e-12,19.351086030474736,0.5056748683138363,0.9823043014832549,0.017695698516745177,0.999903435957074,0.9985165522086398,0.017931819384576553
1389,3.4011442103967075e-08,2.9904611041754898e-12,19.34647490045773,0.505740623505046,0.9823454473058731,0.017654552694126902,0.9999042585317699,0.9985271396429458,0.017802899044906482
1390,3.4011442103967075e-08,3.1229217654592116e-12,19.34221658770035,0.5057445297540287,0.9823894577110788,0.01761054228892128,0.9999046244511316,0.9985344708659425,0.017721593313769716
1391,3.4011442103967075e-08,3.5733601820944116e-12,19.333901422155122,0.5057196599688385,0.9824204472863418,0.017579552713658148,0.9999049491110139,0.9985424579272549,0.01761449016675957
1392,3.4011442103967075e-08,3.3070265102620292e-12,19.326787561191686,0.5057119776791725,0.9824345097826798,0.017565490217320255,0.9999059029550246,0.9985516995060835,0.017605785663572817
1393,3.4011442103967075e-08,4.659026653708041e-12,19.311645172179688,0.5057247380925162,0.9824579472765762,0.01754205272342377,0.9999055179508245,0.9985481118995265,0.017565758271593825
1394,3.4011442103967075e-08,3.93105260164825e-12,19.30544058923766,0.505725649550612,0.9824625045670561,0.017537495432943896,0.9999055309532531,0.9985520195705704,0.01755572867742117
1395,3.4011442103967075e-08,3.4464875031896448e-12,19.298755243387163,0.505743097462735,0.9825029993481773,0.017497000651822747,0.9999057838216389,0.9985520511178825,0.017598469707231976
1396,3.4011442103967075e-08,3.5894963899278586e-12,19.287866524372404,0.5057470037117178,0.9824933639340198,0.017506636065980193,0.9999061676224043,0.9985560471039483,0.0175831046844522
1397,3.4011442103967075e-08,2.475932786663395e-12,19.290539380402237,0.5057638005823436,0.9825178430943117,0.017482156905688304,0.9999059798080407,0.9985573893946251,0.017536735498732758
1398,3.4011442103967075e-08,3.2476004877704795e-12,19.28432656057391,0.5057852849517487,0.9825570357924386,0.017442964207561404,0.9999060663429529,0.9985592551453296,0.017505796400410324
1399,3.4011442103967075e-08,4.1656104436597506e-12,19.26877169748574,0.505798826614889,0.9825895878672948,0.017410412132705173,0.9999057378405398,0.9985548289355879,0.01756771736402299
1400,3.4011442103967075e-08,3.9120565245520565e-12,19.258322209867565,0.5057697901641172,0.9826218795255522,0.017378120474447794,0.9999060073617866,0.9985594442966677,0.01746563032355445
1401,3.4011442103967075e-08,3.199553410879801e-12,19.255247436877045,0.5057790349533763,0.9826454472277482,0.017354552772251883,0.999906584859618,0.9985643398877408,0.017447347235566492
1402,3.4011442103967075e-08,3.2639345073019142e-12,19.25050720653482,0.50578046724467,0.9826514368095217,0.017348563190478335,0.9999062091775175,0.9985611684600872,0.01744867728304772
1403,3.4011442103967075e-08,3.889987044475993e-12,19.240516600286856,0.5057348943398713,0.9826854211756716,0.017314578824328433,0.9999055634371464,0.9985492861474501,0.01755587698521942
1404,3.4011442103967075e-08,3.6505584959052315e-12,19.235977297497826,0.5057153630949576,0.9826981815890152,0.017301818410984788,0.9999051493583709,0.998548948893936,0.017541847008507208
1405,3.4011442103967075e-08,2.8808092616312137e-12,19.234931141154874,0.5057756495375912,0.9827009159633031,0.017299084036696867,0.9999060164126988,0.9985571073542476,0.017555373875153806
1406,3.4011442103967075e-08,3.412849453283623e-12,19.226608605475594,0.5057048162227041,0.9827377649120403,0.017262235087959613,0.9999064267945051,0.9985615127884306,0.01750782546367151
1407,3.4011442103967075e-08,3.639676458570658e-12,19.217093593950228,0.505703253723111,0.9827569055320559,0.01724309446794415,0.9999066286970782,0.9985621560171702,0.017531479264697298
1408,3.4011442103967075e-08,3.146272647672576e-12,19.21234925586894,0.5057044255978058,0.9827599003229426,0.017240099677057377,0.9999070443175174,0.9985674904243107,0.017533185684846873
1409,3.4011442103967075e-08,3.556414183073751e-12,19.206420358287673,0.5056854151860898,0.9827808638591501,0.017219136140849963,0.9999074714500807,0.9985732675280627,0.017461567099341446
1410,3.4011442103967075e-08,5.7865216135213604e-12,19.189306356547558,0.5057031235148116,0.9828039107281482,0.01719608927185175,0.9999073257048462,0.9985764031585448,0.01738098020851531
1411,3.4011442103967075e-08,3.6631903391936415e-12,19.182457167632933,0.5057279933000017,0.9828268273888471,0.017173172611152965,0.9999079335999133,0.9985811514132659,0.017328365262555646
1412,3.4011442103967075e-08,4.414897633696582e-12,19.170469484370873,0.5057763005790884,0.9828418013432809,0.0171581986567191,0.9999083867641143,0.9985877137637375,0.017302374254231354
1413,3.4011442103967075e-08,3.3691440476757936e-12,19.16378086751376,0.5058164047353113,0.9828828169575997,0.01711718304240025,0.9999083512809539,0.9985874253470038,0.017280870897413352
1414,3.4011442103967075e-08,3.719963854267675e-12,19.155664265740892,0.50576913912262,0.9828776086256228,0.017122391374377245,0.9999082825662036,0.998590468106463,0.0172650726857736
1415,3.4011442103967075e-08,3.17766317991282e-12,19.151444695102285,0.5058033839053687,0.9829109419502755,0.017089058049724465,0.999908833175643,0.9985964738385448,0.017180604405720393
1416,3.4011442103967075e-08,3.1634188258184718e-12,19.146177095224143,0.50581445161082,0.9829416711089398,0.017058328891060185,0.9999089781516005,0.9985980014523071,0.01716432793178774
1417,3.4011442103967075e-08,3.490839773188778e-12,19.138840114020617,0.5058089828622441,0.982977608599581,0.017022391400418908,0.9999096705972538,0.9986037627022754,0.01715138587622161
1418,3.4011442103967075e-08,3.105370021274904e-12,19.13456753716393,0.5057028630982128,0.9829859419307443,0.01701405806925571,0.9999094117571151,0.9986031301908302,0.017134664968846445
1419,3.4011442103967075e-08,4.096093870563888e-12,19.125137659474937,0.5057789047450769,0.9830188846304988,0.016981115369501205,0.9999094154066166,0.9986033988488183,0.017113060943077414
1420,3.4011442103967075e-08,4.003066263509361e-12,19.113078568573826,0.5057147120534604,0.9830622439942073,0.01693775600579271,0.9999098909207774,0.9986080840003536,0.01705145319225238
1421,3.4011442103967075e-08,3.519005009420851e-12,19.107143164059547,0.5057730453716027,0.9830865929461997,0.016913407053800247,0.9999097720924381,0.9986031715756223,0.01713282636082048
1422,3.4011442103967075e-08,3.972884348495604e-12,19.09902345618409,0.5057114568459747,0.9830881554457929,0.016911844554207148,0.9999102141381935,0.9986082028384293,0.017076668645075132
1423,3.4011442103967075e-08,3.638317404888591e-12,19.09034716870006,0.5057332016319788,0.9831207075206491,0.016879292479350917,0.9999097909606904,0.9986084467355217,0.016992466752575236
1424,3.4011442103967075e-08,2.9951614026944e-12,19.088938529227903,0.5057671859981286,0.9831445356394438,0.016855464360556155,0.9999100245497112,0.9986121151640268,0.017010371303129514
1425,3.4011442103967075e-08,2.7669129292292857e-12,19.088492717613768,0.5057928370331154,0.9831695356329334,0.01683046436706657,0.9999106402645896,0.9986209574795417,0.016923463414547025
1426,3.4011442103967075e-08,4.015521459193408e-12,19.078462708953193,0.5057708318305125,0.9831915408355363,0.01680845916446376,0.9999104342741452,0.9986135479690129,0.017018179149985466
1427,3.4011442103967075e-08,2.899170205170635e-12,19.076890605621447,0.5056712224814525,0.9832082074978626,0.01679179250213737,0.999911076217347,0.9986220991416224,0.0169361782334403
1428,3.4011442103967075e-08,4.710456161320567e-12,19.063075779417474,0.5056617172755945,0.9832166710373252,0.01678332896267475,0.9999105770634031,0.9986166253694501,0.01695108972509628
1429,3.4011442103967075e-08,3.340997333645249e-12,19.05840490008103,0.5056428370721778,0.9832345095743464,0.016765490425653534,0.999910520474601,0.9986198368052788,0.01690209538662322
1430,3.4011442103967075e-08,3.3794767425467983e-12,19.05332765446498,0.5056304672837325,0.98325859810974,0.016741401890259924,0.999910478944354,0.9986215315695256,0.01688237781154507
1431,3.4011442103967075e-08,3.804075555021659e-12,19.046581573410585,0.5057044255978058,0.9832824262285348,0.016717573771465162,0.9999102872542578,0.998620730140114,0.016874168692481352
1432,3.4011442103967075e-08,2.9583764581390292e-12,19.04646035218831,0.505698045391134,0.9833104210129112,0.016689578987088807,0.9999101937882173,0.9986207226993551,0.016846662382929967
1433,3.4011442103967075e-08,3.2646845805610044e-12,19.04221325597742,0.5057070297637943,0.9833253949673451,0.01667460503265494,0.9999105267147192,0.9986252622662724,0.01682599444038648
1434,3.4011442103967075e-08,3.5524710412615395e-12,19.03492114066163,0.5057276026751034,0.9833470095450496,0.016652990454950403,0.9999114079825189,0.9986340066748994,0.016812538107500268
1435,3.4011442103967075e-08,3.236190595345313e-12,19.033257519436052,0.5057563787092764,0.9833640668322743,0.016635933167725738,0.9999123217603031,0.9986381607266961,0.016804042491742933
1436,3.4011442103967075e-08,3.1933915498637447e-12,19.029854592416687,0.5058335922308353,0.9834053428631919,0.016594657136808036,0.999912433685186,0.9986370324282698,0.016821994364279138
1437,3.4011442103967075e-08,2.6836261132371812e-12,19.02995897456791,0.5057595037084626,0.9834144574441517,0.016585542555848293,0.9999124088914,0.9986349067434247,0.01683750763662679
1438,3.4011442103967075e-08,3.037367378855555e-12,19.030146421943424,0.5057644516238408,0.9834115928615643,0.01658840713843564,0.9999127988328265,0.9986391110277796,0.016832142547980367
1439,3.4011442103967075e-08,3.032300648696123e-12,19.02730416785679,0.5057214828850305,0.9834402386874378,0.01655976131256216,0.99991326737351,0.9986473449905626,0.016685936454957563
1440,3.4011442103967075e-08,2.846444275557e-12,19.02763417681269,0.505750128710904,0.9834717490958986,0.016528250904101326,0.9999131130619309,0.998648658457085,0.016669497474896957
1441,3.4011442103967075e-08,3.5431959760578022e-12,19.016760598580014,0.5057169255945506,0.9834849001341406,0.01651509986585941,0.9999139134456874,0.9986555276549889,0.01667715284481198
1442,3.4011442103967075e-08,2.8239000604018e-12,19.014946932950785,0.5057545557930845,0.983523311582471,0.016476688417529056,0.999913489641783,0.9986519090097498,0.01667916761991328
1443,3.4011442103967075e-08,3.328447159146781e-12,19.009078422463535,0.5057747380794952,0.9835480511593617,0.016451948840638324,0.9999138433589562,0.9986532236873541,0.016706299226917246
1444,3.4011442103967075e-08,3.2851961578447882e-12,19.005894352758528,0.505691925601061,0.9835694053204673,0.016430594679532635,0.9999143530611408,0.9986589203866406,0.016638637935049657
1445,3.4011442103967075e-08,3.694609084622484e-12,18.99949309803752,0.5056666651909726,0.9835600303229087,0.01643996967709123,0.9999140264815133,0.9986556784301363,0.01665268336072419
1446,3.4011442103967075e-08,3.2850461834495464e-12,18.996319029060714,0.5055997381250682,0.9835824261504098,0.016417573849590143,0.9999145718503527,0.9986615325758066,0.016604110966665694
1447,3.4011442103967075e-08,2.9474659106785404e-12,18.991993881922,0.5056173162454906,0.9836144573920684,0.016385542607931614,0.9999150884738814,0.9986681858815596,0.016556661464403363
1448,3.4011442103967075e-08,3.2916707330415553e-12,18.987244113041335,0.5057029933065121,0.9836346396784793,0.01636536032152075,0.9999149100711301,0.9986693598273957,0.016511680361324443
1449,3.4011442103967075e-08,3.041074484717552e-12,18.98602978358824,0.5056421860306807,0.9836384157191626,0.016361584280837428,0.999914789971671,0.9986727280137758,0.016483492956603174
1450,3.4011442103967075e-08,3.2782717921724563e-12,18.98169243287061,0.5057036443480093,0.9836730511268096,0.0163269488731904,0.9999146107757967,0.9986702039882509,0.01654936373647896
1451,3.4011442103967075e-08,4.2542159330457755e-12,18.96945476744846,0.5057019516401168,0.9836904990389326,0.01630950096106746,0.999914902885307,0.9986755797468009,0.01648971472219195
1452,3.4011442103967075e-08,3.5549202999499597e-12,18.962960421680894,0.5056847641445926,0.9837328167362457,0.01626718326375436,0.9999146660856546,0.9986760986591373,0.016444256388814624
1453,3.4011442103967075e-08,3.327597178731756e-12,18.95737185237777,0.5056872381022818,0.9837606813123225,0.016239318687677425,0.9999147338411469,0.9986779702201017,0.016393454346734927
1454,3.4011442103967075e-08,4.700043032153443e-12,18.941361430062756,0.5057139308036639,0.9838000042187489,0.0161999957812511,0.9999147668147118,0.9986810147659866,0.01633251923585543
1455,3.4011442103967075e-08,3.1316326526699823e-12,18.938792180174794,0.5056996078907271,0.9837938844286759,0.01620611557132407,0.9999153578324428,0.9986857130278954,0.01636687445497511
1456,3.4011442103967075e-08,3.390022792885644e-12,18.93255775884704,0.505660024567702,0.9838312542106109,0.01616874578938912,0.9999148571199378,0.9986813396375323,0.016331555145814
1457,3.4011442103967075e-08,4.0649334324200166e-12,18.921049726545572,0.5056412745725848,0.9838459677484459,0.016154032251554103,0.9999144029034418,0.9986758911633612,0.016410340868662023
1458,3.4011442103967075e-08,2.9108213627031337e-12,18.920973094656794,0.5055993475001699,0.9838652385767608,0.016134761423239212,0.9999141536903086,0.998672028264207,0.01644497943777529
1459,3.4011442103967075e-08,4.0292268518466266e-12,18.910316018497248,0.5055703110493982,0.9838785198233021,0.016121480176697872,0.9999141700706837,0.9986763810922392,0.016392216242811744
1460,3.4011442103967075e-08,3.3778554669389275e-12,18.905840637442726,0.5055499985546879,0.983916801063333,0.016083198936666942,0.9999142271916736,0.998675605757368,0.016400908740957187
1461,3.4011442103967075e-08,4.3562536740253565e-12,18.892532739723542,0.5055598943854441,0.9839549520950646,0.016045047904935442,0.9999139548911453,0.9986749677294859,0.01639052121042678
1462,3.4011442103967075e-08,3.3180512408874842e-12,18.884918091333105,0.5055700506327994,0.9839647177175215,0.016035282282478573,0.9999147581572632,0.9986854124037757,0.01627589757122444
1463,3.4011442103967075e-08,3.0143872978212835e-12,18.882821172137454,0.5055683579249068,0.9839860718786271,0.016013928121372884,0.9999155399884123,0.9986944621647079,0.016237733989969007
1464,3.4011442103967075e-08,2.885474069260814e-12,18.882889244276026,0.5056558579021203,0.9840184937451839,0.01598150625481608,0.9999158266098226,0.9986954895966842,0.016178915986572513
1465,3.4011442103967075e-08,4.3203762791951306e-12,18.865895596403632,0.5055276027271868,0.9840239624937598,0.015976037506240232,0.9999164027757377,0.9986966920936486,0.016230546091053278
1466,3.4011442103967075e-08,4.07678693003973e-12,18.853132001116926,0.5055468735555017,0.9840651083163781,0.015934891683621957,0.9999171975828071,0.9987088759317566,0.016082347274707188
1467,3.4011442103967075e-08,3.189734956746598e-12,18.848777337570716,0.5055291652267799,0.9840863322691843,0.015913667730815696,0.9999168126119602,0.9987064203281978,0.01606468697087349
1468,3.4011442103967075e-08,3.5317230147347253e-12,18.841575327754548,0.5055726547987878,0.9840938843505509,0.01590611564944905,0.999917552385131,0.9987131464417606,0.0160503612351806
1469,3.4011442103967075e-08,3.755719950807311e-12,18.83180633348546,0.5055890610445154,0.9841277385084014,0.01587226149159857,0.9999188643112566,0.9987270431026655,0.01597916840570176
1470,3.4011442103967075e-08,3.533435301153026e-12,18.82492351943624,0.5055449204310103,0.984141410379841,0.015858589620158955,0.9999189698944524,0.9987284637881362,0.015942414998326843
1471,3.4011442103967075e-08,3.2372875374923793e-12,18.818840337931757,0.5055812485465498,0.9841812541194651,0.01581874588053493,0.9999190320876775,0.9987277520884293,0.015902610144064223
1472,3.4011442103967075e-08,3.364226028322628e-12,18.812818452196076,0.5055192693960235,0.9841835978688547,0.01581640213114528,0.9999185087667082,0.9987233003854435,0.016014341019841567
1473,3.4011442103967075e-08,3.209246441352575e-12,18.809248084074422,0.5055264308524919,0.9841856812016455,0.01581431879835448,0.9999188929154821,0.9987254202140399,0.016031288724465187
1474,3.4011442103967075e-08,3.61981687321695e-12,18.80190723106119,0.5055420558484229,0.9842208374424902,0.01577916255750975,0.9999194922468604,0.9987332102799977,0.015944984259749922
1475,3.4011442103967075e-08,3.5077550284033187e-12,18.795685332996776,0.5055263006441926,0.9842500041015614,0.01574999589843857,0.9999188861522341,0.9987282015214758,0.01591415566156812
1476,3.4011442103967075e-08,3.227110938590784e-12,18.792210809220148,0.5054815089891904,0.9842686238883792,0.015731376111620805,0.9999193095602057,0.9987337042032945,0.01584645183951081
1477,3.4011442103967075e-08,3.4817741762477692e-12,18.787541496971883,0.5054864569045685,0.9842979207557498,0.015702079244250197,0.9999190815375687,0.998728225503466,0.015898367122328966
1478,3.4011442103967075e-08,3.198016692536456e-12,18.78285770262093,0.5055070298158777,0.9843016967964331,0.015698303203566875,0.9999196156597274,0.9987356874349282,0.015876818204815995
1479,3.4011442103967075e-08,3.88259055572875e-12,18.777832544951433,0.5054626287857737,0.9843022176296308,0.015697782370369173,0.9999197533784254,0.9987381332190578,0.015884423827871724
1480,3.4011442103967075e-08,3.6946207210526916e-12,18.769926601348207,0.5055130193976513,0.984347009284633,0.015652990715367,0.9999190453152066,0.9987332877930714,0.0158569383317925
1481,3.4011442103967075e-08,3.98907906105783e-12,18.765794327241814,0.5055412745986264,0.9843673217793433,0.015632678220656712,0.9999190807045572,0.9987356750875878,0.015768616920770223
1482,3.4011442103967075e-08,2.9553182263130553e-12,18.764398643577668,0.505520311062419,0.9843871134408558,0.015612886559144125,0.99991960978329,0.9987405840531397,0.015738793572372407
1483,3.4011442103967075e-08,3.742773445578161e-12,18.755160813903277,0.5054799464895973,0.9844283894717736,0.015571610528226426,0.9999196212349797,0.9987404730801163,0.015692768595499427
1484,3.4011442103967075e-08,2.724611067105975e-12,18.755986369301862,0.5054662746181576,0.9844421915515126,0.015557808448487384,0.9999197640421177,0.9987371606274366,0.015819955997122756
1485,3.4011442103967075e-08,3.5977662825819894e-12,18.750758307942554,0.5054839829468795,0.9844569050893476,0.015543094910652366,0.9999201304393682,0.9987419606129989,0.015773464315762414
1486,3.4011442103967075e-08,3.702744207075788e-12,18.743576787321416,0.5054941391942346,0.9844705769607872,0.01552942303921275,0.9999200784232578,0.998741069604164,0.015815902591081274
1487,3.4011442103967075e-08,3.6245435977021176e-12,18.73824548425893,0.5055566391779586,0.9844761759176626,0.01552382408233748,0.9999208597480191,0.9987472896599938,0.015795853657344153
1488,3.4011442103967075e-08,3.908387574746057e-12,18.728364734487798,0.5055078110656742,0.9845131550746992,0.015486844925300801,0.999920425029824,0.9987463147187076,0.015790700452719884
1489,3.4011442103967075e-08,3.810769278738115e-12,18.72068810623029,0.5055407537654287,0.984535160277302,0.01546483972269799,0.9999207611495503,0.998749310768787,0.015768076673715055
1490,3.4011442103967075e-08,3.822342230908684e-12,18.71421773576185,0.5054928371112404,0.9845549519388146,0.0154450480611854,0.9999212249826939,0.9987534392349244,0.015776692298362045
1491,3.4011442103967075e-08,3.784932976473759e-12,18.704247159597248,0.5054763006572134,0.9845434936084652,0.015456506391534794,0.9999216658801323,0.9987590504009743,0.015759867062894877
1492,3.4011442103967075e-08,2.9349372733266803e-12,18.703797089483754,0.5054963527353248,0.9845625040201812,0.015437495979818755,0.999921558256385,0.9987588005072543,0.015717521286548852
1493,3.4011442103967075e-08,4.152391107368769e-12,18.695048925679224,0.5055041652332903,0.9845925821373483,0.015407417862651599,0.999920807251385,0.9987558033058033,0.015722334136598976
1494,3.4011442103967075e-08,3.093386094763288e-12,18.69429620045122,0.5055248683528989,0.9846104206743697,0.015389579325630384,0.9999207955835989,0.9987557948040799,0.015694288931048357
1495,3.4011442103967075e-08,3.170899158618823e-12,18.6914448947393,0.5056076808313331,0.9846266967117977,0.015373303288202269,0.9999207231119741,0.9987569685386395,0.015662146730963545
1496,3.4011442103967075e-08,4.024247061609492e-12,18.68287637158184,0.5055768214643694,0.9846520873301856,0.015347912669814409,0.9999212292897621,0.9987581888084897,0.01564767884406439
1497,3.4011442103967075e-08,2.906313234603481e-12,18.68316575573881,0.5055661443838165,0.9846891966955217,0.015310803304478307,0.9999216956577444,0.9987666406912059,0.015520295829512525
1498,3.4011442103967075e-08,2.9213208655397926e-12,18.683488331885744,0.5055627589680315,0.98470091544247,0.015299084557530063,0.9999219186929805,0.9987715330299206,0.015480220175887037
1499,3.4011442103967075e-08,3.3000202700277948e-12,18.68087106327884,0.5056016912495596,0.9847322956426313,0.015267704357368657,0.9999218660490242,0.9987701863402099,0.015483017256546841
1500,3.4011442103967075e-08,3.0213780188260845e-12,18.680946533224287,0.5055864568785269,0.9847505248045508,0.015249475195449167,0.9999215789777064,0.9987687092526344,0.01550225019894058
1501,3.4011442103967075e-08,3.342347063405479e-12,18.676079974181725,0.5055822902129452,0.9847760456312381,0.015223954368761883,0.9999218757870731,0.9987726734690588,0.015447185184631845
1502,3.4011442103967075e-08,3.0969984302432892e-12,18.671950866441158,0.5056148422878015,0.9847750039648427,0.015224996035157283,0.9999214356192418,0.9987735688165303,0.015440584246399545
1503,3.4011442103967075e-08,3.4301824421339523e-12,18.667450967908596,0.5055854152121314,0.9847923216686663,0.015207678331333768,0.9999221530295448,0.9987747994620829,0.015453733331877781
1504,3.4011442103967075e-08,5.222614211416906e-12,18.652381194554636,0.5055817693797475,0.984801436249626,0.015198563750374023,0.9999219100618659,0.9987736409456645,0.015475613756865925
1505,3.4011442103967075e-08,3.3600186422538547e-12,18.64889327068655,0.5055897120860124,0.9848022174994225,0.015197782500577474,0.9999223973111969,0.998776218058031,0.01546640610297011
1506,3.4011442103967075e-08,3.3605258683003238e-12,18.644565936715964,0.5055296860599776,0.9848253945767201,0.015174605423279837,0.9999225093085584,0.9987785844571426,0.015434413651544424
1507,3.4011442103967075e-08,3.734735885591546e-12,18.636053637816687,0.5055005194009065,0.9848477904042212,0.01515220959577875,0.9999227072175313,0.9987787689656173,0.015493622107353168
1508,3.4011442103967075e-08,3.648909811491149e-12,18.628784328936316,0.5055213527288144,0.9848769570632925,0.015123042936707569,0.9999220406888055,0.9987705903067774,0.015494666087424468
1509,3.4011442103967075e-08,3.5431489594717864e-12,18.622717856619495,0.505475258990818,0.9848980508077992,0.015101949192200731,0.9999219375910705,0.9987710868771854,0.015418118380087864
1510,3.4011442103967075e-08,3.5354351409567152e-12,18.61524007528328,0.5055398423073327,0.9848996133073924,0.015100386692607631,0.9999216862208385,0.9987712088523669,0.015431751598564556
1511,3.4011442103967075e-08,3.3296151350192e-12,18.61124902846759,0.5055536443870717,0.9849171914278148,0.015082808572185268,0.9999218393033755,0.9987744323519421,0.015422473019387083
1512,3.4011442103967075e-08,3.3211206314756544e-12,18.606731088557993,0.505578514172262,0.9849520872520606,0.01504791274793939,0.9999223014821356,0.9987804971675619,0.015342116119142839
1513,3.4011442103967075e-08,3.1713826996471785e-12,18.603024830712705,0.5056367172821049,0.9849585976670319,0.015041402332968143,0.9999233768206106,0.9987893917473977,0.015312454510954192
1514,3.4011442103967075e-08,3.461060298959556e-12,18.597808569912278,0.5056351547825118,0.9849580768338342,0.015041923166165842,0.9999239545441777,0.9987972223931522,0.015314623130394013
1515,3.4011442103967075e-08,3.1074785269273352e-12,18.59411136613093,0.5055485662633942,0.9849726601633697,0.01502733983663025,0.999923854923061,0.9987955423115222,0.01532434297527762
1516,3.4011442103967075e-08,3.760602638017909e-12,18.589878354240106,0.5054705714920387,0.985005212238226,0.01499478776177402,0.9999236162242293,0.9987924651102931,0.015334680899500368
1517,3.4011442103967075e-08,3.9334853485209746e-12,18.577520566322132,0.5054598944114859,0.9850341184806983,0.014965881519301687,0.999923448243442,0.998791492566734,0.015287579417497171
1518,3.4011442103967075e-08,3.2459360896175492e-12,18.574300738021986,0.5054837225302806,0.9850457070193471,0.014954292980652869,0.9999236538265933,0.9987940043869037,0.015257612059345177
1519,3.4011442103967075e-08,3.1974031961179533e-12,18.570249882993167,0.5055406235571293,0.985062503889973,0.014937496110027055,0.999923705891346,0.9987944152080203,0.015289360074737872
1520,3.4011442103967075e-08,3.7247199603489466e-12,18.563975819085798,0.5055589829273482,0.9850983111723148,0.014901688827685201,0.9999245548688646,0.9987999574836215,0.015291492748427997
1521,3.4011442103967075e-08,3.1788500335585752e-12,18.56056588575458,0.5055238266865034,0.9851126340852515,0.014887365914748459,0.9999240909091727,0.998803488669384,0.015206604624605803
1522,3.4011442103967075e-08,3.1212188726163685e-12,18.558884925582095,0.5055924464603004,0.9851315142886682,0.014868485711331847,0.9999244659267453,0.9988090038903363,0.015158750710839646
1523,3.4011442103967075e-08,3.461773129732266e-12,18.553266293790568,0.5055734360485844,0.9851528684497738,0.01484713155022616,0.9999245994008453,0.998808878105219,0.01516723227358931
1524,3.4011442103967075e-08,4.294292341205905e-12,18.54180937601643,0.5056089829143273,0.9851742226108795,0.014825777389120472,0.9999245586809982,0.9988101941756975,0.015107795178071804
1525,3.4011442103967075e-08,3.3948398464890137e-12,18.538142706285726,0.5055167954383345,0.9851994830209679,0.014800516979032037,0.9999251633338097,0.9988129204664219,0.015117178024956834
1526,3.4011442103967075e-08,4.107339931066348e-12,18.526998569749935,0.505613149579909,0.9852067746857358,0.014793225314264241,0.9999258966184861,0.9988188832113377,0.015033146303301262
1527,3.4011442103967075e-08,3.591671742954448e-12,18.521767613825666,0.5055634100095286,0.9852257850974518,0.014774214902548202,0.999926120742505,0.9988233826951494,0.015002613564353156
1528,3.4011442103967075e-08,3.70322187343414e-12,18.517939126734568,0.5055412745986264,0.9852356809282081,0.014764319071791909,0.99992638768593,0.9988264206816382,0.014991392735269489
1529,3.4011442103967075e-08,3.6748725418798655e-12,18.511705073945578,0.5055790350054596,0.9852746132097362,0.014725386790263856,0.9999264962646617,0.9988288370655266,0.01494111312362992
1530,3.4011442103967075e-08,3.2901379534611672e-12,18.50912114672362,0.5056031235408532,0.9852802121666114,0.014719787833388585,0.9999262629666285,0.9988268381483163,0.014954443120998435
1531,3.4011442103967075e-08,3.014495227580696e-12,18.507422502125777,0.5055459620974057,0.9852912798720626,0.014708720127937466,0.9999262771797175,0.9988260038595859,0.014976848858596943
1532,3.4011442103967075e-08,3.4909070168543813e-12,18.498918431580414,0.5055242173114017,0.9853175819485464,0.014682418051453632,0.9999262199128305,0.9988282309204503,0.014892529221838275
1533,3.4011442103967075e-08,3.71339203720549e-12,18.491478766261267,0.5054949204440311,0.985326045488009,0.014673954511991013,0.9999264956630012,0.9988284537807883,0.014917789751874057
1534,3.4011442103967075e-08,3.4851621249815876e-12,18.486235976999698,0.5055095037735667,0.9853354204855675,0.014664579514432417,0.9999259767676613,0.9988272016369728,0.014916757071677993
1535,3.4011442103967075e-08,3.4828969211871617e-12,18.480032631247635,0.5054626287857737,0.9853593788126618,0.014640621187338233,0.9999266408360294,0.998835015229319,0.014853090571528114
1536,3.4011442103967075e-08,2.9994700264820738e-12,18.480442666788452,0.5054055975506256,0.9853897173464278,0.014610282653572226,0.9999269554377551,0.9988394643079206,0.014803930572505683
1537,3.4011442103967075e-08,3.0789649679777218e-12,18.478005777706716,0.5053859360974124,0.9854130246320248,0.014586975367975165,0.9999267215393699,0.9988379025899329,0.014822042524521259
1538,3.4011442103967075e-08,3.806401855705377e-12,18.46933226152328,0.5054619777442766,0.9854067746336524,0.014593225366347561,0.9999267826889614,0.9988398655055277,0.014864533157878088
1539,3.4011442103967075e-08,3.698940728091181e-12,18.46044137269228,0.5054960923187259,0.9854209673382898,0.014579032661710244,0.9999271002218778,0.998841560318038,0.014853576912617265
1540,3.4011442103967075e-08,2.7265766513693207e-12,18.460136226674177,0.5055252589777971,0.9854579464953265,0.014542053504673566,0.9999268171477822,0.9988393871299555,0.014814446400140553
1541,3.4011442103967075e-08,3.2227749547716972e-12,18.455686114848632,0.5055290350184805,0.9854516964969541,0.014548303503045963,0.9999273818731779,0.9988437089608804,0.014810556612178135
1542,3.4011442103967075e-08,3.9477634218968445e-12,18.448313314961034,0.5055053371079852,0.985468232950981,0.014531767049018998,0.9999273079510512,0.9988449257168812,0.014770706840987271
1543,3.4011442103967075e-08,2.7029717548358816e-12,18.448941965428606,0.5055100246067644,0.9855110714814918,0.014488928518508198,0.9999276588323898,0.998849267241609,0.014731982499553911
1544,3.4011442103967075e-08,3.3088809457833786e-12,18.445531703550323,0.5054792954481001,0.9855287798102136,0.014471220189786409,0.9999280158447347,0.9988536260769602,0.014716825684703465
1545,3.4011442103967075e-08,3.2680728480782085e-12,18.4418207585005,0.5055830714627418,0.9855466183472348,0.014453381652765194,0.9999280828052746,0.9988558891884012,0.014676413897352919
1546,3.4011442103967075e-08,3.733543331479525e-12,18.435527944542056,0.5055774725058665,0.9855464881389354,0.01445351186106462,0.9999286337353104,0.9988589407567234,0.014683886267283187
1547,3.4011442103967075e-08,3.7681665341345096e-12,18.42722221906956,0.5055516912625804,0.985581904796379,0.01441809520362104,0.9999278145179058,0.9988551505874821,0.01462327699199829
1548,3.4011442103967075e-08,3.839202000270405e-12,18.41864483866399,0.5055074204407759,0.9856115922886478,0.014388407711352158,0.9999271111103946,0.99885144191947,0.014657815367215823
1549,3.4011442103967075e-08,4.0164370456415055e-12,18.414592432264556,0.505499477734511,0.9856272172845788,0.014372782715421167,0.9999275145999452,0.9988542729119053,0.014640858192697021
1550,3.4011442103967075e-08,3.2547892412479045e-12,18.412545353001434,0.5054420558744647,0.9856285193675731,0.014371480632426919,0.999927462997111,0.9988549612443304,0.014685117330684366
1551,3.4011442103967075e-08,3.397276709526995e-12,18.405728627192683,0.5054686183675473,0.9856333370746518,0.014366662925348196,0.9999269391352206,0.9988505870370752,0.014721356232475225
1552,3.4011442103967075e-08,3.417536808412299e-12,18.399189002689045,0.5054617173276778,0.985646878737792,0.014353121262208005,0.9999271214628547,0.9988509441169614,0.014730484139899675
1553,3.4011442103967075e-08,4.2110015990936345e-12,18.392511353060637,0.5054572902454973,0.9856766964383603,0.014323303561639697,0.9999274923295091,0.998849227360513,0.014788553184119655
1554,3.4011442103967075e-08,3.592274168939586e-12,18.389890121139143,0.5054322902520078,0.9856950558085792,0.014304944191420784,0.9999286428011199,0.9988609471828023,0.014693775048285212
1555,3.4011442103967075e-08,4.024983998933647e-12,18.38064866346049,0.5055076808573747,0.9857342485067061,0.014265751493293882,0.9999289999463606,0.9988654025247938,0.01458830840650682
1556,3.4011442103967075e-08,3.1465900672015143e-12,18.37796768464419,0.5054744777410214,0.9857531287101228,0.014246871289877268,0.9999294987407912,0.99887348290821,0.014540993310825865
1557,3.4011442103967075e-08,2.9301399487511126e-12,18.375926524132037,0.5054460923317468,0.9857657589151669,0.01423424108483305,0.9999296965115412,0.9988754482765265,0.014547064217551729
1558,3.4011442103967075e-08,4.1801532258158044e-12,18.36457701975603,0.5055136704391483,0.9857779984953129,0.014222001504687108,0.9999305096869489,0.9988827274489687,0.014494832553853828
1559,3.4011442103967075e-08,3.3706407216420675e-12,18.36200749133123,0.5055124985644535,0.9857988318232209,0.014201168176779121,0.9999306046477878,0.9988825173448561,0.014527452734822399
1560,3.4011442103967075e-08,3.1721318340982613e-12,18.358971445533427,0.5054953110689294,0.9858106807784686,0.014189319221531453,0.9999305835991908,0.9988824711909178,0.014522051433031423
1561,3.4011442103967075e-08,6.156269020708861e-12,18.34203144746451,0.505539321474135,0.9858351599387605,0.014164840061239567,0.9999307929497817,0.9988868115970686,0.014409939750088582
1562,3.4011442103967075e-08,4.1060446554347386e-12,18.33324505154409,0.5054868475294668,0.9858648474310293,0.014135152568970685,0.9999304010579696,0.9988855727514854,0.01444839451733006
1563,3.4011442103967075e-08,2.9701037003176286e-12,18.330441860925717,0.5055111964814593,0.985883727634446,0.014116272365554072,0.9999299911273812,0.9988823540227775,0.014441548592713486
1564,3.4011442103967075e-08,3.2065187545296916e-12,18.326295102358348,0.5054989569013133,0.9859041703374556,0.014095829662544359,0.9999301346856371,0.998885997254328,0.014401405186416423
1565,3.4011442103967075e-08,3.1561695282030453e-12,18.325691861576978,0.5055218735620121,0.9859010453382694,0.014098954661730556,0.9999307213823068,0.9988904868594083,0.014319941254265929
1566,3.4011442103967075e-08,3.3174956422375972e-12,18.32080981040246,0.5054898423203535,0.9859078161698396,0.01409218383016046,0.9999310938346518,0.9988938421085088,0.014336485640512837
1567,3.4011442103967075e-08,3.866476514898113e-12,18.314061255409054,0.5054727850331289,0.9859365922040124,0.014063407795987554,0.9999308808367408,0.9988890066914126,0.014419827315234706
1568,3.4011442103967075e-08,3.675606456460365e-12,18.308881447968847,0.5054570298288985,0.9859406286612946,0.01405937133870538,0.9999312039896833,0.9988928139402191,0.01440220344899901
1569,3.4011442103967075e-08,3.877803247442408e-12,18.301791752222858,0.5054579412869945,0.9859755244855405,0.0140244755144595,0.9999320281514664,0.9989020776928258,0.014313739970644345
1570,3.4011442103967075e-08,4.013579649385922e-12,18.292824819403116,0.5055279933520851,0.9860010453122278,0.013998954687772217,0.999931839664383,0.9988994311062569,0.014317935946858124
1571,3.4011442103967075e-08,3.7146646836436785e-12,18.28742818005339,0.5055561183447609,0.9860044307280128,0.013995569271987168,0.9999312121877574,0.9988951014389377,0.014345753882756922
1572,3.4011442103967075e-08,3.3623778724671532e-12,18.28582097063642,0.5054964829436243,0.9860063838525042,0.013993616147495795,0.9999311605469577,0.9988971794227036,0.014278782062883532
1573,3.4011442103967075e-08,3.0682297869111504e-12,18.280844009407325,0.5055709620908952,0.9860243525978248,0.013975647402175155,0.9999315900511383,0.9989025423738007,0.014239447177303292
1574,3.4011442103967075e-08,4.235170548026888e-12,18.267965377955484,0.5056083318728303,0.9860226598899323,0.01397734011006768,0.999931412992197,0.998903423326937,0.014228310646719172
1575,3.4011442103967075e-08,3.13902557798827e-12,18.263580840496623,0.5055622381348338,0.9860463578004277,0.013953642199572344,0.9999308193559266,0.9988979246513577,0.014248040747948828
1576,3.4011442103967075e-08,2.8248670641655946e-12,18.26225909963225,0.5055992172918705,0.9860623734212569,0.013937626578743078,0.9999316064448088,0.9989059785600802,0.014203690834903422
1577,3.4011442103967075e-08,3.89104943619104e-12,18.253424716851036,0.5055992172918705,0.9860928421633224,0.013907157836677647,0.9999320057726929,0.998910350007743,0.014123006308967144
1578,3.4011442103967075e-08,3.4977179938665953e-12,18.247652509134948,0.505580988129951,0.9861147171576258,0.01388528284237426,0.9999318868768088,0.998909699857665,0.014099326074529099
1579,3.4011442103967075e-08,3.748562058380023e-12,18.241153060979794,0.5055765610477706,0.9861048213268695,0.013895178673130554,0.9999315837421202,0.998910781094074,0.014137686593611693
1580,3.4011442103967075e-08,2.9498372634134424e-12,18.240923926381278,0.5055667954253137,0.9861243525717832,0.013875647428216816,0.999932002852574,0.9989117474297553,0.014143367579696751
1581,3.4011442103967075e-08,3.282972045586069e-12,18.23661898849503,0.5056161443707957,0.9861302119452573,0.013869788054742694,0.99993214867033,0.9989102020789719,0.01417911165206828
1582,3.4011442103967075e-08,3.261329622796392e-12,18.236191548135007,0.5056208318695751,0.9861562536051423,0.01384374639485771,0.9999324195452862,0.9989078881092686,0.01422132464443959
1583,3.4011442103967075e-08,3.301738835686005e-12,18.233346664041775,0.5056248683268572,0.986184378597818,0.013815621402181927,0.9999323757100468,0.9989058409784721,0.014215240688940561
1584,3.4011442103967075e-08,3.194153495544543e-12,18.23196205011423,0.5056419256140818,0.9861968785945628,0.013803121405437133,0.9999325744129147,0.9989075759293623,0.01423337776927956
1585,3.4011442103967075e-08,3.4050744870634412e-12,18.223490201210822,0.5056578110266117,0.9862187535888662,0.013781246411133747,0.9999322575678143,0.9989058002289375,0.014202941998530564
1586,3.4011442103967075e-08,3.2871716180740488e-12,18.21997980987974,0.5056855453943893,0.9862356806677915,0.013764319332208508,0.999932326352945,0.9989104551873862,0.01414283551850011
1587,3.4011442103967075e-08,3.4183003686308667e-12,18.217853393640446,0.5056509099867422,0.9862427119159605,0.013757288084039561,0.9999321728809244,0.9989101973855832,0.014115684774313053
1588,3.4011442103967075e-08,2.8790900634725742e-12,18.217234016865635,0.505705988097399,0.9862664098264557,0.013733590173544226,0.9999315990382271,0.9989083764344404,0.014077085397364459
1589,3.4011442103967075e-08,3.125063965852491e-12,18.21505656333032,0.5056888006018748,0.9862867223211661,0.013713277678833938,0.9999313051323366,0.9989086857387869,0.014065640388180886
1590,3.4011442103967075e-08,3.869185897573404e-12,18.206729524765752,0.5056520818614371,0.9862992223179109,0.013700777682089145,0.9999320458641531,0.9989162356381485,0.014012097459998842
1591,3.4011442103967075e-08,3.2126292698670945e-12,18.202572369172312,0.505660024567702,0.9863196650209206,0.013680334979079433,0.9999322563413403,0.9989173390092436,0.013999697775699475
1592,3.4011442103967075e-08,3.2013605555229637e-12,18.199824724724706,0.5056635401917864,0.9863420608484217,0.013657939151578346,0.9999322380710076,0.9989150105076615,0.014020032676244139
1593,3.4011442103967075e-08,3.5249207484163832e-12,18.19424074260027,0.5056821599786042,0.986351045221082,0.013648954778918027,0.9999319523869722,0.9989134257018774,0.014012533769674118
1594,3.4011442103967075e-08,3.0128445797472704e-12,18.192446004448158,0.5056545558191261,0.9863773472975658,0.013622652702434191,0.9999322753792289,0.9989176209871838,0.013992328621890374
1595,3.4011442103967075e-08,3.417493383506146e-12,18.186168209078726,0.5056246079102583,0.9863897170860112,0.013610282913988825,0.9999326268795872,0.9989233236122618,0.013980808249359484
1596,3.4011442103967075e-08,4.04438937071794e-12,18.179568661902387,0.5057072901803932,0.9864153681209978,0.013584631879002116,0.9999328219549928,0.9989211941333911,0.013994610380277984
1597,3.4011442103967075e-08,3.1156314602805074e-12,18.176434992447522,0.5056850245611915,0.9864306024920306,0.0135693975079694,0.9999329438049853,0.9989227808832913,0.013985327851560427
1598,3.4011442103967075e-08,3.416424374348955e-12,18.17183090219374,0.5056920558093605,0.9864480504041535,0.01355194959584646,0.9999335519500616,0.9989296270669807,0.013937132041864073
1599,3.4011442103967075e-08,3.2624338234153175e-12,18.16894620821963,0.5056567693602163,0.9864532587361305,0.013546741263869462,0.9999335741767287,0.9989294247911873,0.013984834828413372
1600,3.4011442103967075e-08,2.8297114088532847e-12,18.16936334372004,0.5057158839281553,0.9864668003992707,0.013533199600729271,0.9999336488212983,0.9989345798596134,0.013889695820222283
1601,3.4011442103967075e-08,3.5467552005967028e-12,18.163539157407033,0.5057464828785201,0.9864720087312477,0.013527991268752274,0.9999337293674422,0.9989356227990354,0.013905068809384321
1602,3.4011442103967075e-08,3.90063886498377e-12,18.159270973885608,0.5056372381153026,0.9864910191429638,0.013508980857036236,0.999933644024146,0.99893486381728,0.013884416992184803
1603,3.4011442103967075e-08,3.0054082370858757e-12,18.15784005115751,0.5056157537458975,0.9865080764301885,0.01349192356981157,0.9999332281464963,0.998933773014018,0.013841882331173287
1604,3.4011442103967075e-08,3.456531344988105e-12,18.153046213629246,0.505607029789836,0.9865118524708717,0.013488147529128247,0.9999331066904629,0.9989342360541671,0.013831664222128127
1605,3.4011442103967075e-08,3.820875522162104e-12,18.144643923929394,0.5056121079135135,0.9865445347540274,0.013455465245972593,0.9999328841992972,0.9989308129684555,0.01384587291376338
1606,3.4011442103967075e-08,3.349213792840345e-12,18.138026390818897,0.5056406235310876,0.986540107671847,0.013459892328153039,0.9999326143560291,0.9989277742002508,0.013911209864924244
1607,3.4011442103967075e-08,4.305789667777808e-12,18.12636829486259,0.5055954412511872,0.9865665399566302,0.013433460043369781,0.9999328522103338,0.9989302295029118,0.013836798421226114
1608,3.4011442103967075e-08,2.9242888529372384e-12,18.128561920652256,0.5056423162389801,0.986574743079494,0.01342525692050601,0.999933051804425,0.9989344897018274,0.01375679605205791
1609,3.4011442103967075e-08,2.984580908501599e-12,18.12557900667179,0.5055830714627418,0.9865929722414135,0.013407027758586522,0.9999331310456556,0.9989372058704985,0.013762122258406001
1610,3.4011442103967075e-08,4.374003842656662e-12,18.11703010506266,0.5055606756352408,0.9866214878589875,0.013378512141012463,0.9999335744294999,0.9989425919017575,0.013676844520711584
1611,3.4011442103967075e-08,3.514442701763869e-12,18.113001856704273,0.5056114568720165,0.9866210972340893,0.013378902765910737,0.9999337902850002,0.9989454334444996,0.013640610004530832
1612,3.4011442103967075e-08,3.5319068967862832e-12,18.107995097722707,0.5056109360388188,0.9866242222332755,0.01337577776672454,0.9999342607667842,0.9989482022640737,0.013693780634901663
1613,3.4011442103967075e-08,3.133818763176804e-12,18.106331760394493,0.5055360662666494,0.986652868059149,0.013347131940851057,0.9999341755441935,0.9989459229732962,0.013699788661531733
1614,3.4011442103967075e-08,3.2794677732473896e-12,18.10376782685081,0.5055595037605459,0.9866548211836403,0.013345178816359684,0.9999346836167381,0.9989527960766149,0.01363838843201928
1615,3.4011442103967075e-08,3.128719081274127e-12,18.1007378580958,0.5055108058565609,0.9866608107654139,0.013339189234586137,0.999934363828734,0.9989478627442864,0.013681670973119736
1616,3.4011442103967075e-08,3.1596947892528387e-12,18.096532762449613,0.5056158839541969,0.9866863315921012,0.013313668407898853,0.9999338589060703,0.9989421330807722,0.01370868603494784
1617,3.4011442103967075e-08,3.5288376640806388e-12,18.089659339964566,0.5056089829143273,0.9867087274196022,0.013291272580397766,0.9999348719284574,0.9989531358664782,0.013649817830151123
1618,3.4011442103967075e-08,3.802578578022558e-12,18.081950209070857,0.5055751287564769,0.9867356805375832,0.013264319462416806,0.9999342686060876,0.9989548911080538,0.013556224719004799
1619,3.4011442103967075e-08,3.780976417735092e-12,18.07730401939255,0.5055312485595707,0.9867509149086159,0.01324908509138409,0.9999340930665891,0.9989574941531152,0.01347051624961603
1620,3.4011442103967075e-08,3.404076398684057e-12,18.071311291689977,0.5055669256336132,0.9867496128256217,0.01325038717437834,0.9999340647565474,0.9989566700990088,0.013530329521758063
1621,3.4011442103967075e-08,4.656567625693942e-12,18.0583973769321,0.5055417954318241,0.9867480503260285,0.013251949673971438,0.9999342875617511,0.9989577557756071,0.013558305393014091
1622,3.4011442103967075e-08,3.0112567503052704e-12,18.05683021399824,0.5054545558712094,0.9867709669867274,0.013229033013272653,0.9999343392254605,0.9989622688498255,0.013463452746493649
1623,3.4011442103967075e-08,4.051594950522349e-12,18.045849988160526,0.5053861965140113,0.9868029982283859,0.013197001771614121,0.9999341909156059,0.9989605993409876,0.013421696019634305
1624,3.4011442103967075e-08,3.2014425553597487e-12,18.041010520945193,0.5054308579607141,0.9868037794781824,0.013196220521817572,0.999934424567547,0.99896102784661,0.013437671190157473
1625,3.4011442103967075e-08,3.552379665295566e-12,18.03625360015768,0.5053872381804068,0.9868256544724858,0.013174345527514186,0.9999345617602488,0.9989626529387369,0.013457682262483821
1626,3.4011442103967075e-08,3.068492922774822e-12,18.03327592028158,0.5054468735815434,0.9868242221811921,0.01317577781880786,0.9999349139412632,0.9989670620283908,0.013460314862403545
1627,3.4011442103967075e-08,3.783647430252181e-12,18.02506727723978,0.5054565089957008,0.9868454461339984,0.013154553866001598,0.9999350482504906,0.9989691280908564,0.01343727856187495
1628,3.4011442103967075e-08,3.37499119475209e-12,18.019507305924257,0.505437889208883,0.9868497430078794,0.013150256992120576,0.999934810364082,0.9989688681854576,0.013423143285338168
1629,3.4011442103967075e-08,3.63390152472568e-12,18.012003150998886,0.5054499985807296,0.9868796909167472,0.013120309083252842,0.9999355708117537,0.9989761877444445,0.0133527049012685
1630,3.4011442103967075e-08,4.111451878520506e-12,18.00380707446447,0.5054210923382572,0.98687903987525,0.013120960124749968,0.999936023107659,0.9989756661663618,0.013425611114467653
1631,3.4011442103967075e-08,3.3353841789843584e-12,18.00007502237696,0.5054285142113244,0.9868997429948586,0.013100257005141405,0.9999366789854937,0.9989806263808013,0.01341539671081256
1632,3.4011442103967075e-08,3.6208505049925348e-12,17.992424879311073,0.5053997381771516,0.9869080763260218,0.01309192367397821,0.9999363584116343,0.9989775396184484,0.01340478883256225
1633,3.4011442103967075e-08,3.6411594823469385e-12,17.98664159764447,0.5054290350445221,0.9869398471510815,0.01306015284891853,0.9999367316372226,0.9989828597825123,0.013272332751483366
1634,3.4011442103967075e-08,3.1215921295766512e-12,17.982720286363534,0.5053855454725142,0.9869438836083636,0.013056116391636357,0.9999364750979151,0.9989804772567156,0.013316292922644407
1635,3.4011442103967075e-08,3.348054686529409e-12,17.978536001753707,0.5054332017101038,0.986970055476548,0.013029944523451947,0.9999374094789999,0.9989842916501406,0.0133132195898062
1636,3.4011442103967075e-08,3.2627123368095543e-12,17.974096643193555,0.5054660142015588,0.9869838575562871,0.013016142443712905,0.9999372386864948,0.9989826916806788,0.013349735006053838
1637,3.4011442103967075e-08,3.1723503149515324e-12,17.972384089688955,0.5053490871486752,0.9869976596360261,0.013002340363973864,0.9999375982880253,0.9989862423249078,0.01331304186906392
1638,3.4011442103967075e-08,3.6261799425064014e-12,17.970274276763956,0.5053795558907407,0.9870052117173927,0.012994788282607217,0.9999372733062911,0.9989839506637669,0.013351920698886301
1639,3.4011442103967075e-08,3.1943619427006893e-12,17.966873316780845,0.5053467433992855,0.987028258586391,0.012971741413609007,0.9999372001063564,0.998981249652486,0.013362742136681758
1640,3.4011442103967075e-08,3.479542826602533e-12,17.959620703374156,0.5053533840225563,0.9870434929574237,0.01295650704257629,0.9999372909981492,0.9989865318898639,0.013312352950895869
1641,3.4011442103967075e-08,3.375511524437987e-12,17.955648248403058,0.5053977850526602,0.987042972124226,0.012957027875773991,0.9999383669885126,0.9989940797803222,0.013302449328924068
1642,3.4011442103967075e-08,3.5047109513790713e-12,17.950449575131262,0.5054089829664107,0.9870587273284565,0.012941272671543574,0.9999377600081482,0.9989901977333004,0.01325764031604708
1643,3.4011442103967075e-08,3.433966678199272e-12,17.947394869331934,0.5053652329778039,0.9870639356604334,0.012936064339566579,0.9999378931606365,0.99899279597994,0.013242527469926586
1644,3.4011442103967075e-08,3.977913103514749e-12,17.939974253620147,0.505417967339071,0.9870915398199115,0.012908460180088495,0.9999383107216984,0.9989968610881801,0.013240904239672169
1645,3.4011442103967075e-08,3.236030009512075e-12,17.93661013236618,0.505313800699531,0.9871208366872821,0.012879163312717887,0.9999382465057551,0.9989975684512171,0.01321640267884601
1646,3.4011442103967075e-08,3.3267411830942716e-12,17.93121273939343,0.5053869777638079,0.9871231804366718,0.01287681956332824,0.9999376957008991,0.9989967421099624,0.013205245266550718
1647,3.4011442103967075e-08,3.437355673204645e-12,17.926710701512242,0.5053716131844758,0.9871273471022534,0.012872652897746641,0.9999374821978237,0.9989969835670394,0.013193089490711013
1648,3.4011442103967075e-08,3.0231975716011465e-12,17.92425893491153,0.5053802069322377,0.9871454460558734,0.012854553944126577,0.99993796535937,0.999000793091347,0.013147348818390085
1649,3.4011442103967075e-08,3.556319428063317e-12,17.91999320813086,0.5053247381966828,0.987170446049363,0.012829553950636991,0.999938070912966,0.9990011947544969,0.013141665511134713
1650,3.4011442103967075e-08,3.423102504883333e-12,17.915251592572385,0.5053648423529057,0.9871709668825607,0.012829033117439293,0.999938281516987,0.9990008719201781,0.013173061029905564
1651,3.4011442103967075e-08,3.757617248727607e-12,17.908121727977836,0.5053930975538808,0.9871791700054244,0.012820829994575521,0.9999390964410333,0.9990090800882641,0.013183143688468275
1652,3.4011442103967075e-08,3.141471306153257e-12,17.906953632100425,0.5053818996401302,0.9871919304187681,0.01280806958123188,0.9999390325895335,0.9990103984509199,0.013165543705248972
1653,3.4011442103967075e-08,3.4040796359698156e-12,17.900333690911612,0.5053999985937504,0.9872015658329255,0.012798434167074435,0.9999388724986118,0.9990065438876008,0.013157665407767343
1654,3.4011442103967075e-08,3.81403364480807e-12,17.8914671416845,0.5053709621429786,0.9872265658264151,0.01277343417358485,0.9999381772712103,0.9990024997440539,0.013132952526769026
1655,3.4011442103967075e-08,4.952095847386346e-12,17.876960678790386,0.5054102850494049,0.9872238314521272,0.012776168547872774,0.9999384584759153,0.9990047071933457,0.013148881713015327
1656,3.4011442103967075e-08,4.081852086028784e-12,17.868565483905385,0.5054532537882152,0.9872493522788145,0.012750647721185488,0.9999385166052172,0.9990072039767216,0.013072219025917773
1657,3.4011442103967075e-08,4.0526894526527834e-12,17.86093338724172,0.5054710923252363,0.9872596387344691,0.01274036126553092,0.999938957963956,0.999012451312974,0.013069384521054741
1658,3.4011442103967075e-08,3.2780138464577904e-12,17.856663012928195,0.5054024725514394,0.9872769564382926,0.012723043561707406,0.9999390072789192,0.9990141564193348,0.012990830141625047
1659,3.4011442103967075e-08,3.732742977127276e-12,17.849686331163404,0.5054170558809751,0.9873023470566804,0.012697652943319546,0.9999397860434773,0.9990212309466532,0.012942522510567255
1660,3.4011442103967075e-08,3.879454474750658e-12,17.843157069209436,0.505387628805305,0.9873102897629453,0.012689710237054626,0.9999397351301398,0.9990198684208725,0.012978750055508683
1661,3.4011442103967075e-08,4.094488150212601e-12,17.830282915385833,0.5053509100648672,0.9873113314293408,0.012688668570659227,0.9999399550170613,0.9990228357737345,0.013006420132300502
1662,3.4011442103967075e-08,4.3086674335001134e-12,17.819571936325445,0.5053855454725142,0.9873196647605039,0.012680335239496032,0.9999396047938733,0.9990184731961506,0.013032680332968513
1663,3.4011442103967075e-08,5.268439960843064e-12,17.80473086674245,0.5053532538142568,0.9873269564252718,0.012673043574728236,0.9999403844345081,0.9990279011114586,0.012969221069219487
1664,3.4011442103967075e-08,3.3154261087640952e-12,17.800508765082473,0.5053562486051436,0.9873424512129033,0.01265754878709667,0.999940299626665,0.9990271013373049,0.012971500077335782
1665,3.4011442103967075e-08,3.6880838815195375e-12,17.79422931349531,0.5053390611096195,0.9873510449606654,0.012648955039334626,0.9999405395665091,0.9990330891812409,0.012924192688334923
1666,3.4011442103967075e-08,4.233248960831446e-12,17.785303804842066,0.5053499986067712,0.9873614616246194,0.01263853837538063,0.9999409447580507,0.9990372404250595,0.012957798475134213
1667,3.4011442103967075e-08,2.9732712610877925e-12,17.783753457226684,0.5053657538110016,0.987388935575798,0.012611064424201972,0.9999407952614693,0.9990377555397995,0.012907679284154037
1668,3.4011442103967075e-08,3.4417578616223085e-12,17.780146680522865,0.5055093735652673,0.9873921907832837,0.012607809216716349,0.9999408165758619,0.9990382483314082,0.01290563966743233
1669,3.4011442103967075e-08,3.995500029551337e-12,17.771884570653313,0.5054986964847145,0.9874183626514681,0.01258163734853194,0.9999406964105483,0.9990370469135518,0.012839143755168632
1670,3.4011442103967075e-08,4.568623330634685e-12,17.7622058692863,0.5054368475424876,0.9874191439012646,0.012580856098735391,0.9999406317342215,0.9990343333800747,0.012878647838229328
1671,3.4011442103967075e-08,3.3405136016391407e-12,17.75779138630535,0.5055088527320696,0.9874334668142013,0.01256653318579865,0.9999409212434585,0.9990371198622834,0.012857855330426106
1672,3.4011442103967075e-08,3.395713398384488e-12,17.75417928319882,0.5055299464765765,0.9874628938898714,0.012537106110128617,0.9999406961012968,0.9990338900256965,0.012854587709380907
1673,3.4011442103967075e-08,5.098802628086954e-12,17.738173196095886,0.5055312485595707,0.9874543001421093,0.012545699857890662,0.9999412377997993,0.9990408528124018,0.012816031015477135
1674,3.4011442103967075e-08,3.484453980833635e-12,17.735443616435013,0.5055472641804,0.9874770865945087,0.0125229134054913,0.9999414935807174,0.9990461496659949,0.012753671288947036
1675,3.4011442103967075e-08,3.517146793702535e-12,17.72851890613218,0.505549738138089,0.9874932324236374,0.01250676757636261,0.9999410903912572,0.9990403388132963,0.012755611992094898
1676,3.4011442103967075e-08,3.2563955898915423e-12,17.723239319317596,0.5055648423008223,0.9875037792958908,0.012496220704109192,0.9999411210640459,0.9990394753470141,0.012769913017366071
1677,3.4011442103967075e-08,2.9856182575712384e-12,17.72176979872395,0.5054800766978967,0.9875342480379562,0.01246575196204376,0.9999409837124589,0.9990375426017418,0.012789933883790789
1678,3.4011442103967075e-08,2.9998112596431813e-12,17.719999307885463,0.5054897121120542,0.9875606803227395,0.0124393196772605,0.9999409322471542,0.9990376020712013,0.012821033489641026
1679,3.4011442103967075e-08,3.485493324377316e-12,17.716696412084467,0.5054776027402076,0.9875526074081752,0.012447392591824846,0.9999409590057314,0.9990411009516827,0.012793385704390078
1680,3.4011442103967075e-08,2.94759152945435e-12,17.716234585391245,0.50549518086063,0.9875557324073614,0.012444267592638648,0.9999411037524683,0.9990380618993344,0.012824541905089292
1681,3.4011442103967075e-08,3.23526476061228e-12,17.71319696741003,0.5054239569208445,0.9875838574000372,0.012416142599962864,0.9999401397666752,0.9990321593814965,0.012799860486300574
1682,3.4011442103967075e-08,2.8186517173596874e-12,17.712280702130514,0.5054557277459042,0.9875816438589469,0.012418356141053088,0.9999405107869371,0.9990365130772048,0.01273429600096347
1683,3.4011442103967075e-08,3.3612101930257483e-12,17.708258498500857,0.5054407537914704,0.9876036490615497,0.012396350938450276,0.9999410694291928,0.9990439121783621,0.012658722105456903
1684,3.4011442103967075e-08,3.604616983680496e-12,17.704974597294445,0.5054506496222266,0.9876250032226555,0.012374996777344589,0.9999406678219747,0.9990397665565338,0.012624450029368465
1685,3.4011442103967075e-08,3.0836942726119366e-12,17.7050111489397,0.5054617173276778,0.9876235709313618,0.012376429068638263,0.9999408617774798,0.9990398647467452,0.012656931286908774
1686,3.4011442103967075e-08,3.311855988001367e-12,17.700326817491064,0.5054546860795088,0.9876467480086594,0.012353251991340627,0.9999410099083758,0.9990450948541779,0.01261756252147581
1687,3.4011442103967075e-08,3.3268493223648155e-12,17.696942170070603,0.5054546860795088,0.9876442740509703,0.0123557259490297,0.9999413779614446,0.9990476274983893,0.012672726232348717
1688,3.4011442103967075e-08,3.254004487491467e-12,17.695617823205787,0.5054609360778812,0.9876631542543869,0.012336845745613088,0.9999413105671937,0.9990487964671897,0.012637763935830727
1689,3.4011442103967075e-08,3.7897683817155185e-12,17.690099180102205,0.5055320298093673,0.9876725292519455,0.012327470748054493,0.9999413844641317,0.9990508092418137,0.01259250986147769
1690,3.4011442103967075e-08,3.28914346979252e-12,17.686645331060376,0.5054593735782882,0.9876966177873391,0.012303382212660882,0.9999412159646627,0.999049164893754,0.012561635749270886
1691,3.4011442103967075e-08,3.598941526579029e-12,17.679437891696676,0.505520311062419,0.9877071646595925,0.012292835340407463,0.9999413673185958,0.9990505780429403,0.012589051438524854
1692,3.4011442103967075e-08,2.9610571502302348e-12,17.677868223395283,0.5055110662731598,0.9877192740314391,0.012280725968560946,0.9999410711174372,0.999046362538365,0.012629548334468008
1693,3.4011442103967075e-08,3.238787745678378e-12,17.67305200729598,0.5055440089729143,0.9877279979875006,0.012272002012499476,0.9999417389718388,0.9990527328495414,0.012624893509101665
1694,3.4011442103967075e-08,4.211593109665776e-12,17.66447421153972,0.5055315089761695,0.9877462271494201,0.012253772850579986,0.9999412692440418,0.9990476953557883,0.012641258250093296
1695,3.4011442103967075e-08,4.291939852271412e-12,17.6567401184678,0.5055437485563155,0.9877561229801763,0.012243877019823693,0.9999414614250406,0.9990531077351388,0.01261657923556911
1696,3.4011442103967075e-08,3.505643558733782e-12,17.652081580226124,0.5055278631437856,0.9877705761014125,0.012229423898587527,0.9999417529672158,0.9990583399331883,0.012547509495451295
1697,3.4011442103967075e-08,3.38482363431766e-12,17.646929418048636,0.5054776027402076,0.98778698234714,0.012213017652859986,0.9999412045691936,0.999053301990239,0.012542316839754299
1698,3.4011442103967075e-08,3.302289962031616e-12,17.64408197259271,0.5054608058695818,0.9877981802608906,0.012201819739109443,0.9999410367099156,0.9990535526419382,0.012554340792178362
1699,3.4011442103967075e-08,3.446501416392528e-12,17.6399400889364,0.5054721339916318,0.9878091177580423,0.012190882241957749,0.9999407813335703,0.9990524619499331,0.012570725025802207
1700,3.4011442103967075e-08,4.9514157412261965e-12,17.626246553617772,0.5054874985709639,0.9878218781713859,0.012178121828614108,0.9999409115582677,0.9990533092221974,0.012576967262469572
1701,3.4011442103967075e-08,3.8076624444356285e-12,17.62025498513499,0.5055537745953712,0.9878256542120692,0.012174345787930784,0.9999419120739683,0.9990641581985903,0.012468072463357122
1702,3.4011442103967075e-08,3.432555969422671e-12,17.61574809919209,0.5055427068899201,0.9878446646237853,0.012155335376214747,0.9999419857378118,0.9990635358638296,0.012490324464517998
1703,3.4011442103967075e-08,3.786864511404136e-12,17.60996092254637,0.5055588527190488,0.9878496125391634,0.012150387460836598,0.9999420332977011,0.9990662979605105,0.01248327543326339
1704,3.4011442103967075e-08,5.28516971480492e-12,17.599166485267272,0.5055443995978126,0.9878569042039312,0.012143095796068802,0.9999424824426649,0.9990703468049849,0.012445978457651188
1705,3.4011442103967075e-08,3.286910135792123e-12,17.59430111282754,0.5055371079330448,0.9878975291933517,0.012102470806648228,0.9999432989836908,0.9990764629753878,0.012340302911624128
1706,3.4011442103967075e-08,3.501186046518604e-12,17.588231805964487,0.5055888006279166,0.9878992219012444,0.012100778098755703,0.9999433867846322,0.9990788263072612,0.012311535618340357
1707,3.4011442103967075e-08,3.6340049568288684e-12,17.583105125069807,0.5056023422910567,0.9879121125228874,0.012087887477112636,0.999943595045444,0.9990828107440379,0.012295707070663821
1708,3.4011442103967075e-08,3.1554407645647347e-12,17.58063043050392,0.5054630194106721,0.9879391958491678,0.012060804150832253,0.9999437021407657,0.999082329602466,0.012292071932833302
1709,3.4011442103967075e-08,2.9137685226738126e-12,17.579422718333554,0.5055134100225495,0.9879529979289068,0.01204700207109321,0.9999438381013013,0.9990814338006059,0.012327455733016216
1710,3.4011442103967075e-08,3.2740365731003326e-12,17.576528379950783,0.5054781235734053,0.987951826054212,0.012048173945788035,0.9999437597111925,0.999081707180934,0.012346783756839522
1711,3.4011442103967075e-08,3.0043799967615578e-12,17.57589652055719,0.5054515610803226,0.9879782583389952,0.012021741661004776,0.9999437476420449,0.9990802305156175,0.012361255772389518
1712,3.4011442103967075e-08,3.64285449406907e-12,17.56964956314199,0.5054243475457428,0.9879794302136901,0.012020569786309951,0.9999434063978773,0.9990814706192649,0.012347777174454143
1713,3.4011442103967075e-08,3.347219506667022e-12,17.566733949526906,0.5054308579607141,0.9879914093772372,0.012008590622762858,0.999943211776351,0.9990753246719766,0.012363039072775537
1714,3.4011442103967075e-08,3.450393445712533e-12,17.563755534172746,0.5053930975538808,0.9880191437450146,0.01198085625498535,0.9999437775941138,0.9990787783891042,0.012326238406129793
1715,3.4011442103967075e-08,4.438269819432705e-12,17.552104089698013,0.505405076717428,0.9880270864512796,0.01197291354872043,0.9999435668731201,0.9990780394909955,0.012323484747063844
1716,3.4011442103967075e-08,4.627209336607087e-12,17.54341347172647,0.505397134011163,0.9880522166530685,0.01194778334693142,0.9999429061841563,0.9990748596845427,0.012298259989606401
1717,3.4011442103967075e-08,3.2441476519353146e-12,17.539351866287284,0.5053631496450132,0.9880584666514409,0.011941533348559024,0.9999427823595196,0.9990754639894807,0.012287098375998201
1718,3.4011442103967075e-08,4.417482483931386e-12,17.526120827534374,0.5053889308882993,0.9880791697710496,0.011920830228950461,0.9999430753461589,0.9990802145821588,0.012272796391678368
1719,3.4011442103967075e-08,4.880393931357723e-12,17.51146221763046,0.5053880194302033,0.9881000030989575,0.011899996901042474,0.9999437970575585,0.9990862906104647,0.012235208478303254
1720,3.4011442103967075e-08,3.952082387625862e-12,17.50601909078025,0.5053363267353316,0.9881264353837408,0.011873564616259215,0.999943893315891,0.9990891374369943,0.012171832862025044
1721,3.4011442103967075e-08,6.537657234159487e-12,17.489509178799246,0.5053286444456655,0.9881355499647005,0.01186445003529947,0.9999438688406374,0.9990856139588514,0.012252259124064548
1722,3.4011442103967075e-08,3.1412622754828836e-12,17.48810013672465,0.5053854152642148,0.9881479197531459,0.011852080246854102,0.9999440820520219,0.9990868172701161,0.01222668430602357
1723,3.4011442103967075e-08,3.181821358363943e-12,17.48724454047509,0.5054285142113244,0.988161721832885,0.01183827816711506,0.9999436165130886,0.9990833066700333,0.012224850712828507
1724,3.4011442103967075e-08,2.99634543593311e-12,17.48566948503887,0.5054289048362227,0.9881687530810539,0.011831246918946116,0.9999442459278908,0.9990889934701068,0.012222545731078628
1725,3.4011442103967075e-08,3.4879643552896477e-12,17.483355163690877,0.5053348944440379,0.9881917999500521,0.011808200049947903,0.9999442242364054,0.9990917706273981,0.012206393590577944
1726,3.4011442103967075e-08,3.443869563713157e-12,17.47829108264497,0.5053498683984717,0.9882286488987894,0.01177135110121065,0.9999443648972521,0.9990973709458671,0.012106676452307999
1727,3.4011442103967075e-08,2.9596552870077658e-12,17.476662392191873,0.5053542954806522,0.9882360707718566,0.01176392922814343,0.9999441887559658,0.9990934115367986,0.012136925557831711
1728,3.4011442103967075e-08,2.892055484833826e-12,17.47539032879363,0.5053558579802453,0.9882496124349968,0.011750387565003238,0.9999446121882901,0.9990991544656871,0.012119944599091543
1729,3.4011442103967075e-08,4.1080467017094545e-12,17.467890454193878,0.5053480454822799,0.9882720082624978,0.011727991737502151,0.9999442292194469,0.9990976406588679,0.012104892116930692
1730,3.4011442103967075e-08,3.5441418769962285e-12,17.463578608618793,0.5053799465156389,0.9882966176310891,0.011703382368910841,0.9999442101236974,0.99909828046957,0.012072514745604666
1731,3.4011442103967075e-08,3.83797738712586e-12,17.456759856887096,0.5054209621299578,0.9882945342982984,0.01170546570170164,0.999944212997438,0.9991002835320801,0.012066974793380222
1732,3.4011442103967075e-08,3.839820178475455e-12,17.45014845734364,0.5052981757036,0.9882988311721794,0.011701168827820617,0.9999444139286392,0.99910486871624,0.01201132530301298
1733,3.4011442103967075e-08,3.4704448038165975e-12,17.44718002534259,0.5052901027890357,0.9882970082559874,0.011702991744012566,0.9999441085976325,0.9991021104732908,0.012038314382253312
1734,3.4011442103967075e-08,4.026030622134774e-12,17.440264650663586,0.5052803371665788,0.9883312530387361,0.011668746961263812,0.9999440379582593,0.9991020932299757,0.011997394484381465
1735,3.4011442103967075e-08,2.8173480274229093e-12,17.43921997635099,0.5052854152902564,0.9883666696961798,0.011633330303820234,0.9999444456579071,0.9991022213545763,0.011992894039167418
1736,3.4011442103967075e-08,3.104377078075002e-12,17.43963433462076,0.5053170559070167,0.988371357194959,0.011628642805040936,0.999945270187962,0.9991125074928655,0.01188546862490845
1737,3.4011442103967075e-08,3.319452243495469e-12,17.43612635044354,0.5052841132072622,0.9883750030273429,0.011624996972657039,0.9999448388587603,0.9991060838846734,0.012006124417123233
1738,3.4011442103967075e-08,3.520399852403434e-12,17.4305687351051,0.505265363212145,0.9883764353186366,0.011623564681363364,0.9999445553048134,0.9991035358188546,0.012035930498366404
1739,3.4011442103967075e-08,3.1358273280106277e-12,17.42729363315227,0.5052266913472158,0.9883988311461377,0.011601168853862278,0.9999448963115644,0.9991053641254941,0.011980988314128718
1740,3.4011442103967075e-08,4.350463665206937e-12,17.418688678061404,0.5052739569599071,0.9884040394781147,0.01159596052188528,0.9999449437393839,0.999102728164924,0.012031332934407448
1741,3.4011442103967075e-08,3.6259380725524205e-12,17.414589990621586,0.505357290271539,0.988427997805209,0.011572002194791094,0.999944626456143,0.999103643553765,0.011985949346034221
1742,3.4011442103967075e-08,3.968452850197152e-12,17.408037830571605,0.5052648423789473,0.9884239613479268,0.011576038652073267,0.9999452420261059,0.9991061572426818,0.012025865346984908
1743,3.4011442103967075e-08,3.061586575514122e-12,17.40570692116983,0.505345050691393,0.9884332061371859,0.011566793862814099,0.9999459495360646,0.999113068893768,0.011965741947365067
1744,3.4011442103967075e-08,3.406072294680559e-12,17.400341600892595,0.5052980454953007,0.9884429717596428,0.01155702824035723,0.9999459891080099,0.999115326604372,0.011942378661654523
1745,3.4011442103967075e-08,3.717850323253244e-12,17.39513490994243,0.5053414048590091,0.9884638050875507,0.01153619491244924,0.999946359391498,0.999121880347571,0.011865012024942674
1746,3.4011442103967075e-08,3.204006681196624e-12,17.394276217252706,0.5052968736206058,0.9884759144593973,0.011524085540602724,0.9999461339382923,0.9991199278682966,0.011887434726418218
1747,3.4011442103967075e-08,3.252669962933488e-12,17.392612213331258,0.5053055975766673,0.9884828154992668,0.011517184500733203,0.999946196861322,0.9991266304185076,0.011799094712703568
1748,3.4011442103967075e-08,3.0099111591986805e-12,17.393039597124048,0.5052835923740645,0.9884695342527254,0.011530465747274544,0.9999460618554135,0.999124506120708,0.011856074958935859
1749,3.4011442103967075e-08,3.052277110787447e-12,17.39171394593866,0.505216925724759,0.9884763050842955,0.011523694915704449,0.9999467236628986,0.9991272663976613,0.011857042948511311
1750,3.4011442103967075e-08,3.284657910115553e-12,17.38922708454525,0.5052822902910702,0.9884942738296162,0.01150572617038381,0.9999460715090968,0.999120152799576,0.011898180558555618
1751,3.4011442103967075e-08,2.9834702519139357e-12,17.387024376177976,0.5052925767467248,0.9885062529931633,0.011493747006836717,0.9999461431918903,0.9991225578373816,0.01181662122209835
1752,3.4011442103967075e-08,3.64288107894058e-12,17.381882695362986,0.5053494777735735,0.9885029977856776,0.01149700221432234,0.9999460308231825,0.9991204867104464,0.011882058179952365
1753,3.4011442103967075e-08,3.2949602334073422e-12,17.379642019332678,0.5053505194399689,0.9885056019516661,0.011494398048333842,0.999946763622907,0.9991241690045701,0.011897642920686036
1754,3.4011442103967075e-08,3.3805218480707794e-12,17.37471575387772,0.5053401027760149,0.9885250029882805,0.011474997011719529,0.9999462539027987,0.9991219365177727,0.011889417126269662
1755,3.4011442103967075e-08,3.365296002504493e-12,17.371980469618986,0.5053585923545333,0.9885368519435281,0.01146314805647186,0.9999468323943211,0.9991236958971483,0.011900624025365736
1756,3.4011442103967075e-08,3.4762431595004573e-12,17.368949181326105,0.5053403631926138,0.9885238311135857,0.011476168886414352,0.9999467122189992,0.9991259255702305,0.011862847220568119
1757,3.4011442103967075e-08,4.407746288091019e-12,17.359185294982893,0.5053067694513621,0.9885490915236741,0.011450908476325917,0.9999468168816842,0.9991248556842585,0.011860100709082114
1758,3.4011442103967075e-08,3.7730705314044294e-12,17.351337325075132,0.5053188788232087,0.9885730498507682,0.011426950149231733,0.9999469289742381,0.9991262365834287,0.011788243412763834
1759,3.4011442103967075e-08,2.906348463381311e-12,17.35133183788086,0.5052901027890357,0.988570185268181,0.011429814731819081,0.9999470532563487,0.9991285670121416,0.011786703420557562
1760,3.4011442103967075e-08,3.813861325611047e-12,17.34595358943934,0.5052651027955462,0.9885938831786762,0.011406116821323744,0.9999472481487328,0.9991342823076592,0.01168477312743608
1761,3.4011442103967075e-08,3.0059788437159354e-12,17.344556163985786,0.5052651027955462,0.9886018258849412,0.011398174115058824,0.9999474542311981,0.9991369168874258,0.01167055595064528
1762,3.4011442103967075e-08,3.1272219037690044e-12,17.34465501047864,0.5053007798695885,0.988605471717325,0.011394528282674926,0.9999476865157777,0.9991372114800227,0.011680346285320237
1763,3.4011442103967075e-08,3.206837762898717e-12,17.342217369594728,0.5052722642520145,0.9886024769264383,0.0113975230735617,0.9999470678799464,0.999130039134617,0.01173375035588759
1764,3.4011442103967075e-08,2.7561165160184303e-12,17.34242330208269,0.5052363267613732,0.9886325550436055,0.011367444956394543,0.9999471859996026,0.9991318256671001,0.011690449265732414
1765,3.4011442103967075e-08,3.714793358914629e-12,17.33886005757532,0.5053062486181644,0.9886467477482428,0.011353252251757226,0.9999476375106171,0.9991366136652181,0.01166338187751235
1766,3.4011442103967075e-08,3.3621810236996982e-12,17.335311253837467,0.5053380194432241,0.9886467477482428,0.011353252251757226,0.9999469069295103,0.9991282546886056,0.01175323686338064
1767,3.4011442103967075e-08,3.2136596694043175e-12,17.33311696974209,0.5053298163203603,0.9886380237921814,0.011361976207818696,0.999947016318597,0.9991291656342103,0.011767392997481776
1768,3.4011442103967075e-08,4.040336391972037e-12,17.32595811792028,0.5052880194562449,0.9886516956636209,0.01134830433637908,0.9999470215301768,0.9991300333716219,0.011712414694091917
1769,3.4011442103967075e-08,3.1183548223921183e-12,17.322880204539185,0.5052848944570587,0.9886618519109761,0.011338148089023935,0.9999475990786859,0.9991348482802541,0.011742022073785805
1770,3.4011442103967075e-08,3.5448570299495384e-12,17.319565115128967,0.5052604152967668,0.988675914407314,0.011324085592686044,0.9999478400081409,0.9991374485653824,0.011719821292677294
1771,3.4011442103967075e-08,3.4396216033015908e-12,17.31718953349374,0.5051927069810659,0.9886691435757439,0.01133085642425614,0.9999477531555184,0.9991391235057592,0.011709073185473307
1772,3.4011442103967075e-08,3.2519049165269942e-12,17.316427302183275,0.5052095038516917,0.9886901071119513,0.011309892888048727,0.9999481698107554,0.9991432944998335,0.01165914421917181
1773,3.4011442103967075e-08,3.124485952293608e-12,17.314566069538166,0.5052486965498186,0.9887028675252949,0.011297132474705084,0.9999488038299522,0.9991494952064567,0.01160922502564153
1774,3.4011442103967075e-08,3.808552350556567e-12,17.309035997813865,0.5052001288541331,0.9887197946042201,0.011280205395779844,0.9999484509538622,0.9991472023226042,0.01159827751896862
1775,3.4011442103967075e-08,2.9027943430140284e-12,17.308090202412078,0.5051898423984785,0.9887432320981167,0.011256767901883359,0.9999482156225212,0.9991474802052597,0.011582524849411153
1776,3.4011442103967075e-08,3.3503778873242307e-12,17.304469822863016,0.5051635403219947,0.9887470081388,0.011252991861200037,0.9999481721407334,0.9991496602349508,0.011542337817800292
1777,3.4011442103967075e-08,3.5238099029630765e-12,17.300154498399177,0.5052294257215038,0.9887658883422166,0.011234111657783423,0.9999480123492391,0.9991482077365917,0.0115364034771269
1778,3.4011442103967075e-08,2.9538199480509597e-12,17.299403986126773,0.5052411444684519,0.9887795602136562,0.011220439786343806,0.9999482330544393,0.9991473100847147,0.011554166195827671
1779,3.4011442103967075e-08,3.992288310982863e-12,17.291995241553636,0.5051999986458336,0.9887768258393683,0.011223174160631729,0.9999479714298151,0.9991453372615003,0.01160474213115661
1780,3.4011442103967075e-08,3.3962531150743658e-12,17.288046267527996,0.5052291653049049,0.9887888050029153,0.011211194997084636,0.9999482102817965,0.9991491420404971,0.01156680163313877
1781,3.4011442103967075e-08,3.137225125023803e-12,17.28659546194757,0.5051979153130429,0.9887917997938022,0.011208200206197862,0.999948793231932,0.9991533464844107,0.011544994419353007
1782,3.4011442103967075e-08,4.041153670710686e-12,17.276985451709695,0.5052713527939185,0.9888084664561285,0.011191533543871472,0.9999483356582161,0.9991494252710061,0.011559467564611651
1783,3.4011442103967075e-08,2.630677166536685e-12,17.27930998415757,0.5052436184261411,0.9888173206204894,0.011182679379510578,0.9999481857950938,0.9991494843180398,0.011517431101234325
1784,3.4011442103967075e-08,4.854794350757989e-12,17.26922218218284,0.50522122259864,0.9888382841566968,0.011161715843303166,0.9999480977562073,0.999150866667917,0.011489068223857623
1785,3.4011442103967075e-08,3.5609301509573016e-12,17.265900412648374,0.5052165350998606,0.9888679716489657,0.011132028351034284,0.9999487510466603,0.9991583031783229,0.011363793171871814
1786,3.4011442103967075e-08,3.4556591773917202e-12,17.26160933183739,0.5052059882276072,0.9888803414374111,0.011119658562588916,0.9999483000311642,0.9991539524814321,0.011416630283869246
1787,3.4011442103967075e-08,3.286773217908602e-12,17.259155059835027,0.505244529884237,0.9888800810208123,0.011119918979187765,0.9999484922890217,0.9991561323713578,0.011481176309253474
1788,3.4011442103967075e-08,3.924643454884975e-12,17.251177209459428,0.5052239569729279,0.9889105497628776,0.011089450237122335,0.9999487756069569,0.999161939303599,0.011371221650538263
1789,3.4011442103967075e-08,4.0490627658042276e-12,17.242294494761122,0.5051601549062097,0.9889255237173116,0.011074476282688468,0.9999494206558275,0.9991652595617915,0.011373533110310273
1790,3.4011442103967075e-08,3.5921428346264546e-12,17.2388792347071,0.5051546861576338,0.9889311226741868,0.011068877325813197,0.9999489906495548,0.9991630122989353,0.011421748464974554
1791,3.4011442103967075e-08,3.2765533298915504e-12,17.236888993967504,0.5051789049013269,0.9889214872600294,0.01107851273997064,0.9999491847444659,0.9991657879512919,0.011386600021543044
1792,3.4011442103967075e-08,6.6708008382315155e-12,17.214843674964925,0.5051772121934344,0.9889322945488817,0.011067705451118372,0.9999491772237105,0.9991636837213085,0.011405314252402996
1793,3.4011442103967075e-08,3.360323232182616e-12,17.21338070198738,0.5051713528199602,0.9889502632942022,0.011049736705797734,0.999948521862264,0.9991568412309509,0.011471294895319797
1794,3.4011442103967075e-08,3.513663929572886e-12,17.209344407537255,0.5051484361592614,0.9889658882901332,0.011034111709866743,0.9999489755951573,0.9991635555062637,0.011400209069349684
1795,3.4011442103967075e-08,3.1550533768113364e-12,17.207433445484792,0.5051484361592614,0.9889660184984327,0.011033981501567317,0.9999488622149721,0.9991632427719368,0.011410300042623762
1796,3.4011442103967075e-08,7.249557782207564e-12,17.18275856921622,0.5052197903073463,0.9889769559955843,0.011023044004415623,0.9999488495934139,0.999166569010027,0.011330002033847025
1797,3.4011442103967075e-08,5.302739860053789e-12,17.170730294535787,0.5051863267743941,0.9889904976587246,0.011009502341275432,0.9999490446447168,0.9991653743908196,0.011353855919657655
1798,3.4011442103967075e-08,3.821394723362465e-12,17.16497705007763,0.5052951809127133,0.9889953153658033,0.01100468463419671,0.9999488187603701,0.9991624575258186,0.01136923550111863
1799,3.4011442103967075e-08,3.800552092069259e-12,17.160852645334405,0.5053048163268707,0.989007164321051,0.010992835678949042,0.9999491146576127,0.9991628233593148,0.011348434457552379
1800,3.4011442103967075e-08,3.172580458939463e-12,17.160005268306254,0.5052858059151547,0.9890127632779262,0.01098723672207377,0.9999494413439799,0.9991677412604437,0.011324807610562409
1801,3.4011442103967075e-08,3.0329571698746197e-12,17.15894107172024,0.5052863267483524,0.989028648690456,0.01097135130954393,0.9999494642545329,0.9991673295814092,0.011388254368105654
1802,3.4011442103967075e-08,3.6322531372845063e-12,17.153718206019914,0.5052177069745555,0.9890282580655578,0.010971741934442204,0.9999498977573611,0.9991716445566495,0.011326013860558105
1803,3.4011442103967075e-08,4.016364409992561e-12,17.147637756076296,0.5052592434220721,0.9890378934797153,0.01096210652028476,0.9999498459601833,0.9991702084979577,0.01134687430984507
1804,3.4011442103967075e-08,3.201218276247359e-12,17.145690734745557,0.505264451754049,0.9890458361859802,0.01095416381401984,0.9999496106175079,0.9991683890514307,0.011382303971017962
1805,3.4011442103967075e-08,3.0839642160980944e-12,17.145581286796013,0.5052645819623485,0.9890722684707635,0.010927731529236581,0.9999505204152476,0.999177139150261,0.011277643761266769
1806,3.4011442103967075e-08,3.79365619436756e-12,17.14058544890338,0.5052582017556766,0.9891006538800381,0.010899346119961947,0.9999507916573454,0.9991824574276361,0.01121854998960898
1807,3.4011442103967075e-08,3.0457391980735794e-12,17.1407284146865,0.5051770819851349,0.9891122424186869,0.01088775758131313,0.9999498692701906,0.9991730999482084,0.011320548021477674
1808,3.4011442103967075e-08,3.981832717280729e-12,17.133351532931655,0.5052143215587704,0.9891256538735277,0.010874346126472362,0.9999498361565878,0.9991751951040093,0.011249812902064223
1809,3.4011442103967075e-08,3.293600971404693e-12,17.131693354689556,0.5052283840551083,0.9891240913739345,0.010875908626065462,0.9999501140007296,0.9991730926972097,0.01130248988499982
1810,3.4011442103967075e-08,3.114891977846174e-12,17.131767298348336,0.5051897121901792,0.9891296903308098,0.010870309669190191,0.9999507921679628,0.9991769191115739,0.01132286726871732
1811,3.4011442103967075e-08,3.9877794579443184e-12,17.126421271152992,0.5051864569826935,0.9891406278279615,0.010859372172038497,0.999951235519626,0.9991815808886187,0.011311048182108261
1812,3.4011442103967075e-08,4.138837857004515e-12,17.11930095743941,0.5051463528264706,0.9891529976164068,0.01084700238359313,0.999950961512941,0.9991819234118813,0.011264795278615201
1813,3.4011442103967075e-08,4.4828491417118695e-12,17.109698796404896,0.5051904934399757,0.9891748726107102,0.010825127389289743,0.9999504419126618,0.9991772594618158,0.011274828436898249
1814,3.4011442103967075e-08,3.3162505310495034e-12,17.10715035716532,0.5052024726035228,0.9891774767766988,0.010822523223301244,0.9999508259887774,0.9991810895685256,0.011248140658084008
1815,3.4011442103967075e-08,2.810450525709502e-12,17.10781924762204,0.505159634073012,0.9891925809394321,0.010807419060567954,0.9999509567903628,0.999184230820871,0.01125664675780977
1816,3.4011442103967075e-08,3.873618724074318e-12,17.1006310311573,0.5052364569696727,0.9891931017726298,0.010806898227370253,0.9999503093384515,0.9991812373323795,0.01125716400865912
1817,3.4011442103967075e-08,3.848923820534409e-12,17.09617573031034,0.505254035090095,0.9891967476050136,0.010803252394986355,0.9999502114380371,0.9991784937027806,0.011266715821971252
1818,3.4011442103967075e-08,3.1129887574908613e-12,17.09562268821446,0.5052589830054732,0.9892061226025722,0.010793877397427761,0.9999504234014267,0.9991823335099397,0.011235185468702526
1819,3.4011442103967075e-08,4.538300935535864e-12,17.085393652555815,0.5052516913407054,0.9892102892681538,0.010789710731846163,0.9999504805443575,0.9991818446609123,0.01121577624668443
1820,3.4011442103967075e-08,4.17248716332923e-12,17.076903444332114,0.5052386705107629,0.989240367385321,0.010759632614679007,0.9999507720561617,0.9991825147247395,0.011209584930910236
1821,3.4011442103967075e-08,3.384520142263074e-12,17.073257938944597,0.5052355455115767,0.9892675809199009,0.010732419080099198,0.99995049240086,0.9991825013256499,0.01115272395428046
1822,3.4011442103967075e-08,3.0443588073532494e-12,17.072242664751833,0.5051988267711388,0.9892647163373135,0.010735283662686546,0.9999506209482728,0.9991849182571771,0.011148703354560361
1823,3.4011442103967075e-08,3.7832179581620756e-12,17.064390609271836,0.5051986965628394,0.9892652371705112,0.010734762829488846,0.9999505247716596,0.9991845882749502,0.011184812945590018
1824,3.4011442103967075e-08,3.295727010576703e-12,17.062174508317376,0.5052166653081601,0.9892755236261658,0.010724476373834278,0.9999504736236352,0.9991848675820384,0.011168607814872583
1825,3.4011442103967075e-08,3.034235739062815e-12,17.06020432146411,0.5052067694774037,0.9892871121648146,0.01071288783518546,0.9999502262816923,0.9991844442359546,0.011176932284622439
1826,3.4011442103967075e-08,3.0981680616859695e-12,17.05911695918679,0.5053070298679609,0.9892957059125765,0.010704294087423415,0.9999504591150276,0.9991899077439863,0.01111514881078435
1827,3.4011442103967075e-08,4.244215447732396e-12,17.0505834461427,0.5052606757133657,0.9893108100753099,0.010689189924690123,0.9999514728253954,0.9991973818882453,0.011085312186717816
1828,3.4011442103967075e-08,3.7484745071214385e-12,17.042398877807493,0.5052667955034387,0.9893265652795403,0.010673434720459708,0.9999518506703404,0.9992051251055142,0.011002118296588707
1829,3.4011442103967075e-08,3.1326591303464427e-12,17.04081408915603,0.5052360663447744,0.9893457058995557,0.010654294100444245,0.9999516073508818,0.9992035571010266,0.01099106846589057
1830,3.4011442103967075e-08,3.647599205961362e-12,17.039253586222586,0.5052654934204445,0.9893554715220126,0.010644528477987376,0.9999514970775664,0.9992036420871203,0.010993182477882084
1831,3.4011442103967075e-08,3.2559511621556484e-12,17.037397090948573,0.5052967434123063,0.9893588569377977,0.010641143062202327,0.9999515079804345,0.9992032297669364,0.01101334062791127
1832,3.4011442103967075e-08,3.3628445285253255e-12,17.036396155112556,0.5053389309013201,0.9893542996473178,0.0106457003526822,0.999951763885657,0.9992048454148659,0.011016186585267878
1833,3.4011442103967075e-08,4.276269719047483e-12,17.03113604546651,0.5053826808899269,0.9893628933950799,0.010637106604920154,0.9999520522096331,0.999210234127909,0.010980455972096754
1834,3.4011442103967075e-08,3.305816396327148e-12,17.02867761079331,0.5053218736140954,0.9893776069329149,0.010622393067085139,0.9999519588894004,0.9992083430310699,0.010981125841582541
1835,3.4011442103967075e-08,3.903586018509862e-12,17.02192950607879,0.5053690090184872,0.9893808621404004,0.010619137859599516,0.9999522562833252,0.9992087551297555,0.010987754374749074
1836,3.4011442103967075e-08,5.161743366664271e-12,17.00730278053176,0.5053770819330515,0.98938776318027,0.010612236819729995,0.9999525943040832,0.9992091129200817,0.011002999178276055
1837,3.4011442103967075e-08,3.1252303069393294e-12,17.006120174314002,0.5053371079851281,0.9893893256798632,0.010610674320136897,0.9999518985410729,0.9992025485691564,0.011002268666124445
1838,3.4011442103967075e-08,3.4829594006142854e-12,17.001811887094874,0.5053817694318309,0.9894066433836867,0.01059335661631338,0.9999522741069101,0.999208804427701,0.01092943140353298
1839,3.4011442103967075e-08,3.3873826980537183e-12,16.99925112514587,0.5052976548704023,0.9894054715089918,0.010594528491008205,0.9999518093503099,0.9992078326320245,0.010946674529843589
1840,3.4011442103967075e-08,3.0318940246489586e-12,17.00055471904172,0.505278514250387,0.9894072944251837,0.010592705574816256,0.9999516761406987,0.9992077571909046,0.010977988787542971
1841,3.4011442103967075e-08,4.032606186790263e-12,16.989052918280226,0.5052824204993697,0.9894204454634257,0.01057955453657434,0.9999512978033762,0.9992035816367302,0.010985336663514679
1842,3.4011442103967075e-08,3.3830954633098573e-12,16.98880388230131,0.5053161444489207,0.9894304715024814,0.01056952849751862,0.9999512920076513,0.9992008281146094,0.011000327593137828
1843,3.4011442103967075e-08,3.54622556385698e-12,16.98729466402653,0.5052464830087284,0.9894500027473951,0.010549997252604882,0.9999519600512196,0.9992071012113795,0.010960001237423344
1844,3.4011442103967075e-08,3.0796918309301006e-12,16.986559592945735,0.5052527330071008,0.98946927357571,0.010530726424289994,0.9999520342242431,0.9992066752800941,0.010935230497525981
1845,3.4011442103967075e-08,3.744638333847888e-12,16.98072119132983,0.505254035090095,0.9894776069068733,0.0105223930931268,0.9999518250030139,0.9992077584148259,0.01087853643474463
1846,3.4011442103967075e-08,3.045298853459528e-12,16.98033244207801,0.5052143215587704,0.9894916694032111,0.010508330596788906,0.9999523369265907,0.9992130536012359,0.010825517593986948
1847,3.4011442103967075e-08,4.730232198953193e-12,16.97218142866332,0.5052156236417646,0.9894837266969462,0.010516273303053828,0.9999521578719301,0.9992130993925452,0.0108120842402253
1848,3.4011442103967075e-08,3.74952372949054e-12,16.967956699354314,0.5052555975896881,0.9895027371086622,0.010497262891337789,0.9999522901242206,0.9992135584615465,0.010795064090874464
1849,3.4011442103967075e-08,3.179273750769726e-12,16.966900414015093,0.5052704413358226,0.9895287787685472,0.010471221231452804,0.9999527994113058,0.9992161925276042,0.010774393768671876
1850,3.4011442103967075e-08,4.127527214989177e-12,16.960108394856654,0.5052631496710548,0.9895420600150885,0.010457939984911463,0.9999532631236043,0.99921978646976,0.010716472320718023
1851,3.4011442103967075e-08,3.040002404069368e-12,16.959333978915613,0.505251561132406,0.9895459662640713,0.010454033735928715,0.9999532984158606,0.9992211983832605,0.010761512811474699
1852,3.4011442103967075e-08,3.1625635740982215e-12,16.954555853456103,0.5052001288541331,0.9895562527197258,0.010443747280274146,0.999952823803678,0.9992182661335663,0.010766487607202049
1853,3.4011442103967075e-08,3.3445055725082025e-12,16.951456995784845,0.5052282538468089,0.9895675808417759,0.010432419158224177,0.9999531470806885,0.999220620294601,0.01077093173894424
1854,3.4011442103967075e-08,3.9486763924260225e-12,16.947981741945444,0.5052858059151547,0.9895727891737528,0.010427210826247181,0.9999533451038088,0.9992249577734306,0.010768838750003305
1855,3.4011442103967075e-08,3.017788375709502e-12,16.94748294681888,0.5053212225725983,0.9896057318735073,0.010394268126492676,0.9999532661131786,0.9992283614136547,0.010713557782317189
1856,3.4011442103967075e-08,3.355379041500497e-12,16.94608293005639,0.5053128892414351,0.9896130235382751,0.01038697646172488,0.9999531818363985,0.9992274784478602,0.01072255562424343
1857,3.4011442103967075e-08,3.2948610770483635e-12,16.94518346599138,0.5052725246686134,0.9896345079076803,0.010365492092319767,0.9999534657359281,0.9992279530270715,0.010703258552929295
1858,3.4011442103967075e-08,3.2511294229887768e-12,16.9454758960974,0.505167316362678,0.9896360704072733,0.010363929592726669,0.9999534059011707,0.9992260390978593,0.010737630222210255
1859,3.4011442103967075e-08,3.714213797370052e-12,16.939133783741816,0.5051561184489275,0.9896433620720412,0.010356637927958873,0.999953263748776,0.9992244857791027,0.010755732081329579
1860,3.4011442103967075e-08,4.057638701504286e-12,16.934118693365722,0.505107550753242,0.989653127694498,0.010346872305502004,0.9999532953246845,0.9992262825259588,0.010685996687090036
1861,3.4011442103967075e-08,3.170419980340244e-12,16.934259062882997,0.5051565090738258,0.9896669297742371,0.010333070225762962,0.9999531816473569,0.9992256380091772,0.010685242988284072
1862,3.4011442103967075e-08,3.2799111858070446e-12,16.931541277965433,0.5051813788590159,0.9896716172730163,0.010328382726983665,0.9999530022902576,0.9992219432475415,0.010732841572419098
1863,3.4011442103967075e-08,3.1273080817474884e-12,16.929373455482423,0.5051735663610504,0.9896692735236267,0.010330726476373314,0.9999532931605478,0.9992240742221652,0.010709750960166688
1864,3.4011442103967075e-08,2.9951170958735936e-12,16.92914975635615,0.5051264309566587,0.9896817735203715,0.01031822647962852,0.9999536335689911,0.9992287423873152,0.010669777464220034
1865,3.4011442103967075e-08,3.26464088345502e-12,16.928860028925527,0.5051167955425011,0.9896755235219991,0.010324476478000917,0.9999539296501876,0.9992329807881621,0.010689945693531645
1866,3.4011442103967075e-08,3.644319731703723e-12,16.924506401135154,0.505155988240628,0.9896750026888014,0.010324997311198616,0.9999539565728693,0.9992345449887475,0.010681663567648393
1867,3.4011442103967075e-08,3.414119681897725e-12,16.922208780017318,0.5051720038614573,0.9897016953901835,0.010298304609816507,0.9999538529309602,0.9992335036793082,0.010659434770592656
1868,3.4011442103967075e-08,4.572188267554917e-12,16.913409283430656,0.505155988240628,0.989719013094007,0.010280986905992993,0.9999536445404992,0.9992319395864602,0.010648000732540039
1869,3.4011442103967075e-08,3.0763747906205595e-12,16.91366369388824,0.5051055976287506,0.9897378932974236,0.010262106702576379,0.9999541632447457,0.9992337985957304,0.010648845148726889
1870,3.4011442103967075e-08,3.3729752051224687e-12,16.913100785080722,0.5050954413813955,0.989735549548034,0.010264450451966028,0.9999543010194812,0.9992355217754229,0.010630685108982305
1871,3.4011442103967075e-08,3.1774852873743495e-12,16.912841835637305,0.5051019517963667,0.9897342474650397,0.010265752534960277,0.9999548034111316,0.9992400806432797,0.010624753480338572
1872,3.4011442103967075e-08,2.7891643407725926e-12,16.912635110232028,0.5051242174155683,0.9897549505846482,0.010245049415351714,0.9999547335524032,0.9992416094913718,0.010595674237808963
1873,3.4011442103967075e-08,3.069989706531497e-12,16.9127683801594,0.5051429674106855,0.9897638047490092,0.01023619525099082,0.9999549326634779,0.999241499989072,0.010619273329303638
1874,3.4011442103967075e-08,3.923167641771905e-12,16.906009074833594,0.5051785142764286,0.9897610703747213,0.010238929625278743,0.9999551132100639,0.9992440549555499,0.010580866011568513
1875,3.4011442103967075e-08,3.717640273389732e-12,16.901283299711633,0.5051247382487661,0.9897888047424988,0.010211195257501235,0.9999549488411416,0.9992428516067213,0.010609344926994335
1876,3.4011442103967075e-08,3.6114184809198464e-12,16.896607521896684,0.5051622382390004,0.9897983099483568,0.010201690051643215,0.9999550791626917,0.9992435743831792,0.010572821601868228
1877,3.4011442103967075e-08,4.10805032367237e-12,16.890659614608392,0.5051368476206126,0.9898015651558424,0.010198434844157592,0.9999546397775604,0.9992389106375554,0.010593831835010776
1878,3.4011442103967075e-08,3.303364427902033e-12,16.88831687184612,0.5051492174090579,0.9898201849426602,0.010179815057339829,0.9999548263295021,0.9992407668322992,0.010576476431709893
1879,3.4011442103967075e-08,4.0302517823017e-12,16.883188349545673,0.5051031236710616,0.989817059943474,0.010182940056526027,0.9999549243559882,0.9992425411570008,0.010603515327132685
1880,3.4011442103967075e-08,3.1978844388056717e-12,16.87745712515772,0.5050907538826162,0.9898165391102762,0.010183460889723727,0.9999547218085282,0.9992433529906408,0.010600919073166971
1881,3.4011442103967075e-08,3.978214015224224e-12,16.870809216907826,0.5050785143024702,0.9898346380638964,0.010165361936103663,0.999954602434273,0.9992424541043047,0.010588505119497299
1882,3.4011442103967075e-08,3.368407564687433e-12,16.869047201522886,0.5051309882471384,0.9898394557709751,0.01016054422902494,0.9999549776085523,0.9992450613811491,0.010581134899425013
1883,3.4011442103967075e-08,3.2283827856931003e-12,16.86885649054123,0.5050917955490116,0.9898660182640577,0.010133981735942257,0.9999549429426171,0.9992452433479286,0.01058526924786076
1884,3.4011442103967075e-08,3.3533367755654637e-12,16.867289313193663,0.5051651028215878,0.9898677109719503,0.010132289028049732,0.9999548994050206,0.9992452504887933,0.010552086653890595
1885,3.4011442103967075e-08,2.8049022531022423e-12,16.869737113445026,0.5052040351031158,0.9898692734715434,0.010130726528456634,0.9999545697364329,0.9992420568488307,0.010549033253983956
1886,3.4011442103967075e-08,3.978087678653387e-12,16.86401922827134,0.5051963528134498,0.9898751328450175,0.010124867154982512,0.9999544880735992,0.9992420004729637,0.01051114518608065
1887,3.4011442103967075e-08,4.0501992526618965e-12,16.85559284429899,0.5052035142699182,0.9899070338783766,0.010092966121623406,0.9999550089565848,0.9992446356070496,0.010494907075079453
1888,3.4011442103967075e-08,3.115033428280287e-12,16.856265372941383,0.5051972642715458,0.989902867212795,0.010097132787205003,0.9999550083633987,0.9992453885704647,0.010493597825841663
1889,3.4011442103967075e-08,3.2353614635079685e-12,16.851871846248738,0.5051972642715458,0.9899003932551059,0.010099606744894078,0.9999545791538449,0.9992415394677093,0.0105179777826524
1890,3.4011442103967075e-08,3.787360285160178e-12,16.846361765006097,0.5052190090575497,0.9898921901322422,0.010107809867757847,0.9999547761909436,0.9992457212879414,0.010464283387974057
1891,3.4011442103967075e-08,4.494952036288558e-12,16.83951167635724,0.5052376288443675,0.9899162786676358,0.010083721332364237,0.9999548312791233,0.9992477767382562,0.01040758727721306
1892,3.4011442103967075e-08,4.623175419096857e-12,16.83352650011092,0.5051852851079986,0.9899182317921271,0.010081768207872863,0.9999551302038502,0.9992517054818951,0.010383280270646039
1893,3.4011442103967075e-08,3.2720768148789493e-12,16.830278049337036,0.5051096340860328,0.9899377630370408,0.010062236962959124,0.9999550862755568,0.9992514286364025,0.010373746625354743
1894,3.4011442103967075e-08,2.8996676782251406e-12,16.8316635287909,0.5051701809452653,0.9899467474097012,0.010053252590298805,0.9999552533591693,0.9992511189660438,0.010395235769968944
1895,3.4011442103967075e-08,3.75316142953602e-12,16.82731704465798,0.5051729153195533,0.9899554713657627,0.010044528634237335,0.9999547047762651,0.9992466325995466,0.010433473016188308
1896,3.4011442103967075e-08,3.696169956939642e-12,16.8236420823609,0.5051945298972579,0.9899632838637281,0.010036716136271839,0.9999550748880924,0.9992510311624928,0.010411852297710019
1897,3.4011442103967075e-08,4.542701712770115e-12,16.818297926372136,0.5051696601120677,0.9899630234471293,0.01003697655287069,0.9999551334254002,0.9992509443003365,0.0104391747883614
1898,3.4011442103967075e-08,4.316410107468806e-12,16.811133036014045,0.5051359361625166,0.9899575546985535,0.010042445301446537,0.9999554567533832,0.9992559828124774,0.010430346709639455
1899,3.4011442103967075e-08,3.7143813105022875e-12,16.806640168264327,0.5051605455311079,0.9899725286529873,0.01002747134701267,0.9999553202653004,0.9992552643858643,0.010384636772039504
1900,3.4011442103967075e-08,2.8012974855104076e-12,16.807246124896785,0.5051770819851349,0.9899804713592523,0.01001952864074775,0.9999557416422721,0.999260825044259,0.010374132076102294
1901,3.4011442103967075e-08,3.2589136290771037e-12,16.805868038001112,0.5051550767825321,0.9899897161485114,0.010010283851488581,0.9999560660159046,0.9992608366718329,0.01040517494311088
1902,3.4011442103967075e-08,3.678231250260354e-12,16.801017443091933,0.5051505194920523,0.9900117213511143,0.009988278648885768,0.9999560671883417,0.999261591506589,0.01036743859940382
1903,3.4011442103967075e-08,3.4767176512296383e-12,16.799114672623624,0.505138800745104,0.9900140651005038,0.00998593489949612,0.9999559262437686,0.9992597492194618,0.010387712969138825
1904,3.4011442103967075e-08,4.1052070872089e-12,16.79439550783542,0.5051183580420943,0.9900282578051411,0.009971742194858803,0.9999558338876104,0.9992594337464147,0.010410033553032987
1905,3.4011442103967075e-08,2.8728040110142947e-12,16.79585118734908,0.5051338528297258,0.9900472682168573,0.009952731783142765,0.999956088612087,0.9992628516534481,0.010312755050764635
1906,3.4011442103967075e-08,2.8988985050078096e-12,16.795651498128205,0.5051076809615415,0.9900570338393141,0.009942966160685896,0.9999562986041518,0.9992663917018543,0.010270222829623189
1907,3.4011442103967075e-08,4.103768906145021e-12,16.788689952931534,0.5050818997182552,0.9900605494633986,0.009939450536601422,0.9999568740401938,0.9992687003923648,0.01028940749844495
1908,3.4011442103967075e-08,2.8183191373081655e-12,16.78969248542222,0.5051455715766741,0.990064065087483,0.00993593491251695,0.9999572527076,0.9992739741394123,0.010260494190090553
1909,3.4011442103967075e-08,3.251576162407907e-12,16.785198725489188,0.5051515611584476,0.9900755234178324,0.009924476582167557,0.99995682653965,0.9992709217777492,0.01027333152773124
1910,3.4011442103967075e-08,4.523811700260165e-12,16.777318563162208,0.5051695299037683,0.9900835963323968,0.009916403667603211,0.9999570275192926,0.9992704860605754,0.01029774009848186
1911,3.4011442103967075e-08,3.6223841527891635e-12,16.773197400818958,0.5051463528264706,0.9900906275805658,0.009909372419434266,0.9999568310744591,0.9992682845438835,0.010323338991612144
1912,3.4011442103967075e-08,3.141310452313394e-12,16.771994598737805,0.5051988267711388,0.9901070338262933,0.009892966173706726,0.9999563056080305,0.9992656666489793,0.010312116638481304
1913,3.4011442103967075e-08,3.3692530006694187e-12,16.769143550319455,0.5051764309436377,0.9901292994454949,0.009870700554505065,0.9999559788954064,0.9992652014840624,0.010251852136490403
1914,3.4011442103967075e-08,3.6272158504435207e-12,16.76359624847678,0.5052096340599911,0.9901342473608731,0.009865752639126917,0.9999557994052812,0.9992661220424531,0.010229780329611343
1915,3.4011442103967075e-08,3.5014315331871498e-12,16.75951814876359,0.5051999986458336,0.9901550806887811,0.00984491931121893,0.9999558337830826,0.99926577866647,0.01021231801336504
1916,3.4011442103967075e-08,3.5212537844508656e-12,16.75524208846161,0.5051740871942482,0.9901704452681133,0.009829554731886788,0.9999561026044942,0.9992638505099108,0.010246672936750776
1917,3.4011442103967075e-08,4.4011117181280535e-12,16.74910377450678,0.5051096340860328,0.9901671900606276,0.009832809939372411,0.9999562464583207,0.9992662356953671,0.010199867198553965
1918,3.4011442103967075e-08,3.549837382915158e-12,16.744883429044584,0.5051916653146705,0.9901664088108311,0.009833591189168961,0.9999560754202557,0.9992655742397446,0.010256951700883412
1919,3.4011442103967075e-08,2.849154580259978e-12,16.743932993680406,0.5051670559460791,0.9901692733934184,0.009830726606581613,0.9999560208093783,0.9992635921035722,0.01028669054676473
1920,3.4011442103967075e-08,3.684798708280939e-12,16.742632348085028,0.5052347642617802,0.9901671900606276,0.009832809939372411,0.9999558292788676,0.9992634485941128,0.010327533644559996
1921,3.4011442103967075e-08,3.5544385437349174e-12,16.735852854996356,0.5051964830217492,0.990160289020758,0.009839710979241932,0.999956259545963,0.9992675630558772,0.010308155694473957
1922,3.4011442103967075e-08,3.174802191935994e-12,16.732970502796487,0.5051921861478682,0.9901803410988695,0.009819658901130495,0.9999564144043169,0.999272397704018,0.010211579008642899
1923,3.4011442103967075e-08,5.551579975619271e-12,16.719817240472192,0.5051807278175188,0.9901903671379252,0.009809632862074775,0.9999562726976202,0.999270753517048,0.010234496867063628
1924,3.4011442103967075e-08,4.497604537995388e-12,16.711822179319046,0.5051670559460791,0.9902006535935798,0.009799346406420207,0.9999562631776208,0.9992707495484332,0.010179530621069336
1925,3.4011442103967075e-08,4.8796303660125785e-12,16.70641908760351,0.5052389309273617,0.9901984400524896,0.00980155994751043,0.9999564567148364,0.9992743121739004,0.010225822020360171
1926,3.4011442103967075e-08,3.2602680567950338e-12,16.702300630782606,0.5052700507109243,0.9902201848384935,0.009779815161506469,0.9999566914796812,0.9992726969473562,0.010202946692401947
1927,3.4011442103967075e-08,3.5738616707676808e-12,16.697831917638634,0.505282811124268,0.9902292994194533,0.009770700580546724,0.9999565797417177,0.9992715993299514,0.010230884782420787
1928,3.4011442103967075e-08,3.2710152989617143e-12,16.69630125770663,0.5052519517573042,0.9902440129572883,0.009755987042711708,0.9999567163532995,0.999271982034556,0.0102059325651404
1929,3.4011442103967075e-08,3.055688683534449e-12,16.69542724853618,0.5052468736336266,0.9902618514943095,0.009738148505690493,0.999956843077191,0.9992750619033814,0.01014288967438647
1930,3.4011442103967075e-08,5.255382191932978e-12,16.684209558438116,0.5052946600795156,0.9902625025358066,0.009737497464193369,0.9999575688262776,0.9992838650624134,0.01008971759264558
1931,3.4011442103967075e-08,4.830648702697058e-12,16.675243293169977,0.5052964829957075,0.9902792994064324,0.009720700593567553,0.9999575258017435,0.9992854337146387,0.010030093368947453
1932,3.4011442103967075e-08,3.931300966463383e-12,16.671613114342993,0.5052570298809818,0.9902781275317376,0.009721872468262378,0.9999578153319378,0.9992898397268566,0.010007942084861266
1933,3.4011442103967075e-08,3.212111224627789e-12,16.67110107615654,0.5052682277947323,0.990269663992275,0.009730336007724999,0.9999570577261527,0.9992851744671583,0.009977320991687032
1934,3.4011442103967075e-08,4.78249891542548e-12,16.66147227164624,0.5053093736173506,0.9902899764869852,0.00971002351301471,0.9999571444592452,0.9992867719019,0.009977789200569655
1935,3.4011442103967075e-08,3.296651354984684e-12,16.660197495523068,0.5053071600762604,0.9902937525276686,0.009706247472331387,0.9999570830269566,0.9992823571554508,0.010043898895586083
1936,3.4011442103967075e-08,3.5283307219054933e-12,16.6597639889149,0.5053352850689362,0.9903078150240066,0.009692184975993496,0.9999570312996475,0.9992819635111481,0.010044522713267369
1937,3.4011442103967075e-08,3.5551438136667422e-12,16.65505603376192,0.5052735663350088,0.9902963566936571,0.009703643306342888,0.9999566126817248,0.9992782441941358,0.010110173239507976
1938,3.4011442103967075e-08,4.692459157830016e-12,16.644282383877176,0.5052951809127133,0.9903244816863329,0.009675518313667105,0.9999563493801344,0.9992764840888296,0.010117581149247443
1939,3.4011442103967075e-08,3.357029532249719e-12,16.642221769504907,0.505247264258525,0.9903285181436151,0.009671481856384933,0.9999562608251935,0.9992746769919394,0.01014375144965276
1940,3.4011442103967075e-08,3.1990103622499874e-12,16.640569379715775,0.505185675732897,0.990319924395853,0.009680075604146979,0.9999567506616746,0.9992809602288477,0.010091166418766439
1941,3.4011442103967075e-08,9.701125515317242e-12,16.60779569552834,0.50517591011044,0.9903311223096035,0.009668877690396436,0.9999563044052597,0.9992790349567879,0.010069769397328105
1942,3.4011442103967075e-08,2.9691516215771935e-12,16.60861438653828,0.505217576766256,0.9903369816830777,0.009663018316922314,0.9999566738233626,0.9992823344642919,0.010081590031771278
1943,3.4011442103967075e-08,3.1542506240562594e-12,16.60672722368282,0.5052917954969283,0.9903510441794156,0.009648955820584422,0.999956891860306,0.9992835394522911,0.010082711816127295
1944,3.4011442103967075e-08,4.098869667696127e-12,16.596389109547342,0.5052496080079146,0.9903536483454041,0.009646351654595924,0.9999567917653082,0.9992831844883584,0.010060647307767111
1945,3.4011442103967075e-08,5.312803271205859e-12,16.58409529113663,0.505269660086026,0.9903653670923523,0.00963463290764768,0.9999564167418327,0.9992799704791971,0.010058304705713034
1946,3.4011442103967075e-08,4.375197326789201e-12,16.57631913460921,0.505296613204007,0.9903639348010587,0.009636065198941354,0.9999566578387046,0.9992840062257204,0.010058089746123215
1947,3.4011442103967075e-08,3.1815362535013247e-12,16.575711977177406,0.505267186128337,0.9903675806334425,0.009632419366557456,0.9999576424059008,0.9992918926133979,0.009977487781420564
1948,3.4011442103967075e-08,4.059000541862544e-12,16.56880785856826,0.5052217434318377,0.990372007715623,0.00962799228437701,0.9999575726818332,0.9992918569134572,0.009992727732475126
1949,3.4011442103967075e-08,3.4882429728425944e-12,16.567421873413206,0.5052570298809818,0.9903747420899109,0.009625257910089086,0.9999579073426746,0.99929469695034,0.009982113699958437
1950,3.4011442103967075e-08,3.164824071828066e-12,16.56669591775474,0.5052205715571428,0.9903860702119609,0.009613929788039119,0.999957910869074,0.9992935474048166,0.00995715018741647
1951,3.4011442103967075e-08,3.135231305298819e-12,16.565119786380425,0.5051818996922136,0.9903800806301873,0.009619919369812664,0.9999575568726858,0.9992862400227112,0.010056216254327321
1952,3.4011442103967075e-08,3.62859714728813e-12,16.55983174552691,0.505201300728828,0.9904108097888517,0.009589190211148383,0.9999576097571538,0.999286847039788,0.010020620121553626
1953,3.4011442103967075e-08,3.704358095829537e-12,16.555358305198194,0.5051701809452653,0.9904153670793315,0.009584632920668511,0.9999574686654947,0.9992855322507608,0.010046741908980049
1954,3.4011442103967075e-08,4.4265043664643865e-12,16.548279088248194,0.5051626288638987,0.9904123722884447,0.009587627711555283,0.9999572635823795,0.9992870459027591,0.010020086379252242
1955,3.4011442103967075e-08,3.1294962715748234e-12,16.54700759167761,0.5052385403024635,0.9904375024902338,0.009562497509766274,0.9999580517000675,0.9992952382055231,0.009957652003425839
1956,3.4011442103967075e-08,4.372919057609394e-12,16.538107989573962,0.5052295559298031,0.9904466170711935,0.009553382928806529,0.9999577849190858,0.9992930342482547,0.009945674654254534
1957,3.4011442103967075e-08,4.605592005578564e-12,16.528881986348768,0.5051873684407895,0.9904647160248136,0.009535283975186465,0.9999578775287052,0.9992969881577586,0.009878409538337617
1958,3.4011442103967075e-08,3.812762248934361e-12,16.52629949292719,0.5051537746995378,0.9904459660296964,0.009554033970303653,0.9999581277896588,0.9992996452187823,0.009891331591182467
1959,3.4011442103967075e-08,3.3522600716799246e-12,16.524415164394366,0.5051951809387549,0.9904703149816888,0.009529685018311192,0.9999574200286044,0.9992926016485576,0.009886598140971037
1960,3.4011442103967075e-08,3.6881582044415436e-12,16.519830628955475,0.5051395819949005,0.9904733097725755,0.00952669022742442,0.9999578946641599,0.9992989305549995,0.009828959675240202
1961,3.4011442103967075e-08,3.223413133403789e-12,16.519581844118125,0.5052266913472158,0.9904917993510939,0.009508200648906081,0.9999581516198885,0.9993031589453211,0.009830357287836234
1962,3.4011442103967075e-08,3.477954816028699e-12,16.516032260888025,0.5051967434383481,0.9905016951818502,0.009498304818149787,0.9999581859627085,0.9993029455967259,0.009835750405109549
1963,3.4011442103967075e-08,3.709191783327668e-12,16.51202008704846,0.5052011705205285,0.9905112003877082,0.009488799612291767,0.9999585443798077,0.9993061117326528,0.009827642219250896
1964,3.4011442103967075e-08,3.9818358059162634e-12,16.50677256201374,0.5051980455213423,0.9905067733055278,0.009493226694472215,0.9999588781191918,0.9993091027061606,0.009797559144807347
1965,3.4011442103967075e-08,4.265643944582506e-12,16.49736333682232,0.5051757799021407,0.9905235701761536,0.0094764298238464,0.9999593381813641,0.9993114662899325,0.009806928728642191
1966,3.4011442103967075e-08,3.4445541957243716e-12,16.494078422528315,0.5050921861739098,0.9905356795480001,0.009464320451999882,0.9999594536609845,0.9993142039245854,0.009748401156882757
1967,3.4011442103967075e-08,3.108238738213632e-12,16.491850728740065,0.5051308580388391,0.9905354191314013,0.009464580868598731,0.9999594356085064,0.9993146959624539,0.009718519783430236
1968,3.4011442103967075e-08,2.9846807694831195e-12,16.49299581393311,0.5051583319900177,0.9905319035073168,0.009468096492683205,0.9999594576800207,0.9993158432979468,0.009712751969688712
1969,3.4011442103967075e-08,2.8886580236512844e-12,16.493950906173403,0.5051295559558449,0.9905505232941345,0.00944947670586544,0.9999588452854103,0.9993114126647199,0.009767335880089904
1970,3.4011442103967075e-08,2.7519488217788e-12,16.496896867762434,0.5051458319932729,0.9905511743356317,0.009448825664368317,0.9999586989057404,0.9993077079347308,0.009791658591689578
1971,3.4011442103967075e-08,3.3767362254529584e-12,16.494392255261843,0.5051571601153229,0.9905729191216357,0.009427080878364354,0.9999590993163406,0.9993111735059611,0.009722697182527756
1972,3.4011442103967075e-08,3.400903573497716e-12,16.49277618824622,0.5051072903366431,0.9905798201615051,0.009420179838494833,0.9999587574745779,0.9993081535105838,0.009736041635620859
1973,3.4011442103967075e-08,3.2504036561457093e-12,16.489944981947108,0.5050811184684587,0.9905733097465339,0.00942669025346608,0.9999591453105953,0.9993110800335097,0.009775739147527605
1974,3.4011442103967075e-08,5.411710039122345e-12,16.479205446836716,0.5051218736661788,0.9905841170353862,0.009415882964613811,0.9999588744824588,0.9993084649472604,0.009781154861293438
1975,3.4011442103967075e-08,4.177207754473527e-12,16.473172050135915,0.5051458319932729,0.9905864607847759,0.009413539215224163,0.9999584999611401,0.9993063384787642,0.009820522968845054
1976,3.4011442103967075e-08,3.954751044237641e-12,16.465033877652434,0.5051277330396529,0.9906083357790793,0.009391664220920776,0.9999585825234774,0.999308801919106,0.009756414726606882
1977,3.4011442103967075e-08,3.4932331831845643e-12,16.46211118681204,0.5051217434578793,0.9906373722298509,0.009362627770149018,0.9999587731162084,0.9993106338664398,0.009726944846586323
1978,3.4011442103967075e-08,3.9065400117529356e-12,16.45839335628923,0.5051808580258182,0.9906412784788338,0.00935872152116627,0.9999588104227084,0.9993127089042111,0.009714848385327601
1979,3.4011442103967075e-08,3.1193666046106396e-12,16.455240606468344,0.5051835924001061,0.990649351393398,0.009350648606601925,0.9999588766625895,0.9993128687230778,0.00970177742032222
1980,3.4011442103967075e-08,3.5402591652429612e-12,16.45372604178399,0.5052225246816342,0.9906523461842849,0.009347653815715153,0.9999591388532285,0.999313525818906,0.009714502674406067
1981,3.4011442103967075e-08,3.711481105399541e-12,16.45003221640978,0.5052308580127974,0.9906613305569452,0.009338669443054833,0.9999592275412059,0.9993139832512764,0.009705386985301793
1982,3.4011442103967075e-08,3.468579697804925e-12,16.444230059894306,0.5051955715636532,0.9906678409719164,0.009332159028083587,0.9999591258142904,0.9993108627467887,0.009745372165731644
1983,3.4011442103967075e-08,5.107396812372814e-12,16.431237155650848,0.5052403632186554,0.9906580753494596,0.009341924650540456,0.9999594147219729,0.9993142693618902,0.009756659537067858
1984,3.4011442103967075e-08,3.5140261552926262e-12,16.43000717730122,0.5052273423887129,0.99067383055369,0.00932616944631004,0.9999592930105474,0.9993175376202912,0.009664066198521191
1985,3.4011442103967075e-08,3.0468519780207182e-12,16.429382673966057,0.5052740871682064,0.9906847680508416,0.009315231949158346,0.9999592041035269,0.9993174020195508,0.009623401656039669
1986,3.4011442103967075e-08,3.070028597228166e-12,16.43102652556093,0.5052380194692657,0.9907074242949416,0.00929257570505841,0.9999588594413407,0.9993155405015672,0.009616174120002034
1987,3.4011442103967075e-08,3.757611288636452e-12,16.426198675696128,0.5052329413455882,0.9907044295040548,0.009295570495945184,0.9999587749919407,0.9993176756161339,0.00961054021141122
1988,3.4011442103967075e-08,3.1883008765899984e-12,16.42429985438276,0.5051837226084056,0.9907348982461203,0.009265101753879752,0.9999582410678429,0.9993136885311399,0.009605730235038658
1989,3.4011442103967075e-08,4.001026340695867e-12,16.419639008913787,0.5051302069973419,0.9907246117904657,0.009275388209534321,0.999957932249589,0.9993112076282595,0.009665337498690389
1990,3.4011442103967075e-08,3.765055797008735e-12,16.417592654354458,0.5051218736661788,0.9907464867847691,0.009253513215230933,0.9999579655331485,0.9993118151639593,0.009633536707527823
1991,3.4011442103967075e-08,4.130512023381102e-12,16.411567829821937,0.5051921861478682,0.9907494815756558,0.00925051842434416,0.9999579532280535,0.9993113756278552,0.009666406112777982
1992,3.4011442103967075e-08,3.778406549991268e-12,16.40499789398012,0.5051936184391619,0.9907681013624736,0.009231898637526397,0.9999581611118625,0.9993123754594394,0.00966570518799057
1993,3.4011442103967075e-08,3.704438970158036e-12,16.398520852776638,0.505266274670241,0.9907671899043776,0.00923281009562237,0.999958961886582,0.9993162390964513,0.00963973021095585
1994,3.4011442103967075e-08,3.712157634750857e-12,16.39376570352858,0.5052326809289893,0.9907539086578363,0.009246091342163714,0.9999592435767586,0.9993185834190299,0.009649700887838848
1995,3.4011442103967075e-08,5.063358287545558e-12,16.384332047322896,0.5052769517507938,0.9907628930304966,0.009237106969503393,0.9999596045739312,0.9993214354613992,0.009606111745998631
1996,3.4011442103967075e-08,3.2495562956640437e-12,16.38406304886822,0.5052377590526669,0.9907904971899747,0.00920950281002531,0.999959744655966,0.9993227385181286,0.009614341180181453
1997,3.4011442103967075e-08,4.911619093207948e-12,16.37506420964608,0.505233201762187,0.9907868513575908,0.009213148642409208,0.9999591040595283,0.9993190569941862,0.00961007636955814
1998,3.4011442103967075e-08,3.646497504743236e-12,16.373471810510896,0.5052238267646284,0.9907902367733759,0.00920976322662416,0.9999596154856882,0.9993243232187441,0.00959984820480147
1999,3.4011442103967075e-08,4.117659374805726e-12,16.367963142634107,0.5052486965498186,0.9907929711476637,0.009207028852336237,0.9999594569024174,0.9993252035040832,0.009602623214309039
2000,3.4011442103967075e-08,3.3369381060646074e-12,16.365220795485445,0.5052443996759376,0.9908061221859057,0.00919387781409432,0.9999590575752604,0.9993241946746582,0.009623810073165836
2001,3.4011442103967075e-08,4.194686265055066e-12,16.359817218705075,0.5052510402992083,0.9908001326041321,0.009199867395867865,0.9999592357637175,0.9993265879748967,0.009577582884203689
2002,3.4011442103967075e-08,3.86922474914411e-12,16.35547412091461,0.5052451809257341,0.9908196638490459,0.009180336150954127,0.9999594907615972,0.9993268371342486,0.009603750201138296
2003,3.4011442103967075e-08,3.3592014711539306e-12,16.352493637433824,0.5052096340599911,0.9908312523876946,0.009168747612305309,0.9999594309820402,0.9993243067966546,0.009578874503837608
2004,3.4011442103967075e-08,3.9865805873905824e-12,16.349210691447674,0.505191535106371,0.990845445092332,0.009154554907667993,0.9999596034945712,0.9993243486631537,0.009538776913619975
2005,3.4011442103967075e-08,3.668147822622174e-12,16.345291308868195,0.5052252590559221,0.990854038840094,0.009145961159905947,0.999960257920297,0.9993289457692097,0.009491560606155084
2006,3.4011442103967075e-08,3.93361498413976e-12,16.340399983873162,0.5052016913537262,0.9908703148775222,0.009129685122477832,0.9999604546276404,0.9993303304964947,0.009509136628892276
2007,3.4011442103967075e-08,4.0379599942152924e-12,16.332983010640714,0.5050709622211036,0.9908701846692227,0.009129815330777257,0.9999601157540317,0.9993298546552918,0.009507706140168977
2008,3.4011442103967075e-08,4.022545285017876e-12,16.328188568615293,0.505078123677572,0.9908842471655607,0.009115752834439366,0.9999604832275257,0.9993352528777227,0.009466033904472879
2009,3.4011442103967075e-08,3.168633594035649e-12,16.327677887454364,0.5051114570022247,0.99087760654229,0.009122393457710038,0.9999611058661538,0.9993390992613702,0.009497538319722935
2010,3.4011442103967075e-08,3.49421324921663e-12,16.324459469955688,0.5050945299232995,0.9908865909149502,0.009113409085049717,0.9999610166499461,0.9993383407756617,0.009509463099869421
2011,3.4011442103967075e-08,3.252238631437647e-12,16.323214234734273,0.5050359361885582,0.9908811221663745,0.009118877833625564,0.9999605768739193,0.9993327857728941,0.009540805420908436
2012,3.4011442103967075e-08,3.124078870442578e-12,16.32391289267937,0.5050933580486047,0.9908951846627123,0.009104815337287672,0.9999605312513618,0.999332059360946,0.009549510504929368
2013,3.4011442103967075e-08,3.4880936603166326e-12,16.322159725327975,0.5050240872333106,0.9908977888287008,0.009102211171299173,0.9999598820558498,0.9993279999391593,0.009590040496762339
2014,3.4011442103967075e-08,4.24220550898757e-12,16.317736929203075,0.5050979153390845,0.9909152367408237,0.009084763259176235,0.9999600770936377,0.999330807788141,0.009474859366408676
2015,3.4011442103967075e-08,4.485059500829997e-12,16.3094884596604,0.5051585924066165,0.9909250023632806,0.009074997636719366,0.9999599636658859,0.9993327182264824,0.009411659844899044
2016,3.4011442103967075e-08,3.652379941289825e-12,16.304915235581042,0.5050800768020633,0.9909363304853306,0.009063669514669397,0.9999596490200259,0.9993284585581962,0.009455842185700097
2017,3.4011442103967075e-08,3.846253086028127e-12,16.300352707730397,0.5050954413813955,0.9909462263160869,0.009053773683913103,0.9999595431211937,0.9993275412893134,0.00948300663286944
2018,3.4011442103967075e-08,4.251909769903949e-12,16.294187962565292,0.5051016913797679,0.9909687523518874,0.009031247648112592,0.9999596775523684,0.9993283056173694,0.009458589660972551
2019,3.4011442103967075e-08,3.6797916164370406e-12,16.289959066909613,0.5050553372251726,0.990967710685492,0.009032289314507991,0.9999602356834788,0.999331827887605,0.009463235132763974
2020,3.4011442103967075e-08,3.978253984401409e-12,16.284247848236948,0.505138800745104,0.9909858096391121,0.009014190360887927,0.9999602954954906,0.9993336871946032,0.009413183366143484
2021,3.4011442103967075e-08,3.5280508065430755e-12,16.282883415031467,0.5051281236645512,0.9909765648498529,0.009023435150147096,0.9999609614938719,0.9993402475896179,0.009408830933040135
2022,3.4011442103967075e-08,3.8516343625776495e-12,16.27770786317614,0.5051230455408735,0.9909778669328472,0.009022133067152847,0.9999613055265597,0.999341148171363,0.00941663743576217
2023,3.4011442103967075e-08,3.347392498375018e-12,16.276622472869665,0.5050861965921363,0.9910100283828052,0.008989971617194892,0.9999611753152289,0.9993427673686068,0.009353240118154556
2024,3.4011442103967075e-08,3.0850139278738208e-12,16.277321890854786,0.5050695299298099,0.9910208356716573,0.008979164328342623,0.9999611085176183,0.9993408694028889,0.009365903632456178
2025,3.4011442103967075e-08,3.2987027860287778e-12,16.2764652887988,0.5050993476303782,0.9910270856700297,0.008972914329970227,0.9999609266348856,0.9993405128839549,0.009362743058736194
2026,3.4011442103967075e-08,3.1866580809168938e-12,16.27690232164283,0.5051217434578793,0.9910140648400872,0.008985935159912719,0.9999610869618016,0.999341825530043,0.009328515043529523
2027,3.4011442103967075e-08,3.4059731200448748e-12,16.274853741594523,0.505123175749173,0.9910244815040413,0.008975518495958726,0.9999610846468013,0.9993483347282804,0.009234508792059202
2028,3.4011442103967075e-08,3.7697217692321985e-12,16.272528944553837,0.5051294257475454,0.9910404971248705,0.00895950287512946,0.9999609967845449,0.9993494996538678,0.009187456853118918
2029,3.4011442103967075e-08,3.6248703202821474e-12,16.27092302179042,0.5051570299070235,0.9910322940020068,0.00896770599799323,0.9999614380451739,0.9993537747859034,0.0092171643928506
2030,3.4011442103967075e-08,5.197098885484398e-12,16.26029233858694,0.5051736965693499,0.99105872628679,0.00894127371320997,0.9999611981521729,0.999351947381058,0.00918629209165505
2031,3.4011442103967075e-08,3.4679644510591553e-12,16.257077170728696,0.5052085923935957,0.9910665387847555,0.008933461215244475,0.9999606715027686,0.9993450861168987,0.009260376385939248
2032,3.4011442103967075e-08,4.012802675645896e-12,16.25146497088786,0.505235936136475,0.9910783877400032,0.008921612259996808,0.9999608284196297,0.9993457418127859,0.009266094728320197
2033,3.4011442103967075e-08,7.13120382002116e-12,16.231253116160065,0.5051376288704091,0.9910790387815003,0.008920961218499683,0.9999614878727398,0.9993484235374214,0.009285271141196441
2034,3.4011442103967075e-08,3.505354582401531e-12,16.22725142812858,0.5051427069940867,0.9910808616976923,0.008919138302307734,0.9999613640432553,0.999351338094176,0.00923214433289827
2035,3.4011442103967075e-08,3.984289984646029e-12,16.22300766220223,0.5051707017784631,0.9910799502395963,0.008920049760403708,0.9999613597856637,0.9993519725825682,0.009247425980370129
2036,3.4011442103967075e-08,3.676882739081393e-12,16.21879695519989,0.5051772121934344,0.991086590862867,0.008913409137133036,0.999961759231782,0.9993559467243731,0.00920631272988037
2037,3.4011442103967075e-08,2.943223374929295e-12,16.219570459233577,0.5051623684472999,0.9910826846138843,0.008917315386115785,0.9999620773484972,0.9993575704393376,0.009203021055545511
2038,3.4011442103967075e-08,2.8889191516841612e-12,16.22160733474437,0.5051601549062097,0.9911048200247865,0.008895179975213548,0.9999616749168093,0.9993550059566925,0.009194234032890224
2039,3.4011442103967075e-08,3.519326071704302e-12,16.219131985647685,0.5051490872007586,0.9911123721061531,0.008887627893846903,0.9999621234034222,0.9993586725650198,0.009154635323987383
2040,3.4011442103967075e-08,3.932693374882772e-12,16.216095702438185,0.5051175767922977,0.9911229189784065,0.008877081021593484,0.999961951573714,0.9993569594448856,0.009162988176619312
2041,3.4011442103967075e-08,4.9263652513506396e-12,16.20741936402525,0.5051591132398142,0.9911367210581455,0.008863278941854442,0.9999617181065362,0.9993542838413432,0.009190463902610128
2042,3.4011442103967075e-08,5.58683290016721e-12,16.19568893328069,0.505138800745104,0.9911412783486254,0.00885872165137457,0.9999615192945357,0.9993517495497917,0.009214157539906623
2043,3.4011442103967075e-08,4.7396819122806684e-12,16.18724538841636,0.5051121080437219,0.9911455752225065,0.008854424777493548,0.9999612569921138,0.9993460397809204,0.009277377350792506
2044,3.4011442103967075e-08,3.1881108441498066e-12,16.18583172790843,0.5051653632381866,0.9911470075138001,0.008852992486199873,0.9999608302955311,0.9993443908500176,0.009267422273358819
2045,3.4011442103967075e-08,2.883057959768679e-12,16.18575425117143,0.5051449205351769,0.9911561220947599,0.00884387790524013,0.9999613778578778,0.9993513114212499,0.009214449463342055
2046,3.4011442103967075e-08,3.826288455064071e-12,16.182960828980956,0.5051812486507165,0.9911549502200651,0.008845049779934952,0.9999612857334921,0.9993525953068277,0.009198027936765097
2047,3.4011442103967075e-08,6.851778024247629e-12,16.166911468323946,0.5052351548866784,0.9911649762591208,0.008835023740879234,0.9999619997311375,0.9993586320636811,0.009165392521315053
2048,3.4011442103967075e-08,4.554322316441811e-12,16.15918561452239,0.5051869778158912,0.9911575543860536,0.008842445613946455,0.9999618538171092,0.9993607230547986,0.009159352218940427
2049,3.4011442103967075e-08,3.1866620751278823e-12,16.158061082781014,0.505191535106371,0.9911630231346293,0.008836976865370608,0.9999618118600511,0.9993608056564947,0.009147683301855603
2050,3.4011442103967075e-08,4.0859825158931015e-12,16.152965547392817,0.5051384101202057,0.9911665387587139,0.008833461241286134,0.999962150618884,0.9993624052104233,0.0091670117733525
2051,3.4011442103967075e-08,3.714310622387933e-12,16.147742176002154,0.5051628892804976,0.9911919293771018,0.008808070622898276,0.9999621926285504,0.9993658345882165,0.009129220705327559
2052,3.4011442103967075e-08,3.673166799418747e-12,16.14249098217798,0.5051531236580407,0.9911897158360115,0.0088102841639885,0.9999622103444458,0.9993634388806166,0.00912278816606194
2053,3.4011442103967075e-08,4.732247776468217e-12,16.134313417391745,0.5051652330298873,0.9912082054145298,0.00879179458547016,0.9999618126101492,0.9993600591996109,0.009135100043695693
2054,3.4011442103967075e-08,3.3846583974653778e-12,16.131699800450132,0.5051408840778948,0.9912148460378005,0.008785153962199489,0.9999620783639458,0.9993603345363385,0.009100789484000346
2055,3.4011442103967075e-08,3.758064219018515e-12,16.12833532161979,0.5051160142927046,0.9912225283274666,0.008777471672533418,0.9999616323788448,0.9993565056871522,0.009130785911691162
2056,3.4011442103967075e-08,3.438992729916599e-12,16.126595139995512,0.5051432278272844,0.9912290387424378,0.008770961257562172,0.9999621395690905,0.9993613323511061,0.009111713771480396
2057,3.4011442103967075e-08,3.2446415364934604e-12,16.122653567759627,0.5051151028346086,0.9912522158197354,0.008747784180264536,0.9999619290055932,0.9993614847264832,0.009059134545442831
2058,3.4011442103967075e-08,3.740967475017125e-12,16.11735165693885,0.5051167955425011,0.9912618512338929,0.008738148766107092,0.9999622370354581,0.9993639240496072,0.009022703807840366
2059,3.4011442103967075e-08,3.643105413948022e-12,16.11367230463136,0.5051436184521827,0.9912602887342998,0.008739711265700192,0.9999621800611396,0.9993637983344295,0.009056471254476423
2060,3.4011442103967075e-08,3.2207372295403147e-12,16.11354529501134,0.5051419257442902,0.9912688824820619,0.008731117517938146,0.9999619563721226,0.9993616217081548,0.00907083408500313
2061,3.4011442103967075e-08,2.9528041861215723e-12,16.115412768617183,0.5051445299102787,0.9912602887342998,0.008739711265700192,0.9999616063166051,0.9993571171692438,0.009122200216475715
2062,3.4011442103967075e-08,2.9049823883586593e-12,16.115811843105863,0.5050751288866852,0.9912808616456089,0.008719138354391054,0.9999620616370338,0.9993622026869637,0.009031138796412224
2063,3.4011442103967075e-08,4.021193559758602e-12,16.111535405564478,0.5050812486767582,0.9912649762330791,0.008735023766920895,0.9999617717831203,0.9993581128750808,0.009107978571784721
2064,3.4011442103967075e-08,2.877247718245745e-12,16.11243095475505,0.5050731757621938,0.991286981435682,0.008713018564318083,0.9999611141269386,0.9993522854325398,0.009132584279687059
2065,3.4011442103967075e-08,4.273534367476545e-12,16.104827129726335,0.5050727851372956,0.9912705751899544,0.008729424810045622,0.9999610875507223,0.9993512345494255,0.009177270317034575
2066,3.4011442103967075e-08,5.560703843267606e-12,16.092626196858312,0.5051298163724437,0.9912679710239659,0.008732028976034121,0.9999615410190621,0.999355210600112,0.00915221412870471
2067,3.4011442103967075e-08,3.578712599109559e-12,16.089521983882253,0.5051675767792769,0.9912954449751445,0.008704555024855462,0.9999623118285069,0.99936254856822,0.009130083282931679
2068,3.4011442103967075e-08,3.068529306312176e-12,16.08814615382525,0.5051610663643057,0.9912932314340543,0.008706768565945686,0.999962162134062,0.9993624451747579,0.009108871683850077
2069,3.4011442103967075e-08,3.4321029628859145e-12,16.08712634166835,0.5051141913765127,0.9913029970565111,0.008697002943488817,0.9999622459510178,0.9993641660122773,0.00907778958816392
2070,3.4011442103967075e-08,4.6970689244263455e-12,16.077825068749274,0.5051546861576338,0.991309377263183,0.008690622736816995,0.9999619696883126,0.9993589698409132,0.0091459399956613
2071,3.4011442103967075e-08,3.3960627999239535e-12,16.074912218968926,0.5050985663805817,0.9913337262151755,0.008666273784824536,0.9999618697223825,0.9993569911427205,0.009149073639260555
2072,3.4011442103967075e-08,3.735496843008272e-12,16.07184924939276,0.5050369778549537,0.9913385439222542,0.008661456077745813,0.9999612908184426,0.9993539449608396,0.00911824898005111
2073,3.4011442103967075e-08,3.2452577278182223e-12,16.071056920913556,0.5050455716027157,0.9913320335072829,0.008667966492717059,0.9999616383618538,0.9993562628373525,0.009161702959647642
2074,3.4011442103967075e-08,3.5194027168120195e-12,16.067406012236535,0.5050388007711456,0.9913390647554519,0.008660935244548114,0.9999618628877348,0.9993563044955698,0.009197968045556464
2075,3.4011442103967075e-08,3.184563784414247e-12,16.066355619101277,0.5051020820046661,0.9913475282949145,0.008652471705085494,0.9999615692698308,0.9993589052447074,0.00913352184062523
2076,3.4011442103967075e-08,3.309221746502482e-12,16.065943969195924,0.5050835924261478,0.9913412782965421,0.00865872170345789,0.9999615264204677,0.9993557343721252,0.009190283736625103
2077,3.4011442103967075e-08,2.8434029918976e-12,16.067336397151198,0.505041665353733,0.991344924128926,0.008655075871073992,0.9999620656404389,0.9993601856143091,0.009138925611889429
2078,3.4011442103967075e-08,5.070928124970212e-12,16.058381455678326,0.5050755195115835,0.9913556012094789,0.008644398790521148,0.9999625820410696,0.9993653331723489,0.009081970292073914
2079,3.4011442103967075e-08,3.4383092693471766e-12,16.057525537883418,0.5051141913765127,0.9913612001663541,0.008638799833645877,0.9999629935746899,0.9993683151175435,0.009090019270024029
2080,3.4011442103967075e-08,3.882858366585378e-12,16.052043039669087,0.5051005195050731,0.9913598980833599,0.008640101916640126,0.9999625749471655,0.9993661375830755,0.00910273809771503
2081,3.4011442103967075e-08,2.9871155612629257e-12,16.05359669870933,0.5051374986621098,0.9913610699580547,0.008638930041945301,0.9999624851727625,0.9993652915761253,0.009109516803338743
2082,3.4011442103967075e-08,3.5270251339125373e-12,16.05090376562508,0.5051635403219947,0.9913812522444656,0.008618747755534438,0.9999629249128945,0.9993701134667654,0.009039515934434349
2083,3.4011442103967075e-08,6.28603468517543e-12,16.033462805267945,0.5051772121934344,0.9913954449491029,0.008604555050897121,0.9999628927228502,0.999372230408409,0.009008889939416578
2084,3.4011442103967075e-08,3.857483350444651e-12,16.028069566278244,0.5051623684472999,0.9914054709881586,0.008594529011841403,0.999962824555369,0.999374984780691,0.008993312648004032
2085,3.4011442103967075e-08,3.734357404133244e-12,16.02271428203269,0.5051437486604822,0.9913963564071988,0.008603643592801148,0.999962460121132,0.9993679858872889,0.00909562851161289
2086,3.4011442103967075e-08,3.947172537536693e-12,16.016941525636724,0.50507630076138,0.9914054709881586,0.008594529011841403,0.9999623576288003,0.99936803155646,0.009095567854064745
2087,3.4011442103967075e-08,3.0721379915131915e-12,16.018354018233737,0.505093748673503,0.9914072939043506,0.008592706095649454,0.9999625790313775,0.9993685460100846,0.009070755424094334
2088,3.4011442103967075e-08,3.2243163965765507e-12,16.016290646242847,0.5050318997312762,0.9914338563974332,0.00856614360256677,0.9999626238354958,0.9993687072967556,0.009017960239031335
2089,3.4011442103967075e-08,3.199408824952217e-12,16.017007127834546,0.5050575507662628,0.9914537782672452,0.008546221732754758,0.9999628335229209,0.9993730517956495,0.008937001678349576
2090,3.4011442103967075e-08,5.102153939948345e-12,16.006638438835292,0.5050084622373796,0.9914522157676522,0.008547784232347855,0.9999632732792654,0.9993759454237656,0.008932972421043328
2091,3.4011442103967075e-08,3.597172758453048e-12,16.004933508148742,0.5049714830803429,0.9914601584739171,0.008539841526082935,0.9999634179729512,0.999377035121251,0.00896622875048839
2092,3.4011442103967075e-08,2.694757139772555e-12,16.008217585538603,0.504999087239821,0.991474220970255,0.008525779029745044,0.999963669745768,0.9993798236955941,0.008922144890893675
2093,3.4011442103967075e-08,2.811601742092969e-12,16.00943391391721,0.5049963528655331,0.9914839865927119,0.008516013407288175,0.9999639013951914,0.9993811006646148,0.008941933149217924
2094,3.4011442103967075e-08,3.213080225343142e-12,16.007255931949942,0.5050164049436445,0.9915009136716371,0.008499086328362935,0.9999640855894757,0.9993836813335351,0.008901151629698692
2095,3.4011442103967075e-08,3.137274946443622e-12,16.007698010173637,0.5049324205905155,0.9915092470028003,0.00849075299719974,0.9999640884103806,0.999386516477586,0.008852361288975874
2096,3.4011442103967075e-08,3.999668363939567e-12,16.00326175968233,0.504939321630385,0.9915164084592686,0.00848359154073137,0.9999638663103859,0.9993824500702871,0.008896211041332579
2097,3.4011442103967075e-08,6.887517955621887e-12,15.983175275232396,0.5049320299656171,0.9915075542949078,0.008492445705092264,0.9999640548864487,0.9993838255564359,0.008903173704682084
2098,3.4011442103967075e-08,4.755539622596182e-12,15.97427584617363,0.5049286445498321,0.9915110699189922,0.008488930081007791,0.9999640485164167,0.9993851737105874,0.00887562610863424
2099,3.4011442103967075e-08,3.2676682267787462e-12,15.9751715421228,0.5049126289290029,0.9915174501256641,0.00848254987433597,0.9999636749996615,0.999384361453899,0.008885211314789547
2100,3.4011442103967075e-08,3.870580570416546e-12,15.972489792208318,0.5048876289355133,0.9915338563713916,0.00846614362860843,0.9999639293149926,0.999386914955103,0.008819239918085968
2101,3.4011442103967075e-08,3.5639824731921165e-12,15.97212118661856,0.5048636706084191,0.9915303407473071,0.008469659252692902,0.9999640295517846,0.9993877456864316,0.008819516636810316
2102,3.4011442103967075e-08,3.954402257027635e-12,15.966163745978282,0.504859373734538,0.9915281272062169,0.008471872793783126,0.999964467838532,0.99939233986246,0.008775514966367626
2103,3.4011442103967075e-08,2.82462206049048e-12,15.968507841707032,0.5048493476954824,0.9915447938685432,0.008455206131456736,0.9999646097352415,0.9993961903146413,0.00873236170171265
2104,3.4011442103967075e-08,3.102954045302843e-12,15.967639843470582,0.5048354154074439,0.9915519553250116,0.008448044674988366,0.9999643947816882,0.999396894473931,0.008694254123186715
2105,3.4011442103967075e-08,4.639683247926222e-12,15.959874006373054,0.5048248685351905,0.9915417990776565,0.00845820092234351,0.9999646006688802,0.9994019599013042,0.008700318846437419
2106,3.4011442103967075e-08,6.897632054401526e-12,15.94036523117374,0.5047958320844187,0.9915570334486892,0.008442966551310794,0.9999644922485958,0.9993994376238636,0.008709697363640133
2107,3.4011442103967075e-08,4.54628838415315e-12,15.932228739134633,0.5048555976938548,0.9915556011573955,0.008444398842604468,0.9999640051911682,0.9993981997806907,0.008723605496020213
2108,3.4011442103967075e-08,3.5593641285091e-12,15.931181862535274,0.5048268216596818,0.9915632834470616,0.008436716552938397,0.999964257452653,0.999399543080225,0.00872506274552675
2109,3.4011442103967075e-08,3.736905176143569e-12,15.925598667607868,0.5048510404033749,0.9915786480263937,0.008421351973606257,0.9999641564265864,0.9993981574148503,0.008718305361750153
2110,3.4011442103967075e-08,3.0169554893102124e-12,15.925787419064065,0.5048191393700158,0.991591929272935,0.008408070727064915,0.9999642826662094,0.9993992695668218,0.008676821925005554
2111,3.4011442103967075e-08,3.356243596355808e-12,15.924398300203071,0.504853514361064,0.991606903227369,0.008393096772631049,0.9999643491932982,0.9993981570152879,0.008683959038945071
2112,3.4011442103967075e-08,3.6071027558750655e-12,15.923800646468667,0.5049127591373023,0.9916255230141867,0.008374476985813286,0.9999640715685053,0.9993936219210471,0.00871364584071098
2113,3.4011442103967075e-08,5.32055625358769e-12,15.91316547563218,0.5049229153846575,0.9916233094730965,0.008376690526903508,0.9999641176401209,0.999392926329798,0.008725261383271949
2114,3.4011442103967075e-08,5.488176885589197e-12,15.899830168133377,0.5049372382975942,0.9916292990548701,0.008370700945129962,0.9999644555673053,0.9993955873655432,0.008727052599209103
2115,3.4011442103967075e-08,3.0252373622535768e-12,15.900157765718308,0.5049960924489343,0.9916274761386781,0.008372523861321911,0.9999649001678494,0.9994009272414868,0.00870708897704534
2116,3.4011442103967075e-08,3.725380053676133e-12,15.895074136744684,0.5049773424538171,0.9916183615577183,0.008381638442281656,0.9999649230282411,0.9994034974613164,0.008669942224512716
2117,3.4011442103967075e-08,3.086980997431181e-12,15.89587358552601,0.5049967434904313,0.991615496975131,0.008384503024869004,0.99996457376201,0.9993969129100891,0.008725218816553198
2118,3.4011442103967075e-08,2.7608368512538697e-12,15.899196302249106,0.5049822903691952,0.9916256532224862,0.00837434677751386,0.9999643301293552,0.9993928036375165,0.008742186876982923
2119,3.4011442103967075e-08,3.2811054378135097e-12,15.897744162940649,0.5050475247272072,0.9916488302997838,0.008351169700216224,0.99996471565414,0.9993947915662129,0.008700478656022517
2120,3.4011442103967075e-08,3.1247975320488474e-12,15.899437966964548,0.5049648424570723,0.9916554709230544,0.008344529076945552,0.99996470834767,0.999397630925129,0.008673645382417437
2121,3.4011442103967075e-08,3.0240124518145317e-12,15.899011115395094,0.5050535143089806,0.9916527365487665,0.008347263451233477,0.9999648246131976,0.9993974877390189,0.008726973439492964
2122,3.4011442103967075e-08,3.667776743581411e-12,15.895480675474136,0.5050714830543013,0.991645835508897,0.008354164491102998,0.9999646225878168,0.9993971083773474,0.00870740265329371
2123,3.4011442103967075e-08,3.5749740555680043e-12,15.89235479746826,0.5050721340957984,0.9916634136293193,0.008336586370680632,0.9999646716436724,0.999399795370862,0.008675241780877849
2124,3.4011442103967075e-08,5.425820904310641e-12,15.879731986135415,0.5050102851535716,0.9916566427977492,0.00834335720225073,0.9999643528065505,0.999394147687002,0.008734253639324651
2125,3.4011442103967075e-08,2.9398122142219047e-12,15.879274299080636,0.5050006497394142,0.9916787782086515,0.008321221791348492,0.9999643957166259,0.9993942042287479,0.008714140451561832
2126,3.4011442103967075e-08,3.4938692670841545e-12,15.87817577614445,0.5049897122422624,0.9916787782086515,0.008321221791348492,0.9999641924797611,0.9993934774970817,0.008733635410739257
2127,3.4011442103967075e-08,4.635383157720194e-12,15.868899442598673,0.5049571601674062,0.9916809917497418,0.008319008250258268,0.9999646277221987,0.9993977670062293,0.008717635774991826
2128,3.4011442103967075e-08,5.023118685755694e-12,15.85908453178647,0.5049268216336402,0.9916750021679682,0.008324997832031814,0.9999644896877014,0.9993987730322823,0.008686666917629362
2129,3.4011442103967075e-08,3.077707529751738e-12,15.858581573168484,0.5049449205872603,0.9916937521630854,0.008306247836914625,0.9999648169161455,0.99940451434484,0.008634949999107135
2130,3.4011442103967075e-08,4.0551886865098505e-12,15.853288908301993,0.5048746081055708,0.9917062521598302,0.008293747840169834,0.9999652359308022,0.9994096433417134,0.008600825726220182
2131,3.4011442103967075e-08,3.30836693453214e-12,15.853305232430792,0.5048783841462541,0.9917092469507169,0.00829075304928306,0.9999652974785228,0.999408318074379,0.008597651879681069
2132,3.4011442103967075e-08,3.742670020156975e-12,15.849797631939888,0.5049225247597592,0.9916968771622716,0.008303122837728428,0.9999652511726066,0.999407703732286,0.008625267482052081
2133,3.4011442103967075e-08,3.809510814318858e-12,15.845934122690796,0.5049255195506459,0.9916897157058032,0.008310284294196798,0.9999652535586122,0.9994095291215065,0.008607925814797648
2134,3.4011442103967075e-08,4.1716290755603926e-12,15.839781454927746,0.5049614570412873,0.9917166688237842,0.00828333117621584,0.9999650187788465,0.9994078924799651,0.00858157228455795
2135,3.4011442103967075e-08,3.460691468414531e-12,15.837376376450404,0.5048647122748146,0.9917286479873313,0.008271352012668747,0.9999646988148865,0.9994066238611581,0.008564923677408891
2136,3.4011442103967075e-08,3.2876828034596142e-12,15.83788162337287,0.5048498685286801,0.9917440125666634,0.008255987433336606,0.9999647891458073,0.999406948440391,0.00857952801259218
2137,3.4011442103967075e-08,3.4764217424685674e-12,15.837216855279106,0.5048928372674903,0.9917539083974197,0.008246091602580313,0.9999651415300179,0.9994111722370469,0.00854482400564068
2138,3.4011442103967075e-08,4.9323193666625556e-12,15.827303553803823,0.5049325507988149,0.9917584656878996,0.00824153431210044,0.9999648929047104,0.9994072757730462,0.008551550328189604
2139,3.4011442103967075e-08,2.4516044484510174e-12,15.831570427015555,0.5049266914253407,0.9917529969393237,0.008247003060676286,0.9999648034283402,0.9994051491406086,0.008625873357835516
2140,3.4011442103967075e-08,5.672349139764894e-12,15.8182220383989,0.5049785143285119,0.9917600281874926,0.00823997181250734,0.9999646715174731,0.9994053465213816,0.00860419047705083
2141,3.4011442103967075e-08,5.524498705667053e-12,15.805882136413539,0.5049398424635827,0.9917697938099496,0.00823020619005047,0.9999646283463031,0.9994050290813975,0.00857530013467206
2142,3.4011442103967075e-08,3.264185984806653e-12,15.805142424296697,0.5049459622536556,0.9917593771459955,0.008240622854004466,0.9999647273939608,0.9994053059158806,0.008641642774509888
2143,3.4011442103967075e-08,3.2185873898555463e-12,15.80483918987094,0.5048821601869374,0.991777606307915,0.008222393692084976,0.9999646555642544,0.9994043930326225,0.008640042719944032
2144,3.4011442103967075e-08,4.553388975599595e-12,15.797172581896923,0.5049076810136247,0.9917850281809822,0.008214971819017756,0.9999653052390287,0.9994111553405004,0.008602725942723528
2145,3.4011442103967075e-08,3.3763620648666226e-12,15.796621890543012,0.5049315091324195,0.9917894552631626,0.008210544736837308,0.9999652389834227,0.9994137516036038,0.008566186912332033
2146,3.4011442103967075e-08,4.078977049879174e-12,15.790713153404727,0.5049493476694407,0.9917888042216656,0.008211195778334433,0.9999653997033273,0.9994138801248313,0.008574675382876616
2147,3.4011442103967075e-08,6.217558925672732e-12,15.774243592234175,0.5049929674497481,0.9918027365097041,0.008197263490295967,0.9999654162048145,0.9994139838240984,0.008548938275865054
2148,3.4011442103967075e-08,3.53908086011008e-12,15.77046395013161,0.5049208320518667,0.9918037781760994,0.008196221823900566,0.999965486911913,0.9994147335842701,0.008513492431569831
2149,3.4011442103967075e-08,5.051262259744356e-12,15.762004381069989,0.5048710924814863,0.9918139344234546,0.008186065576545424,0.9999652041728295,0.9994084363497843,0.008515082957477165
2150,3.4011442103967075e-08,4.076841269869858e-12,15.756618187855834,0.5048886706019087,0.9918197937969288,0.008180206203071302,0.9999653079762068,0.9994117913786436,0.008495910630878565
2151,3.4011442103967075e-08,2.9370553896114647e-12,15.756723846056552,0.5048959622666765,0.9918337260849671,0.008166273915032834,0.9999656267235036,0.9994161920711968,0.008419848064614694
2152,3.4011442103967075e-08,4.053212367051702e-12,15.752775220572428,0.5048752591470679,0.9918519552468866,0.008148044753113346,0.9999657772520627,0.9994174392395744,0.00839504329816291
2153,3.4011442103967075e-08,3.4622973077921613e-12,15.753298205058343,0.5048458320713979,0.9918588562867562,0.008141143713243825,0.9999661378239738,0.9994197619046125,0.00839291247646414
2154,3.4011442103967075e-08,3.805563722046852e-12,15.748574258225258,0.5048394518647261,0.9918580750369597,0.008141924963040375,0.9999655221062617,0.9994166583634487,0.008423514432730927
2155,3.4011442103967075e-08,2.8023113478847255e-12,15.749488542331036,0.504811847705248,0.9918622417025412,0.008137758297458777,0.9999652989076384,0.9994155510681133,0.00842913661412533
2156,3.4011442103967075e-08,4.400611137815631e-12,15.742913004477547,0.5048147122878354,0.9918761739905797,0.00812382600942031,0.9999656468888103,0.9994207205528675,0.008429025548119204
2157,3.4011442103967075e-08,3.530930012353585e-12,15.740546990338892,0.5048160143708296,0.9918785177399694,0.008121482260030661,0.9999654154168249,0.9994159549052355,0.008460638893850788
2158,3.4011442103967075e-08,4.5944546784642025e-12,15.731741990070695,0.5048006497914974,0.9918904969035164,0.008109503096483568,0.9999651819669211,0.9994124797960425,0.008456579383699385
2159,3.4011442103967075e-08,3.3982555522068383e-12,15.732269579494156,0.5048562487353518,0.9919054708579503,0.008094529142049703,0.9999647863690592,0.9994087015770028,0.008486765884761611
2160,3.4011442103967075e-08,2.973520368860657e-12,15.732501100705639,0.5047555977198964,0.9919128927310176,0.008087107268982482,0.9999648454353638,0.9994080967835297,0.008508267377719345
2161,3.4011442103967075e-08,4.562555434859348e-12,15.723747497431514,0.5048329414497549,0.991923179186672,0.008076820813327914,0.999964978388286,0.9994098733747911,0.00846399514609016
2162,3.4011442103967075e-08,4.321685943274713e-12,15.7177889386634,0.5048023424993899,0.9919291687684456,0.008070831231554366,0.9999646268453987,0.9994081075576764,0.008448900616842671
2163,3.4011442103967075e-08,3.943512142690825e-12,15.714945624718691,0.5047164050217695,0.9919382833494054,0.008061716650594622,0.999965389471869,0.9994140049807702,0.008413192617173616
2164,3.4011442103967075e-08,3.3865178683459588e-12,15.71465300744915,0.50477968625529,0.9919330750174283,0.00806692498257162,0.9999652453731289,0.9994142016148696,0.008451622505628947
2165,3.4011442103967075e-08,3.803679758080629e-12,15.711407252119923,0.5048486966539852,0.9919438823062806,0.00805611769371935,0.9999650570710465,0.9994153700375489,0.008407805814848686
2166,3.4011442103967075e-08,4.122115889068782e-12,15.705713563600485,0.5048470039460927,0.9919490906382576,0.008050909361742353,0.9999647491853889,0.9994127801104069,0.008424582239968652
2167,3.4011442103967075e-08,3.0237733015603535e-12,15.707111764668312,0.5048820299786381,0.9919636739677933,0.008036326032206763,0.9999652305696132,0.9994148854477655,0.008461523009170873
2168,3.4011442103967075e-08,3.4127675046590604e-12,15.70645813178987,0.5049430976710683,0.9919441427228795,0.008055857277120501,0.9999653103132704,0.9994160943428062,0.008447628029216133
2169,3.4011442103967075e-08,3.6401019638599545e-12,15.704379747260177,0.5049170560111833,0.9919583354275168,0.008041664572483185,0.999965099000917,0.9994160774339168,0.008468046895121237
2170,3.4011442103967075e-08,3.711048958272861e-12,15.69984803008959,0.5049165351779856,0.9919601583437088,0.008039841656291236,0.9999650828912967,0.9994166513899817,0.008461376870061427
2171,3.4011442103967075e-08,4.5116954293975365e-12,15.691210348078124,0.504862108108826,0.9919576843860197,0.008042315613980309,0.9999654513442531,0.9994200550078967,0.008427647248431066
2172,3.4011442103967075e-08,2.860419750508222e-12,15.694000563988771,0.5048209622862078,0.9919660177171828,0.008033982282817114,0.9999655262869523,0.9994194351661582,0.008449289776945512
2173,3.4011442103967075e-08,3.365265755684963e-12,15.69344633451353,0.5048121081218468,0.9919757833396398,0.008024216660360245,0.9999658626021616,0.9994223710624875,0.008406179753512396
2174,3.4011442103967075e-08,3.0216942713427177e-12,15.694796729953977,0.5047927070852325,0.9919765645894363,0.008023435410563695,0.9999658319205336,0.9994219683199057,0.008380479647142237
2175,3.4011442103967075e-08,3.4982683917874295e-12,15.69297153042835,0.5048121081218468,0.9919744812566456,0.008025518743354493,0.999965817963122,0.9994225524077686,0.008410452564123908
2176,3.4011442103967075e-08,2.807190775655403e-12,15.696561196143259,0.5048208320779083,0.9919934916683616,0.008006508331638455,0.999966334928566,0.9994263998744708,0.008381996097111917
2177,3.4011442103967075e-08,3.4181000246968865e-12,15.694314191670339,0.5048730456059777,0.9919967468758472,0.008003253124152832,0.9999663658886503,0.9994293051320985,0.008374737074281541
2178,3.4011442103967075e-08,3.649839910127636e-12,15.689218900630824,0.5048820299786381,0.9920098979140891,0.007990102085910914,0.9999665158007237,0.9994286434346676,0.008350697992454914
2179,3.4011442103967075e-08,3.0585294224442013e-12,15.690873493872878,0.5048292956173709,0.9920153666626649,0.00798463333733507,0.9999662284697522,0.99942514560345,0.008384887653862265
2180,3.4011442103967075e-08,2.9222026908309414e-12,15.692169221774005,0.5048505195701772,0.9920078145812983,0.007992185418701715,0.9999663775336859,0.999425987843949,0.008398325588548403
2181,3.4011442103967075e-08,4.208966613490127e-12,15.686619909826485,0.5048888008102081,0.9920131531215747,0.007986846878425291,0.999966097561451,0.9994238724772051,0.008414252924469609
2182,3.4011442103967075e-08,5.921598755959676e-12,15.668432247028182,0.5049251289257477,0.9920312520751948,0.007968747924805227,0.9999664340863513,0.9994273688472599,0.008337822429083831
2183,3.4011442103967075e-08,4.117001278224142e-12,15.661739464231488,0.50483176957506,0.9920341166577821,0.007965883342217879,0.9999663483112224,0.9994294996785363,0.00832082292356464
2184,3.4011442103967075e-08,3.4390420291512134e-12,15.660699443215284,0.5048348945742462,0.9920427104055441,0.007957289594455835,0.999966178244208,0.9994289810359719,0.008320480204235063
2185,3.4011442103967075e-08,2.9127169004347484e-12,15.661986226242558,0.5048550768606571,0.9920412781142505,0.007958721885749509,0.999966389820157,0.9994290550996622,0.008327986619271354
2186,3.4011442103967075e-08,2.6990552140273285e-12,15.664754294778154,0.5048618476922272,0.9920579447765768,0.007942055223423118,0.9999665699278112,0.9994323338335463,0.008300924981429612
2187,3.4011442103967075e-08,3.4657470578665512e-12,15.66046016214688,0.5049052070559357,0.9920592468595711,0.00794075314042887,0.9999663499206572,0.9994353167246334,0.008268030800251312
2188,3.4011442103967075e-08,2.999696831434087e-12,15.661943522175429,0.5048540351942616,0.9920704447733216,0.007929555226678327,0.9999665079105775,0.9994342751624451,0.008284911978044493
2189,3.4011442103967075e-08,3.731381082474964e-12,15.656978645869518,0.5048076810396664,0.9920746114389033,0.007925388561096728,0.9999664123541294,0.9994332468121571,0.00831141996549448
2190,3.4011442103967075e-08,3.1301695404013638e-12,15.657045558305592,0.5048136706214399,0.9920807312289762,0.007919268771023757,0.9999660519966775,0.9994275774665331,0.008333367133508213
2191,3.4011442103967075e-08,3.748605140950733e-12,15.653226987715021,0.5048248685351905,0.9920848978945579,0.00791510210544216,0.9999664744360038,0.9994330393280467,0.008335139706260613
2192,3.4011442103967075e-08,4.294514382191717e-12,15.646705926257711,0.5048088529143612,0.992074220814005,0.007925779185995003,0.999966234828354,0.999429711714021,0.008322787047173659
2193,3.4011442103967075e-08,2.8575744687287743e-12,15.647760861419908,0.5047669258419464,0.9920902364348343,0.007909763565165739,0.9999661463202958,0.9994294166032991,0.008305465583299913
2194,3.4011442103967075e-08,2.9670125681883096e-12,15.649132897886897,0.5047602852186758,0.9921085958050532,0.007891404194946824,0.9999659300378403,0.9994274589973499,0.008256512258653552
2195,3.4011442103967075e-08,3.529704464244469e-12,15.647458170218544,0.5048269518679813,0.9921110697627422,0.00788893023725775,0.9999655097638263,0.999423263320103,0.008270556342522658
2196,3.4011442103967075e-08,3.780298431276653e-12,15.643788905957852,0.5048298164505687,0.9920967468498055,0.007903253150194493,0.999965487627524,0.9994222017076363,0.008334385127941739
2197,3.4011442103967075e-08,3.881006507990267e-12,15.639100323594953,0.5048704414399892,0.9921145853868267,0.007885414613173278,0.999965644315571,0.9994242062026665,0.008297508000761657
2198,3.4011442103967075e-08,3.659663211061939e-12,15.63881029774398,0.5048261706181847,0.9921101583046463,0.007889841695353726,0.9999663683445195,0.9994263841206882,0.00835648425341604
2199,3.4011442103967075e-08,3.677894969470702e-12,15.637083048405753,0.5048226549941003,0.9921223978847922,0.007877602115207782,0.9999664648107837,0.9994291787503031,0.008307634057904184
2200,3.4011442103967075e-08,3.3785673913649997e-12,15.637128079946521,0.5048490872788836,0.9921096374714485,0.007890362528551425,0.9999666372712539,0.9994299816524017,0.008363076233844415
2201,3.4011442103967075e-08,3.1734971366737198e-12,15.63664491845686,0.5048380195734324,0.9921162780947193,0.007883721905280755,0.999966426241691,0.9994304787780623,0.008322254062215498
2202,3.4011442103967075e-08,4.39351814942388e-12,15.629128555814086,0.5048811185205421,0.9921195333022048,0.007880466697795132,0.999966561008913,0.9994354017445828,0.008290390530276227
2203,3.4011442103967075e-08,3.242130696453852e-12,15.62915301257731,0.504870050815091,0.9921285176748652,0.00787148232513481,0.9999674647601612,0.999443734278651,0.008174020036342202
2204,3.4011442103967075e-08,4.066441182346357e-12,15.624668672450838,0.5048368476987376,0.9921299499661589,0.007870050033841136,0.999967130984234,0.9994403722548366,0.008229919765784362
2205,3.4011442103967075e-08,7.0881267929700894e-12,15.601381403309308,0.5048466133211944,0.9921431010044007,0.00785689899559922,0.9999674461982683,0.9994410345553125,0.008146006634712145
2206,3.4011442103967075e-08,5.914550764240053e-12,15.586152242725769,0.5048183581202192,0.9921494812110726,0.007850518788927398,0.9999672108860486,0.9994397198614425,0.008143789955184035
2207,3.4011442103967075e-08,3.2927696725687e-12,15.583908556832982,0.5048733060225765,0.9921500020442703,0.0078499979557297,0.9999672769696951,0.999441380688,0.008136069293353445
2208,3.4011442103967075e-08,3.5259266453360227e-12,15.582497446803773,0.5048561185270525,0.9921731791215679,0.007826820878432063,0.9999674885460886,0.9994425392522341,0.0081293771333384
2209,3.4011442103967075e-08,3.051464859506759e-12,15.58175416092259,0.5048080716645647,0.9921682312061898,0.00783176879381021,0.9999676984488457,0.99944369380403,0.008131031624667722
2210,3.4011442103967075e-08,4.363692215704618e-12,15.573203847885708,0.5047997383334015,0.9921753926626582,0.00782460733734184,0.999967910665893,0.9994479987822691,0.00811434529563536
2211,3.4011442103967075e-08,3.770810242445099e-12,15.572195181105407,0.5048230456189985,0.9921871114096064,0.007812888590393596,0.9999681299203648,0.9994481489216255,0.008131576015142562
2212,3.4011442103967075e-08,5.056068903598181e-12,15.562730274201625,0.5047600248020768,0.9921804707863358,0.007819529213664267,0.9999681325783409,0.9994495740334457,0.008117117861844693
2213,3.4011442103967075e-08,3.720708553329481e-12,15.56210135144,0.5047730456320194,0.992192189533284,0.007807810466716024,0.9999678845277019,0.9994498240878382,0.008092180129994644
2214,3.4011442103967075e-08,3.2017479327006647e-12,15.562370588073033,0.5048644518582157,0.9921904968253914,0.007809503174608548,0.9999679704365383,0.9994514541613476,0.008071955636144632
2215,3.4011442103967075e-08,2.961772916354468e-12,15.562623046241342,0.504852602902968,0.9921957051573684,0.007804294842631551,0.9999676695519534,0.9994490502191011,0.008097194542077702
2216,3.4011442103967075e-08,3.3540607864841503e-12,15.562842011374105,0.5048182279119198,0.9922071634877179,0.007792836512282159,0.9999677468077817,0.9994475163662843,0.008117671572685987
2217,3.4011442103967075e-08,3.733755226566459e-12,15.559207351495157,0.5048350247825456,0.9922052103632265,0.007794789636773532,0.9999676161806184,0.9994482406366141,0.00810303059127011
2218,3.4011442103967075e-08,3.4368795603671454e-12,15.557181968614303,0.5048136706214399,0.992206903071119,0.007793096928881008,0.9999674438231293,0.9994469280092559,0.008104850912653967
2219,3.4011442103967075e-08,3.1678054900245187e-12,15.557598617962489,0.504837889365133,0.9922167989018753,0.007783201098124714,0.9999673920390406,0.9994451325393883,0.008144436192727105
2220,3.4011442103967075e-08,4.415576277167084e-12,15.551063121700649,0.5048207018696089,0.992217319735073,0.0077826802649270145,0.9999669577258673,0.9994435185636473,0.008189489042068314
2221,3.4011442103967075e-08,4.284946030412437e-12,15.545397156624139,0.5048374987402348,0.992234507230597,0.007765492769402925,0.9999665762495322,0.9994395561098661,0.008146852861892696
2222,3.4011442103967075e-08,4.123787521284417e-12,15.540219803247677,0.5048757799802657,0.9922365905633879,0.0077634094366121256,0.9999668724529858,0.9994416037325055,0.008153921834058659
2223,3.4011442103967075e-08,4.022996629772631e-12,15.534740610135016,0.5048424466556128,0.9922442728530539,0.007755727146946056,0.9999668467342927,0.9994444749569805,0.00813007630924778
2224,3.4011442103967075e-08,3.6388946209223525e-12,15.532789812763548,0.5048309883252634,0.9922333353559023,0.007766664644097749,0.9999668841136663,0.9994439204589106,0.00817873294678667
2225,3.4011442103967075e-08,3.523032908985119e-12,15.52987963774535,0.5048338529078508,0.992231121814812,0.0077688781851879725,0.9999664967861772,0.9994394497735587,0.00819210294049746
2226,3.4011442103967075e-08,2.844984838467733e-12,15.532089360647893,0.5048197904115129,0.9922342468139982,0.007765753186001774,0.9999669023222972,0.9994429799772702,0.008172756714914157
2227,3.4011442103967075e-08,2.652070972035385e-12,15.534745778380373,0.5048489570705841,0.9922550801419062,0.007744919858093787,0.9999670126133912,0.9994439540681567,0.008110821723726416
2228,3.4011442103967075e-08,4.009854132740658e-12,15.531247569315589,0.5048356758240428,0.9922423197285626,0.007757680271437429,0.9999674844190185,0.9994470029811487,0.008120302495763065
2229,3.4011442103967075e-08,3.4210048078428177e-12,15.530696809580963,0.5047825508378774,0.9922738301370234,0.007726169862976598,0.9999679141072937,0.9994487860925216,0.008068658823737732
2230,3.4011442103967075e-08,2.953662239244797e-12,15.532447522185835,0.5048563789436513,0.9922880228416607,0.007711977158339282,0.9999674198332722,0.9994435174495646,0.008126534478535114
2231,3.4011442103967075e-08,6.313881533158502e-12,15.514219343387621,0.5048052070819773,0.9922811218017912,0.007718878198208803,0.9999671544960099,0.99943600766245,0.00824842258280259
2232,3.4011442103967075e-08,4.58919304549916e-12,15.505216768464766,0.5048499987369794,0.9922713561793344,0.007728643820665672,0.9999668475446124,0.9994381946796833,0.008218342075139736
2233,3.4011442103967075e-08,4.4366333527608605e-12,15.498384891905527,0.5048683581071984,0.9922888040914573,0.007711195908542732,0.9999672255941211,0.9994446461056405,0.008107608139944522
2234,3.4011442103967075e-08,3.059992701457247e-12,15.499823648914317,0.5048389310315283,0.9922837259677797,0.007716274032220304,0.999968047354781,0.9994500509779609,0.008130706552273307
2235,3.4011442103967075e-08,7.1425530385393426e-12,15.479207964988401,0.5047990872919044,0.9923027363794957,0.007697263620504265,0.9999675627990845,0.9994479168510938,0.008088039594784862
2236,3.4011442103967075e-08,4.2791849295051786e-12,15.472247880322719,0.5048595039428375,0.9922994811720101,0.007700518827989888,0.9999674931510254,0.9994452254492335,0.008109498702314616
2237,3.4011442103967075e-08,3.611302956157935e-12,15.470255174740494,0.5048598945677358,0.992302215546298,0.007697784453701965,0.9999676593945703,0.9994440205558875,0.008147168455181049
2238,3.4011442103967075e-08,3.614372712265263e-12,15.467746721755693,0.5048361966572404,0.9923122415853538,0.007687758414646246,0.9999677957561897,0.9994443948802278,0.008156916743349979
2239,3.4011442103967075e-08,3.371689101709607e-12,15.465750220112422,0.5048832018533328,0.9923261738733922,0.00767382612660778,0.9999685350931893,0.9994539602227237,0.008060196312211157
2240,3.4011442103967075e-08,3.263998567001413e-12,15.466367770759824,0.5049188789273753,0.9923328144966629,0.007667185503337108,0.9999684953117223,0.9994563504008667,0.008028040920393505
2241,3.4011442103967075e-08,3.4196834504595705e-12,15.46613032526989,0.5048671862325036,0.9923352884543519,0.007664711545648035,0.999968857819364,0.999455676778315,0.008087225263259239
2242,3.4011442103967075e-08,3.1182514016774984e-12,15.467079695902719,0.5048509101950754,0.9923378926203404,0.007662107379659537,0.999968681698954,0.9994556747636963,0.008082220579670778
2243,3.4011442103967075e-08,4.693776628135423e-12,15.459308173233609,0.5048608060258317,0.9923514342834806,0.007648565716519344,0.9999684597382702,0.9994524960399377,0.008098109994729213
2244,3.4011442103967075e-08,3.2970223872750717e-12,15.458662341437181,0.5048638008167186,0.9923591165731467,0.007640883426853274,0.9999682752003506,0.999450456806518,0.008122101871897412
2245,3.4011442103967075e-08,3.102811191273582e-12,15.459092757729579,0.5048929674757897,0.9923645853217226,0.007635414678277427,0.9999681201542081,0.9994507999917771,0.008083240863227696
2246,3.4011442103967075e-08,4.404832577850591e-12,15.45346649338755,0.50487252477278,0.9923649759466209,0.0076350240533791525,0.9999682456011072,0.9994531069400143,0.008037544840151484
2247,3.4011442103967075e-08,3.585531781540361e-12,15.451102567043494,0.5048475247792904,0.9923722676113886,0.007627732388611357,0.9999679881441385,0.9994516664207922,0.008086640945732353
2248,3.4011442103967075e-08,3.689979843472245e-12,15.448211058470145,0.5048874987272138,0.9923645853217226,0.007635414678277427,0.9999674593743163,0.9994462059877275,0.008129201653526994
2249,3.4011442103967075e-08,4.1768649208081815e-12,15.442516322757161,0.5048822903952369,0.9923734394860835,0.007626560513916533,0.9999674282557359,0.9994491925394009,0.008071344992273221
2250,3.4011442103967075e-08,3.846769506588263e-12,15.441438141958798,0.5048401029062232,0.99236289261383,0.007637107386169952,0.9999675161469919,0.99944908317664,0.008124279814765859
2251,3.4011442103967075e-08,3.56741782929563e-12,15.440480019112018,0.5049024726816478,0.992384637399834,0.0076153626001659895,0.9999671527793482,0.9994456560170363,0.008084872018055664
2252,3.4011442103967075e-08,4.138978138343908e-12,15.433875460120321,0.5048747383138702,0.9923986998961719,0.007601300103828098,0.9999670635336108,0.9994462143074244,0.00803489421070862
2253,3.4011442103967075e-08,3.6272498485196115e-12,15.431436581658614,0.5048816393537398,0.9923891946903138,0.007610805309686117,0.9999669795211696,0.9994461826932595,0.008020267008413939
2254,3.4011442103967075e-08,3.5200698591731744e-12,15.430689529649777,0.5049093737215172,0.9923923196895,0.0076076803104999195,0.9999673676424383,0.9994465649804557,0.008058085400604252
2255,3.4011442103967075e-08,3.6709585820870584e-12,15.42738453991609,0.5049217435099627,0.992394142605692,0.0076058573943079705,0.999967111575827,0.9994458210014934,0.008032347310948287
2256,3.4011442103967075e-08,3.6558839205626e-12,15.42444763277461,0.5048662747744076,0.9923979186463754,0.007602081353624648,0.9999676416356943,0.9994497377424479,0.008002209320982334
2257,3.4011442103967075e-08,3.5911879727951297e-12,15.421320072658704,0.5048503893618778,0.9924117207261144,0.007588279273885606,0.9999677545129313,0.9994545294613648,0.007927845404519795
2258,3.4011442103967075e-08,3.7823405426006054e-12,15.418492485093774,0.5049516914188303,0.9924101582265213,0.007589841773478705,0.9999678492087013,0.9994550524668891,0.007934467162140368
2259,3.4011442103967075e-08,3.0575588118812094e-12,15.419554084631399,0.5049688789143545,0.9924306009295311,0.007569399070468992,0.9999675129779569,0.9994554742548937,0.007896748998143806
2260,3.4011442103967075e-08,3.3803616165635794e-12,15.41851691640405,0.5049714830803429,0.9924329446789206,0.007567055321079343,0.9999678105409711,0.9994557947225151,0.007905466597901655
2261,3.4011442103967075e-08,3.897455288323393e-12,15.415216635176265,0.5049972643236291,0.9924424498847787,0.007557550115221324,0.9999682870642204,0.9994589874368118,0.007920116486454519
2262,3.4011442103967075e-08,4.2617026138530875e-12,15.409135015624637,0.5049640612072758,0.9924403665519879,0.007559633448012123,0.9999686497679299,0.999461411973607,0.0078933703288782
2263,3.4011442103967075e-08,3.582965850225404e-12,15.407788194021407,0.5049510403773332,0.9924320332208246,0.007567966779175318,0.9999686008082075,0.9994598308645977,0.007931169945261256
2264,3.4011442103967075e-08,3.5522031074341625e-12,15.40491065573548,0.5049480455864465,0.9924365905113045,0.007563409488695445,0.9999686001544107,0.9994610833444031,0.00790667529153765
2265,3.4011442103967075e-08,3.484908192433001e-12,15.401747455269847,0.5050173164017405,0.992454168631727,0.0075458313682730815,0.9999680911978656,0.9994577216678128,0.007897624508660848
2266,3.4011442103967075e-08,3.9939387596108204e-12,15.39643584374788,0.5049386705888879,0.9924466165503603,0.007553383449639727,0.9999676903321787,0.9994556039742166,0.007935187403526197
2267,3.4011442103967075e-08,3.155227832778632e-12,15.397662788222474,0.5049617174578861,0.9924552102981223,0.0075447897018776815,0.9999674318610755,0.9994536740592358,0.007930646310265962
2268,3.4011442103967075e-08,3.57024707536035e-12,15.395289140896343,0.5049597643333947,0.9924531269653315,0.007546873034668481,0.9999674310540921,0.9994534894614318,0.007974185221843753
2269,3.4011442103967075e-08,2.5949136142421817e-12,15.399108200825298,0.5049585924586999,0.9924651061288786,0.007534893871121388,0.9999672796384909,0.9994527076979497,0.007963706546658919
2270,3.4011442103967075e-08,4.0706793518900825e-12,15.396095366838844,0.5049364570477977,0.9924639342541838,0.007536065745816212,0.9999681410342993,0.9994566165924934,0.007988190117491514
2271,3.4011442103967075e-08,3.787189431413157e-12,15.394375432147413,0.50495403516822,0.9924686217529631,0.007531378247036915,0.9999680494736322,0.9994585125642415,0.007920213908208778
2272,3.4011442103967075e-08,5.148508854549547e-12,15.383802543661867,0.5049290351747304,0.9924690123778613,0.00753098762213864,0.9999680980211493,0.9994579417292583,0.007932211284368603
2273,3.4011442103967075e-08,3.5537581428471727e-12,15.381357899430448,0.504871613314684,0.9924740905015389,0.007525909498461068,0.9999679251782609,0.9994578611804995,0.007940417916754141
2274,3.4011442103967075e-08,3.647702077753316e-12,15.380515203340634,0.504869139356995,0.9924621113379919,0.007537888662008161,0.9999679119766178,0.99945764170468,0.007968167171530163
2275,3.4011442103967075e-08,3.66585207599007e-12,15.378114169617907,0.504847394570991,0.9924703144608557,0.007529685539144391,0.999967678335171,0.9994565545317883,0.007966267873534686
2276,3.4011442103967075e-08,3.827468180981929e-12,15.374488956055702,0.5048098945807566,0.992473179043443,0.007526820956557043,0.999968057967751,0.9994635478696996,0.007945914312722574
2277,3.4011442103967075e-08,3.948872619484333e-12,15.371061333416629,0.5048693997735938,0.9924778665422223,0.007522133457777746,0.9999680402002472,0.9994637752074281,0.007934558608329065
2278,3.4011442103967075e-08,3.5737662041644734e-12,15.368400618132947,0.5048095039558583,0.9924888040393739,0.007511195960626052,0.9999681608474492,0.9994662844018698,0.007918231165740138
2279,3.4011442103967075e-08,3.892983506853171e-12,15.364019778317939,0.5048065091649716,0.9924989602867291,0.007501039713270908,0.9999678706902119,0.9994660721669175,0.007870948854007343
2280,3.4011442103967075e-08,4.554462918640766e-12,15.356654811261148,0.5049018216401506,0.9924997415365256,0.007500258463474359,0.9999679012252648,0.999463126431903,0.00789189890323869
2281,3.4011442103967075e-08,3.461325647442618e-12,15.354502535928932,0.5049044258061391,0.9925080748676889,0.007491925132311164,0.9999682212349842,0.9994663124452612,0.007840978933266653
2282,3.4011442103967075e-08,5.110216107923299e-12,15.344765017600839,0.5049014310152523,0.9925134134079653,0.0074865865920347415,0.9999680512444914,0.9994653115789452,0.0078505249217181
2283,3.4011442103967075e-08,2.954990995268455e-12,15.346720022867007,0.5049585924586999,0.9925226581972244,0.007477341802775572,0.9999676743450416,0.9994610634247812,0.007855207652040418
2284,3.4011442103967075e-08,3.3744833951694186e-12,15.346916035173816,0.5049584622504004,0.9925360696520652,0.007463930347934805,0.9999676983961058,0.999460857452945,0.007818561870859973
2285,3.4011442103967075e-08,4.172828881669124e-12,15.342725375483317,0.5049593737084964,0.9925419290255393,0.007458070974460684,0.9999678571670768,0.9994636251383483,0.007796373317555826
2286,3.4011442103967075e-08,3.461265125764004e-12,15.340368156894261,0.5048928372674903,0.9925479186073128,0.007452081392687137,0.9999676803984169,0.999463378783746,0.007774180290303887
2287,3.4011442103967075e-08,3.908229589190661e-12,15.338301790348895,0.5048708320648875,0.9925438821500306,0.00745611784996931,0.9999681075190653,0.9994667587423666,0.007808577619619783
2288,3.4011442103967075e-08,4.530943495025253e-12,15.329268237133835,0.5049414049631757,0.9925360696520652,0.007463930347934805,0.9999681927559955,0.9994675459634,0.00782553724890327
2289,3.4011442103967075e-08,3.713140598181162e-12,15.32689311946562,0.5049360664228993,0.9925414081923416,0.007458591807658383,0.9999683601685755,0.9994680883477377,0.007835783088862118
2290,3.4011442103967075e-08,3.205255789739679e-12,15.327404014978743,0.5048554674855553,0.9925591165210634,0.007440883478936594,0.9999685295344607,0.9994695439819868,0.007787940509402255
2291,3.4011442103967075e-08,3.3089102165532004e-12,15.327132344943621,0.5048591133179392,0.9925660175609329,0.007433982439067073,0.9999690994547505,0.9994725586597439,0.007740422508286435
2292,3.4011442103967075e-08,3.1975538152860304e-12,15.326723466338805,0.5047859362536624,0.9925611998538542,0.007438800146145795,0.9999691147561184,0.9994711244650758,0.007789808436484342
2293,3.4011442103967075e-08,3.5970541212049073e-12,15.32427357838509,0.5048188789534169,0.9925578144380691,0.0074421855619308435,0.999969147117378,0.999473547628308,0.0077714030955301485
2294,3.4011442103967075e-08,2.9737010941111303e-12,15.325972720900397,0.504904686222738,0.9925625019368485,0.007437498063151546,0.9999695283768661,0.9994770558755369,0.007743707446373984
2295,3.4011442103967075e-08,3.222730487743372e-12,15.325075205837345,0.5049264310087419,0.992563283186645,0.0074367168133549965,0.9999688979302879,0.9994694049430787,0.00775972779075884
2296,3.4011442103967075e-08,2.678038129629091e-12,15.328572302229242,0.5049127591373023,0.9925709654763111,0.007429034523688926,0.999968318833066,0.9994636422626477,0.00779320278377666
2297,3.4011442103967075e-08,4.926568008640554e-12,15.317885955196548,0.5048707018565881,0.992574611308695,0.007425388691305029,0.9999687433563068,0.9994670717609353,0.00779964303235525
2298,3.4011442103967075e-08,3.798743514505636e-12,15.31383677693177,0.5048898424766035,0.9925916685959196,0.0074083314040803636,0.9999687877005716,0.9994652750457012,0.007782566800372679
2299,3.4011442103967075e-08,3.353397450403841e-12,15.31198885828029,0.5048779935213559,0.9925863300556432,0.007413669944356785,0.9999685686861985,0.99946368440868,0.007813093832144406
2300,3.4011442103967075e-08,3.2754057941889573e-12,15.312049312126362,0.5048790351877512,0.9926003925519811,0.007399607448018894,0.9999688190330336,0.9994686595673149,0.007765366221172272
2301,3.4011442103967075e-08,3.388815537333813e-12,15.311101697215252,0.5049143216368954,0.9926074238001501,0.007392576199849948,0.9999687334896008,0.9994684464552718,0.007757812153802906
2302,3.4011442103967075e-08,3.6761717373724085e-12,15.310341909842466,0.5049048164310374,0.9926036477594667,0.0073963522405332705,0.9999691458542384,0.9994706653606853,0.0077662464996168514
2303,3.4011442103967075e-08,3.4260326308218082e-12,15.3090280736243,0.5048815091454403,0.9925971373444955,0.007402862655504517,0.9999696012021364,0.9994743849248275,0.007765508519021626
2304,3.4011442103967075e-08,3.598898084662253e-12,15.3066055165433,0.5049179674692793,0.9926039081760656,0.007396091823934421,0.9999691276728688,0.999471334169666,0.007787372259232437
2305,3.4011442103967075e-08,3.262336379440804e-12,15.304659818883183,0.5048986966409644,0.9926191425470983,0.007380857452901705,0.9999689126907096,0.9994698621050875,0.007786880659478547
2306,3.4011442103967075e-08,3.0438466532075603e-12,15.305286095640776,0.5048647122748146,0.9926184915056012,0.007381508494398829,0.9999686762474032,0.9994690569892224,0.007768682919997551
2307,3.4011442103967075e-08,4.182037704275423e-12,15.30064716707943,0.504852602902968,0.9926132831736242,0.007386716826375826,0.9999684629666484,0.999471392270137,0.007741726868609242
2308,3.4011442103967075e-08,3.744884103626191e-12,15.297396660494671,0.5048824206035363,0.9926231790043805,0.007376820995619532,0.9999693684019813,0.9994760943300606,0.00771922224277296
2309,3.4011442103967075e-08,5.528285530320984e-12,15.284793138222811,0.5049703112056482,0.9926355487928258,0.007364451207174165,0.9999695843197162,0.9994775012556548,0.0077082113937154625
2310,3.4011442103967075e-08,4.372183361450542e-12,15.277595904151458,0.5049399726718821,0.992644793582085,0.0073552064179149956,0.9999694197109044,0.999477444679075,0.007721850646062512
2311,3.4011442103967075e-08,4.392126291960128e-12,15.269613488111677,0.5048920560176937,0.9926519550385534,0.007348044961446624,0.9999690977220322,0.9994787596760498,0.007673757632046399
2312,3.4011442103967075e-08,3.045942268016906e-12,15.270811429732802,0.5049317695490183,0.9926667987846878,0.007333201215312183,0.9999691052705515,0.9994800262927988,0.007647182587525473
2313,3.4011442103967075e-08,3.0848279016773586e-12,15.272464186202416,0.5049511705856327,0.9926736998245573,0.007326300175442663,0.9999693975452405,0.9994825436602747,0.007640822166107753
2314,3.4011442103967075e-08,3.357028670856765e-12,15.269940510508418,0.5049485664196441,0.9926809914893251,0.007319008510674867,0.9999699455418432,0.9994860069538738,0.007612265018852513
2315,3.4011442103967075e-08,6.063130288683781e-12,15.252107714802948,0.5049477851698476,0.9926886737789912,0.007311326221008796,0.999970098720281,0.9994874249714785,0.007621034307234177
2316,3.4011442103967075e-08,3.4411593733577475e-12,15.24807605640363,0.5048809883122426,0.9926953144022619,0.0073046855977381255,0.9999703163299257,0.9994897181136633,0.007577418315054679
2317,3.4011442103967075e-08,3.4245958337441022e-12,15.247575796587297,0.504899477890761,0.9927057310662158,0.007294268933784132,0.999970386678799,0.9994893902705054,0.007572027010181619
2318,3.4011442103967075e-08,2.587495372834549e-12,15.251642087071572,0.504891535184496,0.9927035175251256,0.007296482474874355,0.9999700721510724,0.9994886250916551,0.007567882081681224
2319,3.4011442103967075e-08,2.9608254263055873e-12,15.253176742203783,0.5048342435327491,0.9927085956488032,0.007291404351196784,0.9999699474543657,0.9994881620702043,0.007561990513638523
2320,3.4011442103967075e-08,3.5956729268401685e-12,15.249803655004307,0.5047881497947526,0.9927178404380624,0.007282159561937614,0.9999705271591383,0.9994956328472859,0.007482205345115233
2321,3.4011442103967075e-08,3.225010704556721e-12,15.25069685574424,0.5048235664521963,0.9927104185649952,0.007289581435004835,0.9999705069747067,0.9994961931535451,0.007547328022542339
2322,3.4011442103967075e-08,5.845398834055195e-12,15.235993871672353,0.5048363268655399,0.9927096373151986,0.007290362684801384,0.9999701167885132,0.9994912233243517,0.007572378445164529
2323,3.4011442103967075e-08,3.3302246682653004e-12,15.23585947163486,0.5048791653960507,0.9927067727326113,0.007293227267388732,0.9999702314646461,0.9994919359318037,0.007561511711817756
2324,3.4011442103967075e-08,3.2365680036520435e-12,15.236504165215951,0.5048818997703386,0.992718621687859,0.0072813783121410645,0.9999702580254677,0.9994915634987709,0.007568232259922801
2325,3.4011442103967075e-08,3.363327825662581e-12,15.236005181982243,0.5048891914351064,0.9927270852273216,0.007272914772678445,0.9999701722142085,0.9994914770362799,0.007568100149742283
2326,3.4011442103967075e-08,3.4906516601614154e-12,15.234821775537482,0.5049424466295712,0.992748960221625,0.007251039778375058,0.999969669589038,0.9994892920423641,0.007539853777893608
2327,3.4011442103967075e-08,3.2223960315793455e-12,15.234651238341476,0.5049153633032908,0.992750522721218,0.007249477278781958,0.9999701026614114,0.9994915836312772,0.007530630922696249
2328,3.4011442103967075e-08,4.159048536657247e-12,15.22928954796968,0.504967186206462,0.992754819595099,0.007245180404900936,0.9999700926319784,0.9994890927239937,0.007555416957500329
2329,3.4011442103967075e-08,6.786900260878237e-12,15.209854739051027,0.5049832018272912,0.9927632831345616,0.007236716865438316,0.9999701274955625,0.9994890411462348,0.007539436196632523
2330,3.4011442103967075e-08,3.1830037829972846e-12,15.211006931524064,0.5049976549485273,0.9927729185487191,0.007227081451280872,0.999970198768571,0.9994903068199569,0.007531927675403894
2331,3.4011442103967075e-08,3.495078662068143e-12,15.209010026218884,0.50495403516822,0.9927868508367576,0.007213149163242405,0.9999698393431926,0.9994863312698925,0.007531157398728674
2332,3.4011442103967075e-08,3.9830944608218286e-12,15.204566640225904,0.5049768216206194,0.9927938820849266,0.0072061179150734594,0.9999700559662207,0.9994880217957698,0.007576311638014728
2333,3.4011442103967075e-08,3.552707632073502e-12,15.20272766261532,0.5049621080827843,0.9927967466675139,0.007203253332486111,0.9999695285753956,0.9994852493071195,0.0076020117101175035
2334,3.4011442103967075e-08,3.3436806026851192e-12,15.201029734726504,0.504951561210531,0.9927803404217863,0.007219659578213651,0.9999695447564476,0.9994856162676466,0.007589390477508588
2335,3.4011442103967075e-08,3.8722955741407846e-12,15.197136635255342,0.504947915378147,0.992800132083299,0.007199867916701064,0.9999698651714065,0.999485472947825,0.007574714014481284
2336,3.4011442103967075e-08,3.615435231757838e-12,15.196692820740068,0.5049624987076826,0.9928009133330955,0.007199086666904514,0.9999702638057066,0.9994869943725257,0.0075654886268739
2337,3.4011442103967075e-08,3.11320128957591e-12,15.197627378529019,0.5049610664163889,0.9927993508335023,0.0072006491664976125,0.9999703236139573,0.9994894529495774,0.007559250037694386
2338,3.4011442103967075e-08,2.890826843755861e-12,15.200164105219121,0.5049190091356747,0.9928050799986771,0.007194920001322916,0.9999703309640176,0.999490760514806,0.007512010522259123
2339,3.4011442103967075e-08,3.5992317249792785e-12,15.19779787892291,0.5048889310185075,0.9928057310401742,0.007194268959825792,0.9999708419182285,0.9994947145392383,0.007485693333413103
2340,3.4011442103967075e-08,3.6217140870251824e-12,15.195175737306755,0.5049231758012563,0.9928005227081972,0.007199477291802789,0.999970929429233,0.9994974865375347,0.007497120661562642
2341,3.4011442103967075e-08,4.200521020130251e-12,15.190581038916845,0.504987759117771,0.9928256529099863,0.007174347090013779,0.9999707164812865,0.9994951133928744,0.007485893233534085
2342,3.4011442103967075e-08,5.756951657538567e-12,15.178218881511325,0.5049085924717207,0.9928138039547385,0.007186196045261446,0.9999702904023267,0.9994914766259348,0.007527927060284514
2343,3.4011442103967075e-08,3.133848076425895e-12,15.179927928679787,0.5048640612333174,0.9928062518733719,0.007193748126628092,0.9999705960336872,0.9994929002226572,0.00754614125521509
2344,3.4011442103967075e-08,3.376606114650492e-12,15.180479708645716,0.5048242174936933,0.9928151060377328,0.007184893962267198,0.9999708273343124,0.999494548218789,0.007544024898864457
2345,3.4011442103967075e-08,2.777558891809807e-12,15.182568920425702,0.5048226549941003,0.9928149758294333,0.007185024170566622,0.9999706606849117,0.9994935772647636,0.007534287104010734
2346,3.4011442103967075e-08,3.4389158939506013e-12,15.17987737611529,0.5047959622927182,0.9928063820816714,0.007193617918328667,0.9999695978421795,0.9994871940205676,0.007576926682410513
2347,3.4011442103967075e-08,3.778478294497797e-12,15.174614334750586,0.5047924466686337,0.9928095070808576,0.007190492919142469,0.9999693815290046,0.999488553063947,0.007511075063316677
2348,3.4011442103967075e-08,5.868328139817979e-12,15.159906036800992,0.5047813789631825,0.9928162779124277,0.007183722087572373,0.9999694189999484,0.9994875624654264,0.007503119237995991
2349,3.4011442103967075e-08,3.4803979408669805e-12,15.157357039453581,0.5047816393797814,0.9928169289539247,0.007183071046075249,0.9999699089840445,0.9994918340870874,0.007495099740252
2350,3.4011442103967075e-08,3.345111252212219e-12,15.155172772102448,0.5047554675115971,0.9928365904071379,0.007163409592862085,0.999970298882186,0.9994966335655063,0.007433342183909333
2351,3.4011442103967075e-08,4.169511500513851e-12,15.150663957401779,0.5047803372967872,0.992843361238708,0.007156638761291989,0.9999702264950266,0.9994922696147268,0.0074833477733916055
2352,3.4011442103967075e-08,3.5823546488348622e-12,15.149065941721513,0.5048253893683882,0.9928506529034758,0.0071493470965241935,0.9999702570895611,0.9994934524044279,0.0074821517323317745
2353,3.4011442103967075e-08,3.5407595568676897e-12,15.14767319011505,0.5048244779102922,0.9928574237350459,0.007142576264954098,0.9999699266255094,0.9994922391808181,0.00748596219034624
2354,3.4011442103967075e-08,3.1896217869844614e-12,15.148990835744009,0.5048296862422692,0.9928653664413108,0.007134633558689178,0.9999695957874232,0.9994906634876074,0.007495104183307739
2355,3.4011442103967075e-08,3.938081894541481e-12,15.146302468230715,0.5047722643822228,0.9928673195658022,0.007132680434197803,0.9999688736056564,0.9994874416557721,0.007505891648686003
2356,3.4011442103967075e-08,4.7561870687259006e-12,15.134962962624217,0.5047941393765262,0.9928660174828079,0.007133982517192053,0.9999687478691405,0.9994875120469274,0.007493151763229388
2357,3.4011442103967075e-08,5.260941553095263e-12,15.121090577485278,0.504859373734538,0.9928700539400901,0.00712994605990988,0.9999682742445212,0.9994856490432855,0.007485319317031376
2358,3.4011442103967075e-08,3.3195273706383564e-12,15.120928279143225,0.5047790352137929,0.992878908104451,0.007121091895548985,0.9999684368234144,0.9994863019026268,0.007446403368452999
2359,3.4011442103967075e-08,2.9426262566440486e-12,15.122453148078359,0.5047954414595205,0.9928769549799596,0.00712304502004036,0.9999692995810184,0.999491718840815,0.007439936546444153
2360,3.4011442103967075e-08,2.9653266781139004e-12,15.124725739532916,0.5048390612398278,0.9928830747700326,0.007116925229967388,0.9999695449825687,0.9994928118766849,0.007429594923278219
2361,3.4011442103967075e-08,4.877120559375445e-12,15.115160132645837,0.5048572904017473,0.992892059142693,0.007107940857307068,0.9999700655587213,0.9994953247721557,0.007461811544649678
2362,3.4011442103967075e-08,3.67008961476181e-12,15.11394840803706,0.5048467435294939,0.9928842466447274,0.007115753355272564,0.9999697192721497,0.9994907086887164,0.007491308038441434
2363,3.4011442103967075e-08,3.4714323658340092e-12,15.113145035506795,0.5048755195636668,0.9928964862248734,0.007103513775126621,0.9999702618620063,0.9994950741361022,0.007471750527623931
2364,3.4011442103967075e-08,3.7280955842306705e-12,15.110454153453441,0.5048483060290869,0.9929164080946854,0.007083591905314608,0.9999705763019436,0.9994991071245455,0.0074280177602533606
2365,3.4011442103967075e-08,2.9623406697627307e-12,15.112476420283793,0.504853514361064,0.9929167987195837,0.007083201280416333,0.9999707366030717,0.9994997763362503,0.007398357193949854
2366,3.4011442103967075e-08,7.244568635324257e-12,15.090650294927027,0.5049248685091489,0.9929204445519676,0.007079555448032435,0.9999705535366926,0.999497053825229,0.0074366415276376245
2367,3.4011442103967075e-08,3.6558528981062504e-12,15.085507758821437,0.5048447904050025,0.9929281268416337,0.007071873158366365,0.9999705295104349,0.9994994204814631,0.007378712667828703
2368,3.4011442103967075e-08,3.5260970025888883e-12,15.084310111615663,0.5048117174969485,0.9929277362167354,0.007072263783264639,0.9999703431834744,0.9995005715322423,0.0073808976072607165
2369,3.4011442103967075e-08,3.2096529153835026e-12,15.084553162594489,0.5048088529143612,0.9929329445487124,0.007067055451287643,0.9999703545649841,0.9995012257182819,0.007360241944981788
2370,3.4011442103967075e-08,4.507212389121306e-12,15.077143234644858,0.504877733104757,0.9929295591329274,0.0070704408670726904,0.9999702503575831,0.9994997923578389,0.007393835861279289
2371,3.4011442103967075e-08,3.8345411729563984e-12,15.073736255813891,0.5048660143578088,0.9929274758001365,0.00707252419986349,0.9999705803401978,0.9995034309098804,0.007354543713159148
2372,3.4011442103967075e-08,3.618375383558671e-12,15.07038600636187,0.5048445299884037,0.9929376320474916,0.007062367952508346,0.9999700458534204,0.9994959131711755,0.007402766894241952
2373,3.4011442103967075e-08,3.68957483306139e-12,15.068114791865698,0.5048997383073598,0.992942319546271,0.0070576804537290485,0.9999697726859301,0.9994952680397848,0.0074298490069916335
2374,3.4011442103967075e-08,3.561861755118999e-12,15.06662767012549,0.5048523424863691,0.9929458351703554,0.007054164829644575,0.9999698062969243,0.9994986116160279,0.007407809337264758
2375,3.4011442103967075e-08,3.4705151426835403e-12,15.064967066010727,0.5048524726946686,0.992945704962056,0.007054295037944001,0.9999699139758272,0.999499985741429,0.0074018991889273945
2376,3.4011442103967075e-08,3.1289185888033195e-12,15.066062558160533,0.5048303372837664,0.9929638039156761,0.0070361960843239365,0.9999701516351667,0.9994996388614759,0.007384949051031814
2377,3.4011442103967075e-08,3.4007818928200802e-12,15.066449442358394,0.5048503893618778,0.992961329957987,0.00703867004201301,0.9999703719806915,0.9994991784875765,0.007430285954292876
2378,3.4011442103967075e-08,5.628156883498511e-12,15.053872643352799,0.504876821646661,0.9929710955804438,0.007028904419556141,0.9999701852609327,0.9994976580830539,0.007397925974725581
2379,3.4011442103967075e-08,4.946390433994962e-12,15.04532924945261,0.5048207018696089,0.992971746621941,0.007028253378059016,0.9999702850918158,0.9994980643018996,0.007452157905841314
2380,3.4011442103967075e-08,3.4628993545925013e-12,15.044549729774555,0.5048480456124881,0.9929712257887433,0.007028774211256716,0.9999705486939074,0.999499308427907,0.007458754084773135
2381,3.4011442103967075e-08,3.1310155323088382e-12,15.04564667202507,0.5049104153879127,0.9929734393298335,0.007026560670166492,0.9999707008545714,0.9995003312305655,0.007470387640619297
2382,3.4011442103967075e-08,3.0970722167353767e-12,15.046946966512646,0.5049044258061391,0.9929826841190926,0.0070173158809073224,0.9999706997145442,0.9995024447429021,0.007413973592317257
2383,3.4011442103967075e-08,4.2606446691958455e-12,15.041983767922119,0.5048511706116743,0.9929834653688893,0.0070165346311107735,0.999970755074221,0.9995001769358375,0.007428129577831424
2384,3.4011442103967075e-08,3.704973113393108e-12,15.040026530115915,0.5048276029094784,0.9929856789099795,0.00701432109002055,0.9999706161697591,0.9995025333858212,0.0073846458473566644
2385,3.4011442103967075e-08,3.3393447745059095e-12,15.037450797096069,0.5048574206100467,0.9929850278684823,0.007014972131517674,0.9999706220863508,0.9995027233328535,0.007395629757607617
2386,3.4011442103967075e-08,3.403315410656406e-12,15.037509079076353,0.5049078112219242,0.9929936216162444,0.0070063783837556294,0.9999706722764021,0.9995030045898318,0.007397830482950186
2387,3.4011442103967075e-08,4.941031581136019e-12,15.027957922552318,0.5048416654058163,0.9930003924478145,0.006999607552185533,0.9999707405284767,0.9995042581485977,0.00738139962971212
2388,3.4011442103967075e-08,3.751701139755669e-12,15.02533174679614,0.5048773424798587,0.9930071632793845,0.006992836720615438,0.9999714699511546,0.9995119029259891,0.007275800581125414
2389,3.4011442103967075e-08,3.5005697103498605e-12,15.024509436901235,0.5048511706116743,0.9930101580702714,0.006989841929728664,0.9999710186380907,0.9995090584575954,0.007331472636311135
2390,3.4011442103967075e-08,3.513216572812107e-12,15.022794524028047,0.504902863306546,0.9930065122378874,0.006993487762112562,0.9999710245592754,0.9995111825756665,0.0073490142210301465
2391,3.4011442103967075e-08,3.0999519920883946e-12,15.024809796886018,0.5048639310250179,0.9930089861955765,0.006991013804423489,0.999971550727842,0.9995152299344334,0.007337641531109412
2392,3.4011442103967075e-08,3.506551394444029e-12,15.023233694983604,0.5049179674692793,0.9930199236927282,0.006980076307271795,0.9999713762879004,0.9995150665687877,0.007314122532545951
2393,3.4011442103967075e-08,2.835353006198686e-12,15.025943532016388,0.5048968737247724,0.9930242205666092,0.006975779433390773,0.9999716451529422,0.9995181685134963,0.007292191277171838
2394,3.4011442103967075e-08,3.886144988780984e-12,15.022516343776715,0.5049255195506459,0.993022918483615,0.006977081516385022,0.9999710541095315,0.9995148935409283,0.007292246128106769
2395,3.4011442103967075e-08,3.6674858268733676e-12,15.021647687441671,0.5049609362080896,0.9930261736911006,0.006973826308899399,0.9999716180696477,0.9995182564648716,0.007281202040970463
2396,3.4011442103967075e-08,4.69716746706733e-12,15.01218605391454,0.5049946601576406,0.9930319028562753,0.006968097143724702,0.9999714694333733,0.9995157108180147,0.007274725058422517
2397,3.4011442103967075e-08,3.721187780581774e-12,15.010170946669199,0.5049580716255022,0.9930453143111161,0.0069546856888839355,0.99997128972526,0.9995164566720962,0.007236348437332783
2398,3.4011442103967075e-08,2.967251827627217e-12,15.011670392618218,0.5048585924847415,0.9930363299384557,0.006963670061544255,0.9999711774234312,0.9995138170901835,0.007311848005403434
2399,3.4011442103967075e-08,3.611646680951192e-12,15.00932363041094,0.5048257799932865,0.9930411476455344,0.006958852354465533,0.9999712887760159,0.9995158668553089,0.007281998381169502
2400,3.4011442103967075e-08,3.404255355460854e-12,15.00807069341049,0.5048365872821388,0.9930260434828012,0.006973956517198824,0.9999714597992378,0.9995152373089287,0.007302683362222371
2401,3.4011442103967075e-08,7.731749103515862e-12,14.98147446492421,0.5048318997833594,0.9930429705617264,0.006957029438273584,0.9999710370670131,0.9995133314949602,0.007278601615275622
2402,3.4011442103967075e-08,3.4044597320593694e-12,14.980516573117455,0.5048509101950754,0.9930598976406516,0.006940102359348344,0.9999712516196094,0.9995155377988135,0.007265717430637004
2403,3.4011442103967075e-08,2.977137091377392e-12,14.980911253618634,0.5048888008102081,0.9930604184738494,0.006939581526150644,0.9999717519685922,0.9995172867462394,0.007294580778652956
2404,3.4011442103967075e-08,3.026546053330551e-12,14.982013091052945,0.5048502591535784,0.9930574236829626,0.006942576317037418,0.9999717033519204,0.9995177771033645,0.007314900707151863
2405,3.4011442103967075e-08,3.842642140083258e-12,14.978538089498226,0.5048203112447106,0.9930634132647361,0.006936586735263871,0.9999720249703404,0.9995176280400854,0.007341597663860295
2406,3.4011442103967075e-08,3.264519874966607e-12,14.977544413793312,0.5048070299981693,0.9930611997236459,0.006938800276354094,0.9999718695688152,0.9995169688601916,0.00732525443259875
2407,3.4011442103967075e-08,3.07979045104335e-12,14.98048883015444,0.5048763008134634,0.9930536476422792,0.0069463523577207404,0.999972130206196,0.9995166523806237,0.007340553158050706
2408,3.4011442103967075e-08,3.890835008398138e-12,14.976275990486053,0.5047838529208717,0.9930916684657113,0.006908331534288663,0.9999717746930974,0.9995155178092885,0.007267667777453164
2409,3.4011442103967075e-08,3.785598623146462e-12,14.973024291639101,0.5047277331438195,0.99308515805074,0.006914841949259909,0.9999714925995293,0.9995136188700525,0.007299766195948457
2410,3.4011442103967075e-08,3.0927436774401716e-12,14.973762685341192,0.5047899727109446,0.9930921892989091,0.006907810701090963,0.9999713000925134,0.9995132666951179,0.007256376642156573
2411,3.4011442103967075e-08,5.039568955832089e-12,14.964139573196066,0.5048647122748146,0.9930813820100568,0.006918617989943232,0.9999710249451358,0.9995118649970854,0.007302649658123401
2412,3.4011442103967075e-08,3.971316321944971e-12,14.960837851605167,0.5049101549713139,0.9930890642997229,0.006910935700277162,0.9999707049292276,0.9995125718457613,0.007282689766903511
2413,3.4011442103967075e-08,4.314303488107127e-12,14.956539718188717,0.5048755195636668,0.9930945330482986,0.006905466951701315,0.9999709128521074,0.9995151533345076,0.007235698769550674
2414,3.4011442103967075e-08,3.454343029309479e-12,14.954053434373396,0.504867316440803,0.9930895851329206,0.006910414867079461,0.9999706313499354,0.9995098185559311,0.007307832527301398
2415,3.4011442103967075e-08,3.905951685420027e-12,14.949810904825357,0.5048567695685496,0.993103517420959,0.006896482579040995,0.999970931963346,0.999512648346101,0.0072786193646506145
2416,3.4011442103967075e-08,3.1324225801874527e-12,14.950485994348641,0.5048239570770945,0.9931046892956539,0.006895310704346171,0.9999710228231325,0.99951313284367,0.007241013646818887
2417,3.4011442103967075e-08,3.489217337357922e-12,14.948472415373692,0.5048664049827071,0.9931098976276308,0.006890102372369174,0.9999716345013889,0.9995130659550471,0.00731625811259337
2418,3.4011442103967075e-08,3.965993019527653e-12,14.944140374183942,0.5048778633130564,0.9930911476325136,0.006908852367486363,0.9999714881716177,0.999513931299571,0.007319991938936873
2419,3.4011442103967075e-08,3.1472602555763604e-12,14.944363677884226,0.5049122383041046,0.9930980486723832,0.0069019513276168416,0.9999717234583504,0.999517376423939,0.007266192989008262
2420,3.4011442103967075e-08,4.655325940131585e-12,14.935791808299365,0.5048567695685496,0.9931058611703486,0.006894138829651346,0.9999715087351301,0.9995153609058862,0.007264923763132137
2421,3.4011442103967075e-08,3.1946893033467602e-12,14.936621289807201,0.5049283841332333,0.9931076840865406,0.006892315913459398,0.9999719742358962,0.9995165196454081,0.007295774636596653
2422,3.4011442103967075e-08,4.831478227679436e-12,14.92754931046336,0.5049342435067075,0.9931002622134734,0.006899737786526618,0.9999720494293264,0.9995178561175356,0.007276910237429607
2423,3.4011442103967075e-08,4.061951768904339e-12,14.92504998441161,0.5049395820469839,0.9930985695055808,0.006901430494419142,0.9999723488285853,0.9995241546359271,0.00722669374781119
2424,3.4011442103967075e-08,5.570595624057346e-12,14.91231147201855,0.5049320299656171,0.9931053403371509,0.0068946596628490465,0.9999718231248925,0.999518361863658,0.00726914720793591
2425,3.4011442103967075e-08,2.872723005592043e-12,14.913802501390336,0.5049057278891333,0.993116408042602,0.006883591957397928,0.9999716796135079,0.999516181955998,0.007261202920774757
2426,3.4011442103967075e-08,3.465356957014902e-12,14.913718287627079,0.5049243476759512,0.9931076840865406,0.006892315913459398,0.9999716414701337,0.9995156718292078,0.007276148543950082
2427,3.4011442103967075e-08,2.9449725997188685e-12,14.915948089859723,0.5049101549713139,0.9931250017903641,0.006874998209635883,0.9999716616126069,0.9995148182891733,0.007283697804789158
2428,3.4011442103967075e-08,3.839514569472651e-12,14.912125839308713,0.5048936185172869,0.9931368507456118,0.006863149254388215,0.9999718906662143,0.999515448597379,0.007279968473024232
2429,3.4011442103967075e-08,3.0310014458977342e-12,14.913019453837464,0.5049315091324195,0.9931415382443911,0.006858461755608918,0.9999721276676814,0.9995195975473078,0.007257992568160349
2430,3.4011442103967075e-08,3.886444207265394e-12,14.909939417170053,0.5048964830998742,0.9931497413672549,0.006850258632745148,0.999972195041065,0.9995221799715961,0.0072099465318992955
2431,3.4011442103967075e-08,3.870744055907739e-12,14.907510235248218,0.5049471341283505,0.9931511736585485,0.0068488263414514736,0.9999724137183073,0.9995245681113444,0.0071944139756950996
2432,3.4011442103967075e-08,3.942178444094099e-12,14.904786934678924,0.5048960924749759,0.9931600278229095,0.006839972177090579,0.9999723683772301,0.9995251907874401,0.0071712273475078294
2433,3.4011442103967075e-08,4.990251418447238e-12,14.89433477513251,0.5049302070494253,0.9931554705324296,0.006844529467570451,0.9999715935798152,0.999520855557552,0.007193177844922875
2434,3.4011442103967075e-08,6.983199064982808e-12,14.872003579216932,0.5049749987044274,0.9931751319856427,0.006824868014357288,0.9999714675501311,0.9995191844522375,0.007187967990777091
2435,3.4011442103967075e-08,3.5813469449067284e-12,14.870499233520453,0.5049020820567495,0.9931778663599307,0.006822133640069365,0.9999715532550065,0.9995188046108019,0.007194629073066267
2436,3.4011442103967075e-08,4.001585584316958e-12,14.867390628064756,0.5048723945644806,0.9931895851068788,0.006810414893121121,0.9999711420492343,0.9995157528279284,0.007218130569382718
2437,3.4011442103967075e-08,4.571677987067194e-12,14.860800669709002,0.5048648424831139,0.9931947934388559,0.0068052065611441245,0.9999714660805187,0.9995182951515,0.00721895544425999
2438,3.4011442103967075e-08,3.10820996124477e-12,14.862882711536505,0.5048988268492638,0.9931928403143645,0.006807159685635498,0.9999712613994189,0.9995179484088857,0.0071853522068217515
2439,3.4011442103967075e-08,4.814202085024018e-12,14.854821716032962,0.504907160180427,0.9932027361451208,0.006797263854879204,0.9999711206595543,0.9995137595825122,0.0072062863415388
2440,3.4011442103967075e-08,2.954045823014898e-12,14.856056821189616,0.5049223945514597,0.9932115903094817,0.00678840969051831,0.9999715082466473,0.9995175372492024,0.007203112149436616
2441,3.4011442103967075e-08,3.4385037800338065e-12,14.853872675840616,0.5048943997670834,0.9932104184347869,0.006789581565213134,0.999971103760796,0.9995161625002663,0.007174501481911906
2442,3.4011442103967075e-08,3.842686620620491e-12,14.851620353440588,0.5048940091421851,0.9932217465568368,0.006778253443163166,0.9999708149415658,0.9995129405725431,0.007177044451409414
2443,3.4011442103967075e-08,3.6590837006595185e-12,14.849952299991049,0.5049042955978397,0.9932255225975202,0.006774477402479843,0.9999708763903947,0.9995141008070946,0.007160966492024862
2444,3.4011442103967075e-08,3.7973319210353114e-12,14.847965954188183,0.5049619778744849,0.9932227882232322,0.006777211776767766,0.9999713572067835,0.9995216191263134,0.007134140240700067
2445,3.4011442103967075e-08,6.321918163243003e-12,14.83148673250067,0.5048796862292484,0.9932235694730288,0.006776430526971217,0.9999715017120698,0.9995208695816449,0.007124875254822528
2446,3.4011442103967075e-08,4.680848348205819e-12,14.825770252092587,0.5049239570510529,0.9932056007277081,0.006794399272291856,0.9999716864795012,0.9995225839798295,0.007155015553761832
2447,3.4011442103967075e-08,3.5519650249505043e-12,14.823939102866573,0.5049863268264774,0.9932147153086679,0.006785284691332111,0.9999715447527004,0.9995215871172256,0.007189516080340098
2448,3.4011442103967075e-08,3.0346608208872402e-12,14.825350517158212,0.5049513007939321,0.9932226580149328,0.006777341985067191,0.9999708373230709,0.9995173816122662,0.007174627902220595
2449,3.4011442103967075e-08,3.5436846984113455e-12,14.825660086055212,0.5048891914351064,0.9932259132224184,0.006774086777581568,0.999971298526836,0.9995196345724071,0.007165458176039917
2450,3.4011442103967075e-08,4.464027763066355e-12,14.819487182255303,0.5049035143480431,0.9932268246805144,0.0067731753194855936,0.9999713815744437,0.9995191909992289,0.007157291263057277
2451,3.4011442103967075e-08,2.8321293203150715e-12,14.822969623232181,0.5048167956206261,0.9932294288465029,0.006770571153497096,0.9999714529146004,0.9995214173467634,0.007154456053869195
2452,3.4011442103967075e-08,3.6014483365149636e-12,14.821503945282215,0.5048916653927955,0.9932454444673322,0.00675455553266783,0.9999715807590814,0.9995221003361475,0.007141232676498696
2453,3.4011442103967075e-08,3.3998105171387834e-12,14.821642970745492,0.5049213528850643,0.9932471371752247,0.006752862824775306,0.9999717706795307,0.999523627979901,0.007129195544073314
2454,3.4011442103967075e-08,3.205719393840259e-12,14.821140885694408,0.5048684883154978,0.9932433611345414,0.006756638865458629,0.9999715613619863,0.9995231591569628,0.007125756671480291
2455,3.4011442103967075e-08,4.747292717791315e-12,14.813310088125172,0.5048854153944231,0.9932617205047602,0.0067382794952397145,0.9999716451950285,0.9995251582588135,0.007068917996151406
2456,3.4011442103967075e-08,3.841896005841497e-12,14.810626840480062,0.5048790351877512,0.9932688819612286,0.006731118038771344,0.999971950729191,0.9995262120324971,0.007075821908898939
2457,3.4011442103967075e-08,3.506068466715554e-12,14.810112610512522,0.5048812487288414,0.9932681007114321,0.006731899288567894,0.9999721867948782,0.999524838600175,0.0071181689912542395
2458,3.4011442103967075e-08,3.1998363135585797e-12,14.811347571310876,0.5049434882959666,0.9932782569587872,0.00672174304121275,0.9999720994182372,0.9995242415322567,0.007128445089337815
2459,3.4011442103967075e-08,3.3222595858568576e-12,14.810617830809905,0.5049459622536556,0.9932983090368986,0.006701690963101312,0.9999718547895019,0.9995223188843064,0.007140642290392856
2460,3.4011442103967075e-08,3.4659238042995556e-12,14.810128603382537,0.5049377591307919,0.9933059913265647,0.006694008673435241,0.9999722207588906,0.9995279678628112,0.007100369165275313
2461,3.4011442103967075e-08,2.8507461788844082e-12,14.811996627778429,0.5050248684831071,0.9933053402850677,0.006694659714932366,0.9999723093459667,0.999530831709005,0.007081877845522931
2462,3.4011442103967075e-08,4.915226195686799e-12,14.803108668281673,0.5049942695327423,0.9932924496634246,0.006707550336575433,0.9999722150177855,0.9995309785930896,0.007070178841058872
2463,3.4011442103967075e-08,3.805857927826102e-12,14.800824852245519,0.5050070299460859,0.9933033871605763,0.00669661283942374,0.9999720088858929,0.9995291025730101,0.007061216471675994
2464,3.4011442103967075e-08,3.2876664069997714e-12,14.80185345303667,0.5049473945449493,0.9933181006984113,0.0066818993015887234,0.9999721747870176,0.9995295656303338,0.007056844831324847
2465,3.4011442103967075e-08,3.834427142286797e-12,14.799090346846443,0.5049761705791223,0.9933253923631791,0.0066746076368209275,0.9999723032651574,0.9995304783350104,0.0070019422531918075
2466,3.4011442103967075e-08,2.981612837304837e-12,14.80073262922863,0.5050186184847347,0.9933114600751406,0.006688539924859394,0.9999727910054822,0.9995339397344117,0.0070113084546221975
2467,3.4011442103967075e-08,3.7469885540088e-12,14.799744262500857,0.505009503903775,0.9933261736129756,0.006673826387024379,0.99997297900368,0.9995363137285244,0.006958550253259824
2468,3.4011442103967075e-08,3.813681764524885e-12,14.798152541571847,0.5049199205937707,0.993335157985636,0.006664842014364058,0.999972735361891,0.9995361969187655,0.006951178628136901
2469,3.4011442103967075e-08,2.6751839963182068e-12,14.803074848912683,0.5049615872495866,0.9933111996585418,0.0066888003414582444,0.9999729011100945,0.9995369227999553,0.006989620310412053
2470,3.4011442103967075e-08,3.2873405281556786e-12,14.802354771893246,0.5049600247499936,0.9933313819449526,0.006668618055047382,0.9999729363427495,0.9995378496607041,0.006964809242272382
2471,3.4011442103967075e-08,4.298859268892405e-12,14.796551784794158,0.5049845039102855,0.9933403663176129,0.006659633682387062,0.9999729779352883,0.9995374034047645,0.006955861326102969
2472,3.4011442103967075e-08,3.5618212666612017e-12,14.794641954878045,0.5049183580941776,0.9933501319400698,0.0066498680599301925,0.9999729692028124,0.9995359232379938,0.006959834814016675
2473,3.4011442103967075e-08,3.387373705980139e-12,14.794491337636257,0.5049450507955597,0.9933613298538203,0.006638670146179649,0.9999727735293065,0.9995321283957245,0.00700463494892982
2474,3.4011442103967075e-08,3.3956770210578214e-12,14.794614273989975,0.5049229153846575,0.9933423194421043,0.006657680557895688,0.9999723667951029,0.9995291653530458,0.007046137506013183
2475,3.4011442103967075e-08,3.708027640785228e-12,14.792280974516775,0.5049665351649648,0.9933528663143577,0.006647133685642269,0.9999722261639287,0.9995305183287999,0.007007633343730715
2476,3.4011442103967075e-08,3.2267068792445048e-12,14.793837143501142,0.5049312487158206,0.9933619808953175,0.006638019104682525,0.99997295722525,0.9995365117544913,0.006960594804468658
2477,3.4011442103967075e-08,3.2153001094097787e-12,14.794946819109281,0.5049833320355906,0.993364585061306,0.006635414938694026,0.9999731066815866,0.9995376493056216,0.006997609001209186
2478,3.4011442103967075e-08,4.027439045473498e-12,14.789823221014277,0.5049859362015792,0.9933598975625266,0.006640102437473323,0.9999730185652066,0.9995399560485827,0.006977777369828219
2479,3.4011442103967075e-08,4.0529840301889915e-12,14.785618961972371,0.504905337264235,0.9933705746430795,0.00662942535692048,0.9999733341171709,0.9995416229711594,0.006967048939287447
2480,3.4011442103967075e-08,4.685902763937808e-12,14.778795957813923,0.5049565091259091,0.9933710954762772,0.00662890452372278,0.9999733606859843,0.9995428659581906,0.006952582962572469
2481,3.4011442103967075e-08,3.403695264542945e-12,14.779122308195078,0.5049667955815637,0.9933746111003617,0.006625388899638308,0.9999732112968663,0.9995419669794393,0.006943043434528832
2482,3.4011442103967075e-08,3.445363835330514e-12,14.7789940868508,0.5049651028736711,0.9933662777691985,0.006633722230801503,0.9999730783395688,0.9995398459639406,0.006974124147266014
2483,3.4011442103967075e-08,5.380236174301401e-12,14.765714100594522,0.5049669257898631,0.9933864600556094,0.006613539944390639,0.9999728577206084,0.9995387069906239,0.006981113772082416
2484,3.4011442103967075e-08,9.235588331976968e-12,14.732490721393251,0.5049276028834367,0.9933808610987341,0.006619138901265911,0.9999724420855539,0.99953606079407,0.0069828811239838594
2485,3.4011442103967075e-08,4.787799513375411e-12,14.723911457307134,0.5049709622471452,0.9933703142264807,0.00662968577351933,0.9999719911245047,0.9995342219141818,0.006993001669703831
2486,3.4011442103967075e-08,3.2101997845961567e-12,14.724696383462527,0.5049615872495866,0.9933868506805076,0.0066131493194923644,0.9999718591370982,0.9995336691700186,0.006986444783044719
2487,3.4011442103967075e-08,3.739339596872552e-12,14.722729396070394,0.5050162747353452,0.9933819027651295,0.006618097234870512,0.9999720763627745,0.9995348379686732,0.006980394824799131
2488,3.4011442103967075e-08,3.698660692036975e-12,14.719444046319333,0.5049174466360816,0.9933875017220047,0.00661249827799524,0.9999722835125405,0.9995351765760879,0.0069947231848536155
2489,3.4011442103967075e-08,3.195719309996751e-12,14.720600119536458,0.5048891914351064,0.9933822933900278,0.006617706609972237,0.9999724614943395,0.9995345274630256,0.0070462520379704074
2490,3.4011442103967075e-08,5.039002519403512e-12,14.712008918787667,0.5049677070396597,0.9933726579758703,0.006627342024129681,0.9999725790702257,0.9995339239484203,0.007034615647755675
2491,3.4011442103967075e-08,2.876826561044553e-12,14.715026616115264,0.5049358060063005,0.9933872413054059,0.0066127586945940895,0.9999727734093463,0.999536125082907,0.0069675239068623974
2492,3.4011442103967075e-08,5.030995820715061e-12,14.706123046284834,0.5048792956043501,0.9933873715137054,0.006612628486294665,0.999973021782775,0.9995365427943068,0.0070369948778568015
2493,3.4011442103967075e-08,3.272846747770283e-12,14.70722585188731,0.5049303372577246,0.9934019548432409,0.006598045156759074,0.9999728772209379,0.9995361120887801,0.0069608120174094856
2494,3.4011442103967075e-08,3.0774285772702886e-12,14.709035389448436,0.5049619778744849,0.9934062517171219,0.006593748282878052,0.9999727127747463,0.9995363290952679,0.0069982144767602806
2495,3.4011442103967075e-08,3.0058918957354026e-12,14.710823859073786,0.5049589830835981,0.9934007829685461,0.006599217031453898,0.9999728038636672,0.9995394949125539,0.0069582853714864985
2496,3.4011442103967075e-08,3.4995509913971554e-12,14.707027295616799,0.5049563789176097,0.9934082048416133,0.006591795158386677,0.999972357732661,0.9995379897930284,0.006920887883275146
2497,3.4011442103967075e-08,3.561496182756478e-12,14.705921415882392,0.5048815091454403,0.9933996110938513,0.0066003889061487225,0.999972294356171,0.9995385025918355,0.00691752446464612
2498,3.4011442103967075e-08,4.399831971979924e-12,14.699625057438649,0.5049294257996287,0.9934113298407995,0.00658867015920048,0.9999723013265008,0.9995374728024402,0.006929596335876402
2499,3.4011442103967075e-08,5.154865597503883e-12,14.689217300728961,0.5049779934953142,0.9934223975462506,0.006577602453749361,0.9999722389172879,0.9995371189320146,0.006930469701143539
2500,3.4011442103967075e-08,7.396031891116423e-12,14.667523175933663,0.5049453112121586,0.9934217465047536,0.006578253495246485,0.9999721987727507,0.9995369393918295,0.006946063604993597
2501,3.4011442103967075e-08,3.2968735639635066e-12,14.669245419840248,0.5050076809875831,0.9934152360897822,0.0065847639102177315,0.9999727275466116,0.9995443279491407,0.00690695011341427
2502,3.4011442103967075e-08,3.659729460766965e-12,14.665885309014767,0.5049604153748918,0.9934205746300587,0.00657942536994131,0.9999730884392812,0.9995461924818786,0.00689028528273357
2503,3.4011442103967075e-08,3.810783499192292e-12,14.664519910928355,0.5050055976547922,0.9934289079612219,0.006571092038778115,0.9999734339422198,0.9995496275869422,0.00685722161047508
2504,3.4011442103967075e-08,2.8294725031432167e-12,14.667339187365059,0.5049744778712297,0.993427996503126,0.0065720034968740895,0.9999730095594154,0.9995466045280642,0.00687953182608094
2505,3.4011442103967075e-08,3.667649011696791e-12,14.666760891148506,0.5049667955815637,0.9934420589994638,0.006557941000536198,0.9999732815682575,0.9995482398135209,0.006848664688887348
2506,3.4011442103967075e-08,3.1472783016738094e-12,14.668944900881106,0.5049225247597592,0.9934380225421816,0.00656197745781837,0.9999733284233847,0.9995475991697929,0.006848458586319903
2507,3.4011442103967075e-08,4.075683115434959e-12,14.666571229932455,0.5049912747418556,0.9934360694176902,0.006563930582309744,0.9999729668264178,0.9995441001854223,0.0068982827459964586
2508,3.4011442103967075e-08,3.4345032206478068e-12,14.666464568419258,0.5049914049501549,0.9934591162866885,0.006540883713311533,0.9999735359971141,0.9995482088593779,0.006840913453158445
2509,3.4011442103967075e-08,5.804459958323444e-12,14.651731749621826,0.504922785176358,0.9934540381630109,0.006545961836989105,0.9999731529177365,0.9995453534399108,0.006836109384176097
2510,3.4011442103967075e-08,4.093727061791231e-12,14.64855098408428,0.5049648424570723,0.9934652360767614,0.006534763923238562,0.9999734453833539,0.999547021541153,0.0068309023222165415
2511,3.4011442103967075e-08,3.753606693950777e-12,14.647282409547458,0.504869139356995,0.9934645850352644,0.006535414964735686,0.9999736527182221,0.9995481604291965,0.006822331798900923
2512,3.4011442103967075e-08,2.8946956026437214e-12,14.64846941662133,0.5048638008167186,0.9934842464884774,0.006515753511522523,0.9999738285230046,0.9995497417204648,0.006825399279783563
2513,3.4011442103967075e-08,5.7923445442147535e-12,14.634219124268954,0.5048813789371409,0.9934986996097136,0.006501300390286357,0.9999736117044393,0.9995479024813796,0.006803335710117279
2514,3.4011442103967075e-08,2.9922729660529473e-12,14.63583653732398,0.5048613268590295,0.9935098975234642,0.006490102476535814,0.9999736888143856,0.9995497866617212,0.006783395221386849
2515,3.4011442103967075e-08,3.648578468638756e-12,14.633570557841775,0.5048674466491024,0.9935041683582895,0.00649583164171051,0.9999735144499621,0.9995514322078328,0.006771294747400704
2516,3.4011442103967075e-08,3.7248339681046126e-12,14.630308752262287,0.5049337226735097,0.9935056006495832,0.006494399350416836,0.9999732462860264,0.9995498533404621,0.006790854662462872
2517,3.4011442103967075e-08,3.665429905348022e-12,14.6281428747004,0.5049178372609798,0.9934962256520246,0.00650377434797543,0.9999730433390006,0.9995506163121108,0.006769889520092826
2518,3.4011442103967075e-08,3.2596210529455635e-12,14.62734278469248,0.5048726549810795,0.9934973975267194,0.006502602473280606,0.9999733597779751,0.9995520311514574,0.006749131368804456
2519,3.4011442103967075e-08,1.1229919976862145e-11,14.579931612897616,0.5048906237264,0.9934986996097136,0.006501300390286357,0.9999732177986489,0.9995492333961992,0.0067417267108581475
2520,3.4011442103967075e-08,4.720782560889511e-12,14.572279452670644,0.5048830716450334,0.9935011735674028,0.006498826432597284,0.9999730910990439,0.9995485168974908,0.006768453952710269
2521,3.4011442103967075e-08,3.331034060360357e-12,14.571687118342327,0.5048739570640737,0.9935126318977521,0.00648736810224789,0.9999727754987009,0.9995470399666789,0.006755179763835611
2522,3.4011442103967075e-08,3.2061421434335248e-12,14.572073855925389,0.5048888008102081,0.9935131527309498,0.0064868472690501906,0.9999732033168643,0.9995487292963844,0.006739884184334216
2523,3.4011442103967075e-08,4.340465570773685e-12,14.565912709605563,0.5048190091617164,0.9935019548171993,0.006498045182800734,0.9999738292748112,0.9995528199281387,0.006740832039953263
2524,3.4011442103967075e-08,2.9596919881857346e-12,14.568208074294441,0.5048049466653785,0.9935170589799326,0.006482941020067442,0.9999738785918517,0.9995539941776965,0.0067150266708436435
2525,3.4011442103967075e-08,7.027093879849782e-12,14.546099878048281,0.5047786445888947,0.9935072933574757,0.0064927066425243115,0.999973491370965,0.9995497212453587,0.006775726701973055
2526,3.4011442103967075e-08,3.1805845292347337e-12,14.546139329496999,0.5048776028964576,0.9935195329376216,0.006480467062378369,0.9999734780606407,0.9995501202697704,0.006769729968059528
2527,3.4011442103967075e-08,4.731806257371659e-12,14.538651931215867,0.504876821646661,0.9935238298115027,0.006476170188497347,0.9999733717726174,0.9995484306658715,0.006787553209823183
2528,3.4011442103967075e-08,2.9908803532930017e-12,14.539189411288591,0.5048631497752214,0.9935183610629268,0.006481638937073194,0.9999734960196728,0.9995480203647238,0.006837978706517111
2529,3.4011442103967075e-08,4.045174792913847e-12,14.534828842726494,0.5048753893553674,0.9935208350206158,0.00647916497938412,0.9999735555944166,0.9995469998343887,0.006852120466877075
2530,3.4011442103967075e-08,3.209177377021183e-12,14.535535584039236,0.5048477851958892,0.9935177100214296,0.006482289978570318,0.9999731828541691,0.999546061248204,0.006825517209861865
2531,3.4011442103967075e-08,5.442365213661528e-12,14.522712868129735,0.5048980455994673,0.9935088558570688,0.006491144142931213,0.9999734279224061,0.9995450669393874,0.006863270904055091
2532,3.4011442103967075e-08,3.766497956350684e-12,14.518267157431858,0.5049148424700931,0.9935316423094681,0.006468357690531851,0.9999736710234243,0.9995488582207734,0.006821391669991565
2533,3.4011442103967075e-08,2.865439572913071e-12,14.520700376801427,0.5049234362178552,0.9935260433525929,0.006473956647407123,0.9999735937250723,0.9995483016678558,0.006822981065568517
2534,3.4011442103967075e-08,3.638207489917701e-12,14.519659842500221,0.5049441393374637,0.9935480485551957,0.0064519514448043115,0.9999741032183801,0.999555370715512,0.006735534897297256
2535,3.4011442103967075e-08,2.778641417650706e-12,14.522432983914435,0.5049244778842505,0.9935621110515336,0.006437888948466419,0.9999737406152754,0.9995504430876649,0.006752663108960132
2536,3.4011442103967075e-08,4.362265635850016e-12,14.516456689617275,0.5049484362113448,0.9935770850059674,0.006422914994032553,0.9999736913960537,0.9995507443338623,0.00673436578528825
2537,3.4011442103967075e-08,3.263690359266182e-12,14.51734934563633,0.5049699205807499,0.9935648454258215,0.006435154574178497,0.9999732595535692,0.9995479387148509,0.006790981839476552
2538,3.4011442103967075e-08,4.290251248166034e-12,14.512167188858438,0.5049441393374637,0.9935627620930307,0.006437237906969295,0.9999732455680439,0.9995481656812847,0.006832215464147448
2539,3.4011442103967075e-08,3.2192804940132644e-12,14.513771611576287,0.5049601549582929,0.9935605485519405,0.006439451448059519,0.9999735036745382,0.999550823187079,0.006780546223323563
2540,3.4011442103967075e-08,3.2496837840000665e-12,14.512219752199602,0.5048990872658627,0.9935600277187427,0.0064399722812572184,0.9999735347330783,0.9995511457884086,0.006794945938458027
2541,3.4011442103967075e-08,3.3665145680536944e-12,14.513546583316465,0.504871613314684,0.9935764339644704,0.0064235660355296785,0.9999732499288604,0.9995500759909612,0.006775332008355119
2542,3.4011442103967075e-08,3.502483956990035e-12,14.51317314857287,0.5048876289355133,0.9935791683387583,0.006420831661241755,0.9999732189886796,0.9995489042931591,0.006802457872620833
2543,3.4011442103967075e-08,3.5193733370240966e-12,14.511997028324469,0.5048549466523576,0.9935776058391651,0.006422394160834854,0.9999732285464805,0.9995480824110509,0.006827496323628153
2544,3.4011442103967075e-08,7.207420879377305e-12,14.489386963850006,0.5048648424831139,0.9935917985438024,0.006408201456197538,0.999973421390263,0.9995498711504911,0.0067584438866792615
2545,3.4011442103967075e-08,3.2243088068161505e-12,14.491845479302198,0.5048105456222537,0.9935861995869272,0.006413800413072809,0.9999734194687622,0.9995505856397164,0.006728600552833807
2546,3.4011442103967075e-08,3.662026547816291e-12,14.49048121757419,0.5048079414562653,0.9935950537512881,0.006404946248711915,0.9999736175971856,0.9995517260146671,0.006726541971628508
2547,3.4011442103967075e-08,3.088180870788188e-12,14.492790586146658,0.5048667956076053,0.993602084999457,0.006397915000542969,0.9999739423841952,0.9995550862786385,0.006740314376817506
2548,3.4011442103967075e-08,4.260376520884039e-12,14.487739179509765,0.5048608060258317,0.9936075537480329,0.006392446251967122,0.9999735754389658,0.9995495363700783,0.006779020072752573
2549,3.4011442103967075e-08,3.050454605037872e-12,14.488240628538412,0.5048824206035363,0.9935863297952267,0.006413670204773384,0.9999732544191894,0.9995493724854351,0.0068019427738233605
2550,3.4011442103967075e-08,3.888069199375598e-12,14.485275918356376,0.504904686222738,0.9935985693753726,0.006401430624627441,0.999973551589659,0.9995544507169295,0.006741227822670145
2551,3.4011442103967075e-08,3.0611350754326797e-12,14.487395832199798,0.5048350247825456,0.9935994808334685,0.006400519166531467,0.9999732696398617,0.9995516121520224,0.006777300308259098
2552,3.4011442103967075e-08,2.7278533120390554e-12,14.49110607269805,0.5048545560274593,0.9936217464526702,0.006378253547329805,0.9999735901602397,0.9995528087028533,0.0067128963209160545
2553,3.4011442103967075e-08,5.200790745916232e-12,14.479500517520293,0.5048445299884037,0.9936131527049081,0.0063868472950918504,0.9999739812576885,0.999555206641271,0.006716835208640967
2554,3.4011442103967075e-08,4.2860172750521394e-12,14.472413353915089,0.5048175768704227,0.9936393245730926,0.0063606754269074405,0.9999737444733203,0.999553070172004,0.006635344205381168
2555,3.4011442103967075e-08,3.1694817898096496e-12,14.472994214679357,0.5048238268687951,0.9936334651996185,0.006366534800381562,0.999973894303352,0.9995530777070583,0.0067146556357979585
2556,3.4011442103967075e-08,3.927415154032448e-12,14.470432054832399,0.504828384159275,0.993644663113369,0.006355336886631019,0.9999737663019979,0.9995537283954056,0.006710861864682169
2557,3.4011442103967075e-08,3.9368568003584645e-12,14.466225290524813,0.5048459622796974,0.9936402360311886,0.006359763968811467,0.9999736098433513,0.9995544240786816,0.006719874090599748
2558,3.4011442103967075e-08,4.3077526851429396e-12,14.461775546164834,0.5048078112479658,0.99364895998725,0.006351040012749997,0.9999735074399757,0.9995555715041922,0.006646765715855878
2559,3.4011442103967075e-08,3.427659426953818e-12,14.460285650737143,0.5048656237329104,0.9936589860263058,0.0063410139736942775,0.9999738211706196,0.9995584099456657,0.006631866380005601
2560,3.4011442103967075e-08,2.8825031189500847e-12,14.462183301106156,0.5048243477019928,0.9936561214437184,0.006343878556281626,0.9999742830033411,0.999563744712896,0.006576975595821047
2561,3.4011442103967075e-08,3.292516306931567e-12,14.463285446344688,0.5048390612398278,0.9936652360246782,0.006334763975321882,0.9999743002092977,0.999562269382938,0.006581182308518872
2562,3.4011442103967075e-08,3.481152869383213e-12,14.461662626640734,0.5048402331145226,0.9936769547716263,0.006323045228373639,0.9999737666751444,0.9995592624186851,0.006613235189145678
2563,3.4011442103967075e-08,3.397915466618615e-12,14.461014747277575,0.5048643216499162,0.9936691422736609,0.0063308577263391334,0.9999740985903154,0.9995588052534616,0.006631567383833093
2564,3.4011442103967075e-08,3.5865198464901057e-12,14.457337924479132,0.5048907539346995,0.993676824563327,0.0063231754366730635,0.9999738434644666,0.9995590971001452,0.006648740754572154
2565,3.4011442103967075e-08,2.977266066546156e-12,14.461046366591878,0.5049471341283505,0.9936765641467281,0.006323435853271913,0.9999740784448758,0.9995598911663066,0.0066666313597013105
2566,3.4011442103967075e-08,5.342856709719993e-12,14.45037054404928,0.5048779935213559,0.993662762066989,0.006337237933010955,0.9999742096995445,0.9995580023520392,0.006711722034093031
2567,3.4011442103967075e-08,3.740142027802669e-12,14.449029455194403,0.5048908841429989,0.9936723974811464,0.00632760251885351,0.9999739069319675,0.9995566846193672,0.006704664993950352
2568,3.4011442103967075e-08,3.2547310722713202e-12,14.448262478540432,0.5049490872528418,0.9936861995608856,0.006313800439114469,0.9999738164261519,0.9995578926969432,0.006678754993097489
2569,3.4011442103967075e-08,3.237921225602127e-12,14.449332183901136,0.5048511706116743,0.993691538101162,0.006308461898838047,0.9999736139136028,0.9995560112492786,0.006664492260516988
2570,3.4011442103967075e-08,3.5285160840473636e-12,14.448833284612284,0.5049121080958052,0.993684506852993,0.006315493147006993,0.999973550706769,0.9995555619618971,0.006672927402406655
2571,3.4011442103967075e-08,3.391459241246778e-12,14.448702086928378,0.5048402331145226,0.993685418311089,0.006314581688911018,0.9999740317321739,0.9995608992545314,0.0066379774858120084
2572,3.4011442103967075e-08,5.7306093289289645e-12,14.434126473210174,0.5048541654025611,0.9936832047699987,0.006316795230001242,0.9999736991391872,0.9995574459548842,0.006681759020524006
2573,3.4011442103967075e-08,3.308061988129127e-12,14.43454683063465,0.5047733060486183,0.9936951839335458,0.006304816066454149,0.9999736374289151,0.9995584597029009,0.006650668800921402
2574,3.4011442103967075e-08,4.8365268549478055e-12,14.42570533743551,0.5048184883285186,0.9937014339319182,0.006298566068081753,0.9999738014453917,0.9995609921101011,0.00661955239474363
2575,3.4011442103967075e-08,3.4348499551293494e-12,14.425444154039887,0.5047748685482113,0.9937032568481102,0.006296743151889804,0.999973553441223,0.9995588669431636,0.006640476131860983
2576,3.4011442103967075e-08,3.5941615674953136e-12,14.423606503901143,0.5048359362406416,0.9937179703859452,0.006282029614054788,0.9999732669323983,0.9995577948918122,0.006617507247381566
2577,3.4011442103967075e-08,3.0496856359211392e-12,14.42614769671592,0.504878644562853,0.993722788093024,0.006277211906976066,0.9999733113538415,0.9995563513011838,0.006653534718965698
2578,3.4011442103967075e-08,4.273330648593693e-12,14.421167210601286,0.5048407539477203,0.993721876634928,0.00627812336507204,0.9999731805967325,0.9995553900961129,0.006662624005678777
2579,3.4011442103967075e-08,4.318595819545039e-12,14.415770921966672,0.5048566393602502,0.9937101578879797,0.006289842112020283,0.9999730881599836,0.9995533752834699,0.006704633010877359
2580,3.4011442103967075e-08,3.9153740995446965e-12,14.411699863728561,0.5048622383171254,0.9937173193444481,0.006282680655551913,0.9999732062085549,0.9995581486319496,0.00662461566100906
2581,3.4011442103967075e-08,4.898567468426852e-12,14.403472351193624,0.504826561243083,0.9937220068432274,0.006277993156772616,0.9999733688027342,0.9995611364472282,0.006597442604929155
2582,3.4011442103967075e-08,3.447594924002837e-12,14.403109843291874,0.5047924466686337,0.9937253922590125,0.006274607740987567,0.9999730583444594,0.9995601554562348,0.006622938667392475
2583,3.4011442103967075e-08,3.680572069365014e-12,14.401918760319322,0.50479778520891,0.9937276058001027,0.006272394199897344,0.999973147681739,0.999558127571789,0.006613310435540256
2584,3.4011442103967075e-08,2.994922317000198e-12,14.40365239889732,0.5048165352040273,0.9937244808009165,0.0062755191990835416,0.9999738372367521,0.9995628026711182,0.006573561005620046
2585,3.4011442103967075e-08,3.0824688783900726e-12,14.405562231999475,0.5048451810299007,0.9937337255901756,0.006266274409824373,0.9999740838885965,0.9995643325262275,0.00657886953285676
2586,3.4011442103967075e-08,3.4793981823605956e-12,14.402118138355345,0.5048364570738393,0.9937438818375308,0.006256118162469229,0.9999734950674894,0.9995588707836311,0.006616329493690989
2587,3.4011442103967075e-08,4.276547160508983e-12,14.39785283570776,0.504808462289463,0.993742709962836,0.006257290037164053,0.9999736558956653,0.9995594944428792,0.00661435529230917
2588,3.4011442103967075e-08,3.9413065117698e-12,14.395141996101852,0.5048257799932865,0.9937446630873273,0.006255336912672679,0.9999740011015836,0.9995611365777274,0.006631441495822648
2589,3.4011442103967075e-08,3.619067003804041e-12,14.393366015153916,0.5047886706279504,0.9937548193346825,0.006245180665317535,0.9999741182793317,0.9995611958528553,0.006590789346528337
2590,3.4011442103967075e-08,3.762775378602831e-12,14.390751065328674,0.5048045560404802,0.9937494807944061,0.006250519205593957,0.9999738243121584,0.9995591110894488,0.006661751824091891
2591,3.4011442103967075e-08,4.2911585668700065e-12,14.385911890370831,0.5048175768704227,0.9937510432939991,0.0062489567060008576,0.9999739941005177,0.9995603513972386,0.006652127141878321
2592,3.4011442103967075e-08,4.737996026826071e-12,14.37967324908152,0.5048179674953209,0.9937631526658457,0.00623684733415434,0.9999740955676412,0.9995631783955493,0.0065970875513563796
2593,3.4011442103967075e-08,3.5349686788805844e-12,14.37929334842973,0.5048322904082577,0.9937661474567324,0.006233852543267567,0.999974425100724,0.9995640379612101,0.006599689878982001
2594,3.4011442103967075e-08,4.8991073761427975e-12,14.369551486378759,0.504837889365133,0.9937513037105979,0.006248696289402008,0.999974262515158,0.9995631864374696,0.006584773048989978
2595,3.4011442103967075e-08,5.097282480052601e-12,14.35950917190798,0.504780597713386,0.9937778662036807,0.006222133796319324,0.9999746775017275,0.999564617793337,0.006577258218582885
2596,3.4011442103967075e-08,3.329343398165694e-12,14.359533181439748,0.5048563789436513,0.9937740901629973,0.006225909837002647,0.999975064123492,0.9995676065516252,0.006566634854007547
2597,3.4011442103967075e-08,3.76329227861495e-12,14.358053149275566,0.504840363322822,0.9937800797447709,0.0062199202552291,0.9999747756674601,0.9995640437205704,0.006590858902360202
2598,3.4011442103967075e-08,3.3465102597971322e-12,14.358736193949614,0.5048485664456859,0.993774610996195,0.006225389003804947,0.999974779018368,0.9995665268539279,0.006578089446425964
2599,3.4011442103967075e-08,4.9394965406416935e-12,14.349929809176087,0.5048028633325877,0.9937834651605559,0.006216534839444053,0.9999742732242071,0.9995602517390112,0.006597045056831837
2600,3.4011442103967075e-08,2.6386990388095888e-12,14.352535071685756,0.5047697904245337,0.9937898453672278,0.006210154632772231,0.9999741006431763,0.9995595841176725,0.006582701363673308
2601,3.4011442103967075e-08,3.753577742371193e-12,14.351250487472958,0.5048049466653785,0.9937855484933468,0.006214451506653253,0.9999745454411485,0.9995636307001727,0.006555088446728829
2602,3.4011442103967075e-08,5.023806127784698e-12,14.339406092857615,0.5048165352040273,0.9937980484900916,0.006201951509908461,0.9999745248952143,0.9995666985999255,0.006543084590753307
2603,3.4011442103967075e-08,5.934621280840146e-12,14.324480635091016,0.5047834622959734,0.9938118505698306,0.00618814943016942,0.9999746649011936,0.9995644912909114,0.006592175574141538
2604,3.4011442103967075e-08,3.771932519119065e-12,14.324113696247837,0.5047717435490251,0.9938057307797576,0.006194269220242391,0.9999746474804992,0.9995657820722965,0.006549829594244444
2605,3.4011442103967075e-08,3.731373479085916e-12,14.322074693256996,0.5047936185433285,0.9937861995348438,0.006213800465156129,0.9999745392719471,0.9995668281173554,0.006570813785969954
2606,3.4011442103967075e-08,4.796204792740769e-12,14.312724715109068,0.5047691393830366,0.9937904964087249,0.006209503591275106,0.9999749551351951,0.9995724158691356,0.006518363196116388
2607,3.4011442103967075e-08,5.395031270055955e-12,14.299854783246687,0.5047954414595205,0.9937932307830128,0.006206769216987183,0.9999749872865747,0.9995729747396677,0.006518653641878142
2608,3.4011442103967075e-08,3.4556617086071685e-12,14.29866116744808,0.5047169258549672,0.9937951839075042,0.006204816092495809,0.9999744401991562,0.999569416206789,0.00650479816415792
2609,3.4011442103967075e-08,6.766524163361431e-12,14.280925727900822,0.5047240873114356,0.9937967464070973,0.00620325359290271,0.999974058907385,0.999566947247977,0.006530075173189557
2610,3.4011442103967075e-08,3.088276466323039e-12,14.282252323534886,0.504719920645854,0.9937976578651933,0.006202342134806736,0.9999738569672941,0.9995641223417215,0.0065634550726118525
2611,3.4011442103967075e-08,3.4856641299495316e-12,14.281515299790486,0.5047515612626142,0.9938026057805714,0.006197394219428588,0.9999740867616344,0.9995681939211523,0.006499157671469698
2612,3.4011442103967075e-08,3.489162722742869e-12,14.281051793087144,0.5047703112577314,0.9937992203647864,0.006200779635213637,0.999974248585472,0.9995666972317961,0.006514449647749061
2613,3.4011442103967075e-08,3.193400905020071e-12,14.282216494384343,0.5047339831421919,0.9937968766153967,0.0062031233846032855,0.9999744160061206,0.9995678017547412,0.006515099444210232
2614,3.4011442103967075e-08,6.798198259591012e-12,14.262935573883427,0.5047785143805952,0.9938066422378535,0.006193357762146416,0.9999750120858912,0.9995710559161746,0.0065181966269870885
2615,3.4011442103967075e-08,4.163131958934596e-12,14.257943294090225,0.5048138008297394,0.993817189110107,0.006182810889892997,0.9999748135033399,0.9995708184096235,0.00649041892246634
2616,3.4011442103967075e-08,3.999563010382571e-12,14.25578631884146,0.5048149727044342,0.9938299495234506,0.006170050476549355,0.9999742572486858,0.9995654346418805,0.006529845805124672
2617,3.4011442103967075e-08,3.8903646953485884e-12,14.253650647200343,0.5047861966702613,0.9938298193151512,0.00617018068484878,0.9999744559344987,0.9995662162463695,0.006513021692718394
2618,3.4011442103967075e-08,3.749379893418891e-12,14.251430122113836,0.5047083321072052,0.9938339859807328,0.0061660140192671825,0.999974437986593,0.999566115331011,0.006482443978984589
2619,3.4011442103967075e-08,3.0368184200799756e-12,14.252871152314487,0.5048144518712365,0.9938365901467213,0.006163409853278684,0.9999741759716342,0.9995657813685371,0.0064436379691647306
2620,3.4011442103967075e-08,6.083771043975548e-12,14.236831845887803,0.504716535230069,0.9938334651475351,0.006166534852464882,0.9999744175018712,0.9995666878008432,0.006480436934841497
2621,3.4011442103967075e-08,5.594822135783312e-12,14.22390927790301,0.5046794258647328,0.9938343766056311,0.006165623394368908,0.9999740941459568,0.9995623622969059,0.006511714521372535
2622,3.4011442103967075e-08,3.3370882712743293e-12,14.22405855364085,0.5046979154432512,0.9938476578521724,0.006152342147827566,0.999974577655832,0.9995668968634471,0.006470928155664907
2623,3.4011442103967075e-08,4.920277279569001e-12,14.21510973316422,0.5047143216889787,0.993854558892042,0.006145441107958045,0.9999742771554265,0.9995669604752611,0.006464603930041592
2624,3.4011442103967075e-08,4.623603029155155e-12,14.207512016136922,0.5047177071047638,0.9938438818114891,0.006156118188510889,0.9999746290408887,0.9995707046531497,0.00646218222312635
2625,3.4011442103967075e-08,3.3681243858355447e-12,14.208344630342449,0.5047416654318579,0.9938427099367942,0.0061572900632057125,0.9999749286176063,0.9995731193987698,0.006470620463672931
2626,3.4011442103967075e-08,2.7769215947470808e-12,14.211338373632763,0.5047540352203034,0.9938345068139305,0.006165493186069483,0.9999750954882891,0.9995770548495162,0.006433720267461375
2627,3.4011442103967075e-08,3.021364464029683e-12,14.2130510909134,0.5047458320974395,0.9938481786853701,0.006151821314629866,0.9999751242111505,0.9995779211767623,0.00641825577378466
2628,3.4011442103967075e-08,2.8921797120660975e-12,14.214123808821576,0.5047223946035431,0.993836199521823,0.006163800478176959,0.999974943717896,0.999575546416248,0.006459555517201583
2629,3.4011442103967075e-08,7.620458729864776e-12,14.189300709751969,0.5046720039916657,0.9938403661874047,0.006159633812595361,0.9999752628345271,0.9995785126312412,0.006446473268193106
2630,3.4011442103967075e-08,3.667642391295229e-12,14.187389066284682,0.504679165448134,0.9938510432679575,0.0061489567320425174,0.9999754235799356,0.999578583999274,0.00643739219430941
2631,3.4011442103967075e-08,3.5045380166060385e-12,14.188299395503078,0.5046518217052548,0.9938506526430592,0.006149347356940792,0.9999756904719013,0.9995810728197109,0.006453259330654087
2632,3.4011442103967075e-08,4.283567918008327e-12,14.182284189832004,0.5046645821185984,0.9938399755625064,0.006160024437493636,0.9999751536808794,0.9995780385087069,0.006494506420150838
2633,3.4011442103967075e-08,4.30796283702529e-12,14.178396817757616,0.5046006498435808,0.9938548193086408,0.006145180691359195,0.9999754550677455,0.9995803114261396,0.0064783037015468765
2634,3.4011442103967075e-08,4.8887224402849055e-12,14.171121432432955,0.5046214831714888,0.9938548193086408,0.006145180691359195,0.9999753170118072,0.9995781915441622,0.006479301361373529
2635,3.4011442103967075e-08,2.969350343821224e-12,14.174294164050362,0.5046348946263295,0.9938488297268673,0.006151170273132741,0.9999752900841533,0.9995765012070071,0.0064783802708313016
2636,3.4011442103967075e-08,3.8016797678744104e-12,14.173856885824373,0.5046570300372317,0.993864975555996,0.006135024444004051,0.9999754099817213,0.9995779479442588,0.006442413033508619
2637,3.4011442103967075e-08,3.955143317973493e-12,14.169781945606665,0.5046994779428443,0.9938645849310976,0.006135415068902326,0.9999751450848736,0.9995768779503555,0.006470626345983104
2638,3.4011442103967075e-08,3.0111421257183745e-12,14.171475763845782,0.5046787748232358,0.9938756526365488,0.006124347363451207,0.9999752694717821,0.9995782249414539,0.006454845782308682
2639,3.4011442103967075e-08,4.0333503044401696e-12,14.1682639782571,0.5046816394058231,0.9938867203419999,0.006113279658000089,0.9999751723411543,0.9995779807934959,0.006447533754884774
2640,3.4011442103967075e-08,3.78630029131645e-12,14.164625112585085,0.504656509204034,0.9938820328432206,0.0061179671567793865,0.999974996161733,0.9995779778615856,0.006450310630169983
2641,3.4011442103967075e-08,4.1489951036316175e-12,14.161057839428095,0.5046480456645714,0.9938901057577849,0.006109894242215041,0.9999751967775888,0.9995793359081202,0.006441932997182806
2642,3.4011442103967075e-08,3.705177342384065e-12,14.15957012432444,0.5046923164863759,0.9938863297171017,0.0061136702828983635,0.9999752282742412,0.9995809730440643,0.006413393790414472
2643,3.4011442103967075e-08,5.261104985921651e-12,14.147746562543793,0.5046988269013472,0.9938937515901689,0.006106248409831143,0.9999754084837446,0.9995778600338215,0.006424781534311756
2644,3.4011442103967075e-08,4.046614521749636e-12,14.143730182284418,0.5047006498175391,0.9938940120067677,0.0061059879932322935,0.9999754169098437,0.999578408040251,0.006399086293604276
2645,3.4011442103967075e-08,3.0800577755539824e-12,14.144998812750549,0.5047596341771786,0.9938829443013166,0.006117055698683412,0.9999753013328228,0.9995776201142189,0.006408727733494532
2646,3.4011442103967075e-08,2.6859959447102444e-12,14.149199537553152,0.5047675768834435,0.9938850276341074,0.006114972365892613,0.9999752182380135,0.9995780084728845,0.006401378850745615
2647,3.4011442103967075e-08,4.9878766795292865e-12,14.140748622835574,0.5047110664814931,0.9938968765893551,0.006103123410644945,0.9999755055685454,0.9995774990256204,0.006432369575809518
2648,3.4011442103967075e-08,3.5204195918797434e-12,14.13942333857435,0.5047367175164799,0.9939105484607946,0.006089451539205328,0.9999753699724089,0.9995746226776044,0.006435123120774027
2649,3.4011442103967075e-08,3.0234226453793012e-12,14.141524204393015,0.5047377591828752,0.9938959651312591,0.00610403486874092,0.9999756837292565,0.9995786827905315,0.006426825342501381
2650,3.4011442103967075e-08,3.834035192726972e-12,14.13844789187691,0.5047647123008562,0.9939015640881343,0.006098435911865648,0.9999754053957007,0.9995765272173537,0.006427623825711328
2651,3.4011442103967075e-08,5.108391842961781e-12,14.128179014871254,0.5046945300274661,0.9939059911703148,0.0060940088296852005,0.9999754288750451,0.9995746072568981,0.006441968313755455
2652,3.4011442103967075e-08,3.6732801704493365e-12,14.128285522661074,0.504729425851712,0.9939061213786142,0.006093878621385776,0.9999757452064507,0.9995780441105483,0.006413213360671586
2653,3.4011442103967075e-08,4.444544781328212e-12,14.123949997232247,0.5046756498240496,0.9939115901271901,0.006088409872809929,0.9999754609255637,0.9995774430144159,0.006404071541554833
2654,3.4011442103967075e-08,2.7916342103640366e-12,14.126447398734708,0.5046821602390208,0.9939234390824377,0.006076560917562261,0.9999750800537294,0.9995770520938255,0.006379494830336154
2655,3.4011442103967075e-08,3.6741091693967536e-12,14.124105254712921,0.5046108060909359,0.9939083349197044,0.006091665080295552,0.9999753103773639,0.9995784936421205,0.00640243836990246
2656,3.4011442103967075e-08,3.2721512200488824e-12,14.125981729887881,0.5046376290006175,0.9939126317935855,0.00608736820641453,0.9999749401802358,0.9995766701366589,0.006426784952259842
2657,3.4011442103967075e-08,4.937394848922474e-12,14.11594999958867,0.5046670560762875,0.9939286474144148,0.006071352585585264,0.9999752486591983,0.9995796798590085,0.006430993259877526
2658,3.4011442103967075e-08,2.886160824451982e-12,14.119008869889608,0.504627082128364,0.9939291682476125,0.006070831752387564,0.9999753401804298,0.9995804399641456,0.0064168033371709435
2659,3.4011442103967075e-08,3.659758860287778e-12,14.115038458226262,0.5046191394220991,0.9939276057480193,0.006072394251980664,0.999975417565463,0.9995801374836674,0.006397534414209421
2660,3.4011442103967075e-08,4.26600467757374e-12,14.110981832977599,0.5046122383822296,0.9939316422053015,0.006068357794698491,0.999975817754761,0.9995837876361243,0.006387873113850478
2661,3.4011442103967075e-08,7.156223113240241e-12,14.088954594250485,0.5045927071373159,0.9939345067878889,0.006065493212111143,0.9999759072416208,0.9995845892699854,0.006393615039447393
2662,3.4011442103967075e-08,4.098669678726371e-12,14.087038037311014,0.5046014310933773,0.9939501317838199,0.006049868216180152,0.9999758975951959,0.9995838036883545,0.006368530238711847
2663,3.4011442103967075e-08,5.87531414683873e-12,14.073526946151068,0.5045380196515574,0.993948048451029,0.006051951548970951,0.9999755040521863,0.9995808233586673,0.006344301023481581
2664,3.4011442103967075e-08,4.099936696297912e-12,14.06711490682411,0.5045830717231584,0.9939467463680348,0.0060532536319652,0.9999752117284834,0.9995799432581189,0.0063702628135654275
2665,3.4011442103967075e-08,4.734729170608127e-12,14.061197480837773,0.5045371081934614,0.9939628921971635,0.00603710780283651,0.9999754039237956,0.9995813121848216,0.006370121001993609
2666,3.4011442103967075e-08,7.977176448114551e-12,14.034977557806315,0.5045744779753963,0.9939591161564801,0.0060408838435198325,0.9999756406882431,0.9995841034611791,0.006370514607806458
2667,3.4011442103967075e-08,6.814812000812698e-12,14.014414398320541,0.5045993477605866,0.9939528661581077,0.006047133841892228,0.9999753280972162,0.9995822695128591,0.006430447566606684
2668,3.4011442103967075e-08,3.0481214885669755e-12,14.016212423484937,0.5045878894302371,0.9939545588660003,0.006045441133999705,0.9999756052688055,0.9995820498923685,0.006417719868294143
2669,3.4011442103967075e-08,5.226380508306944e-12,14.00643079827856,0.5045951810950049,0.9939613296975703,0.006038670302429609,0.9999756260678422,0.9995793019747923,0.0064457026057834575
2670,3.4011442103967075e-08,2.7292144473498777e-12,14.00974103916523,0.5045664050608321,0.9939622411556663,0.006037758844333634,0.999975936550735,0.9995795738342075,0.006447132065200308
2671,3.4011442103967075e-08,7.833191235105436e-12,13.980442478024088,0.504543748816732,0.9939601578228756,0.006039842177124433,0.9999758106009986,0.9995803503591552,0.00642304425656068
2672,3.4011442103967075e-08,4.6514476965434184e-12,13.973145544251238,0.5045472644408165,0.9939494807423227,0.006050519257677277,0.9999758537931369,0.9995796631784861,0.0064525156691576935
2673,3.4011442103967075e-08,4.104123655977221e-12,13.968262645466671,0.5045669258940297,0.9939463557431365,0.0060536442568634745,0.9999755485984114,0.9995802295834805,0.0064266694702618185
2674,3.4011442103967075e-08,3.513848509386543e-12,13.968577492526167,0.5045311186116879,0.9939450536601423,0.006054946339857724,0.9999755685618377,0.9995811969988785,0.006389432492168097
2675,3.4011442103967075e-08,3.263692101391803e-12,13.969876348100087,0.5045324206946821,0.993946485951436,0.00605351404856405,0.9999760494558536,0.9995847645170266,0.006386008120947933
2676,3.4011442103967075e-08,5.72686082980807e-12,13.955291499963726,0.504595832136502,0.9939569026153899,0.006043097384610056,0.9999754891819732,0.9995782760877712,0.006440954080343933
2677,3.4011442103967075e-08,4.190914410717577e-12,13.951097166143132,0.5045763008915883,0.9939647151133555,0.006035284886644561,0.9999758840915082,0.9995793104063572,0.006403506362729693
2678,3.4011442103967075e-08,3.182767727593651e-12,13.9523755283517,0.5046260404619687,0.9939619807390675,0.006038019260932484,0.9999761143040522,0.9995821380846769,0.006381466925580288
2679,3.4011442103967075e-08,3.6006835130947093e-12,13.95177898199839,0.5045950508867055,0.9939574234485876,0.006042576551412357,0.9999760143732803,0.9995831620295832,0.006366168354567968
2680,3.4011442103967075e-08,4.473923376036288e-12,13.946059716063326,0.504602863384671,0.9939595067813785,0.006040493218621558,0.9999755977191808,0.9995807712610519,0.006372535685149351
2681,3.4011442103967075e-08,4.289159721768598e-12,13.942204569306167,0.5046328112935388,0.9939518244917124,0.006048175508287628,0.999975519264862,0.9995832076567798,0.006388051263551274
2682,3.4011442103967075e-08,2.897698620788261e-12,13.944483834151574,0.5046256498370704,0.9939669286544457,0.006033071345554337,0.9999757324253993,0.9995839257554375,0.006362889172227984
2683,3.4011442103967075e-08,2.881901934210319e-12,13.947327649927397,0.5046867175295007,0.9939714859449256,0.0060285140550744645,0.9999754444462516,0.9995812174952402,0.006365874431454021
2684,3.4011442103967075e-08,3.188363839969529e-12,13.949266724922092,0.5046188790055003,0.993985418232964,0.006014581767035998,0.9999751905275076,0.9995791179432775,0.006346454850602735
2685,3.4011442103967075e-08,3.1525375355691347e-12,13.95119252195669,0.5046027331763716,0.9939928401060312,0.006007159893968777,0.999975220994815,0.9995800522017283,0.006329255774298809
2686,3.4011442103967075e-08,4.453242709404177e-12,13.945320258972338,0.5046324206686404,0.9939833349001732,0.006016665099826797,0.9999752937185563,0.9995821218603334,0.0063550980057016735
2687,3.4011442103967075e-08,3.852477910100129e-12,13.943934176287263,0.5046596342032202,0.9939912776064381,0.006008722393561877,0.9999752530820457,0.9995820557023474,0.006363823658597822
2688,3.4011442103967075e-08,2.984699310560489e-12,13.947953946181519,0.5046656237849938,0.993990626564941,0.006009373435059001,0.9999757177738021,0.9995890494816089,0.006293679859671366
2689,3.4011442103967075e-08,3.888326246715993e-12,13.945569678023116,0.5046874987792972,0.9940022151035898,0.005997784896410183,0.9999755596174956,0.999586507759157,0.006272391782663524
2690,3.4011442103967075e-08,3.6522473922105864e-12,13.944899575699504,0.5047157539802724,0.9939985692712059,0.006001430728794081,0.9999754436752895,0.999585839392071,0.006274027749187016
2691,3.4011442103967075e-08,3.481384037742223e-12,13.94509096018747,0.5047356758500844,0.9940007828122961,0.005999217187703857,0.9999750078254169,0.99958346434678,0.0063124037454634725
2692,3.4011442103967075e-08,2.9173580691455417e-12,13.948128130999686,0.5046744779493547,0.994006251560872,0.005993748439128011,0.9999751896657936,0.9995843736374888,0.006289342046426922
2693,3.4011442103967075e-08,4.525329662012729e-12,13.940796633468041,0.5046545560795427,0.9939886734404496,0.006011326559550375,0.9999752650603522,0.9995816323686133,0.006374836477577671
2694,3.4011442103967075e-08,3.357717284849629e-12,13.942305667632825,0.5046342435848324,0.9940088557268605,0.005991144273139512,0.9999753121722393,0.9995834685653422,0.006305612369424683
2695,3.4011442103967075e-08,3.1230852473079607e-12,13.942926136050104,0.5046645821185984,0.9939981786463077,0.006001821353692356,0.9999755413336623,0.9995822986574527,0.006369771271515287
2696,3.4011442103967075e-08,3.5298111639069726e-12,13.941441786934885,0.5046628894107059,0.993994011980726,0.006005988019273953,0.9999756519342845,0.9995830579984177,0.006338872962133894
2697,3.4011442103967075e-08,6.549896337832848e-12,13.922768302993804,0.5046259102536692,0.9940200536406111,0.005979946359388969,0.9999760149000256,0.9995860080849515,0.006267540005165047
2698,3.4011442103967075e-08,3.5327605898842236e-12,13.921180276554349,0.5046624987858076,0.9940233088480966,0.005976691151903346,0.9999756427228657,0.9995858655729902,0.006265484749338757
2699,3.4011442103967075e-08,3.155583133910833e-12,13.922435844458406,0.5046471342064754,0.9940266942638817,0.005973305736118298,0.9999757184877545,0.9995859451018322,0.006272565665367742
2700,3.4011442103967075e-08,5.619859075500999e-12,13.908807312412938,0.5046638008688018,0.9940072932272674,0.005992706772732611,0.9999754797688368,0.9995823486007687,0.006321950926233888
2701,3.4011442103967075e-08,5.248000487863383e-12,13.897047303832801,0.5046499987890628,0.9940207046821081,0.005979295317891845,0.9999757120235883,0.9995837020626732,0.006303104827544155
2702,3.4011442103967075e-08,4.2801094618232694e-12,13.891522890598267,0.504625259212172,0.9940265640555823,0.005973435944417723,0.9999759819131682,0.9995852413159521,0.006282919229056327
2703,3.4011442103967075e-08,7.227420704026417e-12,13.868176199394684,0.5045979154692929,0.994022788014899,0.0059772119851010455,0.9999756874722026,0.9995835947227475,0.006334611198811678
2704,3.4011442103967075e-08,3.532826292173425e-12,13.867001600820084,0.5045902331796268,0.9940223973900006,0.00597760260999932,0.9999757314769214,0.9995841996911459,0.006313287289588626
2705,3.4011442103967075e-08,2.9734909064981594e-12,13.870354821098758,0.5046152331731164,0.9940195328074133,0.0059804671925866686,0.9999754409390369,0.9995831620612028,0.006289723490006117
2706,3.4011442103967075e-08,3.732627943830403e-12,13.869070106170234,0.5046031238012698,0.9940229182231983,0.005977081776801621,0.9999757181888124,0.9995876810791119,0.006245403636138755
2707,3.4011442103967075e-08,7.662059638595865e-12,13.843678229967166,0.5045778633911814,0.9940345067618472,0.005965493238152803,0.9999758351657204,0.9995886352159774,0.006263518343998108
2708,3.4011442103967075e-08,3.0080684941287848e-12,13.845726968515747,0.5045358061104671,0.9940388036357283,0.0059611963642717805,0.9999758911693397,0.9995908374708568,0.00620910545543227
2709,3.4011442103967075e-08,3.659782279222634e-12,13.844063617912994,0.5045746081836958,0.9940446630092024,0.005955336990797659,0.9999758503449176,0.9995892586230437,0.006247231225504958
2710,3.4011442103967075e-08,3.5603252120397634e-12,13.843919041232022,0.5046363269176232,0.9940308609294632,0.005969139070536701,0.9999759866305222,0.9995915508048661,0.006256047550577613
2711,3.4011442103967075e-08,3.5461500698310334e-12,13.843415617976776,0.504536977985162,0.9940554702980546,0.00594452970194539,0.9999759945478418,0.9995908333254264,0.006225466075293778
2712,3.4011442103967075e-08,2.5886983319990913e-12,13.847700061038392,0.5045364571519643,0.9940445328009029,0.005955467199097083,0.9999763700529086,0.9995919567966426,0.006250554444639876
2713,3.4011442103967075e-08,6.291256223949146e-12,13.830261621146946,0.5045214831975304,0.9940488296747839,0.005951170325216061,0.9999760405103923,0.9995907989557286,0.006257046896044777
2714,3.4011442103967075e-08,4.0436747392067274e-12,13.826898547838672,0.5045053373684018,0.9940630223794212,0.005936977620578745,0.9999756976476771,0.9995882688606871,0.006232282829255342
2715,3.4011442103967075e-08,3.891156566433128e-12,13.824752932751007,0.5045579415213693,0.9940632827960201,0.005936717203979895,0.9999760707614089,0.9995919757949242,0.006218725096261996
2716,3.4011442103967075e-08,3.6646307114178465e-12,13.823858108755779,0.5045557279802791,0.9940628921711219,0.00593710782887817,0.9999757852765294,0.9995904915106737,0.006240516089716846
2717,3.4011442103967075e-08,3.229313320362603e-12,13.825449055784011,0.5045647123529395,0.9940720067520816,0.005927993247918425,0.9999760776350484,0.9995933972263714,0.00619836069352893
2718,3.4011442103967075e-08,4.598313901394704e-12,13.818006386344827,0.5045701811015153,0.9940666682118051,0.005933331788194847,0.9999759835818418,0.9995931893460481,0.006193898453515916
2719,3.4011442103967075e-08,4.622711714783761e-12,13.81126612570502,0.5045837227646556,0.9940789077919511,0.005921092208048904,0.9999762165892074,0.9995949077047366,0.006163699146419803
2720,3.4011442103967075e-08,4.0512429994867394e-12,13.808212214287297,0.5045361967353654,0.9940856786235212,0.005914321376478808,0.9999759658224735,0.9995933594036505,0.006171794543172564
2721,3.4011442103967075e-08,3.038196640287863e-12,13.810290444442767,0.5045626290201487,0.9940903661223005,0.005909633877699511,0.9999762328812578,0.9995958389510313,0.006150622454701981
2722,3.4011442103967075e-08,3.3538930170687375e-12,13.811275810241828,0.5044984363285322,0.9940955744542774,0.0059044255457225145,0.9999758773683943,0.9995934913197855,0.006143046537056542
2723,3.4011442103967075e-08,5.305591745118692e-12,13.800141914265831,0.5045079415343903,0.9940963557040741,0.005903644295925965,0.9999751724640511,0.9995882615366346,0.006162726011818374
2724,3.4011442103967075e-08,3.633447725459877e-12,13.800159925182797,0.5044904936222673,0.9941010432028533,0.005898956797146668,0.9999747457847601,0.9995858164160861,0.006162233845558355
2725,3.4011442103967075e-08,3.386018659052467e-12,13.800932397291067,0.5044345040535145,0.994100001536458,0.005899998463542067,0.9999751970631446,0.9995853071132348,0.006219943973198125
2726,3.4011442103967075e-08,8.516453859255201e-12,13.772393136438886,0.504452733215434,0.9941041682020395,0.005895831797960469,0.9999754804610762,0.9995864533423912,0.006242067746617878
2727,3.4011442103967075e-08,4.2454353856837984e-12,13.766513298229576,0.5044885404977759,0.994112892158101,0.005887107841898999,0.9999754645198065,0.9995875752303232,0.006225035901719843
2728,3.4011442103967075e-08,4.537281458331382e-12,13.760529871777084,0.5045528633976918,0.9940925796633907,0.005907420336609287,0.9999751005734806,0.9995848308211834,0.006278704232183124
2729,3.4011442103967075e-08,4.326605960229376e-12,13.755300684169613,0.5044829415409007,0.9940973973704694,0.0059026026295305655,0.9999752326550021,0.9995860557916225,0.0062970997733149525
2730,3.4011442103967075e-08,3.8548509392934455e-12,13.751534579401545,0.5045058582015994,0.9941074234095252,0.005892576590474846,0.9999747481602976,0.9995844820339355,0.006288490482274144
2731,3.4011442103967075e-08,4.858116115777223e-12,13.743055452759396,0.5045013009111196,0.9941056004933332,0.005894399506666795,0.9999754144123356,0.9995883005025107,0.006278997462390395
2732,3.4011442103967075e-08,4.601123950069102e-12,13.736870322594012,0.5044785144587202,0.9941148452825924,0.005885154717407626,0.9999754874053921,0.9995894545629791,0.006238892392955803
2733,3.4011442103967075e-08,2.5495521157236862e-12,13.74201134993783,0.5045121081999718,0.9941126317415021,0.0058873682584978495,0.9999754881909643,0.9995866139123695,0.006268243520301828
2734,3.4011442103967075e-08,4.397586949768206e-12,13.735553075780354,0.5044904936222673,0.9941278661125349,0.005872133887465133,0.9999755611925032,0.9995884264310618,0.006238748719999335
2735,3.4011442103967075e-08,3.2427752824611103e-12,13.737387497479705,0.5044550769648237,0.9941285171540319,0.005871482845968009,0.9999753455044238,0.9995850009086311,0.006245027053366537
2736,3.4011442103967075e-08,3.2321957341070815e-12,13.738904496668923,0.5044635405042863,0.9941388036096865,0.00586119639031344,0.9999755911075844,0.9995877551819596,0.006197427889680479
2737,3.4011442103967075e-08,4.6424212052982726e-12,13.731353079015696,0.504478774875319,0.9941364598602969,0.005863540139703089,0.9999757792706353,0.9995904808718485,0.006198942834320247
2738,3.4011442103967075e-08,3.424532328558072e-12,13.732831964366882,0.5044785144587202,0.9941388036096865,0.00586119639031344,0.9999760563700997,0.9995908354767419,0.0061818370550266065
2739,3.4011442103967075e-08,3.710302590709458e-12,13.730438184135167,0.5044704415441559,0.9941279963208343,0.005872003679165709,0.9999758256721047,0.9995873125908242,0.0062611215461297305
2740,3.4011442103967075e-08,3.1722263818147e-12,13.732616311136175,0.5044868477898834,0.9941299494453256,0.005870050554674335,0.9999759186201921,0.9995878429368409,0.0062863249538317
2741,3.4011442103967075e-08,3.897014039999016e-12,13.72992309758288,0.5044687488362634,0.9941431004835676,0.005856899516432417,0.9999760152813156,0.9995893723100756,0.00628493375392665
2742,3.4011442103967075e-08,3.700114670840545e-12,13.72907449977234,0.5044645821706817,0.9941466161076521,0.005853383892347945,0.9999755617473584,0.999587511825841,0.006247660379993993
2743,3.4011442103967075e-08,3.2844446367167374e-12,13.729480692409973,0.5044428373846778,0.9941445327748613,0.005855467225138743,0.9999756279211464,0.9995888798364584,0.006200357903734072
2744,3.4011442103967075e-08,5.40967440090868e-12,13.717642602714555,0.504423306139764,0.9941492202736405,0.005850779726359446,0.9999757607669684,0.999590758647707,0.006196515314038502
2745,3.4011442103967075e-08,3.5966778845194194e-12,13.71603411421021,0.5045015613277184,0.9941404963175791,0.005859503682420916,0.9999758697100939,0.9995939083762541,0.006190200061288795
2746,3.4011442103967075e-08,3.3546456195579686e-12,13.717694418905326,0.504477212375726,0.994136199443698,0.005863800556301938,0.9999760560564074,0.9995951513490032,0.006218938923010808
2747,3.4011442103967075e-08,4.297979353343313e-12,13.711334796634015,0.5044397123854916,0.9941541681890187,0.0058458318109813,0.9999758742810467,0.999596430136372,0.006165799759564779
2748,3.4011442103967075e-08,3.388099930082123e-12,13.712999085673944,0.5044565092561174,0.9941522150645273,0.005847784935472673,0.9999759703943546,0.9995945852449784,0.006202470137739401
2749,3.4011442103967075e-08,3.0901119834318215e-12,13.714502376069623,0.5044440092593726,0.9941575536048037,0.005842446395196251,0.9999761554881376,0.9995945494173959,0.006173857856130413
2750,3.4011442103967075e-08,2.96433312716118e-12,13.718482425907684,0.5044540352984284,0.9941681004770572,0.005831899522942833,0.9999756438746976,0.9995911637188373,0.006166467874146398
2751,3.4011442103967075e-08,2.993565156812489e-12,13.72124095221973,0.504524738405016,0.9941718765177405,0.00582812348225951,0.9999754729470414,0.9995890470521835,0.006145983928309066
2752,3.4011442103967075e-08,3.777308635382359e-12,13.719337517960591,0.504482160291104,0.9941776056829151,0.005822394317084813,0.9999757154675817,0.9995924099231154,0.006091365907870934
2753,3.4011442103967075e-08,4.9009547255859645e-12,13.711634286357537,0.504468358211365,0.994182423389994,0.005817576610006091,0.9999757859928806,0.9995938731003712,0.006088736340068848
2754,3.4011442103967075e-08,3.5842278450661447e-12,13.710524808034025,0.5045529936059913,0.994183985889587,0.005816014110412992,0.9999757670015278,0.9995959873723981,0.00607821074500732
2755,3.4011442103967075e-08,9.156642888002325e-12,13.675492459586328,0.5045264311129085,0.9941834650563893,0.005816534943610692,0.999975509095025,0.9995933693367752,0.006096126447109558
2756,3.4011442103967075e-08,3.178077621697189e-12,13.676929164955284,0.5044722644603478,0.9941750015169267,0.005824998483073312,0.9999752314583397,0.9995954531530286,0.006095901913129426
2757,3.4011442103967075e-08,3.3197516459874797e-12,13.678649174816965,0.5045248686133155,0.994183074431491,0.005816925568508966,0.9999750432117853,0.9995923440871206,0.006105064125880384
2758,3.4011442103967075e-08,3.718367981482082e-12,13.677945687223533,0.5044930977882558,0.9941884129717674,0.005811587028232545,0.9999748513658941,0.9995898170980251,0.006140911495557738
2759,3.4011442103967075e-08,3.506676184026365e-12,13.678360313210572,0.5045124988248701,0.9941811213069996,0.005818878693000341,0.9999752263717638,0.9995936660819812,0.0061312866457715895
2760,3.4011442103967075e-08,4.140709145046085e-12,13.67407157104908,0.5045917956792199,0.9941966160946313,0.005803383905368774,0.999975387763196,0.9995938733952824,0.006126489887779508
2761,3.4011442103967075e-08,1.0838282551762095e-11,13.628643719856546,0.5045721342260067,0.9941955744282358,0.005804425571764174,0.9999757185141022,0.999594096208979,0.006114169953227399
2762,3.4011442103967075e-08,6.059185000225863e-12,13.613491403274292,0.504529035278897,0.9941983088025238,0.005801691197476251,0.9999755527906462,0.9995914217400484,0.0061578040094342765
2763,3.4011442103967075e-08,3.0473527017704217e-12,13.616503402843389,0.5045669258940297,0.994202084843207,0.005797915156792928,0.9999759176165902,0.9995953452332716,0.006102491255968786
2764,3.4011442103967075e-08,3.814841103769349e-12,13.614325458244453,0.5045687488102216,0.9942028660930036,0.0057971339069963785,0.9999759362660691,0.9995948519165763,0.006099080098179525
2765,3.4011442103967075e-08,5.3995256881253744e-12,13.603229760219236,0.5046022123431738,0.994200522343614,0.005799477656386027,0.999975948447574,0.999597026507804,0.006065670699938055
2766,3.4011442103967075e-08,3.2473861725571117e-12,13.60498797358455,0.5045537748557878,0.9942069025502858,0.005793097449714206,0.999976157279862,0.9995975848018029,0.006057712894522808
2767,3.4011442103967075e-08,2.998486351529624e-12,13.606530658455455,0.5045283842374,0.9942174494225392,0.0057825505774607875,0.9999759681752441,0.9995940364433672,0.006127624908007288
2768,3.4011442103967075e-08,6.657358159253564e-12,13.586693257320166,0.5045673165189279,0.9942359390010576,0.005764060998942448,0.9999760168777028,0.9995953225346214,0.00609626400886467
2769,3.4011442103967075e-08,3.536068624961709e-12,13.587438011474445,0.504506639451396,0.9942242202541093,0.005775779745890691,0.9999761150529645,0.99959524954979,0.006120634242891716
2770,3.4011442103967075e-08,4.2936470501839426e-12,13.583049643175752,0.504538800901354,0.9942261733786006,0.0057738266213993176,0.9999757662712832,0.9995932218873722,0.0061397017894677195
2771,3.4011442103967075e-08,8.6642191786696e-12,13.550932828593352,0.5045528633976918,0.9942106785909691,0.005789321409030883,0.9999757424099376,0.9995901910922997,0.006209031125091157
2772,3.4011442103967075e-08,6.338163073283098e-12,13.533381494481851,0.5045746081836958,0.9942269546283973,0.005773045371602768,0.9999756014458897,0.9995904326594203,0.00615394862731085
2773,3.4011442103967075e-08,3.2670635167834106e-12,13.53517591981278,0.5045610665205555,0.9942192723387312,0.0057807276612688386,0.999975387558447,0.9995878598582353,0.006180886577476648
2774,3.4011442103967075e-08,3.4090824274221763e-12,13.535138885371794,0.504601951926575,0.9942313817105777,0.005768618289422321,0.99997592031364,0.9995910377429076,0.0061543499353219734
2775,3.4011442103967075e-08,5.205417666457582e-12,13.52230902652629,0.5045641915197417,0.9942389337919443,0.005761066208055675,0.9999760705210964,0.9995922687033619,0.006127666709895483
2776,3.4011442103967075e-08,5.0187467809517385e-12,13.513293241399449,0.50455781131307,0.9942398452500403,0.0057601547499597,0.9999760046565163,0.999591866631556,0.006130515229855691
2777,3.4011442103967075e-08,3.984409098217089e-12,13.509604218127853,0.5045324206946821,0.9942384129587466,0.005761587041253374,0.9999757004277393,0.9995937651564819,0.006083436679863722
2778,3.4011442103967075e-08,3.5967474081046754e-12,13.509817448626388,0.5044874988313806,0.9942356785844587,0.005764321415541298,0.9999754565443331,0.9995916831797985,0.00608237481351135
2779,3.4011442103967075e-08,4.7689323620556825e-12,13.502401382707715,0.5044757800844323,0.9942472671231075,0.00575273287689248,0.9999749375792052,0.9995886463060232,0.006077968864030276
2780,3.4011442103967075e-08,3.168816814943153e-12,13.505290418304439,0.5045252592382138,0.9942352879595604,0.005764712040439573,0.9999752431011923,0.9995913273268187,0.006102549007860227
2781,3.4011442103967075e-08,3.0313960493063104e-12,13.507792299465853,0.5045367175685631,0.9942394546251421,0.005760545374857975,0.9999752654848754,0.9995909949181523,0.006115829260840727
2782,3.4011442103967075e-08,1.1298651091442662e-11,13.46022692056899,0.5044838529989966,0.9942395848334414,0.0057604151665585504,0.9999751406064611,0.9995898418770334,0.006129349349909521
2783,3.4011442103967075e-08,3.5355846095514998e-12,13.459629480441913,0.5045294259037953,0.994228386919691,0.005771613080309094,0.9999752984193127,0.9995943307403187,0.006101744427209975
2784,3.4011442103967075e-08,4.2610477496205525e-12,13.454748002267277,0.5045223946556264,0.9942244806707081,0.005775519329291841,0.9999751748879835,0.9995932131913242,0.006104879929959892
2785,3.4011442103967075e-08,6.9482566712546686e-12,13.433649918944557,0.5044820300828047,0.994235157751261,0.005764842248738997,0.9999750731169483,0.9995885693993404,0.00613900800671059
2786,3.4011442103967075e-08,2.680233538825977e-12,13.438454912539795,0.5045360665270661,0.9942338556682667,0.005766144331733247,0.9999754596266802,0.9995931302154234,0.006131681540580666
2787,3.4011442103967075e-08,4.58967835508024e-12,13.432805080379604,0.504528123820801,0.9942415379579328,0.005758462042067177,0.9999758308981137,0.9995949741738793,0.006128822018131697
2788,3.4011442103967075e-08,5.993118664561241e-12,13.418172568285506,0.504491925913561,0.9942540379546776,0.005745962045322384,0.9999763502402924,0.9996006830113816,0.006036856218723427
2789,3.4011442103967075e-08,3.8981468645424334e-12,13.416665036656523,0.504500519661323,0.9942524754550846,0.005747524544915483,0.9999764920287209,0.9996009181705547,0.006015773052330799
2790,3.4011442103967075e-08,5.170545114242816e-12,13.405773685495399,0.5044744780014381,0.9942535171214799,0.005746482878520084,0.9999766092182734,0.9996009393793294,0.006086759459910681
2791,3.4011442103967075e-08,7.664888327050798e-12,13.382985891465493,0.5045153634074574,0.994255991079169,0.0057440089208310105,0.9999759165968578,0.9995933934208375,0.006122488297235498
2792,3.4011442103967075e-08,3.5631806217044136e-12,13.38336495561671,0.5045536446474884,0.9942511733720902,0.005748826627909732,0.9999761122793275,0.999596059285238,0.006126897359415155
2793,3.4011442103967075e-08,3.739258267310138e-12,13.382580160139561,0.5045588529794653,0.9942667983680212,0.005733201631978741,0.9999761594049275,0.9995969736632416,0.006107291583832088
2794,3.4011442103967075e-08,9.734258279723583e-12,13.34637342853721,0.5045888008883331,0.9942682306593149,0.005731769340685067,0.9999759830636002,0.9995999886841398,0.006072298485038002
2795,3.4011442103967075e-08,3.911955178771842e-12,13.345428362359753,0.5045722644343061,0.9942626317024397,0.005737368297560339,0.9999753942761787,0.999595796434047,0.006080812477561204
2796,3.4011442103967075e-08,4.317061993007622e-12,13.340290201018947,0.5045493477736074,0.9942496108724972,0.005750389127502831,0.9999752127574958,0.9995956346813497,0.006084150822894659
2797,3.4011442103967075e-08,4.0836629493716134e-12,13.33699916252093,0.5045553373553809,0.9942536473297794,0.005746352670220659,0.9999749631246849,0.9995912170165531,0.006105268163994021
2798,3.4011442103967075e-08,4.3857645576438014e-12,13.33162829795567,0.5045386706930545,0.9942537775380788,0.0057462224619212335,0.9999754073125209,0.9995924897098641,0.006117183704455653
2799,3.4011442103967075e-08,4.521666230714343e-12,13.327173766902229,0.5044618477963938,0.9942576837870615,0.005742316212938486,0.9999755772036554,0.9995926747711849,0.006112834961892264
2800,3.4011442103967075e-08,4.531587401657228e-12,13.32288907238896,0.5044816394579064,0.9942526056633839,0.005747394336616058,0.9999762530013603,0.9995970007251918,0.006099218131502449
2801,3.4011442103967075e-08,3.759432071094918e-12,13.321843118325518,0.504482420707703,0.994250782747192,0.005749217252808007,0.9999759763856669,0.9995955381372099,0.006099064902065535
2802,3.4011442103967075e-08,5.810764230005635e-12,13.30843129568926,0.5045052071601023,0.994263673368835,0.00573632663116494,0.9999760039024306,0.9995957849330862,0.006067692661582345
2803,3.4011442103967075e-08,3.443371867448468e-12,13.309209478433996,0.5045055977850006,0.994263673368835,0.00573632663116494,0.9999763329510217,0.9995984639095012,0.006041152298359866
2804,3.4011442103967075e-08,4.093964710718152e-12,13.305719134763471,0.5045542956889855,0.994266407743123,0.005733592256877016,0.9999765185028848,0.9995986439536224,0.006079197250500073
2805,3.4011442103967075e-08,3.4118883622770197e-12,13.306142131548706,0.5045348946523712,0.9942717462833994,0.005728253716600595,0.9999763477928431,0.9995989199266487,0.006048694887921442
2806,3.4011442103967075e-08,4.618016051127269e-12,13.300745957773023,0.5045164050738529,0.9942700535755069,0.005729946424493118,0.9999760648616438,0.9995973879387139,0.006089990316099834
2807,3.4011442103967075e-08,4.018828812447275e-12,13.298242140084348,0.5045207019477339,0.9942686212842132,0.005731378715786792,0.99997645436871,0.999599506167294,0.006094747666824932
2808,3.4011442103967075e-08,3.314495422609628e-12,13.299819641797097,0.5045386706930545,0.9942829441971499,0.005717055802850052,0.9999763714005021,0.9995983508672245,0.006093549663861036
2809,3.4011442103967075e-08,2.838385409623647e-12,13.303182741687639,0.5045815092235653,0.9942675796178178,0.005732420382182192,0.9999764061186426,0.9995976143942531,0.006122784206473876
2810,3.4011442103967075e-08,3.645548271735479e-12,13.303380963187571,0.5045597644375613,0.9942757827406816,0.005724217259318422,0.999976263903578,0.9995974352524227,0.006119169562549171
2811,3.4011442103967075e-08,3.1773756920094776e-12,13.3052689255464,0.5045341134025746,0.9942860691963361,0.005713930803663853,0.9999762860882353,0.9995976011146049,0.006102529252119856
2812,3.4011442103967075e-08,3.347334129350584e-12,13.305437430688846,0.5045061186181983,0.9942846369050424,0.005715363094957527,0.9999764119901932,0.9995993345266442,0.00607714526052201
2813,3.4011442103967075e-08,4.452389318522978e-12,13.299941971194253,0.5045571602715728,0.9942914077366126,0.005708592263387432,0.9999763115979193,0.9996012812466436,0.006022632362730427
2814,3.4011442103967075e-08,3.634508690362556e-12,13.299633649286472,0.5046075508834503,0.9942807306560597,0.005719269343940275,0.9999761666176135,0.9995996066070216,0.006057339673524365
2815,3.4011442103967075e-08,3.6231768930638027e-12,13.299790876427,0.5046230456710818,0.9942937514860022,0.005706248513997782,0.9999765390246744,0.9996005835626405,0.00604173240995832
2816,3.4011442103967075e-08,5.395594253852372e-12,13.287504182599806,0.5046204415050933,0.9942864598212344,0.005713540178765578,0.9999764909128008,0.9996006601840598,0.006068379275858347
2817,3.4011442103967075e-08,3.282794887255314e-12,13.290503340871023,0.5045460925661217,0.9942841160718447,0.005715883928155227,0.9999764466563891,0.9995995808784971,0.006094940082254648
2818,3.4011442103967075e-08,2.8420807242200155e-12,13.294012522295976,0.5045652331861372,0.9942973973183861,0.005702602681613885,0.9999764282376012,0.999601488262014,0.006040088839139001
2819,3.4011442103967075e-08,6.163905927421011e-12,13.280157163006363,0.5045971342194963,0.9942994806511769,0.005700519348823086,0.9999760473650481,0.9995980263856937,0.006056118482404013
2820,3.4011442103967075e-08,3.2583376855743965e-12,13.282053151639932,0.5045865873472429,0.9942937514860022,0.005706248513997782,0.9999754997843153,0.9995944710540785,0.006089739370493853
2821,3.4011442103967075e-08,3.087142462530058e-12,13.285267545637224,0.5045917956792199,0.9942894546121211,0.0057105453878788055,0.9999755799236948,0.9995980349591098,0.0060602722668616415
2822,3.4011442103967075e-08,5.6686272718855744e-12,13.273207038642521,0.5045263009046091,0.9943066421076453,0.005693357892354716,0.9999759748473802,0.9996022255194977,0.005999280389592282
2823,3.4011442103967075e-08,3.492714201677728e-12,13.274091556578833,0.5045641915197417,0.994316668146701,0.005683331853298996,0.9999756431001093,0.9995996267882671,0.006003471701987666
2824,3.4011442103967075e-08,5.105545826864324e-12,13.265254053715221,0.504536977985162,0.9943141941890119,0.0056858058109880705,0.9999763627828824,0.9996049865869864,0.0059996022275315575
2825,3.4011442103967075e-08,4.6908086013906985e-12,13.258110884965369,0.5045481758989125,0.9943184910628929,0.005681508937107047,0.9999761840451413,0.9996048849655192,0.005991193459229543
2826,3.4011442103967075e-08,4.891963073805423e-12,13.24972463792734,0.5046124987988284,0.9943157566886051,0.005684243311394971,0.9999756916197817,0.9996005676287621,0.006017379256207548
2827,3.4011442103967075e-08,3.796489805096151e-12,13.248276568571294,0.5045690092268205,0.9943332046007279,0.005666795399272032,0.9999752682429447,0.9995972073952928,0.0060116709364016665
2828,3.4011442103967075e-08,5.666523764085009e-12,13.234969771772297,0.5046126290071279,0.99433047022644,0.005669529773559955,0.999975488322578,0.9995993933355948,0.00601474648774987
2829,3.4011442103967075e-08,3.604253193674997e-12,13.234410891486307,0.5046264310868669,0.9943341160588239,0.005665883941176057,0.9999757335747821,0.9996032039597326,0.005967695029320871
2830,3.4011442103967075e-08,7.1139126244640235e-12,13.211561173596879,0.5046846341967098,0.9943134129392154,0.005686587060784619,0.9999752223008626,0.9996024665257828,0.005976684328756132
2831,3.4011442103967075e-08,4.328982238919002e-12,13.207763179246246,0.5047032539835276,0.9943177098130964,0.005682290186903597,0.9999751183933969,0.9995999873303035,0.0060007622420957946
2832,3.4011442103967075e-08,3.4461724178196113e-12,13.20685130530158,0.5046830716971168,0.9943212254371808,0.005678774562819124,0.9999746651814964,0.9995952776195888,0.006025717973380328
2833,3.4011442103967075e-08,3.0340493447707197e-12,13.209848109180642,0.5047229154367407,0.9943325535592309,0.005667446440769156,0.9999748596340879,0.9995975797644862,0.005971445368467905
2834,3.4011442103967075e-08,3.970171107104833e-12,13.206943298938624,0.5046455717068824,0.994327084810655,0.005672915189345003,0.9999751305555933,0.9995970803899836,0.005976859813705334
2835,3.4011442103967075e-08,3.5862742928216567e-12,13.207536417150422,0.5046582019119266,0.9943294285600447,0.005670571439955354,0.9999756035885384,0.9995998795184003,0.005971223546570443
2836,3.4011442103967075e-08,7.66070513822332e-12,13.180464979137852,0.5046251290038727,0.9943231785616723,0.00567682143832775,0.999976033513166,0.9996030012702366,0.005959544597246509
2837,3.4011442103967075e-08,3.1168094761323812e-12,13.182211226681721,0.5046131498403256,0.9943348973086205,0.0056651026913795074,0.999976041051044,0.9996027423602659,0.005952354189470219
2838,3.4011442103967075e-08,4.121152983627508e-12,13.178510724625642,0.504633201918437,0.9943359389750159,0.005664061024984108,0.9999763179949961,0.9996030962906713,0.005973606442706864
2839,3.4011442103967075e-08,3.979543277819377e-12,13.17794242418933,0.5046395821251088,0.9943321629343326,0.005667837065667431,0.9999764279066468,0.9996031795485074,0.005983456963923683
2840,3.4011442103967075e-08,3.6687532110582726e-12,13.177906814474172,0.5046268217117652,0.9943368504331118,0.005663149566888134,0.9999771085012236,0.9996083146338465,0.005973989777381557
2841,3.4011442103967075e-08,3.8638028697552175e-12,13.176060109775591,0.5045979154692929,0.9943361993916148,0.005663800608385258,0.9999766906087086,0.9996040277026017,0.005994056370177049
2842,3.4011442103967075e-08,3.7899006821361096e-12,13.174243772236467,0.5045903633879262,0.9943294285600447,0.005670571439955354,0.9999768152635904,0.9996068702013545,0.005951809556904411
2843,3.4011442103967075e-08,3.770779975593651e-12,13.171792935085389,0.5046541654546444,0.9943513035543481,0.0056486964456519675,0.9999766922162694,0.9996059846301083,0.005921167100365339
2844,3.4011442103967075e-08,3.1630814658252523e-12,13.17415836244972,0.5046934883610708,0.9943572931361215,0.005642706863878421,0.9999760869950681,0.9996047399791772,0.005902647134080186
2845,3.4011442103967075e-08,2.9659839647717147e-12,13.176594371242452,0.5046670560762875,0.9943593764689124,0.005640623531087622,0.9999763574690292,0.9996061538143238,0.00593738512579023
2846,3.4011442103967075e-08,3.6187321960334815e-12,13.175506137580527,0.5046475248313738,0.9943505223045515,0.0056494776954485165,0.9999763226014502,0.9996059913209937,0.005960770867134243
2847,3.4011442103967075e-08,5.9234708331855775e-12,13.161188945070357,0.5046928373195736,0.9943597670938107,0.005640232906189348,0.9999758207234019,0.9996033986502563,0.005941660159833357
2848,3.4011442103967075e-08,4.456351067450624e-12,13.156267596945982,0.5046337227516347,0.9943558608448279,0.005644139155172095,0.9999758982512659,0.9996042334840355,0.005979820566500058
2849,3.4011442103967075e-08,3.6278966823376062e-12,13.157182091144026,0.5047134102308828,0.9943492202215573,0.005650779778442766,0.9999758220306366,0.9996022481121375,0.005973352980369074
2850,3.4011442103967075e-08,4.525893092709096e-12,13.151813691541832,0.5047003894009403,0.9943587254274152,0.005641274572584747,0.9999761500350015,0.9996029709643945,0.006014077302895931
2851,3.4011442103967075e-08,3.3922642665230963e-12,13.153244518460074,0.5047425768899539,0.9943541681369353,0.005645831863064619,0.9999762801411328,0.9996021109031425,0.006031020747386573
2852,3.4011442103967075e-08,7.510616261201732e-12,13.129337401351446,0.5046847644050093,0.9943488295966589,0.005651170403341041,0.9999760085374327,0.9995982052374611,0.0060535466349560885
2853,3.4011442103967075e-08,3.0773883278158362e-12,13.131398548719309,0.5047110664814931,0.9943622410514997,0.005637758948500274,0.9999760883644941,0.9996005090452357,0.0060176194603927214
2854,3.4011442103967075e-08,4.270155916451778e-12,13.126600200161688,0.5047553373032976,0.9943670587585784,0.005632941241421552,0.999976054308436,0.9996021684654923,0.005986747165050099
2855,3.4011442103967075e-08,3.205686577265238e-12,13.129992198197293,0.5047053373163184,0.9943645848008894,0.005635415199110625,0.9999763873056646,0.9996074035216367,0.005943163746282959
2856,3.4011442103967075e-08,4.1056582922835595e-12,13.126226150040786,0.5047144518972781,0.9943684910498721,0.005631508950127878,0.9999762486823401,0.9996052829378402,0.005932304188114631
2857,3.4011442103967075e-08,7.117729818910498e-12,13.104827058149867,0.5047114571063914,0.9943756525063405,0.0056243474936595065,0.9999766254598959,0.9996073336309331,0.005906030088848072
2858,3.4011442103967075e-08,3.771541238297182e-12,13.104062637021176,0.5047299466849097,0.9943867202117916,0.005613279788208389,0.9999769076936715,0.999609900263552,0.005870494598335051
2859,3.4011442103967075e-08,4.357342762949216e-12,13.099328349357059,0.5047712227158274,0.9943811212549163,0.0056188787450836605,0.9999764328644928,0.9996081371365977,0.0058825856770649285
2860,3.4011442103967075e-08,3.3141553713888423e-12,13.099294187549821,0.5047731758403188,0.9943876316698876,0.005612368330112414,0.9999755640053668,0.9996058545258962,0.005853588069036188
2861,3.4011442103967075e-08,4.171796744409912e-12,13.095338037679694,0.5047747383399119,0.9943800795885209,0.00561992041147906,0.9999761253379695,0.999607534703628,0.005883198895023102
2862,3.4011442103967075e-08,3.532335613134489e-12,13.095124243142996,0.5047388008492706,0.9943901056275767,0.00560989437242334,0.999976103232891,0.999608467028375,0.005854863868968347
2863,3.4011442103967075e-08,3.3801281200808928e-12,13.097255881886442,0.5047093737736006,0.9944019545828243,0.005598045417175673,0.9999765926147194,0.9996097880341582,0.005854009351048007
2864,3.4011442103967075e-08,6.7856566777143545e-12,13.07721495025658,0.5046152331731164,0.9943938816682599,0.005606118331740018,0.9999765294532765,0.999611300200416,0.005837940250245158
2865,3.4011442103967075e-08,3.823756954282252e-12,13.075472037481696,0.5046186185889014,0.9943890639611812,0.00561093603881874,0.9999765839795831,0.9996101403372826,0.005848874738334513
2866,3.4011442103967075e-08,3.813299109535343e-12,13.07334545233044,0.5046533842048478,0.9943968764591468,0.005603123540853245,0.999976481467045,0.999609027420498,0.005891374678790787
2867,3.4011442103967075e-08,3.1286776035148946e-12,13.076375257696254,0.5046496081641645,0.9943851577121985,0.005614842287801488,0.9999759633882346,0.9996057481757379,0.0059295349280364985
2868,3.4011442103967075e-08,3.328167661981826e-12,13.077883195327304,0.5046135404652239,0.9943951837512542,0.005604816248745768,0.9999763902593736,0.9996096168848994,0.005872261354795182
2869,3.4011442103967075e-08,3.189903916456231e-12,13.07859345777945,0.5046983060681495,0.9943889337528818,0.005611066247118165,0.9999762502749452,0.9996076112988008,0.005909289105672315
2870,3.4011442103967075e-08,3.014708049647046e-12,13.081699659527649,0.504655597745938,0.9944036472907168,0.0055963527092831485,0.9999759411098564,0.999605370362806,0.005913659346697046
2871,3.4011442103967075e-08,3.971793154510502e-12,13.080201107775997,0.5046766914904449,0.9943997410417341,0.005600258958265897,0.9999762195752043,0.9996075640167179,0.00595665836649456
2872,3.4011442103967075e-08,3.3180272770816543e-12,13.081405602073492,0.5047580716775855,0.9943968764591468,0.005603123540853245,0.9999763592431186,0.9996075293467064,0.005921100069095471
2873,3.4011442103967075e-08,5.716206934381484e-12,13.069436131627217,0.5047382800160729,0.9943851577121985,0.005614842287801488,0.999975853270607,0.9996021861214159,0.005995217568585182
2874,3.4011442103967075e-08,5.485519101875169e-12,13.056099585008255,0.5047273425189213,0.9943881525030853,0.005611847496914715,0.9999758319929462,0.9996020327274908,0.0059753220928676735
2875,3.4011442103967075e-08,3.356814003800186e-12,13.05782453829569,0.5048205716613094,0.9943915379188704,0.005608462081129666,0.9999760851145628,0.9996042751906766,0.0059367924136851675
2876,3.4011442103967075e-08,3.853193967278731e-12,13.055986709060893,0.5048131497882422,0.9943983087504404,0.005601691249559571,0.9999759346763152,0.999605289054167,0.005914396686383495
2877,3.4011442103967075e-08,3.4197332831972434e-12,13.058351958715877,0.5047846341706682,0.9943863295868933,0.005613670413106663,0.9999762923111681,0.999606539078996,0.0059343508637735645
2878,3.4011442103967075e-08,3.102926267690266e-12,13.062324496936501,0.504715623771973,0.9944003920832313,0.0055996079167687715,0.9999762423446623,0.9996053321765833,0.00592601282447538
2879,3.4011442103967075e-08,3.3938520584826145e-12,13.063981280851689,0.5047462227223378,0.9944048191654117,0.005595180834588325,0.9999762077862656,0.9996064344022848,0.005909302920336495
2880,3.4011442103967075e-08,3.264559836792782e-12,13.065481245023232,0.5047520820958119,0.9944117202052812,0.005588279794718804,0.9999762180854458,0.9996083777119197,0.005871846489896931
2881,3.4011442103967075e-08,5.3197314009628536e-12,13.05569974022376,0.504748436263428,0.9944048191654117,0.005595180834588325,0.9999763904458451,0.9996088036155504,0.005886759858090681
2882,3.4011442103967075e-08,3.670854256468726e-12,13.056622347728728,0.5047329414757965,0.9943983087504404,0.005601691249559571,0.9999762604363721,0.9996091490335313,0.0058906690282376625
2883,3.4011442103967075e-08,5.508043867246178e-12,13.045883205287813,0.5047933581267297,0.9943971368757456,0.0056028631242543946,0.9999759057429377,0.9996055202649134,0.005907464165524178
2884,3.4011442103967075e-08,3.083918309525163e-12,13.049212886385783,0.5048664049827071,0.994406772289903,0.00559322771009695,0.9999760426887556,0.9996051939521013,0.0059097761751262445
2885,3.4011442103967075e-08,3.87262029292995e-12,13.047311352031354,0.5048631497752214,0.9944144545795691,0.00558554542043088,0.9999764940802168,0.9996084333784746,0.005897384921281273
2886,3.4011442103967075e-08,3.562601179920142e-12,13.047681726649298,0.5048664049827071,0.9944316420750932,0.00556835792490679,0.999976272211154,0.9996076221249272,0.00585744580107895
2887,3.4011442103967075e-08,3.466606531464141e-12,13.047112326906294,0.5048078112479658,0.9944170587455576,0.005582941254442381,0.9999763357130381,0.9996066848040954,0.0059223790296972145
2888,3.4011442103967075e-08,3.668576241043495e-12,13.046208601664922,0.5048053372902768,0.9944266941597151,0.005573305840284938,0.999975951037881,0.9996035366255958,0.005936271545869767
2889,3.4011442103967075e-08,8.23088018212364e-12,13.017969640728872,0.5047643216759579,0.9944270847846134,0.005572915215386663,0.9999757797971369,0.999601772354197,0.005981478456066266
2890,3.4011442103967075e-08,4.447113902474284e-12,13.012434512597402,0.504719920645854,0.9944308608252966,0.00556913917470334,0.9999754444321057,0.9996014594681766,0.00596204348958976
2891,3.4011442103967075e-08,2.899595905987601e-12,13.014883316391408,0.5047553373032976,0.9944350274908783,0.005564972509121743,0.9999752453210901,0.9996007338930061,0.005945719930706079
2892,3.4011442103967075e-08,3.743519540781443e-12,13.015816778616786,0.504760675843574,0.9944320326999915,0.0055679673000085155,0.9999757902627303,0.9996072061047818,0.005893879672608455
2893,3.4011442103967075e-08,2.8753934549395804e-12,13.01953896985446,0.5047578112609866,0.9944279962427093,0.005572003757290688,0.9999757897547487,0.9996041089330383,0.0058963678042961215
2894,3.4011442103967075e-08,4.593120017844871e-12,13.012919888726437,0.5047143216889787,0.994437110823669,0.0055628891763309435,0.9999760975012744,0.9996066876770567,0.0059060662460067945
2895,3.4011442103967075e-08,4.583205026586941e-12,13.008761057174745,0.504669660242276,0.99443463686598,0.0055653631340200176,0.9999759182532181,0.999605831692364,0.0058953039294047166
2896,3.4011442103967075e-08,3.2308306945992084e-12,13.011389682589545,0.5046949206523644,0.9944269545763139,0.0055730454236860875,0.9999759064165631,0.9996056710021306,0.005920177627440807
2897,3.4011442103967075e-08,3.529103947854239e-12,13.01240862853191,0.5046684883675812,0.9944350274908783,0.005564972509121743,0.9999758907143406,0.999605759342324,0.005912305611736266
2898,3.4011442103967075e-08,3.281815913343984e-12,13.01250561316832,0.5047542956369022,0.9944333347829857,0.005566665217014266,0.9999761181596262,0.999608090476369,0.005850468262481641
2899,3.4011442103967075e-08,2.957901719985739e-12,13.016542433659726,0.5047680977166412,0.9944501316536115,0.005549868346388451,0.9999759436462183,0.9996075976409016,0.005854554646714564
2900,3.4011442103967075e-08,3.357046400387956e-12,13.01752950637153,0.5047292956434126,0.9944520847781029,0.005547915221897078,0.9999762319487759,0.9996102282274574,0.005837298486445703
2901,3.4011442103967075e-08,3.808090176458893e-12,13.016631328054508,0.5046937487776696,0.9944458347797305,0.0055541652202694735,0.9999762719968797,0.9996107633221734,0.005826879280940475
2902,3.4011442103967075e-08,2.9402231727938665e-12,13.019371291265077,0.5046882800290937,0.9944485691540185,0.005551430845981551,0.9999761942714864,0.9996090158998713,0.005825588390834116
2903,3.4011442103967075e-08,8.632917844619075e-12,12.98814221860617,0.5046716133667674,0.9944485691540185,0.005551430845981551,0.9999757763803606,0.9996049406500093,0.005865171084737202
2904,3.4011442103967075e-08,3.968325230075776e-12,12.986143996612997,0.5045790352658762,0.9944506524868092,0.005549347513190752,0.9999759029237367,0.9996056830086085,0.005878168696040256
2905,3.4011442103967075e-08,4.554281742327842e-12,12.981393572323835,0.5045833321397573,0.9944437514469397,0.005556248553060273,0.9999760560729941,0.9996064889873997,0.005887059943393711
2906,3.4011442103967075e-08,3.2993957425024045e-12,12.983285378542137,0.5046416654578996,0.9944462254046288,0.005553774595371199,0.9999759875227168,0.999605526052346,0.005903708018203815
2907,3.4011442103967075e-08,2.9052114075682582e-12,12.98709077644615,0.5046837227386138,0.994447787904222,0.0055522120957781,0.9999762095878627,0.9996066338591177,0.0058878245783933
2908,3.4011442103967075e-08,3.798993259533054e-12,12.985154821655284,0.5046299467109514,0.9944558608187862,0.005544139181213755,0.9999759599899648,0.9996057882848107,0.0058908391251461
2909,3.4011442103967075e-08,3.4773246886870913e-12,12.985082170131973,0.5046432279574927,0.9944721368562144,0.00552786314378564,0.9999763614798042,0.9996106598124392,0.0058335838316983
2910,3.4011442103967075e-08,3.3339936697411295e-12,12.987910970775054,0.5046554675376387,0.9944751316471011,0.005524868352898867,0.9999762028452367,0.9996093205581205,0.0058172745076926855
2911,3.4011442103967075e-08,3.128735497533243e-12,12.991856781401173,0.5046451810819841,0.9944778660213891,0.005522133978610943,0.99997623204646,0.9996103285890225,0.005802522904251999
2912,3.4011442103967075e-08,4.516442853301258e-12,12.987319160025361,0.5046679675343835,0.9944700535234235,0.005529946476576438,0.9999767477898729,0.9996132632640109,0.00584715133119223
2913,3.4011442103967075e-08,8.33090026863982e-12,12.957067049546234,0.5046950508606638,0.9944863295608517,0.005513670439148323,0.9999764562771145,0.9996123745172516,0.005821485684109475
2914,3.4011442103967075e-08,3.571133893300554e-12,12.959117923889853,0.5046264310868669,0.9944890639351396,0.0055109360648604,0.9999764189433404,0.9996118362961509,0.005791361336863137
2915,3.4011442103967075e-08,2.702863735156569e-12,12.963276323370296,0.5046699206588748,0.9944915378928286,0.005508462107171326,0.999976217753529,0.9996135757517228,0.005786444801628591
2916,3.4011442103967075e-08,3.436355561162947e-12,12.965174573449882,0.5046550769127404,0.9944890639351396,0.0055109360648604,0.9999763250599676,0.999616151171759,0.005786700389716401
2917,3.4011442103967075e-08,1.0344037076303968e-11,12.922464125293876,0.5046470039981761,0.9944929701841223,0.005507029815877652,0.9999767914101252,0.9996183821214607,0.00577484509155312
2918,3.4011442103967075e-08,3.66425043887278e-12,12.92186717676365,0.5046773425319421,0.9944820326869707,0.005517967313029346,0.9999769123619326,0.9996211862044161,0.0057414432928708055
2919,3.4011442103967075e-08,9.378621157515181e-12,12.88690461549473,0.5047023425254317,0.9944833347699649,0.0055166652300350965,0.9999760754233545,0.9996145199936292,0.005765432410987697
2920,3.4011442103967075e-08,3.1128174095958115e-12,12.88929951358763,0.5046720039916657,0.9944921889343258,0.005507811065674202,0.9999760323001213,0.9996140919925206,0.005752114702309083
2921,3.4011442103967075e-08,4.3767961569394685e-12,12.884546340325844,0.5046772123236426,0.9944893243517384,0.00551067564826155,0.9999763894768444,0.9996157434214257,0.005762721850401357
2922,3.4011442103967075e-08,7.224077428087648e-12,12.864403376254344,0.5046756498240496,0.9944921889343258,0.005507811065674202,0.9999765888643509,0.9996164441608951,0.005778954085122024
2923,3.4011442103967075e-08,3.2551932802265987e-12,12.865795925130046,0.5046915352365794,0.9945006524737884,0.005499347526211582,0.9999763717752697,0.9996139756812383,0.005792626344025728
2924,3.4011442103967075e-08,5.180277247148741e-12,12.855353163279762,0.5046493477475656,0.9944975274746022,0.0055024725253977795,0.9999757836068662,0.9996108446330371,0.005800250279501538
2925,3.4011442103967075e-08,2.570397399604721e-12,12.861177290838445,0.5046738269078576,0.9944854181027557,0.005514581897244297,0.9999755911053284,0.9996069822131377,0.005862633823237388
2926,3.4011442103967075e-08,3.2285975879383698e-12,12.862551893109593,0.5046872383626984,0.9944885431019419,0.0055114568980581,0.9999756279913528,0.999606405249593,0.005876268265945809
2927,3.4011442103967075e-08,3.1262866970528166e-12,12.865222133510791,0.504701821692234,0.9944877618521454,0.005512238147854649,0.9999760167664733,0.999608580082411,0.005864752561812253
2928,3.4011442103967075e-08,3.538714363300113e-12,12.864528133515897,0.5046736966995582,0.9944868503940494,0.005513149605950623,0.9999762064428547,0.9996092375090412,0.005875160238289855
2929,3.4011442103967075e-08,3.1650161596975565e-12,12.868111522664785,0.5046018217182756,0.9944872410189477,0.005512758981052348,0.9999763119399925,0.9996092362505176,0.005861695248465627
2930,3.4011442103967075e-08,3.417897025392738e-12,12.86904597007418,0.504593358178813,0.9945032566397769,0.005496743360223083,0.9999762258735744,0.9996059271578008,0.00588784383471958
2931,3.4011442103967075e-08,3.686661817662606e-12,12.868658458391984,0.5045505196483022,0.994499610807393,0.005500389192606981,0.9999759897920163,0.9996038239511964,0.005870879316136907
2932,3.4011442103967075e-08,6.348892999591726e-12,12.850582196277092,0.5046005196352813,0.9944807306039765,0.005519269396023594,0.9999760188432704,0.9996065658176962,0.0058862652287573905
2933,3.4011442103967075e-08,3.823778393625701e-12,12.84809921634021,0.5046376290006175,0.9944936212256195,0.005506378774380528,0.9999756622955708,0.9996055532688427,0.005872987054557875
2934,3.4011442103967075e-08,3.121652740827297e-12,12.850756321260175,0.5046036446344675,0.9944954441418115,0.005504555858188579,0.999976077927226,0.9996086033048346,0.005857889550392883
2935,3.4011442103967075e-08,5.736393652770277e-12,12.836385300605025,0.5046192696303985,0.994500522265489,0.005499477734511007,0.9999756283038539,0.9996069037482026,0.005833681272312056
2936,3.4011442103967075e-08,3.743882261620897e-12,12.836719583344001,0.5046110665075347,0.9944838556031627,0.005516144396837397,0.9999755790711528,0.9996057712299717,0.00589129232673275
2937,3.4011442103967075e-08,3.556341766549427e-12,12.839309585057716,0.5046463529566789,0.9944932306007211,0.005506769399278803,0.9999755757942702,0.9996049231809273,0.005869272616659287
2938,3.4011442103967075e-08,3.5562888196068015e-12,12.839034077857844,0.504641795666199,0.9945037774729746,0.005496222527025384,0.9999760163843594,0.9996108993332804,0.005813937358359129
2939,3.4011442103967075e-08,3.714511942645583e-12,12.838134847579921,0.5046660144098921,0.9944934910173201,0.005506508982679952,0.9999763409821405,0.9996158091449803,0.005802632102002616
2940,3.4011442103967075e-08,3.1357889142279986e-12,12.841359721605302,0.5046899727369862,0.9944998712239919,0.005500128776008131,0.999976327387592,0.9996155126416878,0.005788502350824805
2941,3.4011442103967075e-08,5.22959014143255e-12,12.832075680918955,0.5046473946230743,0.9945052097642683,0.00549479023573171,0.9999759271501621,0.9996126706285613,0.005812929392977102
2942,3.4011442103967075e-08,4.697086411613536e-12,12.824414517096322,0.5046438789989899,0.9945139337203298,0.00548606627967024,0.9999757188515944,0.9996127185462146,0.005785578833367765
2943,3.4011442103967075e-08,3.763125467633979e-12,12.823399421850066,0.5046765612821456,0.9945218764265947,0.005478123573405319,0.9999757097263595,0.9996127915573805,0.005743309688587869
2944,3.4011442103967075e-08,5.202124122697354e-12,12.812938115325736,0.5046464831649783,0.9945248712174815,0.005475128782518547,0.9999761275162996,0.9996145617798161,0.0057612820172991104
2945,3.4011442103967075e-08,2.806729693996403e-12,12.817691961512274,0.5046921862780764,0.9945186212191091,0.0054813787808909425,0.999976597334697,0.9996173650828362,0.005774783775534249
2946,3.4011442103967075e-08,4.0425220603755744e-12,12.814917589571703,0.5047050768997196,0.9945182305942107,0.005481769405789217,0.9999763643037731,0.9996155962443114,0.00578373361571887
2947,3.4011442103967075e-08,2.8496454895005617e-12,12.81875790782753,0.5047071602325104,0.994517058719516,0.005482941280484041,0.9999757368830746,0.9996153373895375,0.005735554538729083
2948,3.4011442103967075e-08,6.242133318148195e-12,12.800870426993324,0.5046230456710818,0.9945162774697194,0.005483722530280591,0.9999764681136173,0.9996192668149572,0.0057193377460217154
2949,3.4011442103967075e-08,4.1134683182224275e-12,12.798659826313157,0.504656509204034,0.9945222670514929,0.0054777329485070445,0.9999764446790506,0.9996180162804155,0.005737485755777583
2950,3.4011442103967075e-08,5.090183491562648e-12,12.789473723326486,0.5046682279509823,0.9945148451784257,0.005485154821574265,0.9999765621881356,0.9996200087318302,0.00572271703652981
2951,3.4011442103967075e-08,4.9593751340333715e-12,12.78341554700729,0.5046304675441491,0.9945139337203298,0.00548606627967024,0.9999768906672148,0.9996196233366723,0.005711278383941951
2952,3.4011442103967075e-08,3.5391528945728603e-12,12.783731770434411,0.5047537748037044,0.9945454441287906,0.005454555871209408,0.9999768771436017,0.9996206199040771,0.005667517202405376
2953,3.4011442103967075e-08,4.790116730290927e-12,12.77651743559543,0.5047085925238041,0.9945511732939653,0.005448826706034712,0.9999769676426269,0.9996213925180314,0.005669297691216282
2954,3.4011442103967075e-08,3.22302240055269e-12,12.778992849556436,0.5046708321169708,0.994542188921305,0.005457811078695031,0.9999765309320857,0.9996181133944583,0.005722489129328734
2955,3.4011442103967075e-08,6.747799242964414e-12,12.759790686619477,0.5046568998289324,0.9945529962101572,0.005447003789842763,0.999976355843769,0.9996149162108793,0.0057435484967642576
2956,3.4011442103967075e-08,4.794084704893151e-12,12.751862621356121,0.504655597745938,0.9945457045453895,0.005454295454610559,0.9999763090148033,0.9996139406367298,0.005746252907237512
2957,3.4011442103967075e-08,3.2858116691709764e-12,12.75441766725351,0.5047066393993127,0.994550782669067,0.005449217330932987,0.9999760217307618,0.9996141026953923,0.005723506133989251
2958,3.4011442103967075e-08,3.1854663455870723e-12,12.754857176827386,0.504733722725593,0.9945625014160152,0.005437498583984744,0.9999764616041967,0.9996163073551059,0.005696550662211486
2959,3.4011442103967075e-08,3.441132241120257e-12,12.75713566717458,0.5047084623155046,0.9945466160034854,0.005453383996514584,0.9999768100305714,0.999619014720309,0.005704777772878284
2960,3.4011442103967075e-08,3.7433098660586405e-12,12.755858160021617,0.5048338529078508,0.9945623712077158,0.005437628792284169,0.9999769738896271,0.9996195459631497,0.0056896048221936005
2961,3.4011442103967075e-08,4.090418872068962e-12,12.753347262760693,0.5048128893716434,0.9945625014160152,0.005437498583984744,0.9999769797249045,0.9996189130851075,0.0057037812437531945
2962,3.4011442103967075e-08,4.206183891128967e-12,12.750752192935098,0.504764972717455,0.9945740899546641,0.005425910045335926,0.9999769286182746,0.9996199269270024,0.005699054410040599
2963,3.4011442103967075e-08,4.817086462307398e-12,12.743003115156647,0.50479101437734,0.9945641941239077,0.00543580587609222,0.9999769782268997,0.9996200103599789,0.005698080331173903
2964,3.4011442103967075e-08,3.854987341551306e-12,12.742714773416916,0.5047636706344608,0.9945470066283837,0.0054529933716163095,0.9999762508878053,0.9996134172618786,0.005763938017947864
2965,3.4011442103967075e-08,5.254137261112367e-12,12.732220267754927,0.5047614570933705,0.9945526055852589,0.005447394414741038,0.9999756536951148,0.9996105208457579,0.005761424865626138
2966,3.4011442103967075e-08,4.118252385634821e-12,12.730895556699696,0.5047914050022383,0.9945542982931515,0.005445701706848514,0.9999764565669298,0.9996182366821988,0.005732543310076897
2967,3.4011442103967075e-08,3.4991294247472203e-12,12.73121556884295,0.5047766914644033,0.9945582045421343,0.005441795457865766,0.9999768223444508,0.999621886568614,0.005704287000087026
2968,3.4011442103967075e-08,3.650824695791333e-12,12.731275782319573,0.5047652331340539,0.9945531264184566,0.005446873581543338,0.9999771753418649,0.9996195483265807,0.0057826002312953515
2969,3.4011442103967075e-08,6.930367837092798e-12,12.710004372897277,0.5046777331568403,0.9945516941271629,0.005448305872837012,0.9999764749981399,0.9996173986786753,0.005763323003278213
2970,3.4011442103967075e-08,4.06819655095777e-12,12.707272251224982,0.5046841133635122,0.9945566420425411,0.005443357957458865,0.9999763025484301,0.9996185659486855,0.005737774840411359
2971,3.4011442103967075e-08,3.745608456068066e-12,12.706620837276343,0.5046513008720571,0.9945571628757388,0.0054428371242611654,0.9999766014624502,0.9996190253752278,0.005736053734205279
2972,3.4011442103967075e-08,3.1368272112250643e-12,12.709357329540953,0.5046550769127404,0.9945669284981957,0.005433071501804296,0.9999760742254475,0.9996153975570505,0.005776749978455301
2973,3.4011442103967075e-08,4.5475735132542936e-12,12.704834810322211,0.5046414050413007,0.994565496206902,0.00543450379309797,0.9999757782034766,0.9996122725910737,0.005777507035122023
2974,3.4011442103967075e-08,5.5526168300139064e-12,12.693403502561369,0.5046277331698612,0.9945674493313934,0.005432550668606597,0.9999770415002811,0.9996210889308237,0.005710989117865049
2975,3.4011442103967075e-08,6.202686156099502e-12,12.677841627278733,0.5045898425547285,0.9945696628724836,0.005430337127516373,0.9999762406573393,0.9996158280392946,0.005729777506310814
2976,3.4011442103967075e-08,3.282896886975564e-12,12.679261721577454,0.5046786446149363,0.9945557305844451,0.0054442694155548395,0.9999761204437805,0.9996132986522165,0.005785598451569225
2977,3.4011442103967075e-08,5.462822634108417e-12,12.667360409619667,0.5046455717068824,0.9945567722508406,0.00544322774915944,0.9999757904371117,0.9996109986930733,0.005812119738742983
2978,3.4011442103967075e-08,4.550020436120454e-12,12.661798602749675,0.5046264310868669,0.994562761832614,0.005437238167385894,0.9999762376920994,0.9996168837916256,0.005772953576737593
2979,3.4011442103967075e-08,5.175032576532242e-12,12.652354120417876,0.5045752592251929,0.9945686212060882,0.005431378793911772,0.9999766318708994,0.9996198591289917,0.005709136476049182
2980,3.4011442103967075e-08,2.6688170790044903e-12,12.655982737046463,0.5045670561023291,0.9945756524542572,0.005424347545742826,0.9999765626960845,0.9996205497234252,0.0057177165818887475
2981,3.4011442103967075e-08,9.575439289419647e-12,12.619829066273937,0.5046178373391048,0.994575912870856,0.005424087129143977,0.9999757429225623,0.9996142685812633,0.0057299301429941845
2982,3.4011442103967075e-08,3.5370218856199115e-12,12.621955404449103,0.5046299467109514,0.9945803399530365,0.005419660046963529,0.9999757177635582,0.9996166911325888,0.005667941945182285
2983,3.4011442103967075e-08,3.5569149806451556e-12,12.622989939024128,0.5046212227548899,0.9945856784933129,0.005414321506687108,0.9999762953178548,0.9996189051817895,0.005663391827456584
2984,3.4011442103967075e-08,2.93398991986658e-12,12.627397248469967,0.5045959623448014,0.9945891941173973,0.0054108058826026345,0.999976952314271,0.9996201109067162,0.005680452814223097
2985,3.4011442103967075e-08,2.990389199159236e-12,12.631261381015277,0.5046007800518802,0.9945942722410749,0.0054057277589250625,0.9999770526656085,0.9996203077984371,0.005695323405087004
2986,3.4011442103967075e-08,3.266330729455791e-12,12.632149899315012,0.5045877592219377,0.9945996107813514,0.005400389218648641,0.9999769837481208,0.9996194379023208,0.005709449490581699
2987,3.4011442103967075e-08,4.245818518606079e-12,12.628635248315266,0.5045364571519643,0.9945975274485606,0.005402472551439439,0.9999766275871781,0.99961814477726,0.005716475948616759
2988,3.4011442103967075e-08,1.048981506333048e-11,12.588124911424414,0.5045068998679948,0.9945929701580807,0.005407029841919312,0.9999762425862719,0.9996139301115478,0.00578055325544429
2989,3.4011442103967075e-08,4.5093244955978985e-12,12.581328244224208,0.5045626290201487,0.9945979180734589,0.005402081926541165,0.999975622624134,0.9996113356187346,0.005791430671092885
2990,3.4011442103967075e-08,5.179678037360155e-12,12.571716809148931,0.5045417956922407,0.9945954441157697,0.005404555884230239,0.9999763350855471,0.9996155581210296,0.005771149456619798
2991,3.4011442103967075e-08,3.5349808915881007e-12,12.572092393905265,0.5045855456808475,0.9946018243224416,0.005398175677558417,0.9999763390684395,0.9996162770036567,0.005754618557468936
2992,3.4011442103967075e-08,8.008978013851913e-12,12.548174097162859,0.5045264311129085,0.9945895847422956,0.00541041525770436,0.9999765358865011,0.99961650818915,0.00576729786075976
2993,3.4011442103967075e-08,4.2137838368886195e-12,12.545219163573567,0.5045154936157569,0.9946020847390404,0.005397915260959568,0.9999772908308939,0.9996227847894782,0.005704689726905162
2994,3.4011442103967075e-08,4.965515642914181e-12,12.536766576991221,0.5044510405075415,0.994601954530741,0.0053980454692589925,0.9999769121868745,0.9996223002502584,0.005731816994934002
2995,3.4011442103967075e-08,3.0071407061634036e-12,12.540702872583912,0.5044627592544898,0.9946058607797238,0.005394139220276244,0.9999769452509208,0.9996249075317034,0.005661539483743617
2996,3.4011442103967075e-08,2.884992576904327e-12,12.544015273168528,0.5044282540551421,0.9946082045291134,0.005391795470886596,0.9999770750576984,0.9996259207620076,0.0056865787278143586
2997,3.4011442103967075e-08,2.9168832472766785e-12,12.547205514670871,0.5044859363317874,0.9946045586967295,0.005395441303270494,0.9999775017999953,0.9996286123402562,0.005664447064179075
2998,3.4011442103967075e-08,3.431478659522073e-12,12.547701584102159,0.5044497384245473,0.9945989597398542,0.005401040260145765,0.9999774082727774,0.9996278119464991,0.005656517572981124
2999,3.4011442103967075e-08,5.690315372110532e-12,12.5361053885554,0.5044791655002173,0.9946070326544186,0.0053929673455814205,0.99997752632024,0.9996273670579784,0.005643744450169774
3000,3.4011442103967075e-08,4.162980176390028e-12,12.532616436336353,0.5044613269631961,0.9946075534876163,0.005392446512383721,0.9999770700087341,0.9996260653631521,0.005627559662196722
3001,3.4011442103967075e-08,5.559028542161478e-12,12.520696138528413,0.5044600248802018,0.9946269545242306,0.005373045475769407,0.9999766051884026,0.999622094962619,0.005615195410049333
3002,3.4011442103967075e-08,4.2577045585897e-12,12.521185422355215,0.5044269519721479,0.9946225274420502,0.005377472557949855,0.9999764012086918,0.9996212856065025,0.005619630064738605
3003,3.4011442103967075e-08,3.976086805663636e-12,12.519342667567825,0.5045029936190121,0.9946223972337507,0.00537760276624928,0.9999767330562807,0.9996224234372997,0.005637854164627198
3004,3.4011442103967075e-08,6.438735435928828e-12,12.500829287623105,0.5045498686068051,0.9946197930677623,0.005380206932237778,0.9999767765718718,0.9996239911395373,0.0056102908713269615
3005,3.4011442103967075e-08,3.268826645312451e-12,12.504235630762986,0.5045294259037953,0.9946272149408294,0.005372785059170558,0.9999767744160734,0.9996249105717506,0.005613541855481707
3006,3.4011442103967075e-08,4.750641565617293e-12,12.498709560251465,0.5045076811177914,0.9946274753574283,0.005372524642571708,0.9999772928459351,0.999629076339714,0.005614303399009877
3007,3.4011442103967075e-08,4.424783357533405e-12,12.495296014725916,0.5045544258972849,0.9946292982736202,0.005370701726379759,0.9999771116521315,0.9996269575310022,0.005610055872913019
3008,3.4011442103967075e-08,4.396559381972545e-12,12.491938495806892,0.5045925769290164,0.9946268243159312,0.005373175684068832,0.9999761608623421,0.9996182776555543,0.00568345739371213
3009,3.4011442103967075e-08,3.485986376396549e-12,12.493975679139924,0.5045313790282867,0.994624610774841,0.005375389225159056,0.9999761368390462,0.9996192019945312,0.005685136073637839
3010,3.4011442103967075e-08,7.765667168896333e-12,12.470216294955,0.504531769653185,0.9946291680653209,0.005370831934679183,0.9999769578493076,0.9996243707405805,0.005683297007076393
3011,3.4011442103967075e-08,4.224593572939127e-12,12.468101083685163,0.5044912748720638,0.9946475274355397,0.00535247256446027,0.999977248347571,0.9996239032510126,0.005661290138973663
3012,3.4011442103967075e-08,3.1930618176611324e-12,12.470271697382755,0.5044941394546512,0.9946526055592173,0.005347394440782698,0.9999774783574694,0.9996269568125445,0.005660205100733519
3013,3.4011442103967075e-08,4.387455899464744e-12,12.466876361512305,0.5044807279998104,0.9946559909750023,0.00534400902499765,0.9999771424182591,0.9996228221667995,0.005704021869212894
3014,3.4011442103967075e-08,3.1667026640953177e-12,12.469359796661198,0.5045542956889855,0.9946588555575897,0.005341144442410301,0.999977470003859,0.9996260291120445,0.005644218135523029
3015,3.4011442103967075e-08,3.772773057765827e-12,12.467253366966121,0.5045670561023291,0.9946688815966455,0.0053311184033545825,0.9999772997220346,0.9996244855595582,0.0056767483903004245
3016,3.4011442103967075e-08,3.2278567989578543e-12,12.47001037037981,0.504604686300863,0.9946664076389563,0.005333592361043656,0.9999771251613487,0.9996252945090283,0.005647640818626814
3017,3.4011442103967075e-08,5.303151078643492e-12,12.458485651306065,0.5045778633911814,0.9946660170140581,0.005333982985941931,0.9999774121695646,0.9996282181567352,0.0056231102670232696
3018,3.4011442103967075e-08,7.895297838832352e-12,12.432867246278535,0.5045910144294233,0.9946602878488834,0.005339712151116627,0.9999767589632544,0.9996239147742221,0.005631685355574175
3019,3.4011442103967075e-08,5.668264790038563e-12,12.420553074746918,0.5045501290234039,0.994666928472154,0.005333071527845956,0.9999757496456415,0.9996165769831795,0.005663734887628324
3020,3.4011442103967075e-08,3.933324764793441e-12,12.41828953727744,0.5045476550657149,0.9946703138879391,0.0053296861120609084,0.9999748500445887,0.9996132815361954,0.00566149160041519
3021,3.4011442103967075e-08,4.124936164621017e-12,12.415924172048317,0.5045208321560333,0.9946789076357011,0.005321092364298863,0.9999757487196611,0.9996193405442013,0.005618530275022485
3022,3.4011442103967075e-08,3.16287792882239e-12,12.41745389762831,0.5044341134286163,0.9946723972207299,0.005327602779270109,0.9999756423838926,0.9996199843739866,0.005615074036606386
3023,3.4011442103967075e-08,3.1134945151991752e-12,12.419566440100567,0.5044430978012766,0.9946654961808604,0.00533450381913963,0.9999763329119922,0.9996238001077273,0.005610290208417227
3024,3.4011442103967075e-08,3.3462798044251114e-12,12.422765543506848,0.5044851550819909,0.9946803399269948,0.005319660073005189,0.9999770419366626,0.9996273788471288,0.005604680303617008
3025,3.4011442103967075e-08,1.3259363343944877e-11,12.365736437345417,0.5044770821674265,0.9946804701352943,0.005319529864705764,0.9999767490804212,0.999625817420864,0.0056177682617681995
3026,3.4011442103967075e-08,4.339943308188021e-12,12.359996843300843,0.5045036446605092,0.9946675795136511,0.005332420486348832,0.9999767428586098,0.9996229697513432,0.005654707269931272
3027,3.4011442103967075e-08,3.671810902705281e-12,12.35841389346728,0.5045372384017608,0.9946790378440006,0.0053209621559994385,0.9999774157671987,0.9996297854509814,0.00558088569847799
3028,3.4011442103967075e-08,7.349266089724099e-12,12.335162307151647,0.5045873685970395,0.9946744805535207,0.005325519446479311,0.9999761529046743,0.9996193039518677,0.005655922532745901
3029,3.4011442103967075e-08,3.6806380378405e-12,12.337163847075418,0.5045567696466746,0.9946733086788259,0.005326691321174135,0.9999761756892632,0.9996207903254175,0.0056193001245717624
3030,3.4011442103967075e-08,6.5816533272400926e-12,12.318901190417833,0.5045877592219377,0.9946753920116167,0.005324607988383336,0.9999768014180743,0.9996261071660975,0.005588899767391785
3031,3.4011442103967075e-08,6.445023490715246e-12,12.30153751619989,0.5045138009078644,0.9946779961776052,0.005322003822394838,0.9999769833583873,0.9996268377216022,0.005607147914012808
3032,3.4011442103967075e-08,4.335906511462442e-12,12.2955007643462,0.504559373812663,0.9946709649294362,0.005329035070563783,0.9999767889949069,0.9996264314026417,0.00560020471057151
3033,3.4011442103967075e-08,6.8258661480944825e-12,12.27493700880109,0.5046233060876807,0.9946846368008758,0.005315363199124167,0.9999756450984044,0.9996167695120478,0.005591016392741777
3034,3.4011442103967075e-08,3.672678842525851e-12,12.277035883711891,0.5046477852479726,0.994683464926181,0.0053165350738189916,0.9999762962516177,0.9996215708657725,0.005581491381982927
3035,3.4011442103967075e-08,3.1209126189388956e-12,12.28122180844645,0.5046601550364179,0.9946770847195092,0.005322915280490812,0.9999765347018076,0.9996225584082729,0.005598381764069789
3036,3.4011442103967075e-08,5.101567034014968e-12,12.273377463873182,0.5046157540063141,0.9946867201336667,0.0053132798663333685,0.9999767217050949,0.999624944793131,0.0055699975709234935
3037,3.4011442103967075e-08,4.474269135729948e-12,12.270568209748351,0.5046190092137997,0.9946873711751637,0.005312628824836243,0.9999768172156135,0.9996254898923086,0.005575096966571323
3038,3.4011442103967075e-08,5.692901349753751e-12,12.257458346135822,0.5046010404684791,0.9946833347178816,0.005316665282118416,0.9999768333277014,0.999624767906518,0.005596713580778576
3039,3.4011442103967075e-08,2.9949248277486104e-12,12.26175408148858,0.5045554675636803,0.9946796888854977,0.005320311114502314,0.9999773547749549,0.9996273359951274,0.005607077872018231
3040,3.4011442103967075e-08,3.403943362357121e-12,12.262734781026602,0.5045731758924021,0.9946738295120235,0.005326170487976435,0.9999774416599433,0.9996290757487964,0.00562815446148729
3041,3.4011442103967075e-08,5.324414530349475e-12,12.25299122964597,0.5045755196417918,0.9946802097186954,0.005319790281304615,0.9999765822808071,0.9996221088900926,0.0056573661720920815
3042,3.4011442103967075e-08,4.022934244279052e-12,12.25104746547134,0.5045022123692156,0.9946764336780121,0.005323566321987937,0.9999771613766988,0.999624705518704,0.005651946217765262
3043,3.4011442103967075e-08,3.3249703307811333e-12,12.25342784062506,0.5045619779786515,0.9946647149310638,0.00533528506893618,0.999976884873361,0.9996219284866408,0.0056682894538821775
3044,3.4011442103967075e-08,3.431165360242872e-12,12.256049963408163,0.5045459623578223,0.9946772149278086,0.005322785072191387,0.9999768835882017,0.999621541028654,0.005678640522680508
3045,3.4011442103967075e-08,3.99393542356022e-12,12.253271298473978,0.5045990873439876,0.9946804701352943,0.005319529864705764,0.9999775047090305,0.9996282110905154,0.005637133247153849
3046,3.4011442103967075e-08,4.294576890648483e-12,12.249879711915588,0.5045861967223446,0.9946960951312253,0.005303904868774773,0.9999771873340222,0.9996275134768774,0.005621511459092565
3047,3.4011442103967075e-08,3.2248708908483753e-12,12.252884865737267,0.5045783842243791,0.9947104180441619,0.005289581955838033,0.9999770605622501,0.9996262042626539,0.005632663116231143
3048,3.4011442103967075e-08,4.3262589394972255e-12,12.249901429090704,0.5045804675571699,0.9947143242931448,0.0052856757068552845,0.9999766109253921,0.9996255498981383,0.005615735351408513
3049,3.4011442103967075e-08,4.3721584156166995e-12,12.245151079172203,0.5045766915164865,0.9947177097089298,0.005282290291070237,0.9999764919106494,0.9996262556183634,0.00561544420204751
3050,3.4011442103967075e-08,3.5290651666285417e-12,12.246974075062333,0.5045184884066436,0.9947145847097436,0.005285415290256435,0.9999765876041495,0.9996259781846148,0.005624768501213756
3051,3.4011442103967075e-08,3.4608492525579927e-12,12.248532372665046,0.5045031238273116,0.9947308607471717,0.00526913925282832,0.9999769036054175,0.9996278219394965,0.005555796275378856
3052,3.4011442103967075e-08,3.5242241628426916e-12,12.250609598905635,0.5046520821218536,0.9947300794973751,0.005269920502624869,0.9999767922738124,0.999626970803133,0.005583490012208287
3053,3.4011442103967075e-08,3.2463212617547157e-12,12.251847914073501,0.5046434883740916,0.9947246107487993,0.005275389251200716,0.9999768003521686,0.9996262818179745,0.005609030799578054
3054,3.4011442103967075e-08,3.305664803255738e-12,12.254021815055705,0.5047085925238041,0.9947243503322004,0.005275649667799566,0.9999763554581604,0.9996267095138005,0.005606523998853517
3055,3.4011442103967075e-08,3.263523712119526e-12,12.256373326143445,0.504701821692234,0.9947261732483924,0.005273826751607617,0.9999770335296363,0.9996290200190371,0.005562995473530214
3056,3.4011442103967075e-08,5.215932484460569e-12,12.247584989286636,0.5047097643984989,0.994733725329759,0.005266274670240972,0.9999770610072375,0.9996271495056998,0.00555807253187133
3057,3.4011442103967075e-08,3.3594225609663842e-12,12.249440699831096,0.5046930977361724,0.9947276055396861,0.005272394460313943,0.9999768207543573,0.999628162354753,0.005575571387350817
3058,3.4011442103967075e-08,3.3354237362504614e-12,12.251944565238317,0.504672134199965,0.9947111992939586,0.005288800706041483,0.999976575752242,0.9996291154406887,0.005581964722243348
3059,3.4011442103967075e-08,3.507985963088461e-12,12.253123601675648,0.5046938789859691,0.9947152357512407,0.00528476424875931,0.99997666204743,0.9996310383007964,0.005579866644489784
3060,3.4011442103967075e-08,3.2066189224187002e-12,12.255927593135356,0.5046986966930478,0.9947108086690603,0.005289191330939758,0.9999769092670758,0.9996298454246554,0.00558340278189392
3061,3.4011442103967075e-08,9.349817687914095e-12,12.221466074359851,0.5046986966930478,0.994703386795993,0.005296613204006978,0.9999765441523806,0.9996277517277844,0.005546812650447253
3062,3.4011442103967075e-08,3.3675558659370335e-12,12.224468275040008,0.5046776029485409,0.9947132826267493,0.005286717373250684,0.9999768716889555,0.9996303756116259,0.005538408046590375
3063,3.4011442103967075e-08,3.413983669021478e-12,12.227899937189566,0.504635936292725,0.9947248711653981,0.005275128834601866,0.9999769110244742,0.9996320051509917,0.005516473848945668
3064,3.4011442103967075e-08,4.41350752135553e-12,12.223824628062467,0.5046354154595272,0.994729428455878,0.005270571544121994,0.9999768235679153,0.9996317594947275,0.005511182498488856
3065,3.4011442103967075e-08,4.4706084873054256e-12,12.218153586102012,0.5046651029517961,0.9947251315819969,0.005274868418003016,0.9999770421823232,0.9996320120887706,0.0055089302883975216
3066,3.4011442103967075e-08,3.5565371819738217e-12,12.220431009162015,0.5047053373163184,0.9947334649131602,0.005266535086839821,0.9999775120223034,0.9996330852215428,0.00551984307971915
3067,3.4011442103967075e-08,6.079672616974866e-12,12.204415408045739,0.504719009187758,0.9947359388708492,0.005264061129150748,0.9999770967361832,0.9996325556144361,0.00551726119014878
3068,3.4011442103967075e-08,3.6371578864586247e-12,12.206692823492821,0.5046977852349518,0.994732813871663,0.005267186128336945,0.9999772605878858,0.9996305000204865,0.005595313164936353
3069,3.4011442103967075e-08,3.5470988034988256e-12,12.207284282659957,0.5047227852284414,0.9947316419969682,0.00526835800303177,0.999977308909003,0.999631319272835,0.005592960968065812
3070,3.4011442103967075e-08,6.3160628428112254e-12,12.192152320440625,0.5046971341934546,0.994718100333828,0.005281899666171962,0.9999774657669966,0.9996326150783641,0.005599319327250069
3071,3.4011442103967075e-08,3.235490776082848e-12,12.194547104181865,0.5046727852414622,0.9947255222068953,0.005274477793104741,0.9999776371753316,0.9996359579902282,0.005563924942468733
3072,3.4011442103967075e-08,3.232631735522487e-12,12.197130800952818,0.5046342435848324,0.9947257826234941,0.005274217376505892,0.9999771781943142,0.9996319250389074,0.005578614532282129
3073,3.4011442103967075e-08,3.4358684247097035e-12,12.198732252234219,0.5046294258777537,0.9947227878326074,0.005277212167392665,0.9999772437979652,0.9996323656620582,0.005589495938811151
3074,3.4011442103967075e-08,3.5576787946127883e-12,12.198714964808424,0.5046447904570858,0.9947307305388723,0.0052692694611277445,0.9999769884561533,0.9996321746120616,0.0055630562135938495
3075,3.4011442103967075e-08,3.985961906496908e-12,12.196882325380106,0.5046471342064754,0.9947272149147878,0.005272785085212218,0.9999766512769862,0.9996298326415319,0.005552460322141145
3076,3.4011442103967075e-08,3.480896889585459e-12,12.200410384834806,0.5045824206816613,0.9947304701222734,0.005269529877726595,0.9999766454462397,0.9996290132192872,0.005554397466519732
3077,3.4011442103967075e-08,7.816163845062993e-12,12.175913893951456,0.5045354154855689,0.9947251315819969,0.005274868418003016,0.9999757641937348,0.9996211659271346,0.005611431455989327
3078,3.4011442103967075e-08,3.4394298201418337e-12,12.17846900791076,0.5045867175555423,0.9947220065828107,0.0052779934171892145,0.9999761506684972,0.9996239259565716,0.005596519384744395
3079,3.4011442103967075e-08,3.121703155984976e-12,12.180110495607568,0.5045352852772694,0.9947386732451372,0.005261326754862824,0.9999755375135174,0.9996193774778575,0.005608496066033502
3080,3.4011442103967075e-08,3.566767940038182e-12,12.181330843388329,0.5045993477605866,0.9947472669928992,0.005252733007100779,0.9999764793294337,0.9996297780679865,0.0055418979777078735
3081,3.4011442103967075e-08,1.1779558099981e-11,12.133551611394365,0.5045653633944366,0.9947489597007917,0.005251040299208256,0.9999777296300125,0.9996392430104714,0.005474715846089112
3082,3.4011442103967075e-08,4.695959521088036e-12,12.128429091956711,0.5045358061104671,0.9947480482426958,0.00525195175730423,0.9999770112623924,0.9996342788911965,0.005476766810582028
3083,3.4011442103967075e-08,5.4829525968788925e-12,12.117755731645204,0.5045044259103058,0.9947423190775211,0.005257680922478926,0.9999759194119063,0.9996263958707083,0.0055053736241784616
3084,3.4011442103967075e-08,3.4796467513169703e-12,12.12030469482146,0.5045157540323557,0.9947546888659664,0.0052453111340335585,0.9999759487471296,0.9996273934448386,0.005492476238609764
3085,3.4011442103967075e-08,4.075110562806402e-12,12.118548846286215,0.5045135404912655,0.9947595065730451,0.005240493426954837,0.9999755159840227,0.9996268326784369,0.00545247933550475
3086,3.4011442103967075e-08,2.9963126817231917e-12,12.121516311215796,0.5045436186084327,0.9947549492825652,0.005245050717434709,0.9999762198076654,0.9996296905378366,0.005462220290414861
3087,3.4011442103967075e-08,6.112052149092342e-12,12.105652281948082,0.5045829415148589,0.994761589905836,0.005238410094164038,0.9999766778421051,0.999632840577893,0.005436654085566821
3088,3.4011442103967075e-08,7.30338291252386e-12,12.084029517836308,0.5045873685970395,0.9947632826137285,0.005236717386271514,0.9999766305857161,0.999633182600821,0.005436054909534101
3089,3.4011442103967075e-08,2.9291083286630975e-12,12.087774020120216,0.5045957019282026,0.9947669284461124,0.005233071553887616,0.9999766455182417,0.9996328696363725,0.0054422683707235405
3090,3.4011442103967075e-08,3.0229167597931746e-12,12.089292067662315,0.5046187487972008,0.9947686211540049,0.005231378845995092,0.9999769176581788,0.9996348939769604,0.005433959499852119
3091,3.4011442103967075e-08,2.8844826211577926e-12,12.09257148314857,0.5046394519168094,0.9947727878195866,0.005227212180413495,0.9999771402188833,0.999635575414616,0.005445353867327086
3092,3.4011442103967075e-08,3.1078709451138646e-12,12.094558831369126,0.5046464831649783,0.9947708346950951,0.005229165304904869,0.9999773847453083,0.9996349429764246,0.005463809907190121
3093,3.4011442103967075e-08,3.4805464229133146e-12,12.095343204097276,0.5046537748297462,0.9947705742784962,0.005229425721503718,0.9999776692317961,0.9996384191583637,0.00545241000466307
3094,3.4011442103967075e-08,4.469912345789787e-12,12.093917843883878,0.5046539050380455,0.9947731784444848,0.00522682155551522,0.999977043903918,0.9996337976907618,0.005467962499537283
3095,3.4011442103967075e-08,5.334439066211223e-12,12.083346847124501,0.5046882800290937,0.9947653659465193,0.005234634053480715,0.999976438348968,0.9996289300984758,0.005486918129872259
3096,3.4011442103967075e-08,3.3682107269347176e-12,12.085905834139167,0.5046312487939456,0.9947563815738589,0.005243618426141035,0.9999765650292743,0.9996298578853158,0.005499813099868766
3097,3.4011442103967075e-08,3.1991499352170475e-12,12.089864090383964,0.5046977852349518,0.9947638034469262,0.005236196553073814,0.9999773046595792,0.9996356006868028,0.005492031561485934
3098,3.4011442103967075e-08,5.038335424644334e-12,12.082316208154708,0.5046601550364179,0.9947641940718245,0.0052358059281755395,0.9999777382249254,0.9996391656499308,0.005471724638010998
3099,3.4011442103967075e-08,3.4003602426693348e-12,12.08332456162029,0.5047082018989058,0.9947740899025808,0.005225910097419246,0.9999776561538954,0.999640098592892,0.005454197711873615
3100,3.4011442103967075e-08,3.5964161049305146e-12,12.083202893649057,0.5046962227353586,0.9947686211540049,0.005231378845995092,0.9999776887094142,0.9996394039383667,0.0054468965503810425
3101,3.4011442103967075e-08,3.4135183826066286e-12,12.085735163033455,0.504654035246345,0.994769272195502,0.0052307278044979675,0.9999776916792051,0.9996379955957233,0.005464000473241771
3102,3.4011442103967075e-08,3.635376332645413e-12,12.08716450444485,0.5047076810657081,0.9947757826104733,0.005224217389526721,0.999977203278655,0.9996355105868239,0.005461350540870866
3103,3.4011442103967075e-08,3.4464415379357134e-12,12.090194896433088,0.50466874878418,0.9947643242801238,0.005235675719876115,0.9999767621847695,0.9996310658845514,0.005533546020821638
3104,3.4011442103967075e-08,4.657967118314721e-12,12.083694291911051,0.5045842435978533,0.9947662774046152,0.005233722595384741,0.9999768752539843,0.9996316909573975,0.005521155006307013
3105,3.4011442103967075e-08,3.635138550096506e-12,12.085573329487024,0.5046201810884945,0.9947609388643388,0.005239061135661163,0.999976615690695,0.9996284936065312,0.0055855316489028485
3106,3.4011442103967075e-08,3.5809573660444695e-12,12.087328911073536,0.5046233060876807,0.9947686211540049,0.005231378845995092,0.999976807895322,0.9996331962145796,0.005504400776460579
3107,3.4011442103967075e-08,3.1924816215383447e-12,12.090818518633187,0.5047318998094011,0.9947669284461124,0.005233071553887616,0.9999763256238172,0.9996273823703589,0.005557640617369612
3108,3.4011442103967075e-08,3.953622832580222e-12,12.090381197040116,0.5047246081446333,0.99476744927931,0.0052325507206899165,0.9999761128968987,0.999628109147236,0.005513752401393543
3109,3.4011442103967075e-08,5.613715044446688e-12,12.081803541799424,0.5047951810429216,0.9947742201108801,0.00522577988911982,0.9999766785302234,0.9996321795356705,0.005532325245338687
3110,3.4011442103967075e-08,4.334348752848744e-12,12.077821853548507,0.5047550768866987,0.9947735690693831,0.005226430930616945,0.9999766500150192,0.9996315282878133,0.005527993073898915
3111,3.4011442103967075e-08,3.791630480945002e-12,12.07944992000376,0.5047773425059003,0.9947695326121009,0.005230467387899118,0.9999767648280956,0.999632098434054,0.005522553357587555
3112,3.4011442103967075e-08,3.352248015248875e-12,12.081721167044856,0.5047873685449561,0.994775391985575,0.005224608014424996,0.9999763733686777,0.999629239736333,0.005521390528024621
3113,3.4011442103967075e-08,3.690068115859414e-12,12.081048028108262,0.5047635404261613,0.9947748711523773,0.005225128847622696,0.999976019740978,0.999625933410199,0.005552444340017462
3114,3.4011442103967075e-08,5.371482997442094e-12,12.072276857331282,0.5047401029322649,0.9947727878195866,0.005227212180413495,0.9999763797241678,0.999630230452806,0.005533437602666079
3115,3.4011442103967075e-08,4.2163822051977105e-12,12.068531134222091,0.5047608060518735,0.9947726576112871,0.00522734238871292,0.9999763034932054,0.9996315972932868,0.005515558851186276
3116,3.4011442103967075e-08,4.438799763815442e-12,12.064203926494889,0.5047222643952436,0.9947851576080319,0.005214842391968127,0.9999763718976282,0.9996320616521966,0.005497517010023446
3117,3.4011442103967075e-08,3.305017759707172e-12,12.068023853780865,0.5047735664652171,0.9947821628171452,0.0052178371828549,0.999976317306319,0.9996306907681032,0.005503512317067771
3118,3.4011442103967075e-08,3.1715995482196538e-12,12.07120678168282,0.504781509171482,0.9947811211507497,0.0052188788492503,0.9999765424913923,0.9996305171269416,0.005501475882530316
3119,3.4011442103967075e-08,7.044687891226858e-12,12.051697758810397,0.5047374987662764,0.9947813815673485,0.00521861843265145,0.9999757131831745,0.9996251310897379,0.005541179177215711
3120,3.4011442103967075e-08,2.853368198868017e-12,12.056017494839493,0.5047313789762033,0.9947904961483083,0.005209503851691705,0.9999755439175481,0.9996245780623247,0.005487024713965948
3121,3.4011442103967075e-08,5.3941853313685e-12,12.045589506170959,0.5047325508508982,0.9947992201043697,0.005200779895630236,0.9999768624395637,0.9996333135201038,0.005470958348345886
3122,3.4011442103967075e-08,4.72315218648217e-12,12.04238234130206,0.5047299466849097,0.9947973971881778,0.005202602811822185,0.999977199563386,0.9996354230228844,0.005464236934514518
3123,3.4011442103967075e-08,4.953689099978172e-12,12.035246177955706,0.5047471341804338,0.994795313855387,0.005204686144612983,0.9999769107734982,0.9996353098916173,0.005458734230742021
3124,3.4011442103967075e-08,3.1028015171324907e-12,12.039031785215245,0.5046898425286869,0.9948044284363468,0.005195571563653239,0.999977144706713,0.9996358256065594,0.00546464544816914
3125,3.4011442103967075e-08,3.2545766845007022e-12,12.041914830132406,0.5047360664749827,0.9948110690596175,0.005188930940382567,0.9999767057864172,0.9996365001623219,0.005427361494850556
3126,3.4011442103967075e-08,3.2684223818423707e-12,12.045166453366917,0.5047708320909291,0.9948192721824812,0.005180727817518798,0.9999766377182713,0.9996373932209195,0.005400817618501501
3127,3.4011442103967075e-08,3.3170179421121725e-12,12.045954368661576,0.5047427070982533,0.9948205742654754,0.0051794257345245485,0.9999766249738219,0.9996379235145295,0.005392316888602153
3128,3.4011442103967075e-08,3.985795502153604e-12,12.045736990996126,0.5047316393928022,0.9948169284330916,0.0051830715669084464,0.9999770426352439,0.9996389067015836,0.005424853039301593
3129,3.4011442103967075e-08,3.614478522827192e-12,12.047193850987561,0.5047446602227448,0.9948296888464352,0.005170311153564804,0.9999768423145835,0.9996367872462444,0.005431278076763452
3130,3.4011442103967075e-08,5.091259533431143e-12,12.039003193846384,0.5047627591763648,0.9948088555185272,0.005191144481472791,0.9999772625582009,0.999637337401152,0.005491038906522119
3131,3.4011442103967075e-08,3.701538495980632e-12,12.040342781794683,0.5047692695913361,0.9947932305225963,0.005206769477403782,0.9999773459229345,0.9996367810322014,0.00551572075521066
3132,3.4011442103967075e-08,3.4267949837296205e-12,12.042581490048486,0.5047389310575701,0.9948013034371606,0.0051986965628394366,0.9999769091406855,0.9996346564629786,0.005482113942670571
3133,3.4011442103967075e-08,5.134362660740435e-12,12.034405425221012,0.5047130196059845,0.9948102878098208,0.005189712190179117,0.9999767508747947,0.9996312928880073,0.00552279595083649
3134,3.4011442103967075e-08,3.79658148952374e-12,12.033306233624012,0.5047196602292552,0.9947990898960704,0.0052009101039296604,0.9999761587845551,0.9996252947347687,0.005590767240804354
3135,3.4011442103967075e-08,5.495666683342984e-12,12.022038936581861,0.5046660144098921,0.9947925794810991,0.0052074205189009065,0.9999766835340003,0.999627881925617,0.005595661338192487
3136,3.4011442103967075e-08,4.026283067622674e-12,12.02075738034525,0.5047123685644873,0.9947898451068111,0.00521015489318883,0.999976853796016,0.9996286482601944,0.005612113820978912
3137,3.4011442103967075e-08,4.432723932686868e-12,12.017730965526043,0.5047276029355201,0.994795313855387,0.005204686144612983,0.9999765420450868,0.999627685861788,0.005582536299985091
3138,3.4011442103967075e-08,6.342648189319943e-12,12.003356866567698,0.5046735664912587,0.994795313855387,0.005204686144612983,0.9999761372423702,0.999625162185454,0.005581901541780337
3139,3.4011442103967075e-08,3.768949306175021e-12,12.00363662951817,0.5045718738094078,0.9948049492695444,0.005195050730455539,0.9999759703989582,0.9996236806013348,0.005566115375710923
3140,3.4011442103967075e-08,3.304003595849022e-12,12.00602115580515,0.504619399838698,0.9948040378114484,0.005195962188551513,0.9999757266699689,0.9996215342348548,0.005578053495423346
3141,3.4011442103967075e-08,4.2009490170109895e-12,12.003141646801545,0.5045601550624597,0.9948082044770301,0.0051917955229699156,0.9999766971485685,0.9996294647523748,0.005544037379186395
3142,3.4011442103967075e-08,3.977421869670467e-12,12.002518500131789,0.5046395821251088,0.9948157565583967,0.00518424344160327,0.9999766046350765,0.9996292830628727,0.0055004827616100815
3143,3.4011442103967075e-08,5.231198092200844e-12,11.993852078574891,0.5046197904635963,0.9948188815575829,0.005181118442417072,0.9999771568759885,0.9996357045293418,0.005477795627433599
3144,3.4011442103967075e-08,3.705041982614503e-12,11.99452663780885,0.5045443998582292,0.9948341159286156,0.005165884071384357,0.9999774343274103,0.9996351877446408,0.005482748424521752
3145,3.4011442103967075e-08,3.999282675213981e-12,11.99245664069999,0.5046304675441491,0.99483086072113,0.00516913927886998,0.9999775898341379,0.9996356119383527,0.0054714307851618195
3146,3.4011442103967075e-08,3.5729697395160166e-12,11.994424032923899,0.5046373685840186,0.9948334648871185,0.005166535112881481,0.9999773815924027,0.9996355451429886,0.0054684402097260314
3147,3.4011442103967075e-08,3.1844268640083693e-12,11.997893183803361,0.5046542956629438,0.9948324232207231,0.00516757677927688,0.9999776207690065,0.9996360495996716,0.005475782400450215
3148,3.4011442103967075e-08,3.5247844154203316e-12,11.99896291906486,0.5046477852479726,0.9948325534290225,0.0051674465709774554,0.9999774812027822,0.9996342948050945,0.005512621424768127
3149,3.4011442103967075e-08,2.973541263836626e-12,12.002882039162035,0.5046143217150204,0.9948424492597788,0.005157550740221162,0.9999773488442143,0.9996351977683424,0.005523718723905093
3150,3.4011442103967075e-08,8.488827006493356e-12,11.974088839223693,0.5046207019216922,0.9948500013411454,0.005149998658854516,0.9999775443659973,0.9996379457125807,0.0054962471354550605
3151,3.4011442103967075e-08,7.1168131589247255e-12,11.954640512600964,0.5046088529664445,0.9948496107162472,0.00515038928375279,0.9999773913052761,0.999637734926421,0.005426983102132181
3152,3.4011442103967075e-08,4.259205818245106e-12,11.951765102530223,0.5046546862878422,0.9948493502996484,0.005150649700351641,0.9999775496635903,0.999639096528543,0.005432777941237555
3153,3.4011442103967075e-08,5.10347304711052e-12,11.943772487869154,0.5046499987890628,0.9948384128024966,0.005161587197503334,0.9999771707620558,0.999636413634413,0.005447850260792654
3154,3.4011442103967075e-08,3.5256615801783997e-12,11.94579219339032,0.5046606758696156,0.9948316419709266,0.00516835802907343,0.9999769155029823,0.9996353320093614,0.005476955689855716
3155,3.4011442103967075e-08,4.328447082012717e-12,11.941768013650233,0.5046265612951664,0.9948434909261742,0.0051565090738257624,0.9999764557536991,0.9996309237980924,0.005493690269622161
3156,3.4011442103967075e-08,1.0495277596914218e-11,11.90204196165433,0.5046097644245405,0.9948401055103891,0.00515989448961081,0.9999771368985828,0.9996338480885198,0.005470764044341191
3157,3.4011442103967075e-08,3.522403135490997e-12,11.903552002592702,0.5046178373391048,0.9948471367585582,0.0051528632414418645,0.9999771651782816,0.9996338834406318,0.0054723278417204025
3158,3.4011442103967075e-08,3.4349368906930893e-12,11.906079079896426,0.5046208321299916,0.994847397175157,0.005152602824843014,0.9999770866194152,0.9996357624529573,0.0054373948745460796
3159,3.4011442103967075e-08,3.141062936320722e-12,11.909891037194493,0.5046020821348745,0.9948585950889075,0.005141404911092471,0.9999770052722929,0.9996350440306616,0.0054525084248985296
3160,3.4011442103967075e-08,4.993959766061236e-12,11.904774105972106,0.50455781131307,0.9948532565486311,0.005146743451368893,0.999977106230636,0.9996364317011498,0.005457677642360481
3161,3.4011442103967075e-08,6.063714235783663e-12,11.89127473302505,0.5045746081836958,0.9948523450905351,0.005147654909464867,0.9999770019340667,0.9996339210671333,0.005478821771184928
3162,3.4011442103967075e-08,3.17669036949784e-12,11.894328226165229,0.5046527331633507,0.994841277385084,0.0051587226149159855,0.9999771684777493,0.9996340792631389,0.005474343296182754
3163,3.4011442103967075e-08,3.442947100336639e-12,11.897099289577318,0.5046093737996422,0.9948470065502587,0.005152993449741289,0.9999771727622073,0.9996353634684417,0.005456963316130121
3164,3.4011442103967075e-08,3.3203252014508606e-12,11.899956675351838,0.5045588529794653,0.994847397175157,0.005152602824843014,0.9999771186932348,0.9996356617128095,0.005412788963127267
3165,3.4011442103967075e-08,3.4136904022391646e-12,11.902168944145869,0.5046042956759647,0.9948553398814219,0.005144660118578094,0.9999772052974939,0.999637628762561,0.005406489722247183
3166,3.4011442103967075e-08,3.235722630993873e-12,11.90463324521747,0.5045408842341448,0.9948477878000552,0.005152212199944739,0.9999773567493161,0.9996395471910737,0.005383158672335262
3167,3.4011442103967075e-08,5.756821651935699e-12,11.892492960828928,0.5045468738159182,0.9948485690498519,0.00515143095014819,0.9999774475989682,0.9996393569428884,0.005406340608202035
3168,3.4011442103967075e-08,4.267669972187961e-12,11.887727763615082,0.5046553373293392,0.9948442721759708,0.005155727824029213,0.9999769951222958,0.9996363458010413,0.005443312473560598
3169,3.4011442103967075e-08,7.710208608329952e-12,11.864636676087322,0.5046638008688018,0.9948507825909421,0.0051492174090579665,0.9999778683171183,0.9996428631058808,0.0054024918274831486
3170,3.4011442103967075e-08,8.295269953571618e-12,11.839560771293327,0.5046899727369862,0.9948626315461897,0.005137368453810298,0.9999770990148609,0.9996383272052911,0.0054261299316538
3171,3.4011442103967075e-08,3.6360151775776415e-12,11.838950343710199,0.5047170560632667,0.9948643242540822,0.005135675745917775,0.999976732370457,0.9996363856958309,0.005412035332869586
3172,3.4011442103967075e-08,5.405517665041187e-12,11.831615121291101,0.5046604154530168,0.9948583346723087,0.005141665327691321,0.9999755484739162,0.9996276374675112,0.0054741582455579115
3173,3.4011442103967075e-08,3.573547946740401e-12,11.832139179117743,0.5046536446214467,0.9948664075868731,0.0051335924131269755,0.9999743013334302,0.9996208480442242,0.0054642837781598026
3174,3.4011442103967075e-08,4.287485200876503e-12,11.828378275332678,0.5046878894041955,0.9948667982117713,0.005133201788228701,0.9999757273712341,0.9996305875632202,0.005430876909794872
3175,3.4011442103967075e-08,7.714182201336673e-12,11.804875200546622,0.5045971342194963,0.9948609388382972,0.0051390611617028225,0.9999766231704328,0.9996358307498547,0.0054194341118513345
3176,3.4011442103967075e-08,5.410173273414521e-12,11.794556996228609,0.5046242175457767,0.9948648450872799,0.005135154912720075,0.999976015101103,0.9996323443533084,0.005430915094046281
3177,3.4011442103967075e-08,5.525813388657185e-12,11.786651829980755,0.5046132800486249,0.9948631523793874,0.005136847620612599,0.9999751759493842,0.9996286269541891,0.005419895113707116
3178,3.4011442103967075e-08,3.0913711158673006e-12,11.790136684517416,0.5046049467174618,0.9948726575852455,0.00512734241475458,0.999975817488319,0.9996316573421083,0.005408306310524466
3179,3.4011442103967075e-08,3.0559216345931027e-12,11.793071121283118,0.5046283842113582,0.9948781263338212,0.005121873666178733,0.9999760462777099,0.999636410474027,0.005357060274929986
3180,3.4011442103967075e-08,4.836249875036711e-12,11.786174154025845,0.5045333321527781,0.9948856784151879,0.0051143215848120874,0.9999765220830067,0.9996408545213266,0.00533966224538567
3181,3.4011442103967075e-08,4.5998204055434885e-12,11.780750865354964,0.5046124987988284,0.9948795586251149,0.005120441374885059,0.9999767663419533,0.999642505451256,0.0053725152529658406
3182,3.4011442103967075e-08,3.5882719185185588e-12,11.782171495725347,0.5046428373325944,0.9949011732028195,0.005098826797180522,0.9999767356363775,0.9996441968930547,0.005308626384612722
3183,3.4011442103967075e-08,3.0832099405802507e-12,11.786024519399026,0.5046230456710818,0.9949033867439097,0.005096613256090298,0.9999766422857356,0.9996417861322385,0.005306892728637102
3184,3.4011442103967075e-08,3.33541674171167e-12,11.78852822160797,0.5046376290006175,0.9949032565356103,0.005096743464389723,0.9999763923439855,0.9996418268708118,0.005285125737424896
3185,3.4011442103967075e-08,3.606926611545736e-12,11.791415985249724,0.5046337227516347,0.9949059909098982,0.005094009090101799,0.9999766762965121,0.9996437430304471,0.0052628485154644095
3186,3.4011442103967075e-08,4.376863730911316e-12,11.78810247240383,0.5046575508704294,0.9948928398716563,0.005107160128343716,0.9999762293247009,0.9996399075291363,0.005347077371099141
3187,3.4011442103967075e-08,6.0143674130025244e-12,11.775176241719564,0.504659243578322,0.994896746120639,0.005103253879360969,0.9999758055502813,0.9996346690872706,0.005412588082057803
3188,3.4011442103967075e-08,2.8385842890226495e-12,11.779913782327977,0.5046354154595272,0.994908074242689,0.005091925757311001,0.9999757816551924,0.9996349634584901,0.00537018961815548
3189,3.4011442103967075e-08,4.039281853964231e-12,11.778941543073346,0.5046994779428443,0.9949160169489539,0.005083983051046081,0.9999763447458525,0.9996374300102991,0.005371273863218386
3190,3.4011442103967075e-08,3.1762559073058612e-12,11.782485349574225,0.50465742066213,0.9949141940327619,0.00508580596723803,0.9999763693043247,0.9996398110452404,0.0053544245996426975
3191,3.4011442103967075e-08,4.240781032274234e-12,11.779339144537543,0.5046589831617231,0.9949104179920787,0.005089582007921352,0.9999760753739789,0.9996396242987294,0.0053637267348215865
3192,3.4011442103967075e-08,3.428039159275199e-12,11.780616176829941,0.504726040435927,0.994913282574666,0.005086717425334003,0.9999764855730999,0.9996420504362039,0.00537087814064887
3193,3.4011442103967075e-08,3.6369057340940706e-12,11.780855063846712,0.5046833321137156,0.9949282565290999,0.0050717434709001375,0.9999763552462747,0.9996418823115494,0.005325183031686403
3194,3.4011442103967075e-08,4.4438267303934335e-12,11.77627800847805,0.5047243477280344,0.9949273450710039,0.005072654928996112,0.999976212580221,0.9996407539580854,0.005314210179896646
3195,3.4011442103967075e-08,3.721235798660411e-12,11.778003747410022,0.5047252591861304,0.9949235690303205,0.005076430969679435,0.9999768692303159,0.9996440586602161,0.005321906806404381
3196,3.4011442103967075e-08,2.938473680369713e-12,11.782688220368257,0.5046929675278731,0.9949178398651458,0.005082160134854132,0.9999772251780741,0.9996463564856956,0.005334338033098889
3197,3.4011442103967075e-08,3.260391938048361e-12,11.784004696379853,0.5047058581495161,0.9949196627813378,0.005080337218662183,0.999977424256205,0.999649068396688,0.005304826710471555
3198,3.4011442103967075e-08,4.0776975964987005e-12,11.782464155845105,0.5046794258647328,0.9949316419448849,0.00506835805511509,0.9999781440002106,0.9996538172157191,0.005259065417378781
3199,3.4011442103967075e-08,6.5013556704885254e-12,11.767078450554203,0.50465064983056,0.9949306002784896,0.005069399721510489,0.9999772977369501,0.9996473235126707,0.0053041134396974955
3200,3.4011442103967075e-08,4.032519865010916e-12,11.763531083945118,0.5046545560795427,0.9949373711100596,0.0050626288899403935,0.9999765360428686,0.9996413066386765,0.005338590350244672
3201,3.4011442103967075e-08,4.593703741019994e-12,11.75753521774107,0.5046311185856462,0.9949240898635182,0.005075910136481735,0.999975944109127,0.9996376007252176,0.005330198749640839
3202,3.4011442103967075e-08,3.351206190545415e-12,11.761053484424473,0.5046007800518802,0.994927996112501,0.005072003887498988,0.9999763445715152,0.9996379687164155,0.005365228636525588
3203,3.4011442103967075e-08,5.098811773300373e-12,11.75311756961166,0.5046789050315351,0.9949234388220212,0.00507656117797886,0.9999772634248069,0.9996438949322377,0.005325766794960639
3204,3.4011442103967075e-08,3.401679616929348e-12,11.75376383982332,0.5046770821153432,0.9949269544461056,0.005073045553894387,0.9999772850518792,0.9996442694831855,0.0053087626078730495
3205,3.4011442103967075e-08,7.956901944595264e-12,11.72766164994542,0.5046910144033817,0.9949260429880097,0.005073957011990361,0.9999770197918518,0.9996430123161143,0.0052867864733172135
3206,3.4011442103967075e-08,6.681586638425869e-12,11.710239182752474,0.5047742175067141,0.9949347669440711,0.0050652330559288914,0.9999761499277174,0.9996396232202047,0.005315518024486085
3207,3.4011442103967075e-08,1.0028824678940442e-11,11.67365008385377,0.5047334623089942,0.9949343763191728,0.005065623680827166,0.999973109135619,0.9996207628812454,0.005348532774372342
3208,3.4011442103967075e-08,3.52890488057024e-12,11.674443240226418,0.5047729154237199,0.994939324234551,0.005060675765449019,0.9999733507402184,0.9996207891883616,0.005375997229550722
3209,3.4011442103967075e-08,7.680733338112396e-12,11.650578940697503,0.5047479154302303,0.9949453138163246,0.005054686183675473,0.9999763385788804,0.9996396735678003,0.005353664720935982
3210,3.4011442103967075e-08,3.955644224428787e-12,11.648354028839988,0.5048059883317739,0.9949591158960636,0.005040884103936431,0.9999768976814416,0.9996421440369854,0.005310139852499579
3211,3.4011442103967075e-08,6.548683861489481e-12,11.633452774314987,0.5048484362373864,0.9949527356893918,0.005047264310608253,0.9999768136127394,0.9996416853558399,0.005347735263510025
3212,3.4011442103967075e-08,6.803197155060468e-12,11.614977493809704,0.5047958320844187,0.9949579440213687,0.005042055978631255,0.9999761908425973,0.9996397654598606,0.005286273083749208
3213,3.4011442103967075e-08,5.639767137765317e-12,11.603868651295047,0.504776300839505,0.9949571627715722,0.005042837228427805,0.9999754807476099,0.9996336954305246,0.005327083344514072
3214,3.4011442103967075e-08,3.5825799487514684e-12,11.604995949569586,0.5047653633423533,0.9949714856845089,0.005028514315491063,0.9999745100082383,0.9996274224843997,0.00534859872760378
3215,3.4011442103967075e-08,4.145315792931695e-12,11.603598714587108,0.5047433581397505,0.9949605481873572,0.005039451812642757,0.9999742275379186,0.9996262368566072,0.005343830366958213
3216,3.4011442103967075e-08,4.035596139304028e-12,11.602984355958087,0.5047602852186758,0.9949610690205549,0.005038930979445058,0.999975170095849,0.9996344645916977,0.005292021413243385
3217,3.4011442103967075e-08,7.393764586475983e-12,11.58353768704862,0.5047765612561038,0.9949652356861366,0.00503476431386346,0.9999764892319655,0.9996426926172312,0.005290583736612043
3218,3.4011442103967075e-08,5.9191171611103514e-12,11.5705872366075,0.5048050768736779,0.9949652356861366,0.00503476431386346,0.9999765030850732,0.9996419012519514,0.005285188133015494
3219,3.4011442103967075e-08,6.9258647859444134e-12,11.55425995138096,0.5048542956108605,0.9949755221417911,0.005024477858208891,0.9999755646321002,0.9996351959731892,0.005319538687284336
3220,3.4011442103967075e-08,5.354878952795372e-12,11.5442310937464,0.5049063789306305,0.9949681002687238,0.005031899731276112,0.9999745900796668,0.9996274421975284,0.005366498002708229
3221,3.4011442103967075e-08,3.730953782584843e-12,11.54437862197911,0.5048843737280276,0.9949752617251922,0.005024738274807741,0.9999739078135269,0.9996247958230027,0.005350515999663907
3222,3.4011442103967075e-08,4.0900053183422135e-12,11.541871820072954,0.5048583320681427,0.9949697929766164,0.005030207023383588,0.9999752975320688,0.9996329788955074,0.005375496952475795
3223,3.4011442103967075e-08,4.09287637223359e-12,11.541205722026977,0.5048253893683882,0.9949670586023285,0.005032941397671511,0.9999751574281486,0.9996330078226029,0.005343935431045795
3224,3.4011442103967075e-08,3.0943692125519163e-12,11.544599192994685,0.5048218737443038,0.994979167974175,0.005020832025824993,0.999974990831823,0.9996296962064188,0.005368448488271672
3225,3.4011442103967075e-08,6.662252218002679e-12,11.53030892878267,0.5048083320811635,0.994979167974175,0.005020832025824993,0.9999766830184581,0.9996413623254987,0.005326632434122356
3226,3.4011442103967075e-08,1.3278492171347886e-11,11.477908891137126,0.5047790352137929,0.9949832044314572,0.005016795568542821,0.9999758144276767,0.9996360558630758,0.0053515892687779395
3227,3.4011442103967075e-08,7.685971098602783e-12,11.456640318901181,0.5047091133570017,0.9949927096373152,0.005007290362684802,0.9999744411800204,0.9996256399564581,0.005349863793591516
3228,3.4011442103967075e-08,5.1551642010705244e-12,11.449718010701158,0.5047716133407257,0.9949923190124169,0.0050076809875830765,0.9999731684487926,0.9996190433158076,0.00531619421392218
3229,3.4011442103967075e-08,3.767161927214299e-12,11.450128254215512,0.5047786445888947,0.9949903658879256,0.00500963411207445,0.9999724002033116,0.9996121636169248,0.005380880436811959
3230,3.4011442103967075e-08,3.7903173125840194e-12,11.450357848894884,0.5047231758533396,0.9949916679709198,0.005008332029080201,0.9999745218517195,0.9996268207990283,0.005310951083512234
3231,3.4011442103967075e-08,4.821994477387545e-12,11.443383127867989,0.5047641914676585,0.9950010429684784,0.0049989570315216066,0.9999763402791954,0.9996401049312947,0.00525132247571905
3232,3.4011442103967075e-08,1.0531381051532857e-11,11.406912919537175,0.5047445300144453,0.9949903658879256,0.00500963411207445,0.9999766609012688,0.9996422692369034,0.005260941031600588
3233,3.4011442103967075e-08,3.2734519732703252e-12,11.409720110523734,0.5047808581299849,0.9949881523468354,0.005011847653164674,0.9999762680620378,0.9996392524872648,0.005301294624667588
3234,3.4011442103967075e-08,4.840781608084178e-12,11.405063547601644,0.5047733060486183,0.9949779960994802,0.005022003900519817,0.9999759771808181,0.9996401013907222,0.005291322346121916
3235,3.4011442103967075e-08,5.377689613687129e-12,11.396655034125109,0.50485442581916,0.9949854179725474,0.005014582027452597,0.9999751427639961,0.9996348189234155,0.005280887712652231
3236,3.4011442103967075e-08,4.0292589359686e-12,11.3958942937494,0.5048236966604956,0.9949815117235646,0.005018488276435345,0.9999740708448447,0.9996303908694124,0.0052933139598058555
3237,3.4011442103967075e-08,4.196831681963984e-12,11.39473950607294,0.5047881497947526,0.9949845065144515,0.005015493485548571,0.9999745483327064,0.9996326815226366,0.005332379996494901
3238,3.4011442103967075e-08,7.369456443330849e-12,11.371943265144717,0.5047976550006107,0.9949875013053382,0.005012498694661798,0.9999755344019342,0.9996394215022156,0.005306004572847644
3239,3.4011442103967075e-08,4.288693831739692e-12,11.370201664472999,0.5047665352170482,0.9949906263045244,0.0050093736954756,0.9999760924573234,0.9996433916249798,0.0052826798828915205
3240,3.4011442103967075e-08,3.1198342107454833e-12,11.374569063441756,0.5048072904147681,0.9949989596356876,0.005001040364312405,0.9999763267753985,0.999641389844932,0.00526685279105693
3241,3.4011442103967075e-08,3.997794084715175e-12,11.372855060265659,0.5047443998061459,0.9949979179692922,0.005002082030707805,0.9999764814898499,0.9996400327610612,0.005311165934499648
3242,3.4011442103967075e-08,3.0201996233545085e-12,11.377776691120065,0.5047802070884877,0.9949986992190888,0.005001300780911255,0.9999764619452919,0.9996394558736857,0.0053265306082453225
3243,3.4011442103967075e-08,2.9920975340252064e-12,11.381560720082893,0.5047648425091555,0.994983464848056,0.005016535151943971,0.9999762597685428,0.9996373695930105,0.005341105553884686
3244,3.4011442103967075e-08,3.4291184292877526e-12,11.384179504851158,0.5048105456222537,0.9949789075575761,0.005021092442423843,0.9999761473150016,0.9996362544081457,0.005371355681537802
3245,3.4011442103967075e-08,6.6220808849668225e-12,11.368390352116911,0.504809373747559,0.9949777356828813,0.0050222643171186675,0.9999763556311856,0.9996370789357443,0.00534996222178056
3246,3.4011442103967075e-08,3.652263707698522e-12,11.368758352480794,0.5047393216824683,0.9949723971426049,0.005027602857395089,0.9999762690159764,0.9996378484778167,0.005329832448194604
3247,3.4011442103967075e-08,3.651325220427775e-12,11.370862896918037,0.5047253893944298,0.9949910169294227,0.005008983070577325,0.9999769907185945,0.9996448110674429,0.005245944649474217
3248,3.4011442103967075e-08,3.066782865839932e-12,11.375292918164348,0.5047610664684723,0.9949928398456146,0.005007160154385376,0.9999771907018243,0.9996463636205462,0.005256148484982187
3249,3.4011442103967075e-08,3.319063974455374e-12,11.377096104139202,0.5047408841820614,0.9949839856812537,0.005016014318746271,0.99997675286258,0.9996418582169685,0.00530397972323041
3250,3.4011442103967075e-08,3.241598288855041e-12,11.380712731123058,0.5046777331568403,0.9949908867211232,0.005009113278876751,0.9999767774149264,0.9996438167936534,0.005262009780813444
3251,3.4011442103967075e-08,6.072396317177771e-12,11.367913147219497,0.5047369779330787,0.9949992200522865,0.0050007799477135555,0.9999769492567979,0.9996478695314899,0.005207887945613096
3252,3.4011442103967075e-08,3.90741427946885e-12,11.365737661104374,0.5046872383626984,0.9949924492207164,0.005007550779283651,0.9999760138599937,0.9996401269004028,0.005251218775818001
3253,3.4011442103967075e-08,5.177154475420015e-12,11.360129176514393,0.5047304675181075,0.9949919283875186,0.005008071612481351,0.9999754607503739,0.9996363784429669,0.005295929820417605
3254,3.4011442103967075e-08,2.754543816654274e-12,11.365306341025406,0.5047096341901994,0.9950007825518795,0.004999217448120456,0.9999752405611688,0.9996348959707683,0.005320523395255762
3255,3.4011442103967075e-08,5.093701326891984e-12,11.357919217422426,0.504696613360257,0.9949994804688853,0.005000519531114705,0.9999762721176905,0.999640498676316,0.005294454935492642
3256,3.4011442103967075e-08,3.4117565946892824e-12,11.359161592263842,0.5047088529404029,0.9949950533867048,0.005004946613295153,0.9999755873964926,0.9996354282665625,0.005330771205404595
3257,3.4011442103967075e-08,3.0653968803243977e-12,11.362864465753328,0.5046773425319421,0.9950080742166474,0.004991925783352661,0.999976407916738,0.9996409728095097,0.005297871882901891
3258,3.4011442103967075e-08,5.407021592073893e-12,11.354920116371304,0.5047132800225833,0.9950015638016761,0.004998436198323907,0.9999763428406508,0.9996419966414786,0.0053121177915191175
3259,3.4011442103967075e-08,7.121489883389634e-12,11.336521856826172,0.5046772123236426,0.9949979179692922,0.005002082030707805,0.9999751944018975,0.9996360231563742,0.0053332530419807605
3260,3.4011442103967075e-08,3.411909386495705e-12,11.337249754795971,0.5046713529501685,0.9949993502605858,0.00500064973941413,0.9999750891178074,0.9996340475676374,0.005370603286433322
3261,3.4011442103967075e-08,3.153433842055737e-12,11.340784824856701,0.5046824206556196,0.9950063815087549,0.004993618491245184,0.9999752842606959,0.9996355008887584,0.0053467546757147285
3262,3.4011442103967075e-08,3.655564968528039e-12,11.34070564590535,0.5046693998256772,0.9950136731735226,0.004986326826477389,0.9999748322160901,0.9996340463360427,0.005312500012734124
3263,3.4011442103967075e-08,6.477381003808007e-12,11.325887626902484,0.5047196602292552,0.9950023450514727,0.004997654948527357,0.999976281556179,0.9996443197603347,0.005267855684538586
3264,3.4011442103967075e-08,4.810072627120703e-12,11.3219383197622,0.5046986966930478,0.9950065117170542,0.00499348828294576,0.9999763670234143,0.9996455232513235,0.005250979448831358
3265,3.4011442103967075e-08,6.581225546104051e-12,11.30432247737221,0.5048072904147681,0.9950111992158336,0.0049888007841664625,0.9999755486239199,0.9996379234898172,0.005271557108515047
3266,3.4011442103967075e-08,3.763392306590503e-12,11.306668813969381,0.5048550768606571,0.9950149752565168,0.00498502474348314,0.9999758465382662,0.9996390119147153,0.005266475236301677
3267,3.4011442103967075e-08,6.2944370673181884e-12,11.296222210300204,0.5048192695783152,0.9949924492207164,0.005007550779283651,0.9999751466984917,0.9996342662981444,0.005302949080093862
3268,3.4011442103967075e-08,3.26295812302121e-12,11.299518633079822,0.5047981758338084,0.9950001315103825,0.004999868489617581,0.9999751636152073,0.9996341534879454,0.005312682761734488
3269,3.4011442103967075e-08,6.042373519928879e-12,11.286679756172296,0.5048522122780698,0.9950013033850772,0.004998696614922756,0.9999765289323742,0.999642723074936,0.00528171695340796
3270,3.4011442103967075e-08,6.037040436251187e-12,11.27503171583372,0.5047696602162344,0.9950040377593652,0.004995962240634833,0.9999762373772716,0.9996417008164051,0.005257702302472729
3271,3.4011442103967075e-08,2.7906388783565908e-12,11.279646583080485,0.5048036445823842,0.9950048190091617,0.004995180990838284,0.9999766834469126,0.9996448512771611,0.0051925321916732456
3272,3.4011442103967075e-08,4.270316502590982e-12,11.278783830022048,0.5047434883480499,0.9950192721303979,0.004980727869602118,0.999976011772513,0.9996420766449718,0.0052007443690963145
3273,3.4011442103967075e-08,4.01582680902994e-12,11.280026103002852,0.5047865872951596,0.9950166679644094,0.0049833320355906156,0.9999765786796101,0.9996456198847051,0.005173761144968966
3274,3.4011442103967075e-08,3.9893766029359566e-12,11.281158638427451,0.5047729154237199,0.995019011713799,0.004980988286200967,0.9999758377460626,0.999642627034758,0.005203760206195996
3275,3.4011442103967075e-08,2.723694195556574e-12,11.28589069501927,0.5048114570803497,0.9950221367129852,0.004977863287014769,0.9999758830757346,0.999644607050925,0.005185976151919898
3276,3.4011442103967075e-08,5.209616042122724e-12,11.280533435402486,0.5047914050022383,0.995013152340325,0.004986847659675089,0.9999764498600954,0.9996473216382218,0.005198321478071645
3277,3.4011442103967075e-08,3.626118696584689e-12,11.282224006337021,0.5047587227190826,0.9950178398391042,0.004982160160895792,0.9999762677786821,0.999649155353835,0.005165075214513437
3278,3.4011442103967075e-08,6.196362352168592e-12,11.26924375720512,0.5048007799997969,0.9950209648382904,0.004979035161709593,0.999975635021261,0.9996458039040349,0.005155536850774495
3279,3.4011442103967075e-08,3.735971202377277e-12,11.271397615158754,0.5047394518907677,0.9950319023354421,0.0049680976645578995,0.9999759870083412,0.9996467944654167,0.005149165359862172
3280,3.4011442103967075e-08,3.692806226484673e-12,11.273757075460402,0.5047669258419464,0.9950358085844249,0.004964191415575152,0.9999759776653492,0.9996442715911711,0.0051880585943031195
3281,3.4011442103967075e-08,2.9182836297855905e-12,11.278851744287497,0.5047014310673357,0.9950451835819835,0.004954816418016558,0.999975975596355,0.9996455765685098,0.005172720590586011
3282,3.4011442103967075e-08,3.741458137625587e-12,11.278904131583888,0.5047523425124109,0.9950490898309662,0.00495091016903381,0.9999761991641453,0.999646347288473,0.005178879426377324
3283,3.4011442103967075e-08,3.3101999436864003e-12,11.282793890825006,0.5047554675115971,0.9950386731670122,0.004961326832987804,0.9999762629479192,0.9996467746304945,0.005190628502507464
3284,3.4011442103967075e-08,5.020039812028706e-12,11.27404079553469,0.5047316393928022,0.9950368502508202,0.004963149749179753,0.9999759701076645,0.9996460251943815,0.0052090480751029716
3285,3.4011442103967075e-08,3.0154942870584723e-12,11.278439314056072,0.5048188789534169,0.9950384127504134,0.004961587249586653,0.9999757589538522,0.9996447670798987,0.0051990534583367335
3286,3.4011442103967075e-08,3.1913957673629596e-12,11.281925933231644,0.5047825508378774,0.9950513033720564,0.004948696627943587,0.9999755280906943,0.9996442278937644,0.005162422579506801
3287,3.4011442103967075e-08,5.474182282660706e-12,11.274679258532666,0.5047912747939388,0.9950466158732771,0.004953384126722884,0.9999756529282807,0.9996432994968341,0.005168043339230164
3288,3.4011442103967075e-08,6.518599255697062e-12,11.262060770265858,0.5047332018923953,0.995032813793538,0.004967186206461925,0.9999746485555905,0.9996362080772643,0.005240392230497049
3289,3.4011442103967075e-08,3.680166512745011e-12,11.261134432296894,0.5048432279054094,0.995041667957899,0.00495833204210103,0.9999757981492474,0.9996460156649064,0.005163711065847689
3290,3.4011442103967075e-08,3.0417264755941097e-12,11.264925768913361,0.5048304674920657,0.9950365898342214,0.004963410165778602,0.999976327768383,0.9996488456410577,0.005177077727564176
3291,3.4011442103967075e-08,6.463814537645451e-12,11.250664859107715,0.5048654935246111,0.9950402356666053,0.004959764333394705,0.9999760224289943,0.9996455127731648,0.005167828463229233
3292,3.4011442103967075e-08,3.0667046555506805e-12,11.254160137392049,0.5048346341576474,0.9950376315006167,0.004962368499383203,0.9999760421121522,0.9996465365937987,0.0051708089283630495
3293,3.4011442103967075e-08,3.290907519400671e-12,11.25795409588344,0.504859634151137,0.9950306002524478,0.004969399747552149,0.9999757720933876,0.999644248021704,0.005210805532689377
3294,3.4011442103967075e-08,2.3070796793701657e-12,11.264558535797976,0.5048408841560198,0.9950252617121714,0.004974738287828571,0.9999760733088607,0.9996464758195633,0.005221546263609026
3295,3.4011442103967075e-08,6.246830587036092e-12,11.25182890144383,0.504794399793125,0.995030339835849,0.004969660164150999,0.9999748853930182,0.9996385439978722,0.005245607234528135
3296,3.4011442103967075e-08,3.44222343540185e-12,11.251331827000705,0.5048153633293324,0.995033725251634,0.004966274748365951,0.9999760810443252,0.999645284614316,0.00522963636838525
3297,3.4011442103967075e-08,5.731870027120129e-12,11.241569946428648,0.5048329414497549,0.9950376315006167,0.004962368499383203,0.9999761355328876,0.9996467151813304,0.005187888693915799
3298,3.4011442103967075e-08,3.197064798240427e-12,11.245649898908704,0.5048365872821388,0.995051173163757,0.004948826836243011,0.9999759745664764,0.9996472283295839,0.0051479405320239684
3299,3.4011442103967075e-08,3.0751472578289494e-12,11.249070713883661,0.5048304674920657,0.9950561210791351,0.004943878920864864,0.9999763922760185,0.9996498236929574,0.005154308848860531
3300,3.4011442103967075e-08,3.6012531569917236e-12,11.25105048535966,0.5048821601869374,0.9950718762833656,0.004928123716634448,0.9999760199129637,0.9996480686924767,0.005152911992627077
3301,3.4011442103967075e-08,4.616895823748832e-12,11.245713509797474,0.5048877591438127,0.995060678369615,0.0049393216303849925,0.9999761494618232,0.999646439358492,0.005203875215189166
3302,3.4011442103967075e-08,3.370151893647836e-12,11.249324346037355,0.5048888008102081,0.9950571627455306,0.004942837254469465,0.9999762765629369,0.9996460021518502,0.005203958741426279
3303,3.4011442103967075e-08,6.114806655390708e-12,11.23566364972331,0.5048640612333174,0.9950527356633501,0.004947264336649913,0.9999767961647502,0.9996509204857263,0.005169345923251254
3304,3.4011442103967075e-08,3.187589748978124e-12,11.238113216259174,0.5048404935311215,0.9950523450384519,0.004947654961548187,0.9999765589858939,0.9996491870966354,0.005167155796132755
3305,3.4011442103967075e-08,3.8500964521529644e-12,11.237196392758259,0.5048429674888105,0.9950578137870276,0.004942186212972341,0.9999763979495837,0.999648810971789,0.005160756254376991
3306,3.4011442103967075e-08,3.8888025479415756e-12,11.2361748395618,0.5048692695652944,0.9950662773264903,0.004933722673509721,0.99997606978337,0.9996462161811643,0.00516239712007162
3307,3.4011442103967075e-08,3.105760450437053e-12,11.240107291657845,0.5048669258159048,0.9950673189928857,0.004932681007114321,0.9999758953446605,0.9996434892256868,0.005211336740308821
3308,3.4011442103967075e-08,4.882391106106004e-12,11.23496576375173,0.5049024726816478,0.9950645846185977,0.004935415381402244,0.9999757015171993,0.9996413509506836,0.005197730877273102
3309,3.4011442103967075e-08,4.01670946961049e-12,11.233250306932456,0.5049059883057322,0.9950682304509817,0.004931769549018346,0.9999768397728787,0.9996492158952459,0.005162818902229851
3310,3.4011442103967075e-08,3.683113292995288e-12,11.235537578300448,0.5049170560111833,0.9950751314908511,0.004924868509148825,0.9999767625948449,0.9996479362691596,0.005162767109792766
3311,3.4011442103967075e-08,3.542663238091724e-12,11.236121555279963,0.504904686222738,0.995077214823642,0.004922785176358027,0.999976386590534,0.999642739378096,0.005202296137821367
3312,3.4011442103967075e-08,3.4508159983079263e-12,11.238067536226708,0.5049076810136247,0.9950742200327553,0.0049257799672448,0.9999759391950581,0.9996419455498722,0.005235350874970011
3313,3.4011442103967075e-08,3.1104990606944893e-12,11.241574615547115,0.5048595039428375,0.9950851575299069,0.004914842470093107,0.9999762215733224,0.999640866703163,0.005254537733312347
3314,3.4011442103967075e-08,2.881897561246953e-12,11.245832556896003,0.5048533841527646,0.9950842460718109,0.004915753928189081,0.9999764383185348,0.999642348717103,0.005234668962989038
3315,3.4011442103967075e-08,3.2610566282497284e-12,11.247471891118053,0.5049079414302236,0.9950920585697764,0.004907941430223586,0.9999763333359151,0.9996437945754062,0.005196891113480963
3316,3.4011442103967075e-08,3.1221877470916176e-12,11.251575622980617,0.5049252591340471,0.9950851575299069,0.004914842470093107,0.9999764459977395,0.9996453023046209,0.005179672689669629
3317,3.4011442103967075e-08,3.5317824635736376e-12,11.254453534203186,0.5049343737150068,0.9950778658651391,0.004922134134860903,0.9999766835721114,0.9996486787148404,0.005177702523359139
3318,3.4011442103967075e-08,3.683159425941052e-12,11.256943883960533,0.5049343737150068,0.995083985655212,0.004916014344787931,0.9999765520148606,0.9996486089211282,0.0051422822676463744
3319,3.4011442103967075e-08,3.20903063918146e-12,11.260282962374493,0.5049149726783926,0.9950963554436575,0.004903644556342564,0.9999767442064236,0.9996507246647057,0.005128761690771916
3320,3.4011442103967075e-08,5.365345805148585e-12,11.251202905288661,0.5048792956043501,0.9950936210693695,0.004906378930630487,0.9999764669628735,0.9996506461976042,0.00512907266318368
3321,3.4011442103967075e-08,3.3630457752225373e-12,11.253526126292314,0.5048830716450334,0.9951035169001258,0.004896483099874192,0.999976599265695,0.9996513779164525,0.005106154267353219
3322,3.4011442103967075e-08,5.596595371468452e-12,11.24390107169133,0.5049287747581316,0.9950958346104597,0.004904165389540263,0.9999771749233406,0.9996538529592232,0.005136005262206078
3323,3.4011442103967075e-08,5.76146463119827e-12,11.233230472245882,0.5048873685189145,0.9950901054452851,0.0049098945547149594,0.9999763759066962,0.9996487072124935,0.005120031295476817
3324,3.4011442103967075e-08,3.3611170385117974e-12,11.234470936067366,0.5049354153814023,0.9950813814892235,0.0049186185107764294,0.9999766749396791,0.999647912972657,0.0051771360780655685
3325,3.4011442103967075e-08,5.3047271310065e-12,11.225961713051912,0.5048561185270525,0.995079037739834,0.004920962260166078,0.9999758064630881,0.9996424461319002,0.005194633937532821
3326,3.4011442103967075e-08,4.192327702111372e-12,11.224199728373632,0.5048795560209489,0.9950834648220144,0.004916535177985631,0.9999762824652044,0.9996447439030923,0.005224390752684621
3327,3.4011442103967075e-08,3.447044217754337e-12,11.226036040727596,0.5049221341348609,0.9950812512809242,0.004918748719075854,0.9999760833573355,0.9996435405288341,0.005256486342745842
3328,3.4011442103967075e-08,3.0445402832938193e-12,11.229959771194741,0.5049441393374637,0.9950794283647322,0.004920571635267803,0.999976348393995,0.9996471663958669,0.005223234903111954
3329,3.4011442103967075e-08,5.6903863972961585e-12,11.21961451897243,0.5049446601706614,0.9950759127406478,0.004924087259352276,0.9999761210056872,0.9996495461650319,0.005179490137556491
3330,3.4011442103967075e-08,7.1432077745237356e-12,11.200793884527311,0.5049648424570723,0.9950867200294999,0.004913279970500008,0.9999752146782808,0.9996437627363348,0.005150112152495415
3331,3.4011442103967075e-08,2.881546406441319e-12,11.204569423508811,0.5048898424766035,0.9950888033622908,0.004911196637709209,0.9999753880470814,0.999643385684979,0.0051714339793956805
3332,3.4011442103967075e-08,3.191747414612617e-12,11.207454338610383,0.50486119665073,0.9950916679448781,0.004908332055121861,0.9999759252862256,0.9996480423472884,0.0051425239617203695
3333,3.4011442103967075e-08,3.295056776765969e-12,11.211321527092537,0.5048356758240428,0.9950947929440643,0.004905207055935662,0.9999759472153563,0.9996485766397443,0.005105884723061132
3334,3.4011442103967075e-08,5.1994691567824216e-12,11.20334624255323,0.5048503893618778,0.995110938773193,0.004889061226806973,0.9999767865452294,0.9996528460542652,0.005078818716148815
3335,3.4011442103967075e-08,7.984462794576599e-12,11.180465517001084,0.5048199206198123,0.995091016903381,0.004908983096618985,0.9999756900921101,0.9996486603201354,0.005085996717960234
3336,3.4011442103967075e-08,5.307992051725603e-12,11.172351120662276,0.5048428372805112,0.9951039075250241,0.004896092474975918,0.9999743899700886,0.9996410525053872,0.005129129763781355
3337,3.4011442103967075e-08,5.2103973195943365e-12,11.1642102157559,0.504838800823229,0.995099610651143,0.0049003893488569405,0.9999729866855614,0.999630592560035,0.005154095135517786
3338,3.4011442103967075e-08,3.1597458546853168e-12,11.167089175346774,0.5048335924912519,0.9950964856519569,0.004903514348043139,0.9999734849752083,0.9996318204835213,0.005194863571429145
3339,3.4011442103967075e-08,1.3757977528044173e-11,11.114000416407896,0.5048588529013404,0.9951052096080183,0.004894790391981669,0.9999757989540372,0.9996488846846368,0.005138027219640457
3340,3.4011442103967075e-08,8.45989984798944e-12,11.087556200016802,0.5048384101983306,0.9951006523175384,0.004899347682461541,0.999975139036105,0.999644759108739,0.005142069998185127
3341,3.4011442103967075e-08,3.2292364000638408e-12,11.08968607065309,0.5048305977003652,0.9951002616926402,0.004899738307359815,0.9999752690967134,0.999645055735049,0.0051683194045503734
3342,3.4011442103967075e-08,3.0232738531571425e-12,11.09380279029644,0.5048552070689565,0.9951019544005327,0.004898045599467292,0.99997559765829,0.999645367912061,0.005181469592104491
3343,3.4011442103967075e-08,3.168244470556467e-12,11.097514856381622,0.5048164049957279,0.9950984387764482,0.004901561223551764,0.9999759113627787,0.9996476795138747,0.005165055474151133
3344,3.4011442103967075e-08,3.3508979290024404e-12,11.09982306708291,0.5048166654123267,0.9950951835689626,0.004904816431037387,0.9999755150089454,0.9996439394616734,0.005170108562955692
3345,3.4011442103967075e-08,1.0446183400704138e-11,11.062973934140922,0.504889972684903,0.9950959648187592,0.0049040351812408385,0.9999761245737198,0.9996440771415014,0.005215850852052455
3346,3.4011442103967075e-08,3.3147748686212113e-12,11.066128759481856,0.5048450508216014,0.9950979179432505,0.004902082056749465,0.9999765871152688,0.9996474957367565,0.005174331457477916
3347,3.4011442103967075e-08,3.987200438835579e-12,11.065127569137529,0.5048485664456859,0.9950893241954885,0.004910675804511509,0.9999762291817146,0.9996451414496067,0.005242771810497676
3348,3.4011442103967075e-08,3.0604062582960873e-12,11.06917721514135,0.5048111966637508,0.9951007825258379,0.004899217474162116,0.9999760520188076,0.9996432544258579,0.005255699503088618
3349,3.4011442103967075e-08,6.604218674134916e-12,11.055829900808124,0.5048180977036204,0.995093751277669,0.0049062487223310615,0.9999743927073028,0.9996344090838528,0.0052818349992752155
3350,3.4011442103967075e-08,3.910756837090259e-12,11.0572660002787,0.5048070299981693,0.9950975273183522,0.004902472681647739,0.9999750441024443,0.9996385990969873,0.005222606307052433
3351,3.4011442103967075e-08,4.0667411905737846e-12,11.056808584108367,0.5048415351975168,0.9951036471084252,0.004896352891574768,0.9999758850094548,0.9996449189691291,0.0051954795567284665
3352,3.4011442103967075e-08,4.183719952938883e-12,11.05466388348501,0.504829946658868,0.9951082043989051,0.004891795601094895,0.9999755276554885,0.9996438346644047,0.005195076123823853
3353,3.4011442103967075e-08,4.121122855314765e-12,11.054322154405467,0.5048597643594364,0.9951023450254309,0.004897654974569017,0.9999762053986779,0.9996486659734758,0.005177870679777534
3354,3.4011442103967075e-08,3.697897360427481e-12,11.055468506077592,0.5048907539346995,0.9951151054387746,0.004884894561225375,0.9999755728795902,0.9996458317595355,0.005191373636366033
3355,3.4011442103967075e-08,3.972050851013728e-12,11.056557181684148,0.50486119665073,0.9951321627259992,0.00486783727400071,0.9999751100506364,0.9996444394644182,0.005156683417447767
3356,3.4011442103967075e-08,5.096700880960957e-12,11.049223285007857,0.5048764310217627,0.9951190116877574,0.004880988312242627,0.9999743868822517,0.9996402390742675,0.005195145081553017
3357,3.4011442103967075e-08,3.185166902477429e-12,11.052988509046342,0.5048123685384457,0.9951286471019148,0.004871352898085182,0.9999753858295957,0.9996464940382181,0.00515842001884558
3358,3.4011442103967075e-08,3.02238292386066e-12,11.055999396417478,0.5048467435294939,0.9951227877284406,0.004877212271559304,0.9999758157294458,0.9996457178819418,0.005168463431261295
3359,3.4011442103967075e-08,3.310244358379142e-12,11.060280817598755,0.5048236966604956,0.9951227877284406,0.004877212271559304,0.9999755890407117,0.9996436263639895,0.0051890310209899496
3360,3.4011442103967075e-08,5.42921212229594e-12,11.051506760335322,0.5047510404294165,0.9951233085616384,0.004876691438361605,0.9999757929032297,0.9996463286351851,0.005165351719136173
3361,3.4011442103967075e-08,3.682834903698473e-12,11.053878145350284,0.5047697904245337,0.9951285168936154,0.004871483106384608,0.9999758781319161,0.9996460563911145,0.005158177426972732
3362,3.4011442103967075e-08,3.670048107576512e-12,11.054877929623645,0.5047693997996354,0.9951376314745751,0.004862368525424863,0.9999756164184048,0.9996449561677978,0.00512846127133068
3363,3.4011442103967075e-08,3.1455979631822575e-12,11.058657965818023,0.5047382800160729,0.9951395845990665,0.004860415400933489,0.9999754687392628,0.9996440643525147,0.005141263052250816
3364,3.4011442103967075e-08,3.813938700149057e-12,11.058296519205932,0.5046513008720571,0.9951449231393429,0.004855076860657067,0.9999748435507045,0.9996391226511396,0.005166491384678673
3365,3.4011442103967075e-08,3.3897902154554787e-12,11.060785598041686,0.5046847644050093,0.995161199176771,0.004838800823228952,0.99997551083176,0.9996453120661231,0.005101852381743431
3366,3.4011442103967075e-08,3.1167630558103366e-12,11.063137886168803,0.50472083210395,0.9951563814696923,0.0048436185303076746,0.9999756213413005,0.9996461584441089,0.005101887184282974
3367,3.4011442103967075e-08,3.724162925986304e-12,11.063939567444987,0.5047098946067983,0.9951527356373084,0.0048472643626915725,0.9999756963857787,0.9996462090431267,0.005106966042341287
3368,3.4011442103967075e-08,3.5993621764265842e-12,11.066624731937576,0.5047274727272206,0.9951539075120033,0.004846092487996748,0.9999759351158238,0.9996490454949546,0.005081431125959301
3369,3.4011442103967075e-08,3.0648926938852812e-12,11.070600140974843,0.5047023425254317,0.9951457043891395,0.004854295610860518,0.9999757781761419,0.9996484763648779,0.005095758830290205
3370,3.4011442103967075e-08,3.130468533371025e-12,11.074920942362738,0.5047309883513051,0.9951545585535003,0.0048454414464996235,0.999975623531274,0.9996476503659828,0.005113019704428229
3371,3.4011442103967075e-08,3.5411819432559532e-12,11.076953237205029,0.5048020820827911,0.9951453137642412,0.004854686235758793,0.9999755065629392,0.9996448792817156,0.005118819928236575
3372,3.4011442103967075e-08,3.838701377215701e-12,11.076071629883975,0.5047915352105377,0.9951488293883257,0.00485117061167432,0.9999753172065193,0.9996431610117464,0.005141352514420524
3373,3.4011442103967075e-08,4.505393955949958e-12,11.073274363062916,0.5047098946067983,0.995144011681247,0.004855988318753042,0.9999755708707885,0.9996446587077777,0.0051305747436900416
3374,3.4011442103967075e-08,4.2520560116165045e-12,11.070209009294567,0.5047515612626142,0.9951459648057384,0.004854035194261668,0.999975041824346,0.9996420350243389,0.00514350701197529
3375,3.4011442103967075e-08,5.421079792203976e-12,11.062659674226115,0.5047072904408098,0.9951391939741683,0.004860806025831764,0.9999738848917534,0.9996343029315823,0.005183803737617515
3376,3.4011442103967075e-08,3.4188087590806855e-12,11.064898275064353,0.5046963529436581,0.9951514335543141,0.004848566445685821,0.999974499555639,0.9996381161993771,0.005161420667188992
3377,3.4011442103967075e-08,3.567516095236263e-12,11.067269448050592,0.504701561275635,0.9951501314713199,0.0048498685286800704,0.9999754075441631,0.9996436554389537,0.005149984951990447
3378,3.4011442103967075e-08,2.7761513656513287e-12,11.070924277168455,0.5047656237589522,0.995155990844794,0.0048440091552059495,0.9999753404891979,0.9996461728281363,0.005107568032658509
3379,3.4011442103967075e-08,4.9044843633779535e-12,11.067085647686437,0.5047665352170482,0.9951605481352739,0.004839451864726077,0.9999751925808937,0.9996455913878904,0.0050777875026447716
3380,3.4011442103967075e-08,3.9402370855446716e-12,11.067005728714946,0.5047085925238041,0.995155339803297,0.004844660196703074,0.9999749311490901,0.9996429092372162,0.005130046870698421
3381,3.4011442103967075e-08,2.8948719018837678e-12,11.071768825204058,0.5047248685612321,0.9951710950075273,0.004828904992472658,0.9999745799121514,0.999640253632188,0.005127259892753495
3382,3.4011442103967075e-08,4.080414134623034e-12,11.069391216238936,0.5046447904570858,0.9951641939676579,0.004835806032342179,0.99997373696454,0.9996333553388665,0.005170318391162665
3383,3.4011442103967075e-08,2.837545631404152e-12,11.074505251770775,0.504634113376533,0.9951619804265676,0.004838019573432403,0.9999738984869501,0.9996346333774633,0.005182595878685713
3384,3.4011442103967075e-08,3.5081020974129684e-12,11.075343121588428,0.5045864571389435,0.9951804700050859,0.004819529994914064,0.9999745642935142,0.9996408574669772,0.00510194172505759
3385,3.4011442103967075e-08,3.2316427979667627e-12,11.078555179767093,0.504597655052694,0.9951776054224986,0.004822394577501412,0.999974873663143,0.999645038666722,0.005083002648462828
3386,3.4011442103967075e-08,4.847781983350507e-12,11.074073575064414,0.5045989571356883,0.9951824231295773,0.00481757687042269,0.9999749920078828,0.999646541696137,0.005094440295973132
3387,3.4011442103967075e-08,5.7101321942891524e-12,11.064390612831737,0.5046141915067209,0.9951769543810015,0.004823045618998537,0.999974693193613,0.9996456090625184,0.0051012123329636245
3388,3.4011442103967075e-08,3.4685614455462483e-12,11.066595293188628,0.5045945300535079,0.9951721366739228,0.004827863326077259,0.999975893549159,0.9996514042391899,0.005089601059118865
3389,3.4011442103967075e-08,2.9326386055191473e-12,11.06990881706924,0.5046367175425215,0.9951705741743296,0.004829425825670358,0.9999761177067559,0.999651642466635,0.00512073735678223
3390,3.4011442103967075e-08,3.421041973708252e-12,11.072583661263778,0.5046760404489478,0.9951661470921492,0.004833852907850805,0.9999763484752197,0.9996523386871681,0.0050988289073789096
3391,3.4011442103967075e-08,2.9915543002130186e-12,11.076359431555861,0.5046251290038727,0.9951675793834429,0.004832420616557131,0.9999768153217892,0.999655698830302,0.005079898487857128
3392,3.4011442103967075e-08,3.329598857446328e-12,11.080042863815759,0.5046313790022451,0.9951806002133854,0.004819399786614639,0.9999767082384434,0.9996518729937895,0.0050873219489922985
3393,3.4011442103967075e-08,3.244485473493409e-12,11.082042394893584,0.5046196602552968,0.9951720064656233,0.004827993534376684,0.9999770658562191,0.9996539604304769,0.005107202048531451
3394,3.4011442103967075e-08,3.1350638588486446e-12,11.085290577415806,0.5046191394220991,0.9951613293850705,0.004838670614929527,0.9999764542551463,0.9996516843951735,0.0051147766974126594
3395,3.4011442103967075e-08,3.2461320830923245e-12,11.087687242736227,0.5046527331633507,0.9951729179237193,0.004827082076280709,0.9999763524430925,0.9996523671587656,0.005084279487687947
3396,3.4011442103967075e-08,5.471955912385865e-12,11.077770823101217,0.5045885404717343,0.9951651054257538,0.004834894574246205,0.9999755078347665,0.9996477101507754,0.0050720484125368155
3397,3.4011442103967075e-08,2.805488841302705e-12,11.082837522751078,0.504559373812663,0.995175912714606,0.004824087285393936,0.9999763468651242,0.999652738391507,0.0050698707025913755
3398,3.4011442103967075e-08,4.0380075833720055e-12,11.083911440731814,0.5045822904733619,0.9951871106283566,0.004812889371643393,0.9999768097443213,0.9996552345082146,0.005074895573136861
3399,3.4011442103967075e-08,3.371149737045602e-12,11.08448962363922,0.5046420560827979,0.9951813814631819,0.004818618536818089,0.9999772929241648,0.9996592674808811,0.005062607129928811
3400,3.4011442103967075e-08,6.339977046426699e-12,11.070613111609891,0.5046428373325944,0.9951821627129784,0.0048178372870215395,0.9999767650773977,0.9996557469834184,0.0050663350251351985
3401,3.4011442103967075e-08,3.4706933586790693e-12,11.073270895082718,0.504673957116157,0.995182943962775,0.004817056037224991,0.9999763660281886,0.9996549589219138,0.005049145563402497
3402,3.4011442103967075e-08,3.036028940841086e-12,11.077436557982317,0.5046973946100535,0.9951904960441417,0.004809503955858344,0.999976150604604,0.9996545193688053,0.005027599194567355
3403,3.4011442103967075e-08,3.255667496076258e-12,11.080576261253887,0.5046824206556196,0.9952093762475582,0.004790623752441731,0.9999762476737517,0.9996552685348828,0.005009014064010997
3404,3.4011442103967075e-08,3.2995911154073205e-12,11.084598817108258,0.5046174467142066,0.9952020845827905,0.004797915417209527,0.999975872486415,0.9996505999927922,0.0050675353909425255
3405,3.4011442103967075e-08,5.88084709481712e-12,11.07430850857818,0.5046684883675812,0.9951950533346215,0.004804946665378473,0.9999760054732054,0.9996505812633847,0.005085245307743694
3406,3.4011442103967075e-08,2.9569480795756973e-12,11.078806384145574,0.5046989571096466,0.9951979179172089,0.004802082082791125,0.9999762126967573,0.9996531667900016,0.005099634005320165
3407,3.4011442103967075e-08,3.608326349688271e-12,11.079337653002415,0.5046884102373932,0.9951907564607405,0.004809243539259495,0.9999765129212563,0.9996529005108821,0.0051125573909125656
3408,3.4011442103967075e-08,5.3449827929946035e-12,11.073062782034352,0.5046894519037886,0.9951910168773394,0.004808983122660645,0.9999756465234327,0.9996483668562413,0.0051333145574735135
3409,3.4011442103967075e-08,4.044053846313523e-12,11.071860415871297,0.5047082018989058,0.9952009127080956,0.004799087291904351,0.999976507379451,0.9996545796264119,0.005081004852461225
3410,3.4011442103967075e-08,3.839232320384779e-12,11.070539290784918,0.5047386706409712,0.9952067720815698,0.004793227918430229,0.9999759893082988,0.9996509591260196,0.005064375559078129
3411,3.4011442103967075e-08,4.415958042151407e-12,11.069215476331436,0.5046404935832048,0.9951989595836043,0.004801040416395725,0.9999761416362803,0.9996520659519902,0.0050825628940645365
3412,3.4011442103967075e-08,5.022621936085293e-12,11.06234551517512,0.5047304675181075,0.9951959647927175,0.004804035207282498,0.9999762674429318,0.9996540653323698,0.005084726991806742
3413,3.4011442103967075e-08,4.816986457947911e-12,11.05895300072453,0.5047338529338925,0.9951960950010169,0.004803904998983073,0.9999754935522331,0.999650237809494,0.005081344123884574
3414,3.4011442103967075e-08,3.0483477929555736e-12,11.062943515870797,0.5046507800388593,0.9951932304184296,0.004806769581570422,0.9999761089068413,0.9996532296293907,0.005077420890896754
3415,3.4011442103967075e-08,3.4063353527154832e-12,11.06419441044644,0.5046651029517961,0.995200391874898,0.004799608125102051,0.9999756390758021,0.9996539015259386,0.005034419569449681
3416,3.4011442103967075e-08,4.712313223109281e-12,11.059673894638165,0.5046946602357656,0.9951932304184296,0.004806769581570422,0.9999754200906494,0.9996509134418632,0.005047372858104152
3417,3.4011442103967075e-08,3.4497576117909304e-12,11.061914022981462,0.5046197904635963,0.995188152294752,0.004811847705247994,0.9999762944720647,0.9996569096218725,0.00502071909576786
3418,3.4011442103967075e-08,3.36628628395251e-12,11.065384401329021,0.5045761706832889,0.9951825533378768,0.0048174466621232655,0.9999768280423127,0.9996596190412813,0.005028264753666135
3419,3.4011442103967075e-08,3.2283246334460843e-12,11.068522740830137,0.5046494779558651,0.9951895845860457,0.004810415413954319,0.9999761174410658,0.9996561519069791,0.005033702702013342
3420,3.4011442103967075e-08,8.69563929549099e-12,11.041784191520199,0.5046440092072892,0.9952005220831974,0.004799477916802626,0.9999752788527471,0.9996500535442813,0.005097422846599431
3421,3.4011442103967075e-08,3.1451603135991757e-12,11.044005398380051,0.5046816394058231,0.9951885429196503,0.004811457080349719,0.9999747096163025,0.9996447384826791,0.005143487653681619
3422,3.4011442103967075e-08,3.6041280094283035e-12,11.0452502429022,0.5047101550233971,0.9951880220864526,0.0048119779135474185,0.9999757141546022,0.9996501714440633,0.005107720096657171
3423,3.4011442103967075e-08,3.5179459375554987e-12,11.048185018898288,0.5047304675181075,0.9951895845860457,0.004810415413954319,0.9999760080403405,0.9996512204406927,0.005101385218644718
3424,3.4011442103967075e-08,4.521029900394496e-12,11.046166099198203,0.5047505195962189,0.995189063752848,0.004810936247152019,0.9999762761927947,0.9996523674589712,0.005107312520215457
3425,3.4011442103967075e-08,3.174690517789771e-12,11.0487537098509,0.5047683581332401,0.9951990897919037,0.0048009102080963,0.9999764376997408,0.9996558215711614,0.005031529079784558
3426,3.4011442103967075e-08,2.9301565356840245e-12,11.052525077359167,0.5047230456450402,0.9952015637495928,0.004798436250407227,0.9999763425934763,0.9996543675809683,0.005044253323465094
3427,3.4011442103967075e-08,4.011624165666841e-12,11.052746838175732,0.5048130195799428,0.9952053397902761,0.004794660209723904,0.9999762984056919,0.9996540134557197,0.005022291098393324
3428,3.4011442103967075e-08,3.2321173558760704e-12,11.056137216348635,0.5048110664554515,0.995205600206875,0.004794399793125054,0.9999767475782286,0.9996557674644931,0.0050452216343575725
3429,3.4011442103967075e-08,3.0096861763881493e-12,11.060170558049034,0.5048499987369794,0.9951938814599267,0.004806118540073297,0.9999763617067468,0.9996510791467779,0.005106699912814669
3430,3.4011442103967075e-08,3.2563455801030757e-12,11.063292400208326,0.5048606758175324,0.9951964856259152,0.004803514374084799,0.9999765156818344,0.9996529654989508,0.005103016456960938
3431,3.4011442103967075e-08,3.0236288787163862e-12,11.067571453403716,0.504838800823229,0.9951876314615543,0.0048123685384456934,0.9999763866604298,0.9996500022637703,0.0051432484380591935
3432,3.4011442103967075e-08,3.140390518444466e-12,11.072028421210934,0.5048180977036204,0.9951904960441417,0.004809503955858344,0.9999766992445981,0.9996514880214414,0.0051315174885717295
3433,3.4011442103967075e-08,7.234623021921437e-12,11.052649606629705,0.5048631497752214,0.9951947929180227,0.004805207081977322,0.9999766825030926,0.9996530544736428,0.005086875397539491
3434,3.4011442103967075e-08,1.4553223136693357e-11,10.994249878041476,0.5048595039428375,0.9951941418765256,0.004805858123474447,0.9999722440131817,0.9996274176881987,0.005144604025750429
3435,3.4011442103967075e-08,3.467683308892725e-12,10.994833809639166,0.5048443997801042,0.995194272084825,0.004805727915175022,0.9999746382185866,0.9996437651959709,0.005065011056143785
3436,3.4011442103967075e-08,6.731438665713651e-12,10.979216782072234,0.5048015612495934,0.9952016939578922,0.004798306042107801,0.9999764164045639,0.9996530305664786,0.004993686147097107
3437,3.4011442103967075e-08,4.036133811326948e-12,10.979402855948951,0.5047579414692861,0.9951917981271359,0.004808201872864096,0.9999770926125076,0.9996563291619392,0.0050253669782321
3438,3.4011442103967075e-08,4.211416923775399e-12,10.978773614540662,0.5047920560437354,0.9951920585437347,0.004807941456265246,0.9999769098813586,0.9996577850915549,0.005022138622318894
3439,3.4011442103967075e-08,3.669664186984173e-12,10.980629268955315,0.5048264310347835,0.99520221479109,0.004797785208910102,0.9999765817342744,0.9996572900570835,0.004981001379031975
3440,3.4011442103967075e-08,1.3245096730699661e-11,10.92706243612451,0.5048273424928795,0.9952083345811629,0.00479166541883713,0.9999735608971798,0.9996395844883648,0.005051793063581775
3441,3.4011442103967075e-08,3.301599948006409e-12,10.929423575054724,0.5048322904082577,0.995198568958706,0.004801431041294,0.9999743344084155,0.9996438129842309,0.005045599864194705
3442,3.4011442103967075e-08,3.0835528170539105e-12,10.933126173640733,0.5047838529208717,0.9952084647894623,0.004791535210537706,0.9999757026560743,0.9996513553226984,0.00501507131461087
3443,3.4011442103967075e-08,1.2068903011077921e-11,10.889318192735743,0.5048110664554515,0.9952049491653778,0.004795050834622178,0.9999765908910134,0.9996563287970636,0.004992988198217668
3444,3.4011442103967075e-08,3.451159545171993e-12,10.89172623883591,0.504817056037225,0.9952041679155813,0.004795832084418728,0.9999767124271195,0.999656860003711,0.005030076256448339
3445,3.4011442103967075e-08,4.909295124223722e-12,10.888810941899852,0.5048187487451176,0.9952101574973549,0.0047898425026451814,0.9999766134570276,0.9996536615011199,0.005048172291353597
3446,3.4011442103967075e-08,4.212254265902205e-12,10.887074551608569,0.5048355456157433,0.995221876244303,0.004778123755696939,0.9999758538632918,0.999648757146967,0.00504043501705486
3447,3.4011442103967075e-08,4.116245225466164e-12,10.886917657991644,0.5048115872886492,0.9952166679123261,0.004783332087673935,0.9999746621287355,0.9996408285724384,0.0050977804368903265
3448,3.4011442103967075e-08,3.382784721072599e-12,10.889869575417592,0.5047920560437354,0.9952153658293318,0.004784634170668185,0.9999755407996656,0.9996463017926511,0.005089424277821595
3449,3.4011442103967075e-08,3.2030573416946458e-12,10.894489546033247,0.5047621081348677,0.9952208345779077,0.004779165422092338,0.9999758473888214,0.9996493631996022,0.005066617729147973
3450,3.4011442103967075e-08,4.564146944103655e-12,10.890894938839523,0.50479778520891,0.9952050793736772,0.0047949206263227535,0.9999763391481118,0.9996528273283576,0.005068461750537584
3451,3.4011442103967075e-08,5.446827629338833e-12,10.882893280373377,0.5047773425059003,0.9952108085388519,0.004789191461148057,0.9999765685808012,0.9996539972261579,0.005040109263134416
3452,3.4011442103967075e-08,3.223618833857345e-12,10.88643875303015,0.5047955716678199,0.9952138033297387,0.0047861966702612835,0.9999760002164727,0.9996514594887232,0.00501969267273299
3453,3.4011442103967075e-08,3.896683044156055e-12,10.883757758203659,0.5047903633358429,0.9952156262459306,0.0047843737540693345,0.9999765355610015,0.9996584971446372,0.00498414134565764
3454,3.4011442103967075e-08,5.808028020332695e-12,10.874514517836314,0.5047453112642418,0.9952165377040266,0.00478346229597336,0.9999754121320396,0.9996512147761761,0.0050065978865911675
3455,3.4011442103967075e-08,2.8130152753971062e-12,10.879235054718682,0.5047300768932091,0.9952065116649709,0.004793488335029079,0.9999751938877989,0.9996484253430207,0.00504130259927965
3456,3.4011442103967075e-08,2.40240155306091e-12,10.885167313479817,0.5047838529208717,0.9952104179139537,0.004789582086046332,0.9999757372501021,0.9996513176228677,0.005025109437950467
3457,3.4011442103967075e-08,4.0388025935391976e-12,10.8842613023312,0.5047622383431671,0.9952220064526025,0.004777993547397514,0.9999751146292035,0.9996477295841113,0.0049815162247834775
3458,3.4011442103967075e-08,4.8688057531433846e-12,10.878086084906313,0.5047661445921499,0.9952240897853933,0.004775910214606715,0.999976894911639,0.9996565512616841,0.004979367852482112
3459,3.4011442103967075e-08,3.0266851247928336e-12,10.881699611415943,0.5047440091812476,0.9952272147845794,0.004772785215420517,0.9999769300545245,0.9996561521628682,0.0049996760941666074
3460,3.4011442103967075e-08,1.0073084697077522e-11,10.84663121649821,0.5047265612691246,0.9952264335347829,0.004773566465217066,0.999975311450121,0.9996451139768007,0.00507149806631409
3461,3.4011442103967075e-08,5.3987617286170505e-12,10.83879358676702,0.5047045560665219,0.995229818950568,0.0047701810494320184,0.999973408485791,0.9996336473156691,0.0050879865696799335
3462,3.4011442103967075e-08,2.700751429517431e-12,10.844386144672933,0.5047186185628597,0.9952356783240421,0.004764321675957897,0.9999746013239239,0.999643388963566,0.005022469566535699
3463,3.4011442103967075e-08,4.19674814675083e-12,10.8427001195003,0.5046519519135542,0.9952398449896237,0.004760155010376299,0.9999756058173054,0.9996495082945929,0.005017526836761737
3464,3.4011442103967075e-08,3.5219685912033928e-12,10.846617863753771,0.5046722644082645,0.9952342460327485,0.004765753967251571,0.999976259193809,0.9996549627655812,0.00501654490501502
3465,3.4011442103967075e-08,3.2802614375307867e-12,10.850524126294971,0.5046083321332469,0.9952291679090709,0.004770832090929143,0.9999765863660875,0.9996560132156036,0.005043818162646548
3466,3.4011442103967075e-08,5.384256470003977e-12,10.8434549448092,0.5046068998419532,0.9952263033264835,0.004773696673516491,0.9999767464213257,0.9996576677481215,0.005021346196057938
3467,3.4011442103967075e-08,4.5216460192051575e-12,10.8410598110954,0.5046410144164025,0.9952225272858002,0.004777472714199814,0.9999763152700302,0.9996562068510261,0.005033731017112733
3468,3.4011442103967075e-08,4.154938588944548e-12,10.840179137725869,0.5046627592024064,0.9952191418700151,0.004780858129984862,0.9999756632896849,0.9996511112068257,0.005093475062393127
3469,3.4011442103967075e-08,3.3211425885357222e-12,10.8437032540911,0.5046609362862146,0.995221225202806,0.004778774797194063,0.9999763958421937,0.9996543227361223,0.0050702325419485755
3470,3.4011442103967075e-08,4.4158565398920696e-12,10.840286048446268,0.5047473945970327,0.9952207043696082,0.004779295630391763,0.9999750157672668,0.9996485920855498,0.005056085174282532
3471,3.4011442103967075e-08,7.174796638518667e-12,10.824221131949056,0.5047296862683108,0.9952209647862071,0.004779035213792913,0.9999769325605389,0.9996601244216611,0.005014456061920288
3472,3.4011442103967075e-08,6.840141034381984e-12,10.807169827784502,0.5047148425221765,0.9952097668724565,0.004790233127543456,0.999976409058248,0.9996569958099677,0.00504581899075162
3473,3.4011442103967075e-08,4.08885039453525e-12,10.80649919611022,0.5047692695913361,0.9952229179106985,0.0047770820893015395,0.9999758226417333,0.9996536054555886,0.00502667134598098
3474,3.4011442103967075e-08,3.452870736532722e-12,10.81002242381321,0.5047177071047638,0.9952345064493473,0.004765493550652721,0.9999756039578452,0.9996498254792283,0.005038876460980014
3475,3.4011442103967075e-08,3.098422189225642e-12,10.814786783020649,0.5046916654448788,0.9952251314517887,0.004774868548211316,0.9999757125491043,0.9996508874548711,0.0050264559993652945
3476,3.4011442103967075e-08,4.118057917664228e-12,10.814377940191294,0.5047345039753895,0.9952306002003646,0.004769399799635469,0.9999761857274047,0.9996527735317857,0.005007801253500939
3477,3.4011442103967075e-08,3.476263009402075e-12,10.816329634312387,0.5047114571063914,0.9952311210335623,0.004768878966437769,0.9999763044723216,0.9996534852005919,0.005002825442538399
3478,3.4011442103967075e-08,2.998725212158261e-12,10.820805767299358,0.5047214831454471,0.995222787702399,0.004777212297600964,0.9999759592526811,0.9996527792315645,0.0050001910710302565
3479,3.4011442103967075e-08,5.6173113299480155e-12,10.810191516593475,0.5046958321104604,0.9952306002003646,0.004769399799635469,0.9999754733541433,0.9996494797888383,0.005012954192020379
3480,3.4011442103967075e-08,3.097814665941637e-12,10.814131260124848,0.5046884102373932,0.9952240897853933,0.004775910214606715,0.999975326787425,0.9996480790007763,0.005040895645445626
3481,3.4011442103967075e-08,3.280226533781403e-12,10.818017494200138,0.5046468737898766,0.9952266939513817,0.004773306048618217,0.9999759545166694,0.9996543887528454,0.004997194346793424
3482,3.4011442103967075e-08,3.4055210937571484e-12,10.821480260214496,0.5046697904505754,0.9952385429066295,0.0047614570933705485,0.9999762808792794,0.9996561155548327,0.00500589957583962
3483,3.4011442103967075e-08,2.7965739837184093e-12,10.826409148356097,0.5046670560762875,0.9952348970742455,0.004765102925754446,0.9999762921492302,0.999657019966551,0.005030963704834085
3484,3.4011442103967075e-08,3.236216958644616e-12,10.830362643917494,0.5046450508736847,0.9952419283224145,0.004758071677585501,0.9999761713067035,0.9996551159970348,0.005035709786119068
3485,3.4011442103967075e-08,5.580176664431928e-12,10.820872373982537,0.504647915456272,0.9952364595738387,0.004763540426161348,0.9999767799925253,0.9996580648676395,0.0050082850598138565
3486,3.4011442103967075e-08,6.4909865957615226e-12,10.80584090736612,0.5046835925303145,0.9952428397805104,0.004757160219489526,0.9999752804413002,0.9996507608405637,0.005006676152059315
3487,3.4011442103967075e-08,3.5655538093537277e-12,10.80668435232619,0.5046815091975236,0.9952342460327485,0.004765753967251571,0.9999740654059885,0.9996450075909588,0.00502161001385954
3488,3.4011442103967075e-08,3.233829178023028e-12,10.809538155960196,0.5047308581430057,0.9952556001938541,0.004744399806145883,0.9999737363896534,0.9996440319179491,0.0049709170451222974
3489,3.4011442103967075e-08,4.003723607919843e-12,10.809313075821661,0.5047233060616391,0.9952464856128944,0.004753514387105628,0.9999756227281721,0.9996552643922996,0.004957016964211828
3490,3.4011442103967075e-08,4.690630702314566e-12,10.805094289896275,0.5047690091747372,0.9952355481157427,0.004764451884257322,0.999976135318859,0.9996590656977853,0.004952182712899736
3491,3.4011442103967075e-08,9.878191434998183e-12,10.771215434541627,0.5047380195994741,0.9952335949912513,0.004766405008748696,0.9999752707896413,0.9996532070169428,0.0050053799619534135
3492,3.4011442103967075e-08,2.9067051431061446e-12,10.774819544412294,0.5047878893781538,0.9952346366576467,0.004765363342353297,0.9999749595840324,0.9996540274787631,0.004990363030706752
3493,3.4011442103967075e-08,3.846767662766982e-12,10.774767364649437,0.5047967435425147,0.9952347668659461,0.004765233134053871,0.9999754030997219,0.9996549196481673,0.005006867992073571
3494,3.4011442103967075e-08,3.159292217119547e-12,10.778582655798342,0.5047915352105377,0.9952354179074433,0.004764582092556747,0.9999756521839447,0.9996554508260174,0.005005555838134171
3495,3.4011442103967075e-08,3.1133497992259905e-12,10.782642339902472,0.5048058581234744,0.9952334647829518,0.0047665352170481205,0.9999755449903168,0.9996517043461195,0.005057284155511572
3496,3.4011442103967075e-08,3.455911978170303e-12,10.785168405107694,0.5048579414432444,0.9952382824900307,0.004761717509969399,0.9999752087866479,0.9996485372357395,0.005051802573000632
3497,3.4011442103967075e-08,3.2562121660177026e-12,10.789620803089099,0.5047764310478045,0.9952429699888099,0.0047570300111901016,0.9999752706446094,0.9996504791005141,0.005014517293530877
3498,3.4011442103967075e-08,5.4950394248010805e-12,10.781365113869713,0.5047989570836049,0.9952440116552053,0.0047559883447947015,0.9999757326928257,0.9996514326676426,0.005029715574351444
3499,3.4011442103967075e-08,3.2139707908727336e-12,10.785304941108725,0.5047609362601728,0.9952503918618771,0.004749608138122881,0.9999753981085833,0.9996513862104512,0.004993284593132016
3500,3.4011442103967075e-08,6.8076679336004244e-12,10.768527431921337,0.5047752591731096,0.9952502616535777,0.004749738346422306,0.9999748578961005,0.9996486555399073,0.00498417734093902
3501,3.4011442103967075e-08,5.2464803087922225e-12,10.759932218600703,0.5048398424896243,0.9952523449863685,0.0047476550136315064,0.9999733455987974,0.9996411548198106,0.005000145385487649
3502,3.4011442103967075e-08,2.994476319291423e-12,10.763806451925369,0.5048236966604956,0.9952559908187524,0.004744009181247609,0.9999738597717032,0.9996446483910004,0.005006867246543937
3503,3.4011442103967075e-08,3.425617447265096e-12,10.767022762615497,0.5048337226995514,0.9952526054029673,0.004747394597032657,0.9999740650906739,0.9996457257091116,0.004992854806877507
3504,3.4011442103967075e-08,1.1574058744237781e-11,10.726538822873843,0.5048485664456859,0.9952518241531708,0.004748175846829207,0.9999754480368108,0.9996540800973457,0.004991873089832561
3505,3.4011442103967075e-08,3.404878568454227e-12,10.72848088395705,0.5049117174709069,0.9952610689424299,0.004738931057570037,0.9999756089484653,0.999652930776632,0.005031388137163428
3506,3.4011442103967075e-08,9.312300653435378e-12,10.698317552636597,0.5048618476922272,0.995255860610453,0.004744139389547034,0.9999747698966409,0.999649645538279,0.0050115699106738154
3507,3.4011442103967075e-08,2.9615642713118628e-12,10.702111908307051,0.5048597643594364,0.9952670585242035,0.004732941475796491,0.9999745440761041,0.9996510330037897,0.004966448270239375
3508,3.4011442103967075e-08,3.0037252744868038e-12,10.705814025137972,0.5048423164473135,0.9952635429001191,0.004736457099880963,0.999974243208806,0.9996497097306067,0.004976739714317379
3509,3.4011442103967075e-08,2.9545682017495304e-12,10.71002787029752,0.5048157539542307,0.9952556001938541,0.004744399806145883,0.9999743466891228,0.9996531987862888,0.004979103507212017
3510,3.4011442103967075e-08,2.999417878112194e-12,10.71391845931181,0.5048303372837664,0.9952661470661075,0.004733852933892465,0.9999738622414812,0.9996486070669739,0.0049707350968314105
3511,3.4011442103967075e-08,3.139082243411127e-12,10.7183719459167,0.5048320299916589,0.9952509126950748,0.004749087304925181,0.9999747752940017,0.999651142931578,0.00501254978122734
3512,3.4011442103967075e-08,3.881641539000384e-12,10.719871059329625,0.504860285192634,0.9952477876958886,0.004752212304111379,0.9999756970410846,0.9996549222657931,0.005018240246552881
3513,3.4011442103967075e-08,3.3330664097697716e-12,10.721957286636735,0.5048052070819773,0.9952562512353512,0.004743748764648759,0.9999757067308245,0.9996545333530762,0.005008784630139625
3514,3.4011442103967075e-08,3.0992728447906354e-12,10.7266751414405,0.5048334622829526,0.9952576835266449,0.004742316473355085,0.9999759098455493,0.9996574782447762,0.004948248436649232
3515,3.4011442103967075e-08,3.664254356264621e-12,10.729174272874731,0.5048656237329104,0.9952571626934472,0.004742837306552785,0.9999762648412125,0.9996574100176808,0.005007593646381374
3516,3.4011442103967075e-08,4.969891954010334e-12,10.724154768197769,0.5048613268590295,0.9952563814436507,0.0047436185563493345,0.9999757884809751,0.9996544939151215,0.004992620246840941
3517,3.4011442103967075e-08,5.859187515870925e-12,10.714728790300382,0.5048502591535784,0.9952605481092323,0.004739451890767737,0.9999750031416799,0.9996487328091873,0.005030429780380206
3518,3.4011442103967075e-08,2.9379932359204113e-12,10.719424538306187,0.5049223945514597,0.9952708345648869,0.004729165435113168,0.9999759210925254,0.9996567903741554,0.004933491408829258
3519,3.4011442103967075e-08,7.490376460525357e-12,10.699675255853814,0.5049059883057322,0.9952764335217621,0.0047235664782378966,0.9999738906999937,0.9996438031582551,0.004980540857383408
3520,3.4011442103967075e-08,2.8899092756473853e-12,10.703637023099985,0.5049121080958052,0.9952764335217621,0.0047235664782378966,0.9999732242576821,0.9996410059767924,0.004984194330956601
3521,3.4011442103967075e-08,3.5859692659587135e-12,10.704775440896597,0.5048337226995514,0.9952869803940155,0.004713019605984478,0.9999741664085652,0.9996477627832003,0.004963833050901225
3522,3.4011442103967075e-08,5.6760858137164066e-12,10.700033265517504,0.5048130195799428,0.9952863293525184,0.004713670647481602,0.9999756419872897,0.9996568185151711,0.004959680091051012
3523,3.4011442103967075e-08,6.9816881559833165e-12,10.68434856426567,0.5048398424896243,0.9952839856031287,0.00471601439687125,0.9999754107072889,0.9996570693578253,0.004962381011285201
3524,3.4011442103967075e-08,4.465234856910618e-12,10.680787354052734,0.504828384159275,0.9952812512288408,0.004718748771159174,0.9999749320348408,0.9996561316874665,0.004937514686078301
3525,3.4011442103967075e-08,5.0919099468555e-12,10.675210514819806,0.5047677070917429,0.995281902270338,0.00471809772966205,0.9999756598951657,0.9996611878443559,0.004889449869626787
3526,3.4011442103967075e-08,5.081430449280077e-12,10.668186299053195,0.504763149801263,0.9952919283093936,0.00470807169060633,0.9999742071263519,0.999654152316257,0.00491706968624488
3527,3.4011442103967075e-08,3.2341222019241073e-12,10.672322519021288,0.5047645820925567,0.9952902356015011,0.0047097643984988545,0.9999748469277245,0.9996563142434212,0.004903968636415217
3528,3.4011442103967075e-08,7.705556869753344e-12,10.654517546220271,0.5047945300014245,0.9952964855998735,0.004703514400126459,0.9999754551596486,0.9996582460501919,0.004917184262216314
3529,3.4011442103967075e-08,2.784624759468521e-12,10.659231636984511,0.5047535143871056,0.9952970064330713,0.004702993566928758,0.9999757542498612,0.9996596963426191,0.004923670410396083
3530,3.4011442103967075e-08,4.262955553101047e-12,10.658160328734544,0.5047820300046797,0.9952934908089868,0.0047065091910132315,0.9999753598380303,0.9996542268202275,0.004944140628780015
3531,3.4011442103967075e-08,3.898139643889242e-12,10.659761649277295,0.5047925768769331,0.9952964855998735,0.004703514400126459,0.9999757746916053,0.9996589045634201,0.00492902216015048
3532,3.4011442103967075e-08,3.3389745647233396e-12,10.663837317474597,0.504714712313877,0.9952941418504839,0.004705858149516107,0.9999760497597696,0.9996594087789951,0.0049066686039055075
3533,3.4011442103967075e-08,4.46565776150166e-12,10.66122870900197,0.5047226550201419,0.9952792981043495,0.004720701895650548,0.9999760829468856,0.9996596303255327,0.0048965886487497895
3534,3.4011442103967075e-08,3.1146309103423044e-12,10.665098481922463,0.5047904935441423,0.9952841158114282,0.004715884188571826,0.9999759814793056,0.9996562982971392,0.004941533625778305
3535,3.4011442103967075e-08,4.013505509822406e-12,10.66493750673958,0.5046902331535851,0.9952888033102075,0.004711196689792529,0.9999762387329334,0.9996573162732805,0.004953221271150289
3536,3.4011442103967075e-08,3.0547861921234905e-12,10.669679383366002,0.5047475248053321,0.9952889335185069,0.004711066481493104,0.9999760394721635,0.9996563372655938,0.004966591809001574
3537,3.4011442103967075e-08,4.6568647943721955e-12,10.664657901375298,0.504784894587267,0.9952912772678966,0.004708722732103455,0.9999763656946759,0.9996593327506531,0.004959178179383826
3538,3.4011442103967075e-08,3.41838431717055e-12,10.66803863124428,0.5048364570738393,0.9953010428903534,0.004698957109646586,0.9999759457284242,0.9996575794854269,0.0049435382727906286
3539,3.4011442103967075e-08,3.864457072078939e-12,10.667351218493808,0.5048230456189985,0.9952955741417776,0.004704425858222433,0.9999763335575708,0.9996592758679079,0.004940000486483368
3540,3.4011442103967075e-08,3.7419545021890345e-12,10.667162251094334,0.5048324206165571,0.9952938814338851,0.004706118566114957,0.9999757545639628,0.9996560930979922,0.004945805147734356
3541,3.4011442103967075e-08,5.678996701238676e-12,10.658522836686016,0.5047994779168026,0.9952986991409638,0.004701300859036235,0.999974627055402,0.999651285491193,0.004953780639571417
3542,3.4011442103967075e-08,6.5507040505980195e-12,10.644796780886795,0.5048389310315283,0.9953056001808332,0.004694399819166714,0.9999721752426164,0.9996382038411961,0.004955290905877858
3543,3.4011442103967075e-08,3.0617366876258986e-12,10.64874241174804,0.504824738326891,0.9953010428903534,0.004698957109646586,0.9999735770632601,0.9996453222578376,0.004953300421867373
3544,3.4011442103967075e-08,1.7906325614878525e-11,10.573862953504573,0.5047568998028906,0.9952945324753821,0.004705467524617832,0.999976218475104,0.9996607525666835,0.004932572924921537
3545,3.4011442103967075e-08,1.988161212045155e-11,10.489300088128132,0.5048192695783152,0.9953010428903534,0.004698957109646586,0.9999723541140986,0.9996398514584844,0.0049521119617155305
3546,3.4011442103967075e-08,6.799469366579259e-12,10.472957604058369,0.5048542956108605,0.9953151053866913,0.004684894613308695,0.9999685224012151,0.9996193362265424,0.0049811692101348806
3547,3.4011442103967075e-08,3.5588551266268236e-12,10.475553239458124,0.504814321662937,0.9953195324688717,0.004680467531128247,0.9999698856199872,0.9996287455962636,0.004940833757466466
3548,3.4011442103967075e-08,6.009492100932964e-12,10.464816775265094,0.5047760404229061,0.9953126314290023,0.004687368570997768,0.9999738958716878,0.9996504597134583,0.004902374264068382
3549,3.4011442103967075e-08,5.387927058555189e-12,10.457421346220904,0.5048016914578929,0.9953005220571557,0.004699477942844286,0.9999757959896951,0.9996604307939658,0.004923321597240933
3550,3.4011442103967075e-08,9.491453695002655e-12,10.428638549661283,0.5048318997833594,0.9953063814306299,0.004693618569370164,0.9999752461218052,0.9996565998923123,0.004909498488833881
3551,3.4011442103967075e-08,5.356989413112366e-12,10.422499926457972,0.5048263008264842,0.9953063814306299,0.004693618569370164,0.9999738746859194,0.9996472267377587,0.004959709873385435
3552,3.4011442103967075e-08,7.738209718045481e-12,10.40283178070592,0.5048040352072825,0.9953098970547143,0.0046901029452856915,0.9999709796977004,0.9996318046245185,0.004997769058976505
3553,3.4011442103967075e-08,3.4418184443846225e-12,10.405698372803789,0.5047768216727027,0.9953100272630138,0.004689972736986266,0.9999713741398116,0.9996357765090749,0.004991329575006745
3554,3.4011442103967075e-08,3.372216586102469e-12,10.407820081402416,0.504745050847643,0.9953050793476356,0.004694920652364413,0.9999733844170231,0.9996469254394582,0.004969684616902499
3555,3.4011442103967075e-08,4.34466991961439e-12,10.405108640568516,0.5047654935506527,0.9953125012207028,0.004687498779297193,0.9999749189262896,0.9996562600118363,0.0049306489636587745
3556,3.4011442103967075e-08,7.627304978430017e-12,10.386985480822684,0.5047522123041114,0.9952980480994666,0.004701951900533359,0.9999752362922126,0.9996597843388066,0.004913823440665233
3557,3.4011442103967075e-08,4.2444316343468974e-12,10.385826764146854,0.5048020820827911,0.9953207043435666,0.004679295656433423,0.9999739292378245,0.9996522709357838,0.004925035115037997
3558,3.4011442103967075e-08,3.5799546973268166e-12,10.389690145584183,0.5047513008460154,0.9953063814306299,0.004693618569370164,0.9999748608716115,0.9996566885921235,0.0049128530753719726
3559,3.4011442103967075e-08,5.659571034052309e-12,10.380412666144112,0.5047561185530941,0.9953046887227374,0.004695311277262688,0.9999737044298812,0.9996487390518121,0.004955172845220804
3560,3.4011442103967075e-08,3.1469098216744927e-12,10.384830724860485,0.5047897122943458,0.9953059908057316,0.004694009194268439,0.9999738597434291,0.9996515136464359,0.004943105685224005
3561,3.4011442103967075e-08,6.073548960944296e-12,10.374735000156633,0.504701561275635,0.995294792891981,0.004705207108018982,0.9999753359370145,0.9996585982015492,0.004913897174278201
3562,3.4011442103967075e-08,5.6657730638473736e-12,10.367031688003603,0.5046628894107059,0.9952920585176931,0.0047079414823069056,0.999975066670906,0.9996562585736621,0.0049407346144535284
3563,3.4011442103967075e-08,3.3693499521781026e-12,10.37123082845972,0.5047023425254317,0.9952855481027219,0.004714451897278152,0.9999748941891726,0.9996545113138879,0.004965041592453882
3564,3.4011442103967075e-08,3.5627138529610332e-12,10.372318744432837,0.5047014310673357,0.9952894543517046,0.004710545648295404,0.9999741555111593,0.9996506835814027,0.004968730254006799
3565,3.4011442103967075e-08,3.901667874443074e-12,10.372258603919644,0.504696613360257,0.9953056001808332,0.004694399819166714,0.9999748653428502,0.9996527501326877,0.004957008109055312
3566,3.4011442103967075e-08,2.835753580777256e-12,10.37716367646199,0.5047727852154206,0.9952899751849023,0.004710024815097705,0.999975371607561,0.9996554747967367,0.004964763887919834
3567,3.4011442103967075e-08,6.25821528032678e-12,10.363810355768106,0.5047899727109446,0.9953007824737545,0.004699217526245436,0.9999754573844568,0.9996586516584578,0.004917587473070934
3568,3.4011442103967075e-08,4.447420537871542e-12,10.36143572075144,0.5047515612626142,0.9953130220539005,0.004686977946099493,0.9999747740770331,0.9996551024030802,0.004919074346074416
3569,3.4011442103967075e-08,4.090192173438823e-12,10.360500088202484,0.5047389310575701,0.9953141939285953,0.004685806071404669,0.9999743961085682,0.9996514873924488,0.004915541516056669
3570,3.4011442103967075e-08,3.1514583326340586e-12,10.364359891593544,0.504718097729662,0.9953134126787988,0.004686587321201218,0.9999744195306012,0.9996512364398336,0.004946763489237618
3571,3.4011442103967075e-08,2.8293180771535183e-12,10.369075518888755,0.5047071602325104,0.9953127616373016,0.004687238362698343,0.9999755696593706,0.9996592994360544,0.004890489098487133
3572,3.4011442103967075e-08,5.3121667153641126e-12,10.362024868200278,0.5046815091975236,0.995305209555935,0.004694790444064989,0.9999762441167829,0.9996637350212645,0.00489712923115351
3573,3.4011442103967075e-08,1.6413060313347145e-11,10.29901954144885,0.5047087227321034,0.9953075533053246,0.00469244669467534,0.9999729195609671,0.9996451578557034,0.004940045162595568
3574,3.4011442103967075e-08,3.618153669700081e-12,10.302214141773014,0.5046621081609093,0.9953101574713131,0.004689842528686841,0.9999737017948617,0.9996504972184647,0.004917991870145765
3575,3.4011442103967075e-08,3.4154859879900546e-12,10.305480754147098,0.5046665352430898,0.9953115897626068,0.004688410237393167,0.9999735834927175,0.9996493245919802,0.004931498248478173
3576,3.4011442103967075e-08,3.0440336333609073e-12,10.30940719213814,0.5046483060811703,0.9953222668431597,0.004677733156840324,0.9999732406514592,0.9996474779414849,0.004895541273178652
3577,3.4011442103967075e-08,1.186394618760851e-11,10.267419133994132,0.5046239571291778,0.9953257824672441,0.004674217532755851,0.9999747423258099,0.9996566148563583,0.0048424755652157645
3578,3.4011442103967075e-08,4.1560397943530125e-12,10.267160031921291,0.5046871081543989,0.9953268241336396,0.004673175866360451,0.9999746289540575,0.9996552883095811,0.004853841128113563
3579,3.4011442103967075e-08,3.5477347097901456e-12,10.268795117039193,0.504728514393616,0.9953326835071137,0.00466731649288633,0.999973991154961,0.999653911102456,0.004853796681026683
3580,3.4011442103967075e-08,3.728515241937595e-12,10.269138716707628,0.5047911445856395,0.9953311210075205,0.004668878992479429,0.9999738259223697,0.9996540286251496,0.004842343125381859
3581,3.4011442103967075e-08,5.584274507661068e-12,10.261655480807343,0.5047809883382843,0.9953218762182614,0.0046781237817385985,0.9999743834641917,0.9996575017133046,0.004872045864009603
3582,3.4011442103967075e-08,3.5919027537308956e-12,10.26350064324901,0.5048018216661923,0.9953338553818085,0.0046661446181915055,0.9999750631371549,0.9996635104714587,0.004825423143302984
3583,3.4011442103967075e-08,5.2937869198801386e-12,10.257483884689568,0.5047566393862918,0.9953458345453556,0.004654165454644412,0.9999747316246883,0.9996610376740817,0.004833804542154039
3584,3.4011442103967075e-08,3.4179188115955864e-12,10.26092772187881,0.5047054675246179,0.9953410168382769,0.004658983161723135,0.9999748801579523,0.9996615443870721,0.004844154532404044
3585,3.4011442103967075e-08,7.638092023308264e-12,10.242379212261838,0.5047539050120039,0.9953471366283498,0.004652863371650164,0.9999752414712485,0.9996617308957304,0.004862746468097696
3586,3.4011442103967075e-08,4.6800092927398034e-12,10.238787098207808,0.5046924466946754,0.9953460949619545,0.004653905038045563,0.9999743672557274,0.9996572897459545,0.004834753065180573
3587,3.4011442103967075e-08,3.4653670603921997e-12,10.242541019839793,0.50472083210395,0.995344402254062,0.004655597745938087,0.9999751147331581,0.9996619541273848,0.004806641563440297
3588,3.4011442103967075e-08,3.372304816877014e-12,10.245973538059573,0.5046891914871897,0.9953546887097164,0.004645311290283518,0.9999756580413514,0.999663538203889,0.004825296816200785
3589,3.4011442103967075e-08,4.562933148424113e-12,10.241221876789446,0.5047412748069597,0.9953432303793671,0.004656769620632911,0.9999761706108526,0.9996668963023936,0.004837154254988835
3590,3.4011442103967075e-08,3.796963957473912e-12,10.24451615783087,0.5047410143903608,0.9953428397544688,0.004657160245531186,0.999975836046676,0.9996648429283794,0.004863251155187027
3591,3.4011442103967075e-08,3.5464685322226e-12,10.247094647318978,0.5047368477247792,0.9953411470465763,0.00465885295342371,0.9999759950913937,0.9996693561692643,0.004793259148573122
3592,3.4011442103967075e-08,3.7110307003012785e-12,10.249930424878217,0.5047536445954051,0.9953507824607337,0.004649217539266266,0.9999757626595805,0.9996659321937346,0.004808909335435966
3593,3.4011442103967075e-08,3.4456650633943226e-12,10.252332531108046,0.5047144518972781,0.9953489595445418,0.004651040455458215,0.9999759813480406,0.99966507040217,0.0048569092820541305
3594,3.4011442103967075e-08,4.20673312456389e-12,10.250748107940131,0.5047699206328332,0.9953549491263153,0.004645050873684668,0.9999754424693115,0.9996626599928804,0.0048298809017203485
3595,3.4011442103967075e-08,2.9640750844723966e-12,10.25467838419241,0.5047455716808407,0.9953643241238739,0.004635675876126074,0.9999753357301023,0.9996597181153573,0.004881353323198695
3596,3.4011442103967075e-08,3.3763538904453693e-12,10.257265575046887,0.5047684883415395,0.9953683605811561,0.004631639418843901,0.999975311026568,0.9996602661242707,0.004838151071146902
3597,3.4011442103967075e-08,4.1893916216850235e-12,10.255581659670728,0.5047589831356815,0.9953744803712291,0.00462551962877093,0.9999749064389855,0.9996580309583452,0.0048505181369322865
3598,3.4011442103967075e-08,3.0143542886440898e-12,10.260821744931896,0.504759764385478,0.9953617199578855,0.004638280042114572,0.9999748749408626,0.9996589520576198,0.004866052805598046
3599,3.4011442103967075e-08,3.984321370218682e-12,10.262680706232686,0.5047092435653011,0.9953593762084958,0.004640623791504221,0.9999741398925204,0.9996545066440115,0.004911671249501046
3600,3.4011442103967075e-08,2.9704149909034824e-12,10.266824323394836,0.5047404935571631,0.9953575532923038,0.00464244670769617,0.9999742844006405,0.9996571316469112,0.004886531471918504
3601,3.4011442103967075e-08,2.634524839800466e-12,10.271725573841293,0.5047678373000424,0.9953583345421004,0.004641665457899621,0.9999745035265497,0.999657159633721,0.004859685159526416
3602,3.4011442103967075e-08,7.316401888694828e-12,10.25308933919142,0.5048102852056549,0.99537200641354,0.004627993586460003,0.9999740998864297,0.9996552700994662,0.004839761581151252
3603,3.4011442103967075e-08,2.7662650030600642e-12,10.257228076274414,0.5047680977166412,0.9953683605811561,0.004631639418843901,0.9999742920115939,0.9996545236876424,0.004854224129073444
3604,3.4011442103967075e-08,3.563169904841492e-12,10.259922037862584,0.5047333321006948,0.9953618501661848,0.004638149833815147,0.9999747656437922,0.9996566408291647,0.004881728319776383
3605,3.4011442103967075e-08,5.227269677383009e-12,10.252388133720519,0.5047428373065528,0.9953664074566647,0.004633592543335275,0.999974368495558,0.9996576449305152,0.004820437505723231
3606,3.4011442103967075e-08,3.3236524344576564e-12,10.255190119389649,0.5047278633521189,0.995372917871636,0.004627082128364029,0.9999746092478079,0.9996579137404225,0.0048082835071243755
3607,3.4011442103967075e-08,4.6726397671314966e-12,10.25287828605045,0.5047089831487023,0.9953656262068682,0.004634373793131825,0.9999748961102324,0.9996587700572582,0.0048292502510916815
3608,3.4011442103967075e-08,4.67294750019917e-12,10.250485107860246,0.5046960925270593,0.9953526053769257,0.004647394623074317,0.99997462009102,0.9996552339212662,0.004873972662875252
3609,3.4011442103967075e-08,9.091872423747854e-12,10.224929809161239,0.5047302071015086,0.995359115791897,0.004640884208103071,0.9999750422767785,0.9996587978326669,0.004851378135252222
3610,3.4011442103967075e-08,2.995256464038589e-12,10.22801790894773,0.5046613269111128,0.995364063707275,0.0046359362927249235,0.9999740351651513,0.9996540456910341,0.004828654506186586
3611,3.4011442103967075e-08,3.477914169942531e-12,10.231130020944416,0.5047249987695316,0.9953628918325802,0.004637108167419748,0.9999748869647873,0.9996561786425667,0.0048463692325030755
3612,3.4011442103967075e-08,3.173194509327423e-12,10.235830335380008,0.5046932279444719,0.995356381417609,0.004643618582390994,0.999974593546649,0.9996537537928591,0.004881202316754602
3613,3.4011442103967075e-08,3.610695802300139e-12,10.23820896700438,0.5047279935604183,0.9953463553785533,0.004653644621446713,0.9999748490744301,0.9996524941526074,0.004949281775166772
3614,3.4011442103967075e-08,3.2373685566468077e-12,10.241909183362509,0.5047098946067983,0.9953518241271291,0.004648175872870867,0.9999744192429768,0.9996529473414292,0.004945317395287862
3615,3.4011442103967075e-08,4.358553188620772e-12,10.242167802963285,0.5047109362731936,0.9953627616242808,0.004637238375719173,0.9999743982045359,0.9996550472540924,0.004898453144216039
3616,3.4011442103967075e-08,3.136227539612806e-12,10.246737271994537,0.5047092435653011,0.9953584647503998,0.004641535249600195,0.999974348184591,0.99965365706112,0.00488884220736276
3617,3.4011442103967075e-08,3.3343629648918643e-12,10.251177821118185,0.5047298164766103,0.9953723970384383,0.0046276029615617284,0.9999746230819995,0.9996550138266218,0.00486570490282178
3618,3.4011442103967075e-08,4.0841433541773e-12,10.250248097770136,0.5047035144001265,0.9953688814143538,0.004631118585646202,0.9999745080687457,0.9996535473548968,0.004900252557434707
3619,3.4011442103967075e-08,3.4528658157148718e-12,10.252065933602687,0.5047200508541534,0.9953800793281044,0.0046199206718956585,0.9999747931217687,0.9996523497552657,0.004911752521768445
3620,3.4011442103967075e-08,4.110463941575065e-12,10.254913791759538,0.5047693997996354,0.9953847668268836,0.004615233173116361,0.9999742034271218,0.9996513515343045,0.004893630101205322
3621,3.4011442103967075e-08,5.406291350982765e-12,10.245481700854315,0.50482499874349,0.995374740787828,0.00462525921217208,0.9999752784680979,0.9996577122081755,0.0048926004630676714
3622,3.4011442103967075e-08,3.647600819768923e-12,10.247798855328531,0.5048402331145226,0.9953813814110986,0.004618618588901409,0.9999751626516981,0.9996579255779942,0.00488374556587474
3623,3.4011442103967075e-08,3.9866449310631855e-12,10.249264507629706,0.5047908841690406,0.9953958345323347,0.004604165467665243,0.9999743128646194,0.9996528617287725,0.004877002521111479
3624,3.4011442103967075e-08,3.587123042206728e-12,10.252758375140854,0.5047213529371477,0.9953871105762733,0.004612889423726713,0.9999742215504904,0.9996534112252087,0.0048670124597787485
3625,3.4011442103967075e-08,3.6031972850821954e-12,10.254803761147627,0.5048023424993899,0.9953785168285112,0.004621483171488757,0.9999743158097644,0.9996532595505133,0.00488146678642277
3626,3.4011442103967075e-08,4.548263374863004e-12,10.253932669948869,0.5048334622829526,0.9953768241206187,0.0046231758793812815,0.9999741674676947,0.9996515243168718,0.004886769092094299
3627,3.4011442103967075e-08,4.7142538679648005e-12,10.249261293209091,0.5047822904212785,0.995379688703206,0.004620311296793933,0.9999749477356166,0.9996574866058565,0.00486921278728407
3628,3.4011442103967075e-08,4.142087672619412e-12,10.24735809977113,0.5047522123041114,0.9953832043272905,0.00461679567270946,0.9999748835790306,0.9996600653657418,0.0048684140608273455
3629,3.4011442103967075e-08,2.990240604600857e-12,10.251863391649929,0.5047223946035431,0.9953873709928721,0.004612629007127863,0.9999750815817081,0.9996602321739573,0.0048477022536971585
3630,3.4011442103967075e-08,3.2403972581517117e-12,10.255101487801129,0.5047949206263228,0.9953802095364037,0.004619790463596234,0.9999749971229185,0.9996591252340841,0.0048843294374248895
3631,3.4011442103967075e-08,6.627976995628093e-12,10.242197372979108,0.5048255195766876,0.9953707043305458,0.004629295669454253,0.9999731452365753,0.9996536924671191,0.004878560735799409
3632,3.4011442103967075e-08,3.7281281613736655e-12,10.243142348943403,0.5048533841527646,0.9953856782849796,0.004614321715020387,0.9999740221646615,0.9996581377417895,0.004835896727736201
3633,3.4011442103967075e-08,3.5505889621635143e-12,10.246835740705347,0.5048141914546377,0.9953800793281044,0.0046199206718956585,0.9999744548338834,0.9996610614961191,0.004836267895225312
3634,3.4011442103967075e-08,3.3366688001276228e-12,10.248342573314206,0.5048507799867761,0.9953746105795285,0.004625389420471505,0.9999736205823235,0.9996557096814164,0.004842529270608023
3635,3.4011442103967075e-08,9.08299017500792e-12,10.222668988096263,0.5048567695685496,0.995364975165371,0.004635024834628949,0.9999741206787321,0.9996594044049318,0.004855640194111842
3636,3.4011442103967075e-08,3.5509137933690177e-12,10.223860987571024,0.5048497383203806,0.9953723970384383,0.0046276029615617284,0.999974583722409,0.9996616692876582,0.004845937758495726
3637,3.4011442103967075e-08,1.1150523948617694e-11,10.185708025853073,0.5048389310315283,0.995378126203613,0.004621873796387032,0.9999702605360413,0.9996363384416763,0.0049227369891097685
3638,3.4011442103967075e-08,8.937953867023448e-12,10.162586938966994,0.5048457018630985,0.9953740897463308,0.004625910253669205,0.9999657250317464,0.9996106259106099,0.004985130840868079
3639,3.4011442103967075e-08,4.351623855810818e-12,10.161107831334224,0.5048687487320966,0.995372917871636,0.004627082128364029,0.9999704119933023,0.9996353899203413,0.004932631667876321
3640,3.4011442103967075e-08,3.39566852758707e-12,10.163897420753672,0.5048653633163116,0.9953730480799354,0.004626951920064604,0.9999727285331693,0.9996499705148021,0.004878502303612279
3641,3.4011442103967075e-08,6.28070921757495e-12,10.15188371710583,0.5048235664521963,0.9953675793313596,0.004632420668640451,0.9999749628094428,0.9996634140946744,0.004852013887301475
3642,3.4011442103967075e-08,6.03051021485598e-12,10.13948656718115,0.5048105456222537,0.9953755220376245,0.004624477962375531,0.9999755575873316,0.9996655995770033,0.004842079688059996
3643,3.4011442103967075e-08,7.899983523615436e-12,10.121666087303428,0.5047372383496775,0.9953800793281044,0.0046199206718956585,0.9999734041866829,0.9996524455133645,0.004848973764232804
3644,3.4011442103967075e-08,3.3897021670787137e-12,10.126107487069886,0.5047464831389367,0.9953755220376245,0.004624477962375531,0.9999731200899229,0.9996508836051046,0.0048591883709923605
3645,3.4011442103967075e-08,3.2851438235201622e-12,10.128518324023611,0.5047178373130632,0.9953846366185842,0.004615363381415786,0.9999723590286371,0.9996481474299663,0.004855371222168314
3646,3.4011442103967075e-08,3.271421189092995e-12,10.132027732499175,0.5047497383464223,0.9953880220343693,0.004611977965630738,0.9999732108704938,0.9996524525720905,0.004839463730925491
3647,3.4011442103967075e-08,3.105148960989221e-12,10.135940186347296,0.5047761706312056,0.9953769543289182,0.004623045671081857,0.999973549898346,0.999655225678904,0.004815158980136409
3648,3.4011442103967075e-08,3.853467999506942e-12,10.137153204117622,0.5047261706442264,0.9953819022442963,0.0046180977557037095,0.9999745033445214,0.9996610000997255,0.004800343645690754
3649,3.4011442103967075e-08,6.457674127084723e-12,10.126631894769739,0.5047352852251862,0.9953838553687877,0.004616144631212336,0.9999742529382306,0.9996598244601574,0.004820605192970114
3650,3.4011442103967075e-08,6.171390976156819e-12,10.11661613367752,0.5047746081316125,0.9953750012044268,0.0046249987955732305,0.9999737402115795,0.9996586018757685,0.004793018704578559
3651,3.4011442103967075e-08,9.076804488374987e-12,10.08987554090848,0.5047566393862918,0.9953816418276974,0.004618358172302559,0.9999702580039858,0.9996391780654184,0.004831016421115411
3652,3.4011442103967075e-08,3.669391998468242e-12,10.09221311800912,0.5047509102211172,0.9953895845339623,0.004610415466037639,0.9999722662933984,0.999649957685466,0.004809434806936962
3653,3.4011442103967075e-08,9.782673168012974e-12,10.061469887870617,0.5047414050152591,0.9953898449505613,0.004610155049438789,0.9999748021082229,0.9996649050845887,0.004758504413821708
3654,3.4011442103967075e-08,3.538396766533653e-12,10.065094010260013,0.5047679675083417,0.9953932303663463,0.004606769633653742,0.9999741203604731,0.9996610328788342,0.004766944452331994
3655,3.4011442103967075e-08,8.192310463327093e-12,10.044078235823797,0.5047749987565108,0.9953949230742388,0.004605076925761217,0.9999733036195787,0.9996563937687032,0.0047877148274835515
3656,3.4011442103967075e-08,3.2008674701353654e-12,10.048331761365937,0.5047411445986603,0.9953843762019854,0.004615623798014636,0.9999736135688878,0.9996568876487347,0.004796776862395765
3657,3.4011442103967075e-08,7.502746182138854e-12,10.033624055682045,0.5047455716808407,0.9953867199513751,0.004613280048624988,0.9999719109474883,0.9996477932079412,0.004834926799938118
3658,3.4011442103967075e-08,7.902418374603869e-12,10.013295528376693,0.5047470039721343,0.9953957043240353,0.0046042956759646675,0.9999742194239921,0.9996596080983884,0.004800079433846831
3659,3.4011442103967075e-08,3.964145559097829e-12,10.013158361185349,0.5048180977036204,0.9954006522394134,0.004599347760586521,0.9999744423002702,0.9996602217261931,0.004788485403695778
3660,3.4011442103967075e-08,2.8754981799228707e-12,10.017121868708111,0.504749347721524,0.995404167863498,0.004595832136502048,0.9999744166735138,0.9996602776422371,0.0047842419361827995
3661,3.4011442103967075e-08,2.899260649845598e-12,10.022225603783495,0.5047673164668447,0.9954104178618703,0.004589582138129652,0.9999747863987423,0.9996634859755074,0.004745163493996521
3662,3.4011442103967075e-08,2.862208535272905e-12,10.0275920387317,0.504694790444065,0.9954110689033675,0.004588931096632527,0.999974699530478,0.9996628154580278,0.004756646275781216
3663,3.4011442103967075e-08,2.8509174815611747e-12,10.032967522718971,0.5047124987727868,0.9954104178618703,0.004589582138129652,0.9999745946045142,0.999662798431076,0.0047432418211564315
3664,3.4011442103967075e-08,2.8699845812676776e-12,10.037113189996898,0.504710415439996,0.9954111991116669,0.004588800888333102,0.999974207532969,0.9996619773663677,0.004717089763152932
3665,3.4011442103967075e-08,4.3123674123845456e-12,10.035489120611995,0.5047350248085873,0.9954154959855479,0.00458450401445208,0.9999741615182715,0.9996632673359689,0.004712108158496222
3666,3.4011442103967075e-08,3.238309281565234e-12,10.04007722837151,0.504731248767904,0.9954201834843273,0.004579816515672783,0.9999747086040045,0.9996645009027623,0.004699736430481231
3667,3.4011442103967075e-08,3.1185206167803445e-12,10.044852820714537,0.5046971341934546,0.9954131522361582,0.004586847763841728,0.9999744185276744,0.9996629589987819,0.004747648901659971
3668,3.4011442103967075e-08,3.2195895856164037e-12,10.04942269732633,0.5046829414888173,0.9954196626511295,0.004580337348870482,0.9999746201749073,0.9996643922475602,0.004749640104685971
3669,3.4011442103967075e-08,3.0358962369933445e-12,10.05388153882962,0.5047480456385298,0.9954253918163042,0.004574608183695785,0.9999746362632478,0.9996634201897369,0.00473820169780932
3670,3.4011442103967075e-08,2.5151257020943506e-12,10.05951219887343,0.5047578112609866,0.995422266817118,0.0045777331828819835,0.999974671611963,0.9996642463878116,0.004737542501921946
3671,3.4011442103967075e-08,2.8074558520143733e-12,10.064486491293126,0.5047675768834435,0.9954278657739933,0.004572134226006712,0.9999752976463526,0.9996679458979387,0.004739393447003542
3672,3.4011442103967075e-08,4.617398439938523e-12,10.061402651324688,0.5047518216792131,0.9954243501499088,0.004575649850091185,0.999975028140596,0.9996677351742465,0.004733333459077514
3673,3.4011442103967075e-08,3.3308639994944263e-12,10.064007984168514,0.5048026029159888,0.9954264334826997,0.004573566517300386,0.9999743445247413,0.9996632740258321,0.004759798411360932
3674,3.4011442103967075e-08,4.76459572103232e-12,10.060909962263827,0.5047489570966257,0.9954230480669146,0.004576951933085434,0.9999753406244712,0.9996649840976572,0.004797967517976809
3675,3.4011442103967075e-08,3.1090080910147288e-12,10.065210891847645,0.504824738326891,0.9954225272337168,0.004577472766283134,0.9999750266515776,0.999660678266923,0.004852001301066621
3676,3.4011442103967075e-08,3.2896598176496354e-12,10.067563094248623,0.5048722643561812,0.9954266938992985,0.004573306100701537,0.9999754522184157,0.9996607111708894,0.0048794323124655365
3677,3.4011442103967075e-08,4.843423763540113e-12,10.063762553469598,0.5048002591665992,0.9954373709798513,0.004562629020148693,0.9999743364784407,0.9996545146312052,0.004876666503757922
3678,3.4011442103967075e-08,3.302897621057464e-12,10.06682852785027,0.5047382800160729,0.9954402355624387,0.004559764437561345,0.9999743521755186,0.9996574774772985,0.004829342404868441
3679,3.4011442103967075e-08,3.4786291120153905e-12,10.07099482595204,0.5046854154465064,0.9954446626446191,0.004555337355380897,0.9999739813457728,0.9996547269284211,0.004837202421450611
3680,3.4011442103967075e-08,2.6914128705691454e-12,10.076619702029772,0.5046903633618846,0.9954410168122352,0.004558983187764795,0.9999739155929692,0.9996541718965845,0.004833590996213969
3681,3.4011442103967075e-08,3.640215440316037e-12,10.077815558314377,0.5047059883578155,0.9954391938960433,0.004560806103956744,0.9999741000121147,0.9996571414007751,0.004791033824967189
3682,3.4011442103967075e-08,3.1554695404311745e-12,10.081513392990045,0.5047889310445492,0.995439714729241,0.004560285270759044,0.9999745900905865,0.9996601462473289,0.004783470110211036
3683,3.4011442103967075e-08,3.1673693054923125e-12,10.08548247157772,0.5048169258289256,0.9954325532727726,0.004567446727227415,0.9999749133801042,0.9996604130360037,0.0048013444205767435
3684,3.4011442103967075e-08,3.65106571450903e-12,10.087347065947643,0.5047579414692861,0.9954380220213485,0.004561977978651568,0.9999752715569167,0.999662311695554,0.004812255419451397
3685,3.4011442103967075e-08,2.7066462983248654e-12,10.092670079751365,0.5046871081543989,0.9954279959822927,0.004572004017707287,0.9999748593788215,0.9996608945433376,0.004829058102038853
3686,3.4011442103967075e-08,3.058626408219681e-12,10.097240297174137,0.5046930977361724,0.9954377616047496,0.004562238395250418,0.999974851682428,0.999662139758288,0.004793698184632523
3687,3.4011442103967075e-08,2.7571966482877528e-12,10.102582077065096,0.5045986967190894,0.9954303397316824,0.004569660268317639,0.9999754937697819,0.999665349710971,0.0048131682067952646
3688,3.4011442103967075e-08,3.0276694751039463e-12,10.106519005635484,0.5045972644277957,0.995429298065287,0.004570701934713038,0.9999754814311744,0.99966835063741,0.00476831970136116
3689,3.4011442103967075e-08,3.3132848070839523e-12,10.108930399230962,0.5045397123594499,0.9954225272337168,0.004577472766283134,0.9999753587668108,0.9996670533395313,0.004805353130438909
3690,3.4011442103967075e-08,3.9807662894195216e-12,10.107251025777872,0.5045938790120107,0.9954358084802583,0.004564191519741792,0.999974980967817,0.9996626828942564,0.004787720377889842
3691,3.4011442103967075e-08,5.322516141879708e-12,10.101041609656088,0.5045501290234039,0.9954209647341238,0.004579035265876233,0.9999742884759893,0.9996601346233192,0.0048184522337461014
3692,3.4011442103967075e-08,3.26526761004318e-12,10.103806222834846,0.5046076810917497,0.9954338553557668,0.004566144644233165,0.9999750959256041,0.9996643340713157,0.004786023983079096
3693,3.4011442103967075e-08,3.151286271665642e-12,10.108066022273924,0.5046636706605024,0.9954459647276134,0.004554035272386648,0.9999747130021475,0.9996625204624849,0.00478981475511094
3694,3.4011442103967075e-08,4.337861100469009e-12,10.107608477752674,0.5046256498370704,0.9954411470205347,0.00455885297946537,0.9999750941470791,0.9996653487614259,0.004753609460318539
3695,3.4011442103967075e-08,3.5005594727367877e-12,10.108225884793056,0.5046083321332469,0.9954423188952295,0.004557681104770546,0.999974594890125,0.9996630806405336,0.004762301082610576
3696,3.4011442103967075e-08,3.3514338242499602e-12,10.111980758937372,0.5045622383952504,0.9954493501433984,0.0045506498566016,0.999974374289212,0.9996624438487155,0.004754718726131877
3697,3.4011442103967075e-08,3.063644581128623e-12,10.115474865727737,0.5045565092300757,0.9954411470205347,0.00455885297946537,0.9999738320566907,0.9996584276984454,0.004786206403760067
3698,3.4011442103967075e-08,2.9174325579022162e-12,10.119806886169759,0.5045105457003787,0.9954347668138628,0.004565233186137191,0.9999740636428293,0.9996612835114485,0.0047559763344880825
3699,3.4011442103967075e-08,3.7748682689589476e-12,10.119166601840789,0.5045765613081872,0.9954393241043427,0.004560675895657318,0.999973155999867,0.9996531281594769,0.004819893781656369
3700,3.4011442103967075e-08,3.0929656166221518e-12,10.122717288507685,0.5045920560958187,0.9954402355624387,0.004559764437561345,0.9999747284406381,0.9996619705343457,0.004794105077356699
3701,3.4011442103967075e-08,3.3765964447655093e-12,10.126153726265793,0.5045483061072119,0.9954321626478743,0.00456783735212569,0.999975186753524,0.9996633830107086,0.004805230291069374
3702,3.4011442103967075e-08,3.5628515329682688e-12,10.127511307948593,0.5045203113228356,0.9954300793150835,0.004569920684916488,0.9999758487398415,0.9996701265587646,0.0047455706325526155
3703,3.4011442103967075e-08,1.4795956017334185e-11,10.07357233877782,0.5045347644440717,0.9954348970221623,0.004565102977837766,0.9999738883693882,0.9996597250124843,0.004734872508760809
3704,3.4011442103967075e-08,6.4768820898785136e-12,10.060205813040437,0.5045071602845936,0.9954279959822927,0.004572004017707287,0.9999703447187802,0.9996402971862762,0.004816625170803454
3705,3.4011442103967075e-08,3.610881915209408e-12,10.063116565442048,0.5045139311161637,0.9954226574420163,0.004577342557983709,0.9999702046686915,0.9996402667228419,0.0048209413672186535
3706,3.4011442103967075e-08,2.827546977445803e-12,10.068416873284557,0.5045869779721411,0.9954335949391679,0.004566405060832016,0.9999705239174745,0.999641088658619,0.004807040812225458
3707,3.4011442103967075e-08,9.67068127946256e-12,10.039414483575491,0.5046097644245405,0.9954270845241967,0.004572915475803262,0.9999746873239007,0.9996620981604379,0.0047895253568178845
3708,3.4011442103967075e-08,4.717725780932258e-12,10.034077357262134,0.5045333321527781,0.9954341157723657,0.004565884227634316,0.9999758303677219,0.9996690007407194,0.004763931292250157
3709,3.4011442103967075e-08,3.438969792537414e-12,10.037335016679823,0.5045638008948435,0.9954296886901852,0.004570311309814763,0.9999747896360464,0.9996664846299707,0.004756457416805659
3710,3.4011442103967075e-08,3.0666805161826855e-12,10.041451919695803,0.5045167956987511,0.9954324230644732,0.004567576935526839,0.9999749813935682,0.9996657862602818,0.004769417989795254
3711,3.4011442103967075e-08,9.62894060447567e-12,10.015049303482305,0.504466535295173,0.9954404959790375,0.004559504020962495,0.9999724371766808,0.9996519269735874,0.004808199631770687
3712,3.4011442103967075e-08,4.879075456844742e-12,10.011316669430807,0.5044968738289392,0.995437891813049,0.004562108186950993,0.9999705673823327,0.999641866902207,0.004834897856155933
3713,3.4011442103967075e-08,3.374377987062235e-12,10.015056052474762,0.5045476550657149,0.9954419282703312,0.0045580717296688205,0.9999704967421347,0.9996407518807382,0.004818501908088282
3714,3.4011442103967075e-08,3.2081206764566084e-12,10.018446419713596,0.5045497383985056,0.9954489595185001,0.004551040481499875,0.9999718374585818,0.9996472151295508,0.004814300060153348
3715,3.4011442103967075e-08,6.147270995140721e-12,10.006869108789378,0.5045613269371545,0.9954427095201277,0.004557290479872271,0.9999739238250683,0.9996586133780375,0.004782458150790266
3716,3.4011442103967075e-08,7.179038807482143e-12,9.992526770408414,0.5045221342390276,0.9954476574355059,0.004552342564494124,0.9999744636337607,0.9996614249364378,0.004778351006150907
3717,3.4011442103967075e-08,6.60554966308123e-12,9.979447708816664,0.5045208321560333,0.9954375011881508,0.004562498811849267,0.9999730273518997,0.9996569728435494,0.0047863584250615165
3718,3.4011442103967075e-08,5.662609698066697e-12,9.9722156538975,0.504542186317139,0.9954361991051565,0.004563800894843517,0.999970401644212,0.9996419745019633,0.004842343103671087
3719,3.4011442103967075e-08,5.762108730971841e-12,9.96335421093742,0.50454648319102,0.9954355480636593,0.004564451936340642,0.9999679046235731,0.9996301543811706,0.004857195578257227
3720,3.4011442103967075e-08,3.2328066534948933e-12,9.966989243709063,0.5045800769322716,0.9954313813980777,0.0045686186019222395,0.9999691611628192,0.9996366549143556,0.004874974874812755
3721,3.4011442103967075e-08,3.809439957355185e-12,9.968567142783481,0.5045808581820682,0.9954364595217553,0.0045635404782446674,0.9999718763644707,0.9996502584044179,0.004852708104256993
3722,3.4011442103967075e-08,7.356388973283e-12,9.950429158146843,0.5045316394448855,0.9954257824412025,0.004574217558797511,0.9999740883767647,0.9996626981052573,0.004790075458179945
3723,3.4011442103967075e-08,6.174169585146235e-12,9.939033768754385,0.504619399838698,0.9954375011881508,0.004562498811849267,0.9999747812498311,0.9996683081431541,0.004733245105122675
3724,3.4011442103967075e-08,3.3802671804601115e-12,9.94345935442854,0.5045856758891469,0.995428386607191,0.004571613392809012,0.9999747522549864,0.9996675396176123,0.0047631163322958674
3725,3.4011442103967075e-08,4.414186439386432e-12,9.943725764221956,0.5045700508932159,0.9954264334826997,0.004573566517300386,0.9999743845921077,0.9996650342431793,0.004765120027825692
3726,3.4011442103967075e-08,3.0701691861642778e-12,9.947233461003435,0.5045980456775923,0.9954373709798513,0.004562629020148693,0.999974276470741,0.9996641900597641,0.004761796253084107
3727,3.4011442103967075e-08,6.638936960697902e-12,9.93472119157937,0.5046287748362566,0.995447397018907,0.004552602981092974,0.999972028034458,0.9996529394031487,0.004756622604436679
3728,3.4011442103967075e-08,3.0529949363430634e-12,9.94000524752735,0.504663540452203,0.9954354178553599,0.004564582144640067,0.999972445984325,0.9996557859034035,0.0047631536124030805
3729,3.4011442103967075e-08,3.726851051682174e-12,9.940534626829372,0.5047045560665219,0.9954361991051565,0.004563800894843517,0.9999740689912335,0.9996623648412483,0.0048009303326539314
3730,3.4011442103967075e-08,3.2642166709839146e-12,9.94456233895349,0.5047191393960575,0.9954367199383541,0.004563280061645817,0.9999743965233565,0.9996657756528488,0.004798474661119895
3731,3.4011442103967075e-08,3.3769706852171264e-12,9.947598781453797,0.5046747383659536,0.9954257824412025,0.004574217558797511,0.999974973388284,0.9996670430005303,0.004825847535359237
3732,3.4011442103967075e-08,2.5480000844915272e-12,9.953029477433573,0.5046520821218536,0.9954345063972639,0.004565493602736041,0.999974679312076,0.9996650725075213,0.004803196733232506
3733,3.4011442103967075e-08,8.201697476572431e-12,9.933502213881187,0.5046714831584679,0.9954317720229761,0.0045682279770239646,0.9999736967561663,0.9996612367907711,0.004803310015947605
3734,3.4011442103967075e-08,5.342836075444258e-12,9.927025193743468,0.5046850248216082,0.9954333345225691,0.004566665477430865,0.9999718256498114,0.999649758407963,0.0048370897006861325
3735,3.4011442103967075e-08,4.695282400823544e-12,9.924347386831851,0.5046115873407324,0.9954248709831065,0.004575129016893486,0.9999745622601508,0.9996629021279864,0.00481962617043585
3736,3.4011442103967075e-08,7.139432405561662e-12,9.90947394801903,0.504635024834629,0.9954217459839203,0.004578254016079683,0.999975252410751,0.9996676529255272,0.004827576062348452
3737,3.4011442103967075e-08,3.2022311296482445e-12,9.91254782259975,0.504652212330153,0.995413673069356,0.004586326930644029,0.9999742493249877,0.9996609178823755,0.0048640567134132185
3738,3.4011442103967075e-08,3.736049301852936e-12,9.915809522506876,0.5046186185889014,0.995421355359022,0.004578644640977958,0.9999745513544935,0.9996622993861619,0.004844697189669924
3739,3.4011442103967075e-08,2.851940675435726e-12,9.920724446468745,0.5047044258582224,0.9954266938992985,0.004573306100701537,0.9999746974952365,0.9996645599505374,0.004789945399241032
3740,3.4011442103967075e-08,5.001223164632261e-12,9.914893223203222,0.5047145821055776,0.9954286470237899,0.004571352976210162,0.9999730919720459,0.999656146563661,0.004799659832605083
3741,3.4011442103967075e-08,4.647121875799419e-12,9.911308962528901,0.5046462227483794,0.9954408866039358,0.00455911339606422,0.9999739298626017,0.9996597337414449,0.004785546075126677
3742,3.4011442103967075e-08,4.6222382831638014e-12,9.907801138954422,0.5046434883740916,0.9954466157691105,0.004553384230889523,0.9999742772099695,0.9996636341820893,0.004728528893129897
3743,3.4011442103967075e-08,4.318206039518496e-12,9.90685167755415,0.5046727852414622,0.9954376313964501,0.004562368603549843,0.9999742956307929,0.9996647021088293,0.004755958027382147
3744,3.4011442103967075e-08,3.519583558937992e-12,9.909430839585069,0.5046263008785675,0.9954477876438053,0.004552212356194699,0.9999742840273413,0.9996641599531174,0.004733786737331576
3745,3.4011442103967075e-08,2.8718752918612054e-12,9.914672765995267,0.5046354154595272,0.9954496105599973,0.00455038944000275,0.9999734402803429,0.999657881321063,0.004779650235041129
3746,3.4011442103967075e-08,8.944201758658658e-12,9.891027685604884,0.5046597644115197,0.9954463553525116,0.004553644647488373,0.9999716214995319,0.9996474581374936,0.004833811633008282
3747,3.4011442103967075e-08,2.978512945613133e-12,9.894916743101291,0.5047065091910132,0.9954503918097938,0.004549608190206201,0.9999707100804622,0.9996427906550193,0.004856373111153667
3748,3.4011442103967075e-08,3.728155918248109e-12,9.8985118728233,0.5046769519070438,0.9954447928529185,0.004555207147081472,0.9999711048338316,0.9996470450206858,0.004821738158579814
3749,3.4011442103967075e-08,6.0467700941835036e-12,9.887224441070797,0.5047308581430057,0.99544218868693,0.00455781131306997,0.9999731436798429,0.9996581506546401,0.004745548855387985
3750,3.4011442103967075e-08,5.81997290204511e-12,9.877496125114943,0.5047688789664377,0.9954425793118283,0.004557420688171695,0.999972689635528,0.9996557461692636,0.004764550071956711
3751,3.4011442103967075e-08,3.3016358057419143e-12,9.880055187461075,0.5047554675115971,0.9954563813915673,0.004543618608432654,0.9999720124758688,0.9996543487124993,0.004728729611933801
3752,3.4011442103967075e-08,3.98339109161333e-12,9.881236392606807,0.504748436263428,0.9954477876438053,0.004552212356194699,0.9999717646665511,0.9996539157788185,0.004772603647728048
3753,3.4011442103967075e-08,2.734875547319245e-12,9.886847478456257,0.5047908841690406,0.9954566418081662,0.004543358191833804,0.999971836189121,0.9996534009611193,0.004767092295356196
3754,3.4011442103967075e-08,4.7819260314096195e-12,9.884415049111915,0.5047480456385298,0.9954522147259858,0.004547785274014252,0.9999731336040495,0.9996591936150483,0.00477638296739675
3755,3.4011442103967075e-08,4.335545326887245e-12,9.884653339919794,0.5046837227386138,0.995463022014838,0.0045369779851619834,0.9999735317020199,0.9996618712271422,0.004736281028038002
3756,3.4011442103967075e-08,3.926326749655411e-12,9.885933633004562,0.5047259102276276,0.9954540376421777,0.004545962357822303,0.9999741384648905,0.9996669961458894,0.004695924880390499
3757,3.4011442103967075e-08,3.1085125413489367e-12,9.889863860542075,0.5047779935473975,0.9954641938895329,0.004535806110467159,0.9999738970269039,0.9996639447522434,0.004711976178144697
3758,3.4011442103967075e-08,2.974227984076063e-12,9.894928554047386,0.5047789050054935,0.9954610688903467,0.004538931109653357,0.9999735657305812,0.9996621791072611,0.004729853739828131
3759,3.4011442103967075e-08,3.0005648968633197e-12,9.899672632957119,0.5047339831421919,0.9954667980555213,0.00453320194447866,0.9999729327584655,0.9996593132785296,0.004695733158862667
3760,3.4011442103967075e-08,3.4305691678472456e-12,9.903559089357845,0.5047583320941843,0.9954556001417708,0.004544399858229203,0.9999735514270276,0.9996599281458426,0.004753514135880834
3761,3.4011442103967075e-08,5.874022483540313e-12,9.894307576898006,0.5047360664749827,0.9954638032646346,0.004536196735365434,0.9999715736782901,0.9996507970925967,0.004774193693892411
3762,3.4011442103967075e-08,3.458072487905439e-12,9.898157432502664,0.5047386706409712,0.9954669282638208,0.004533071736179235,0.9999711095286141,0.9996468416738008,0.004798575826669804
3763,3.4011442103967075e-08,3.3185545170967182e-12,9.902437331686304,0.5047440091812476,0.9954779959692719,0.004522004030728117,0.9999725827034908,0.9996558760872672,0.004730302360635877
3764,3.4011442103967075e-08,3.0808943407179045e-12,9.906696071612556,0.5047499987630212,0.9954843761759437,0.004515623824056296,0.9999736148151789,0.9996631408831501,0.004687224057555926
3765,3.4011442103967075e-08,5.823773625687244e-12,9.897524928449785,0.504689582112088,0.9954809907601586,0.004519009239841344,0.9999749453623306,0.9996692129407875,0.0046860810374379945
3766,3.4011442103967075e-08,3.1882393069801617e-12,9.901418265371273,0.5046941394025679,0.9954875011751299,0.004512498824870098,0.9999753199302339,0.9996705635823127,0.004699753425116678
3767,3.4011442103967075e-08,5.9329023420406695e-12,9.890338270005165,0.5046812487809248,0.995484766800842,0.004515233199158021,0.9999743837829055,0.9996649951395074,0.004742773422180177
3768,3.4011442103967075e-08,3.0215731941882434e-12,9.8952283054967,0.504704295649923,0.9954945324232989,0.004505467576701152,0.9999745058566442,0.9996659744730438,0.004731356583464378
3769,3.4011442103967075e-08,3.0850073870734156e-12,9.899815553432843,0.5047513008460154,0.9954895845079207,0.004510415492079299,0.9999748131295736,0.9996686139898737,0.004709493485038026
3770,3.4011442103967075e-08,6.888901503722835e-12,9.885454395365896,0.5047471341804338,0.995488152216627,0.004511847783372973,0.9999723115618999,0.9996566292138753,0.004730783684483988
3771,3.4011442103967075e-08,3.6225023039278095e-12,9.887907219403278,0.5048320299916589,0.9954973970058862,0.004502602994113804,0.9999737211630446,0.999663279954553,0.0047328796808726765
3772,3.4011442103967075e-08,3.207646922242788e-12,9.89258010274817,0.5048324206165571,0.9954958345062931,0.004504165493706903,0.9999744364987817,0.9996648116355235,0.004771598032741372
3773,3.4011442103967075e-08,5.719655895023701e-12,9.882224774598557,0.5048144518712365,0.9954875011751299,0.004512498824870098,0.9999748121088465,0.9996698339404271,0.004707893096326321
3774,3.4011442103967075e-08,3.049562011360883e-12,9.88715481553875,0.504778123755697,0.9954876313834293,0.004512368616570673,0.9999748395771149,0.9996676632460629,0.004741052524425739
3775,3.4011442103967075e-08,3.3988057222765592e-12,9.888765417004363,0.5047118477312896,0.9955002615884735,0.004499738411526455,0.9999737281140311,0.9996619567784257,0.004743018414729235
3776,3.4011442103967075e-08,3.0405831480079647e-12,9.892906726803265,0.5047108060648943,0.995500391796773,0.00449960820322703,0.9999735698590709,0.9996619152712168,0.004709367017971426
3777,3.4011442103967075e-08,2.9131742972108563e-12,9.898417829835811,0.5046839831552127,0.9954992199220781,0.004500780077921855,0.999974083059843,0.9996633720696462,0.004720685674240487
3778,3.4011442103967075e-08,5.6141487866440046e-12,9.890782035836109,0.5047071602325104,0.995502214712965,0.004497785287035081,0.9999743487521028,0.9996658275498944,0.004707573698399211
3779,3.4011442103967075e-08,6.379314659618429e-12,9.879900444896291,0.504696613360257,0.9954963553394908,0.004503644660509203,0.9999734176042017,0.9996628540631172,0.0047179472318147975
3780,3.4011442103967075e-08,4.2268065352423404e-12,9.877999243463748,0.5046826810722185,0.9955039074208575,0.004496092579142558,0.9999741695833987,0.9996652002290074,0.004714892376636034
3781,3.4011442103967075e-08,3.2315948067697353e-12,9.882455246829165,0.5046303373358496,0.995491537632412,0.004508462367587925,0.9999742027440484,0.9996652222093985,0.004732398481929779
3782,3.4011442103967075e-08,5.6713335353153904e-12,9.873355578631617,0.5046044258842641,0.9954998709635753,0.00450012903642473,0.9999737574101955,0.9996630529598667,0.00470552270930657
3783,3.4011442103967075e-08,8.359016727407061e-12,9.850237710125933,0.5046501289973623,0.9954970063809879,0.004502993619012078,0.9999712292878653,0.9996505950199035,0.004757001300497749
3784,3.4011442103967075e-08,6.546630237604688e-12,9.83750552426773,0.504659243578322,0.9954834647178478,0.004516535282152271,0.9999736751944335,0.9996649851482198,0.004740050540961537
3785,3.4011442103967075e-08,3.5339863851884017e-12,9.838910717423214,0.5046157540063141,0.9954867199253333,0.004513280074666648,0.9999736131207749,0.9996653561966709,0.004710831730703981
3786,3.4011442103967075e-08,3.1728435914195716e-12,9.842788412779782,0.5046524727467518,0.9954880220083276,0.004511977991672398,0.9999731287725925,0.9996591812139237,0.0047465351028361195
3787,3.4011442103967075e-08,2.994527132176963e-12,9.84789980463467,0.5046312487939456,0.9954981782556828,0.004501821744317254,0.9999731995689572,0.9996588531622203,0.004738352125220176
3788,3.4011442103967075e-08,3.710164395634377e-12,9.850007277640048,0.5046513008720571,0.9955029959627615,0.004497004037238532,0.9999736636834183,0.9996619367593611,0.004710029452274418
3789,3.4011442103967075e-08,6.3840070301070505e-12,9.838864897543752,0.504639972750007,0.9954954438813948,0.004504556118605178,0.9999730374643637,0.9996596615351121,0.004711286924493808
3790,3.4011442103967075e-08,4.353777374262617e-12,9.837226701960407,0.504552602981093,0.9955005220050724,0.004499477994927606,0.9999719605239898,0.9996514554174258,0.004756818244183893
3791,3.4011442103967075e-08,5.188340257351637e-12,9.831497463473362,0.5045688790185211,0.9954992199220781,0.004500780077921855,0.9999736015824471,0.9996628197609086,0.004723267525581664
3792,3.4011442103967075e-08,8.413863654405423e-12,9.810567519080772,0.5045807279737687,0.9955106782524276,0.0044893217475724615,0.999973061284563,0.9996638367100887,0.004656055293991889
3793,3.4011442103967075e-08,3.2936092174928057e-12,9.813932639205484,0.5045320300697839,0.9955119803354218,0.004488019664578212,0.9999732718576885,0.9996640951278031,0.004686523730923115
3794,3.4011442103967075e-08,3.085938509349221e-12,9.817689686378726,0.5044924467467586,0.9955085949196367,0.004491405080363261,0.9999739260181641,0.9996671525084009,0.004659272546740926
3795,3.4011442103967075e-08,2.5404970174281703e-12,9.823143475261048,0.5044960925791425,0.9954968761726884,0.0045031238273115035,0.9999738976753253,0.9996640260937566,0.0047494920898123695
3796,3.4011442103967075e-08,3.745435610194146e-12,9.825081345228018,0.5045031238273116,0.995500391796773,0.00449960820322703,0.9999740420010947,0.9996657211600669,0.0047241299223642385
3797,3.4011442103967075e-08,4.261433864875222e-12,9.825493064369347,0.5045079415343903,0.9954947928398977,0.004505207160102302,0.9999743548454801,0.999667718384589,0.0047223333348883605
3798,3.4011442103967075e-08,3.8851543439153094e-12,9.82674346905153,0.5045208321560333,0.9955085949196367,0.004491405080363261,0.9999744600404817,0.9996686371010456,0.0046691916976050445
3799,3.4011442103967075e-08,4.0548935070757925e-12,9.827568720243043,0.5044885404977759,0.9955092459611339,0.004490754038866136,0.9999736404329442,0.9996668168367301,0.0046321180945741
3800,3.4011442103967075e-08,3.995352965779282e-12,9.826897734413691,0.5045164050738529,0.9955065115868459,0.004493488413154059,0.9999738008375348,0.9996709596458594,0.004574123880469101
3801,3.4011442103967075e-08,2.99815466401674e-12,9.83173999591022,0.5045266915295075,0.995502214712965,0.004497785287035081,0.999973393525058,0.9996676625171628,0.004636283435552682
3802,3.4011442103967075e-08,3.931346357772182e-12,9.8340876727501,0.5045302071535919,0.9954967459643891,0.004503254035610928,0.9999731246821872,0.9996626610503271,0.0047031423472365
3803,3.4011442103967075e-08,3.5162947595692236e-12,9.837025070922872,0.5045359363187666,0.9954940115901012,0.004505988409898852,0.9999729731325393,0.9996604947251101,0.004734899125618953
3804,3.4011442103967075e-08,3.279905091792856e-12,9.840806332821318,0.5045895821381297,0.9955020845046655,0.004497915495334507,0.9999728341642026,0.9996614257624222,0.004705407871003096
3805,3.4011442103967075e-08,5.9451414991736655e-12,9.831570467962106,0.5046026029680721,0.9954936209652029,0.004506379034797127,0.999971803019271,0.9996539620572944,0.00472999558797266
3806,3.4011442103967075e-08,4.720215008229642e-12,9.830126517818753,0.5045553373553809,0.995501303254869,0.004498696745131056,0.999973001886306,0.9996609940946611,0.004714805770305143
3807,3.4011442103967075e-08,3.1938223408358586e-12,9.834351548438963,0.5045752592251929,0.9955039074208575,0.004496092579142558,0.999973353284993,0.999662730506312,0.0046901095063792446
3808,3.4011442103967075e-08,3.2604727904224886e-12,9.838840717595355,0.5045492175653079,0.9955100272109304,0.004489972789069586,0.9999728942192802,0.9996598974972816,0.0047150545876113205
3809,3.4011442103967075e-08,2.8915329490257557e-12,9.842987259135041,0.5044506498826432,0.9955128917935178,0.004487108206482238,0.9999726154017103,0.9996624677956378,0.004655039070776041
3810,3.4011442103967075e-08,2.738948757153945e-12,9.848380594009939,0.5045174467402482,0.9955139334599131,0.0044860665400868385,0.9999731055877796,0.9996636643249927,0.00467253104365826
3811,3.4011442103967075e-08,4.133063491048321e-12,9.849039672011466,0.5045623686035499,0.9954996105469764,0.00450038945302358,0.9999736992875232,0.9996656165968179,0.004700524434969642
3812,3.4011442103967075e-08,3.564889740584309e-12,9.850441002646624,0.504500519661323,0.9954979178390839,0.004502082160916104,0.9999743118508704,0.9996667409847201,0.004691302849511796
3813,3.4011442103967075e-08,2.824816662076926e-12,9.8554278567584,0.5044813790413075,0.9955117199188229,0.004488280081177062,0.9999745503495673,0.9996679326438548,0.004718549155199951
3814,3.4011442103967075e-08,3.357667284632685e-12,9.858599941831473,0.504490102997369,0.9955230480408729,0.004476951959127094,0.9999744039032642,0.9996678986508583,0.00469267919370384
3815,3.4011442103967075e-08,4.016206559177563e-12,9.86009942171535,0.5045433581918338,0.9955170584590993,0.00448294154090064,0.9999745354261246,0.9996685783546362,0.004683311778227138
3816,3.4011442103967075e-08,3.4070048152672732e-12,9.864573545108064,0.5045026029941138,0.9955235688740706,0.004476431125929394,0.9999739730171521,0.9996680229055515,0.004657391802408618
3817,3.4011442103967075e-08,3.0918519829508034e-12,9.868032011198657,0.5045348946523712,0.9955295584558441,0.0044704415441558475,0.9999735264556145,0.999665563353567,0.004658346719784278
3818,3.4011442103967075e-08,3.309168187659666e-12,9.871783236581948,0.5045509102732004,0.9955339855380246,0.0044660144619754006,0.9999739499819074,0.9996696959704501,0.004639013037077793
3819,3.4011442103967075e-08,1.182346188399296e-11,9.836002127516986,0.5045062488264977,0.9955346365795217,0.004465363420478276,0.9999728779482597,0.9996622792336516,0.004699616060379554
3820,3.4011442103967075e-08,3.3710191340129287e-12,9.837878740960912,0.5044682280030657,0.9955295584558441,0.0044704415441558475,0.9999723549118004,0.9996606586982251,0.004701138901491255
3821,3.4011442103967075e-08,2.721991121582997e-12,9.843205185573199,0.504444139467672,0.9955286469977481,0.004471353002251822,0.9999725180749265,0.999662527680388,0.004682742572011175
3822,3.4011442103967075e-08,5.4490249481290045e-12,9.836565273081279,0.5044488269664513,0.9955225272076752,0.004477472792324794,0.9999707674709947,0.9996546604833731,0.004690716558446519
3823,3.4011442103967075e-08,9.453015385009816e-12,9.81067151405227,0.5044393217605933,0.9955329438716292,0.0044670561283708,0.999973762682136,0.9996668519591694,0.004675128485119669
3824,3.4011442103967075e-08,4.690242919130191e-12,9.807705228301755,0.504465884253676,0.9955335949131263,0.0044664050868736755,0.9999737028374961,0.999665559922215,0.004702160428546352
3825,3.4011442103967075e-08,5.102746622573435e-12,9.802964582637095,0.50445364467353,0.9955291678309459,0.004470832169054122,0.9999735296070387,0.9996643177387138,0.004704945634980309
3826,3.4011442103967075e-08,3.271661506483172e-12,9.805703966774905,0.5045442696499298,0.9955421886608884,0.00445781133911163,0.9999727056830726,0.999659256772707,0.004705369020982801
3827,3.4011442103967075e-08,3.1482392214291993e-12,9.809314833029218,0.5045395821511505,0.9955489594924585,0.004451040507541535,0.9999719740942643,0.9996549376267186,0.004690417774889022
3828,3.4011442103967075e-08,4.543833494669257e-12,9.805957893624287,0.5044746082097374,0.9955391938700016,0.004460806129998404,0.9999738171363501,0.9996637604903407,0.004687766310456938
3829,3.4011442103967075e-08,8.145415988968308e-12,9.786063299805507,0.5044524727988352,0.9955394542866004,0.004460545713399554,0.9999739437869741,0.9996657246250152,0.004677354030093772
3830,3.4011442103967075e-08,4.659095343400073e-12,9.783618615029471,0.5044535144652306,0.9955369803289114,0.004463019671088628,0.9999727526339357,0.9996602295020468,0.004706282561472182
3831,3.4011442103967075e-08,5.837653591775919e-12,9.775518964402059,0.5044436186344743,0.9955351574127195,0.004464842587280576,0.999970507517248,0.9996491479933111,0.004696767077639745
3832,3.4011442103967075e-08,2.8441320734772242e-12,9.780502965088546,0.5044513009241404,0.9955364594957137,0.004463540504286327,0.9999703953567453,0.9996467725594664,0.004758217719657553
3833,3.4011442103967075e-08,3.3959832502956897e-12,9.784414520993051,0.5044662748785742,0.9955373709538097,0.004462629046190353,0.9999719924311327,0.9996548374746361,0.004709626430109229
3834,3.4011442103967075e-08,6.705336968024791e-12,9.772586865945138,0.504475389459534,0.99554635532647,0.004453644673530033,0.9999739205579029,0.9996653314363736,0.004631134901841326
3835,3.4011442103967075e-08,6.1365246300089175e-12,9.761452673778882,0.5044436186344743,0.9955528657414412,0.0044471342585587865,0.9999741581934285,0.9996649328129833,0.004646256845495424
3836,3.4011442103967075e-08,4.348085185345769e-12,9.761341420147811,0.5044443998842708,0.995554949074232,0.004445050925767988,0.9999740858492346,0.9996670137991341,0.004630638956878396
3837,3.4011442103967075e-08,3.67602562524632e-12,9.76187094793543,0.5043994780209693,0.9955608084477061,0.004439191552293866,0.9999737352034359,0.999665028900659,0.004625036724209906
3838,3.4011442103967075e-08,3.554392597505744e-12,9.763486612920376,0.504434634261814,0.9955643240717906,0.004435675928209394,0.9999733718294566,0.9996635731933,0.004646815417774725
3839,3.4011442103967075e-08,2.8491082481876444e-12,9.768218838045748,0.5044587227972076,0.9955647146966888,0.004435285303311119,0.9999728158838384,0.9996610012752605,0.004641726365665389
3840,3.4011442103967075e-08,2.9912964406714625e-12,9.77323072780488,0.5043657540714183,0.9955618501141016,0.004438149885898467,0.999973347684021,0.9996639670081835,0.004627947723721232
3841,3.4011442103967075e-08,4.045188730858676e-12,9.773689047200309,0.5043860665661285,0.9955567719904239,0.004443228009576039,0.9999741121575768,0.9996655818389187,0.0046826341318587286
3842,3.4011442103967075e-08,9.983404723737492e-12,9.744904438112984,0.5043803374009538,0.9955536469912377,0.004446353008762238,0.9999740885212418,0.9996650248451003,0.004692354900806158
3843,3.4011442103967075e-08,2.5415891296665234e-12,9.750636381561643,0.5043885405238175,0.9955479178260631,0.004452082173936934,0.9999740737669192,0.9996672184568077,0.0046837191044368206
3844,3.4011442103967075e-08,3.2866127683627725e-12,9.754936868985656,0.5043423165775217,0.995545443868374,0.004454556131626007,0.9999730654429667,0.9996607773925531,0.004705936151317902
3845,3.4011442103967075e-08,3.1838143941311278e-12,9.759461522068868,0.5044356759282094,0.9955450532434758,0.004454946756524282,0.9999728666946136,0.9996628036901531,0.004701782483244861
3846,3.4011442103967075e-08,3.363348217691797e-12,9.763687678049708,0.5044908842471656,0.9955412772027924,0.004458722797207605,0.9999736337704336,0.9996663211121745,0.0046872194918415105
3847,3.4011442103967075e-08,7.603972525048106e-12,9.746205745836338,0.5044865873732846,0.9955315115803355,0.004468488419664474,0.9999739992617903,0.9996664658514899,0.004721751187624553
3848,3.4011442103967075e-08,4.177498930003908e-12,9.74462290069629,0.504485806123488,0.9955263032483586,0.0044736967516414705,0.9999732378769531,0.9996620967764067,0.004721860071302956
3849,3.4011442103967075e-08,4.635209020433489e-12,9.743544456117185,0.5044764311259294,0.995539324078301,0.004460675921698978,0.9999723646983062,0.9996561466406284,0.004728204704766812
3850,3.4011442103967075e-08,3.0488187695421327e-12,9.748845609142144,0.5044513009241404,0.9955220063744775,0.004477993625522494,0.9999726561988742,0.9996594949844787,0.004723437138475047
3851,3.4011442103967075e-08,2.948640519414161e-12,9.7528671623547,0.504452733215434,0.9955328136633298,0.004467186336670224,0.9999725752159441,0.9996615595569469,0.004684613307547669
3852,3.4011442103967075e-08,2.9432079053621942e-12,9.758121627955086,0.5044386707190962,0.9955333344965275,0.004466665503472525,0.9999724831071763,0.9996609184930411,0.004699995353362304
3853,3.4011442103967075e-08,4.525391529977795e-12,9.755358834346946,0.5043657540714183,0.9955352876210188,0.004464712378981151,0.9999734186558974,0.9996640077478333,0.004712324217280291
3854,3.4011442103967075e-08,8.36388206109599e-12,9.7373293793851,0.5043874988574222,0.9955382824119057,0.004461717588094378,0.9999731196758886,0.9996635923745382,0.004704357826125496
3855,3.4011442103967075e-08,3.0736040666593607e-12,9.74209010415433,0.5044529936320329,0.9955347667878212,0.004465233212178851,0.9999728074620757,0.9996642135904925,0.0046926807533005654
3856,3.4011442103967075e-08,5.532910095548272e-12,9.735226726900766,0.5044506498826432,0.9955360688708154,0.004463931129184601,0.9999713734564127,0.9996562602174773,0.004729169852524716
3857,3.4011442103967075e-08,3.167529506644394e-12,9.737848479439865,0.5044313790543283,0.9955519542833452,0.004448045716654761,0.9999709438256997,0.9996537311005942,0.004732129445313093
3858,3.4011442103967075e-08,3.25130273480788e-12,9.740063564619287,0.504463149879388,0.9955580740734182,0.00444192592658179,0.9999726088114456,0.9996658088482382,0.004618016188199113
3859,3.4011442103967075e-08,2.7894122281136136e-12,9.744188342899733,0.5044830717492,0.9955640636551918,0.004435936344808243,0.9999719357972086,0.9996610575118509,0.004641881976665769
3860,3.4011442103967075e-08,2.867823497552243e-12,9.748851729313389,0.5044580717557104,0.995565365738186,0.004434634261813994,0.9999717911498003,0.9996598911955492,0.004655704884621325
3861,3.4011442103967075e-08,4.735435533090654e-12,9.744339576619131,0.5045138009078644,0.9955720063614567,0.004427993638543323,0.9999733145348647,0.9996654189043302,0.0046656865244353125
3862,3.4011442103967075e-08,3.674518053864491e-12,9.74543324716331,0.5045149727825592,0.9955729178195527,0.004427082180447349,0.9999729681842819,0.999665631189411,0.00464252396029371
3863,3.4011442103967075e-08,5.591146723902925e-12,9.737100493163794,0.5045009102862212,0.9955609386560056,0.004439061343994442,0.9999720062625991,0.9996577154145806,0.004721052674927354
3864,3.4011442103967075e-08,4.9632559607293804e-12,9.732653181301396,0.5045192696564402,0.9955657563630843,0.00443424363691572,0.9999706297259243,0.9996516371145091,0.0047142298970103275
3865,3.4011442103967075e-08,6.334321375936721e-12,9.721175718015047,0.5045350248606706,0.9955623709472993,0.004437629052700768,0.9999675150867595,0.9996372865913893,0.004731093942494141
3866,3.4011442103967075e-08,3.311147389482195e-12,9.725611230777432,0.5045520821478953,0.9955645844883895,0.004435415511610544,0.9999693405007424,0.9996443707973244,0.004717640943517503
3867,3.4011442103967075e-08,5.209745499114377e-12,9.719846502068638,0.5045632800616459,0.9955626313638981,0.004437368636101917,0.9999724376048131,0.9996607098598546,0.004677683025133947
3868,3.4011442103967075e-08,4.404947812247142e-12,9.718204806991414,0.5045070300762943,0.9955529959497407,0.004447004050259362,0.9999737391901944,0.9996667938810739,0.0046726377138033215
3869,3.4011442103967075e-08,4.762101087865591e-12,9.714577884227038,0.5044980457036339,0.9955576834485199,0.004442316551480065,0.9999739753638205,0.9996672593689832,0.004682934703867356
3870,3.4011442103967075e-08,7.74266318224259e-12,9.699385359888707,0.5045704415181141,0.9955632824053952,0.004436717594604793,0.9999712403573631,0.9996546917536017,0.004680652962872658
3871,3.4011442103967075e-08,1.1293269468387135e-11,9.664406381170961,0.5045434884001332,0.9955713553199596,0.004428644680040448,0.9999651272155424,0.9996261395319772,0.004726611610347313
3872,3.4011442103967075e-08,3.647577399236867e-12,9.665167029200575,0.5045009102862212,0.995567839695875,0.004432160304124921,0.9999694862743256,0.9996482323466523,0.00471018299548277
3873,3.4011442103967075e-08,3.192578270324421e-12,9.667810148972181,0.5044390613439944,0.995562891780497,0.004437108219503068,0.9999720046474803,0.9996595785166345,0.004661043194424961
3874,3.4011442103967075e-08,5.352750827771094e-12,9.661018452907948,0.5044203113488772,0.9955546886576332,0.0044453113423668375,0.9999741419956218,0.9996704982807862,0.0046419273229371776
3875,3.4011442103967075e-08,4.97999224165232e-12,9.657183278743025,0.5044221342650692,0.9955503917837522,0.004449608216247861,0.9999741221988703,0.9996737193191958,0.004599105320377532
3876,3.4011442103967075e-08,5.766794375003913e-12,9.647737729118141,0.5043662749046159,0.9955559907406274,0.004444009259372589,0.9999728273522626,0.9996661619061746,0.004632320971972915
3877,3.4011442103967075e-08,8.282211113508101e-12,9.629757210529677,0.5044300769713341,0.9955614594892033,0.004438540510796742,0.9999694533362505,0.9996508799332182,0.004659321866751236
3878,3.4011442103967075e-08,5.3093636205138506e-12,9.623595592043904,0.5043992176043705,0.9955618501141016,0.004438149885898467,0.9999665385017291,0.9996352231230943,0.004706011456386048
3879,3.4011442103967075e-08,4.906265415365747e-12,9.620059853595217,0.504480597791511,0.995562891780497,0.004437108219503068,0.9999710160957422,0.9996586929646156,0.004626419403993838
3880,3.4011442103967075e-08,3.4947862211087967e-12,9.622904150659009,0.5044851550819909,0.9955712251116601,0.004428774888339873,0.9999727279562093,0.9996665629470758,0.004577877954205869
3881,3.4011442103967075e-08,5.700148717148347e-12,9.614999603277315,0.5044481759249542,0.9955667980294797,0.00443320197052032,0.9999737350649615,0.9996727337789236,0.004584787291246087
3882,3.4011442103967075e-08,9.13494031502566e-12,9.59184309689233,0.5044717436271501,0.9955727876112532,0.004427212388746774,0.9999725596306221,0.9996652250371394,0.00462342923824639
3883,3.4011442103967075e-08,2.7402496325718017e-12,9.596856624678875,0.5044708321690541,0.9955723969863549,0.004427603013645048,0.9999725346728633,0.9996648851038246,0.004623275803045611
3884,3.4011442103967075e-08,3.3628618595635455e-12,9.599148917639937,0.5044470040502593,0.9955799490677216,0.004420050932278403,0.9999723404180404,0.9996640338287192,0.004617435144606727
3885,3.4011442103967075e-08,3.0760952030933678e-12,9.603990728387256,0.504417186349691,0.9955759126104394,0.004424087389560576,0.9999722780254409,0.9996646759920235,0.0046092521516036015
3886,3.4011442103967075e-08,2.8887375622640107e-12,9.609063471415658,0.5044234363480634,0.9955816417756141,0.004418358224385879,0.9999732437379084,0.9996708524118425,0.004571117606041665
3887,3.4011442103967075e-08,4.434711402020141e-12,9.607761895024389,0.5044205717654761,0.9955773449017331,0.004422655098266902,0.9999748647414425,0.9996753834876766,0.004598987728902666
3888,3.4011442103967075e-08,2.8993578649350152e-12,9.61317643755375,0.5043671863627119,0.9955783865681285,0.004421613431871502,0.9999748084432217,0.9996765165608686,0.0045729797402617916
3889,3.4011442103967075e-08,2.6449080485837937e-12,9.618492866742026,0.5043830717752418,0.9955772146934336,0.004422785306566326,0.999973870387769,0.9996708138395947,0.004592569449331273
3890,3.4011442103967075e-08,5.26810153884951e-12,9.6137687312435,0.5043820301088463,0.9955710949033607,0.004428905096639298,0.9999737628905248,0.9996723346073922,0.0045739844865450695
3891,3.4011442103967075e-08,2.8819132993438633e-12,9.618065568992057,0.5043759103187734,0.9955756521938406,0.004424347806159425,0.9999735206672181,0.9996705550439471,0.004591191720731467
3892,3.4011442103967075e-08,4.363986596024095e-12,9.617236064622759,0.5043714832365929,0.9955877615656871,0.0044122384343129074,0.9999726059233505,0.9996656005722626,0.0045649309718899566
3893,3.4011442103967075e-08,3.306288956173391e-12,9.621503082440366,0.5043867176076257,0.9955759126104394,0.004424087389560576,0.9999726205054761,0.9996639700966392,0.0046066628969549574
3894,3.4011442103967075e-08,3.0030816148018892e-12,9.626675081320384,0.5043697905287003,0.9955848969830997,0.004415103016900256,0.9999723084213713,0.999661700210088,0.004614484191375646
3895,3.4011442103967075e-08,5.578741112727891e-12,9.621216269852663,0.504403384269952,0.9955713553199596,0.004428644680040448,0.9999734703690654,0.9996678737265117,0.004621875930368316
3896,3.4011442103967075e-08,4.459385208700109e-12,9.619407005950627,0.5044790352919178,0.9955701834452647,0.004429816554735272,0.9999738761505622,0.9996691976272714,0.004651732219569343
3897,3.4011442103967075e-08,4.852180686847131e-12,9.616314419533275,0.5043713530282935,0.9955736990693492,0.0044263009306508,0.99997316918148,0.9996657689629139,0.0046075857287330825
3898,3.4011442103967075e-08,3.5764055280441e-12,9.618641439181008,0.5043631499054297,0.9955764334436371,0.004423566556362876,0.999972072100313,0.9996596569128581,0.0046110977114905945
3899,3.4011442103967075e-08,2.747965196010903e-12,9.624114533840862,0.5044266915555491,0.9955808605258176,0.0044191394741824284,0.9999723088163495,0.9996622331769006,0.00460379999561742
3900,3.4011442103967075e-08,3.883735950460553e-12,9.625986617447696,0.5044153634334991,0.9955822928171112,0.004417707182888754,0.9999710235309822,0.999655177086207,0.004644688359355338
3901,3.4011442103967075e-08,1.0311003620528946e-11,9.596148923097777,0.504482420707703,0.995582813650309,0.004417186349691055,0.9999736297166711,0.9996686046076294,0.004613529798473073
3902,3.4011442103967075e-08,4.749458960899049e-12,9.592562698306532,0.5044845040404937,0.9955898448984779,0.004410155101522109,0.9999731247546889,0.999666990704732,0.004635153188390255
3903,3.4011442103967075e-08,6.556656129130918e-12,9.581696160844666,0.5044714832105512,0.9955746105274452,0.004425389472554825,0.9999715459542615,0.9996593997955739,0.004646800053704349
3904,3.4011442103967075e-08,3.785431795669798e-12,9.58309554079275,0.5044880196645782,0.9955779959432303,0.004422004056769777,0.9999705022088862,0.9996564558559659,0.00462196259203953
3905,3.4011442103967075e-08,4.077243963986621e-12,9.582587067126864,0.5044802071666127,0.9955744803191457,0.00442551968085425,0.9999687256598208,0.999648108554156,0.00465589157327972
3906,3.4011442103967075e-08,3.6228066273565928e-12,9.585219623916826,0.5044464832170616,0.995596615730048,0.004403384269952013,0.9999706721856495,0.9996553913551398,0.004619059868995442
3907,3.4011442103967075e-08,7.37568410654326e-12,9.56917859310432,0.5043973946881785,0.9955906261482744,0.004409373851725559,0.9999733909651739,0.9996671468951839,0.004619731698684934
3908,3.4011442103967075e-08,7.597131927274063e-12,9.553577073982632,0.5044095040600249,0.9955988292711382,0.00440117072886179,0.9999724331356086,0.9996603792577519,0.004636824568344873
3909,3.4011442103967075e-08,3.710183254941522e-12,9.555456555242426,0.5043921863562014,0.9955929698976641,0.004407030102335911,0.999972293592802,0.9996571910505895,0.0046824429984700915
3910,3.4011442103967075e-08,2.8918317152006962e-12,9.561109117188126,0.5043954415636871,0.9955770844851343,0.004422915514865751,0.9999720993785729,0.9996554240706693,0.0047044201714735905
3911,3.4011442103967075e-08,3.4095054043186343e-12,9.56571154713967,0.5043742176108809,0.9955832042752072,0.00441679572479278,0.9999726860836357,0.9996595336893389,0.004657716726731355
3912,3.4011442103967075e-08,4.267824355796045e-12,9.564380048237755,0.5042993478387116,0.995581902192213,0.004418097807787029,0.999973558147101,0.9996630201381836,0.004704416061043152
3913,3.4011442103967075e-08,3.421268311500656e-12,9.567012752400538,0.5044123686426123,0.9955945323972571,0.004405467602742812,0.9999738074439045,0.9996649106229436,0.004676500533045039
3914,3.4011442103967075e-08,3.1627081304231117e-12,9.570789939924333,0.5044087228102284,0.9955908865648733,0.00440911343512671,0.9999739004428871,0.999665968839282,0.00465772876916711
3915,3.4011442103967075e-08,3.0998154497380832e-12,9.575696257444907,0.5043661446963165,0.9955755219855411,0.004424478014458851,0.9999734917297791,0.999662326011927,0.0046987821956767225
3916,3.4011442103967075e-08,3.1146995006512433e-12,9.580563547908195,0.5043140613765466,0.9955880219822859,0.004411978017714058,0.9999735683282682,0.999665758425048,0.004685601161498434
3917,3.4011442103967075e-08,2.729490701054212e-12,9.5858737990114,0.5043298165807769,0.995583464691806,0.0044165353081939305,0.9999735249521202,0.9996661126851012,0.004670350247765189
3918,3.4011442103967075e-08,3.671208347010031e-12,9.58911820058284,0.5044135405173071,0.9955846365665009,0.004415363433499106,0.999973383210253,0.999666691521042,0.004649012854076231
3919,3.4011442103967075e-08,2.810155756873858e-12,9.593282310238529,0.5043950509387888,0.9955837251084049,0.00441627489159508,0.999973248705488,0.9996668154733928,0.004651896105447342
3920,3.4011442103967075e-08,2.729494501248467e-12,9.598603734793382,0.5044661446702748,0.9955996105209347,0.00440038947906524,0.9999738689157697,0.9996717933683109,0.004567501307525262
3921,3.4011442103967075e-08,4.76834342172733e-12,9.595030887800739,0.5044039051031497,0.9955882823988847,0.004411717601115208,0.9999748711220321,0.9996778373712791,0.00457608713661932
3922,3.4011442103967075e-08,3.670058595964381e-12,9.597363055252247,0.5044414050933841,0.9955899751067773,0.004410024893222684,0.9999755995405333,0.999681218576557,0.004569889270875117
3923,3.4011442103967075e-08,3.999904261985701e-12,9.596591152581194,0.5043942696889923,0.9955953136470538,0.004404686352946262,0.9999752348561192,0.9996779781692731,0.004585307860124656
3924,3.4011442103967075e-08,4.612811732415171e-12,9.595196388443252,0.5044789050836185,0.9955940115640595,0.0044059884359405116,0.9999743037273914,0.9996728020641557,0.004623696375769795
3925,3.4011442103967075e-08,8.428896280863367e-12,9.574552244284533,0.504445962383864,0.9955855480245969,0.004414451975403131,0.9999708449490957,0.9996546039948114,0.004697073704600166
3926,3.4011442103967075e-08,2.791674812939681e-12,9.578874042341623,0.5044351550950117,0.9955934907308618,0.004406509269138211,0.9999729492248121,0.9996659059109357,0.004663478259788557
3927,3.4011442103967075e-08,4.888592450226743e-12,9.575536447285558,0.5044832019574995,0.9955778657349308,0.004422134265069202,0.9999746802656817,0.999674993915992,0.004648851533303269
3928,3.4011442103967075e-08,1.29210435850801e-11,9.535671556221438,0.5045001290364247,0.9955730480278521,0.004426951972147924,0.9999739663219364,0.9996719434507053,0.0046276415851654
3929,3.4011442103967075e-08,8.529542459027369e-12,9.514276888187588,0.5045263009046091,0.9955636730302935,0.004436326969706518,0.9999696425340162,0.999650937696388,0.00473238232504408
3930,3.4011442103967075e-08,2.9741706749426632e-12,9.51887853637932,0.5045102852837798,0.9955593761564124,0.00444062384358754,0.9999694334656111,0.9996503071770396,0.004726058174075211
3931,3.4011442103967075e-08,3.3318420162813786e-12,9.522699705468636,0.5044636707125858,0.9955717459448579,0.004428254055142173,0.9999714188299114,0.9996612155687096,0.00464266854486526
3932,3.4011442103967075e-08,3.5717668522054497e-12,9.52487678344503,0.5044757800844323,0.9955774751100325,0.004422524889967476,0.9999729984034941,0.9996679921856153,0.004634201287132026
3933,3.4011442103967075e-08,7.83888695622006e-12,9.504929028438069,0.5044699207109582,0.9955787771930268,0.004421222806973228,0.9999743539683659,0.9996728704092938,0.004647835145350781
3934,3.4011442103967075e-08,3.851887156603997e-12,9.505663602118863,0.5044369780112037,0.9955815115673147,0.004418488432685304,0.9999735200095551,0.9996679773257525,0.00465574142874457
3935,3.4011442103967075e-08,2.8779494672105977e-12,9.510310446505153,0.5044947904961483,0.9955838553167043,0.004416144683295656,0.9999735275580411,0.9996690342735655,0.0046397412545635544
3936,3.4011442103967075e-08,3.4726352959034172e-12,9.513532886132671,0.5044884102894764,0.9955824230254107,0.00441757697458933,0.9999722894971107,0.9996633627053824,0.004624184366507963
3937,3.4011442103967075e-08,4.910660986731279e-12,9.511102886355067,0.5045209623643327,0.9955889334403819,0.004411066559618084,0.9999706872964041,0.9996567854152155,0.004626881336312078
3938,3.4011442103967075e-08,3.3226800755898846e-12,9.515630600667885,0.504475389459534,0.9955959646885508,0.004404035311449138,0.9999720983256538,0.9996620735000844,0.004643508141157049
3939,3.4011442103967075e-08,3.2994575701227666e-12,9.519521781992,0.5044743477931386,0.9955917980229693,0.0044082019770307354,0.9999728498089626,0.9996649954553634,0.004659908923623561
3940,3.4011442103967075e-08,5.722575413822535e-12,9.510398121006753,0.5044595040470041,0.9955931001059635,0.004406899894036486,0.9999736416768333,0.9996688018600548,0.004620078325735261
3941,3.4011442103967075e-08,5.384384197888812e-12,9.503755431356694,0.504496222787442,0.9955889334403819,0.004411066559618084,0.9999726310228804,0.9996643347423751,0.00463346281661458
3942,3.4011442103967075e-08,3.4625115988354845e-12,9.507080521671874,0.5045230456971235,0.9955959646885508,0.004404035311449138,0.9999737285552944,0.9996693291400008,0.004624071942306996
3943,3.4011442103967075e-08,3.2373520187318694e-12,9.511846748803723,0.504524087363519,0.9955898448984779,0.004410155101522109,0.999973220777748,0.9996663518081129,0.004667307541271226
3944,3.4011442103967075e-08,2.633137718127762e-12,9.517026427850155,0.5044561186312191,0.9955920584395681,0.004407941560431885,0.9999734621920532,0.9996681308524369,0.004628030299859784
3945,3.4011442103967075e-08,3.1274366627322002e-12,9.52080006926662,0.504465884253676,0.9955860688577945,0.004413931142205432,0.9999741033674814,0.9996729559062191,0.004609554781826599
3946,3.4011442103967075e-08,4.10706245436881e-12,9.522415218547025,0.5044226550982669,0.9955878917739865,0.004412108226013483,0.9999741360476618,0.999674099062876,0.004585581407516757
3947,3.4011442103967075e-08,5.10832972089257e-12,9.518135855407719,0.5045010404945207,0.9955953136470538,0.004404686352946262,0.9999743478359012,0.9996725229489862,0.004606732225641631
3948,3.4011442103967075e-08,3.26410039427132e-12,9.521952619093332,0.504544009233331,0.9955886730237831,0.004411326976216933,0.9999743805176692,0.9996724988755832,0.0046394820148031755
3949,3.4011442103967075e-08,2.9361031181303007e-12,9.52637185008367,0.5045592436043637,0.9955925792727658,0.004407420727234186,0.9999748758281105,0.999676869712368,0.0046046187570666815
3950,3.4011442103967075e-08,2.6658169342223953e-12,9.53126616764323,0.504574347767097,0.9956028657284204,0.004397134271579617,0.9999749711207851,0.9996746035098742,0.004640203878482781
3951,3.4011442103967075e-08,2.8688526478587377e-12,9.535961935599715,0.5045243477801178,0.9956032563533187,0.004396743646681342,0.9999746496319618,0.9996748963991754,0.004581080650732634
3952,3.4011442103967075e-08,5.664741289823368e-12,9.528868110952684,0.5045699206849165,0.9955920584395681,0.004407941560431885,0.9999738595924065,0.9996705227973879,0.004619790608337723
3953,3.4011442103967075e-08,3.0872138252423053e-12,9.532633733327643,0.5045321602780832,0.9955928396893646,0.004407160310635335,0.9999736560697678,0.9996705330234901,0.004618184708363457
3954,3.4011442103967075e-08,3.924076091145209e-12,9.53357387749054,0.5045385404847551,0.9955916678146698,0.00440833218533016,0.9999728148428951,0.999666360897104,0.004621196018632815
3955,3.4011442103967075e-08,5.3991982052728536e-12,9.526901662747624,0.5045536446474884,0.9955868501075911,0.004413149892408882,0.9999699986929462,0.9996522561237272,0.0046847433237850325
3956,3.4011442103967075e-08,3.309349956788823e-12,9.53166390524952,0.5045570300632735,0.9955867198992917,0.0044132801007083075,0.9999701453530611,0.9996538036479752,0.004643069443649412
3957,3.4011442103967075e-08,4.883919091031765e-12,9.527810516027381,0.5044811186247087,0.9955854178162974,0.004414582183702556,0.9999724266041223,0.9996652286935245,0.004665813599713239
3958,3.4011442103967075e-08,8.531486945553785e-12,9.506779050650746,0.5045438790250315,0.9955951834387543,0.004404816561245687,0.9999726740780155,0.9996676480945695,0.0046168358716125475
3959,3.4011442103967075e-08,6.501474200803809e-12,9.495732817187953,0.5045488269404097,0.9955903657316756,0.0044096342683244095,0.9999708529963519,0.9996628220655343,0.00457923904145346
3960,3.4011442103967075e-08,3.137773157155602e-12,9.500012279278238,0.5046212227548899,0.9955959646885508,0.004404035311449138,0.9999713754854265,0.9996633861518521,0.0045939101561485165
3961,3.4011442103967075e-08,2.804636833431335e-12,9.50449230367357,0.5046239571291778,0.9955912771897716,0.004408722810228435,0.999972561453959,0.9996691242585916,0.004606053697559451
3962,3.4011442103967075e-08,4.469662194032052e-12,9.50320741138779,0.5046440092072892,0.9955928396893646,0.004407160310635335,0.9999732153860316,0.9996728080237812,0.004613439836322066
3963,3.4011442103967075e-08,3.02983439865031e-12,9.50795916147966,0.5046299467109514,0.9955971365632457,0.004402863436754313,0.999972791097415,0.9996707927311874,0.004600905229871044
3964,3.4011442103967075e-08,1.4724328529845122e-11,9.458289815500985,0.5046433581657922,0.9956045584363129,0.004395441563687093,0.9999705580024989,0.9996574729507192,0.004635757222767108
3965,3.4011442103967075e-08,3.4062993779607365e-12,9.461312735372296,0.5046518217052548,0.9956098969765893,0.004390103023410671,0.9999700855312701,0.9996568832440632,0.00460144946230019
3966,3.4011442103967075e-08,3.458732342141756e-12,9.46319272478514,0.5045730456841027,0.9956167980164589,0.00438320198354115,0.9999731190437734,0.9996714431146035,0.004569319782473802
3967,3.4011442103967075e-08,4.108735659119748e-12,9.46450281687561,0.5045993477605866,0.995613803225572,0.004386196774427923,0.9999739500767841,0.9996757736297233,0.004569357193028795
3968,3.4011442103967075e-08,5.2998517546384545e-12,9.458143732642732,0.5046503894139611,0.9956106782263858,0.004389321773614121,0.9999740303757293,0.9996751925809632,0.004596979933365661
3969,3.4011442103967075e-08,4.197561114798782e-12,9.456476023466697,0.5045585925628665,0.9956105480180865,0.004389451981913546,0.9999731322794542,0.9996727393477459,0.004597390527922284
3970,3.4011442103967075e-08,4.900272138082864e-12,9.45367909442789,0.5045907540128245,0.9956075532271996,0.00439244677280032,0.9999714931631427,0.9996644134816979,0.004645580813184751
3971,3.4011442103967075e-08,6.0626197344356885e-12,9.44486716430834,0.5046057279672583,0.9956188813492497,0.004381118650750351,0.9999681518787479,0.9996478504512422,0.00465981508567873
3972,3.4011442103967075e-08,2.8719269353733394e-12,9.449658201162968,0.5046407539998037,0.9956177094745549,0.004382290525445176,0.9999701316070873,0.9996567715596767,0.004646330636962768
3973,3.4011442103967075e-08,5.3323768984125335e-12,9.444126602878882,0.5046756498240496,0.995626042805718,0.004373957194281981,0.999973342788899,0.9996706593423048,0.004652418108612704
3974,3.4011442103967075e-08,4.296770094918092e-12,9.44354071694994,0.5045670561023291,0.9956161469749617,0.0043838530250382745,0.9999742995050027,0.9996754017105344,0.004632212187844027
3975,3.4011442103967075e-08,1.1344225928838836e-11,9.410475738849453,0.504581118598667,0.9956096365599905,0.0043903634400095206,0.9999724798384526,0.9996679510364738,0.004661372817812569
3976,3.4011442103967075e-08,3.4610482475459073e-12,9.414626925130372,0.5046027331763716,0.9956135428089732,0.004386457191026773,0.9999727686864118,0.99967029309173,0.004637639935877216
3977,3.4011442103967075e-08,7.244670711005777e-12,9.400070292655073,0.5046355456678266,0.9956126313508773,0.004387368649122748,0.9999685010107242,0.9996518505208123,0.004660968834414815
3978,3.4011442103967075e-08,3.949282188900892e-12,9.401603950017197,0.5045322904863827,0.9956071626023014,0.004392837397698595,0.9999673699364686,0.9996468735872901,0.004662496235954862
3979,3.4011442103967075e-08,3.792931411357376e-12,9.40420899538472,0.5045951810950049,0.9956110688512841,0.0043889311487158465,0.9999691079080979,0.9996532250667577,0.004620502950757826
3980,3.4011442103967075e-08,4.8272386186019696e-12,9.400848522412721,0.5046110665075347,0.9956149751002669,0.004385024899733099,0.9999717803567488,0.9996640417976421,0.0046578682331251545
3981,3.4011442103967075e-08,4.6150424158285415e-12,9.39904200979338,0.5045934883871124,0.9956194021824474,0.004380597817552651,0.9999705567680902,0.9996586313871262,0.0046609593297193
3982,3.4011442103967075e-08,2.8997473075937245e-12,9.40393553991887,0.5045730456841027,0.9956153657251652,0.004384634274834824,0.9999710453668172,0.9996589306189341,0.004702142906576984
3983,3.4011442103967075e-08,8.671261167302615e-12,9.382744077659215,0.5044804675832115,0.9956173188496565,0.004382681150343451,0.9999739884413077,0.9996704893463317,0.004680250248521634
3984,3.4011442103967075e-08,7.44376700638396e-12,9.366836245552323,0.5045770821413849,0.9956227875982324,0.004377212401767604,0.9999719744945362,0.9996635492415761,0.004651456578281127
3985,3.4011442103967075e-08,3.88778465108942e-12,9.367827701790743,0.5045787748492774,0.9956243500978255,0.004375649902174505,0.9999712944344071,0.9996624262531392,0.004623515051776409
3986,3.4011442103967075e-08,4.239683764079693e-12,9.365081922566283,0.5045273425710045,0.9956265636389158,0.004373436361084281,0.9999691701803941,0.9996529406381758,0.004596678546562215
3987,3.4011442103967075e-08,3.6353413136421604e-12,9.366523760588041,0.5045717436011085,0.9956276053053111,0.004372394694688882,0.9999678363256331,0.9996483232476313,0.004582142237904741
3988,3.4011442103967075e-08,3.3869804122596414e-12,9.369465055393109,0.5045479154823137,0.9956334646787852,0.00436653532121476,0.9999702882218405,0.9996590841667846,0.004555831846310432
3989,3.4011442103967075e-08,4.227707715728121e-12,9.37040117907731,0.5045415352756418,0.9956352875949772,0.004364712405022811,0.999971647554182,0.9996670233712207,0.004544443859003199
3990,3.4011442103967075e-08,3.1509891313532697e-12,9.374290752249085,0.5045246081967166,0.9956381521775646,0.004361847822435463,0.9999731846190244,0.9996745310419912,0.004515182697607581
3991,3.4011442103967075e-08,1.36864428248243e-11,9.329393622547148,0.5044960925791425,0.9956247407227238,0.00437525927727623,0.9999725390168122,0.9996717433375881,0.004551227135813347
3992,3.4011442103967075e-08,3.1732711858691893e-12,9.33237369809807,0.5045752592251929,0.9956320323874915,0.004367967612508434,0.9999713297289625,0.999664060090078,0.004603024589889427
3993,3.4011442103967075e-08,3.947843775243818e-12,9.334736994846525,0.5046550769127404,0.9956393240522594,0.004360675947740638,0.9999707123108708,0.9996621651438685,0.004588240612446351
3994,3.4011442103967075e-08,3.15374241203999e-12,9.33860479449113,0.504627082128364,0.9956322928040904,0.004367707195909585,0.9999722936394065,0.9996697855991572,0.004557380480906978
3995,3.4011442103967075e-08,3.3726133882349104e-12,9.342801446375061,0.5045954415116037,0.9956440115510387,0.004355988448961341,0.999971844090909,0.9996655796129558,0.004559268850909479
3996,3.4011442103967075e-08,2.7971625597361093e-12,9.347788187996757,0.5046140612984216,0.9956367198862709,0.004363280113729137,0.9999724911859901,0.9996666245334224,0.004574564761315225
3997,3.4011442103967075e-08,3.400077049701233e-12,9.35123613708549,0.5045779935994809,0.9956380219692651,0.004361978030734888,0.9999718706795516,0.999662597050162,0.004587249625254312
3998,3.4011442103967075e-08,5.300754230000406e-12,9.345777947576803,0.5045984363024906,0.9956404959269541,0.004359504073045814,0.999973646231918,0.9996700695766083,0.004617297363608881
3999,3.4011442103967075e-08,3.0692558967178704e-12,9.350411238266329,0.5045738269338992,0.9956328136372881,0.004367186362711884,0.9999735945427983,0.9996700552713519,0.004602946995639638
4000,3.4011442103967075e-08,4.467917074878202e-12,9.349902826612775,0.5046148425482181,0.9956329438455875,0.00436705615441246,0.9999729106963524,0.9996687144170895,0.0045923107713731655
4001,3.4011442103967075e-08,4.571465063753321e-12,9.346098787438768,0.5046161446312123,0.9956378917609657,0.004362108239034313,0.999972435189593,0.9996668062246529,0.0046053125819874394
4002,3.4011442103967075e-08,3.9643568569272625e-12,9.347764674365663,0.5046109362992354,0.9956377615526663,0.004362238447333738,0.9999713618791423,0.9996611482841177,0.004617232123874375
4003,3.4011442103967075e-08,3.02482374400307e-12,9.352636504625142,0.5046106758826365,0.9956408865518525,0.0043591134481475394,0.9999721905517213,0.999664117291753,0.0046416224614960686
4004,3.4011442103967075e-08,2.9494900147195306e-12,9.357539460494708,0.5045885404717343,0.9956406261352536,0.00435937386474639,0.9999728331304978,0.9996671949773093,0.004607203340095423
4005,3.4011442103967075e-08,6.524136832710297e-12,9.34670312618655,0.5046329415018381,0.9956346365534801,0.004365363446519936,0.999973682157406,0.9996738728641427,0.004569713974088226
4006,3.4011442103967075e-08,6.568401723010539e-12,9.337311498242313,0.5045930977622142,0.9956404959269541,0.004359504073045814,0.9999730586061846,0.9996726398854328,0.0045439224996360805
4007,3.4011442103967075e-08,3.4165355184012888e-12,9.340435245148631,0.504601951926575,0.99564596467553,0.004354035324469967,0.9999717271741195,0.9996656119274221,0.00455521737040148
4008,3.4011442103967075e-08,2.9430286868446216e-12,9.344661980746947,0.5045885404717343,0.9956432303012421,0.004356769698757891,0.9999726662622097,0.9996697110548367,0.004569329667142682
4009,3.4011442103967075e-08,3.013314932732441e-12,9.349205769653771,0.5045654936027361,0.9956410167601519,0.004358983239848115,0.9999729018632795,0.9996723211654002,0.004537975781327507
4010,3.4011442103967075e-08,3.507996679045141e-12,9.351079373497864,0.5046027331763716,0.9956436209261403,0.004356379073859616,0.9999736377413864,0.9996775080853211,0.004527764129714369
4011,3.4011442103967075e-08,3.1675266251205434e-12,9.35574006461444,0.5046199206718956,0.99564596467553,0.004354035324469967,0.9999737696973714,0.9996770381665326,0.004514882072280691
4012,3.4011442103967075e-08,2.779069217872302e-12,9.36014526597192,0.5045738269338992,0.9956401053020559,0.004359894697944089,0.9999738406964771,0.9996741096178003,0.004539889367005672
4013,3.4011442103967075e-08,3.917703712241243e-12,9.363278072638815,0.5046216133797882,0.9956347667617795,0.004365233238220511,0.9999740705656198,0.9996746908931912,0.004564251471970804
4014,3.4011442103967075e-08,3.028182114342343e-12,9.368231501307882,0.5046518217052548,0.9956380219692651,0.004361978030734888,0.9999744491843297,0.9996757000863622,0.0045763579644290744
4015,3.4011442103967075e-08,4.3389656142857245e-12,9.368386643082761,0.5046385404587134,0.9956308605127967,0.004369139487203259,0.9999738588671864,0.999673839277159,0.004572484124187305
4016,3.4011442103967075e-08,3.049154624893294e-12,9.372301389957222,0.5046477852479726,0.9956317719708927,0.004368228029107284,0.9999732741431062,0.999672730338989,0.004549512252578445
4017,3.4011442103967075e-08,8.41934104110518e-12,9.354108631933762,0.5047054675246179,0.9956302094712997,0.004369790528700383,0.9999733719403264,0.9996746273897626,0.004545617353626196
4018,3.4011442103967075e-08,3.555141095235803e-12,9.356640197031638,0.5047080716906064,0.9956363292613726,0.004363670738627412,0.9999733262222487,0.9996747005946413,0.0045277008415453915
4019,3.4011442103967075e-08,5.923098783209479e-12,9.347447861003713,0.5046295560860531,0.9956411469684513,0.00435885303154869,0.999971452738461,0.9996663405202918,0.004531978815167178
4020,3.4011442103967075e-08,3.825295342086488e-12,9.349932458766522,0.5046302071275502,0.9956529959236989,0.004347004076301022,0.999972257233273,0.9996687406791831,0.0045390697726082245
4021,3.4011442103967075e-08,4.065440147267901e-12,9.350318815761064,0.5046404935832048,0.995648699049818,0.004351300950182044,0.9999728943670125,0.9996706311285684,0.004529003464521901
4022,3.4011442103967075e-08,4.6223510136080445e-12,9.34802749329916,0.5046024727597728,0.995648699049818,0.004351300950182044,0.999972519626868,0.9996685130372087,0.004549522784340349
4023,3.4011442103967075e-08,7.104398705906351e-12,9.335824906659349,0.5046124987988284,0.9956445323842363,0.0043554676157636415,0.9999705192068234,0.9996588370968033,0.004586230598260796
4024,3.4011442103967075e-08,3.8533775021197574e-12,9.337104404440163,0.5045911446377227,0.9956420584265473,0.004357941573452716,0.9999721990970643,0.9996662479312889,0.00459745059251123
4025,3.4011442103967075e-08,3.239129620517956e-12,9.340781192733601,0.5046536446214467,0.9956399750937565,0.004360024906243514,0.9999715143087474,0.9996623818928106,0.0046157392077487945
4026,3.4011442103967075e-08,4.994059793032764e-12,9.334669926912207,0.5046076810917497,0.9956378917609657,0.004362108239034313,0.9999734895257366,0.9996726557174764,0.004582098759447892
4027,3.4011442103967075e-08,3.836268931783024e-12,9.334698625007466,0.5046388008753123,0.995635548011576,0.004364451988423962,0.9999742148927735,0.9996776249310588,0.004556112899684139
4028,3.4011442103967075e-08,2.7703658469149407e-12,9.339437897222416,0.5045877592219377,0.9956415375933496,0.004358462406650415,0.9999732586536512,0.9996716714489566,0.004581472541799927
4029,3.4011442103967075e-08,6.023887787485869e-12,9.330773230965844,0.5045979154692929,0.9956346365534801,0.004365363446519936,0.9999734525248264,0.9996729278335863,0.004607494297060971
4030,3.4011442103967075e-08,3.54476511117042e-12,9.332789324532765,0.5045917956792199,0.9956296886381019,0.004370311361898083,0.9999730703446139,0.9996709401769108,0.004607023823458266
4031,3.4011442103967075e-08,2.885293344551877e-12,9.337486359093967,0.5046260404619687,0.9956339855119829,0.0043660144880170604,0.9999723528712674,0.9996670529104104,0.004619218201908068
4032,3.4011442103967075e-08,3.1411912697996183e-12,9.341502957322483,0.5045907540128245,0.9956338553036835,0.004366144696316485,0.9999722576169157,0.99966679606399,0.00460653972759628
4033,3.4011442103967075e-08,3.7510368023534015e-12,9.343476699051195,0.5045953113033044,0.9956361990530732,0.0043638009469268366,0.9999732336372691,0.9996722743145264,0.004575708597621658
4034,3.4011442103967075e-08,2.7903788963619775e-12,9.349205419296956,0.5045894519298302,0.9956369803028697,0.004363019697130288,0.9999733672483064,0.9996724513180599,0.004570467376050282
4035,3.4011442103967075e-08,2.9896413468312744e-12,9.353845264153806,0.504560285270759,0.9956358084281749,0.0043641915718251115,0.999973291312243,0.9996755038629146,0.004533989224267333
4036,3.4011442103967075e-08,5.126394479619667e-12,9.347730622069122,0.5045973946360951,0.995629428221503,0.004370571778496933,0.9999725043713529,0.9996719674511749,0.004516472184253009
4037,3.4011442103967075e-08,2.885715861377092e-12,9.352568370805656,0.5045855456808475,0.9956309907210962,0.004369009278903833,0.9999717085709898,0.9996675510387495,0.004544448075465559
4038,3.4011442103967075e-08,3.906128999853217e-12,9.351648098284244,0.5045949206784061,0.9956397146771576,0.004360285322842364,0.9999729118115813,0.9996705328440345,0.004576110567828306
4039,3.4011442103967075e-08,3.2571517897877577e-12,9.354124005399024,0.5046664050347903,0.995642579259745,0.004357420740255015,0.9999730675162043,0.9996722436964273,0.004589301521849268
4040,3.4011442103967075e-08,5.748771621759448e-12,9.345829163507597,0.5046171862976078,0.9956373709277679,0.004362629072232013,0.9999727091521929,0.9996721851892036,0.00455445373050561
4041,3.4011442103967075e-08,3.076358463502022e-12,9.350196486385816,0.5046447904570858,0.9956436209261403,0.004356379073859616,0.9999731177634411,0.9996739555816956,0.004559575230599238
4042,3.4011442103967075e-08,5.0308776964639e-12,9.345831596066887,0.5046962227353586,0.9956496105079139,0.0043503894920860695,0.999973438561916,0.9996754672197458,0.004546914386186974
4043,3.4011442103967075e-08,2.826256502809683e-12,9.351074692166234,0.5046787748232358,0.9956579438390771,0.004342056160922874,0.9999737565312011,0.9996773039403161,0.004532703900394275
4044,3.4011442103967075e-08,3.2315897124653144e-12,9.3557558076581,0.5046475248313738,0.99565729279758,0.0043427072024199995,0.9999733476204691,0.9996738629018405,0.0045710381755153205
4045,3.4011442103967075e-08,5.268329161534269e-12,9.350506954201984,0.5046458321234812,0.9956575532141788,0.004342446785821149,0.9999727883968522,0.9996721229380997,0.004539601162664938
4046,3.4011442103967075e-08,2.9512117794360312e-12,9.356177435762635,0.5046430977491932,0.9956598969635685,0.004340103036431501,0.999972583929345,0.999672248888489,0.004526962523117642
4047,3.4011442103967075e-08,3.632941195369913e-12,9.357641510808907,0.5045919258875193,0.9956595063386702,0.004340493661329776,0.9999729155422754,0.9996720736397658,0.004579899161314992
4048,3.4011442103967075e-08,3.3185711509342257e-12,9.362221183927975,0.5046192696303985,0.995661589671461,0.004338410328538977,0.9999728337123548,0.9996720166475536,0.004582456062632209
4049,3.4011442103967075e-08,4.319818602717733e-12,9.361720792121908,0.5046290352528554,0.9956656261287432,0.004334373871256804,0.9999727864250244,0.9996726271640746,0.004545880999353627
4050,3.4011442103967075e-08,3.1700142457020784e-12,9.366368896576049,0.5046132800486249,0.9956669282117374,0.004333071788262555,0.999972711143919,0.9996722474990697,0.004569304084778166
4051,3.4011442103967075e-08,5.2660078813793026e-12,9.361945899731424,0.504606248800456,0.9956700532109236,0.004329946789076357,0.9999736319016352,0.9996753680046003,0.004552508434646597
4052,3.4011442103967075e-08,8.820023532253834e-12,9.340036095704868,0.504609634216241,0.9956739594599064,0.004326040540093609,0.9999717024769333,0.9996678782101903,0.004530934666936939
4053,3.4011442103967075e-08,3.568127801270943e-12,9.343915457541394,0.5046533842048478,0.995675652167799,0.004324347832201085,0.9999713783605172,0.9996664326752617,0.004536360017724658
4054,3.4011442103967075e-08,2.587403678239521e-12,9.349506316957806,0.5046554675376387,0.9956830740408661,0.0043169259591338644,0.9999715257725993,0.9996673533047432,0.004501142791135543
4055,3.4011442103967075e-08,2.7657019909491256e-12,9.354969207890235,0.504694790444065,0.9956833344574649,0.004316665542535015,0.9999713027706391,0.9996648636023207,0.004508848260669642
4056,3.4011442103967075e-08,3.124744537811486e-12,9.359839519232041,0.5046765612821456,0.9956819021661714,0.004318097833828689,0.9999718072254645,0.9996655629651107,0.004530577397833501
4057,3.4011442103967075e-08,6.031360611889288e-12,9.351858201794347,0.5047305977264068,0.9956888032060408,0.004311196793959168,0.9999737961027971,0.9996754244677953,0.004506714315949945
4058,3.4011442103967075e-08,6.405302434765709e-12,9.340732691569432,0.5047079414823069,0.9956858084151541,0.004314191584845942,0.9999724545212655,0.9996700323162885,0.00453367922103172
4059,3.4011442103967075e-08,2.9448862176683075e-12,9.345988568774041,0.5047333321006948,0.9956736990433075,0.0043263009566924596,0.9999726907650527,0.9996711080008459,0.0045487737063446875
4060,3.4011442103967075e-08,3.3877268560601073e-12,9.348910428121927,0.5047712227158274,0.9956828136242672,0.004317186375732715,0.9999720331994685,0.9996659264695558,0.004598176059685226
4061,3.4011442103967075e-08,2.9112691722932085e-12,9.352987581217919,0.5048313789501617,0.9956835948740639,0.004316405125936165,0.9999723496664688,0.9996688686684134,0.0045463171292541606
4062,3.4011442103967075e-08,8.15069933863372e-12,9.335567831161468,0.5047874987532556,0.9956833344574649,0.004316665542535015,0.9999741015400144,0.9996755516735619,0.004553382397761217
4063,3.4011442103967075e-08,2.619964012625936e-12,9.341089994799372,0.5047946602097239,0.995692839663323,0.004307160336676995,0.9999739691238673,0.9996759477933913,0.004521927590302558
4064,3.4011442103967075e-08,6.632570130961446e-12,9.331217623925156,0.5047911445856395,0.9956992198699949,0.004300780130005175,0.9999729938811271,0.9996727245155964,0.00449782325478923
4065,3.4011442103967075e-08,2.6066456536439684e-12,9.336915223710179,0.504824087285394,0.9956959646625092,0.004304035337490798,0.99997412456036,0.9996785948574829,0.004484042036581775
4066,3.4011442103967075e-08,3.938700897757349e-12,9.336832745456666,0.5048238268687951,0.9956968761206052,0.004303123879394823,0.9999740551174524,0.9996799020517958,0.004478687312407471
4067,3.4011442103967075e-08,5.337665431974561e-12,9.330247131999423,0.504844009155206,0.9956929698716225,0.004307030128377571,0.999972282245967,0.9996709632552758,0.004532591037847176
4068,3.4011442103967075e-08,3.3566613257630425e-12,9.334088832296471,0.5048443997801042,0.9956897146641368,0.004310285335863194,0.9999732786365645,0.9996717117582267,0.004573718889957771
4069,3.4011442103967075e-08,5.046673161051707e-12,9.33143777848128,0.5047945300014245,0.9956923188301253,0.004307681169874696,0.9999742859075252,0.99967691743335,0.004555181554787912
4070,3.4011442103967075e-08,3.731996503035713e-12,9.333886633003495,0.5048003893748986,0.9956856782068546,0.0043143217931453665,0.9999742020103127,0.999679768391007,0.004520248042273478
4071,3.4011442103967075e-08,2.986686815862157e-12,9.33857186332312,0.5047816393797814,0.9956804698748777,0.004319530125122363,0.9999744673017252,0.9996820973919875,0.004507173986486118
4072,3.4011442103967075e-08,4.5226854175578465e-12,9.33686583260602,0.5048322904082577,0.9956881521645438,0.004311847835456292,0.9999737838886169,0.9996772410990825,0.004532087723798105
4073,3.4011442103967075e-08,3.1220261019968325e-12,9.34128526867755,0.5048289049924727,0.9956839854989621,0.00431601450103789,0.9999736341987387,0.9996788016292326,0.004534122294657451
4074,3.4011442103967075e-08,2.9454680240982468e-12,9.346084158445827,0.5048326810331559,0.9956826834159679,0.004317316584032139,0.9999734223172942,0.9996766855136604,0.004526541937442051
4075,3.4011442103967075e-08,3.5563538262646167e-12,9.349101618377569,0.5047779935473975,0.9956878917479448,0.004312108252055143,0.9999726388506205,0.9996734401983438,0.004525667981465312
4076,3.4011442103967075e-08,2.7969458270697385e-12,9.353759138388352,0.5047872383366567,0.9956955740376109,0.004304425962389073,0.9999725759615874,0.9996715320185131,0.004528500241892685
4077,3.4011442103967075e-08,1.2456672086750193e-11,9.31572593074377,0.5047979154172095,0.9956878917479448,0.004312108252055143,0.9999736569987348,0.9996768896860849,0.004537388050685985
4078,3.4011442103967075e-08,5.8431833493776185e-12,9.309241145673791,0.5047890612528486,0.995696225079108,0.0043037749208919476,0.999971836870556,0.9996692385461523,0.004533063002160102
4079,3.4011442103967075e-08,2.7686832113004622e-12,9.313109140866162,0.5047984362504072,0.9956927094550235,0.004307290544976421,0.9999729665077675,0.9996733116425488,0.0045170953365544445
4080,3.4011442103967075e-08,4.401486915531278e-12,9.312322176509019,0.5047032539835276,0.9956873709147471,0.004312629085252842,0.9999717013216332,0.9996700107958335,0.004522309027130851
4081,3.4011442103967075e-08,3.3316476921548867e-12,9.316354045549598,0.5046929675278731,0.995692839663323,0.004307160336676995,0.9999727830710465,0.9996750418405401,0.004526968905107554
4082,3.4011442103967075e-08,3.0684663275867934e-12,9.321151112603843,0.5046881498207944,0.9956972667455034,0.004302733254496548,0.9999725776943514,0.9996721954418949,0.004556539828050584
4083,3.4011442103967075e-08,3.488819286388383e-12,9.323984433089713,0.5047097643984989,0.99569127716373,0.004308722836270095,0.9999718580692231,0.9996711929791259,0.004538423234483549
4084,3.4011442103967075e-08,1.0682687808692907e-11,9.294720901648706,0.5047193998126563,0.995688542789442,0.004311457210558018,0.9999734604333789,0.9996780922740823,0.004525554410165865
4085,3.4011442103967075e-08,7.493404269312711e-12,9.283290923202655,0.5047351550168867,0.9956960948708087,0.004303905129191372,0.9999715511244888,0.9996709234443157,0.004484897986680195
4086,3.4011442103967075e-08,3.9321489845511906e-12,9.284408437407636,0.5046618477443104,0.9956973969538029,0.004302603046197124,0.9999697559028913,0.9996619523557368,0.004519543516224901
4087,3.4011442103967075e-08,3.4542313460203245e-12,9.287424419613698,0.504667837326084,0.9956972667455034,0.004302733254496548,0.9999692854074118,0.999658589269494,0.004537870017337099
4088,3.4011442103967075e-08,2.804504701169762e-12,9.292675608883286,0.5045968738028974,0.9956955740376109,0.004304425962389073,0.9999709872102533,0.9996650035674124,0.004522053273957092
4089,3.4011442103967075e-08,3.7844284011291695e-12,9.294288948075234,0.5045886706800337,0.995688542789442,0.004311457210558018,0.9999725302731856,0.999670327940559,0.004527007403553763
4090,3.4011442103967075e-08,7.988963120361948e-12,9.27545851497965,0.5045608061039567,0.9956839854989621,0.00431601450103789,0.999973331833053,0.9996750678007472,0.004536925253036091
4091,3.4011442103967075e-08,5.326733889329993e-12,9.269374625096349,0.5045809883903676,0.9956843761238604,0.004315623876139616,0.999972247460276,0.9996696508633816,0.004533865312338813
4092,3.4011442103967075e-08,3.025766404390133e-12,9.273709984153232,0.5046611967028134,0.9956923188301253,0.004307681169874696,0.9999717969554041,0.9996676041144075,0.004500318064210922
4093,3.4011442103967075e-08,4.3492946644715375e-12,9.274961841361538,0.5045989571356883,0.9956799490416799,0.004320050958320063,0.9999701882381776,0.9996600037560417,0.004565603005539427
4094,3.4011442103967075e-08,2.987836605271972e-12,9.279632344928594,0.5045248686133155,0.9956877615396454,0.004312238460354567,0.9999716070402046,0.9996679573015848,0.004535614723497671
4095,3.4011442103967075e-08,7.731606731629219e-12,9.264153827659593,0.5045360665270661,0.9957067719513615,0.004293228048638529,0.9999734538250977,0.9996780551986163,0.004465227961436118
4096,3.4011442103967075e-08,5.376107251939912e-12,9.257808986610165,0.5045518217312964,0.9957005219529891,0.004299478047010925,0.9999730341633901,0.9996772263883315,0.004478145494025021
4097,3.4011442103967075e-08,3.5021273252246674e-12,9.260169991785439,0.5046355456678266,0.9956998709114919,0.00430012908850805,0.9999720347236304,0.9996722188304583,0.004472040552001964
4098,3.4011442103967075e-08,2.793470704786921e-12,9.26448551041556,0.5046111967158342,0.9956951834127127,0.004304816587287347,0.9999721223101616,0.9996723986086753,0.004494095130770414
4099,3.4011442103967075e-08,4.525589298619326e-12,9.262124567293688,0.5045443998582292,0.9957036469521753,0.004296353047824727,0.9999702906148943,0.9996657885084451,0.00445328269923845
4100,3.4011442103967075e-08,3.9943030440227176e-12,9.264268106219076,0.5045524727727936,0.9957052094517683,0.004294790548231628,0.9999720767104834,0.9996727062651394,0.004441289788358867
