global_step,predictor_x_gap_mse
1,3.3609238516965123e-12
2,3.4000361493388485e-08
3,1.704205128420231e-08
4,1.1420513714290861e-08
5,8.622888618347642e-09
6,6.953983193722857e-09
7,5.8532054846151624e-09
8,5.076984307810843e-09
9,4.50231644485898e-09
10,4.0599615247359145e-09
11,3.7132321513384724e-09
12,3.43279278187777e-09
13,3.2047653618945806e-09
14,3.0115367866586263e-09
15,2.8541899255587188e-09
16,2.72017057603258e-09
17,2.6064026162457234e-09
18,2.5084722614117846e-09
19,2.424095596075942e-09
20,2.3514474457143936e-09
21,2.2874343602670575e-09
22,2.2324543919520714e-09
23,2.1832727679250143e-09
24,2.1415659782773624e-09
25,2.1043508558582262e-09
26,2.070583688176205e-09
27,2.0411939905879218e-09
28,2.0147594330994225e-09
29,1.991214140014352e-09
30,1.9708024049997673e-09
31,1.9515140990729813e-09
32,1.933026294610828e-09
33,1.918541373829358e-09
34,1.905411898234823e-09
35,1.894329541923649e-09
36,1.883394631867381e-09
37,1.8748102115343687e-09
38,1.8661327029576547e-09
39,1.8588167724153654e-09
40,1.852285799185987e-09
41,1.8456361470363284e-09
42,1.840956659244762e-09
43,1.836988320107569e-09
44,1.8320623239031741e-09
45,1.827649888236405e-09
46,1.8235855092536767e-09
47,1.8207323095861602e-09
48,1.817005069243665e-09
49,1.815161718177787e-09
50,1.81383880685005e-09
51,1.811514836389509e-09
52,1.8102697872204648e-09
53,1.8078601338934297e-09
54,1.8075377938044903e-09
55,1.8050482033752316e-09
56,1.8027848099530891e-09
57,1.8027995282862637e-09
58,1.801199048448925e-09
59,1.8000278768089135e-09
60,1.7976486642106435e-09
61,1.7977997487120525e-09
62,1.7974534574538698e-09
63,1.7965813479489761e-09
64,1.7966754902169482e-09
65,1.7966708747050152e-09
66,1.796573695156187e-09
67,1.7956683858154107e-09
68,1.7946855964746701e-09
69,1.79435911874528e-09
70,1.7949892510615186e-09
71,1.7937233368125595e-09
72,1.795354621015151e-09
73,1.7950305882529483e-09
74,1.7950187886083915e-09
75,1.794192203153599e-09
76,1.7939580033334943e-09
77,1.7939567397671772e-09
78,1.7934708119591077e-09
79,1.794484254525788e-09
80,1.7941454379495495e-09
81,1.7939588506178435e-09
82,1.7929190226584458e-09
83,1.7940083123442958e-09
84,1.7954052112666001e-09
85,1.7934677515990478e-09
86,1.7929323583198253e-09
87,1.7929402834915058e-09
88,1.7938403136763027e-09
89,1.7927565606837712e-09
90,1.7931369271520898e-09
91,1.792549769730746e-09
92,1.7908512557575953e-09
93,1.7911580971803388e-09
94,1.7912000431248426e-09
95,1.7925116058050199e-09
96,1.793139249643778e-09
97,1.7932611104778201e-09
98,1.7926082625450075e-09
99,1.7930794758283091e-09
100,1.793627833484704e-09
101,1.7936269393033832e-09
102,1.7925035263143226e-09
103,1.792052688173974e-09
104,1.7936335017443128e-09
105,1.7926198097400367e-09
106,1.7926834341969242e-09
107,1.7927440706407052e-09
108,1.7931713296670412e-09
109,1.7932153588782014e-09
110,1.793060591337669e-09
111,1.7936433685887653e-09
112,1.7943567711322186e-09
113,1.7940456035015218e-09
114,1.7943736742764124e-09
115,1.7934269678668665e-09
116,1.7949945262159582e-09
117,1.7933621021509022e-09
118,1.792655158756168e-09
119,1.792109469237453e-09
120,1.7915318897651333e-09
121,1.7918570574820395e-09
122,1.7916750772728554e-09
123,1.7911458520310203e-09
124,1.7918779754538508e-09
125,1.7922390163561592e-09
126,1.7931000705314148e-09
127,1.7926584226001176e-09
128,1.7925841001077838e-09
129,1.792424105848439e-09
130,1.7924423991817887e-09
131,1.792227004138631e-09
132,1.7924399650303087e-09
133,1.7927364589025085e-09
134,1.7922522249839237e-09
135,1.7926391615415564e-09
136,1.7928182131354776e-09
137,1.7932525443501078e-09
138,1.7944696743683339e-09
139,1.793961785890581e-09
140,1.7931252841845788e-09
141,1.7929559861367052e-09
142,1.7934463633392433e-09
143,1.793561515680421e-09
144,1.7928325275040385e-09
145,1.7933897223468524e-09
146,1.7929987149724647e-09
147,1.7928922375642305e-09
148,1.7929571117304611e-09
149,1.7939372047381779e-09
150,1.7935514390497917e-09
151,1.7931746816955504e-09
152,1.7936659683880027e-09
153,1.7933485929235215e-09
154,1.7925277393022151e-09
155,1.7927711310388316e-09
156,1.7928185789402883e-09
157,1.792685793138446e-09
158,1.793462025981364e-09
159,1.7934145549426437e-09
160,1.7932548288607446e-09
161,1.7933552313345008e-09
162,1.792536612192065e-09
163,1.793551001153841e-09
164,1.794793689547055e-09
165,1.794410404595911e-09
166,1.7955136518557103e-09
167,1.7940580908561932e-09
168,1.7936874996583093e-09
169,1.7934739069724946e-09
170,1.7933624425839038e-09
171,1.7924954255970231e-09
172,1.7919616115296088e-09
173,1.7933164901896734e-09
174,1.7930624257346323e-09
175,1.7948834140385441e-09
176,1.7943494166924894e-09
177,1.7938090250148549e-09
178,1.7945945875694998e-09
179,1.7937924514305965e-09
180,1.7945113770488553e-09
181,1.7942078962150067e-09
182,1.793070064700024e-09
183,1.7930158216740356e-09
184,1.794505229701271e-09
185,1.7931407739720303e-09
186,1.793473266785402e-09
187,1.7931776944266581e-09
188,1.7941487827932905e-09
189,1.7935950069459193e-09
190,1.7933881305220125e-09
191,1.793716663759639e-09
192,1.7940345031218235e-09
193,1.7934982844554266e-09
194,1.794197069366078e-09
195,1.7938480300487816e-09
196,1.794031404885084e-09
197,1.7936963273213978e-09
198,1.7940358136970098e-09
199,1.7924304717146544e-09
200,1.7927523667528707e-09
201,1.7930317035546338e-09
202,1.7929771073731549e-09
203,1.7933382465893772e-09
204,1.7948270819213254e-09
205,1.793768367611304e-09
206,1.792954701392958e-09
207,1.7941308365372748e-09
208,1.7933735633654308e-09
209,1.793217460442565e-09
210,1.793610239897196e-09
211,1.7926220337716064e-09
212,1.7930244686691048e-09
213,1.7931435952634368e-09
214,1.792487185969756e-09
215,1.7925196251741226e-09
216,1.7931747644329304e-09
217,1.7923786770224611e-09
218,1.7919050903764637e-09
219,1.7910610796195776e-09
220,1.7917915560238168e-09
221,1.7918986540452256e-09
222,1.791014364359941e-09
223,1.7916948096190976e-09
224,1.7921326305540913e-09
225,1.7930461301181287e-09
226,1.7928641629416959e-09
227,1.792552102590554e-09
228,1.7930376116988077e-09
229,1.7934842915528721e-09
230,1.793304314918045e-09
231,1.792874509307321e-09
232,1.7921004097723452e-09
233,1.7926189216765207e-09
234,1.7928925181088621e-09
235,1.7934684474892623e-09
236,1.7938836396958224e-09
237,1.7952690601184143e-09
238,1.7938643751940626e-09
239,1.7935322725450185e-09
240,1.7936603536632817e-09
241,1.7942455890598295e-09
242,1.7939364454246812e-09
243,1.7938464998516384e-09
244,1.7933942295256729e-09
245,1.7935239647457224e-09
246,1.7943547966731085e-09
247,1.7934997013282655e-09
248,1.7920395071677332e-09
249,1.792548646754623e-09
250,1.7937598824003014e-09
251,1.794098286161875e-09
252,1.7934389513409148e-09
253,1.7933135822295807e-09
254,1.7927833662359115e-09
255,1.7943089851735463e-09
256,1.7939059164258573e-09
257,1.7946237646619822e-09
258,1.7939443837336654e-09
259,1.7932949258806209e-09
260,1.7934814100879284e-09
261,1.792631866878284e-09
262,1.7940500368193985e-09
263,1.7941176256882654e-09
264,1.7943168512607946e-09
265,1.794519469675253e-09
266,1.795048587933169e-09
267,1.7939385609281096e-09
268,1.7937886295751619e-09
269,1.7934100962019332e-09
270,1.7934592214895558e-09
271,1.7936342097701497e-09
272,1.7929867556269822e-09
273,1.7929788935303183e-09
274,1.793573676122857e-09
275,1.7938103614941216e-09
276,1.7940543295655646e-09
277,1.7948988417061914e-09
278,1.7942222313644783e-09
279,1.793787652632643e-09
280,1.7937951103013933e-09
281,1.7931188366874261e-09
282,1.7929314207554263e-09
283,1.792923333234292e-09
284,1.792900374962303e-09
285,1.7938587991476029e-09
286,1.7927378562487354e-09
287,1.7922028394491342e-09
288,1.7926398678497127e-09
289,1.792742134484087e-09
290,1.7931279909276735e-09
291,1.7931063683687336e-09
292,1.7934048396552802e-09
293,1.7934070143042875e-09
294,1.7943999632281844e-09
295,1.7933658749355011e-09
296,1.7943818001100362e-09
297,1.7934772118229597e-09
298,1.794606733558882e-09
299,1.7955184636043123e-09
300,1.7939483045042421e-09
301,1.792991038990482e-09
302,1.7931565232711317e-09
303,1.793261963316409e-09
304,1.7930243673484102e-09
305,1.7931088657869032e-09
306,1.79266244143658e-09
307,1.7924137982764933e-09
308,1.7932750731746789e-09
309,1.7922323482306318e-09
310,1.7929718842011732e-09
311,1.7933148662899953e-09
312,1.793943196000178e-09
313,1.7947098997167755e-09
314,1.794528619369803e-09
315,1.7946319217197686e-09
316,1.793669029281831e-09
317,1.7934962633279624e-09
318,1.7934222861115853e-09
319,1.7939354111081411e-09
320,1.794776570222422e-09
321,1.7931699202572434e-09
322,1.794027122478889e-09
323,1.7940683147800922e-09
324,1.7946927962017188e-09
325,1.7960709045053137e-09
326,1.7954414694851503e-09
327,1.7949788686490555e-09
328,1.7959485425363633e-09
329,1.794830008888375e-09
330,1.7938543580314772e-09
331,1.7946744227717427e-09
332,1.7946239327928255e-09
333,1.7938715878185808e-09
334,1.7931470078304948e-09
335,1.793284932095769e-09
336,1.7943430086491822e-09
337,1.7937291788571377e-09
338,1.7940691739696964e-09
339,1.7938174213590083e-09
340,1.7932986024407819e-09
341,1.7929089043896287e-09
342,1.7938040017373154e-09
343,1.7948978656634877e-09
344,1.7960432028710324e-09
345,1.7947286114405777e-09
346,1.7946274397456583e-09
347,1.7936670959259181e-09
348,1.7943598438166743e-09
349,1.7934575519226907e-09
350,1.7941981172680937e-09
351,1.793653593290682e-09
352,1.7940321804555574e-09
353,1.7943069578092987e-09
354,1.7948365264451355e-09
355,1.7944685572540744e-09
356,1.7932943821295649e-09
357,1.7922800692481981e-09
358,1.7922808251790865e-09
359,1.7925751356343522e-09
360,1.792244936569038e-09
361,1.7918028284202314e-09
362,1.791941246300982e-09
363,1.7909002786290494e-09
364,1.7920780873904413e-09
365,1.7907926050781763e-09
366,1.791690300347047e-09
367,1.7911384025624246e-09
368,1.7917671703022126e-09
369,1.7923724384467293e-09
370,1.7926556197648946e-09
371,1.7934653792754842e-09
372,1.793149634304064e-09
373,1.792385208429507e-09
374,1.7931645132287118e-09
375,1.7931963707619979e-09
376,1.7925841615232007e-09
377,1.7933767120310195e-09
378,1.7942266518620124e-09
379,1.79378344443905e-09
380,1.794367094813102e-09
381,1.7943698154417525e-09
382,1.7949993829487244e-09
383,1.7948588924818162e-09
384,1.7948484778055797e-09
385,1.795223456802917e-09
386,1.7940613558890641e-09
387,1.7953838469186772e-09
388,1.7948272110638737e-09
389,1.7951934561032692e-09
390,1.7942127173169297e-09
391,1.7950697459723395e-09
392,1.794637659668419e-09
393,1.7948371884941008e-09
394,1.7944948093875555e-09
395,1.7940363843180314e-09
396,1.7945775280847598e-09
397,1.7944698815614579e-09
398,1.7936731795303432e-09
399,1.7931953382056743e-09
400,1.7930333542063722e-09
401,1.792929656960011e-09
402,1.7935809740967142e-09
403,1.7937912315383623e-09
404,1.7930146973553647e-09
405,1.7932430883279e-09
406,1.7931768040960216e-09
407,1.7935395185615754e-09
408,1.7925722044807534e-09
409,1.792639247959504e-09
410,1.7934766125955433e-09
411,1.7932165348725217e-09
412,1.7923939460469587e-09
413,1.792829302081738e-09
414,1.7927732951989947e-09
415,1.7929351610993044e-09
416,1.7922411956015155e-09
417,1.7930145727431638e-09
418,1.7928534109595435e-09
419,1.7929395634060348e-09
420,1.7930023471222995e-09
421,1.7927689440692896e-09
422,1.7925163672710605e-09
423,1.7927852553754585e-09
424,1.7928755168407123e-09
425,1.7926395678999868e-09
426,1.7918584490272862e-09
427,1.7908208870726865e-09
428,1.7929072722565853e-09
429,1.7931166033860395e-09
430,1.7928730045848681e-09
431,1.7933488807623462e-09
432,1.7932396652523264e-09
433,1.7935741793606043e-09
434,1.7937464970065627e-09
435,1.793225714687933e-09
436,1.7928521711243393e-09
437,1.7929410452874221e-09
438,1.792430630767042e-09
439,1.7924772185604477e-09
440,1.7921110957794094e-09
441,1.7926326742562967e-09
442,1.7931406367951183e-09
443,1.7934499778512205e-09
444,1.7922785634426282e-09
445,1.7935231775605632e-09
446,1.7924716601718396e-09
447,1.7922677371377346e-09
448,1.791614049064594e-09
449,1.791281969415419e-09
450,1.792979701015921e-09
451,1.7935029762389193e-09
452,1.7944318393087985e-09
453,1.7953095210298134e-09
454,1.7944496846425805e-09
455,1.7928167479368598e-09
456,1.7930835484783056e-09
457,1.7941524415154736e-09
458,1.7923361509741506e-09
459,1.792605242092507e-09
460,1.792899694592186e-09
461,1.7923193426314375e-09
462,1.7921736111330126e-09
463,1.7925817802674555e-09
464,1.793712309206957e-09
465,1.7928479500875815e-09
466,1.7929828719896398e-09
467,1.7930032954783995e-09
468,1.7929532329663803e-09
469,1.7925255462371927e-09
470,1.7928378284917774e-09
471,1.7927482002059852e-09
472,1.7926821948023268e-09
473,1.792333384754185e-09
474,1.7913177272646159e-09
475,1.7917935366294006e-09
476,1.7916908507721484e-09
477,1.7927010650891838e-09
478,1.792670197864125e-09
479,1.7919435401958031e-09
480,1.7921141692721548e-09
481,1.7940587519216354e-09
482,1.7930458040359625e-09
483,1.7928624579668423e-09
484,1.7936674149413358e-09
485,1.7928561749318159e-09
486,1.7935764638678385e-09
487,1.7948511340260197e-09
488,1.794382625381436e-09
489,1.7934904112156347e-09
490,1.793990694133104e-09
491,1.7931213859126085e-09
492,1.7924288941737631e-09
493,1.7936402134745586e-09
494,1.7921531437073145e-09
495,1.7915555822854743e-09
496,1.7921701785274374e-09
497,1.7911829914490383e-09
498,1.7916159683494846e-09
499,1.791077540735206e-09
500,1.7910143176426416e-09
501,1.7908949236771605e-09
502,1.7912487869830523e-09
503,1.79159615764645e-09
504,1.7924218834847943e-09
505,1.7919505448133223e-09
506,1.7927716173447723e-09
507,1.792060172286696e-09
508,1.7921058731518728e-09
509,1.7921519263154832e-09
510,1.7920644526782037e-09
511,1.7917835127539495e-09
512,1.7909232501845006e-09
513,1.790793249768794e-09
514,1.7916292385007966e-09
515,1.7916436890056782e-09
516,1.7914525584120852e-09
517,1.7929918071853763e-09
518,1.792888877674455e-09
519,1.7938745173475618e-09
520,1.7929348071362189e-09
521,1.7929453612244594e-09
522,1.7930672505928307e-09
523,1.792242261416243e-09
524,1.7932259325051058e-09
525,1.7925136735441662e-09
526,1.7920319434703612e-09
527,1.7914970974175181e-09
528,1.7924071698512283e-09
529,1.7927009767768308e-09
530,1.7918502765049487e-09
531,1.7922912707490324e-09
532,1.7922246035170798e-09
533,1.7914693406046574e-09
534,1.792203587880909e-09
535,1.7924360013411551e-09
536,1.793576299380235e-09
537,1.7930509882241931e-09
538,1.7926187872691777e-09
539,1.7939308077691383e-09
540,1.7928369383218205e-09
541,1.7934529866289198e-09
542,1.7921310211614032e-09
543,1.7925425090337556e-09
544,1.7931508884390347e-09
545,1.7932420462806638e-09
546,1.7944148532074484e-09
547,1.7935890646089523e-09
548,1.792766888160544e-09
549,1.7943230089874236e-09
550,1.7937858646889852e-09
551,1.7935446106041624e-09
552,1.7927485830747177e-09
553,1.792947226919687e-09
554,1.792484676504373e-09
555,1.7933254273494566e-09
556,1.7941802572765209e-09
557,1.794526490429588e-09
558,1.7934835749702302e-09
559,1.7945191367886926e-09
560,1.7922867005484805e-09
561,1.793213452819912e-09
562,1.7934081104151493e-09
563,1.7934262261222778e-09
564,1.7927713250051738e-09
565,1.7933563419040342e-09
566,1.7935409104817398e-09
567,1.7932531168188549e-09
568,1.7932185204197867e-09
569,1.7933454172349003e-09
570,1.793679140378143e-09
571,1.7932064627067614e-09
572,1.7932664692001967e-09
573,1.7930491898403116e-09
574,1.7927863573717985e-09
575,1.7924707797025482e-09
576,1.792922625402489e-09
577,1.793957208978865e-09
578,1.7939953939357795e-09
579,1.7940462891232227e-09
580,1.7944621287282086e-09
581,1.7947491356380276e-09
582,1.7945108257877573e-09
583,1.7942475190876485e-09
584,1.7940117856009549e-09
585,1.7941508594178675e-09
586,1.793362187808531e-09
587,1.7938769954799424e-09
588,1.7939157656009277e-09
589,1.794274712038664e-09
590,1.7937525877897981e-09
591,1.7928324301246888e-09
592,1.7947100484161554e-09
593,1.7944570375323385e-09
594,1.7943890542386285e-09
595,1.7940434733173732e-09
596,1.7936101322386675e-09
597,1.7935800759773908e-09
598,1.793247984521528e-09
599,1.7927415950078331e-09
600,1.793728479375408e-09
601,1.7949589943146012e-09
602,1.7955410197582368e-09
603,1.7958249053728708e-09
604,1.7947652143223847e-09
605,1.794332294993396e-09
606,1.7947139822956148e-09
607,1.7945289181614097e-09
608,1.7945498847545184e-09
609,1.7941813309497353e-09
610,1.7947225172073961e-09
611,1.795111477146135e-09
612,1.7954559602872413e-09
613,1.7955229534500598e-09
614,1.794631363969839e-09
615,1.795141666980849e-09
616,1.7944943891773831e-09
617,1.794482236538438e-09
618,1.7934264721810082e-09
619,1.7927802493152429e-09
620,1.7911652749922841e-09
621,1.7914685322138382e-09
622,1.7915661174680013e-09
623,1.7910764800164938e-09
624,1.7917359531024358e-09
625,1.7921176435166627e-09
626,1.791486723119207e-09
627,1.791493677489514e-09
628,1.7905057558429124e-09
629,1.7912534157996572e-09
630,1.7922151700532064e-09
631,1.7917721901354282e-09
632,1.7921377179546373e-09
633,1.7923839941740799e-09
634,1.7921217301846683e-09
635,1.7926869667929034e-09
636,1.7925126527906746e-09
637,1.7928382578920256e-09
638,1.7922465190625176e-09
639,1.7928194296950052e-09
640,1.7928270538737608e-09
641,1.7941806917550333e-09
642,1.7926329281234738e-09
643,1.7926706586711168e-09
644,1.7937749063339317e-09
645,1.7931818486502652e-09
646,1.7938352680378193e-09
647,1.7939825846507692e-09
648,1.7939912667211774e-09
649,1.7945291794707135e-09
650,1.7933022275943871e-09
651,1.7927240638757366e-09
652,1.793431462147202e-09
653,1.7937070846616037e-09
654,1.7936877481961872e-09
655,1.7952385556843629e-09
656,1.793478272319107e-09
657,1.7933629855803297e-09
658,1.7933698371787037e-09
659,1.7924741548891048e-09
660,1.7927053385255233e-09
661,1.792921447119302e-09
662,1.7936421132493449e-09
663,1.7939216763016982e-09
664,1.7941255574803106e-09
665,1.7943176144533925e-09
666,1.7937618383603803e-09
667,1.7939819092319416e-09
668,1.7921942379865635e-09
669,1.7923531932994389e-09
670,1.7927090649024448e-09
671,1.7917352033197152e-09
672,1.7924088461176916e-09
673,1.7930085274118007e-09
674,1.7930396855393085e-09
675,1.7936314137907634e-09
676,1.7931618472224353e-09
677,1.794042221736376e-09
678,1.7942883263742488e-09
679,1.7923448532112286e-09
680,1.7922753476385887e-09
681,1.7924339848998508e-09
682,1.7924911109828544e-09
683,1.7915187977545405e-09
684,1.7927425613803769e-09
685,1.7927375248505105e-09
686,1.7926229218303318e-09
687,1.7940333459297413e-09
688,1.7934683943307658e-09
689,1.7936891872068393e-09
690,1.7941744281760855e-09
691,1.7930414349556519e-09
692,1.794313762334921e-09
693,1.7943094430932615e-09
694,1.7932818172719473e-09
695,1.7930787135746906e-09
696,1.7937763030057533e-09
697,1.7935311484455542e-09
698,1.794583685611054e-09
699,1.7954568024316572e-09
700,1.7950641509094025e-09
701,1.7951795775069752e-09
702,1.7948894568325026e-09
703,1.795157267202246e-09
704,1.7947652112533668e-09
705,1.7953929600915413e-09
706,1.7946256777751081e-09
707,1.7954728631150784e-09
708,1.7953947231964865e-09
709,1.794845619176564e-09
710,1.7947312823817514e-09
711,1.7950974662239925e-09
712,1.795985025893252e-09
713,1.7950066089112518e-09
714,1.7944001987009048e-09
715,1.7952214512617544e-09
716,1.7953224784377946e-09
717,1.795130530011138e-09
718,1.795483291405413e-09
719,1.7941887456205235e-09
720,1.7936602418776698e-09
721,1.7933264244539255e-09
722,1.7936246354228069e-09
723,1.7953138525145508e-09
724,1.7931156679279782e-09
725,1.7922271514304238e-09
726,1.7918139777436794e-09
727,1.7923165417396394e-09
728,1.7926897907545008e-09
729,1.792727177423843e-09
730,1.793448642411935e-09
731,1.7938636239247284e-09
732,1.793716559499875e-09
733,1.7940924495909372e-09
734,1.7928071497460819e-09
735,1.7923839702140223e-09
736,1.7932567845707757e-09
737,1.792638662678816e-09
738,1.7930104681899913e-09
739,1.7934727306426306e-09
740,1.7936569024156764e-09
741,1.7920807815293112e-09
742,1.7927052759269573e-09
743,1.793089773422422e-09
744,1.7933958871653514e-09
745,1.7935472844580012e-09
746,1.7924769936475425e-09
747,1.7927333549797509e-09
748,1.7927559334447264e-09
749,1.792078285650315e-09
750,1.792270827062858e-09
751,1.7921411553011248e-09
752,1.7920128067106203e-09
753,1.791560010123224e-09
754,1.7929764433793136e-09
755,1.793574365423921e-09
756,1.7926000284230587e-09
757,1.7925974791324786e-09
758,1.792631272837654e-09
759,1.7933144695332651e-09
760,1.7923398977252196e-09
761,1.7917818108149172e-09
762,1.7926910377118528e-09
763,1.7924067921973716e-09
764,1.792158329065445e-09
765,1.7913605318411907e-09
766,1.794087049115627e-09
767,1.792827980088068e-09
768,1.7919210318419445e-09
769,1.792582080077843e-09
770,1.793734345688419e-09
771,1.7921220750775948e-09
772,1.7926504365669828e-09
773,1.7938416683002628e-09
774,1.7928635788603562e-09
775,1.792725101338791e-09
776,1.7929444114972997e-09
777,1.792766568608385e-09
778,1.7941369751910651e-09
779,1.7935004846309005e-09
780,1.7932293571660907e-09
781,1.7939775215501488e-09
782,1.7930564743176355e-09
783,1.7934096540340236e-09
784,1.7937252532026548e-09
785,1.7928075166476093e-09
786,1.7931233759323272e-09
787,1.7933846792567855e-09
788,1.7930182271657168e-09
789,1.7928828009292785e-09
790,1.793083681131303e-09
791,1.7927312346488634e-09
792,1.793228820519839e-09
793,1.7940658906213728e-09
794,1.7938068008918592e-09
795,1.7936081081901801e-09
796,1.792592931077491e-09
797,1.7928599325885398e-09
798,1.7923476283570064e-09
799,1.7916550932807417e-09
800,1.7901735309144964e-09
801,1.7911427366831467e-09
802,1.7910950037884227e-09
803,1.7898373874310258e-09
804,1.790306041270185e-09
805,1.7910681100708314e-09
806,1.7913729966355979e-09
807,1.7912032886508692e-09
808,1.790920112837956e-09
809,1.7905092168963949e-09
810,1.7917201256739886e-09
811,1.7915557522376156e-09
812,1.7906401439732057e-09
813,1.7911546328827845e-09
814,1.7910891950049003e-09
815,1.7919671622707613e-09
816,1.7919431660678369e-09
817,1.7919832186605488e-09
818,1.7913989259204677e-09
819,1.7921439979346719e-09
820,1.7914759540516256e-09
821,1.7921390267253479e-09
822,1.7919194027795524e-09
823,1.7924294683545236e-09
824,1.7929181941374024e-09
825,1.793436560166302e-09
826,1.793696199817542e-09
827,1.7922405150397896e-09
828,1.7924547199922118e-09
829,1.793824401843865e-09
830,1.7949363973708365e-09
831,1.7934039922057565e-09
832,1.7930803211950857e-09
833,1.7926051157357732e-09
834,1.7935233161284065e-09
835,1.7935770130670745e-09
836,1.7930425854249933e-09
837,1.7928672513618135e-09
838,1.7930978500163991e-09
839,1.7930920864396983e-09
840,1.7937986391807968e-09
841,1.7927665349613367e-09
842,1.7930348447789694e-09
843,1.794179854285659e-09
844,1.793189766447274e-09
845,1.7933020401580606e-09
846,1.793388962807357e-09
847,1.7925583681923014e-09
848,1.7940011360647684e-09
849,1.7939713948448504e-09
850,1.79384309180428e-09
851,1.7938651054953699e-09
852,1.792809582376523e-09
853,1.7930394579301992e-09
854,1.7920821024276768e-09
855,1.7926327816164743e-09
856,1.7931114384883328e-09
857,1.7928149145696279e-09
858,1.7921320782840364e-09
859,1.7926670978566705e-09
860,1.7927752985132395e-09
861,1.7920913860694132e-09
862,1.7931391854489478e-09
863,1.7924957273367164e-09
864,1.791890394592706e-09
865,1.7918211165158246e-09
866,1.792283319410403e-09
867,1.7931256863397996e-09
868,1.7935027120208867e-09
869,1.7933111761465865e-09
870,1.7946185944377846e-09
871,1.7942263528625753e-09
872,1.7934907311216128e-09
873,1.7938279541921414e-09
874,1.7939975680311382e-09
875,1.793369107874867e-09
876,1.7940293224087062e-09
877,1.7936988742994981e-09
878,1.7942739160503374e-09
879,1.7938518707953559e-09
880,1.7936464864396827e-09
881,1.7928830266766794e-09
882,1.7928388338927512e-09
883,1.7926452852022078e-09
884,1.7924996582352258e-09
885,1.7915581668655321e-09
886,1.792145409520021e-09
887,1.791508434178806e-09
888,1.7914228005249396e-09
889,1.792503682362183e-09
890,1.7923078641775274e-09
891,1.792248628126727e-09
892,1.79225768090358e-09
893,1.7930138820252513e-09
894,1.7930853356425875e-09
895,1.7937470900191354e-09
896,1.7937572145661739e-09
897,1.7940438021609437e-09
898,1.7938122015219537e-09
899,1.7939203959681441e-09
900,1.792844180429639e-09
901,1.792017112419977e-09
902,1.7920454522020342e-09
903,1.7918627474409934e-09
904,1.792789336599158e-09
905,1.7918863965473458e-09
906,1.791415892615091e-09
907,1.7915543145901353e-09
908,1.7919970140869895e-09
909,1.7916848347904744e-09
910,1.7921870801292538e-09
911,1.7915376972848753e-09
912,1.7925245407614461e-09
913,1.7933935929548052e-09
914,1.7928321938446244e-09
915,1.7934837431065144e-09
916,1.7931753607614338e-09
917,1.7928367337818897e-09
918,1.7936070084125464e-09
919,1.7931731404820542e-09
920,1.793161404642321e-09
921,1.7924665136870216e-09
922,1.7928308919978057e-09
923,1.7929704026796652e-09
924,1.7934611061881748e-09
925,1.7936166522832923e-09
926,1.7936573353318262e-09
927,1.7921498084605646e-09
928,1.793460891722666e-09
929,1.7924153262686705e-09
930,1.7925546942390578e-09
931,1.793606054945426e-09
932,1.7924709454000358e-09
933,1.792047735718855e-09
934,1.792801457134991e-09
935,1.7937981859594754e-09
936,1.7937219567623848e-09
937,1.7935077279824332e-09
938,1.7940380628785232e-09
939,1.7945841613523606e-09
940,1.7934668631559011e-09
941,1.7932003646671864e-09
942,1.792924041810274e-09
943,1.7932840736006433e-09
944,1.7931824780028672e-09
945,1.7933111333355295e-09
946,1.7931448933058647e-09
947,1.792970362912341e-09
948,1.7927723354038577e-09
949,1.7921859835366528e-09
950,1.7921764260528934e-09
951,1.793120101282588e-09
952,1.7935804260651911e-09
953,1.7934175597799446e-09
954,1.7933068534728056e-09
955,1.7930389731464675e-09
956,1.793697692657715e-09
957,1.7936810622849594e-09
958,1.794012261172288e-09
959,1.794182296798164e-09
960,1.7930287898645886e-09
961,1.7919762270018566e-09
962,1.7916305454430077e-09
963,1.7923476842463248e-09
964,1.791710405744381e-09
965,1.7935574982354792e-09
966,1.7935993130697592e-09
967,1.7945751583309124e-09
968,1.7938964592004819e-09
969,1.7940383735382005e-09
970,1.7938084831612577e-09
971,1.7931405804962639e-09
972,1.7923577946551761e-09
973,1.7919422014683058e-09
974,1.7931836250970536e-09
975,1.7937937499896774e-09
976,1.7948799166333453e-09
977,1.7944701005459948e-09
978,1.7952720129409664e-09
979,1.7956894231607493e-09
980,1.7949535247563138e-09
981,1.7954509618545331e-09
982,1.7950544286067725e-09
983,1.7946808005397975e-09
984,1.7933697357772728e-09
985,1.7940345357808952e-09
986,1.7932494597348035e-09
987,1.793534842290798e-09
988,1.7935697336439125e-09
989,1.79362985021024e-09
990,1.7935171960766658e-09
991,1.7937575184985451e-09
992,1.7938628003226518e-09
993,1.7939607669592404e-09
994,1.7933457044893312e-09
995,1.7937975194177063e-09
996,1.7933723762447922e-09
997,1.7941769921569923e-09
998,1.7933419148509845e-09
999,1.7936188526674324e-09
1000,1.7925476400914374e-09
1001,1.792875980491945e-09
1002,1.7920447564351116e-09
1003,1.7922849512026595e-09
1004,1.7925846320118263e-09
1005,1.7918340330652286e-09
1006,1.7917789036744598e-09
1007,1.7921927135289199e-09
1008,1.7924672400403944e-09
1009,1.7927177640719142e-09
1010,1.792750821478077e-09
1011,1.7922226162357034e-09
1012,1.7945246698869486e-09
1013,1.7941475143241418e-09
1014,1.7930727554105108e-09
1015,1.7936017189147271e-09
1016,1.7932937833326238e-09
1017,1.7938267737287835e-09
1018,1.79331597463598e-09
1019,1.7934712634110203e-09
1020,1.7924262123660888e-09
1021,1.7924157615120008e-09
1022,1.79168757016927e-09
1023,1.791868766474507e-09
1024,1.7918764389055134e-09
1025,1.792626070972015e-09
1026,1.7938738733919956e-09
1027,1.7935488757393536e-09
1028,1.7926838603743051e-09
1029,1.7921347741716226e-09
1030,1.7919418861425235e-09
1031,1.7928694710720393e-09
1032,1.7921741927750897e-09
1033,1.7923174064916494e-09
1034,1.792580745380323e-09
1035,1.7928100778898365e-09
1036,1.7937682573405395e-09
1037,1.793896659985664e-09
1038,1.7936300987742928e-09
1039,1.793227070377313e-09
1040,1.793936834816219e-09
1041,1.7938344828012762e-09
1042,1.792345722562367e-09
1043,1.79280316441926e-09
1044,1.7939518159805229e-09
1045,1.7944544740817246e-09
1046,1.7932558547005274e-09
1047,1.7929241913573218e-09
1048,1.793620820644316e-09
1049,1.793632818716168e-09
1050,1.7930523335442092e-09
1051,1.7923332683625774e-09
1052,1.79173347147513e-09
1053,1.791737936886213e-09
1054,1.792577626546809e-09
1055,1.792457263588265e-09
1056,1.7939417138664023e-09
1057,1.793249676896346e-09
1058,1.7932411133147802e-09
1059,1.7927282218688152e-09
1060,1.7926523868646194e-09
1061,1.7918794747604798e-09
1062,1.7930085779975567e-09
1063,1.7919662964403335e-09
1064,1.7913882885326937e-09
1065,1.7917384341090791e-09
1066,1.7914638906312756e-09
1067,1.7919263508907268e-09
1068,1.7918860234014142e-09
1069,1.7915093468692187e-09
1070,1.7910983324215317e-09
1071,1.7921474551767631e-09
1072,1.7918821863962417e-09
1073,1.7922523180397737e-09
1074,1.7921299083992464e-09
1075,1.7917898052200997e-09
1076,1.7933359017050596e-09
1077,1.7941639709522202e-09
1078,1.7936176518274551e-09
1079,1.794327184282535e-09
1080,1.7939556367951868e-09
1081,1.7934140581255537e-09
1082,1.7931231315830597e-09
1083,1.7931509749394298e-09
1084,1.7929621858365913e-09
1085,1.7934879883603908e-09
1086,1.7930058885583287e-09
1087,1.792621069892268e-09
1088,1.793789846099216e-09
1089,1.7930937607505643e-09
1090,1.792901040236576e-09
1091,1.79368284601592e-09
1092,1.7931632351191974e-09
1093,1.793161279198609e-09
1094,1.7938172616861249e-09
1095,1.7948448505853218e-09
1096,1.7937994111630296e-09
1097,1.7935578678854887e-09
1098,1.7950180497381637e-09
1099,1.7954727369014718e-09
1100,1.795248802942627e-09
1101,1.7941779561984792e-09
1102,1.7933050089088507e-09
1103,1.7932342290270092e-09
1104,1.7924711593426738e-09
1105,1.7925702331429304e-09
1106,1.793106400896703e-09
1107,1.7938025448082717e-09
1108,1.7934747368047037e-09
1109,1.7930473280416795e-09
1110,1.792775677760727e-09
1111,1.7916322376645424e-09
1112,1.7914925723559564e-09
1113,1.791103775302825e-09
1114,1.7918652031986723e-09
1115,1.7928188058488771e-09
1116,1.793046061072595e-09
1117,1.793112399613051e-09
1118,1.7938290458351122e-09
1119,1.7933814683225385e-09
1120,1.793701447958455e-09
1121,1.793629780558872e-09
1122,1.7934424871777082e-09
1123,1.7933148471839018e-09
1124,1.793228427704659e-09
1125,1.792957182870009e-09
1126,1.7931572526453025e-09
1127,1.7940135117828542e-09
1128,1.7934673769430431e-09
1129,1.793842303721816e-09
1130,1.7934756082489118e-09
1131,1.793138331298911e-09
1132,1.7931050614994828e-09
1133,1.7932920392839647e-09
1134,1.7932582014551117e-09
1135,1.7925838505111207e-09
1136,1.7927634213639359e-09
1137,1.793102186975663e-09
1138,1.7926641483797788e-09
1139,1.7930260208022885e-09
1140,1.7928966831060764e-09
1141,1.7926465360663969e-09
1142,1.7919540184757933e-09
1143,1.7911468095512916e-09
1144,1.7928424800836175e-09
1145,1.792987232562379e-09
1146,1.7935916758541237e-09
1147,1.7932737706406342e-09
1148,1.7926115960743205e-09
1149,1.7924128094241002e-09
1150,1.7922196990038576e-09
1151,1.7922816934588752e-09
1152,1.7919539406684357e-09
1153,1.7920786659884306e-09
1154,1.7925940125895766e-09
1155,1.7927243163737225e-09
1156,1.7931047295354276e-09
1157,1.7932127407125514e-09
1158,1.7935219769375422e-09
1159,1.7933406482945448e-09
1160,1.7935527845688565e-09
1161,1.793554144234659e-09
1162,1.7940393277545395e-09
1163,1.7931563705466876e-09
1164,1.7933513409764094e-09
1165,1.7937145711704236e-09
1166,1.7931579139096566e-09
1167,1.7929474165745599e-09
1168,1.7926791372156145e-09
1169,1.7922493497628168e-09
1170,1.792990815313206e-09
1171,1.7928666306701399e-09
1172,1.792964950260057e-09
1173,1.7943393629293062e-09
1174,1.793954234047142e-09
1175,1.7943377516812392e-09
1176,1.7933257081174374e-09
1177,1.7944945635184852e-09
1178,1.7945151079109616e-09
1179,1.7950308154328253e-09
1180,1.7945979670495012e-09
1181,1.7933486476832104e-09
1182,1.7933731468763904e-09
1183,1.7930726994022041e-09
1184,1.793074484003867e-09
1185,1.7936626274699557e-09
1186,1.7933064540478623e-09
1187,1.7938086361628222e-09
1188,1.793584615107588e-09
1189,1.793919538332263e-09
1190,1.794229666508328e-09
1191,1.7932403386236635e-09
1192,1.7941155214866749e-09
1193,1.793793672302675e-09
1194,1.7940383358310066e-09
1195,1.7945540969168406e-09
1196,1.7939569924248633e-09
1197,1.7937285032156583e-09
1198,1.7928316949055131e-09
1199,1.7940961913480406e-09
1200,1.7925327719821968e-09
1201,1.793605325082932e-09
1202,1.7942728141112104e-09
1203,1.7937932121192517e-09
1204,1.7941359454580614e-09
1205,1.794370882868918e-09
1206,1.79335008711363e-09
1207,1.7940072573203266e-09
1208,1.7942304558793885e-09
1209,1.7942207098404384e-09
1210,1.7928774682337548e-09
1211,1.7923623003098264e-09
1212,1.7923935493522445e-09
1213,1.7923902386092998e-09
1214,1.7930526222810515e-09
1215,1.7930418473949977e-09
1216,1.7928465315354608e-09
1217,1.7920857669226263e-09
1218,1.7926711522251183e-09
1219,1.792731135475616e-09
1220,1.7919322331700914e-09
1221,1.7918142612298951e-09
1222,1.7917026885663847e-09
1223,1.7924727847115067e-09
1224,1.7928028683735386e-09
1225,1.7916159605032987e-09
1226,1.793125043975724e-09
1227,1.7919625543991503e-09
1228,1.7931788939321443e-09
1229,1.7928461201270272e-09
1230,1.7924540783335815e-09
1231,1.7931298390343635e-09
1232,1.7916102328111303e-09
1233,1.7925606454685783e-09
1234,1.7928446045844463e-09
1235,1.7928866158134146e-09
1236,1.7930387333038454e-09
1237,1.7923939003367697e-09
1238,1.7928955147293534e-09
1239,1.792948378283451e-09
1240,1.7932155220676856e-09
1241,1.7933171659021021e-09
1242,1.7941468542662863e-09
1243,1.794115637545746e-09
1244,1.7944772350440538e-09
1245,1.7945233110086276e-09
1246,1.7933872858674086e-09
1247,1.7934130462540684e-09
1248,1.793768864558354e-09
1249,1.794118660755551e-09
1250,1.7925290725679105e-09
1251,1.7914648905598176e-09
1252,1.7918817404119321e-09
1253,1.791113824084551e-09
1254,1.7911315546478764e-09
1255,1.7925117879517076e-09
1256,1.7915143080957423e-09
1257,1.7923756303800774e-09
1258,1.7928732154449274e-09
1259,1.7934396809214651e-09
1260,1.7931203731930918e-09
1261,1.7930123778848078e-09
1262,1.7932831452343753e-09
1263,1.793928435286805e-09
1264,1.7934551240065125e-09
1265,1.7928868230571585e-09
1266,1.7930369817105217e-09
1267,1.7933077264262587e-09
1268,1.7938017609652841e-09
1269,1.7943778412343667e-09
1270,1.7945595263999483e-09
1271,1.7940086321190967e-09
1272,1.7936414553582277e-09
1273,1.793769094794926e-09
1274,1.7936950015159282e-09
1275,1.7925857772023e-09
1276,1.7925358939910685e-09
1277,1.7930064362298876e-09
1278,1.7926906820339965e-09
1279,1.7933499050291012e-09
1280,1.792596535733152e-09
1281,1.7925589408893034e-09
1282,1.7924820870568304e-09
1283,1.7925707896860955e-09
1284,1.7938394455000205e-09
1285,1.7935493759082403e-09
1286,1.7943046499286755e-09
1287,1.793777722966997e-09
1288,1.793237949951038e-09
1289,1.7928863740223586e-09
1290,1.793277665690667e-09
1291,1.7951293694374006e-09
1292,1.7945462495955416e-09
1293,1.7945552742772838e-09
1294,1.7928995644177584e-09
1295,1.7926236777087287e-09
1296,1.7918537793034972e-09
1297,1.7931731550287572e-09
1298,1.7944094667177053e-09
1299,1.793021594658055e-09
1300,1.792256219388351e-09
1301,1.792215518277482e-09
1302,1.7923550586616544e-09
1303,1.7929701141722725e-09
1304,1.7929173773540256e-09
1305,1.7927214018187588e-09
1306,1.7932264021134685e-09
1307,1.7931586702888348e-09
1308,1.7932650768025804e-09
1309,1.7934197174826964e-09
1310,1.7946353650040723e-09
1311,1.793019520887625e-09
1312,1.7947795775609786e-09
1313,1.7943328809551287e-09
1314,1.7933514955089106e-09
1315,1.7930333175464223e-09
1316,1.7929201655219936e-09
1317,1.7934314939286965e-09
1318,1.7939622824888079e-09
1319,1.7930905706773186e-09
1320,1.7932529950169417e-09
1321,1.7929972383735218e-09
1322,1.7934830630434728e-09
1323,1.7924413115453321e-09
1324,1.792470901849702e-09
1325,1.7919192304790664e-09
1326,1.7924300665230192e-09
1327,1.7931443853099887e-09
1328,1.7923436269494767e-09
1329,1.7926799359383773e-09
1330,1.7926080002767453e-09
1331,1.7933752234555783e-09
1332,1.7923298740377841e-09
1333,1.792970807903034e-09
1334,1.7922274120710745e-09
1335,1.7927172776274943e-09
1336,1.7930482926959183e-09
1337,1.7934142880820771e-09
1338,1.7944889829586233e-09
1339,1.7946768423618213e-09
1340,1.7932506049019662e-09
1341,1.7922476726898824e-09
1342,1.7923052500760091e-09
1343,1.7932865272058285e-09
1344,1.794286895608786e-09
1345,1.7924559331363836e-09
1346,1.7923108596435882e-09
1347,1.790613490571714e-09
1348,1.79054206054005e-09
1349,1.79071930498689e-09
1350,1.7912234771474994e-09
1351,1.7907242085484547e-09
1352,1.7918387280296314e-09
1353,1.7914894917265795e-09
1354,1.7927682486989058e-09
1355,1.7922853665388282e-09
1356,1.7921885297718283e-09
1357,1.791976659027141e-09
1358,1.792021773681599e-09
1359,1.791833244989651e-09
1360,1.7916241950778185e-09
1361,1.7920472165038341e-09
1362,1.7921972200257523e-09
1363,1.7918026582318688e-09
1364,1.7923675580471856e-09
1365,1.792235215442253e-09
1366,1.7929533337592938e-09
1367,1.79240016242011e-09
1368,1.7912268981534052e-09
1369,1.7925383909646772e-09
1370,1.7923989243577673e-09
1371,1.7926354937168388e-09
1372,1.7922022773139714e-09
1373,1.7924414932616944e-09
1374,1.7931422148474988e-09
1375,1.7921503715621362e-09
1376,1.7927521460558284e-09
1377,1.7938684230192048e-09
1378,1.7936804463800288e-09
1379,1.7925361455693685e-09
1380,1.792281125389129e-09
1381,1.7926235831689428e-09
1382,1.7931940341373248e-09
1383,1.7935810720239579e-09
1384,1.7938095248946975e-09
1385,1.793886134959929e-09
1386,1.7945428486337075e-09
1387,1.7935214577954472e-09
1388,1.7935823174832485e-09
1389,1.792992120617482e-09
1390,1.792790071796687e-09
1391,1.792604890537621e-09
1392,1.7917168667989142e-09
1393,1.7932112017150581e-09
1394,1.7932863839683706e-09
1395,1.793381162870523e-09
1396,1.7935038161249617e-09
1397,1.7945620335544214e-09
1398,1.7941796942575348e-09
1399,1.7950055471279195e-09
1400,1.7957346385985711e-09
1401,1.7958908021252312e-09
1402,1.795304395614697e-09
1403,1.7950840218629428e-09
1404,1.7951470020596415e-09
1405,1.7936218853107348e-09
1406,1.7941263876064035e-09
1407,1.7942906559361e-09
1408,1.7945774562693123e-09
1409,1.7951735756514329e-09
1410,1.7949101930429594e-09
1411,1.7952056846020721e-09
1412,1.7946055729243798e-09
1413,1.7939121211839225e-09
1414,1.7943709493961366e-09
1415,1.794139524699096e-09
1416,1.7930746708706045e-09
1417,1.793826204850022e-09
1418,1.794441092363456e-09
1419,1.7947559089307422e-09
1420,1.7936116394660132e-09
1421,1.794522422439533e-09
1422,1.7943373966409012e-09
1423,1.7952534105379105e-09
1424,1.7953087848110132e-09
1425,1.7944517299718593e-09
1426,1.7951989880050331e-09
1427,1.7947833554604152e-09
1428,1.7952799522008098e-09
1429,1.7949878408360361e-09
1430,1.7943678484892467e-09
1431,1.7940438771827213e-09
1432,1.7939737005143425e-09
1433,1.7921418164488053e-09
1434,1.792747846520919e-09
1435,1.7927371156212687e-09
1436,1.7924079023734611e-09
1437,1.7921836266046884e-09
1438,1.7919985587512042e-09
1439,1.7918099851974733e-09
1440,1.7919497267718822e-09
1441,1.792582210399405e-09
1442,1.7923086164755807e-09
1443,1.7930687535434011e-09
1444,1.7921864747806078e-09
1445,1.7922114572491325e-09
1446,1.7926995889875879e-09
1447,1.7927944662012829e-09
1448,1.7931626413077037e-09
1449,1.7936328408805236e-09
1450,1.79375276723687e-09
1451,1.7934023677616011e-09
1452,1.793822735499668e-09
1453,1.7947469221538197e-09
1454,1.7946794876310743e-09
1455,1.7933164457724671e-09
1456,1.7929973083747976e-09
1457,1.7939217717099914e-09
1458,1.7933676907555778e-09
1459,1.7938561220129404e-09
1460,1.7933702667551152e-09
1461,1.7938966423003218e-09
1462,1.793391829226718e-09
1463,1.7938483184332897e-09
1464,1.793016099252932e-09
1465,1.7940169560354611e-09
1466,1.7936901082648173e-09
1467,1.793667000477698e-09
1468,1.7931544234911476e-09
1469,1.7928156952766702e-09
1470,1.792281666261915e-09
1471,1.7921362369753818e-09
1472,1.7934915146342168e-09
1473,1.7928096842543183e-09
1474,1.7936269626791615e-09
1475,1.792971524115419e-09
1476,1.7935535337591364e-09
1477,1.7935903156102631e-09
1478,1.79358631049412e-09
1479,1.7938265441172693e-09
1480,1.7930261062638522e-09
1481,1.7925789013991467e-09
1482,1.7907105758801509e-09
1483,1.7914354726418644e-09
1484,1.7911822960980256e-09
1485,1.7906927448923479e-09
1486,1.7916424210989258e-09
1487,1.7926491045171737e-09
1488,1.7930743922651793e-09
1489,1.7939003678165292e-09
1490,1.79463040996121e-09
1491,1.7944877123908113e-09
1492,1.7934223275355132e-09
1493,1.794648976748285e-09
1494,1.7930825245265644e-09
1495,1.7927793111787432e-09
1496,1.7931058541084478e-09
1497,1.7929195024532284e-09
1498,1.791632050572271e-09
1499,1.792399754173749e-09
1500,1.7923700839838342e-09
1501,1.792526476497596e-09
1502,1.793673020233438e-09
1503,1.7924142595926177e-09
1504,1.7930231839389625e-09
1505,1.792345822967498e-09
1506,1.7922231160574635e-09
1507,1.7923539850460469e-09
1508,1.7927554527192623e-09
1509,1.792541621128798e-09
1510,1.7934903535943253e-09
1511,1.794265205281814e-09
1512,1.7944416540547916e-09
1513,1.7938231559695744e-09
1514,1.7933056873576045e-09
1515,1.7935383545535018e-09
1516,1.7938215731702864e-09
1517,1.7945925241673897e-09
1518,1.794158028012879e-09
1519,1.7934233061527243e-09
1520,1.7934476655997792e-09
1521,1.7930876693359603e-09
1522,1.793129828090734e-09
1523,1.7925782766327816e-09
1524,1.7918869418550662e-09
1525,1.7923856151580172e-09
1526,1.7927123704491383e-09
1527,1.7926755805383565e-09
1528,1.7927648973787807e-09
1529,1.793003170012232e-09
1530,1.7929542118636681e-09
1531,1.7929256405992396e-09
1532,1.7924263086777895e-09
1533,1.7930897704604698e-09
1534,1.7932728630295716e-09
1535,1.7920673615916498e-09
1536,1.7928298571651008e-09
1537,1.7935889382434557e-09
1538,1.7934445261972616e-09
1539,1.7936272928594857e-09
1540,1.7932502244442869e-09
1541,1.7924797833767203e-09
1542,1.7925850257083331e-09
1543,1.7931089611665225e-09
1544,1.7930186748110896e-09
1545,1.7925153113169962e-09
1546,1.792933234527654e-09
1547,1.7925635548916001e-09
1548,1.7925833645061312e-09
1549,1.7925172704875152e-09
1550,1.792738757576832e-09
1551,1.792728696398983e-09
1552,1.7925589243555346e-09
1553,1.7925974309019879e-09
1554,1.7922236970317782e-09
1555,1.7927809511462672e-09
1556,1.7911265161141088e-09
1557,1.7915233636522687e-09
1558,1.7917266555923458e-09
1559,1.7916391803083069e-09
1560,1.790793064418007e-09
1561,1.7907698815399058e-09
1562,1.7906882805164113e-09
1563,1.7906424348065437e-09
1564,1.790689302946555e-09
1565,1.7903414460745295e-09
1566,1.7909026272980385e-09
1567,1.7908806724147232e-09
1568,1.7906957468907506e-09
1569,1.791116558550635e-09
1570,1.7906736804387337e-09
1571,1.7918500988362448e-09
1572,1.791815507909614e-09
1573,1.7913947569925782e-09
1574,1.7931775604098697e-09
1575,1.7928799257833184e-09
1576,1.7931076248627818e-09
1577,1.7929808587176596e-09
1578,1.7922283938301926e-09
1579,1.7924130093036438e-09
1580,1.7921521294536264e-09
1581,1.791925103634778e-09
1582,1.792013922663326e-09
1583,1.7927204027812218e-09
1584,1.7928698822966785e-09
1585,1.7929831330069486e-09
1586,1.79317290220969e-09
1587,1.7927802551467018e-09
1588,1.792215277523171e-09
1589,1.7921500446809295e-09
1590,1.7923900381715243e-09
1591,1.7922910703996387e-09
1592,1.7929503113639946e-09
1593,1.791708696760492e-09
1594,1.7918848884707392e-09
1595,1.7914621446054672e-09
1596,1.7923646556593216e-09
1597,1.7928486795379115e-09
1598,1.792248469691758e-09
1599,1.792222568663128e-09
1600,1.7927463444097692e-09
1601,1.7932856589160998e-09
1602,1.7938766834270073e-09
1603,1.7940674466831054e-09
1604,1.7939131684586491e-09
1605,1.7940821642881551e-09
1606,1.7934986970727024e-09
1607,1.7942505327694755e-09
1608,1.793862936874288e-09
1609,1.7943153689675995e-09
1610,1.7938362953748425e-09
1611,1.7939766209590389e-09
1612,1.7948801880439736e-09
1613,1.7937361603248176e-09
1614,1.7940974971214405e-09
1615,1.7948726106693567e-09
1616,1.7943658196109204e-09
1617,1.7944515406176599e-09
1618,1.7958073726512364e-09
1619,1.7951745959868412e-09
1620,1.7938584389509246e-09
1621,1.794533703588235e-09
1622,1.793014446799228e-09
1623,1.7935161415926891e-09
1624,1.7936803097727157e-09
1625,1.7934858731923636e-09
1626,1.793884451657552e-09
1627,1.7933779418989114e-09
1628,1.7927752113699722e-09
1629,1.7929956097379014e-09
1630,1.7941153655834696e-09
1631,1.7922890558978852e-09
1632,1.7937576915546763e-09
1633,1.7934379642753893e-09
1634,1.7935152640859707e-09
1635,1.7936143563242573e-09
1636,1.7932057015402324e-09
1637,1.7932300590183352e-09
1638,1.7937697093368518e-09
1639,1.7934714845657472e-09
1640,1.7931300196459788e-09
1641,1.7943322719409947e-09
1642,1.7940397549862775e-09
1643,1.794719618414008e-09
1644,1.7952918650371293e-09
1645,1.793093730090464e-09
1646,1.7929086717068903e-09
1647,1.7930550175766914e-09
1648,1.793198766790283e-09
1649,1.79343110681781e-09
1650,1.7930397507880254e-09
1651,1.7934086425825766e-09
1652,1.7927215187368372e-09
1653,1.7926479757111859e-09
1654,1.7928961834182352e-09
1655,1.7934316030982145e-09
1656,1.7932421027508085e-09
1657,1.7940540953180761e-09
1658,1.7944056366985016e-09
1659,1.7931774920030931e-09
1660,1.792261863621399e-09
1661,1.7933675594725153e-09
1662,1.792826246916573e-09
1663,1.7927660427163258e-09
1664,1.793331299603694e-09
1665,1.7927169169323193e-09
1666,1.7931493924572272e-09
1667,1.7928271419275537e-09
1668,1.7923545954508416e-09
1669,1.7932020081457045e-09
1670,1.792039000447381e-09
1671,1.792203714009127e-09
1672,1.7918217351972798e-09
1673,1.7933111696938598e-09
1674,1.7925792910180833e-09
1675,1.7913171661128109e-09
1676,1.792231774318438e-09
1677,1.7925135767087605e-09
1678,1.7924901155050304e-09
1679,1.7918589806589909e-09
1680,1.7920078885797956e-09
1681,1.791978133468771e-09
1682,1.7910008181472977e-09
1683,1.7926161160167813e-09
1684,1.792777185953797e-09
1685,1.7934574945082112e-09
1686,1.7933449814163487e-09
1687,1.7929883986079366e-09
1688,1.7936017042195672e-09
1689,1.7932834144059185e-09
1690,1.7919432801500847e-09
1691,1.791990893476424e-09
1692,1.7932679090862987e-09
1693,1.7931117249871485e-09
1694,1.7926297618645065e-09
1695,1.792840798805871e-09
1696,1.7926610592689715e-09
1697,1.793355991272044e-09
1698,1.7944392874230187e-09
1699,1.7942041663615247e-09
1700,1.7949237876394058e-09
1701,1.7947196579124589e-09
1702,1.7935144324439513e-09
1703,1.7928540252187151e-09
1704,1.7937832668226097e-09
1705,1.7935358503244909e-09
1706,1.7932944392969875e-09
1707,1.794010360792511e-09
1708,1.7941329831702306e-09
1709,1.7935434535630485e-09
1710,1.7927323563263267e-09
1711,1.7924007756693516e-09
1712,1.7934812641539717e-09
1713,1.792939765703197e-09
1714,1.7932233833851743e-09
1715,1.7930826574628851e-09
1716,1.7933918281678088e-09
1717,1.793714576521735e-09
1718,1.7941670059677207e-09
1719,1.7945479428322808e-09
1720,1.7937306937722066e-09
1721,1.7939864800637282e-09
1722,1.7932857308706392e-09
1723,1.793171380263745e-09
1724,1.7949650020213262e-09
1725,1.794909191308854e-09
1726,1.7941626473142514e-09
1727,1.7938134690673433e-09
1728,1.7940443634010504e-09
1729,1.7932599269689008e-09
1730,1.7918745519271695e-09
1731,1.7916829656826807e-09
1732,1.7924502380714648e-09
1733,1.7924329034941191e-09
1734,1.7923830248952974e-09
1735,1.7926454241923677e-09
1736,1.7914600932198979e-09
1737,1.7919011394831861e-09
1738,1.7926397310550866e-09
1739,1.7930566298839243e-09
1740,1.7940582948591178e-09
1741,1.7935262082648666e-09
1742,1.7932180486324611e-09
1743,1.792223244016406e-09
1744,1.7928579197105023e-09
1745,1.793211860869237e-09
1746,1.7942413427789788e-09
1747,1.7944752209845031e-09
1748,1.7928417597460584e-09
1749,1.7921518109044513e-09
1750,1.7922325866047924e-09
1751,1.7922305688808697e-09
1752,1.7923404741211272e-09
1753,1.792176542907114e-09
1754,1.7929362621709826e-09
1755,1.7938425071060202e-09
1756,1.7933810497239053e-09
1757,1.7931526618129204e-09
1758,1.792920153203486e-09
1759,1.7933744515210881e-09
1760,1.7944198616675559e-09
1761,1.7932683420011854e-09
1762,1.7930525756838518e-09
1763,1.793232366014921e-09
1764,1.7937200316187658e-09
1765,1.7932875710845796e-09
1766,1.7935022513826669e-09
1767,1.7933424107158567e-09
1768,1.7938883136668125e-09
1769,1.793883995085415e-09
1770,1.7941742124482058e-09
1771,1.7937255024789389e-09
1772,1.7948918566130922e-09
1773,1.7933702096204855e-09
1774,1.7934984524704702e-09
1775,1.7939672817639664e-09
1776,1.794099581545681e-09
1777,1.7948872062531923e-09
1778,1.794300453504949e-09
1779,1.7937770977079083e-09
1780,1.7941993569566457e-09
1781,1.7945355570257517e-09
1782,1.7939796709955828e-09
1783,1.7930837745089535e-09
1784,1.7928604590401631e-09
1785,1.7940883963439869e-09
1786,1.7949209233989805e-09
1787,1.7953440938817425e-09
1788,1.7963590131451317e-09
1789,1.7950588357194704e-09
1790,1.7946514014453735e-09
1791,1.79506063951389e-09
1792,1.79473138628202e-09
1793,1.794315086925529e-09
1794,1.7948961758649773e-09
1795,1.7953290071119195e-09
1796,1.7949537843873417e-09
1797,1.794684334742552e-09
1798,1.7949139605093642e-09
1799,1.7942583795052515e-09
1800,1.7947563231044395e-09
1801,1.7939597779097635e-09
1802,1.7934792858720158e-09
1803,1.7938294435973752e-09
1804,1.7943815921363e-09
1805,1.7925449300270783e-09
1806,1.7928509948204613e-09
1807,1.7925826940180365e-09
1808,1.793963868866694e-09
1809,1.7944138480087041e-09
1810,1.794073892837745e-09
1811,1.794065451295864e-09
1812,1.7934940831337936e-09
1813,1.7944405685345696e-09
1814,1.7942555184938754e-09
1815,1.7936776542217553e-09
1816,1.7935943658564542e-09
1817,1.7935739683675038e-09
1818,1.7934343475967734e-09
1819,1.7933613428893517e-09
1820,1.7936338791090945e-09
1821,1.792797740876292e-09
1822,1.7933317129453038e-09
1823,1.7932598313876355e-09
1824,1.7929864053541982e-09
1825,1.7927450645086112e-09
1826,1.79242701802841e-09
1827,1.7931034014810737e-09
1828,1.7939139297733693e-09
1829,1.7932854946207669e-09
1830,1.7932309743150592e-09
1831,1.7946300200595511e-09
1832,1.793414301527103e-09
1833,1.793517632504873e-09
1834,1.7932289695446575e-09
1835,1.7928618716074717e-09
1836,1.7940929033630825e-09
1837,1.7937982140633145e-09
1838,1.794258496370384e-09
1839,1.7937527404541922e-09
1840,1.7939193387279326e-09
1841,1.794223438814144e-09
1842,1.793941547799279e-09
1843,1.7937836250271147e-09
1844,1.79340485024083e-09
1845,1.7931146481090319e-09
1846,1.7923286335388003e-09
1847,1.792119808084676e-09
1848,1.7934264851757633e-09
1849,1.7931211966931187e-09
1850,1.7945967579111312e-09
1851,1.7933787334292476e-09
1852,1.793499311351225e-09
1853,1.7935930666737029e-09
1854,1.793704929296869e-09
1855,1.7936537778139358e-09
1856,1.794064325869383e-09
1857,1.7938875769508115e-09
1858,1.7934927898258382e-09
1859,1.793798946507778e-09
1860,1.794427034879423e-09
1861,1.794297733431982e-09
1862,1.7947139287519247e-09
1863,1.794037947264914e-09
1864,1.793830948062383e-09
1865,1.7937943231808967e-09
1866,1.7940591986167388e-09
1867,1.7933801442843692e-09
1868,1.7953087890779096e-09
1869,1.7947282214183968e-09
1870,1.7940207154852251e-09
1871,1.7939422380923047e-09
1872,1.7931197680281676e-09
1873,1.7931584145235559e-09
1874,1.7942750377349594e-09
1875,1.7936320224947594e-09
1876,1.794783071891575e-09
1877,1.794296841579335e-09
1878,1.7931915730197608e-09
1879,1.7937816563507558e-09
1880,1.7919909688294905e-09
1881,1.7919299829269173e-09
1882,1.7922349620631267e-09
1883,1.792995739353596e-09
1884,1.792796234779888e-09
1885,1.792215702268943e-09
1886,1.7923121798435938e-09
1887,1.7922496060873881e-09
1888,1.7926920560317158e-09
1889,1.7929528479345918e-09
1890,1.792929118030511e-09
1891,1.7932149771950553e-09
1892,1.7929602687323347e-09
1893,1.793417304592281e-09
1894,1.7928443797447776e-09
1895,1.792961762405282e-09
1896,1.7941313559267105e-09
1897,1.794456420858729e-09
1898,1.7934408663773035e-09
1899,1.7935323675292238e-09
1900,1.7928325737750542e-09
1901,1.7927182619440362e-09
1902,1.7929682607035007e-09
1903,1.7933726766823235e-09
1904,1.7935417414048032e-09
1905,1.792593423132288e-09
1906,1.7938049581250546e-09
1907,1.7946724757969833e-09
1908,1.7947604785006503e-09
1909,1.7937041597867618e-09
1910,1.7936144085445161e-09
1911,1.7926907195966277e-09
1912,1.7929954102181136e-09
1913,1.7925937880180885e-09
1914,1.793016550210323e-09
1915,1.7929013693854186e-09
1916,1.793394232724692e-09
1917,1.7935102341835234e-09
1918,1.793716963892209e-09
1919,1.792415577721334e-09
1920,1.7923792466783207e-09
1921,1.7916025667853763e-09
1922,1.79212511732221e-09
1923,1.7931047482214475e-09
1924,1.7932210172944195e-09
1925,1.7933498173686692e-09
1926,1.792392273313767e-09
1927,1.792645897559142e-09
1928,1.791352206857001e-09
1929,1.7911559572842397e-09
1930,1.791877818707095e-09
1931,1.7923566971966787e-09
1932,1.7927336234056162e-09
1933,1.7930668085213358e-09
1934,1.79469394805452e-09
1935,1.794437979447116e-09
1936,1.7951186418224061e-09
1937,1.795125672064757e-09
1938,1.7952545493355363e-09
1939,1.7958507372672043e-09
1940,1.7952290592097424e-09
1941,1.7958482913437015e-09
1942,1.795910472117572e-09
1943,1.7958733413976148e-09
1944,1.79561502192271e-09
1945,1.7951654132509155e-09
1946,1.79522652578581e-09
1947,1.7954146335573196e-09
1948,1.7959277157069277e-09
1949,1.7954934011432207e-09
1950,1.7946056634428216e-09
1951,1.7941569299280538e-09
1952,1.7941856012814606e-09
1953,1.7941006368231268e-09
1954,1.7938904741693376e-09
1955,1.7921597480903355e-09
1956,1.7924991969194461e-09
1957,1.792626804973082e-09
1958,1.7935159864025325e-09
1959,1.7942449094919624e-09
1960,1.7946297926176264e-09
1961,1.794643100049885e-09
1962,1.7944093153670128e-09
1963,1.7940018627058732e-09
1964,1.794137073672929e-09
1965,1.7938021495184246e-09
1966,1.7945141702852756e-09
1967,1.7935759874701591e-09
1968,1.7923559054664596e-09
1969,1.792637783836139e-09
1970,1.7929291476794172e-09
1971,1.79326049272543e-09
1972,1.7946854228764906e-09
1973,1.794725614471137e-09
1974,1.7947441549323308e-09
1975,1.7947923189783603e-09
1976,1.7939575830233396e-09
1977,1.794013945285996e-09
1978,1.7941890145890147e-09
1979,1.7929425675200462e-09
1980,1.7917887390137237e-09
1981,1.7932937325488191e-09
1982,1.7930724792197929e-09
1983,1.7915476403079454e-09
1984,1.7922656466021248e-09
1985,1.792326861072361e-09
1986,1.7933650344936851e-09
1987,1.7940829713783694e-09
1988,1.792397115869261e-09
1989,1.7940721256771758e-09
1990,1.7943408381965654e-09
1991,1.7939958391431458e-09
1992,1.7935545665707017e-09
1993,1.7922963967830768e-09
1994,1.7927030380934568e-09
1995,1.7934546177997878e-09
1996,1.7929258099635289e-09
1997,1.7941350605873906e-09
1998,1.7931383950652807e-09
1999,1.7931699606694103e-09
2000,1.7932255916492273e-09
2001,1.7936315420456842e-09
2002,1.7941504032111207e-09
2003,1.7936477051640317e-09
2004,1.7923923428549687e-09
2005,1.7933821198640367e-09
2006,1.7931774477608614e-09
2007,1.7934983770438607e-09
2008,1.7938819987113554e-09
2009,1.7941811787216819e-09
2010,1.7940567958521108e-09
2011,1.7942341085737944e-09
2012,1.7949074520727047e-09
2013,1.794592373053315e-09
2014,1.7937783052578094e-09
2015,1.795190812291172e-09
2016,1.7953620010893608e-09
2017,1.7954394620636819e-09
2018,1.794252242946008e-09
2019,1.7941313682205827e-09
2020,1.7941782841395628e-09
2021,1.7937306237198881e-09
2022,1.7941224822286958e-09
2023,1.7928126234791053e-09
2024,1.7937607049122135e-09
2025,1.7933654087362504e-09
2026,1.793009231283766e-09
2027,1.7943680030799723e-09
2028,1.7936584959573156e-09
2029,1.794239532724526e-09
2030,1.7947623790021577e-09
2031,1.7943096129914475e-09
2032,1.7942010887356877e-09
2033,1.7943963112779128e-09
2034,1.7935268307557917e-09
2035,1.7927072735356914e-09
2036,1.7929512109316377e-09
2037,1.7933036605492783e-09
2038,1.7938327252056655e-09
2039,1.7939482003882737e-09
2040,1.7938159772812674e-09
2041,1.7936864519751354e-09
2042,1.7943270483407287e-09
2043,1.7945879210910942e-09
2044,1.7938347347866454e-09
2045,1.7929161577150592e-09
2046,1.7932462493374116e-09
2047,1.7925742999103924e-09
2048,1.7926780470149914e-09
2049,1.7928485066390891e-09
2050,1.793558840304461e-09
2051,1.7927718600619674e-09
2052,1.7931238931074904e-09
2053,1.793150370082434e-09
2054,1.7941964541813204e-09
2055,1.794353136223678e-09
2056,1.794583276608267e-09
2057,1.7955734838889115e-09
2058,1.7950539571500021e-09
2059,1.7946348928582067e-09
2060,1.7933734332410214e-09
2061,1.7932761717819372e-09
2062,1.7936141831662577e-09
2063,1.793865982102856e-09
2064,1.793654953617517e-09
2065,1.7946024469602047e-09
2066,1.7953961496221094e-09
2067,1.79517339640419e-09
2068,1.7949646179865018e-09
2069,1.7949019809641801e-09
2070,1.7949797433849275e-09
2071,1.7934154998367938e-09
2072,1.7937951610843863e-09
2073,1.79485352074967e-09
2074,1.7943391605389185e-09
2075,1.795795625498256e-09
2076,1.7953169275562282e-09
2077,1.794929115132428e-09
2078,1.7954426914000846e-09
2079,1.7944994402628413e-09
2080,1.794762157402248e-09
2081,1.7949043782068415e-09
2082,1.794829296177759e-09
2083,1.7954585611326482e-09
2084,1.7950673838597645e-09
2085,1.7943985782055636e-09
2086,1.7951064455110568e-09
2087,1.7948001798529226e-09
2088,1.794217483115612e-09
2089,1.794433788072546e-09
2090,1.7938019152747159e-09
2091,1.7931699411430545e-09
2092,1.7933156168687253e-09
2093,1.792182961144479e-09
2094,1.7927175383921582e-09
2095,1.7924688594024644e-09
2096,1.7926211656746595e-09
2097,1.7928100509757995e-09
2098,1.7928790946629923e-09
2099,1.7925138112715134e-09
2100,1.7919485452122382e-09
2101,1.7931575559993787e-09
2102,1.7928334179361271e-09
2103,1.792002263427262e-09
2104,1.7919621151052408e-09
2105,1.7935945348056227e-09
2106,1.792279901758697e-09
2107,1.7924562757831857e-09
2108,1.792852896026225e-09
2109,1.7929442333446618e-09
2110,1.7927319579918951e-09
2111,1.792529992181378e-09
2112,1.7929897275142502e-09
2113,1.793195727583393e-09
2114,1.7927764716914343e-09
2115,1.7921283806541329e-09
2116,1.7927667075857553e-09
2117,1.7930540370806074e-09
2118,1.7939052734741806e-09
2119,1.7944601396145829e-09
2120,1.793269074491308e-09
2121,1.7926061587252627e-09
2122,1.792178444862388e-09
2123,1.792377435080724e-09
2124,1.7932723874102194e-09
2125,1.7944240344291337e-09
2126,1.7939516221746663e-09
2127,1.793366506116232e-09
2128,1.79324233346898e-09
2129,1.793663582562423e-09
2130,1.7930255299251998e-09
2131,1.7930386521954186e-09
2132,1.7921047265821644e-09
2133,1.7919149002810048e-09
2134,1.7918698928431532e-09
2135,1.7918604681390038e-09
2136,1.7928911440721857e-09
2137,1.7933717640253658e-09
2138,1.7933105423457397e-09
2139,1.7936086309670795e-09
2140,1.7927607695428188e-09
2141,1.792895131431718e-09
2142,1.7933048067615525e-09
2143,1.793371948384289e-09
2144,1.7934340673722298e-09
2145,1.7940992412483598e-09
2146,1.793912658245163e-09
2147,1.7945652410815685e-09
2148,1.7933078716644906e-09
2149,1.7940606532391178e-09
2150,1.794491067544628e-09
2151,1.7950289357271642e-09
2152,1.7954497306683422e-09
2153,1.7953466826523874e-09
2154,1.793402676495672e-09
2155,1.7934124199676956e-09
2156,1.7927049763483618e-09
2157,1.792447497260436e-09
2158,1.7939770029820123e-09
2159,1.793866259891729e-09
2160,1.793992446947749e-09
2161,1.793677298769955e-09
2162,1.793082789927312e-09
2163,1.7928263171037254e-09
2164,1.7929185000586363e-09
2165,1.7934472658139459e-09
2166,1.7931825934551135e-09
2167,1.7936383586310258e-09
2168,1.7944883658833304e-09
2169,1.7944269559323303e-09
2170,1.794347199687905e-09
2171,1.794569515601302e-09
2172,1.7932793667324915e-09
2173,1.7939721328773624e-09
2174,1.7938809790890047e-09
2175,1.7930531686833826e-09
2176,1.7929364463201182e-09
2177,1.7920278248319448e-09
2178,1.7921699516869821e-09
2179,1.7926392228935634e-09
2180,1.792294238392254e-09
2181,1.792593211047749e-09
2182,1.7923008267276887e-09
2183,1.7923181501808023e-09
2184,1.793331978656877e-09
2185,1.7927556974402962e-09
2186,1.7943943768651473e-09
2187,1.7941003019171864e-09
2188,1.7934605386910711e-09
2189,1.7934024786720206e-09
2190,1.7943975123307474e-09
2191,1.79410558140776e-09
2192,1.794199895094383e-09
2193,1.7927396038748416e-09
2194,1.7926747878604887e-09
2195,1.7931258248889062e-09
2196,1.792357312866765e-09
2197,1.7923639071321754e-09
2198,1.7925484702940923e-09
2199,1.792287566255086e-09
2200,1.7927209778729073e-09
2201,1.7924989518109734e-09
2202,1.792456945574006e-09
2203,1.7919609820201598e-09
2204,1.7921643090284368e-09
2205,1.7917383009333153e-09
2206,1.7929953645916824e-09
2207,1.7943078742098028e-09
2208,1.7941161659328963e-09
2209,1.7936885420980549e-09
2210,1.7935735064292416e-09
2211,1.7925368660191923e-09
2212,1.7933870010442117e-09
2213,1.7932160629038402e-09
2214,1.7927853901230864e-09
2215,1.7922023364839627e-09
2216,1.792952385755642e-09
2217,1.7925758248166556e-09
2218,1.791887553274708e-09
2219,1.7922808347779777e-09
2220,1.7917754158312298e-09
2221,1.7927167561462615e-09
2222,1.7922744227313515e-09
2223,1.7929054909339406e-09
2224,1.7930194401458806e-09
2225,1.793862073816273e-09
2226,1.7922918119089197e-09
2227,1.7918633018779892e-09
2228,1.7926371676470332e-09
2229,1.7926392211257181e-09
2230,1.7930671767209696e-09
2231,1.7929588075782824e-09
2232,1.7927242000540594e-09
2233,1.7929365011736408e-09
2234,1.792812118123962e-09
2235,1.7927022810011097e-09
2236,1.7918991459036169e-09
2237,1.7926576036174173e-09
2238,1.7925631024974903e-09
2239,1.7927352275898563e-09
2240,1.7916076497165468e-09
2241,1.7915746897802266e-09
2242,1.792032222948967e-09
2243,1.7925979701443497e-09
2244,1.792600365912397e-09
2245,1.792832589717804e-09
2246,1.792768809368852e-09
2247,1.7926719418129515e-09
2248,1.7927469419036504e-09
2249,1.792748571517869e-09
2250,1.7927294305240659e-09
2251,1.794231263559899e-09
2252,1.794620171715222e-09
2253,1.7949262381758921e-09
2254,1.7944489854987273e-09
2255,1.794440927934294e-09
2256,1.7937454787983577e-09
2257,1.793435488864717e-09
2258,1.7924740007370942e-09
2259,1.7925638581694647e-09
2260,1.7925927764869539e-09
2261,1.792718142349111e-09
2262,1.7925768100809031e-09
2263,1.7910266104907292e-09
2264,1.7911384893758029e-09
2265,1.7916650747865214e-09
2266,1.7909704760426171e-09
2267,1.7913913708704313e-09
2268,1.7915695261705575e-09
2269,1.7912348191159739e-09
2270,1.7915139595188692e-09
2271,1.791657186655769e-09
2272,1.7915025884549735e-09
2273,1.791741946034359e-09
2274,1.7921165533952775e-09
2275,1.7925288621439435e-09
2276,1.7927464856709316e-09
2277,1.7928351898820619e-09
2278,1.7923351776192157e-09
2279,1.7929106654228925e-09
2280,1.7929454847390673e-09
2281,1.7925988558915964e-09
2282,1.7929861280187556e-09
2283,1.7926150425150917e-09
2284,1.7923388536776312e-09
2285,1.7934057701274597e-09
2286,1.794308959192913e-09
2287,1.792981593834576e-09
2288,1.792324035122935e-09
2289,1.7927551771498975e-09
2290,1.7931129513343773e-09
2291,1.7918354511629618e-09
2292,1.7925164587733378e-09
2293,1.7921604596965156e-09
2294,1.7922252989024751e-09
2295,1.7928706848301466e-09
2296,1.7918897942272993e-09
2297,1.7919441732946044e-09
2298,1.7923373085073262e-09
2299,1.7920518888126618e-09
2300,1.7923333818097081e-09
2301,1.79352327362052e-09
2302,1.7921939072141296e-09
2303,1.7919417987034034e-09
2304,1.7924786113044632e-09
2305,1.7920639835223806e-09
2306,1.7918497850175562e-09
2307,1.7916048856375493e-09
2308,1.791432566360922e-09
2309,1.7922541435631848e-09
2310,1.7918581352776964e-09
2311,1.7930728723983747e-09
2312,1.7938257328284657e-09
2313,1.7938921921042182e-09
2314,1.7945185915013188e-09
2315,1.7948305810258202e-09
2316,1.794298167343825e-09
2317,1.794415858963156e-09
2318,1.7927830298919429e-09
2319,1.7937062209836858e-09
2320,1.7943090914689986e-09
2321,1.793878026424424e-09
2322,1.7941063327987862e-09
2323,1.7941237125464412e-09
2324,1.793711362253158e-09
2325,1.7945263544792594e-09
2326,1.7945040340642729e-09
2327,1.794544190838295e-09
2328,1.7941536422761388e-09
2329,1.7932786315658607e-09
2330,1.7926888637656883e-09
2331,1.7925417732979105e-09
2332,1.7930093876740173e-09
2333,1.7928777723942707e-09
2334,1.7929817866920035e-09
2335,1.7926547378780756e-09
2336,1.7938961337025552e-09
2337,1.7938814689086224e-09
2338,1.7933097286690262e-09
2339,1.793443321821287e-09
2340,1.7936192730827594e-09
2341,1.7933010549719028e-09
2342,1.7925093311432827e-09
2343,1.7924318477560957e-09
2344,1.7924442993924888e-09
2345,1.7926934647843749e-09
2346,1.7929877981235645e-09
2347,1.7924660552612125e-09
2348,1.793110425601752e-09
2349,1.7925681339573912e-09
2350,1.7928893029509517e-09
2351,1.792292395177498e-09
2352,1.7925689711492691e-09
2353,1.7926152916567665e-09
2354,1.7931091909432952e-09
2355,1.7925818604642275e-09
2356,1.7928920404284868e-09
2357,1.79408353245359e-09
2358,1.7934147397287302e-09
2359,1.7937888747825714e-09
2360,1.7928338921839556e-09
2361,1.7935942530683877e-09
2362,1.7925005196926813e-09
2363,1.7934353310687743e-09
2364,1.793763172257745e-09
2365,1.7940121470028262e-09
2366,1.7944010445419083e-09
2367,1.7926511907839996e-09
2368,1.7926858248305893e-09
2369,1.7938335259129e-09
2370,1.7928998651747169e-09
2371,1.7936070190917569e-09
2372,1.7922922287139222e-09
2373,1.7929619659402144e-09
2374,1.7928865116875545e-09
2375,1.7936925354823737e-09
2376,1.7930590489981477e-09
2377,1.7932465884203531e-09
2378,1.793179045481355e-09
2379,1.7936834145739852e-09
2380,1.794059941946788e-09
2381,1.7924453405676929e-09
2382,1.7913493491882017e-09
2383,1.7928883632038313e-09
2384,1.7932299253310945e-09
2385,1.7929865333328187e-09
2386,1.7940115553760635e-09
2387,1.7938184026882148e-09
2388,1.792565618370177e-09
2389,1.7930781653446884e-09
2390,1.7936085757169248e-09
2391,1.7934357267477671e-09
2392,1.792660638833007e-09
2393,1.7922669907063774e-09
2394,1.7929514996807552e-09
2395,1.7926299259144325e-09
2396,1.793014008147685e-09
2397,1.7924522218301376e-09
2398,1.7916607805254458e-09
2399,1.7920499323575803e-09
2400,1.7907659391809809e-09
2401,1.7909346250194935e-09
2402,1.7923961656321022e-09
2403,1.792716084423338e-09
2404,1.7930484152915996e-09
2405,1.7945976209002917e-09
2406,1.7947736887227793e-09
2407,1.7943047278644948e-09
2408,1.7935653596860118e-09
2409,1.793497745670985e-09
2410,1.7939432906869992e-09
2411,1.7936024625902717e-09
2412,1.7945869496517462e-09
2413,1.7939897995980236e-09
2414,1.7934981452550206e-09
2415,1.7935163451119889e-09
2416,1.7927328428582367e-09
2417,1.7921787065375813e-09
2418,1.7933760831165758e-09
2419,1.7928328841797113e-09
2420,1.7922043578672782e-09
2421,1.7920071889330778e-09
2422,1.7927271303124455e-09
2423,1.7922184923765488e-09
2424,1.791062232851451e-09
2425,1.7908490627181188e-09
2426,1.7923174463527207e-09
2427,1.791748218342726e-09
2428,1.7925990786326823e-09
2429,1.7923922882249413e-09
2430,1.7936470036043915e-09
2431,1.7936655551394068e-09
2432,1.793026098243587e-09
2433,1.7923773418931156e-09
2434,1.79235353023317e-09
2435,1.7905831704531238e-09
2436,1.7910848981254252e-09
2437,1.7910500095381995e-09
2438,1.7911691931201423e-09
2439,1.7919791184068907e-09
2440,1.7909623825803337e-09
2441,1.7910440690904347e-09
2442,1.7920249918579441e-09
2443,1.7920091414123034e-09
2444,1.7918067998572463e-09
2445,1.790889190948331e-09
2446,1.791807752607096e-09
2447,1.7917413581391029e-09
2448,1.7924328174905778e-09
2449,1.792283146642543e-09
2450,1.7918818952074537e-09
2451,1.792134819547935e-09
2452,1.792569867059439e-09
2453,1.793457978319836e-09
2454,1.7933047732468356e-09
2455,1.7936365513625333e-09
2456,1.7930263543004914e-09
2457,1.792248823216493e-09
2458,1.792719876656092e-09
2459,1.792735602216412e-09
2460,1.7919822661011425e-09
2461,1.7924213639971927e-09
2462,1.7920528858146246e-09
2463,1.7922791156583733e-09
2464,1.7926750550524936e-09
2465,1.7929758423084647e-09
2466,1.792676415420106e-09
2467,1.792574152684088e-09
2468,1.7928643009293325e-09
2469,1.7933596038517297e-09
2470,1.7924699381028698e-09
2471,1.7928790559910171e-09
2472,1.792855529409633e-09
2473,1.7929003934014076e-09
2474,1.7940824116060612e-09
2475,1.7937370749833426e-09
2476,1.7935054625428922e-09
2477,1.7930514375002975e-09
2478,1.7925525778388714e-09
2479,1.7921647495604354e-09
2480,1.7918533016580728e-09
2481,1.7919010884772214e-09
2482,1.7926773611773134e-09
2483,1.792562355202866e-09
2484,1.7931954411710037e-09
2485,1.7943560041452258e-09
2486,1.7943580038461528e-09
2487,1.7950285262524876e-09
2488,1.7952509677758238e-09
2489,1.7941826036674927e-09
2490,1.794958215744141e-09
2491,1.7932837008420692e-09
2492,1.7934512087240905e-09
2493,1.7951724669587162e-09
2494,1.7953818549203077e-09
2495,1.7959651731645382e-09
2496,1.7951646211795148e-09
2497,1.7952907808359794e-09
2498,1.7953947630524378e-09
2499,1.795429287119197e-09
2500,1.7967110971185877e-09
2501,1.7960930051949164e-09
2502,1.7961414997324696e-09
2503,1.7958520771546047e-09
2504,1.7956879611896874e-09
2505,1.7958193339552748e-09
2506,1.794200423761249e-09
2507,1.7951557379721567e-09
2508,1.7936707515254368e-09
2509,1.7938212002492296e-09
2510,1.7939875527187836e-09
2511,1.7933161595763109e-09
2512,1.7926701090788368e-09
2513,1.7927457136370128e-09
2514,1.792234880023658e-09
2515,1.7924145526573984e-09
2516,1.7927075939867826e-09
2517,1.7931637038623362e-09
2518,1.7925122870873663e-09
2519,1.7938299480337656e-09
2520,1.7924060247257758e-09
2521,1.7916659583351529e-09
2522,1.791352399381828e-09
2523,1.7915913472685504e-09
2524,1.7916352883682662e-09
2525,1.7925218252602239e-09
2526,1.792373493679218e-09
2527,1.7926414405433153e-09
2528,1.7919221070170738e-09
2529,1.7924383286598961e-09
2530,1.7928151569155442e-09
2531,1.7922335952142277e-09
2532,1.7930310568008574e-09
2533,1.7926733861824667e-09
2534,1.7938471876616006e-09
2535,1.793409328356512e-09
2536,1.7936666028393806e-09
2537,1.792791663688406e-09
2538,1.7931447695977878e-09
2539,1.7927928197174412e-09
2540,1.7930261423493432e-09
2541,1.793443802620491e-09
2542,1.7925756327945106e-09
2543,1.792970116993377e-09
2544,1.7937820362558918e-09
2545,1.7941731778441865e-09
2546,1.794107940068591e-09
2547,1.7941226437842477e-09
2548,1.7932437318551146e-09
2549,1.793651092383712e-09
2550,1.7930867063031862e-09
2551,1.7932368692698984e-09
2552,1.7939446765589463e-09
2553,1.7944653396322155e-09
2554,1.793669904991792e-09
2555,1.7926446287565216e-09
2556,1.7937350691712569e-09
2557,1.7931967664809134e-09
2558,1.794403845469988e-09
2559,1.7931242696060125e-09
2560,1.7936985012643806e-09
2561,1.7941693276440055e-09
2562,1.793399775126508e-09
2563,1.7940893899664276e-09
2564,1.793042502332507e-09
2565,1.7927909548322953e-09
2566,1.792228296643396e-09
2567,1.7934855721103548e-09
2568,1.7924949857501584e-09
2569,1.7917336858210555e-09
2570,1.7919062429706962e-09
2571,1.7921848114475795e-09
2572,1.791794327509723e-09
2573,1.7913250473142615e-09
2574,1.7911899197638194e-09
2575,1.7917785337380257e-09
2576,1.7927192606409432e-09
2577,1.7934849001133508e-09
2578,1.7934846618238662e-09
2579,1.7943305933532515e-09
2580,1.7943776994012826e-09
2581,1.7923926898927044e-09
2582,1.7920849801336568e-09
2583,1.7916329855973554e-09
2584,1.7911164789688265e-09
2585,1.7912765144756042e-09
2586,1.7917405437662247e-09
2587,1.791436572524465e-09
2588,1.7918271982511877e-09
2589,1.790959593766677e-09
2590,1.792356380700389e-09
2591,1.7939713725904435e-09
2592,1.7938250498031398e-09
2593,1.7934946512682666e-09
2594,1.7937615026497603e-09
2595,1.7942611037276616e-09
2596,1.7951486847540329e-09
2597,1.795556317343567e-09
2598,1.7948311775734286e-09
2599,1.7960024978708013e-09
2600,1.7960994528497944e-09
2601,1.795728773805231e-09
2602,1.7947528935907996e-09
2603,1.7944480040578684e-09
2604,1.7944180966165289e-09
2605,1.794772352102121e-09
2606,1.7934155775894416e-09
2607,1.7933783018681567e-09
2608,1.7941620696210558e-09
2609,1.7951581868845018e-09
2610,1.7948790844591627e-09
2611,1.7953045252400428e-09
2612,1.7958123772012744e-09
2613,1.7946210321290336e-09
2614,1.7951193859324887e-09
2615,1.795055825074864e-09
2616,1.7965777732807956e-09
2617,1.795231659523522e-09
2618,1.7946165084819132e-09
2619,1.7942923055070837e-09
2620,1.7948855101621386e-09
2621,1.7942780267672918e-09
2622,1.7941786980306268e-09
2623,1.793985093303974e-09
2624,1.7946669351304872e-09
2625,1.7943045798002533e-09
2626,1.794177605123803e-09
2627,1.7931120737159202e-09
2628,1.7931994049751812e-09
2629,1.793961680647335e-09
2630,1.7935433011408303e-09
2631,1.7936432081107206e-09
2632,1.7937012260641696e-09
2633,1.7940327632157876e-09
2634,1.7932981400264646e-09
2635,1.7933865598413593e-09
2636,1.7935003163726617e-09
2637,1.793807825013627e-09
2638,1.7930818801059656e-09
2639,1.7941089014737525e-09
2640,1.793810970905735e-09
2641,1.7935945588016747e-09
2642,1.7935439254398622e-09
2643,1.7947844545916652e-09
2644,1.7947163221456783e-09
2645,1.7947539197155964e-09
2646,1.7932546586754022e-09
2647,1.7927867956649644e-09
2648,1.7918609036279004e-09
2649,1.791411246031047e-09
2650,1.7916993528650769e-09
2651,1.791968776867856e-09
2652,1.7928862068056711e-09
2653,1.7935438882406937e-09
2654,1.792397470289567e-09
2655,1.7928085477529728e-09
2656,1.792391107813975e-09
2657,1.791827124851981e-09
2658,1.7927693323713582e-09
2659,1.7914437957131772e-09
2660,1.791173457433908e-09
2661,1.7919267543113322e-09
2662,1.7918006492545847e-09
2663,1.7921050743661474e-09
2664,1.792747142485833e-09
2665,1.79293262463079e-09
2666,1.7937843486625614e-09
2667,1.7935247734391459e-09
2668,1.793634103015945e-09
2669,1.7949787768227377e-09
2670,1.7933365594090203e-09
2671,1.793956545576472e-09
2672,1.7942589694195725e-09
2673,1.7934531372762071e-09
2674,1.7926096969418347e-09
2675,1.7922014982273992e-09
2676,1.7927078663997095e-09
2677,1.791909545387307e-09
2678,1.7922050762722464e-09
2679,1.7926708072397718e-09
2680,1.7933067110443063e-09
2681,1.7931313213648981e-09
2682,1.7938314859493702e-09
2683,1.7935091476883001e-09
2684,1.7931810381215534e-09
2685,1.7947782388459353e-09
2686,1.7939850887142873e-09
2687,1.7938429261403683e-09
2688,1.7933344805596623e-09
2689,1.7928264093107946e-09
2690,1.7915563667323174e-09
2691,1.7913306282242428e-09
2692,1.791321807671381e-09
2693,1.792991304356129e-09
2694,1.7929418087759005e-09
2695,1.7929412727565602e-09
2696,1.793435490479855e-09
2697,1.7934726096982388e-09
2698,1.7930846568104437e-09
2699,1.792238464234491e-09
2700,1.7934581392327994e-09
2701,1.7943991126096379e-09
2702,1.794537443655017e-09
2703,1.7951147789704342e-09
2704,1.7946742237397859e-09
2705,1.7952651035773901e-09
2706,1.7951008553306091e-09
2707,1.7946714477767654e-09
2708,1.7942358246003966e-09
2709,1.7934295596290918e-09
2710,1.7936742945260231e-09
2711,1.7950872314357474e-09
2712,1.7949552182826512e-09
2713,1.79455774323685e-09
2714,1.7937098098752413e-09
2715,1.7929115406635062e-09
2716,1.793050460991505e-09
2717,1.7929974259738403e-09
2718,1.7945060517759514e-09
2719,1.7938812071924882e-09
2720,1.7941799675940579e-09
2721,1.7931616454830497e-09
2722,1.793446022816627e-09
2723,1.7929557805897465e-09
2724,1.7939431037709475e-09
2725,1.7934175941489318e-09
2726,1.7934569381190663e-09
2727,1.7930136478201319e-09
2728,1.7931796703282943e-09
2729,1.7924003460543018e-09
2730,1.7918104277287627e-09
2731,1.7926447277923754e-09
2732,1.7935888956074659e-09
2733,1.7938649369138e-09
2734,1.7938406372092676e-09
2735,1.7933263727374111e-09
2736,1.7935988976549543e-09
2737,1.7929560593270871e-09
2738,1.79306396351494e-09
2739,1.7937047856946214e-09
2740,1.793225429934772e-09
2741,1.7939571407567507e-09
2742,1.794047488775385e-09
2743,1.793976408129834e-09
2744,1.7933678576160084e-09
2745,1.7922655188347227e-09
2746,1.7933280977854612e-09
2747,1.7932621148503114e-09
2748,1.7941311663932768e-09
2749,1.7938428831119057e-09
2750,1.7932299378084064e-09
2751,1.7939672872935991e-09
2752,1.7939507284044256e-09
2753,1.7934297584083993e-09
2754,1.793223345617013e-09
2755,1.7941133187076292e-09
2756,1.7931359544358497e-09
2757,1.793255756816467e-09
2758,1.7936113705000093e-09
2759,1.7932138766386008e-09
2760,1.7939794259957605e-09
2761,1.7942101987192252e-09
2762,1.7934814165278581e-09
2763,1.7935679711353146e-09
2764,1.793931429952434e-09
2765,1.7931905267674898e-09
2766,1.7925727197752375e-09
2767,1.7927879371541764e-09
2768,1.7924346153664205e-09
2769,1.7927179883670592e-09
2770,1.7923946508702572e-09
2771,1.7918134798197344e-09
2772,1.7927034883805527e-09
2773,1.792703727131145e-09
2774,1.793998241665005e-09
2775,1.7921242796166016e-09
2776,1.7935068978819918e-09
2777,1.7934516267724778e-09
2778,1.7928771386905284e-09
2779,1.7933194727992264e-09
2780,1.7933360726945872e-09
2781,1.7949265098157878e-09
2782,1.7947204496629015e-09
2783,1.7939895403102413e-09
2784,1.794955782808725e-09
2785,1.7949240000650173e-09
2786,1.7943990448734407e-09
2787,1.7946421023735528e-09
2788,1.7939014664511213e-09
2789,1.793709683825891e-09
2790,1.7933377981453883e-09
2791,1.7932371875923825e-09
2792,1.7927085885381246e-09
2793,1.7929294307681347e-09
2794,1.7930759199014028e-09
2795,1.7921685214350776e-09
2796,1.7917971420345606e-09
2797,1.791722067563803e-09
2798,1.793129641666303e-09
2799,1.7929672664229456e-09
2800,1.7917103446480684e-09
2801,1.791614167630312e-09
2802,1.7928589799323994e-09
2803,1.7932438233510118e-09
2804,1.7927595628784293e-09
2805,1.7934227698591135e-09
2806,1.7923218145685798e-09
2807,1.7929145172171996e-09
2808,1.793409125181599e-09
2809,1.7929178984178332e-09
2810,1.79368342109622e-09
2811,1.7935551677885431e-09
2812,1.792864002131209e-09
2813,1.792650319841378e-09
2814,1.7943546022286433e-09
2815,1.7942653140706454e-09
2816,1.7931926371346448e-09
2817,1.793851661499615e-09
2818,1.7939794594758898e-09
2819,1.79414683540964e-09
2820,1.7941405157831062e-09
2821,1.7947051239531982e-09
2822,1.7945843003680753e-09
2823,1.7938099075724477e-09
2824,1.7933362512565357e-09
2825,1.7928103630378027e-09
2826,1.7931965439189758e-09
2827,1.793647155337801e-09
2828,1.7932275696265145e-09
2829,1.7938354963005483e-09
2830,1.7942513315635995e-09
2831,1.7944265789725718e-09
2832,1.7943869511377833e-09
2833,1.7930562186011244e-09
2834,1.7935827496141477e-09
2835,1.7935425609388357e-09
2836,1.7935465266699288e-09
2837,1.7939627497253145e-09
2838,1.7949478473954575e-09
2839,1.7938558544661282e-09
2840,1.794560481814339e-09
2841,1.794434942306138e-09
2842,1.7946018608980495e-09
2843,1.7944317806426203e-09
2844,1.7942723328768445e-09
2845,1.7941237712109648e-09
2846,1.7936349574161888e-09
2847,1.7932325427383845e-09
2848,1.7927212404093915e-09
2849,1.7944155885403026e-09
2850,1.793066053895924e-09
2851,1.7926353626454317e-09
2852,1.7925892951129498e-09
2853,1.7924823748468892e-09
2854,1.7918599834286301e-09
2855,1.7935461115145014e-09
2856,1.7919770888769808e-09
2857,1.791844236531692e-09
2858,1.793159462922062e-09
2859,1.7929672516387364e-09
2860,1.7940595835224052e-09
2861,1.793530113281563e-09
2862,1.7924859523462046e-09
2863,1.7912913055711536e-09
2864,1.7916209937267261e-09
2865,1.7919207866096087e-09
2866,1.7921925894541054e-09
2867,1.7924333845763548e-09
2868,1.7935931116996204e-09
2869,1.7937742412669909e-09
2870,1.7943883724074004e-09
2871,1.7942833139818036e-09
2872,1.793853931492983e-09
2873,1.7941038093266455e-09
2874,1.7931540097496946e-09
2875,1.7934637894071093e-09
2876,1.7938982088664624e-09
2877,1.7930228354080707e-09
2878,1.7937723540194212e-09
2879,1.792852448182944e-09
2880,1.7932534269374585e-09
2881,1.793690002951209e-09
2882,1.7940676556641385e-09
2883,1.7933632825132645e-09
2884,1.7929255058137282e-09
2885,1.7938195711527468e-09
2886,1.7932253855832184e-09
2887,1.7927982110192531e-09
2888,1.7928634618751534e-09
2889,1.7932404088141922e-09
2890,1.7935276982467766e-09
2891,1.793269869274257e-09
2892,1.7938459364452944e-09
2893,1.7946679253574708e-09
2894,1.7934092316359411e-09
2895,1.794678513538277e-09
2896,1.793958497624159e-09
2897,1.7938794422402822e-09
2898,1.7935839718724975e-09
2899,1.7935759438806414e-09
2900,1.7927514247650984e-09
2901,1.793426594184497e-09
2902,1.7934911579654804e-09
2903,1.7942462845636364e-09
2904,1.794949479803388e-09
2905,1.7943360631163193e-09
2906,1.7946136344953326e-09
2907,1.794143410497975e-09
2908,1.793355369898723e-09
2909,1.793362514928405e-09
2910,1.792900420790061e-09
2911,1.792830306740395e-09
2912,1.793121402898985e-09
2913,1.793763397957364e-09
2914,1.7945199557943608e-09
2915,1.7937417934248776e-09
2916,1.7937497194125489e-09
2917,1.7932775815792071e-09
2918,1.7940720834170613e-09
2919,1.7938982630828441e-09
2920,1.7944244030126938e-09
2921,1.794570155065955e-09
2922,1.7949981539865177e-09
2923,1.7944232370794476e-09
2924,1.7938270890968694e-09
2925,1.7938656304838023e-09
2926,1.7941645255148421e-09
2927,1.7931575466917336e-09
2928,1.7934225228639227e-09
2929,1.7941545765560122e-09
2930,1.7947364409754807e-09
2931,1.7939557577115227e-09
2932,1.7934810535947768e-09
2933,1.7940040343294912e-09
2934,1.7929407487537751e-09
2935,1.7933548692069826e-09
2936,1.7926239322660562e-09
2937,1.7923010432289136e-09
2938,1.7922607672932033e-09
2939,1.793226163912043e-09
2940,1.7927239155346684e-09
2941,1.7936379270371262e-09
2942,1.7922036477601097e-09
2943,1.792347705543878e-09
2944,1.7924387673383975e-09
2945,1.7912372236328835e-09
2946,1.7923167673799368e-09
2947,1.7921657954160218e-09
2948,1.7924232238518198e-09
2949,1.7930518750078945e-09
2950,1.7924454440513872e-09
2951,1.7927660869750662e-09
2952,1.7928450407607008e-09
2953,1.7923678911386875e-09
2954,1.7925173605803832e-09
2955,1.7925571899987116e-09
2956,1.792968893054785e-09
2957,1.7940895576262705e-09
2958,1.79302021787932e-09
2959,1.7937100692507786e-09
2960,1.7926088614027819e-09
2961,1.7928278277109362e-09
2962,1.7927963634780269e-09
2963,1.7927482218630458e-09
2964,1.792735603246984e-09
2965,1.7927263277850066e-09
2966,1.7936719719507216e-09
2967,1.7941548561102018e-09
2968,1.7928243071240913e-09
2969,1.7918489260240858e-09
2970,1.7920047025637368e-09
2971,1.792085528518946e-09
2972,1.7929702888917611e-09
2973,1.792864540523851e-09
2974,1.7928705087575142e-09
2975,1.793063049785349e-09
2976,1.7933254156049637e-09
2977,1.7929907601098466e-09
2978,1.793073373953403e-09
2979,1.7934267710987121e-09
2980,1.792394965153358e-09
2981,1.7936974622256915e-09
2982,1.7937592778861827e-09
2983,1.7927973196727342e-09
2984,1.7925487936390045e-09
2985,1.7924982170036215e-09
2986,1.793012747711332e-09
2987,1.7931081366768813e-09
2988,1.7940522876079962e-09
2989,1.7934335082764433e-09
2990,1.7924678217366534e-09
2991,1.7938645718007893e-09
2992,1.794823517299694e-09
2993,1.7949718375463625e-09
2994,1.7944822153662256e-09
2995,1.7933130394564137e-09
2996,1.7933789501372497e-09
2997,1.7924486299119601e-09
2998,1.792284000444449e-09
2999,1.7922261363891363e-09
3000,1.79297907227556e-09
3001,1.7925059496929845e-09
3002,1.793502788601892e-09
3003,1.7938832084210202e-09
3004,1.7936772421427564e-09
3005,1.7940276969030301e-09
3006,1.795184644589182e-09
3007,1.7944709998792728e-09
3008,1.7943926111791698e-09
3009,1.7925612064972473e-09
3010,1.7924153927661476e-09
3011,1.7923894633093672e-09
3012,1.7925592522361809e-09
3013,1.791870416668578e-09
3014,1.7916911344485522e-09
3015,1.7917250770242188e-09
3016,1.7916236065873477e-09
3017,1.7915537332953688e-09
3018,1.7919941518335054e-09
3019,1.7931340694481164e-09
3020,1.7922581734291214e-09
3021,1.7924640384030615e-09
3022,1.7921869952979012e-09
3023,1.7924225858092313e-09
3024,1.792392434285157e-09
3025,1.793870561094809e-09
3026,1.7930411571942727e-09
3027,1.792669699174859e-09
3028,1.7938211632144083e-09
3029,1.7938280856418244e-09
3030,1.7926913650134199e-09
3031,1.7925277385436225e-09
3032,1.79331285382073e-09
3033,1.79244716509583e-09
3034,1.7938494054074943e-09
3035,1.7935718630828637e-09
3036,1.7939267088892665e-09
3037,1.7941139700793573e-09
3038,1.7938596900733545e-09
3039,1.7938822207432391e-09
3040,1.7926915365827576e-09
3041,1.7925821234755064e-09
3042,1.7924150413129692e-09
3043,1.7922470235734246e-09
3044,1.7922256695794135e-09
3045,1.7918564139969191e-09
3046,1.7929413786267434e-09
3047,1.7920864768796262e-09
3048,1.7917534770604012e-09
3049,1.7926675994851783e-09
3050,1.7912114811817405e-09
3051,1.7916528893044227e-09
3052,1.7920855155323074e-09
3053,1.7920511939867067e-09
3054,1.7919427329152364e-09
3055,1.79302381738057e-09
3056,1.7927119948288871e-09
3057,1.792925140643153e-09
3058,1.7928586056865252e-09
3059,1.7927245831801653e-09
3060,1.7936426073943497e-09
3061,1.7937921963673486e-09
3062,1.794700218015961e-09
3063,1.7935857511140585e-09
3064,1.7939823206909086e-09
3065,1.7941331427175429e-09
3066,1.7945652424710691e-09
3067,1.7942238977296759e-09
3068,1.7934828091070083e-09
3069,1.7941440414716575e-09
3070,1.7950534869827664e-09
3071,1.7946959301079389e-09
3072,1.7948220001030417e-09
3073,1.7940801836111447e-09
3074,1.7929939424112884e-09
3075,1.7935879586085865e-09
3076,1.7948922371326438e-09
3077,1.7950078748449716e-09
3078,1.7939697760761435e-09
3079,1.7934983496507231e-09
3080,1.7932379540329682e-09
3081,1.7932365331900404e-09
3082,1.7942914825232865e-09
3083,1.7934955725398796e-09
3084,1.794215621940747e-09
3085,1.792924255089208e-09
3086,1.7921473222616695e-09
3087,1.7923473997275492e-09
3088,1.7925657190059054e-09
3089,1.7926511011774727e-09
3090,1.7931370142422016e-09
3091,1.7943713166515644e-09
3092,1.7953662324828495e-09
3093,1.7949121890441316e-09
3094,1.7955428733560417e-09
3095,1.7962173858659994e-09
3096,1.794273414119957e-09
3097,1.7962017856691462e-09
3098,1.7960838182851348e-09
3099,1.7951805388182686e-09
3100,1.7935912693970605e-09
3101,1.7931533365605248e-09
3102,1.7931848058696675e-09
3103,1.792808673275651e-09
3104,1.7917632057869878e-09
3105,1.7926712802535386e-09
3106,1.7920212677460547e-09
3107,1.7914085083011932e-09
3108,1.7910333108650095e-09
3109,1.7914900893104637e-09
3110,1.7914403715918069e-09
3111,1.7921769987828519e-09
3112,1.7913882806132768e-09
3113,1.7920825274440075e-09
3114,1.7924074128686905e-09
3115,1.7926667617055296e-09
3116,1.7912824557005133e-09
3117,1.7921229649996932e-09
3118,1.7918797068432029e-09
3119,1.7930921505077509e-09
3120,1.7923533479148511e-09
3121,1.7924537869330578e-09
3122,1.7922782810522818e-09
3123,1.7929142775777538e-09
3124,1.7940839156370503e-09
3125,1.794959061115666e-09
3126,1.793534401317968e-09
3127,1.7933340448154924e-09
3128,1.793048872253556e-09
3129,1.7930109134269575e-09
3130,1.7932027935764823e-09
3131,1.793875144806012e-09
3132,1.7939297382388292e-09
3133,1.7930443542732872e-09
3134,1.7927627987143454e-09
3135,1.7929957615594994e-09
3136,1.7933279562083667e-09
3137,1.7941318667327401e-09
3138,1.794614964499057e-09
3139,1.7937447792017286e-09
3140,1.7937682967091912e-09
3141,1.7939365372067699e-09
3142,1.7930532271522513e-09
3143,1.7934543179870294e-09
3144,1.7935042546724134e-09
3145,1.793232579246191e-09
3146,1.7942557800309423e-09
3147,1.7948103224208546e-09
3148,1.7945001498781429e-09
3149,1.793978885573447e-09
3150,1.7933492517678469e-09
3151,1.7944502592958876e-09
3152,1.7945698031986874e-09
3153,1.794434676201153e-09
3154,1.7946586226096175e-09
3155,1.7940412456478516e-09
3156,1.7940212637111084e-09
3157,1.7947281176578186e-09
3158,1.7938318491436772e-09
3159,1.7936885615546936e-09
3160,1.795100010609129e-09
3161,1.7938905375113051e-09
3162,1.7951125089500833e-09
3163,1.7949758552730612e-09
3164,1.7941668659820483e-09
3165,1.794081021886096e-09
3166,1.7938896136019392e-09
3167,1.7939656669331074e-09
3168,1.7934099946769934e-09
3169,1.7936032725130839e-09
3170,1.7939813996802538e-09
3171,1.7929858608464334e-09
3172,1.79439894265442e-09
3173,1.793876281463791e-09
3174,1.793823958806459e-09
3175,1.794511127414546e-09
3176,1.793761973174029e-09
3177,1.794360082985057e-09
3178,1.7935311930116249e-09
3179,1.7922416203976956e-09
3180,1.7915565268241662e-09
3181,1.7911452794452352e-09
3182,1.792012564079714e-09
3183,1.7918641140568624e-09
3184,1.7928377782821502e-09
3185,1.7925548325907656e-09
3186,1.7936996865012485e-09
3187,1.7941635395797705e-09
3188,1.7942905776395505e-09
3189,1.7937749086751624e-09
3190,1.7930036378283148e-09
3191,1.793670648896973e-09
3192,1.7938152722584849e-09
3193,1.7937815610940203e-09
3194,1.7940942835943247e-09
3195,1.794672269016548e-09
3196,1.7935279150541034e-09
3197,1.7947866067578002e-09
3198,1.794347992721325e-09
3199,1.794305924611938e-09
3200,1.7938945658409212e-09
3201,1.793808683092846e-09
3202,1.793672409487199e-09
3203,1.7939247691039761e-09
3204,1.7931745813864691e-09
3205,1.7936000674937951e-09
3206,1.793480404749014e-09
3207,1.7936610662666448e-09
3208,1.7931164147619016e-09
3209,1.7943885471747187e-09
3210,1.7934881767825697e-09
3211,1.7928353096561499e-09
3212,1.793649217972313e-09
3213,1.7925869331985594e-09
3214,1.792594487028329e-09
3215,1.7923444996308566e-09
3216,1.7925387977004525e-09
3217,1.7922626561371408e-09
3218,1.791558091533918e-09
3219,1.7923453664244001e-09
3220,1.7920944558856524e-09
3221,1.7925340014584876e-09
3222,1.7933036833561899e-09
3223,1.7924650228214966e-09
3224,1.7913955991527395e-09
3225,1.7919932475699338e-09
3226,1.7921678907985324e-09
3227,1.7922178713204084e-09
3228,1.793200241136296e-09
3229,1.7932056034643547e-09
3230,1.7925073235990435e-09
3231,1.7929110149056169e-09
3232,1.7933180525936837e-09
3233,1.793283707040993e-09
3234,1.7938509238810902e-09
3235,1.793254704249344e-09
3236,1.7926282793144152e-09
3237,1.7936265150856471e-09
3238,1.7928612032921734e-09
3239,1.7925957344498692e-09
3240,1.7921661209052263e-09
3241,1.7921004821938004e-09
3242,1.7937431588581748e-09
3243,1.7930530911552746e-09
3244,1.7931519619960207e-09
3245,1.7942295304664555e-09
3246,1.7941350863648733e-09
3247,1.7943385034190433e-09
3248,1.7934108539791184e-09
3249,1.7932769574000627e-09
3250,1.7931550004493002e-09
3251,1.7930780878738554e-09
3252,1.7925750003054227e-09
3253,1.79410628787309e-09
3254,1.7942391255359503e-09
3255,1.7943568687073205e-09
3256,1.7936602310393183e-09
3257,1.793548108013428e-09
3258,1.7925190056796415e-09
3259,1.792888614560681e-09
3260,1.7921767621824848e-09
3261,1.793503864080606e-09
3262,1.7931991915377506e-09
3263,1.7946895956181786e-09
3264,1.7945351733151532e-09
3265,1.7935146520114245e-09
3266,1.7928705520929036e-09
3267,1.7928063126480171e-09
3268,1.7923816619985719e-09
3269,1.7923717327879468e-09
3270,1.791975700198692e-09
3271,1.7914518390619521e-09
3272,1.7923556678349304e-09
3273,1.7929371220436264e-09
3274,1.7925203975183499e-09
3275,1.792544998301827e-09
3276,1.792866103141668e-09
3277,1.793052261282767e-09
3278,1.792541930700366e-09
3279,1.792829591042694e-09
3280,1.7930511169970148e-09
3281,1.7929662357596425e-09
3282,1.793427682565857e-09
3283,1.794039008530655e-09
3284,1.7940040246512785e-09
3285,1.7959874808245732e-09
3286,1.7948024776136283e-09
3287,1.794592787854287e-09
3288,1.7940881973376745e-09
3289,1.7931371866782306e-09
3290,1.7929265487052312e-09
3291,1.7927244746322497e-09
3292,1.7932157355956226e-09
3293,1.7936175333668474e-09
3294,1.7921237638080467e-09
3295,1.7918246834217187e-09
3296,1.7913393711417671e-09
3297,1.7918098387599737e-09
3298,1.7918996674920525e-09
3299,1.792119874435989e-09
3300,1.7918000288491143e-09
3301,1.7919496141822092e-09
3302,1.790820260200363e-09
3303,1.7911704722435375e-09
3304,1.791523288095145e-09
3305,1.791434468822137e-09
3306,1.791346402698374e-09
3307,1.7912259445237628e-09
3308,1.7924500642112822e-09
3309,1.7928474699089106e-09
3310,1.7925653722888214e-09
3311,1.792557566641677e-09
3312,1.7928708382314337e-09
3313,1.7925248430774072e-09
3314,1.7934550436399698e-09
3315,1.7923969316103007e-09
3316,1.7932286441327254e-09
3317,1.7931334762688378e-09
3318,1.7919475374424618e-09
3319,1.7921458129581679e-09
3320,1.7927075236360554e-09
3321,1.7923747085699019e-09
3322,1.793171930138899e-09
3323,1.7935366594332657e-09
3324,1.7934160220933107e-09
3325,1.7945485315429347e-09
3326,1.7931853341069228e-09
3327,1.7935464744099216e-09
3328,1.7932933398585251e-09
3329,1.7935542166996193e-09
3330,1.7920997140033178e-09
3331,1.7934272969151588e-09
3332,1.7938814028866542e-09
3333,1.7939707101881106e-09
3334,1.7937369230544138e-09
3335,1.7941887755913748e-09
3336,1.7939959279539204e-09
3337,1.7942137140725712e-09
3338,1.7943722970671848e-09
3339,1.7951972863018032e-09
3340,1.7934774077851393e-09
3341,1.7933984504792957e-09
3342,1.794569062778601e-09
3343,1.7944295226864286e-09
3344,1.792898154061139e-09
3345,1.7939086776380223e-09
3346,1.7952626541117259e-09
3347,1.794736845484952e-09
3348,1.7931570203250623e-09
3349,1.7944001200309697e-09
3350,1.7953421665362855e-09
3351,1.7941097729178007e-09
3352,1.7924070973241186e-09
3353,1.7920238262962457e-09
3354,1.7920146645415898e-09
3355,1.7919981401450333e-09
3356,1.792175055469115e-09
3357,1.7921989180326494e-09
3358,1.7922480984543575e-09
3359,1.7926220644429114e-09
3360,1.7914819123767506e-09
3361,1.792222482883984e-09
3362,1.7918345068602704e-09
3363,1.7921300810246268e-09
3364,1.7921850033336442e-09
3365,1.7921999259212084e-09
3366,1.7931691031043169e-09
3367,1.793017890819676e-09
3368,1.7925899330092612e-09
3369,1.7920442946400444e-09
3370,1.7932793149699295e-09
3371,1.7936077649993526e-09
3372,1.791326826442231e-09
3373,1.7916991604226615e-09
3374,1.7914953609916234e-09
3375,1.7919321257253562e-09
3376,1.792938664014575e-09
3377,1.7932631635760537e-09
3378,1.7940187230691636e-09
3379,1.7943146150020191e-09
3380,1.7937789609045496e-09
3381,1.794092371500837e-09
3382,1.794171517491047e-09
3383,1.7937048535783412e-09
3384,1.7934029603262758e-09
3385,1.7931946797737095e-09
3386,1.7942780474832314e-09
3387,1.7952220569584197e-09
3388,1.7948035055093839e-09
3389,1.7945351869318826e-09
3390,1.7947917383983712e-09
3391,1.7937352472121095e-09
3392,1.7935835173661584e-09
3393,1.7938242319467306e-09
3394,1.7934512870838566e-09
3395,1.7925696404983263e-09
3396,1.793658581269318e-09
3397,1.7934470189912772e-09
3398,1.7933572631596894e-09
3399,1.7933470687463439e-09
3400,1.7933852675798819e-09
3401,1.7934346071861466e-09
3402,1.793802718564121e-09
3403,1.7938434474476064e-09
3404,1.794455560379315e-09
3405,1.7949359605474523e-09
3406,1.7936887968336457e-09
3407,1.7937706176918962e-09
3408,1.7949600392594293e-09
3409,1.7949267128026564e-09
3410,1.7946989600352972e-09
3411,1.7943252375428152e-09
3412,1.7930495636473762e-09
3413,1.793396533359918e-09
3414,1.7933843676702244e-09
3415,1.793413833473563e-09
3416,1.7938092152672498e-09
3417,1.794572245306271e-09
3418,1.795221106907036e-09
3419,1.7953946750449053e-09
3420,1.7951400892778503e-09
3421,1.794018288958292e-09
3422,1.793406971713438e-09
3423,1.792490412361653e-09
3424,1.792380350769675e-09
3425,1.7922011264359713e-09
3426,1.7928894606526553e-09
3427,1.7929960099334466e-09
3428,1.7938464086423283e-09
3429,1.7936650755995268e-09
3430,1.7938454697785638e-09
3431,1.7938739119583453e-09
3432,1.7929016511257072e-09
3433,1.7941595420654805e-09
3434,1.7937666684336038e-09
3435,1.7942065617309035e-09
3436,1.7935956333430354e-09
3437,1.7935537810274321e-09
3438,1.7930016811501414e-09
3439,1.7922034901339093e-09
3440,1.792780795596032e-09
3441,1.7936019643117006e-09
3442,1.7934167166738644e-09
3443,1.7928698362819989e-09
3444,1.7932770974713282e-09
3445,1.792890666565907e-09
3446,1.793471574801679e-09
3447,1.792930863620553e-09
3448,1.7921096156653088e-09
3449,1.7931959896884278e-09
3450,1.7927263249416674e-09
3451,1.7937885781428413e-09
3452,1.7936691354502326e-09
3453,1.7942193782049488e-09
3454,1.7942527182193527e-09
3455,1.7938901775764663e-09
3456,1.7930947890947235e-09
3457,1.7936102203932337e-09
3458,1.793524827443207e-09
3459,1.792880882189079e-09
3460,1.7930518063728704e-09
3461,1.7942793642284416e-09
3462,1.7933787939852603e-09
3463,1.7930084428573698e-09
3464,1.7930777701602056e-09
3465,1.793700863286459e-09
3466,1.7937680000218854e-09
3467,1.7948701319675804e-09
3468,1.7947768023744072e-09
3469,1.7937089791872092e-09
3470,1.7925379212364633e-09
3471,1.7923750073449288e-09
3472,1.7926526252381712e-09
3473,1.7940967152431888e-09
3474,1.795514331245073e-09
3475,1.7957640241128881e-09
3476,1.7947887239502583e-09
3477,1.7953969766072947e-09
3478,1.7951519725884306e-09
3479,1.7941070905780127e-09
3480,1.7940305924685239e-09
3481,1.7944198362329095e-09
3482,1.793785522696635e-09
3483,1.792586591111173e-09
3484,1.7935002607006633e-09
3485,1.7925826954043585e-09
3486,1.7935713340165638e-09
3487,1.7928581019516462e-09
3488,1.7930916129103208e-09
3489,1.7941447526948194e-09
3490,1.794163675226367e-09
3491,1.7940898325716012e-09
3492,1.793073209151309e-09
3493,1.7914999990452196e-09
3494,1.792476003420481e-09
3495,1.7921624352467382e-09
3496,1.7926823504900948e-09
3497,1.7929913078012558e-09
3498,1.7932372372377331e-09
3499,1.7930880757225707e-09
3500,1.7926176026667788e-09
3501,1.791593005278559e-09
3502,1.7914300203809423e-09
3503,1.7924638803153078e-09
3504,1.7935636384199844e-09
3505,1.7930481491891398e-09
3506,1.7942535404218877e-09
3507,1.7928132713616253e-09
3508,1.79350965398841e-09
3509,1.7927621175326969e-09
3510,1.7933115343391788e-09
3511,1.7929527671301209e-09
3512,1.7932702199517633e-09
3513,1.7932370083286084e-09
3514,1.7940489275254958e-09
3515,1.7933218626427471e-09
3516,1.7932630406224083e-09
3517,1.7941330011290505e-09
3518,1.7938469302616982e-09
3519,1.7934680739014026e-09
3520,1.7941456733721742e-09
3521,1.7951049850382481e-09
3522,1.7943499261016533e-09
3523,1.7937327935656456e-09
3524,1.7934891555822436e-09
3525,1.7942802087181309e-09
3526,1.7946298872340962e-09
3527,1.7942705876746512e-09
3528,1.7943586911549703e-09
3529,1.7934435770644685e-09
3530,1.7940294034051747e-09
3531,1.7944838083088218e-09
3532,1.7946738695051452e-09
3533,1.7946751525104451e-09
3534,1.79358392574571e-09
3535,1.7946926387344034e-09
3536,1.7945911789025524e-09
3537,1.7952917017729676e-09
3538,1.7947077639036325e-09
3539,1.7947068094146055e-09
3540,1.7939909249060234e-09
3541,1.7938206486885646e-09
3542,1.7932104686399501e-09
3543,1.7923874966373579e-09
3544,1.7933578312065698e-09
3545,1.7931470212196676e-09
3546,1.7932577683918766e-09
3547,1.7936450729001505e-09
3548,1.7937630904361762e-09
3549,1.7934515285296416e-09
3550,1.7939905205283707e-09
3551,1.7947258095958545e-09
3552,1.7932463915070915e-09
3553,1.7944003154127792e-09
3554,1.7937428113954774e-09
3555,1.7938767891253905e-09
3556,1.7946721719527217e-09
3557,1.79355985266315e-09
3558,1.7945183347819784e-09
3559,1.7933795976183573e-09
3560,1.7945289739314292e-09
3561,1.7941691908821545e-09
3562,1.7953297802296471e-09
3563,1.7954944733724915e-09
3564,1.795321126224604e-09
3565,1.7963760528615227e-09
3566,1.796179881159986e-09
3567,1.7958263272843433e-09
3568,1.7954298642344419e-09
3569,1.795256320657217e-09
3570,1.7940793548082012e-09
3571,1.7936336876188895e-09
3572,1.794202190574821e-09
3573,1.7945403417496892e-09
3574,1.7945576197142517e-09
3575,1.7936205777911192e-09
3576,1.794348091552528e-09
3577,1.7946476338400042e-09
3578,1.793983877250872e-09
3579,1.7944785147553211e-09
3580,1.79340031615796e-09
3581,1.793334954396807e-09
3582,1.792808343097156e-09
3583,1.7934875315566254e-09
3584,1.793869835994776e-09
3585,1.792879606607947e-09
3586,1.792351192263455e-09
3587,1.7924414893230061e-09
3588,1.7921542678058007e-09
3589,1.7929400818652428e-09
3590,1.7918510123530622e-09
3591,1.7919185462042401e-09
3592,1.7928084588894597e-09
3593,1.791553649711004e-09
3594,1.7917752527791607e-09
3595,1.7921022804348208e-09
3596,1.792030725463466e-09
3597,1.7925862743440433e-09
3598,1.7921837250426073e-09
3599,1.7923858086035272e-09
3600,1.793399065881931e-09
3601,1.7928054646153022e-09
3602,1.794408663470541e-09
3603,1.7929196145400808e-09
3604,1.793438286063575e-09
3605,1.7938484020077329e-09
3606,1.7940297706071831e-09
3607,1.7940892730269008e-09
3608,1.795156802882973e-09
3609,1.7952970372547357e-09
3610,1.7951077319553551e-09
3611,1.7957359608929585e-09
3612,1.7953858684530942e-09
3613,1.7946530182921775e-09
3614,1.7948049235298994e-09
3615,1.7945448616220086e-09
3616,1.7947128057968556e-09
3617,1.7940549235197048e-09
3618,1.7935121770894109e-09
3619,1.793920751891796e-09
3620,1.7934732974802257e-09
3621,1.7935963126264111e-09
3622,1.7932759842525115e-09
3623,1.7924650284414434e-09
3624,1.7926353424465015e-09
3625,1.7937771966361562e-09
3626,1.794254751996398e-09
3627,1.7944201895113124e-09
3628,1.7936397465606553e-09
3629,1.7931478156863726e-09
3630,1.7935017282191464e-09
3631,1.7932085684010885e-09
3632,1.7943946391101007e-09
3633,1.794134526872077e-09
3634,1.7940867514795268e-09
3635,1.794075103432019e-09
3636,1.7932748623884721e-09
3637,1.7945973057918837e-09
3638,1.794663523344865e-09
3639,1.7949083013383e-09
3640,1.794712101050481e-09
3641,1.7942745110562731e-09
3642,1.7942661640313614e-09
3643,1.7935243704562276e-09
3644,1.7934579484238742e-09
3645,1.7932616156712992e-09
3646,1.79255318738474e-09
3647,1.7931371645554503e-09
3648,1.7936639831622812e-09
3649,1.7931459620375538e-09
3650,1.7924247238333411e-09
3651,1.7930706024941258e-09
3652,1.7944606943418706e-09
3653,1.793912069574657e-09
3654,1.7945741161468412e-09
3655,1.7942550544441193e-09
3656,1.7943607249378723e-09
3657,1.7938676274606297e-09
3658,1.7926207740441698e-09
3659,1.7935435939752795e-09
3660,1.7933896319655008e-09
3661,1.794001417787802e-09
3662,1.7955037913554072e-09
3663,1.7948945942108402e-09
3664,1.7952657630270942e-09
3665,1.7943893998539392e-09
3666,1.7946485097581595e-09
3667,1.79463798522728e-09
3668,1.794745769380514e-09
3669,1.7954617209959543e-09
3670,1.7931671460887752e-09
3671,1.7919620554432863e-09
3672,1.793165521155767e-09
3673,1.7925083886955836e-09
3674,1.7928860945076026e-09
3675,1.7922448403346732e-09
3676,1.7927456999034752e-09
3677,1.7933175114535812e-09
3678,1.7928018255429678e-09
3679,1.7931665458555032e-09
3680,1.792976483424485e-09
3681,1.7936672647916326e-09
3682,1.7932568319140122e-09
3683,1.7932105561390022e-09
3684,1.7932114576415012e-09
3685,1.7925725912196473e-09
3686,1.79303468460334e-09
3687,1.792603636365369e-09
3688,1.7926950324984757e-09
3689,1.7912980887475795e-09
3690,1.7921846521358628e-09
3691,1.7911001920180241e-09
3692,1.7907686772536716e-09
3693,1.7918679846373927e-09
3694,1.7920327909457746e-09
3695,1.791930997925292e-09
3696,1.7925868478187673e-09
3697,1.7924578602979548e-09
3698,1.7933399119298878e-09
3699,1.7932876675183189e-09
3700,1.7939350899205189e-09
3701,1.7931171268204823e-09
3702,1.7941291139744246e-09
3703,1.7930612481409068e-09
3704,1.791882905563948e-09
3705,1.7922986139798367e-09
3706,1.792762280907871e-09
3707,1.7920061903968433e-09
3708,1.7916843647466752e-09
3709,1.7917246383745836e-09
3710,1.7915285154160987e-09
3711,1.7922598205281401e-09
3712,1.7924413683868836e-09
3713,1.7921850759676424e-09
3714,1.7912615508238956e-09
3715,1.7910062454505511e-09
3716,1.7918225129845032e-09
3717,1.792974661283917e-09
3718,1.7941069849893943e-09
3719,1.7932196117458987e-09
3720,1.7940148438959892e-09
3721,1.7934151613289855e-09
3722,1.7926940096290068e-09
3723,1.7938272426879872e-09
3724,1.7933773509041506e-09
3725,1.7934446157203363e-09
3726,1.7937203976348412e-09
3727,1.7934107709079069e-09
3728,1.7928471384511564e-09
3729,1.7932061675586146e-09
3730,1.7935008215409022e-09
3731,1.7942852140025903e-09
3732,1.7930638483565286e-09
3733,1.794403226729503e-09
3734,1.7929221556819805e-09
3735,1.7938202312575469e-09
3736,1.794652452116942e-09
3737,1.793258014852173e-09
3738,1.793821524926244e-09
3739,1.7930672560140111e-09
3740,1.7927649909092653e-09
3741,1.7936504863485981e-09
3742,1.793081828631551e-09
3743,1.7933717008022828e-09
3744,1.7943069775404005e-09
3745,1.7945662850784184e-09
3746,1.7936305335920823e-09
3747,1.7932764591200668e-09
3748,1.7936744018716982e-09
3749,1.7935336331468386e-09
3750,1.7935483091876828e-09
3751,1.7931653186735093e-09
3752,1.7920173352577867e-09
3753,1.7920527952927936e-09
3754,1.793107918929655e-09
3755,1.792402950851428e-09
3756,1.7920199948045129e-09
3757,1.790685834853907e-09
3758,1.7917996658369428e-09
3759,1.7918869047892907e-09
3760,1.7931029679768638e-09
3761,1.793683905112273e-09
3762,1.7947136759810164e-09
3763,1.7948765225977124e-09
3764,1.7944237644479742e-09
3765,1.7930509183718173e-09
3766,1.793796629046731e-09
3767,1.792873971132605e-09
3768,1.7929253280526806e-09
3769,1.7932522763352456e-09
3770,1.7928560936431418e-09
3771,1.7925032450663662e-09
3772,1.7936640606694994e-09
3773,1.7932194792757584e-09
3774,1.7927951805103693e-09
3775,1.7921931419041674e-09
3776,1.793461702602618e-09
3777,1.7937517072990199e-09
3778,1.7939156221019332e-09
3779,1.7936270089928113e-09
3780,1.7945474753628833e-09
3781,1.7939383337973371e-09
3782,1.7937261191500908e-09
3783,1.7928646406940394e-09
3784,1.7932491550646707e-09
3785,1.7933070473739892e-09
3786,1.7936173303476286e-09
3787,1.793502209026719e-09
3788,1.7928563206801233e-09
3789,1.7940042837841075e-09
3790,1.7928277414990034e-09
3791,1.793750725599896e-09
3792,1.792318171705838e-09
3793,1.7927334779748347e-09
3794,1.7938692737670082e-09
3795,1.7927646589437327e-09
3796,1.7944607011376106e-09
3797,1.7932947507008575e-09
3798,1.7930454340370978e-09
3799,1.793496035795873e-09
3800,1.7943072929063033e-09
3801,1.7941518888751617e-09
3802,1.7947131386441408e-09
3803,1.7933866019216463e-09
3804,1.7925723323757955e-09
3805,1.7941622775341042e-09
3806,1.7929582792838696e-09
3807,1.7937086384977355e-09
3808,1.7933188270622944e-09
3809,1.7935582075318166e-09
3810,1.7937608896161115e-09
3811,1.7944686203132466e-09
3812,1.7940404264619394e-09
3813,1.7941878028519265e-09
3814,1.793553322089833e-09
3815,1.793052214091043e-09
3816,1.7927493793637122e-09
3817,1.7936044358866595e-09
3818,1.7930898966670023e-09
3819,1.7933652416791674e-09
3820,1.7926305383902074e-09
3821,1.791678433665497e-09
3822,1.7913427652443872e-09
3823,1.7917572465940048e-09
3824,1.7926274710997376e-09
3825,1.7926176178905955e-09
3826,1.7926429932115287e-09
3827,1.793761733018652e-09
3828,1.7931990840734724e-09
3829,1.7929801600074453e-09
3830,1.7931186084163713e-09
3831,1.79328795857361e-09
3832,1.7925096559926222e-09
3833,1.7930409870560488e-09
3834,1.7924121267747467e-09
3835,1.7922067817420178e-09
3836,1.7928066700319647e-09
3837,1.7919162387111516e-09
3838,1.7922467261988098e-09
3839,1.7918460183921328e-09
3840,1.7925216166005527e-09
3841,1.7927076426255306e-09
3842,1.7930010340700175e-09
3843,1.7934800133945695e-09
3844,1.7927876994953988e-09
3845,1.792971172357244e-09
3846,1.7916872603291838e-09
3847,1.7919411990671393e-09
3848,1.7921430905576547e-09
3849,1.793188509485545e-09
3850,1.7929100045723004e-09
3851,1.7922868785896117e-09
3852,1.7939536285175598e-09
3853,1.7946890314743119e-09
3854,1.7942566408771325e-09
3855,1.7949112142590396e-09
3856,1.7950423150488422e-09
3857,1.7948206380182932e-09
3858,1.7938930570571952e-09
3859,1.794478518899428e-09
3860,1.7946358549238863e-09
3861,1.7943546053264996e-09
3862,1.7946875846156297e-09
3863,1.7942054555169855e-09
3864,1.7943529473895646e-09
3865,1.7944655114603842e-09
3866,1.7940258080188117e-09
3867,1.793471280382461e-09
3868,1.7934530222242534e-09
3869,1.7931841730178413e-09
3870,1.7929386963232655e-09
3871,1.7926797437644902e-09
3872,1.7929556025738844e-09
3873,1.7931976673116143e-09
3874,1.7931382496594755e-09
3875,1.7935736004136122e-09
3876,1.7932039718833394e-09
3877,1.7937189466157816e-09
3878,1.79333688852716e-09
3879,1.7929168931183707e-09
3880,1.7928476663632883e-09
3881,1.7932512067926975e-09
3882,1.7929428848041244e-09
3883,1.792114140677077e-09
3884,1.7922158768163223e-09
3885,1.7924825502288856e-09
3886,1.7924190813329442e-09
3887,1.7929772417377279e-09
3888,1.7932856134628762e-09
3889,1.7934483480771913e-09
3890,1.793419330756512e-09
3891,1.792726303324543e-09
3892,1.7924938693242335e-09
3893,1.7921437106289596e-09
3894,1.7915334091286455e-09
3895,1.7922451455571521e-09
3896,1.791777542098122e-09
3897,1.7916723373595667e-09
3898,1.7925621168909544e-09
3899,1.7920724310432595e-09
3900,1.7922789838764863e-09
3901,1.79444389983463e-09
3902,1.7941279218293396e-09
3903,1.794122928780272e-09
3904,1.794560484979991e-09
3905,1.795128699885972e-09
3906,1.794574687606158e-09
3907,1.7946798787472076e-09
3908,1.7952223256971446e-09
3909,1.7941402700276232e-09
3910,1.7942000186064149e-09
3911,1.793629212142187e-09
3912,1.7940123868460118e-09
3913,1.7934350896972846e-09
3914,1.7938441458933681e-09
3915,1.7936860043872986e-09
3916,1.7941064398281232e-09
3917,1.7939809561581098e-09
3918,1.7957922146222387e-09
3919,1.7948073114687625e-09
3920,1.7928530104466995e-09
3921,1.7926177121139102e-09
3922,1.7938031071598232e-09
3923,1.7934343106428091e-09
3924,1.7941225887191749e-09
3925,1.79437736458533e-09
3926,1.794121632589215e-09
3927,1.794505927162991e-09
3928,1.7948029966051205e-09
3929,1.7942644626937974e-09
3930,1.7937264288437551e-09
3931,1.7940500764968344e-09
3932,1.793625141490272e-09
3933,1.7933496726833875e-09
3934,1.7935197920333457e-09
3935,1.794141511918577e-09
3936,1.792467982117808e-09
3937,1.793393025700293e-09
3938,1.7915025581470113e-09
3939,1.7929188086142648e-09
3940,1.7930106076719904e-09
3941,1.7939772731441105e-09
3942,1.7932803386216426e-09
3943,1.7935631476146811e-09
3944,1.7941853721135604e-09
3945,1.794139684906549e-09
3946,1.795150992767332e-09
3947,1.7946502736591844e-09
3948,1.7952935306948107e-09
3949,1.7949838114684482e-09
3950,1.7930559447854112e-09
3951,1.7932805402345785e-09
3952,1.7930174563293376e-09
3953,1.7917510857435656e-09
3954,1.792339329705277e-09
3955,1.792258863177701e-09
3956,1.7915973246405742e-09
3957,1.791654680459023e-09
3958,1.7914003474109372e-09
3959,1.7917185737880717e-09
3960,1.7929026449721883e-09
3961,1.7925768493995066e-09
3962,1.7916893974045346e-09
3963,1.7923391310537393e-09
3964,1.7928109961759635e-09
3965,1.7921729619982835e-09
3966,1.792027384342655e-09
3967,1.7932576091739117e-09
3968,1.7932040339908077e-09
3969,1.7928665811771768e-09
3970,1.7940986360679308e-09
3971,1.793750122263026e-09
3972,1.7945900975351754e-09
3973,1.7929448113729907e-09
3974,1.7931114106347452e-09
3975,1.7934101849952733e-09
3976,1.7946615925571887e-09
3977,1.7951653469743442e-09
3978,1.7945391191232255e-09
3979,1.7953441239378732e-09
3980,1.794046295394378e-09
3981,1.793575069685467e-09
3982,1.7944690658281608e-09
3983,1.792776856519681e-09
3984,1.7932729915949126e-09
3985,1.7936743318875638e-09
3986,1.793833048974418e-09
3987,1.794498090931029e-09
3988,1.7955419404894723e-09
3989,1.795974401902546e-09
3990,1.7951784811398159e-09
3991,1.794805351980127e-09
3992,1.794589156790785e-09
3993,1.7964977815506334e-09
3994,1.7953724484856715e-09
3995,1.7956514094429784e-09
3996,1.7951192947847188e-09
3997,1.7949718664920769e-09
3998,1.7959464680929659e-09
3999,1.7958140126465982e-09
4000,1.7956636518873775e-09
4001,1.7932477748449068e-09
4002,1.794013249949882e-09
4003,1.7932598076679314e-09
4004,1.7937023735093244e-09
4005,1.7932454680921647e-09
4006,1.7932495604189338e-09
4007,1.7930752387097178e-09
4008,1.7918796656140843e-09
4009,1.7916757372536055e-09
4010,1.7918104650931649e-09
4011,1.7932810363897577e-09
4012,1.7929580885482051e-09
4013,1.794549287790442e-09
4014,1.7928920541601234e-09
4015,1.7932394809500443e-09
4016,1.793343358759837e-09
4017,1.7930534696231918e-09
4018,1.794158322461486e-09
4019,1.7933505180439106e-09
4020,1.792834685982434e-09
4021,1.7927444959547838e-09
4022,1.7934163383228467e-09
4023,1.79330209625764e-09
4024,1.7931970740284415e-09
4025,1.794276475730014e-09
4026,1.7945279412570541e-09
4027,1.794210466770498e-09
4028,1.7946707548471138e-09
4029,1.793172701482643e-09
4030,1.793164703215052e-09
4031,1.7931485533992376e-09
4032,1.7928006865458572e-09
4033,1.7940372789748443e-09
4034,1.7928176645433374e-09
4035,1.7914912470982723e-09
4036,1.7921181349361823e-09
4037,1.7921818644425868e-09
4038,1.7927302584951035e-09
4039,1.7927663398732354e-09
4040,1.792900309751705e-09
4041,1.7931246064899198e-09
4042,1.7929598779207035e-09
4043,1.7934791641247033e-09
4044,1.7942733867446672e-09
4045,1.7942238303679053e-09
4046,1.793807969291004e-09
4047,1.7930465274646182e-09
4048,1.792714851009076e-09
4049,1.7926812069568897e-09
4050,1.7933016588293142e-09
4051,1.7930364039272934e-09
4052,1.7927620096617e-09
4053,1.7921460475564777e-09
4054,1.7924022339168377e-09
4055,1.7919613310060653e-09
4056,1.7926345127554198e-09
4057,1.7920968745785917e-09
4058,1.7916900667530201e-09
4059,1.7922166821177244e-09
4060,1.7929000288972895e-09
4061,1.7924308236095392e-09
4062,1.7936440863936167e-09
4063,1.7925947597535186e-09
4064,1.7931637796807293e-09
4065,1.7928460823588134e-09
4066,1.7923754092353575e-09
4067,1.7937723213680538e-09
4068,1.7942398240519095e-09
4069,1.7933810688166752e-09
4070,1.7940586528622595e-09
4071,1.794461442393194e-09
4072,1.7928561915642462e-09
4073,1.7927615122577794e-09
4074,1.792620304719222e-09
4075,1.7933151642781528e-09
4076,1.793018427747633e-09
4077,1.7932065100881115e-09
4078,1.7930680642409529e-09
4079,1.7936053732397507e-09
4080,1.793781394029147e-09
4081,1.7933106974225004e-09
4082,1.7928050942740317e-09
4083,1.7934451950227103e-09
4084,1.7927650469060156e-09
4085,1.7932465261950157e-09
4086,1.7932337012804032e-09
4087,1.792949815939972e-09
4088,1.7923871318881348e-09
4089,1.7935078611835018e-09
4090,1.7922287828568048e-09
4091,1.792941583272519e-09
4092,1.7928110315300326e-09
4093,1.7936068720869023e-09
4094,1.7933954389537141e-09
4095,1.7937439086924288e-09
4096,1.7928398433084334e-09
4097,1.7928200600686633e-09
4098,1.7925931258086785e-09
4099,1.793309170456641e-09
4100,1.7934689515233613e-09
