global_step,predictor_x_gap_mse
1,3.3609238516965123e-12
2,3.4000344016910136e-08
3,1.7041963559368666e-08
4,1.142026676852884e-08
5,8.62387498786633e-09
6,6.9543420872041e-09
7,5.8534303105548215e-09
8,5.077014536062262e-09
9,4.501876698636462e-09
10,4.059836891600377e-09
11,3.713091553615688e-09
12,3.433262879142044e-09
13,3.2045780764388897e-09
14,3.0128756492444387e-09
15,2.854056541258716e-09
16,2.720812346784567e-09
17,2.606126935937411e-09
18,2.5084604134745687e-09
19,2.424152003863547e-09
20,2.3513335148384905e-09
21,2.287633434413505e-09
22,2.2324508779868093e-09
23,2.1831343980454535e-09
24,2.1412431555326928e-09
25,2.1043777452749485e-09
26,2.070285633935816e-09
27,2.041396217741733e-09
28,2.0144136941314085e-09
29,1.991230306096149e-09
30,1.97054043299851e-09
31,1.9517333686296626e-09
32,1.9333830309803247e-09
33,1.9184709793527764e-09
34,1.9053860041812563e-09
35,1.8940744440118605e-09
36,1.883252157238829e-09
37,1.8750227151486197e-09
38,1.8663491399314587e-09
39,1.8594626510495513e-09
40,1.8523017897516033e-09
41,1.8452461171722925e-09
42,1.8407577945694514e-09
43,1.83686934905569e-09
44,1.8322184808596387e-09
45,1.8276816768560036e-09
46,1.823406279341057e-09
47,1.8202355537075785e-09
48,1.8170129017971403e-09
49,1.8149846925852274e-09
50,1.8136862874295679e-09
51,1.811383000103437e-09
52,1.8101550074993809e-09
53,1.807845226493085e-09
54,1.8076140298977432e-09
55,1.804963554698935e-09
56,1.8030624556978849e-09
57,1.8027310038655057e-09
58,1.8015240533670416e-09
59,1.8004771948929064e-09
60,1.7975612882795538e-09
61,1.7980426665275361e-09
62,1.7975015761710695e-09
63,1.796800162519013e-09
64,1.7965482762409161e-09
65,1.7968778595023964e-09
66,1.7959984462805445e-09
67,1.7955458327906645e-09
68,1.7949623253928168e-09
69,1.7945216322201436e-09
70,1.7946051888928503e-09
71,1.7938075744884315e-09
72,1.7952591292396658e-09
73,1.795352618945188e-09
74,1.7949243747727224e-09
75,1.7937907786691605e-09
76,1.7938793687100192e-09
77,1.7939510846538592e-09
78,1.7938185313794713e-09
79,1.7945920020942672e-09
80,1.7941376261564637e-09
81,1.7944749761400493e-09
82,1.7930489003704402e-09
83,1.794455292871218e-09
84,1.7948830770886183e-09
85,1.7935972273033998e-09
86,1.7931107423089368e-09
87,1.7926948327787114e-09
88,1.7936159529624045e-09
89,1.7932000199698667e-09
90,1.7925932064418356e-09
91,1.7923338976889828e-09
92,1.7909928333475352e-09
93,1.7906939891227652e-09
94,1.791171934718245e-09
95,1.7923608090606426e-09
96,1.7930091447910962e-09
97,1.7935311397338518e-09
98,1.7926358498422412e-09
99,1.7934910302196272e-09
100,1.7935144079933404e-09
101,1.7938489135225435e-09
102,1.7926713914178705e-09
103,1.7923401045330261e-09
104,1.7934695425905812e-09
105,1.7927245344101994e-09
106,1.7928658698048954e-09
107,1.7927124523410984e-09
108,1.7929314500618166e-09
109,1.7926511131873004e-09
110,1.7933763226245835e-09
111,1.7936146999371014e-09
112,1.7947847113456036e-09
113,1.7940788813735971e-09
114,1.794295669333077e-09
115,1.7934512217533904e-09
116,1.7941299491778318e-09
117,1.793395722662032e-09
118,1.7924337584064671e-09
119,1.7921538204067652e-09
120,1.791627141552267e-09
121,1.7920913316229446e-09
122,1.7912652376518667e-09
123,1.7905021102315651e-09
124,1.791886727311866e-09
125,1.7919636009002494e-09
126,1.7928082281831062e-09
127,1.7926755670755587e-09
128,1.7924985955842302e-09
129,1.792501055273502e-09
130,1.7923049559016583e-09
131,1.792696624212144e-09
132,1.7924353873430287e-09
133,1.792544216657181e-09
134,1.7923194355124648e-09
135,1.7925641173401627e-09
136,1.7931995163530582e-09
137,1.7931378558222567e-09
138,1.7946226132573004e-09
139,1.793870789918515e-09
140,1.7932052620447113e-09
141,1.7926785148756276e-09
142,1.7934433560576492e-09
143,1.7935997903336698e-09
144,1.7930600497283758e-09
145,1.7934899367585864e-09
146,1.793475194189681e-09
147,1.7929732178813712e-09
148,1.793100129388001e-09
149,1.7940068003820428e-09
150,1.7931782191144495e-09
151,1.7937270106490087e-09
152,1.793186364258328e-09
153,1.7931846600553523e-09
154,1.7927071720174403e-09
155,1.7926801226540245e-09
156,1.7930473542294017e-09
157,1.792549189039613e-09
158,1.793552927635087e-09
159,1.793844375659699e-09
160,1.7931922085941635e-09
161,1.7940306402016733e-09
162,1.7925192926968707e-09
163,1.79341400333005e-09
164,1.7941362065852597e-09
165,1.794312388247508e-09
166,1.795382458757914e-09
167,1.7937764666498728e-09
168,1.7939440394646877e-09
169,1.7936204259654724e-09
170,1.7927071259832057e-09
171,1.7924531515063535e-09
172,1.7921204327928042e-09
173,1.7935404612392489e-09
174,1.7930950376708668e-09
175,1.7950915360987986e-09
176,1.79442194684046e-09
177,1.7936969283293256e-09
178,1.79466638278222e-09
179,1.7938308017011168e-09
180,1.7944623129453707e-09
181,1.7943482604882889e-09
182,1.7934661959449276e-09
183,1.7930441104975201e-09
184,1.7947018280366698e-09
185,1.7937107593186959e-09
186,1.7936137042285007e-09
187,1.7930620257844073e-09
188,1.794346234522769e-09
189,1.7939612998245253e-09
190,1.7938316801478052e-09
191,1.7935669846618003e-09
192,1.7941141863687586e-09
193,1.7934903760515597e-09
194,1.7944282039256313e-09
195,1.7939140543369763e-09
196,1.7939260223650244e-09
197,1.7936755931199592e-09
198,1.7938747460967878e-09
199,1.7925511075001448e-09
200,1.7931580601052814e-09
201,1.7933088641823077e-09
202,1.7929873425533096e-09
203,1.7934369407734318e-09
204,1.7946073105350768e-09
205,1.7936937104068033e-09
206,1.7927945562233872e-09
207,1.7938270639344123e-09
208,1.7936185057014201e-09
209,1.793152009803443e-09
210,1.792855037265299e-09
211,1.7925934603075737e-09
212,1.7933593004967338e-09
213,1.7929287437958685e-09
214,1.792859958055606e-09
215,1.7922337550497464e-09
216,1.7932104001607205e-09
217,1.7923000624239773e-09
218,1.7919239285337898e-09
219,1.7909781467387484e-09
220,1.7917172711071024e-09
221,1.7916979342290372e-09
222,1.791075784496189e-09
223,1.7920606268805402e-09
224,1.7926571780346217e-09
225,1.7932327247623395e-09
226,1.7933539614027741e-09
227,1.7928704119955962e-09
228,1.7926980183641783e-09
229,1.7937371996285506e-09
230,1.7933957046119686e-09
231,1.792533376730774e-09
232,1.7923017272076462e-09
233,1.792262768448203e-09
234,1.7930255321783242e-09
235,1.7933922693967388e-09
236,1.7942154171618336e-09
237,1.7954510992688197e-09
238,1.7941209175895684e-09
239,1.7930007627100269e-09
240,1.7936933410581065e-09
241,1.7937869784112043e-09
242,1.7936975098243395e-09
243,1.7935384859990081e-09
244,1.7938105369348183e-09
245,1.793851101081023e-09
246,1.7945233047235056e-09
247,1.793584537450768e-09
248,1.7920997802645184e-09
249,1.792470928122178e-09
250,1.7934638717769682e-09
251,1.794222705605438e-09
252,1.7936080965057988e-09
253,1.7935090316705425e-09
254,1.7927336103933285e-09
255,1.794242941639543e-09
256,1.7938995230497381e-09
257,1.7946350741581177e-09
258,1.7936229966859484e-09
259,1.793533100398642e-09
260,1.7936007665191266e-09
261,1.7925504846554989e-09
262,1.7935793564612318e-09
263,1.794042389998968e-09
264,1.7943015333447398e-09
265,1.7944788768852108e-09
266,1.794831647585259e-09
267,1.7942263005645489e-09
268,1.7939334224125682e-09
269,1.7936869169032971e-09
270,1.793733925851061e-09
271,1.7933934285432404e-09
272,1.7929563893595606e-09
273,1.7929209463961175e-09
274,1.7936708741535793e-09
275,1.7941731360178462e-09
276,1.7943324666358376e-09
277,1.7948454901525255e-09
278,1.794355908641435e-09
279,1.7936693321021521e-09
280,1.7936602406379192e-09
281,1.793445917412154e-09
282,1.7932956981695642e-09
283,1.7930859875815633e-09
284,1.7929126563026108e-09
285,1.7937921049245018e-09
286,1.7927472745072386e-09
287,1.7925058499886949e-09
288,1.7928858114019975e-09
289,1.7925268520478658e-09
290,1.7935342864914824e-09
291,1.7929321879926775e-09
292,1.7936005738700025e-09
293,1.7933586572807793e-09
294,1.7943505749928936e-09
295,1.7935449868716708e-09
296,1.794525312408663e-09
297,1.7940810463864952e-09
298,1.7943853174659052e-09
299,1.7952957317799293e-09
300,1.7940328032227622e-09
301,1.7931013890780658e-09
302,1.7929634955526095e-09
303,1.7931703149516043e-09
304,1.7931998745115947e-09
305,1.7928525798058555e-09
306,1.792565401642946e-09
307,1.7926076814802458e-09
308,1.792826530434923e-09
309,1.7922129917093802e-09
310,1.793305980443797e-09
311,1.793069929123363e-09
312,1.7936663818844753e-09
313,1.7948475882447772e-09
314,1.7949253749770365e-09
315,1.7947116682690355e-09
316,1.7937821940258564e-09
317,1.7937498536962443e-09
318,1.793659809115036e-09
319,1.7936122933219162e-09
320,1.7945658826437472e-09
321,1.7931538412333977e-09
322,1.794152356299909e-09
323,1.7937786796785734e-09
324,1.7947541416133505e-09
325,1.7954086693245152e-09
326,1.7952204561051762e-09
327,1.7948970704172074e-09
328,1.795591707028475e-09
329,1.7951264127621886e-09
330,1.7937594515705317e-09
331,1.7942385354887295e-09
332,1.7944731479711442e-09
333,1.7940712133036382e-09
334,1.7931693787171656e-09
335,1.7931331953713082e-09
336,1.7946311218102815e-09
337,1.7939480177666368e-09
338,1.7942783264122244e-09
339,1.7933945336667935e-09
340,1.793776957339611e-09
341,1.7927637366402116e-09
342,1.793608221305923e-09
343,1.7946872370278882e-09
344,1.795614945894543e-09
345,1.794888778973424e-09
346,1.7943842734777855e-09
347,1.7934809966879492e-09
348,1.7944711573754321e-09
349,1.7936844518278505e-09
350,1.794034812384691e-09
351,1.7937178688445504e-09
352,1.7943900931715914e-09
353,1.7943613455070116e-09
354,1.7943584240512434e-09
355,1.7941266648999213e-09
356,1.7930611169770457e-09
357,1.7925834209671563e-09
358,1.7921000893969725e-09
359,1.7925708885531052e-09
360,1.7915754594553745e-09
361,1.7916398512599044e-09
362,1.7919273164476039e-09
363,1.791053488145161e-09
364,1.7910606812958381e-09
365,1.790893000823231e-09
366,1.7915238147697528e-09
367,1.7911027297896878e-09
368,1.7917186602848795e-09
369,1.792162745101695e-09
370,1.7930032785394644e-09
371,1.7927645456396875e-09
372,1.7931083024312926e-09
373,1.7927550821850136e-09
374,1.7933118366882263e-09
375,1.7933439544384782e-09
376,1.7926516959111614e-09
377,1.7933955438601535e-09
378,1.7942726951170663e-09
379,1.7939272240175844e-09
380,1.7938102572528397e-09
381,1.7946589234494315e-09
382,1.7949063396825494e-09
383,1.7944128185763332e-09
384,1.7951256756346209e-09
385,1.79527695134602e-09
386,1.7940829510947818e-09
387,1.7952814495795998e-09
388,1.794949859705817e-09
389,1.7954850585766003e-09
390,1.7941306546552611e-09
391,1.795774355295746e-09
392,1.7942915121411619e-09
393,1.7946699679874766e-09
394,1.7952250001246738e-09
395,1.7943530556805781e-09
396,1.7947759064363033e-09
397,1.7946192953201154e-09
398,1.7940865989163271e-09
399,1.7928994472889703e-09
400,1.7932155317041274e-09
401,1.7932888544150097e-09
402,1.7936634523402967e-09
403,1.7935306593334103e-09
404,1.7928717758802097e-09
405,1.7933241796552286e-09
406,1.7935739473007763e-09
407,1.7936717918568356e-09
408,1.7926474594228888e-09
409,1.7924044609111688e-09
410,1.7935347497831056e-09
411,1.7931304605112648e-09
412,1.792160691363291e-09
413,1.7923310267380031e-09
414,1.7924081820305474e-09
415,1.7927826365280614e-09
416,1.7922846932973733e-09
417,1.7926981833918047e-09
418,1.7928181931535376e-09
419,1.7930552537113143e-09
420,1.792695052149523e-09
421,1.7922280890538467e-09
422,1.7930548116464811e-09
423,1.7928252536834485e-09
424,1.792782968673935e-09
425,1.792636692386839e-09
426,1.792026239775995e-09
427,1.7910372001771947e-09
428,1.7923665757919494e-09
429,1.7932760482478038e-09
430,1.7928599206453558e-09
431,1.7929564572779824e-09
432,1.7933993671161542e-09
433,1.7938574345336907e-09
434,1.7937612706371738e-09
435,1.7936751707482144e-09
436,1.7930666239314035e-09
437,1.792811658565e-09
438,1.7925413430482065e-09
439,1.7928994477832973e-09
440,1.7918702953031382e-09
441,1.7928167467161743e-09
442,1.7930888220595577e-09
443,1.7930797918866162e-09
444,1.792378239387096e-09
445,1.7939222759039015e-09
446,1.7924689806876856e-09
447,1.7919825005486042e-09
448,1.7917237969679532e-09
449,1.7915206669878895e-09
450,1.7931485712334754e-09
451,1.793359293490898e-09
452,1.7940629749785742e-09
453,1.7955293759750796e-09
454,1.7941363047711596e-09
455,1.7927646224270307e-09
456,1.7932642902017115e-09
457,1.7935659390160696e-09
458,1.7923662088800578e-09
459,1.7924502231879924e-09
460,1.7929174008707317e-09
461,1.7919862793529054e-09
462,1.791909637803495e-09
463,1.7926672583738377e-09
464,1.793688214751891e-09
465,1.7931706378340394e-09
466,1.7927047737544652e-09
467,1.7927499921202066e-09
468,1.7930212420779646e-09
469,1.792501759035543e-09
470,1.7927529984665171e-09
471,1.7925912853465088e-09
472,1.793178334747898e-09
473,1.792274699456455e-09
474,1.7917657424327392e-09
475,1.7920220813444054e-09
476,1.7914367043225712e-09
477,1.7926364370602822e-09
478,1.7926682225906742e-09
479,1.7920353966396798e-09
480,1.7923579021387691e-09
481,1.7938298375441925e-09
482,1.7931718807923685e-09
483,1.7932812841999744e-09
484,1.7934207217205869e-09
485,1.793016097316248e-09
486,1.7941351511143615e-09
487,1.7948994109563192e-09
488,1.7945381329790592e-09
489,1.7937295510626297e-09
490,1.794082149553537e-09
491,1.7931897936166508e-09
492,1.792563470048166e-09
493,1.7932866034249195e-09
494,1.7919703957198382e-09
495,1.7917457922474785e-09
496,1.7924284599838753e-09
497,1.7912119513029681e-09
498,1.7914520037708993e-09
499,1.7911169125291432e-09
500,1.7907099096407438e-09
501,1.7915061289178228e-09
502,1.7920955706691006e-09
503,1.7921775021697265e-09
504,1.7927110841246618e-09
505,1.7918106344752266e-09
506,1.7925001003465963e-09
507,1.7924964927954832e-09
508,1.7926804642801897e-09
509,1.7924493987014197e-09
510,1.7923493007928194e-09
511,1.7922105533926568e-09
512,1.7910197493327709e-09
513,1.7911994385538035e-09
514,1.7919997152336918e-09
515,1.7917849610261678e-09
516,1.791328638109971e-09
517,1.79277861885407e-09
518,1.7934152943126684e-09
519,1.793564667121995e-09
520,1.7930343662241732e-09
521,1.793388007606179e-09
522,1.7933684302353015e-09
523,1.792292666396828e-09
524,1.7931606305134132e-09
525,1.7926271154238746e-09
526,1.7921424110371157e-09
527,1.7914609234391267e-09
528,1.7924031297766644e-09
529,1.792613037818013e-09
530,1.7918700164383071e-09
531,1.7921364871925542e-09
532,1.792393048535968e-09
533,1.791666941080036e-09
534,1.791922889512135e-09
535,1.7920797063068557e-09
536,1.7933607824786286e-09
537,1.7925309102808536e-09
538,1.7928654144447252e-09
539,1.793546992283511e-09
540,1.793007696762949e-09
541,1.7934175039754336e-09
542,1.7920438492283678e-09
543,1.7924616161448925e-09
544,1.7927473966821565e-09
545,1.7932664379094342e-09
546,1.7939788459026079e-09
547,1.7935454420718153e-09
548,1.7929985999557064e-09
549,1.7942961726780615e-09
550,1.7934478174229641e-09
551,1.7933799879089094e-09
552,1.7929994201766103e-09
553,1.7935634428756942e-09
554,1.7927233026756317e-09
555,1.793555487610898e-09
556,1.7940919208516753e-09
557,1.7942605080016766e-09
558,1.7937409572503977e-09
559,1.7938568453449026e-09
560,1.7926182392810884e-09
561,1.7932062188625185e-09
562,1.7936898546576617e-09
563,1.7935933559536108e-09
564,1.793713389422095e-09
565,1.7931933161868483e-09
566,1.793511149766194e-09
567,1.7933600642265784e-09
568,1.7936679283421577e-09
569,1.7931390972335676e-09
570,1.7933351291045269e-09
571,1.7930416826862207e-09
572,1.7931032259612028e-09
573,1.793043443159937e-09
574,1.792947939093854e-09
575,1.7924721329649525e-09
576,1.7926859295202243e-09
577,1.794017810213468e-09
578,1.7941629572323987e-09
579,1.7940166853311795e-09
580,1.7945780157432869e-09
581,1.7948528370296729e-09
582,1.7946018009733268e-09
583,1.7944049676871947e-09
584,1.794293443894523e-09
585,1.794316802405335e-09
586,1.7936345814731196e-09
587,1.7939584253150158e-09
588,1.7939946805432615e-09
589,1.794214302694114e-09
590,1.7936001103590253e-09
591,1.7933143483234164e-09
592,1.7948794607420188e-09
593,1.7943755610089358e-09
594,1.7942402446467397e-09
595,1.7937137358896296e-09
596,1.7931552491847099e-09
597,1.7936622732401754e-09
598,1.793424132113209e-09
599,1.7930822013241938e-09
600,1.794107417453369e-09
601,1.7953957325149103e-09
602,1.7954056592450134e-09
603,1.795253611342204e-09
604,1.794704024706716e-09
605,1.7944157602846155e-09
606,1.7942861909236441e-09
607,1.7947927740455916e-09
608,1.794624977972058e-09
609,1.794414448529206e-09
610,1.7947053849248789e-09
611,1.7952307434930268e-09
612,1.795536819807052e-09
613,1.7950975445745209e-09
614,1.7948712946888683e-09
615,1.7947888487656817e-09
616,1.7945485182761622e-09
617,1.794162921583251e-09
618,1.7934935394097126e-09
619,1.7926582804621705e-09
620,1.7907106078915807e-09
621,1.7918029393270141e-09
622,1.791319109925021e-09
623,1.7908491914978266e-09
624,1.7915192688622005e-09
625,1.7924474672193578e-09
626,1.7915029171305585e-09
627,1.7914339877766875e-09
628,1.7907852400098735e-09
629,1.7914512226603854e-09
630,1.7921938400670096e-09
631,1.7920301743345559e-09
632,1.7918942316424e-09
633,1.7924795694499869e-09
634,1.7924034998728084e-09
635,1.7929416051839127e-09
636,1.7925058619715405e-09
637,1.7928763711884708e-09
638,1.7920965372022385e-09
639,1.7928874024210745e-09
640,1.7930441555972644e-09
641,1.7940838461325262e-09
642,1.792529344258519e-09
643,1.79262057953509e-09
644,1.7934767281272478e-09
645,1.792746308088e-09
646,1.7939718451697877e-09
647,1.79347652628565e-09
648,1.7945812212077131e-09
649,1.7943446208945881e-09
650,1.7935805864656902e-09
651,1.792422386420368e-09
652,1.7931597679322162e-09
653,1.7936497312698572e-09
654,1.7932917183278688e-09
655,1.7950033962270875e-09
656,1.793715681497467e-09
657,1.793424906958541e-09
658,1.7934589688104492e-09
659,1.7928547182785613e-09
660,1.7927729859053773e-09
661,1.792797371532791e-09
662,1.7934472754797732e-09
663,1.7941622193017863e-09
664,1.7942709449341585e-09
665,1.794280965691129e-09
666,1.7934862218797718e-09
667,1.7940931530840796e-09
668,1.7919716232714643e-09
669,1.792543307762904e-09
670,1.7931807055105776e-09
671,1.7920925041012632e-09
672,1.7928741183555777e-09
673,1.7930998616764413e-09
674,1.7938659574126708e-09
675,1.793476943676613e-09
676,1.7930559832132676e-09
677,1.794121495316888e-09
678,1.7945960206003512e-09
679,1.7927971840582801e-09
680,1.79242076680925e-09
681,1.7926452443809989e-09
682,1.7927442207058863e-09
683,1.791977272518287e-09
684,1.7930680766173134e-09
685,1.7927150495581392e-09
686,1.7927913232824037e-09
687,1.793948831461539e-09
688,1.7939023772703135e-09
689,1.7935201930390074e-09
690,1.794107496220633e-09
691,1.7934661766721572e-09
692,1.7942324459949357e-09
693,1.7935755130864408e-09
694,1.7934084484183317e-09
695,1.7934748165682344e-09
696,1.7939616258748169e-09
697,1.793331798287872e-09
698,1.7944371474785938e-09
699,1.7951124462390639e-09
700,1.7953492534222468e-09
701,1.7955003046154647e-09
702,1.7947557276009497e-09
703,1.7952027483713625e-09
704,1.7950090515143778e-09
705,1.7948637920125683e-09
706,1.7947781674515208e-09
707,1.7958445057551344e-09
708,1.7954189934467057e-09
709,1.7943886861790507e-09
710,1.7946799092335695e-09
711,1.7951397871141815e-09
712,1.7959175624020378e-09
713,1.7948036342903485e-09
714,1.7947108320860143e-09
715,1.7951004314422287e-09
716,1.7951726605298563e-09
717,1.7948908440441547e-09
718,1.7951808977021068e-09
719,1.794041730520654e-09
720,1.7935761886356414e-09
721,1.7933117606360085e-09
722,1.7939551599297017e-09
723,1.7950647825113691e-09
724,1.7935556953535665e-09
725,1.7917835901125876e-09
726,1.7922217187139402e-09
727,1.7924102367915482e-09
728,1.7929408509159887e-09
729,1.7927889344084462e-09
730,1.7937047300375028e-09
731,1.794086710112267e-09
732,1.7938127146366992e-09
733,1.7948885287910793e-09
734,1.7931751630408493e-09
735,1.7922135875765877e-09
736,1.7930611097605502e-09
737,1.792506386994268e-09
738,1.7931715912307717e-09
739,1.79348663697077e-09
740,1.7933978402161637e-09
741,1.7924704593973159e-09
742,1.792579583556924e-09
743,1.7930951243267695e-09
744,1.7931383017262568e-09
745,1.7938893012383223e-09
746,1.7926479523956023e-09
747,1.7924363187485469e-09
748,1.7924139712308947e-09
749,1.7920823056300967e-09
750,1.79216022289742e-09
751,1.7925636340741432e-09
752,1.7921297275510794e-09
753,1.7923878728188184e-09
754,1.7930082042858827e-09
755,1.7936747413337447e-09
756,1.7925785966481351e-09
757,1.7925604489332027e-09
758,1.7923208446909172e-09
759,1.7934847021734216e-09
760,1.7925003438141077e-09
761,1.791756921709729e-09
762,1.7926539073226418e-09
763,1.7925707291269771e-09
764,1.7916122077085673e-09
765,1.7916057770444121e-09
766,1.7936678244660336e-09
767,1.793258357870878e-09
768,1.792345323389989e-09
769,1.7927769127773652e-09
770,1.7934613690760465e-09
771,1.7920968879876264e-09
772,1.792930382441277e-09
773,1.793298351385417e-09
774,1.7931702446668223e-09
775,1.7928943395732494e-09
776,1.7929927186235733e-09
777,1.7928418399546317e-09
778,1.7939818096613982e-09
779,1.7936539980089621e-09
780,1.7933247258297966e-09
781,1.7936315783260422e-09
782,1.7935479457388378e-09
783,1.7929199344567368e-09
784,1.7936220200816191e-09
785,1.7930431256448315e-09
786,1.7928538907839557e-09
787,1.793076237093981e-09
788,1.79215901449609e-09
789,1.7935061162333e-09
790,1.7935113303838326e-09
791,1.792639697735588e-09
792,1.7932310521336067e-09
793,1.7942456475341305e-09
794,1.794102707578434e-09
795,1.7934568768800458e-09
796,1.792499221078548e-09
797,1.792455979697359e-09
798,1.7920609173466334e-09
799,1.7917332207390512e-09
800,1.7905707081761375e-09
801,1.7909456554146527e-09
802,1.7908466644164965e-09
803,1.790267029857155e-09
804,1.7903499812605828e-09
805,1.7912111917841913e-09
806,1.7915704103179258e-09
807,1.7913580432353127e-09
808,1.7912019260507764e-09
809,1.7906959464941e-09
810,1.791352851939035e-09
811,1.7917049964753475e-09
812,1.7907939329030128e-09
813,1.7910484861976954e-09
814,1.7908565979942091e-09
815,1.7916493883769448e-09
816,1.7918779073516888e-09
817,1.7921461229590696e-09
818,1.7916236580966694e-09
819,1.7925134123586554e-09
820,1.791604654430899e-09
821,1.7922647615546906e-09
822,1.7916418933544475e-09
823,1.792101818359778e-09
824,1.7926091550140175e-09
825,1.7932088721079174e-09
826,1.7936056817568952e-09
827,1.792247014844329e-09
828,1.793125283677391e-09
829,1.793267757320354e-09
830,1.7945038567424246e-09
831,1.793508376917024e-09
832,1.7929731653502882e-09
833,1.7927575618058515e-09
834,1.793178089846596e-09
835,1.7941780360690558e-09
836,1.7928731769537322e-09
837,1.7927576618751438e-09
838,1.7930111310459261e-09
839,1.792847387312122e-09
840,1.7940245872321457e-09
841,1.7924218926308914e-09
842,1.7935110745983694e-09
843,1.7942958352202468e-09
844,1.793488700582331e-09
845,1.7935530880139205e-09
846,1.7928660296102916e-09
847,1.7922778185819952e-09
848,1.7944885450961402e-09
849,1.7938584728069121e-09
850,1.7938035890054876e-09
851,1.7941324894025117e-09
852,1.7930110335759188e-09
853,1.7929743163904413e-09
854,1.7923434831291449e-09
855,1.7926126766173833e-09
856,1.7927965524965256e-09
857,1.7933955454955723e-09
858,1.7921769811011227e-09
859,1.7928385087606164e-09
860,1.7925841693905619e-09
861,1.792428920641647e-09
862,1.793373570593168e-09
863,1.7929046176867553e-09
864,1.792157061942269e-09
865,1.791729237091816e-09
866,1.7922667204593763e-09
867,1.7932683739186254e-09
868,1.7935309355525025e-09
869,1.7935177987205873e-09
870,1.7942994530638356e-09
871,1.7939909018792071e-09
872,1.7937567690571784e-09
873,1.793689416625387e-09
874,1.7942386315443285e-09
875,1.7931839897678826e-09
876,1.7936418905314273e-09
877,1.7937406835597263e-09
878,1.7937207231088578e-09
879,1.7933941489620916e-09
880,1.7940761436394922e-09
881,1.792773438382629e-09
882,1.7928599201083015e-09
883,1.7926715876867433e-09
884,1.792882735201687e-09
885,1.7915730820959573e-09
886,1.7919435937050365e-09
887,1.7917495718602455e-09
888,1.7915785573449013e-09
889,1.7923851701386996e-09
890,1.7920378318885747e-09
891,1.7922867213310609e-09
892,1.7926110942185419e-09
893,1.7929465558642755e-09
894,1.7929936514483791e-09
895,1.7935922608268015e-09
896,1.794232962098846e-09
897,1.7933450341095632e-09
898,1.793892010789179e-09
899,1.7939220963819153e-09
900,1.7929448495375735e-09
901,1.7924346031556698e-09
902,1.7921799165346449e-09
903,1.7922410396606137e-09
904,1.792870048174455e-09
905,1.7917987885091887e-09
906,1.791519645415216e-09
907,1.7916231405745443e-09
908,1.7925374359443956e-09
909,1.791753457613548e-09
910,1.791857689576701e-09
911,1.7919278148388955e-09
912,1.7921120479196173e-09
913,1.7935617226102052e-09
914,1.7930175429068885e-09
915,1.7934230829577392e-09
916,1.7938735009388649e-09
917,1.7933112154755987e-09
918,1.7934195758305366e-09
919,1.7938405802893531e-09
920,1.7932513318373376e-09
921,1.7923292526394036e-09
922,1.7927900565078344e-09
923,1.7926511029512631e-09
924,1.7933821903750636e-09
925,1.7931489090917324e-09
926,1.7934297745216936e-09
927,1.7924174231972741e-09
928,1.7931341591736626e-09
929,1.7928631512521936e-09
930,1.7924314773241826e-09
931,1.7936585941601958e-09
932,1.7926799237399895e-09
933,1.7921360159497718e-09
934,1.79310360595591e-09
935,1.7939542039450407e-09
936,1.7935770968931913e-09
937,1.7934097812154192e-09
938,1.793853679985004e-09
939,1.7940183234766345e-09
940,1.7936249313340735e-09
941,1.7928690477291617e-09
942,1.792979668811137e-09
943,1.79333309753346e-09
944,1.793634211454062e-09
945,1.793536397149354e-09
946,1.7930394286258179e-09
947,1.793196916583114e-09
948,1.7928632244913128e-09
949,1.7921988362848743e-09
950,1.7920027053509413e-09
951,1.7934254955044315e-09
952,1.7934736439718848e-09
953,1.7929989157903305e-09
954,1.7933577587729806e-09
955,1.7934289716107006e-09
956,1.7936229995399796e-09
957,1.7938562560380447e-09
958,1.7941283883126264e-09
959,1.7945011252004466e-09
960,1.7932807711691898e-09
961,1.7923259155243056e-09
962,1.7917750145301414e-09
963,1.7927157333677056e-09
964,1.7917907210631975e-09
965,1.7936456211925904e-09
966,1.7935382751208557e-09
967,1.7944571399429337e-09
968,1.7940693401642346e-09
969,1.7938862311371701e-09
970,1.7938838798488953e-09
971,1.793079775339232e-09
972,1.7924299215684333e-09
973,1.7919202436037651e-09
974,1.7926385778655903e-09
975,1.7937458879243745e-09
976,1.7951958006873714e-09
977,1.7944414286769075e-09
978,1.7951475694442724e-09
979,1.7957656658629894e-09
980,1.7952800996205787e-09
981,1.7950644816364992e-09
982,1.7957591302570754e-09
983,1.7942849120332053e-09
984,1.7936176555165795e-09
985,1.7938937227044812e-09
986,1.7936482713183185e-09
987,1.7934475073179441e-09
988,1.7937624484866898e-09
989,1.7939788349575596e-09
990,1.7936967318393902e-09
991,1.7937196334298557e-09
992,1.7934132305010097e-09
993,1.793709984129506e-09
994,1.793379803101257e-09
995,1.7938790197531523e-09
996,1.792936324719659e-09
997,1.7939764934974273e-09
998,1.792836000381922e-09
999,1.7932997141182286e-09
1000,1.7922906291971351e-09
1001,1.7930990589560597e-09
1002,1.7926260345083934e-09
1003,1.7919716653174705e-09
1004,1.7922682465737033e-09
1005,1.7917353199091726e-09
1006,1.7918444111021457e-09
1007,1.7922092435791883e-09
1008,1.7920374335300388e-09
1009,1.7925447834251031e-09
1010,1.7933403423232315e-09
1011,1.792569271120619e-09
1012,1.7942200002556741e-09
1013,1.7937445206528419e-09
1014,1.7932197809841216e-09
1015,1.7932699116447587e-09
1016,1.7936849431975041e-09
1017,1.7938101325448495e-09
1018,1.7935168860249739e-09
1019,1.7931567711174047e-09
1020,1.7926763453952366e-09
1021,1.7924765376691081e-09
1022,1.7920025726796794e-09
1023,1.7923226353430925e-09
1024,1.7920147375692666e-09
1025,1.7925065935692895e-09
1026,1.793133343705235e-09
1027,1.7938334222471376e-09
1028,1.7930238254719116e-09
1029,1.7921728808165117e-09
1030,1.7919718285956246e-09
1031,1.79287882817766e-09
1032,1.7922228764204334e-09
1033,1.791895162356104e-09
1034,1.7929771218212947e-09
1035,1.7929484890573233e-09
1036,1.7933478939852771e-09
1037,1.7944469981372604e-09
1038,1.7938509704482353e-09
1039,1.7932375567785097e-09
1040,1.7935417769170431e-09
1041,1.7928975876885977e-09
1042,1.7918902713597222e-09
1043,1.792891480175937e-09
1044,1.7941138026268182e-09
1045,1.794213959619349e-09
1046,1.7931241749784894e-09
1047,1.7931340526720778e-09
1048,1.7937231324920193e-09
1049,1.7938740653038356e-09
1050,1.7931929228584891e-09
1051,1.7921566136363639e-09
1052,1.7917933415826348e-09
1053,1.7915307706505778e-09
1054,1.7924786255174401e-09
1055,1.7926450769369459e-09
1056,1.7942401641863725e-09
1057,1.7937110669086424e-09
1058,1.7933099929674435e-09
1059,1.793040819932542e-09
1060,1.79298363039006e-09
1061,1.7916364857780696e-09
1062,1.7930399698314255e-09
1063,1.7924751475603153e-09
1064,1.791321336796922e-09
1065,1.791663823012616e-09
1066,1.790803703002693e-09
1067,1.7919015967684536e-09
1068,1.7922925115751076e-09
1069,1.7913803949514686e-09
1070,1.791281127061252e-09
1071,1.7918700585731627e-09
1072,1.7923544456461668e-09
1073,1.7923841507257212e-09
1074,1.792249272687797e-09
1075,1.7918799336483652e-09
1076,1.7934930792043203e-09
1077,1.7942440014214305e-09
1078,1.7936079666900494e-09
1079,1.7938109735444052e-09
1080,1.7932803271400607e-09
1081,1.7934079896063036e-09
1082,1.793308776019349e-09
1083,1.7933376745045896e-09
1084,1.7928282741063082e-09
1085,1.7934505235727021e-09
1086,1.7927998148631454e-09
1087,1.793091950143236e-09
1088,1.7940426507813634e-09
1089,1.7932173209407583e-09
1090,1.7932211465192073e-09
1091,1.7938267644153696e-09
1092,1.7935277187871258e-09
1093,1.7936170813119015e-09
1094,1.7940035198571072e-09
1095,1.7948451062908454e-09
1096,1.7939032551858593e-09
1097,1.7937462946058553e-09
1098,1.7946354420137272e-09
1099,1.7947672441425018e-09
1100,1.795183378654649e-09
1101,1.794296870964093e-09
1102,1.7934632119067859e-09
1103,1.793201780933385e-09
1104,1.7925947699184946e-09
1105,1.7926655346357577e-09
1106,1.7933368692363014e-09
1107,1.7935220270248774e-09
1108,1.7938472842196502e-09
1109,1.7931255548461745e-09
1110,1.793091617642332e-09
1111,1.7920581977817375e-09
1112,1.7918937820909964e-09
1113,1.7911372882773738e-09
1114,1.7920077063259158e-09
1115,1.7925693349549753e-09
1116,1.7929286100611958e-09
1117,1.7931269419115826e-09
1118,1.7935861293255375e-09
1119,1.7937308840824982e-09
1120,1.7935854212591268e-09
1121,1.7936269883526991e-09
1122,1.7935204394781617e-09
1123,1.7928450460971929e-09
1124,1.7932868132176924e-09
1125,1.7927703817895755e-09
1126,1.7929024336151107e-09
1127,1.7935671533201083e-09
1128,1.7932076642298104e-09
1129,1.7937681656560234e-09
1130,1.7935045353176492e-09
1131,1.793229830028882e-09
1132,1.7931678900739086e-09
1133,1.7934092004617983e-09
1134,1.793448203101665e-09
1135,1.7929653391166236e-09
1136,1.7933718494830296e-09
1137,1.7930364129563365e-09
1138,1.7932122134115025e-09
1139,1.7925487359990986e-09
1140,1.7925202959123427e-09
1141,1.79274477836423e-09
1142,1.7918582693088794e-09
1143,1.7915835023388881e-09
1144,1.7926379774686797e-09
1145,1.7925231496365746e-09
1146,1.7937016320299204e-09
1147,1.7932241981663805e-09
1148,1.792464142761771e-09
1149,1.7925273820535645e-09
1150,1.792152081337449e-09
1151,1.79165183913304e-09
1152,1.791443137947918e-09
1153,1.7921520295795853e-09
1154,1.7928953389247579e-09
1155,1.7925734225627464e-09
1156,1.7929215681739697e-09
1157,1.7934562757861905e-09
1158,1.7934529011649176e-09
1159,1.7932847686918844e-09
1160,1.7940265748032764e-09
1161,1.7938166487773111e-09
1162,1.7940207643061352e-09
1163,1.7929846913072743e-09
1164,1.7932687106470275e-09
1165,1.7938389213512808e-09
1166,1.7929200983820803e-09
1167,1.7932629643811692e-09
1168,1.7927687983814795e-09
1169,1.792494082217066e-09
1170,1.7933204881762604e-09
1171,1.7929203502778967e-09
1172,1.7927155694762223e-09
1173,1.7941250921112734e-09
1174,1.7941028490666054e-09
1175,1.7947322434153277e-09
1176,1.7934071407380746e-09
1177,1.7944160920946019e-09
1178,1.7946291991140962e-09
1179,1.7952346386207138e-09
1180,1.7944969542529622e-09
1181,1.793806802696214e-09
1182,1.793179007104292e-09
1183,1.7928698708898289e-09
1184,1.7931272416245007e-09
1185,1.793948303943868e-09
1186,1.7934333294642734e-09
1187,1.7935509000201344e-09
1188,1.7934160683458148e-09
1189,1.7937370784033053e-09
1190,1.7945437631545117e-09
1191,1.793685211578387e-09
1192,1.7941127698595845e-09
1193,1.7937315143346686e-09
1194,1.7945631712253681e-09
1195,1.793929878314926e-09
1196,1.7938022255572317e-09
1197,1.794090382263813e-09
1198,1.7935063455530386e-09
1199,1.7939589636290595e-09
1200,1.7926537045919732e-09
1201,1.7938579303645583e-09
1202,1.7944376782856106e-09
1203,1.7939745930590859e-09
1204,1.7945065521678842e-09
1205,1.7943503915231666e-09
1206,1.7934254636035523e-09
1207,1.7943917924169684e-09
1208,1.7941598343871757e-09
1209,1.7945181877940854e-09
1210,1.793016924571133e-09
1211,1.7926268597322637e-09
1212,1.7921715247767176e-09
1213,1.792498713138944e-09
1214,1.7930646395350256e-09
1215,1.792374080087657e-09
1216,1.792451352886308e-09
1217,1.7920653506369057e-09
1218,1.7925031225964432e-09
1219,1.7930244707594123e-09
1220,1.7921312216353776e-09
1221,1.7919547749296227e-09
1222,1.7917303036497066e-09
1223,1.792486277557794e-09
1224,1.7931322683984327e-09
1225,1.792042188153493e-09
1226,1.79404076621396e-09
1227,1.7916580049290516e-09
1228,1.793413029859159e-09
1229,1.7928605578918096e-09
1230,1.7926894664646626e-09
1231,1.7925310477732932e-09
1232,1.7914940872831005e-09
1233,1.792910375553556e-09
1234,1.7928659058847084e-09
1235,1.7925094956617126e-09
1236,1.7929090679499786e-09
1237,1.7923197067006417e-09
1238,1.7924663860801374e-09
1239,1.7927832639235783e-09
1240,1.7938095707745475e-09
1241,1.7938983916319455e-09
1242,1.7946267956495193e-09
1243,1.794192908152913e-09
1244,1.7944420541043805e-09
1245,1.7943057314371595e-09
1246,1.7941343430420954e-09
1247,1.7936001341036884e-09
1248,1.7938033150278534e-09
1249,1.7938684828694943e-09
1250,1.7928643413037436e-09
1251,1.7914852841530183e-09
1252,1.7923288775582893e-09
1253,1.790974803824939e-09
1254,1.791204985229823e-09
1255,1.7922270801048718e-09
1256,1.7916523270682665e-09
1257,1.7924317531117785e-09
1258,1.7930224842192038e-09
1259,1.7933144576698728e-09
1260,1.7925972824715463e-09
1261,1.7928077392767493e-09
1262,1.7933520582529016e-09
1263,1.7936626759126811e-09
1264,1.7934042104452872e-09
1265,1.7929788162441708e-09
1266,1.7934610758695443e-09
1267,1.7935630659690632e-09
1268,1.7936749544810735e-09
1269,1.7945715537013276e-09
1270,1.7944542663752662e-09
1271,1.793951564489202e-09
1272,1.7940477730205873e-09
1273,1.7941697050323581e-09
1274,1.7935732096765969e-09
1275,1.792939853827444e-09
1276,1.792477319590435e-09
1277,1.7932832439864807e-09
1278,1.792990179187686e-09
1279,1.7936784605459166e-09
1280,1.792581832545893e-09
1281,1.7928780411789905e-09
1282,1.7925004807415139e-09
1283,1.7932176200808105e-09
1284,1.794386728302948e-09
1285,1.7932311565240248e-09
1286,1.7938614728390315e-09
1287,1.7941757778561843e-09
1288,1.793031119916094e-09
1289,1.793298874139388e-09
1290,1.7937909138975598e-09
1291,1.7947926193113929e-09
1292,1.79475558132245e-09
1293,1.794020283309428e-09
1294,1.793420399388766e-09
1295,1.7930022959448302e-09
1296,1.7921852813639373e-09
1297,1.7928101762319724e-09
1298,1.7933300688851708e-09
1299,1.7930873002265104e-09
1300,1.7920777472230819e-09
1301,1.7919390583705295e-09
1302,1.7922386634173443e-09
1303,1.7933075328049736e-09
1304,1.792818528590262e-09
1305,1.7925791540306168e-09
1306,1.7934077141276687e-09
1307,1.7934025762411843e-09
1308,1.793380931216932e-09
1309,1.7936156970842952e-09
1310,1.7945213088415625e-09
1311,1.7932906351343467e-09
1312,1.794299266513291e-09
1313,1.7941438160427107e-09
1314,1.7934487358772886e-09
1315,1.7929222275890554e-09
1316,1.7930989968078619e-09
1317,1.7935601325845768e-09
1318,1.794391219954271e-09
1319,1.7931414657731755e-09
1320,1.7930303724275534e-09
1321,1.7931022817419487e-09
1322,1.7936473167417446e-09
1323,1.7927345928220692e-09
1324,1.7926908405936935e-09
1325,1.7923116929279421e-09
1326,1.7919818431324147e-09
1327,1.7926659752416827e-09
1328,1.7926194812503107e-09
1329,1.7924360297968365e-09
1330,1.7927651071692806e-09
1331,1.7935690560417393e-09
1332,1.7920977451334886e-09
1333,1.7933869646826224e-09
1334,1.7925283109433934e-09
1335,1.7926838728654783e-09
1336,1.7933096124607784e-09
1337,1.7937014065432077e-09
1338,1.794034558658345e-09
1339,1.7949468897237228e-09
1340,1.7938056804459116e-09
1341,1.792190096206823e-09
1342,1.7922618348808475e-09
1343,1.7925126663746177e-09
1344,1.7942216381518638e-09
1345,1.792142141250771e-09
1346,1.792146997538031e-09
1347,1.790970202474604e-09
1348,1.7906517202047103e-09
1349,1.7906402491791076e-09
1350,1.791610254216408e-09
1351,1.7909087039752828e-09
1352,1.7920358834506267e-09
1353,1.79199086048826e-09
1354,1.7924755078480676e-09
1355,1.7924172625792407e-09
1356,1.7925478431033828e-09
1357,1.7920309444052251e-09
1358,1.791935872226173e-09
1359,1.7914962653540383e-09
1360,1.7916348269153094e-09
1361,1.7920765557604961e-09
1362,1.7922088115244296e-09
1363,1.7915408528898962e-09
1364,1.7921081426071907e-09
1365,1.7924204194006854e-09
1366,1.7928693932170049e-09
1367,1.7924615151099233e-09
1368,1.7915431457410703e-09
1369,1.7918422936433089e-09
1370,1.792542320187885e-09
1371,1.7926680723942032e-09
1372,1.7921190445987663e-09
1373,1.7930315232972417e-09
1374,1.7936173766074142e-09
1375,1.792447196713586e-09
1376,1.7926962483298221e-09
1377,1.7938264322483692e-09
1378,1.7938197021844147e-09
1379,1.793218858794444e-09
1380,1.7924175203639698e-09
1381,1.7923709448578443e-09
1382,1.7932211218280195e-09
1383,1.7939846668735304e-09
1384,1.7942328603934384e-09
1385,1.7942933292251267e-09
1386,1.7948442223178862e-09
1387,1.7936415215229e-09
1388,1.7931131162621787e-09
1389,1.7933375309855198e-09
1390,1.792891490396798e-09
1391,1.7924436316342044e-09
1392,1.7919152822897195e-09
1393,1.7930502351911466e-09
1394,1.793463928157206e-09
1395,1.7935848964366224e-09
1396,1.7935303520566822e-09
1397,1.7947355669828302e-09
1398,1.7942769896664212e-09
1399,1.795183960926723e-09
1400,1.7961987173424411e-09
1401,1.795761713891883e-09
1402,1.795573495988448e-09
1403,1.7952900835813323e-09
1404,1.795429178596915e-09
1405,1.793875426371573e-09
1406,1.794091182088744e-09
1407,1.7941787615583071e-09
1408,1.7945612959879063e-09
1409,1.794961437581746e-09
1410,1.795252679667963e-09
1411,1.7949730597674374e-09
1412,1.7946339501866827e-09
1413,1.7941159111332614e-09
1414,1.7944367837915374e-09
1415,1.794184249630924e-09
1416,1.793423186823935e-09
1417,1.7948455103642185e-09
1418,1.7947749754801504e-09
1419,1.7950515968262155e-09
1420,1.7940684429048264e-09
1421,1.7941875913298843e-09
1422,1.7948252353930577e-09
1423,1.7954127955671695e-09
1424,1.7952274454673172e-09
1425,1.7942727436398057e-09
1426,1.7952524689272944e-09
1427,1.7946561166686297e-09
1428,1.7955507704742754e-09
1429,1.7953333819675862e-09
1430,1.794524082197987e-09
1431,1.7943775525635965e-09
1432,1.7938151052150903e-09
1433,1.7921173286508081e-09
1434,1.7932615673671381e-09
1435,1.792525811612032e-09
1436,1.792647661751279e-09
1437,1.7923941708770691e-09
1438,1.7927064022038517e-09
1439,1.7920784892829824e-09
1440,1.7914739576618558e-09
1441,1.792464266117979e-09
1442,1.7923788177624377e-09
1443,1.7929386093803925e-09
1444,1.7924510203999753e-09
1445,1.7926162011804492e-09
1446,1.7925861302530824e-09
1447,1.7926640377525208e-09
1448,1.7936556183611887e-09
1449,1.7936437349154954e-09
1450,1.7941338751543369e-09
1451,1.7937691008180209e-09
1452,1.794181299554233e-09
1453,1.794623879809207e-09
1454,1.7946031048799848e-09
1455,1.7935439284835971e-09
1456,1.7935882244236022e-09
1457,1.793178734760267e-09
1458,1.7933949669728911e-09
1459,1.793820868717159e-09
1460,1.7938258527818348e-09
1461,1.7934940994230312e-09
1462,1.7937879579169058e-09
1463,1.7932995689857756e-09
1464,1.7931863430027954e-09
1465,1.7942411979353952e-09
1466,1.7932779878386426e-09
1467,1.793948688419064e-09
1468,1.793446969783904e-09
1469,1.7926952549941596e-09
1470,1.7920583689261137e-09
1471,1.79242193735842e-09
1472,1.793153440180594e-09
1473,1.7932056203791308e-09
1474,1.7931839909466065e-09
1475,1.7931052033224007e-09
1476,1.793392670761909e-09
1477,1.793356262013787e-09
1478,1.7931553281280575e-09
1479,1.793659724342936e-09
1480,1.7932152023390786e-09
1481,1.7927396204636014e-09
1482,1.7908166256205587e-09
1483,1.79180332201396e-09
1484,1.7912323468228945e-09
1485,1.7903736949956934e-09
1486,1.7914269205137609e-09
1487,1.7925561396177e-09
1488,1.7932660648984329e-09
1489,1.7941316998745568e-09
1490,1.7943349407729368e-09
1491,1.7949106868479447e-09
1492,1.7933864915207182e-09
1493,1.7944915858615194e-09
1494,1.792934508312202e-09
1495,1.7921753245590013e-09
1496,1.793613035369499e-09
1497,1.793177626065932e-09
1498,1.791738998984396e-09
1499,1.7923419270590031e-09
1500,1.79238708736581e-09
1501,1.792570096802936e-09
1502,1.7936543197685664e-09
1503,1.7923424821307227e-09
1504,1.7927503642218074e-09
1505,1.791923401505522e-09
1506,1.792656753823284e-09
1507,1.7923250453266087e-09
1508,1.7932038515328796e-09
1509,1.7923247812968069e-09
1510,1.7936232393484822e-09
1511,1.7944065469877715e-09
1512,1.7955874202151746e-09
1513,1.7935447240716654e-09
1514,1.7931420187830459e-09
1515,1.7938427086804062e-09
1516,1.7944241197345543e-09
1517,1.7951324045495162e-09
1518,1.7942108374563799e-09
1519,1.7935315150318882e-09
1520,1.793605894193625e-09
1521,1.7935881124084133e-09
1522,1.7933484653247376e-09
1523,1.7924382614537484e-09
1524,1.7921945826705929e-09
1525,1.7925423381918646e-09
1526,1.7929047722654382e-09
1527,1.7924059604284742e-09
1528,1.7927002271804488e-09
1529,1.7931506767963713e-09
1530,1.793373219225906e-09
1531,1.7930763672004826e-09
1532,1.7927181699694629e-09
1533,1.7934431667260541e-09
1534,1.7933481953081882e-09
1535,1.7929324530327573e-09
1536,1.7931166225758327e-09
1537,1.793533794184519e-09
1538,1.793443807007177e-09
1539,1.7934849905775392e-09
1540,1.792849241028211e-09
1541,1.7925504990564048e-09
1542,1.7924945046292045e-09
1543,1.7927008329671148e-09
1544,1.7931256392023775e-09
1545,1.79292722719143e-09
1546,1.7924559343929878e-09
1547,1.7927086559311882e-09
1548,1.792508080357253e-09
1549,1.7930114746926274e-09
1550,1.7928614989754388e-09
1551,1.7934203719383096e-09
1552,1.792357889133605e-09
1553,1.7919681132161136e-09
1554,1.7923126492556216e-09
1555,1.7927756529863072e-09
1556,1.791052415912767e-09
1557,1.7913862181669292e-09
1558,1.7919185512907613e-09
1559,1.7915404775664442e-09
1560,1.7905595755937775e-09
1561,1.7915445265863202e-09
1562,1.7906462849639305e-09
1563,1.7904055391636495e-09
1564,1.7909534210046748e-09
1565,1.7903858455384812e-09
1566,1.7914243002372411e-09
1567,1.7912314214813772e-09
1568,1.7911112821311793e-09
1569,1.7909809810755089e-09
1570,1.790954437084788e-09
1571,1.791488710706982e-09
1572,1.7918008802807372e-09
1573,1.7912528107352687e-09
1574,1.7935307791439711e-09
1575,1.7930984549125066e-09
1576,1.7930991427677867e-09
1577,1.7928739027919544e-09
1578,1.7924047854408499e-09
1579,1.7928933953134003e-09
1580,1.7922660532068012e-09
1581,1.792350775410497e-09
1582,1.7918774227435605e-09
1583,1.7928646472587648e-09
1584,1.792485912874011e-09
1585,1.7931714622809094e-09
1586,1.7935432138593741e-09
1587,1.7926584793983747e-09
1588,1.7924892010783607e-09
1589,1.792843484550534e-09
1590,1.7925676190985254e-09
1591,1.7929188127556553e-09
1592,1.7928865327307303e-09
1593,1.7924988761486745e-09
1594,1.7915304061257254e-09
1595,1.7911394951456535e-09
1596,1.79206508510866e-09
1597,1.7932033761610965e-09
1598,1.7922290519437824e-09
1599,1.792376493333176e-09
1600,1.7934453622409268e-09
1601,1.7935990025677779e-09
1602,1.793906628007412e-09
1603,1.7943975780038005e-09
1604,1.7937944404501901e-09
1605,1.794442804280621e-09
1606,1.7935797832598933e-09
1607,1.7938420332306513e-09
1608,1.794287256156977e-09
1609,1.7944141253186296e-09
1610,1.7941081679604543e-09
1611,1.794066810829309e-09
1612,1.7949175154993506e-09
1613,1.7938015290818586e-09
1614,1.7943941130905616e-09
1615,1.7945159970968445e-09
1616,1.794510672823005e-09
1617,1.794483530860104e-09
1618,1.7956996925247314e-09
1619,1.7946274899160925e-09
1620,1.7937558229317167e-09
1621,1.794735830972054e-09
1622,1.7933314590975653e-09
1623,1.7940739919504294e-09
1624,1.793530576258383e-09
1625,1.7940309473988927e-09
1626,1.7937405846674817e-09
1627,1.7933689828486926e-09
1628,1.7934729146547458e-09
1629,1.7930274390412265e-09
1630,1.793961250867716e-09
1631,1.7926802680847225e-09
1632,1.7938007410243889e-09
1633,1.7937997907431929e-09
1634,1.793098060208472e-09
1635,1.7934690190224719e-09
1636,1.7930776507316403e-09
1637,1.7933116371373154e-09
1638,1.793404123143823e-09
1639,1.7937628791463558e-09
1640,1.793081773951261e-09
1641,1.7940878104402587e-09
1642,1.7941653563276771e-09
1643,1.7948904359432545e-09
1644,1.794975967310727e-09
1645,1.7930526235882061e-09
1646,1.7927670558429233e-09
1647,1.7934600308284332e-09
1648,1.7931942519417647e-09
1649,1.7939472955522337e-09
1650,1.79330142453717e-09
1651,1.7934391844203523e-09
1652,1.7927581475247366e-09
1653,1.7931218496656611e-09
1654,1.7929808896422495e-09
1655,1.7935987039229993e-09
1656,1.7930045605897671e-09
1657,1.7941816788137843e-09
1658,1.7938996700955863e-09
1659,1.7933843303998156e-09
1660,1.793015778906327e-09
1661,1.7927610068175037e-09
1662,1.7931125963714532e-09
1663,1.7932463637475555e-09
1664,1.7932927128947583e-09
1665,1.7926514746227753e-09
1666,1.7930465438406507e-09
1667,1.7927391590165645e-09
1668,1.7924941323194972e-09
1669,1.793329261386495e-09
1670,1.7920906387200392e-09
1671,1.7921490489781817e-09
1672,1.7920086325885678e-09
1673,1.7926704394604173e-09
1674,1.7925327514945452e-09
1675,1.791785851189577e-09
1676,1.7920890719707853e-09
1677,1.7926501695885376e-09
1678,1.7921288427031078e-09
1679,1.7922216710129052e-09
1680,1.7915457368227816e-09
1681,1.7920899262754715e-09
1682,1.7910141341647158e-09
1683,1.7932637881284158e-09
1684,1.7927771175812156e-09
1685,1.7929260859907986e-09
1686,1.7932750143774488e-09
1687,1.793336733448595e-09
1688,1.7941822734499853e-09
1689,1.793750189178108e-09
1690,1.7919519435732587e-09
1691,1.792499052213231e-09
1692,1.7932624517568028e-09
1693,1.793335625188976e-09
1694,1.7927322813031404e-09
1695,1.7930516449539516e-09
1696,1.7928239030308303e-09
1697,1.7932373127549984e-09
1698,1.7939927696271856e-09
1699,1.794292775905321e-09
1700,1.7950078483725878e-09
1701,1.794519585184274e-09
1702,1.7936472923690565e-09
1703,1.7926880438005387e-09
1704,1.793235536275493e-09
1705,1.7941770951789068e-09
1706,1.7933101621030622e-09
1707,1.7941173712169966e-09
1708,1.7948242849449064e-09
1709,1.7935270371575902e-09
1710,1.793520602948601e-09
1711,1.7926992953267215e-09
1712,1.793442710517185e-09
1713,1.7929121120469625e-09
1714,1.7932241022092813e-09
1715,1.793324278376301e-09
1716,1.7936732835232464e-09
1717,1.7935701578241388e-09
1718,1.793398592809583e-09
1719,1.7944154500123017e-09
1720,1.794024704236076e-09
1721,1.793733520038175e-09
1722,1.7936962989365942e-09
1723,1.7932683904547585e-09
1724,1.7954302575881554e-09
1725,1.7954409801829767e-09
1726,1.7947293344472718e-09
1727,1.7935540431958492e-09
1728,1.7937816891604823e-09
1729,1.7937144750712585e-09
1730,1.7922312798398624e-09
1731,1.7918445994591204e-09
1732,1.7922318021379015e-09
1733,1.7926411202441324e-09
1734,1.7926328265825228e-09
1735,1.7925100906554656e-09
1736,1.7921062009210215e-09
1737,1.7921150593771896e-09
1738,1.7925963195822094e-09
1739,1.79307877131952e-09
1740,1.7939927139728877e-09
1741,1.7931930704805627e-09
1742,1.7935769663642596e-09
1743,1.7924087787487849e-09
1744,1.7929644549428117e-09
1745,1.7933840974921339e-09
1746,1.7938450665595775e-09
1747,1.7945653045251094e-09
1748,1.7927344053221618e-09
1749,1.7920145701782289e-09
1750,1.7923399958412267e-09
1751,1.7922945554945187e-09
1752,1.792932937683682e-09
1753,1.7923892687244001e-09
1754,1.7932924885160033e-09
1755,1.793725810541885e-09
1756,1.7931817021823764e-09
1757,1.7932736331512961e-09
1758,1.7926722606675562e-09
1759,1.7937455873141596e-09
1760,1.7942837697107376e-09
1761,1.7934844703323175e-09
1762,1.792858870033166e-09
1763,1.7932133493370047e-09
1764,1.7933922106587353e-09
1765,1.7935398544221594e-09
1766,1.7934620561492724e-09
1767,1.7937386591869508e-09
1768,1.793746626571609e-09
1769,1.7944252359092511e-09
1770,1.7947070620061618e-09
1771,1.793855773253393e-09
1772,1.7951719127328287e-09
1773,1.7939174297679594e-09
1774,1.7932950205703244e-09
1775,1.7938758529528358e-09
1776,1.7943450738191908e-09
1777,1.7945516946091278e-09
1778,1.7941155065987723e-09
1779,1.794247869122365e-09
1780,1.794172622333239e-09
1781,1.7941210221610069e-09
1782,1.7942879745245742e-09
1783,1.7929834121777703e-09
1784,1.7933241642183454e-09
1785,1.7949370683589576e-09
1786,1.7949669629809583e-09
1787,1.7949399366237037e-09
1788,1.7959859470459164e-09
1789,1.7953710604005576e-09
1790,1.7947372318224e-09
1791,1.7953618833880635e-09
1792,1.7947360633254249e-09
1793,1.7944027448587215e-09
1794,1.7948342034951038e-09
1795,1.795058555692812e-09
1796,1.7955551473650038e-09
1797,1.7948460556133515e-09
1798,1.7948891868939882e-09
1799,1.7946070527172316e-09
1800,1.7944283320944933e-09
1801,1.794366823279467e-09
1802,1.7937436607666296e-09
1803,1.7941758772840463e-09
1804,1.7942260379337337e-09
1805,1.7930558286047517e-09
1806,1.792743588785384e-09
1807,1.792996622537073e-09
1808,1.794627173595136e-09
1809,1.7941364009601603e-09
1810,1.7939318472971931e-09
1811,1.7944385965884071e-09
1812,1.7934862390396292e-09
1813,1.7938431944141739e-09
1814,1.7942647579263995e-09
1815,1.7945390849448449e-09
1816,1.7932548299304444e-09
1817,1.7930601083194418e-09
1818,1.7937884009037721e-09
1819,1.7932071125792776e-09
1820,1.7938195648319621e-09
1821,1.7927185791863962e-09
1822,1.7930655050542544e-09
1823,1.7933397312155568e-09
1824,1.792951026135964e-09
1825,1.7922371340870966e-09
1826,1.792140097909568e-09
1827,1.7933753676723265e-09
1828,1.7938814965589136e-09
1829,1.7938255715171757e-09
1830,1.7937700550491902e-09
1831,1.7946002285669352e-09
1832,1.7931829986098249e-09
1833,1.7942964685052632e-09
1834,1.7937088886511582e-09
1835,1.7931042447271358e-09
1836,1.7944843565893904e-09
1837,1.7941718369364704e-09
1838,1.7941013661378312e-09
1839,1.793444825179315e-09
1840,1.793930563464573e-09
1841,1.7947112962960867e-09
1842,1.793936404833718e-09
1843,1.7943216926664011e-09
1844,1.793533297685172e-09
1845,1.7931180837042689e-09
1846,1.7922882442858536e-09
1847,1.79177134836228e-09
1848,1.7931446861465637e-09
1849,1.7934804602711017e-09
1850,1.79449665568064e-09
1851,1.793872316088369e-09
1852,1.7935631330922779e-09
1853,1.793521291662269e-09
1854,1.793874781847596e-09
1855,1.7934255557050385e-09
1856,1.793578871600285e-09
1857,1.7940357843903214e-09
1858,1.7940569279686358e-09
1859,1.7942322388965412e-09
1860,1.794561174313371e-09
1861,1.7945816139857784e-09
1862,1.7950477167971934e-09
1863,1.7943066598064319e-09
1864,1.7945737749524161e-09
1865,1.79453279262304e-09
1866,1.7942573678933722e-09
1867,1.793533568549907e-09
1868,1.7950877258195695e-09
1869,1.7951404295043148e-09
1870,1.7944885168530632e-09
1871,1.793791177866632e-09
1872,1.7931565783520514e-09
1873,1.7935617722420577e-09
1874,1.7941555508342478e-09
1875,1.7942460179841186e-09
1876,1.7949458997750052e-09
1877,1.794829924485045e-09
1878,1.7938163897848685e-09
1879,1.7938098932382617e-09
1880,1.792360515868833e-09
1881,1.7916962418488288e-09
1882,1.7923400618408231e-09
1883,1.7931797071463278e-09
1884,1.7933856445720137e-09
1885,1.792220187847826e-09
1886,1.79183531145424e-09
1887,1.7931600837463605e-09
1888,1.7923115821130875e-09
1889,1.7931640514426095e-09
1890,1.7929388298317607e-09
1891,1.793257565455986e-09
1892,1.793266646142289e-09
1893,1.7934197677916327e-09
1894,1.7935412286189766e-09
1895,1.7931540162196633e-09
1896,1.7937167845044877e-09
1897,1.7948364248534539e-09
1898,1.7937670476399859e-09
1899,1.7935068430646741e-09
1900,1.7927906830524395e-09
1901,1.7933604244201845e-09
1902,1.793331377072521e-09
1903,1.7935339657359892e-09
1904,1.79372148371147e-09
1905,1.7926335154611742e-09
1906,1.794056458496311e-09
1907,1.794539184461671e-09
1908,1.7956982273598652e-09
1909,1.7936879530438712e-09
1910,1.793633197784175e-09
1911,1.7927074634068484e-09
1912,1.7933631969037741e-09
1913,1.793147617745129e-09
1914,1.793163284379137e-09
1915,1.7929934691080414e-09
1916,1.7934346219415838e-09
1917,1.7934809917673321e-09
1918,1.7936399870399898e-09
1919,1.7928110308979173e-09
1920,1.7918049166917128e-09
1921,1.7918247436948966e-09
1922,1.7922800238832796e-09
1923,1.792506778703085e-09
1924,1.7936013289458237e-09
1925,1.7934213197708225e-09
1926,1.7923185134401708e-09
1927,1.7925629098338453e-09
1928,1.7917870620270057e-09
1929,1.7915788920348847e-09
1930,1.7928838396852988e-09
1931,1.7922896144721031e-09
1932,1.7928671745315403e-09
1933,1.7932179486132994e-09
1934,1.7950587095355917e-09
1935,1.794760911655587e-09
1936,1.7956209133330266e-09
1937,1.7953971844168203e-09
1938,1.7955988520902932e-09
1939,1.7957909538355748e-09
1940,1.7958454612319135e-09
1941,1.795793826691847e-09
1942,1.7962162071456728e-09
1943,1.796127325398735e-09
1944,1.7957895653613039e-09
1945,1.7951673358331232e-09
1946,1.7953902025067229e-09
1947,1.7957041344549058e-09
1948,1.795709965209544e-09
1949,1.7956418852551716e-09
1950,1.7945928859375443e-09
1951,1.7942380917530705e-09
1952,1.7942205792303768e-09
1953,1.79407067524092e-09
1954,1.7937581377030824e-09
1955,1.7929664421739393e-09
1956,1.7927499045486224e-09
1957,1.7929323311878547e-09
1958,1.7937884920949486e-09
1959,1.7945572084223278e-09
1960,1.794380456529553e-09
1961,1.7951843188278197e-09
1962,1.7947916813564015e-09
1963,1.794352399004296e-09
1964,1.7937598484424201e-09
1965,1.7938835515891944e-09
1966,1.7942205574404321e-09
1967,1.793560662263152e-09
1968,1.7923623227692745e-09
1969,1.7928497974430706e-09
1970,1.7931051236854654e-09
1971,1.7934022646349409e-09
1972,1.7953256777052188e-09
1973,1.794880117385278e-09
1974,1.7954229692322943e-09
1975,1.7951597003278488e-09
1976,1.7946889310465102e-09
1977,1.7939208513547994e-09
1978,1.7940739659571964e-09
1979,1.7930959511542483e-09
1980,1.7917850848962618e-09
1981,1.7934058312251012e-09
1982,1.79324763304373e-09
1983,1.7916299844932805e-09
1984,1.7921921762184268e-09
1985,1.7919255198113988e-09
1986,1.7936435018073825e-09
1987,1.794282409600545e-09
1988,1.7925941287957045e-09
1989,1.7940373357415728e-09
1990,1.7945400617725432e-09
1991,1.794463250967925e-09
1992,1.7935153033604735e-09
1993,1.792485037398318e-09
1994,1.7930420165990564e-09
1995,1.7936819091231255e-09
1996,1.7934004889540658e-09
1997,1.793705762145919e-09
1998,1.7934781863856367e-09
1999,1.7928421782272103e-09
2000,1.7932991739713103e-09
2001,1.7936640796930396e-09
2002,1.7946517079685416e-09
2003,1.7940114313946934e-09
2004,1.7926583960371094e-09
2005,1.7935019967078e-09
2006,1.7928358317637369e-09
2007,1.7937794773230408e-09
2008,1.7936428591034284e-09
2009,1.7939366028814415e-09
2010,1.794004674520144e-09
2011,1.7944381203611193e-09
2012,1.7941882463842724e-09
2013,1.794288118371331e-09
2014,1.7939057615863827e-09
2015,1.7951965439294715e-09
2016,1.7948595236277458e-09
2017,1.795091607246911e-09
2018,1.7940294145038157e-09
2019,1.7937973858916496e-09
2020,1.7941941318593996e-09
2021,1.794147188021508e-09
2022,1.7935248758819755e-09
2023,1.7935351543353174e-09
2024,1.7933073706237343e-09
2025,1.7934410540692766e-09
2026,1.7926059996612e-09
2027,1.794269863859284e-09
2028,1.7942994193767157e-09
2029,1.7949638485195398e-09
2030,1.7953177461794888e-09
2031,1.7944468881368575e-09
2032,1.7946364379881189e-09
2033,1.7946079339679111e-09
2034,1.7937456549808304e-09
2035,1.7928646161264065e-09
2036,1.7927264525138513e-09
2037,1.7932934704255905e-09
2038,1.793780282732528e-09
2039,1.7937516867228165e-09
2040,1.794478181994571e-09
2041,1.7939307582638704e-09
2042,1.7941646720187443e-09
2043,1.7950219845317133e-09
2044,1.7940218156577e-09
2045,1.7928424623310992e-09
2046,1.7934989003333572e-09
2047,1.7936531855070031e-09
2048,1.7928391630986713e-09
2049,1.7928600376628592e-09
2050,1.7935484015956506e-09
2051,1.7930806443616362e-09
2052,1.7933371565699751e-09
2053,1.7934609312530532e-09
2054,1.7945754577157937e-09
2055,1.793921802634027e-09
2056,1.7947074301285786e-09
2057,1.7955046478145693e-09
2058,1.7947252625424416e-09
2059,1.795280801238063e-09
2060,1.7930054981272565e-09
2061,1.793154242898833e-09
2062,1.7935219482256786e-09
2063,1.7936332590464206e-09
2064,1.793805866957747e-09
2065,1.7946157402383968e-09
2066,1.7955271618665664e-09
2067,1.795252589128723e-09
2068,1.7947958137045058e-09
2069,1.7947185020335658e-09
2070,1.7950000827374006e-09
2071,1.7935814182724517e-09
2072,1.7944327413672243e-09
2073,1.7945698523098906e-09
2074,1.7943667655387027e-09
2075,1.7960455517190445e-09
2076,1.7952513428333014e-09
2077,1.7954649352013342e-09
2078,1.7953053425101755e-09
2079,1.794706092405369e-09
2080,1.7948114403570564e-09
2081,1.7949470427862757e-09
2082,1.7952240489044847e-09
2083,1.795470926125003e-09
2084,1.7951260123142925e-09
2085,1.7945740403098382e-09
2086,1.7955903534866127e-09
2087,1.7949550128760744e-09
2088,1.7945059535942906e-09
2089,1.7945865930082553e-09
2090,1.7942841221875532e-09
2091,1.79366505569899e-09
2092,1.7931878110207496e-09
2093,1.7923889174034705e-09
2094,1.7928676921455989e-09
2095,1.7927645977014143e-09
2096,1.7927875045784432e-09
2097,1.792930661883924e-09
2098,1.7934816867484117e-09
2099,1.7928885404237848e-09
2100,1.792750036303837e-09
2101,1.793399424253524e-09
2102,1.7930324495318357e-09
2103,1.7918265883381949e-09
2104,1.7920624084301916e-09
2105,1.7933350706931719e-09
2106,1.79247800691097e-09
2107,1.7931549066854723e-09
2108,1.793070136124944e-09
2109,1.792667165304225e-09
2110,1.7926915404135158e-09
2111,1.7926471651271555e-09
2112,1.792800738995144e-09
2113,1.7930479811058342e-09
2114,1.7927600828137445e-09
2115,1.7923142537462233e-09
2116,1.793089654814422e-09
2117,1.7934712788250302e-09
2118,1.7941944563413932e-09
2119,1.7947497934628418e-09
2120,1.7934464774176713e-09
2121,1.7927771595086986e-09
2122,1.7926646880792563e-09
2123,1.7922599373098109e-09
2124,1.7931881559561278e-09
2125,1.7945383214644766e-09
2126,1.794413194262015e-09
2127,1.7934203236503968e-09
2128,1.7937159216749453e-09
2129,1.7930830711406568e-09
2130,1.7931165832591553e-09
2131,1.792176493353835e-09
2132,1.7926598383403614e-09
2133,1.7923005877805328e-09
2134,1.79246937177804e-09
2135,1.7918646329359334e-09
2136,1.793187140656642e-09
2137,1.7934923132999483e-09
2138,1.7931055400947926e-09
2139,1.7933458078778536e-09
2140,1.7938999145594871e-09
2141,1.7934297568652606e-09
2142,1.7929656310350253e-09
2143,1.7938119633755796e-09
2144,1.7935941967773741e-09
2145,1.7944092809635561e-09
2146,1.793985109299559e-09
2147,1.7949585954847262e-09
2148,1.7933791749054634e-09
2149,1.7942252096271875e-09
2150,1.7951793609439703e-09
2151,1.7950370060203554e-09
2152,1.795415930948591e-09
2153,1.79507225641325e-09
2154,1.7934733768418856e-09
2155,1.7935899267763162e-09
2156,1.7933297499333048e-09
2157,1.7925518651434297e-09
2158,1.7947497990749943e-09
2159,1.794186566749668e-09
2160,1.794279251646048e-09
2161,1.7941468771959196e-09
2162,1.7936418684843757e-09
2163,1.793059302856812e-09
2164,1.7928367599196295e-09
2165,1.793699999364772e-09
2166,1.7930913193884622e-09
2167,1.7936425389691423e-09
2168,1.7942795715694223e-09
2169,1.7948784178430532e-09
2170,1.794706966102954e-09
2171,1.7944925961025852e-09
2172,1.7931855236935051e-09
2173,1.7938552565361752e-09
2174,1.7936086950533532e-09
2175,1.793596309936155e-09
2176,1.793134318622525e-09
2177,1.7926121208870406e-09
2178,1.792097510887741e-09
2179,1.7923029241212197e-09
2180,1.7924001811868403e-09
2181,1.7926012587835985e-09
2182,1.7928844741634717e-09
2183,1.7929501073372981e-09
2184,1.7935922389884556e-09
2185,1.7931622781911711e-09
2186,1.794367123160357e-09
2187,1.7940875274274438e-09
2188,1.7932292290705146e-09
2189,1.7937343115534023e-09
2190,1.7944139385807839e-09
2191,1.7941044183819628e-09
2192,1.794751750486871e-09
2193,1.792793987921235e-09
2194,1.7931402988230222e-09
2195,1.7929290842707765e-09
2196,1.792548721471909e-09
2197,1.7923931927422383e-09
2198,1.792648200408245e-09
2199,1.7924518776767704e-09
2200,1.7929304316115238e-09
2201,1.792702738699875e-09
2202,1.792110391144735e-09
2203,1.7920823242071426e-09
2204,1.792148573480304e-09
2205,1.7918764586673098e-09
2206,1.7930691423593596e-09
2207,1.7942655214984902e-09
2208,1.7940291589324732e-09
2209,1.7938026154341208e-09
2210,1.7937009467581975e-09
2211,1.7929383396191206e-09
2212,1.7935613820468252e-09
2213,1.7937457977876383e-09
2214,1.7923398024540205e-09
2215,1.7926911362053712e-09
2216,1.79267694597863e-09
2217,1.7933096139002166e-09
2218,1.7921538363798864e-09
2219,1.7921519891942918e-09
2220,1.7919463570876721e-09
2221,1.7927986714035027e-09
2222,1.7930211324872297e-09
2223,1.7932432801499453e-09
2224,1.793288593395268e-09
2225,1.7937931263611084e-09
2226,1.791883758722267e-09
2227,1.7922125313848652e-09
2228,1.7928235439115337e-09
2229,1.7925869361986776e-09
2230,1.7931899717250907e-09
2231,1.7931497360150004e-09
2232,1.793315288528507e-09
2233,1.7928128061662292e-09
2234,1.792593941585753e-09
2235,1.79299689340064e-09
2236,1.791493151184134e-09
2237,1.792419853278911e-09
2238,1.793020255334185e-09
2239,1.7928744069109821e-09
2240,1.7919881053312357e-09
2241,1.7919175617211836e-09
2242,1.7920508601227626e-09
2243,1.792627922530833e-09
2244,1.7928871624932876e-09
2245,1.7926982744214197e-09
2246,1.7928040815782044e-09
2247,1.7923567541017874e-09
2248,1.7928711729311264e-09
2249,1.7932135617783411e-09
2250,1.7932362944628217e-09
2251,1.7948173046706228e-09
2252,1.794834484980316e-09
2253,1.7955928074740244e-09
2254,1.7938300697529405e-09
2255,1.7947364928399359e-09
2256,1.7940154097604514e-09
2257,1.7933419650161103e-09
2258,1.7933323465575224e-09
2259,1.792502228568117e-09
2260,1.792940089940365e-09
2261,1.793020653137915e-09
2262,1.7936789563517417e-09
2263,1.790888805271282e-09
2264,1.7917764621113656e-09
2265,1.7922402363242478e-09
2266,1.7907562276577333e-09
2267,1.791361729564868e-09
2268,1.7918725192745554e-09
2269,1.7915914260941683e-09
2270,1.7918260922095526e-09
2271,1.791707574063721e-09
2272,1.7921173530623953e-09
2273,1.7917133940334237e-09
2274,1.792237246532449e-09
2275,1.7925936902634351e-09
2276,1.7925812339806133e-09
2277,1.7931716902087198e-09
2278,1.7924156919176236e-09
2279,1.7928554253007173e-09
2280,1.7931958286558987e-09
2281,1.7929121444960962e-09
2282,1.793533411443228e-09
2283,1.7922815044901686e-09
2284,1.792196358973596e-09
2285,1.793876674277788e-09
2286,1.7950037970174012e-09
2287,1.7929308309058253e-09
2288,1.7931055160573575e-09
2289,1.7931786580750988e-09
2290,1.7939577968063349e-09
2291,1.7925910898950442e-09
2292,1.7926136812798913e-09
2293,1.7928554232826694e-09
2294,1.792424262529158e-09
2295,1.793101148837755e-09
2296,1.7920705313986998e-09
2297,1.7921102065388894e-09
2298,1.7921168380301471e-09
2299,1.792178096026469e-09
2300,1.7924541513560344e-09
2301,1.7934694331863441e-09
2302,1.792200734970799e-09
2303,1.7923008941455936e-09
2304,1.79244760361095e-09
2305,1.792394153182957e-09
2306,1.7919392461239645e-09
2307,1.7920118276312777e-09
2308,1.7916244952657768e-09
2309,1.7924857258929158e-09
2310,1.7920314143776072e-09
2311,1.7935188154495927e-09
2312,1.7938627936025286e-09
2313,1.794674191778341e-09
2314,1.794804829815283e-09
2315,1.7955953064977682e-09
2316,1.7949220547479595e-09
2317,1.7945197626364023e-09
2318,1.7929243772907648e-09
2319,1.7940197187543156e-09
2320,1.7947553090917916e-09
2321,1.7941191133506625e-09
2322,1.793941207692282e-09
2323,1.7938985020246527e-09
2324,1.79400490294682e-09
2325,1.7948935389466006e-09
2326,1.7949437855303254e-09
2327,1.7944060657186357e-09
2328,1.794363829434384e-09
2329,1.7934228977317608e-09
2330,1.7937719304174466e-09
2331,1.7931495297643724e-09
2332,1.7931440041212158e-09
2333,1.793048633571821e-09
2334,1.7935749239193466e-09
2335,1.7926899947890599e-09
2336,1.7934767795465175e-09
2337,1.7940730154899214e-09
2338,1.793527788178137e-09
2339,1.7935841156741294e-09
2340,1.7941911968885977e-09
2341,1.7943370054995505e-09
2342,1.792547834580579e-09
2343,1.7925675643629656e-09
2344,1.7927380327053114e-09
2345,1.7927192634555168e-09
2346,1.7930856609426492e-09
2347,1.7928705384626089e-09
2348,1.7929414405594438e-09
2349,1.792660226552559e-09
2350,1.7925696546511924e-09
2351,1.7932526927053769e-09
2352,1.7933492519047252e-09
2353,1.7927854988831848e-09
2354,1.7937677688034209e-09
2355,1.7921189574865924e-09
2356,1.7931331196987872e-09
2357,1.7940919147066922e-09
2358,1.7937177083835756e-09
2359,1.7944364493679382e-09
2360,1.7933837673286652e-09
2361,1.7937824938941102e-09
2362,1.7926409947472065e-09
2363,1.7942500796586393e-09
2364,1.7944135684501303e-09
2365,1.7940448602017612e-09
2366,1.7946294325146741e-09
2367,1.793037975090319e-09
2368,1.7929621131874188e-09
2369,1.794003454146791e-09
2370,1.7934022881932807e-09
2371,1.7936184113763624e-09
2372,1.7927208160550877e-09
2373,1.7936286345054274e-09
2374,1.7928906817644994e-09
2375,1.794120518552159e-09
2376,1.7930315552460725e-09
2377,1.7934955181993026e-09
2378,1.793086336813753e-09
2379,1.7932987171559517e-09
2380,1.7933021394879008e-09
2381,1.792407455895853e-09
2382,1.7920180944152882e-09
2383,1.7928538073756654e-09
2384,1.7936872099573251e-09
2385,1.7929124072407914e-09
2386,1.7940601197882087e-09
2387,1.7941567391605578e-09
2388,1.7927364015184359e-09
2389,1.793388918228144e-09
2390,1.7932762331751394e-09
2391,1.7932636791350203e-09
2392,1.7932967188597448e-09
2393,1.7925204833741049e-09
2394,1.7930477770161924e-09
2395,1.7926217032700198e-09
2396,1.7931682070748733e-09
2397,1.7931613526219093e-09
2398,1.7919862216583822e-09
2399,1.792590973241888e-09
2400,1.7907015507626691e-09
2401,1.791437007603665e-09
2402,1.7925625895751685e-09
2403,1.792374168012559e-09
2404,1.7933160545190409e-09
2405,1.7947524866853133e-09
2406,1.7948448071341142e-09
2407,1.7939248858445707e-09
2408,1.793933305074815e-09
2409,1.7933850111189027e-09
2410,1.7938183436830769e-09
2411,1.7938045884704828e-09
2412,1.7946737461624832e-09
2413,1.7945986953444755e-09
2414,1.7942921834759232e-09
2415,1.7941162174554619e-09
2416,1.7933506874872784e-09
2417,1.7924506810836915e-09
2418,1.793209933377649e-09
2419,1.7925243857999528e-09
2420,1.792533405865811e-09
2421,1.7921167529268024e-09
2422,1.7928113881875637e-09
2423,1.7927648020299763e-09
2424,1.791299992215271e-09
2425,1.791213870877702e-09
2426,1.7921809075841793e-09
2427,1.7920039903553146e-09
2428,1.7926873333045016e-09
2429,1.792526214211959e-09
2430,1.7941350371349226e-09
2431,1.793838491470174e-09
2432,1.7938909090781535e-09
2433,1.7927217848130158e-09
2434,1.792013917373746e-09
2435,1.7906939573930415e-09
2436,1.791216667317204e-09
2437,1.7911481560284799e-09
2438,1.791298453169881e-09
2439,1.7918633865152976e-09
2440,1.7909058456875949e-09
2441,1.7914852219688239e-09
2442,1.7922775616913846e-09
2443,1.7920741124192546e-09
2444,1.791701403277928e-09
2445,1.7914697886689914e-09
2446,1.7910893525967353e-09
2447,1.7926314868155247e-09
2448,1.7927326551677553e-09
2449,1.7927716142212893e-09
2450,1.7925258197597487e-09
2451,1.792556963052898e-09
2452,1.7929010096192457e-09
2453,1.7938097070189196e-09
2454,1.7934266648086783e-09
2455,1.793621002419982e-09
2456,1.793165543157109e-09
2457,1.7921823054207693e-09
2458,1.7928711290693394e-09
2459,1.7927822618592613e-09
2460,1.792437071601173e-09
2461,1.792290666196793e-09
2462,1.7925051450455775e-09
2463,1.7923426343126138e-09
2464,1.7930373828827728e-09
2465,1.7929021292976325e-09
2466,1.7928030309791615e-09
2467,1.7933771212701599e-09
2468,1.7927840949383641e-09
2469,1.7936926478788532e-09
2470,1.7931502411823072e-09
2471,1.7927415881500883e-09
2472,1.7929250578223997e-09
2473,1.7932898858520735e-09
2474,1.7932482321268083e-09
2475,1.7936877275305863e-09
2476,1.794355369329903e-09
2477,1.7931914976449756e-09
2478,1.792595814488332e-09
2479,1.7923188464358486e-09
2480,1.792181692887173e-09
2481,1.792159037172358e-09
2482,1.7927687564798467e-09
2483,1.7929035429126292e-09
2484,1.793444278337066e-09
2485,1.7945076510128203e-09
2486,1.7944374058519292e-09
2487,1.794754900424436e-09
2488,1.7955877081578164e-09
2489,1.7942197764346056e-09
2490,1.79475734902347e-09
2491,1.7933345463358515e-09
2492,1.793544294045773e-09
2493,1.7950054511721482e-09
2494,1.7953618093733318e-09
2495,1.7963281885254643e-09
2496,1.795837270447906e-09
2497,1.7951819322269492e-09
2498,1.7955217572697967e-09
2499,1.7952694505909448e-09
2500,1.796858220361432e-09
2501,1.7967110022196304e-09
2502,1.7960207409911075e-09
2503,1.7961623767471008e-09
2504,1.7958249228682636e-09
2505,1.7960430375717828e-09
2506,1.7948439486705282e-09
2507,1.7952375675295728e-09
2508,1.7940900494635558e-09
2509,1.7936030240495494e-09
2510,1.794239526340472e-09
2511,1.7937562529913147e-09
2512,1.7931283038268091e-09
2513,1.7926354331632779e-09
2514,1.7922773328219985e-09
2515,1.792308845401144e-09
2516,1.793355067098156e-09
2517,1.793307461445039e-09
2518,1.7928513000255482e-09
2519,1.7936858514071463e-09
2520,1.7923735524879905e-09
2521,1.7920126754838683e-09
2522,1.7919697048671244e-09
2523,1.7919059107287367e-09
2524,1.7916100580714322e-09
2525,1.7933654045669092e-09
2526,1.7920977227301107e-09
2527,1.7931980307329078e-09
2528,1.7919984896886737e-09
2529,1.7925156132894934e-09
2530,1.7925690746763719e-09
2531,1.7921129610937936e-09
2532,1.7927070475380384e-09
2533,1.7928576838666898e-09
2534,1.7938590185608983e-09
2535,1.7943024836160082e-09
2536,1.7947975690825301e-09
2537,1.7929853847814877e-09
2538,1.7929878731434427e-09
2539,1.7935880480868684e-09
2540,1.7930459102031007e-09
2541,1.7937571676256221e-09
2542,1.793176912418763e-09
2543,1.792970834134436e-09
2544,1.7945932051925224e-09
2545,1.7941125175712947e-09
2546,1.7939422377472832e-09
2547,1.7944669840499837e-09
2548,1.7932573328097152e-09
2549,1.7936769263147614e-09
2550,1.79333429973626e-09
2551,1.7932879645531242e-09
2552,1.7940486842224925e-09
2553,1.794064509071246e-09
2554,1.7935601256278805e-09
2555,1.792840039666994e-09
2556,1.7940788087172742e-09
2557,1.7936034094265301e-09
2558,1.7941017071622194e-09
2559,1.7932357984843514e-09
2560,1.7940135143740722e-09
2561,1.7940120913550731e-09
2562,1.7935340206919509e-09
2563,1.7946006292821254e-09
2564,1.7935090446000066e-09
2565,1.792628796512908e-09
2566,1.7924074187113849e-09
2567,1.7932045057279017e-09
2568,1.7924167340529317e-09
2569,1.792064482869893e-09
2570,1.7923588200407987e-09
2571,1.7918599250544453e-09
2572,1.7919549418523027e-09
2573,1.791468691331263e-09
2574,1.7911550090264402e-09
2575,1.7919133568058865e-09
2576,1.792968294055662e-09
2577,1.7934734819841838e-09
2578,1.793814825660457e-09
2579,1.7945924912004558e-09
2580,1.7944155706793304e-09
2581,1.7927986114445298e-09
2582,1.7922485719541105e-09
2583,1.7916132736246205e-09
2584,1.7909319110855817e-09
2585,1.7914979696509469e-09
2586,1.791416089167789e-09
2587,1.791361173170815e-09
2588,1.792325840856465e-09
2589,1.7913547043365124e-09
2590,1.7927291592235777e-09
2591,1.7944241504006298e-09
2592,1.7935271913722533e-09
2593,1.793547712945434e-09
2594,1.7942914494536516e-09
2595,1.7942167292187682e-09
2596,1.7953655501993782e-09
2597,1.7963668009051987e-09
2598,1.7950109496558367e-09
2599,1.7959873008649946e-09
2600,1.7963008028293625e-09
2601,1.7962263088008158e-09
2602,1.7950954285225841e-09
2603,1.7949040568766106e-09
2604,1.7943610007097755e-09
2605,1.7950027440811533e-09
2606,1.7931405231925111e-09
2607,1.7934797844010084e-09
2608,1.7943290893066847e-09
2609,1.7951622760946388e-09
2610,1.794918219528976e-09
2611,1.7951559147210796e-09
2612,1.79587247246529e-09
2613,1.7945982060740204e-09
2614,1.795042145524304e-09
2615,1.7950727882735484e-09
2616,1.795609295851046e-09
2617,1.7953828017479965e-09
2618,1.7947597501955002e-09
2619,1.7945044085565408e-09
2620,1.7949265520704567e-09
2621,1.7944829716771056e-09
2622,1.7945097824011085e-09
2623,1.7943370704670049e-09
2624,1.7947104617014258e-09
2625,1.7946736537034626e-09
2626,1.7938634856131447e-09
2627,1.7932071816196688e-09
2628,1.7936247639850693e-09
2629,1.7946418877604892e-09
2630,1.793521732066278e-09
2631,1.7936498308417458e-09
2632,1.7937796156626368e-09
2633,1.7946965684925488e-09
2634,1.7938187911905494e-09
2635,1.793655406042206e-09
2636,1.7940197219545634e-09
2637,1.793993061525853e-09
2638,1.7932373670527317e-09
2639,1.7939838478720268e-09
2640,1.793844893035523e-09
2641,1.7932725326728084e-09
2642,1.7938149607914094e-09
2643,1.7952634761240852e-09
2644,1.7948654323736168e-09
2645,1.7949103790768714e-09
2646,1.7932827091580773e-09
2647,1.7925661777718413e-09
2648,1.7921595582719867e-09
2649,1.79149377045296e-09
2650,1.7925144989232518e-09
2651,1.7921859948953257e-09
2652,1.79345575657945e-09
2653,1.793393266940085e-09
2654,1.792908516670583e-09
2655,1.7928540049538212e-09
2656,1.793376479839884e-09
2657,1.7925094492509016e-09
2658,1.792710657615724e-09
2659,1.7915393865380835e-09
2660,1.7915923665260923e-09
2661,1.7917893751621918e-09
2662,1.7920307232908673e-09
2663,1.792533914415935e-09
2664,1.792680576393953e-09
2665,1.7933895494595725e-09
2666,1.793866964876625e-09
2667,1.7935403300943875e-09
2668,1.7938327775584343e-09
2669,1.7950155303573588e-09
2670,1.793411980902362e-09
2671,1.793799900734717e-09
2672,1.793963334119313e-09
2673,1.793331740209024e-09
2674,1.7928635351207565e-09
2675,1.7931425303317714e-09
2676,1.7929944132567873e-09
2677,1.7925376441844337e-09
2678,1.792180751769368e-09
2679,1.7925959172676781e-09
2680,1.7931742121020287e-09
2681,1.7939477436028491e-09
2682,1.7944618179493333e-09
2683,1.7939190223137519e-09
2684,1.7936635089748409e-09
2685,1.7950888006185502e-09
2686,1.7946034116949918e-09
2687,1.7941518591862026e-09
2688,1.7933505151743322e-09
2689,1.7926014746548724e-09
2690,1.7915498529108658e-09
2691,1.792067344456473e-09
2692,1.791945425640736e-09
2693,1.7928187585147942e-09
2694,1.7932809639905705e-09
2695,1.7932051330163514e-09
2696,1.7933680300881622e-09
2697,1.793626026955104e-09
2698,1.7928910280367247e-09
2699,1.7926694284761225e-09
2700,1.7935690588948193e-09
2701,1.7946499678987384e-09
2702,1.794791316281257e-09
2703,1.7947742834597255e-09
2704,1.794460058498857e-09
2705,1.7954216577137803e-09
2706,1.7959067585914383e-09
2707,1.795005622528152e-09
2708,1.7946727992557408e-09
2709,1.7934908694653885e-09
2710,1.7946171062957162e-09
2711,1.795133806895099e-09
2712,1.7949274093630076e-09
2713,1.7945551403152612e-09
2714,1.7942083732532115e-09
2715,1.7932257623454594e-09
2716,1.793042408052678e-09
2717,1.793021769609e-09
2718,1.7945877589191699e-09
2719,1.7938369822622855e-09
2720,1.7940783072938124e-09
2721,1.7930025529035742e-09
2722,1.7937109656541157e-09
2723,1.7935257742296806e-09
2724,1.7942867032209236e-09
2725,1.7941817375472163e-09
2726,1.793914661150563e-09
2727,1.793643614919698e-09
2728,1.7936143234636083e-09
2729,1.7930529285813724e-09
2730,1.7918199443759336e-09
2731,1.7927001714156675e-09
2732,1.793746261160295e-09
2733,1.7943601256867167e-09
2734,1.793775015245258e-09
2735,1.793363353547612e-09
2736,1.7935275710514936e-09
2737,1.7933569416433073e-09
2738,1.7935479879075335e-09
2739,1.7946166838699838e-09
2740,1.793726198644263e-09
2741,1.7940534529237804e-09
2742,1.7938862748966202e-09
2743,1.7939425740164778e-09
2744,1.7939935648455616e-09
2745,1.7926630409292634e-09
2746,1.7935635043934886e-09
2747,1.7941610378699959e-09
2748,1.7940011823769991e-09
2749,1.7940266659567487e-09
2750,1.7935530207199628e-09
2751,1.7937723659056827e-09
2752,1.7941344055593639e-09
2753,1.7935372148326182e-09
2754,1.793603890808765e-09
2755,1.7937790671150103e-09
2756,1.7933911734915964e-09
2757,1.7933593575561054e-09
2758,1.7934098072616766e-09
2759,1.7938477017861533e-09
2760,1.794081515187159e-09
2761,1.794350659747436e-09
2762,1.7936940163207901e-09
2763,1.7936753796255366e-09
2764,1.7942749875035449e-09
2765,1.7940418732221427e-09
2766,1.7931999215515638e-09
2767,1.792822290646974e-09
2768,1.7927873319359315e-09
2769,1.7928704755371516e-09
2770,1.792569137600929e-09
2771,1.7925787222607844e-09
2772,1.7932586032001823e-09
2773,1.7929022689339146e-09
2774,1.7939441665367456e-09
2775,1.79253253595732e-09
2776,1.7939114210040103e-09
2777,1.7938511216806416e-09
2778,1.7933392227761577e-09
2779,1.7934458813688812e-09
2780,1.7933688901918008e-09
2781,1.7948276336585891e-09
2782,1.7949096465651321e-09
2783,1.794571386781497e-09
2784,1.7951474717469164e-09
2785,1.7955331353114628e-09
2786,1.7950653349984777e-09
2787,1.7950796020122935e-09
2788,1.7942202446478888e-09
2789,1.7939934499154152e-09
2790,1.7938204704989906e-09
2791,1.793579950138397e-09
2792,1.7933623051992557e-09
2793,1.7929798216841653e-09
2794,1.793402586153323e-09
2795,1.792177324288222e-09
2796,1.7921774863440924e-09
2797,1.7923762936966151e-09
2798,1.793843552431969e-09
2799,1.7926975328342922e-09
2800,1.792422415419487e-09
2801,1.7921700709907232e-09
2802,1.793140990951462e-09
2803,1.7932632740920025e-09
2804,1.7929935908037068e-09
2805,1.79370342243201e-09
2806,1.7927930195414179e-09
2807,1.792861677511433e-09
2808,1.7939577249649968e-09
2809,1.7932446143178933e-09
2810,1.793998934714396e-09
2811,1.7934881478284753e-09
2812,1.793288726284668e-09
2813,1.7936274374577225e-09
2814,1.7940518380294374e-09
2815,1.7942847161077675e-09
2816,1.793859695055725e-09
2817,1.7938334673372321e-09
2818,1.7939938975904875e-09
2819,1.7947190869032652e-09
2820,1.79431625869127e-09
2821,1.7951152621614915e-09
2822,1.7946606596075484e-09
2823,1.7944350524205395e-09
2824,1.7936954878524595e-09
2825,1.7934082960992766e-09
2826,1.7929149763383244e-09
2827,1.7942834173035234e-09
2828,1.793632264717274e-09
2829,1.7948933923384266e-09
2830,1.793606989648741e-09
2831,1.7947235598071235e-09
2832,1.7939962193257245e-09
2833,1.793876875131897e-09
2834,1.7941300345395507e-09
2835,1.7931066543576226e-09
2836,1.7935912572291253e-09
2837,1.794535707333755e-09
2838,1.7942035590848403e-09
2839,1.7938916867224221e-09
2840,1.7945007682166206e-09
2841,1.794894109201826e-09
2842,1.7955289136296923e-09
2843,1.794857551762086e-09
2844,1.7946786605798402e-09
2845,1.7945646039210661e-09
2846,1.7938998005797402e-09
2847,1.7939462427156348e-09
2848,1.7930372598279039e-09
2849,1.7941244680876813e-09
2850,1.792976287886723e-09
2851,1.793006870410296e-09
2852,1.793368301315981e-09
2853,1.7922738485776495e-09
2854,1.7923312850244477e-09
2855,1.7941301758796567e-09
2856,1.7923447424307844e-09
2857,1.7923014559267298e-09
2858,1.7935466268407023e-09
2859,1.7936029382271395e-09
2860,1.7938275046225742e-09
2861,1.7938157048106403e-09
2862,1.7929419918849217e-09
2863,1.7919580951322633e-09
2864,1.7922888566233945e-09
2865,1.7920420526394899e-09
2866,1.792698908251016e-09
2867,1.7932543753236273e-09
2868,1.793864578263205e-09
2869,1.793911826040242e-09
2870,1.7942161266113882e-09
2871,1.7946455254283923e-09
2872,1.7941617324062454e-09
2873,1.793932278897963e-09
2874,1.793546589034606e-09
2875,1.7937860409753632e-09
2876,1.7940454156418142e-09
2877,1.7934941329453935e-09
2878,1.7942654532462296e-09
2879,1.7928395326255328e-09
2880,1.7938627537206225e-09
2881,1.7944621877777014e-09
2882,1.7938445627781708e-09
2883,1.793625333795955e-09
2884,1.7933333079771874e-09
2885,1.7942744187184481e-09
2886,1.79361522113397e-09
2887,1.7929845567951123e-09
2888,1.7931323973193266e-09
2889,1.7941160763998191e-09
2890,1.793767929823852e-09
2891,1.7933855722707883e-09
2892,1.7937760481403203e-09
2893,1.7947280808673235e-09
2894,1.7939096916044782e-09
2895,1.7951350764292198e-09
2896,1.7941022597403345e-09
2897,1.79431299331367e-09
2898,1.7942858393366778e-09
2899,1.7945050055950185e-09
2900,1.793164094333089e-09
2901,1.7940039036438127e-09
2902,1.7931544458809163e-09
2903,1.7952955015376198e-09
2904,1.7947853373310884e-09
2905,1.7945128129196067e-09
2906,1.7950639719555715e-09
2907,1.7944140467613948e-09
2908,1.7934785435687355e-09
2909,1.7936795375971137e-09
2910,1.7924478570587564e-09
2911,1.793199468116617e-09
2912,1.79421491759417e-09
2913,1.7938673240847678e-09
2914,1.7946816838727956e-09
2915,1.793960353765655e-09
2916,1.7939098605634348e-09
2917,1.7934736013308982e-09
2918,1.7937951265257568e-09
2919,1.7953412150881099e-09
2920,1.7946816624060688e-09
2921,1.7948685746826166e-09
2922,1.7947392661869366e-09
2923,1.7955479402643173e-09
2924,1.7938440801897282e-09
2925,1.7940697551262828e-09
2926,1.794273433534317e-09
2927,1.793986127911607e-09
2928,1.7937225973942259e-09
2929,1.7941645336127922e-09
2930,1.79551495353363e-09
2931,1.7939941806872425e-09
2932,1.7940532964705577e-09
2933,1.7934840116360456e-09
2934,1.793445714295684e-09
2935,1.7938046237210631e-09
2936,1.7927943684584155e-09
2937,1.7925186473571744e-09
2938,1.7924348858322609e-09
2939,1.793254577131143e-09
2940,1.7932990301948457e-09
2941,1.7939412056209887e-09
2942,1.7924311037307834e-09
2943,1.792931447827299e-09
2944,1.792814287041871e-09
2945,1.7919938966529424e-09
2946,1.7927722126502889e-09
2947,1.7920995903688629e-09
2948,1.792600848140045e-09
2949,1.792828644586343e-09
2950,1.7925155863052786e-09
2951,1.7928066190244083e-09
2952,1.7928923822059067e-09
2953,1.792733746052397e-09
2954,1.7928324734711164e-09
2955,1.7934650561954753e-09
2956,1.79363776795558e-09
2957,1.7941255721712e-09
2958,1.7934955547377833e-09
2959,1.7939480499256296e-09
2960,1.7932430102840417e-09
2961,1.7924815147973706e-09
2962,1.7926744281730373e-09
2963,1.7925967549783698e-09
2964,1.7930960473188278e-09
2965,1.7930203445366187e-09
2966,1.7941369913981722e-09
2967,1.7945999870734804e-09
2968,1.7931377288836272e-09
2969,1.7918776797316777e-09
2970,1.7919667362840585e-09
2971,1.792796557302926e-09
2972,1.792996765344847e-09
2973,1.7928961102990547e-09
2974,1.7938930587143515e-09
2975,1.793311552566232e-09
2976,1.7939726442877223e-09
2977,1.7929471359772172e-09
2978,1.7935419909466335e-09
2979,1.7932434383079757e-09
2980,1.7923962262560084e-09
2981,1.794175468595866e-09
2982,1.7943066983599878e-09
2983,1.7925586562069615e-09
2984,1.791868518805189e-09
2985,1.7931902522407588e-09
2986,1.793063352244694e-09
2987,1.793152955946285e-09
2988,1.7949933489289385e-09
2989,1.7936065470431952e-09
2990,1.79272895507356e-09
2991,1.794213986168102e-09
2992,1.7953514060295596e-09
2993,1.7954099596766306e-09
2994,1.7945423636947073e-09
2995,1.7936692462265433e-09
2996,1.7933732198878472e-09
2997,1.7931178727515809e-09
2998,1.7919465147088792e-09
2999,1.7923215619324968e-09
3000,1.7926982417444882e-09
3001,1.7934104980614791e-09
3002,1.793403905651338e-09
3003,1.7943458937686715e-09
3004,1.7934576068725474e-09
3005,1.7952336480636975e-09
3006,1.7952694160176494e-09
3007,1.7947662923799626e-09
3008,1.7940498696669629e-09
3009,1.7927815902595874e-09
3010,1.7928566157140422e-09
3011,1.7925526573341032e-09
3012,1.792860906853931e-09
3013,1.791911362867996e-09
3014,1.7924664092217654e-09
3015,1.792053400416742e-09
3016,1.7915436511140418e-09
3017,1.7922459457956778e-09
3018,1.7926705209743131e-09
3019,1.7928222530739313e-09
3020,1.7926860888048085e-09
3021,1.7929323146276463e-09
3022,1.7925491317878866e-09
3023,1.7923704610149947e-09
3024,1.792707269375442e-09
3025,1.7942866200783884e-09
3026,1.7936909249995303e-09
3027,1.792785317608818e-09
3028,1.794243600902687e-09
3029,1.7939354034363811e-09
3030,1.7928004448431979e-09
3031,1.7930728351444098e-09
3032,1.7940041484937369e-09
3033,1.7931057474957073e-09
3034,1.7941241172856765e-09
3035,1.7937165738678501e-09
3036,1.7940078867557596e-09
3037,1.794265112105868e-09
3038,1.7937447443535763e-09
3039,1.7937521048248186e-09
3040,1.7932790260879554e-09
3041,1.7929910623316213e-09
3042,1.7926422533895113e-09
3043,1.7925311535222709e-09
3044,1.7927524955795607e-09
3045,1.792008693180736e-09
3046,1.7934568775101126e-09
3047,1.791620395865066e-09
3048,1.7922098454485664e-09
3049,1.792603838673048e-09
3050,1.7919582785756674e-09
3051,1.7917223532397017e-09
3052,1.7921500326344069e-09
3053,1.7925548009208624e-09
3054,1.7920445761115816e-09
3055,1.7935320309479796e-09
3056,1.7933653562233768e-09
3057,1.7932852579479732e-09
3058,1.7929493629997328e-09
3059,1.7929503696233238e-09
3060,1.7936995495950339e-09
3061,1.7935938928477452e-09
3062,1.7944283099889024e-09
3063,1.7942647000672374e-09
3064,1.7936647845882745e-09
3065,1.7941153676592564e-09
3066,1.7943765758765572e-09
3067,1.7941373634602981e-09
3068,1.7931344155715842e-09
3069,1.7943740614864824e-09
3070,1.7950371724007158e-09
3071,1.7947957084206944e-09
3072,1.795023957857217e-09
3073,1.7939518585834377e-09
3074,1.7937407568361205e-09
3075,1.7936203107916919e-09
3076,1.7951033339101945e-09
3077,1.7953859688469511e-09
3078,1.7943454089554148e-09
3079,1.793243843261009e-09
3080,1.7932411600061756e-09
3081,1.7937726753852932e-09
3082,1.7946584597236868e-09
3083,1.7932229689877108e-09
3084,1.7942215222920914e-09
3085,1.7931373863876802e-09
3086,1.7920583237721316e-09
3087,1.7926972342331262e-09
3088,1.7926310730172687e-09
3089,1.792760824722832e-09
3090,1.7941665164430115e-09
3091,1.7943348989464985e-09
3092,1.7954691242812069e-09
3093,1.7950401779922265e-09
3094,1.7958353660354223e-09
3095,1.7967916288261505e-09
3096,1.794499617464948e-09
3097,1.7956194274437679e-09
3098,1.7963863779668157e-09
3099,1.795933280510396e-09
3100,1.793766991130208e-09
3101,1.7940495118599927e-09
3102,1.7942886260181456e-09
3103,1.7941593404156168e-09
3104,1.7918213250106584e-09
3105,1.793411746709648e-09
3106,1.793452723597385e-09
3107,1.7916601306161643e-09
3108,1.79111433126711e-09
3109,1.7923721952178139e-09
3110,1.79132312348274e-09
3111,1.792274324960342e-09
3112,1.7916244054122558e-09
3113,1.7932084884098867e-09
3114,1.792508655293516e-09
3115,1.7926990662776682e-09
3116,1.79156102112375e-09
3117,1.7925252176328322e-09
3118,1.79221033949111e-09
3119,1.792977360941124e-09
3120,1.7924598388162977e-09
3121,1.7922124027093822e-09
3122,1.7927272033145764e-09
3123,1.7932271859045315e-09
3124,1.7944762091875677e-09
3125,1.7946868132636487e-09
3126,1.7935459321333945e-09
3127,1.7935352977866919e-09
3128,1.7937414892934534e-09
3129,1.7929997908498503e-09
3130,1.7933167251673851e-09
3131,1.7947718982072945e-09
3132,1.794223738577905e-09
3133,1.7935489282166274e-09
3134,1.7931378167175586e-09
3135,1.7929386456531316e-09
3136,1.7937302837930117e-09
3137,1.7942704992024513e-09
3138,1.7948876899318521e-09
3139,1.793972140157386e-09
3140,1.7943675238720223e-09
3141,1.7940260497222071e-09
3142,1.792965151199916e-09
3143,1.793596037175772e-09
3144,1.794388166689053e-09
3145,1.793122447994873e-09
3146,1.794788473650876e-09
3147,1.795141587087353e-09
3148,1.7952570723478316e-09
3149,1.7943072128691712e-09
3150,1.7937470053933417e-09
3151,1.7949984159577624e-09
3152,1.7943738523443596e-09
3153,1.7945849545456192e-09
3154,1.795055391788227e-09
3155,1.7944562958489894e-09
3156,1.7939236465903157e-09
3157,1.7946100754362136e-09
3158,1.7943687386737944e-09
3159,1.794002786248506e-09
3160,1.7951058027803078e-09
3161,1.793820129933806e-09
3162,1.7954411822169e-09
3163,1.7948321294805176e-09
3164,1.794653909414813e-09
3165,1.7940427029655682e-09
3166,1.7940053615675005e-09
3167,1.7951548942449129e-09
3168,1.7942029637119443e-09
3169,1.794655360867014e-09
3170,1.794163040839856e-09
3171,1.7932216080220849e-09
3172,1.7946254666762286e-09
3173,1.7945675597513191e-09
3174,1.7936273576804689e-09
3175,1.7944866922529457e-09
3176,1.7936066235901254e-09
3177,1.7950196236031165e-09
3178,1.7930397438727367e-09
3179,1.7922865910616873e-09
3180,1.7917402970415498e-09
3181,1.791116139740647e-09
3182,1.7924040140753921e-09
3183,1.7922486917647847e-09
3184,1.7930353596438413e-09
3185,1.7922892454805085e-09
3186,1.7938639972412529e-09
3187,1.7946593035845823e-09
3188,1.7946236475988575e-09
3189,1.7943082733172006e-09
3190,1.7928853676436102e-09
3191,1.793818248927677e-09
3192,1.7941678969369398e-09
3193,1.7946436546939444e-09
3194,1.7939202237749488e-09
3195,1.7951949843002088e-09
3196,1.7940356858915639e-09
3197,1.7948684223984077e-09
3198,1.7947825223286575e-09
3199,1.7945984028884596e-09
3200,1.7942508315683585e-09
3201,1.7945545271148167e-09
3202,1.7937773025242382e-09
3203,1.7938625195447917e-09
3204,1.7940801063816305e-09
3205,1.793780435726856e-09
3206,1.7941227246598e-09
3207,1.7934001031452383e-09
3208,1.7937712349268035e-09
3209,1.794190263671821e-09
3210,1.793586730048602e-09
3211,1.7930848870004488e-09
3212,1.7933772227358632e-09
3213,1.7927812933086727e-09
3214,1.792694273414959e-09
3215,1.7924954340443216e-09
3216,1.7929176715578216e-09
3217,1.7923505168787568e-09
3218,1.7913003139728518e-09
3219,1.7924136174256667e-09
3220,1.7922239154820269e-09
3221,1.7924841152611236e-09
3222,1.7936931016508612e-09
3223,1.793338305856234e-09
3224,1.7928765163886272e-09
3225,1.792086125050963e-09
3226,1.7924389608688755e-09
3227,1.792434661700362e-09
3228,1.7934713369976268e-09
3229,1.793634640216285e-09
3230,1.7925687404771055e-09
3231,1.7931768279471542e-09
3232,1.7933762314679484e-09
3233,1.794579512734276e-09
3234,1.7944122081632975e-09
3235,1.792949085267245e-09
3236,1.7930007404986806e-09
3237,1.79370910666812e-09
3238,1.7930733432647147e-09
3239,1.7925964836019663e-09
3240,1.792205937552733e-09
3241,1.7926079061411126e-09
3242,1.7943591711834953e-09
3243,1.7935803403703085e-09
3244,1.793434988902054e-09
3245,1.794868984953824e-09
3246,1.7945429404675415e-09
3247,1.7942959283100993e-09
3248,1.7939639390796373e-09
3249,1.793442357966391e-09
3250,1.7934850491159117e-09
3251,1.79377007513564e-09
3252,1.7929519732164823e-09
3253,1.7939269415936621e-09
3254,1.7942546398044901e-09
3255,1.7946695689508613e-09
3256,1.79372462543941e-09
3257,1.7937357465781672e-09
3258,1.7929532175940078e-09
3259,1.7933042130994604e-09
3260,1.792828809540959e-09
3261,1.7934322266291845e-09
3262,1.7936709177916898e-09
3263,1.7944657161158401e-09
3264,1.7948246987619005e-09
3265,1.7937346838745044e-09
3266,1.7929272643835025e-09
3267,1.7941567112268103e-09
3268,1.792709066761187e-09
3269,1.7926665348580467e-09
3270,1.792004520811066e-09
3271,1.7915915659097792e-09
3272,1.7925611594137813e-09
3273,1.7933513540002771e-09
3274,1.7933474458283028e-09
3275,1.7926392462743567e-09
3276,1.7929721765926504e-09
3277,1.7934402714855834e-09
3278,1.792366265329331e-09
3279,1.79283045340042e-09
3280,1.7933072770448271e-09
3281,1.7932143864930844e-09
3282,1.7938991424572948e-09
3283,1.7943785409965664e-09
3284,1.7946621336931568e-09
3285,1.7960503910897036e-09
3286,1.7949388395962037e-09
3287,1.7948043871673235e-09
3288,1.7950910445864104e-09
3289,1.793386666580824e-09
3290,1.793605985564736e-09
3291,1.793281293650596e-09
3292,1.793434686064791e-09
3293,1.7934361958239811e-09
3294,1.7923169528012156e-09
3295,1.7917853442465546e-09
3296,1.7913347552549987e-09
3297,1.7918865208328293e-09
3298,1.7915567312287132e-09
3299,1.7927004179099895e-09
3300,1.7923353850070737e-09
3301,1.7922118324179257e-09
3302,1.7911771571779693e-09
3303,1.791767982725719e-09
3304,1.7916455144368483e-09
3305,1.792182058396465e-09
3306,1.7914173725261822e-09
3307,1.7915925086840099e-09
3308,1.7930225747400385e-09
3309,1.7926584270208484e-09
3310,1.792646949761119e-09
3311,1.7927660407657752e-09
3312,1.7927945137622685e-09
3313,1.7937484939118147e-09
3314,1.7934519529162526e-09
3315,1.7924793900943197e-09
3316,1.7931311895058124e-09
3317,1.7932915517437036e-09
3318,1.792363097738799e-09
3319,1.792731638454433e-09
3320,1.7937247499206103e-09
3321,1.7925228501996473e-09
3322,1.7934968569948958e-09
3323,1.7932525327427072e-09
3324,1.7935032503187014e-09
3325,1.7945444032936345e-09
3326,1.7938187237168714e-09
3327,1.793313579006464e-09
3328,1.7936130573284566e-09
3329,1.794194984427854e-09
3330,1.7925832260179171e-09
3331,1.7936303523269369e-09
3332,1.7943933620799493e-09
3333,1.7940063261580071e-09
3334,1.7938129924801424e-09
3335,1.7950297091583662e-09
3336,1.7943136337438892e-09
3337,1.7945325333603639e-09
3338,1.7943201551263217e-09
3339,1.7959735603044741e-09
3340,1.7937538584138423e-09
3341,1.7935512964118624e-09
3342,1.7945496895842043e-09
3343,1.7944258508729716e-09
3344,1.7931600665900879e-09
3345,1.7944259995108268e-09
3346,1.7959252929333795e-09
3347,1.7945354607309503e-09
3348,1.79342521410199e-09
3349,1.794908892572637e-09
3350,1.7955703083052132e-09
3351,1.7943827192453657e-09
3352,1.7922818971738315e-09
3353,1.7923948127225971e-09
3354,1.7921148643266725e-09
3355,1.7917961220841132e-09
3356,1.792910699406201e-09
3357,1.7924810795577455e-09
3358,1.792600746725167e-09
3359,1.7925715907329432e-09
3360,1.791642273714362e-09
3361,1.7923385507738421e-09
3362,1.791759785409462e-09
3363,1.7923230328188964e-09
3364,1.7924976454083527e-09
3365,1.7923039385700782e-09
3366,1.7931516060407617e-09
3367,1.7933312212682444e-09
3368,1.7928008174604939e-09
3369,1.7925121920462675e-09
3370,1.7935015867268138e-09
3371,1.79316979400048e-09
3372,1.7914416682584775e-09
3373,1.7918428423539115e-09
3374,1.7921584150972167e-09
3375,1.7924347149518196e-09
3376,1.79343498090334e-09
3377,1.793694993071905e-09
3378,1.793876083243654e-09
3379,1.794701028538877e-09
3380,1.7936689217151623e-09
3381,1.7940458297746665e-09
3382,1.7941173283774084e-09
3383,1.794167474092845e-09
3384,1.7933679660254381e-09
3385,1.7934373887324726e-09
3386,1.7937858498008101e-09
3387,1.7948280675506417e-09
3388,1.7955352191068836e-09
3389,1.794525509709253e-09
3390,1.7949310306154862e-09
3391,1.7942779681496193e-09
3392,1.7936968361207207e-09
3393,1.7942267755814074e-09
3394,1.793745998918661e-09
3395,1.7924943606742708e-09
3396,1.7940274481651294e-09
3397,1.7939312783130794e-09
3398,1.7939876827487798e-09
3399,1.7931201946072477e-09
3400,1.793845659669869e-09
3401,1.793513509639615e-09
3402,1.7939948464728868e-09
3403,1.7936254689089447e-09
3404,1.7947719679762037e-09
3405,1.7947737684094893e-09
3406,1.79367539570847e-09
3407,1.7941106696899769e-09
3408,1.7947679576133757e-09
3409,1.7950136498153275e-09
3410,1.7960191521488063e-09
3411,1.7945474318141203e-09
3412,1.794102229254066e-09
3413,1.7934070475999934e-09
3414,1.7931770838627536e-09
3415,1.7938640493824732e-09
3416,1.7950188902282846e-09
3417,1.7943191407616666e-09
3418,1.7951777417511278e-09
3419,1.7954683325610411e-09
3420,1.794840965406924e-09
3421,1.7937480104344774e-09
3422,1.7936345944624635e-09
3423,1.7931404635853571e-09
3424,1.7927430658764955e-09
3425,1.792105693439189e-09
3426,1.7933014568468203e-09
3427,1.793184960521561e-09
3428,1.7945757415166595e-09
3429,1.7936748167733192e-09
3430,1.7933945275555058e-09
3431,1.7942971921820733e-09
3432,1.793466273011107e-09
3433,1.7937288117243401e-09
3434,1.7943335770172196e-09
3435,1.7940331439185922e-09
3436,1.7942585473670276e-09
3437,1.7935078936221685e-09
3438,1.7929215374327386e-09
3439,1.7921478802746148e-09
3440,1.7939264011674835e-09
3441,1.7935445586632871e-09
3442,1.793060302041721e-09
3443,1.7936433799346233e-09
3444,1.7934180537511237e-09
3445,1.7927574365666424e-09
3446,1.7936028055017312e-09
3447,1.7932008146114156e-09
3448,1.79214932512754e-09
3449,1.7938704234378432e-09
3450,1.7929753200778087e-09
3451,1.794186143756933e-09
3452,1.794142226532068e-09
3453,1.7939283297940364e-09
3454,1.7950592608379069e-09
3455,1.7939197708645373e-09
3456,1.7932050433007227e-09
3457,1.793546725242414e-09
3458,1.793607136355976e-09
3459,1.7939557925044716e-09
3460,1.7934959686874657e-09
3461,1.7946438332990225e-09
3462,1.7937553452954074e-09
3463,1.793135390773716e-09
3464,1.7932927096642193e-09
3465,1.7944820547177792e-09
3466,1.7942913374562879e-09
3467,1.794814979707137e-09
3468,1.7946536276480695e-09
3469,1.793977821630699e-09
3470,1.7929980349122042e-09
3471,1.7931581811141939e-09
3472,1.7925766982379994e-09
3473,1.7944383707716282e-09
3474,1.795764500850522e-09
3475,1.7956784259235993e-09
3476,1.7951963300151233e-09
3477,1.7955138942633814e-09
3478,1.7952013793214947e-09
3479,1.7940080360784104e-09
3480,1.7940061542030572e-09
3481,1.7945328385691556e-09
3482,1.7943478468567458e-09
3483,1.7929620296665382e-09
3484,1.7935571669583729e-09
3485,1.793203821593937e-09
3486,1.7932131882696128e-09
3487,1.7933995938202671e-09
3488,1.7933481817960459e-09
3489,1.7943454276201644e-09
3490,1.7943051204200543e-09
3491,1.7938952445087639e-09
3492,1.7937432829282061e-09
3493,1.7923258487770634e-09
3494,1.7929961265470225e-09
3495,1.792486163947933e-09
3496,1.7936738232479825e-09
3497,1.792911855425314e-09
3498,1.7936410300230896e-09
3499,1.7933152551781282e-09
3500,1.793758049204223e-09
3501,1.7920602088890735e-09
3502,1.7919902118570315e-09
3503,1.7927381996099639e-09
3504,1.7942265834635264e-09
3505,1.7928770224341823e-09
3506,1.7936938395111722e-09
3507,1.7927440211203792e-09
3508,1.7938024543610574e-09
3509,1.7930796378444484e-09
3510,1.7935997057255953e-09
3511,1.7934373237979125e-09
3512,1.7930277751896904e-09
3513,1.7941225013543988e-09
3514,1.793745766795832e-09
3515,1.7931482736957835e-09
3516,1.7934143030228292e-09
3517,1.7946052774541647e-09
3518,1.7938540109658924e-09
3519,1.7937813229042647e-09
3520,1.7945212690146281e-09
3521,1.795186988979483e-09
3522,1.7945431575360088e-09
3523,1.7937608164765677e-09
3524,1.7944358042158645e-09
3525,1.7948052224820275e-09
3526,1.795108791207376e-09
3527,1.7942861306521847e-09
3528,1.7951753769423927e-09
3529,1.7942151282050127e-09
3530,1.7947656711483713e-09
3531,1.7941754392623278e-09
3532,1.7944230674353026e-09
3533,1.7946895499616101e-09
3534,1.793791931092245e-09
3535,1.7949204421903649e-09
3536,1.7953521000399578e-09
3537,1.795159349047942e-09
3538,1.7957203607541195e-09
3539,1.7947761318894873e-09
3540,1.7937102606993532e-09
3541,1.794464765340822e-09
3542,1.793756891524714e-09
3543,1.7934024685970343e-09
3544,1.793808946337321e-09
3545,1.7937919088307975e-09
3546,1.7932158701468555e-09
3547,1.79375498134146e-09
3548,1.7940635189922102e-09
3549,1.7939245200378987e-09
3550,1.794285501568161e-09
3551,1.795063408698277e-09
3552,1.7933755100357517e-09
3553,1.7951423109648814e-09
3554,1.7940918046313072e-09
3555,1.7944764628334445e-09
3556,1.7946720104445006e-09
3557,1.7936788650617862e-09
3558,1.7950115022882703e-09
3559,1.7938134790292357e-09
3560,1.7948550122032936e-09
3561,1.7949217383007154e-09
3562,1.795474812527097e-09
3563,1.7961558271968526e-09
3564,1.7955022360855842e-09
3565,1.7973096686672305e-09
3566,1.7967212379417779e-09
3567,1.7963308273946604e-09
3568,1.7957533797404316e-09
3569,1.79644414369226e-09
3570,1.794188584353372e-09
3571,1.793714978718545e-09
3572,1.794436445440761e-09
3573,1.795257292503941e-09
3574,1.7950419051560883e-09
3575,1.794203629711771e-09
3576,1.7945768036779852e-09
3577,1.7951110503128986e-09
3578,1.7936773556846955e-09
3579,1.7947410372328362e-09
3580,1.793613478667115e-09
3581,1.793896170970244e-09
3582,1.7941106494039164e-09
3583,1.7929954474152493e-09
3584,1.7938803127857439e-09
3585,1.7930717906309579e-09
3586,1.7926679421449818e-09
3587,1.7925086855077657e-09
3588,1.7922707750800224e-09
3589,1.7930092273433321e-09
3590,1.791949400765356e-09
3591,1.7922493411779691e-09
3592,1.792581438590459e-09
3593,1.7918014872948084e-09
3594,1.7919055644504366e-09
3595,1.7918822762714342e-09
3596,1.792818229811816e-09
3597,1.7925640517587402e-09
3598,1.7919713644339201e-09
3599,1.792888878372008e-09
3600,1.7938007484422663e-09
3601,1.7925379153364125e-09
3602,1.7940436564707749e-09
3603,1.7930403029362744e-09
3604,1.793708355885299e-09
3605,1.7941732615868613e-09
3606,1.7941181694174303e-09
3607,1.7951501615958937e-09
3608,1.7958328881219026e-09
3609,1.7959505473557627e-09
3610,1.7956567234491192e-09
3611,1.7958770452350936e-09
3612,1.7956974117509018e-09
3613,1.7957478252798834e-09
3614,1.7951176988156467e-09
3615,1.7948122554741808e-09
3616,1.7945318782562604e-09
3617,1.7945225428582439e-09
3618,1.7940085298328615e-09
3619,1.7942814410860054e-09
3620,1.793891094442689e-09
3621,1.7929121614979785e-09
3622,1.7936570145884514e-09
3623,1.7929003061981605e-09
3624,1.7932084940541724e-09
3625,1.7937716177620923e-09
3626,1.7944935728179223e-09
3627,1.7942970167939535e-09
3628,1.7934643678742407e-09
3629,1.7932988084369004e-09
3630,1.7942284802908272e-09
3631,1.7942212382894103e-09
3632,1.794400731423838e-09
3633,1.7949673159298207e-09
3634,1.7948040482911403e-09
3635,1.7942677024228548e-09
3636,1.793942964380316e-09
3637,1.7945695859037366e-09
3638,1.7947764172095613e-09
3639,1.7953167685260794e-09
3640,1.7949783980527232e-09
3641,1.7943918172837282e-09
3642,1.7945098575892485e-09
3643,1.7939332576964973e-09
3644,1.7940366717332465e-09
3645,1.7934255261852058e-09
3646,1.7928532402626357e-09
3647,1.7945994247588301e-09
3648,1.7936714782851802e-09
3649,1.7926657586146142e-09
3650,1.7926487100223865e-09
3651,1.7945244063058388e-09
3652,1.7948497857520708e-09
3653,1.7941404330152297e-09
3654,1.7952686453152338e-09
3655,1.7942233949500924e-09
3656,1.7950877960386635e-09
3657,1.794093448260949e-09
3658,1.7927949504208014e-09
3659,1.7935824943032918e-09
3660,1.7937168247985314e-09
3661,1.7944561032346083e-09
3662,1.7954368154701227e-09
3663,1.7957968719607552e-09
3664,1.7949996916939044e-09
3665,1.7941949079252002e-09
3666,1.7947794828617724e-09
3667,1.7952639232857741e-09
3668,1.795087510604894e-09
3669,1.795270650792553e-09
3670,1.7932585756859468e-09
3671,1.792091009872253e-09
3672,1.7937450070040158e-09
3673,1.7923824549092101e-09
3674,1.7928301284985709e-09
3675,1.7919370957630924e-09
3676,1.7924386007184002e-09
3677,1.7935709073404888e-09
3678,1.7929042056162128e-09
3679,1.7943951918013363e-09
3680,1.792859148827636e-09
3681,1.7938775655557527e-09
3682,1.7933676808300137e-09
3683,1.7938403622241297e-09
3684,1.7928410792485917e-09
3685,1.7927207406392261e-09
3686,1.793146957906225e-09
3687,1.792674439291845e-09
3688,1.7926190346247002e-09
3689,1.7914767210716855e-09
3690,1.7919514312542308e-09
3691,1.7916160509210956e-09
3692,1.7909062684890178e-09
3693,1.7916670194348105e-09
3694,1.7920881606454507e-09
3695,1.7921456772308705e-09
3696,1.7929870501144186e-09
3697,1.7923222458363586e-09
3698,1.7935196934699235e-09
3699,1.7934634180644454e-09
3700,1.7938167977787631e-09
3701,1.793205051203915e-09
3702,1.7941095045970916e-09
3703,1.7931335957206674e-09
3704,1.7922222071201744e-09
3705,1.7922986281738813e-09
3706,1.7929166009418882e-09
3707,1.7924002450016e-09
3708,1.7919244748207379e-09
3709,1.7921664983405902e-09
3710,1.7919670011669602e-09
3711,1.7930944191829709e-09
3712,1.7921827254754555e-09
3713,1.7927226901898003e-09
3714,1.7916317710908285e-09
3715,1.7913171420568485e-09
3716,1.7922993550229386e-09
3717,1.7932170413358148e-09
3718,1.7939498282143436e-09
3719,1.7939464953499785e-09
3720,1.7940164098955603e-09
3721,1.7937349822652439e-09
3722,1.7929352332370723e-09
3723,1.7937502588759067e-09
3724,1.7936894385076982e-09
3725,1.7942683176653185e-09
3726,1.7940662303827062e-09
3727,1.7936944658556912e-09
3728,1.792973777163928e-09
3729,1.7932724063420606e-09
3730,1.7941096213727965e-09
3731,1.7942721262759791e-09
3732,1.7939229896551143e-09
3733,1.7943946602848288e-09
3734,1.7931758441803343e-09
3735,1.7941253529328843e-09
3736,1.7948626882228502e-09
3737,1.7930687173763036e-09
3738,1.7933467663270686e-09
3739,1.7933576224077834e-09
3740,1.7927005237131377e-09
3741,1.7944036340115954e-09
3742,1.7940308175072532e-09
3743,1.7934320107422186e-09
3744,1.7945674251746533e-09
3745,1.794253371892862e-09
3746,1.7941379776413134e-09
3747,1.793415187487426e-09
3748,1.79375077900863e-09
3749,1.7934651375283414e-09
3750,1.7931272861221427e-09
3751,1.793748836699543e-09
3752,1.792617397062798e-09
3753,1.7928874064399098e-09
3754,1.7929620940907539e-09
3755,1.7924179199862636e-09
3756,1.7920181642166399e-09
3757,1.7916247415882359e-09
3758,1.7921334045261184e-09
3759,1.7919515149993073e-09
3760,1.7934719105465205e-09
3761,1.7949757078149198e-09
3762,1.7953444009748653e-09
3763,1.7948858778511897e-09
3764,1.794264361371537e-09
3765,1.7938950766858545e-09
3766,1.7940986602907617e-09
3767,1.7937282128893386e-09
3768,1.7937486901009445e-09
3769,1.7936726060105062e-09
3770,1.793532962439107e-09
3771,1.792679392597093e-09
3772,1.793467968467407e-09
3773,1.7934531752842842e-09
3774,1.7933273364071296e-09
3775,1.7921901658905722e-09
3776,1.7936754044060618e-09
3777,1.7945649227599618e-09
3778,1.794148368085037e-09
3779,1.7941730834199235e-09
3780,1.7948385551760741e-09
3781,1.7941262497831756e-09
3782,1.7951261306419283e-09
3783,1.7935305318998223e-09
3784,1.793621425472546e-09
3785,1.793061265989686e-09
3786,1.793558485261779e-09
3787,1.7939443084998578e-09
3788,1.7936205189340275e-09
3789,1.7940052688312007e-09
3790,1.7932327753975059e-09
3791,1.7942893786629469e-09
3792,1.7924393074426982e-09
3793,1.7925120007507695e-09
3794,1.7934171229873458e-09
3795,1.7924304759504331e-09
3796,1.7944490332962136e-09
3797,1.7932153874999234e-09
3798,1.793426179851267e-09
3799,1.7938154071638036e-09
3800,1.7947802059391958e-09
3801,1.7944754051986039e-09
3802,1.7950805813060188e-09
3803,1.7931663408931172e-09
3804,1.7926178535773133e-09
3805,1.7946348164839391e-09
3806,1.7938289204630366e-09
3807,1.793893816424234e-09
3808,1.7936216117168384e-09
3809,1.793128948505592e-09
3810,1.7935764050106125e-09
3811,1.794734733455889e-09
3812,1.79377359760621e-09
3813,1.7945190886400094e-09
3814,1.7944013660920928e-09
3815,1.7935140494349351e-09
3816,1.7932394939517916e-09
3817,1.7932863465652673e-09
3818,1.793130150244635e-09
3819,1.7941196870313944e-09
3820,1.7931530668619876e-09
3821,1.791846335094442e-09
3822,1.7921496930285544e-09
3823,1.7931555439944436e-09
3824,1.792451098637163e-09
3825,1.7937166791295049e-09
3826,1.7931482994967496e-09
3827,1.7936456166718486e-09
3828,1.79337355614605e-09
3829,1.7929853687517742e-09
3830,1.7934730994262805e-09
3831,1.7932899583102983e-09
3832,1.7927575610551044e-09
3833,1.7930581874310703e-09
3834,1.792940728991028e-09
3835,1.7927738298898856e-09
3836,1.793518404843739e-09
3837,1.7926267272337655e-09
3838,1.7927888923386656e-09
3839,1.7917398405163538e-09
3840,1.7918018927183817e-09
3841,1.792882693393783e-09
3842,1.7932409720315497e-09
3843,1.7935491125874475e-09
3844,1.793254534585359e-09
3845,1.7935835217289172e-09
3846,1.7920154958444e-09
3847,1.7923120147483882e-09
3848,1.7925460855768714e-09
3849,1.7940465096129326e-09
3850,1.7937759792152077e-09
3851,1.7924728309179297e-09
3852,1.7940104333738168e-09
3853,1.794519755449599e-09
3854,1.7947482559602883e-09
3855,1.7947893559370925e-09
3856,1.7954924819973567e-09
3857,1.7948018457126493e-09
3858,1.794209253045018e-09
3859,1.7948045128202194e-09
3860,1.7950733390607768e-09
3861,1.7945136184329004e-09
3862,1.795198591361228e-09
3863,1.794551698793543e-09
3864,1.7957468359826813e-09
3865,1.7944335814650297e-09
3866,1.7940457182317726e-09
3867,1.7931610037307338e-09
3868,1.7932277240110476e-09
3869,1.7933381986010324e-09
3870,1.7925352472860583e-09
3871,1.7927088297903141e-09
3872,1.7932978525855988e-09
3873,1.7935285743559424e-09
3874,1.793232573350327e-09
3875,1.79347684115653e-09
3876,1.7934016324814697e-09
3877,1.7941639361847784e-09
3878,1.793631382853375e-09
3879,1.7928672681286131e-09
3880,1.7929472206607652e-09
3881,1.7938867445072065e-09
3882,1.7933046218087912e-09
3883,1.7926137277543094e-09
3884,1.7928487091825215e-09
3885,1.792827715297094e-09
3886,1.7924915576592751e-09
3887,1.7934135172170121e-09
3888,1.7936592183744216e-09
3889,1.7935286957484754e-09
3890,1.793664802181539e-09
3891,1.793062497646839e-09
3892,1.7929416035309295e-09
3893,1.792522494654805e-09
3894,1.7914573316570492e-09
3895,1.7924164009594548e-09
3896,1.7928407780422256e-09
3897,1.7915601252928422e-09
3898,1.7929217048071706e-09
3899,1.792357615887517e-09
3900,1.7927353896353514e-09
3901,1.794404584895189e-09
3902,1.7940530853527425e-09
3903,1.7937863200669464e-09
3904,1.794556554563989e-09
3905,1.795582900289016e-09
3906,1.7946103027675939e-09
3907,1.794462814519335e-09
3908,1.7949082758496597e-09
3909,1.7941422928415882e-09
3910,1.7939079207854596e-09
3911,1.7936830956520834e-09
3912,1.7946921195381791e-09
3913,1.7936632006705347e-09
3914,1.7941946048561228e-09
3915,1.7940564930445757e-09
3916,1.7940300215538217e-09
3917,1.7941754458784881e-09
3918,1.7955733895979996e-09
3919,1.7944706664846788e-09
3920,1.7940221851774363e-09
3921,1.792659654792683e-09
3922,1.7947090537257514e-09
3923,1.7935479385760394e-09
3924,1.794359475746757e-09
3925,1.7943512105269326e-09
3926,1.7945358554049305e-09
3927,1.7941807262250155e-09
3928,1.7953879881003473e-09
3929,1.7938529010218123e-09
3930,1.794207411620084e-09
3931,1.7941858587407843e-09
3932,1.794175691969714e-09
3933,1.7938048448363087e-09
3934,1.7939060559845662e-09
3935,1.794320401943646e-09
3936,1.7928192273414127e-09
3937,1.7940660795576808e-09
3938,1.791716058827104e-09
3939,1.7924304665395354e-09
3940,1.7938494235209336e-09
3941,1.7943370191634236e-09
3942,1.7941864639790964e-09
3943,1.7938769348662562e-09
3944,1.7945836432786388e-09
3945,1.794244168104279e-09
3946,1.795514597016333e-09
3947,1.7945669758240466e-09
3948,1.7962837062975116e-09
3949,1.7952393697200064e-09
3950,1.7931838400509927e-09
3951,1.7933915468197375e-09
3952,1.7930476088780342e-09
3953,1.7921460127664812e-09
3954,1.7924094422150513e-09
3955,1.7921522946475752e-09
3956,1.7916845643405533e-09
3957,1.7917996459399792e-09
3958,1.791436858877051e-09
3959,1.7919634629675692e-09
3960,1.793311896557155e-09
3961,1.793148769945219e-09
3962,1.79199813741738e-09
3963,1.7925716376842698e-09
3964,1.795000648589776e-09
3965,1.7926149146245545e-09
3966,1.7926972534957643e-09
3967,1.7930362834297617e-09
3968,1.7940197842835412e-09
3969,1.793722794859804e-09
3970,1.7947366691233343e-09
3971,1.7935285872362831e-09
3972,1.795902633139102e-09
3973,1.7927476087815331e-09
3974,1.7937503754871306e-09
3975,1.793964658951852e-09
3976,1.7957938542147686e-09
3977,1.7951470263479736e-09
3978,1.795295370401539e-09
3979,1.7951880023211836e-09
3980,1.7942495114103024e-09
3981,1.7947828948916018e-09
3982,1.795265169069659e-09
3983,1.792662557665781e-09
3984,1.7931309606593981e-09
3985,1.794101044584577e-09
3986,1.7936112926540364e-09
3987,1.7945920174523214e-09
3988,1.795830249275781e-09
3989,1.7960387566380745e-09
3990,1.7951183444332974e-09
3991,1.7944696018974553e-09
3992,1.7950484111432505e-09
3993,1.796465631402181e-09
3994,1.7958165550049752e-09
3995,1.795548399477451e-09
3996,1.7955393747871739e-09
3997,1.7950891625497814e-09
3998,1.7955414450014725e-09
3999,1.7961236592447845e-09
4000,1.7960253672108716e-09
4001,1.7939216522026172e-09
4002,1.7938601500451755e-09
4003,1.7933808521336526e-09
4004,1.793577918696913e-09
4005,1.7928745702769309e-09
4006,1.7931463207467405e-09
4007,1.79287769923446e-09
4008,1.791758832792018e-09
4009,1.7923384328459168e-09
4010,1.7916122908011383e-09
4011,1.793494840184808e-09
4012,1.7933979971542669e-09
4013,1.794787323606126e-09
4014,1.7933025878286678e-09
4015,1.793644589118864e-09
4016,1.7932359235538573e-09
4017,1.7948035547532796e-09
4018,1.794186888449545e-09
4019,1.7944157809753174e-09
4020,1.7930778596825154e-09
4021,1.7931868156026783e-09
4022,1.7939182727474429e-09
4023,1.7940274945758517e-09
4024,1.7940041146737902e-09
4025,1.7946184813693638e-09
4026,1.794644289468314e-09
4027,1.7946835333025683e-09
4028,1.794744607646353e-09
4029,1.794211268680503e-09
4030,1.7937167699033927e-09
4031,1.7939080764110467e-09
4032,1.7931503766039444e-09
4033,1.794138824311322e-09
4034,1.7928546377694352e-09
4035,1.7920120104491776e-09
4036,1.7921602203231456e-09
4037,1.792453677977618e-09
4038,1.7934167943837437e-09
4039,1.7934574559301212e-09
4040,1.7934898872884307e-09
4041,1.7938672840694809e-09
4042,1.7926923935212515e-09
4043,1.793673972813059e-09
4044,1.7943427407820844e-09
4045,1.7944619913441811e-09
4046,1.794301587602204e-09
4047,1.7932454824153708e-09
4048,1.7931783554446251e-09
4049,1.7931366262506613e-09
4050,1.79292674942855e-09
4051,1.7936189923976704e-09
4052,1.792652932561924e-09
4053,1.7925618863464098e-09
4054,1.7928374778355565e-09
4055,1.7920367236755649e-09
4056,1.7929135319100793e-09
4057,1.7922786263819151e-09
4058,1.7921986222434118e-09
4059,1.7927196444745715e-09
4060,1.7930355375313343e-09
4061,1.79316838685601e-09
4062,1.7937430626068432e-09
4063,1.7932135266056894e-09
4064,1.7940197361129042e-09
4065,1.7931356845974428e-09
4066,1.792846014251811e-09
4067,1.79407584527391e-09
4068,1.7942845494701531e-09
4069,1.7935701343657193e-09
4070,1.794530541602235e-09
4071,1.7939422374132718e-09
4072,1.7934114252471582e-09
4073,1.793678670296035e-09
4074,1.7930504128161952e-09
4075,1.7949698451082325e-09
4076,1.7936249304950166e-09
4077,1.7930584440396756e-09
4078,1.7929104097682977e-09
4079,1.7935375883961508e-09
4080,1.7944193452065821e-09
4081,1.7935351144563253e-09
4082,1.7928318272327456e-09
4083,1.792911120067563e-09
4084,1.7933676386024004e-09
4085,1.7934368769585385e-09
4086,1.7935989724340698e-09
4087,1.7931920971498703e-09
4088,1.7924391983721944e-09
4089,1.7934910851849478e-09
4090,1.7931112074716257e-09
4091,1.7929233783306743e-09
4092,1.7930056229227601e-09
4093,1.7933805808234272e-09
4094,1.7933264873673266e-09
4095,1.7942707534199275e-09
4096,1.793292161556771e-09
4097,1.7931176187911885e-09
4098,1.7927774176448416e-09
4099,1.7933075985530359e-09
4100,1.7936044931143326e-09
