global_step,predictor_x_gap_mse
1,3.3609238516965123e-12
2,3.4000432566706347e-08
3,1.7041961271325993e-08
4,1.1420903638026872e-08
5,8.624283611017542e-09
6,6.954160567306097e-09
7,5.853651160858284e-09
8,5.0768247037779614e-09
9,4.502072689313968e-09
10,4.05975934955735e-09
11,3.7134365302559206e-09
12,3.4328734153495504e-09
13,3.204884219842634e-09
14,3.0120266183966264e-09
15,2.8540000289325865e-09
16,2.7203776767599857e-09
17,2.6057144546388238e-09
18,2.5083705316571474e-09
19,2.42371236297763e-09
20,2.350925405297093e-09
21,2.2875924250761365e-09
22,2.2325132337437246e-09
23,2.1835636807397118e-09
24,2.141321088013255e-09
25,2.104662314499625e-09
26,2.070586895770334e-09
27,2.0417237581884344e-09
28,2.0150506000424097e-09
29,1.991250536771001e-09
30,1.9704326817264224e-09
31,1.951600451170933e-09
32,1.932707665765206e-09
33,1.918397490552467e-09
34,1.905462010474275e-09
35,1.893958513243612e-09
36,1.8836176514389587e-09
37,1.874921610101811e-09
38,1.8659168901405393e-09
39,1.8588105286981507e-09
40,1.8525410778952678e-09
41,1.8454851603796517e-09
42,1.84055566368547e-09
43,1.8369517773911683e-09
44,1.831672406265214e-09
45,1.8275773594082642e-09
46,1.8235352309821652e-09
47,1.8203391487234648e-09
48,1.817026423192417e-09
49,1.814889747987969e-09
50,1.813904198423141e-09
51,1.8115264542193145e-09
52,1.8105069221883616e-09
53,1.8077285269400314e-09
54,1.8073638616723523e-09
55,1.805227994391435e-09
56,1.8027394628180313e-09
57,1.8024586136572904e-09
58,1.8017905359535536e-09
59,1.8001695657680087e-09
60,1.7975015666238797e-09
61,1.7978941087044559e-09
62,1.7972406216808911e-09
63,1.7966113998106008e-09
64,1.7969447457662635e-09
65,1.7969826252692388e-09
66,1.7962623551841267e-09
67,1.7956864502637829e-09
68,1.7947656799362858e-09
69,1.7940822749960525e-09
70,1.7944936061173383e-09
71,1.793729577102931e-09
72,1.795405822022729e-09
73,1.7940735008698678e-09
74,1.7951489330555472e-09
75,1.7941451874966408e-09
76,1.7941316729004758e-09
77,1.7942818733060579e-09
78,1.7938970355090696e-09
79,1.794862774746045e-09
80,1.7940643000398869e-09
81,1.7941419501597914e-09
82,1.7929439555713779e-09
83,1.7939217255596593e-09
84,1.7948349567725924e-09
85,1.79353777600517e-09
86,1.7927365165964994e-09
87,1.792694174082241e-09
88,1.7936048674922939e-09
89,1.7932007319512354e-09
90,1.7924582839634973e-09
91,1.7925964469472173e-09
92,1.7915097352199013e-09
93,1.7908463575859433e-09
94,1.7910331628794023e-09
95,1.7922814944062213e-09
96,1.7929705162092332e-09
97,1.793426300284917e-09
98,1.793015825882331e-09
99,1.793003768695514e-09
100,1.7934896786044766e-09
101,1.793611260491474e-09
102,1.7927289196894727e-09
103,1.792482396852438e-09
104,1.7935047528415661e-09
105,1.7927977507822417e-09
106,1.7928878318875927e-09
107,1.792461322521497e-09
108,1.7929013533312469e-09
109,1.7931303720528247e-09
110,1.7935187079539055e-09
111,1.7931496150352855e-09
112,1.79452610671119e-09
113,1.7948947030859867e-09
114,1.794096344705162e-09
115,1.7938290191244473e-09
116,1.794345508735531e-09
117,1.7932676588834977e-09
118,1.7926994669177645e-09
119,1.792209161046507e-09
120,1.7914729399366734e-09
121,1.7920169310843556e-09
122,1.791466514184514e-09
123,1.7915395990880175e-09
124,1.7919424786583139e-09
125,1.792426734006669e-09
126,1.7931247135152066e-09
127,1.7928727849876487e-09
128,1.7926246298990127e-09
129,1.7929637281746978e-09
130,1.792593044740488e-09
131,1.7922503615983491e-09
132,1.7925204800928713e-09
133,1.7925677402603313e-09
134,1.792491384652707e-09
135,1.7927705730563902e-09
136,1.7926496668999994e-09
137,1.7931915991167204e-09
138,1.7942483251981738e-09
139,1.7936873596481898e-09
140,1.7935244585107259e-09
141,1.7926744219598756e-09
142,1.7936122657058841e-09
143,1.7936584111046525e-09
144,1.793110790102316e-09
145,1.7934245641242225e-09
146,1.7931442752706977e-09
147,1.7928960766177098e-09
148,1.7926897305825655e-09
149,1.7937849270532584e-09
150,1.7933698509622035e-09
151,1.7935388047677136e-09
152,1.793815009013331e-09
153,1.7931534957581068e-09
154,1.7921987446507858e-09
155,1.7930779944954439e-09
156,1.7927068675211482e-09
157,1.792594432611447e-09
158,1.793535987548646e-09
159,1.7937130355321104e-09
160,1.7935953978728923e-09
161,1.793654249416323e-09
162,1.7929655365779075e-09
163,1.793394548007446e-09
164,1.7944675928168973e-09
165,1.7941911916668462e-09
166,1.795094076582751e-09
167,1.7939593873827923e-09
168,1.7936512539818881e-09
169,1.7935952605247692e-09
170,1.7932372571695498e-09
171,1.7924630795821901e-09
172,1.7929126078419342e-09
173,1.7937406862182155e-09
174,1.7931576447431865e-09
175,1.794880247638533e-09
176,1.7939482269243427e-09
177,1.793654481790106e-09
178,1.7940932380052441e-09
179,1.7940363100408202e-09
180,1.7950832328423833e-09
181,1.7943664829877587e-09
182,1.793388498009938e-09
183,1.7933308400771175e-09
184,1.7947718429178642e-09
185,1.793546145968619e-09
186,1.7939229757260002e-09
187,1.7935870766495686e-09
188,1.7940675635546156e-09
189,1.7939911194911552e-09
190,1.793494674179511e-09
191,1.7938429146076156e-09
192,1.7938313290747455e-09
193,1.793678684004709e-09
194,1.7942681849306247e-09
195,1.7943181540396034e-09
196,1.7940403151345087e-09
197,1.7938578783434318e-09
198,1.7939881926123097e-09
199,1.7926153250542317e-09
200,1.792848560107743e-09
201,1.7925490505079262e-09
202,1.792688663991033e-09
203,1.793503101187526e-09
204,1.7947344813009044e-09
205,1.7936517649644883e-09
206,1.7929193466259589e-09
207,1.7937541646385953e-09
208,1.7933643559079262e-09
209,1.7930770172029367e-09
210,1.7930235310737213e-09
211,1.793129260738769e-09
212,1.7931625602626955e-09
213,1.7929991390319377e-09
214,1.7924538617348453e-09
215,1.7927683023536067e-09
216,1.7930983338437548e-09
217,1.7925839499240001e-09
218,1.7917788456282339e-09
219,1.7914040847767137e-09
220,1.7913800972553811e-09
221,1.7915466107231059e-09
222,1.7915296015846142e-09
223,1.7921203247746145e-09
224,1.7929621354481945e-09
225,1.792854745688514e-09
226,1.7930738833427793e-09
227,1.7926047759112104e-09
228,1.7930516061981349e-09
229,1.7936563677325432e-09
230,1.7931782398953846e-09
231,1.792870326144761e-09
232,1.7924774033130726e-09
233,1.7927566401130922e-09
234,1.7931957330734152e-09
235,1.793537734425073e-09
236,1.7942866395081997e-09
237,1.7950898351451795e-09
238,1.794292942567753e-09
239,1.793427801167004e-09
240,1.7939915581647036e-09
241,1.7938547552983295e-09
242,1.7931826047301858e-09
243,1.7939559235573282e-09
244,1.7934043726922163e-09
245,1.7937156143566207e-09
246,1.79415949433238e-09
247,1.7939044411663903e-09
248,1.7920062836409892e-09
249,1.7924408017474634e-09
250,1.7941966920442005e-09
251,1.7943360891312207e-09
252,1.7932729151555393e-09
253,1.7933897412421004e-09
254,1.7932833434217553e-09
255,1.7938664849102673e-09
256,1.7939006011346089e-09
257,1.7944770146080767e-09
258,1.7937004588814857e-09
259,1.793192577990366e-09
260,1.7934979044017358e-09
261,1.7926791426211823e-09
262,1.7942212655314077e-09
263,1.7939743587945749e-09
264,1.7943084437814116e-09
265,1.7938010691150751e-09
266,1.7951195470430137e-09
267,1.7938258332139534e-09
268,1.7940057649203824e-09
269,1.794299900443597e-09
270,1.793818799745064e-09
271,1.7935971151425718e-09
272,1.7928957214952502e-09
273,1.7932384493584059e-09
274,1.7935107150484036e-09
275,1.7943815096771697e-09
276,1.7940555332226105e-09
277,1.7947917573453005e-09
278,1.7942954786013729e-09
279,1.7940162629820044e-09
280,1.7938202367359471e-09
281,1.7934349613073402e-09
282,1.7930309295784224e-09
283,1.7935723409883602e-09
284,1.7928793325361695e-09
285,1.793915741021141e-09
286,1.7932040047225358e-09
287,1.7921623324011337e-09
288,1.7928187534087092e-09
289,1.7929295574112275e-09
290,1.793372002684397e-09
291,1.7928646854449829e-09
292,1.7935222619802505e-09
293,1.7937983159671323e-09
294,1.7938161562996687e-09
295,1.7932446000909046e-09
296,1.7942422564762116e-09
297,1.7935187012671613e-09
298,1.7949307324087444e-09
299,1.7954516003208139e-09
300,1.7941579174276064e-09
301,1.7929113213106193e-09
302,1.7932729212061455e-09
303,1.7928445791010436e-09
304,1.7930970385719237e-09
305,1.7932761134242207e-09
306,1.7928672954545108e-09
307,1.7922474253511809e-09
308,1.7932981909587313e-09
309,1.7924990671668501e-09
310,1.7934620941107925e-09
311,1.7937525670831047e-09
312,1.793795325679604e-09
313,1.7948580429624434e-09
314,1.794919162908697e-09
315,1.7945780330871815e-09
316,1.7936999977023697e-09
317,1.793296572566345e-09
318,1.793030009367357e-09
319,1.7934605132111601e-09
320,1.7946265357267e-09
321,1.7936915621291602e-09
322,1.7940858541375182e-09
323,1.793948527194258e-09
324,1.794994311894164e-09
325,1.79579548923645e-09
326,1.794959940620202e-09
327,1.7946552943827685e-09
328,1.7957758349712114e-09
329,1.7950998408379197e-09
330,1.7937803446513419e-09
331,1.7947332671293354e-09
332,1.794471580835355e-09
333,1.7937142188160746e-09
334,1.7934185903310889e-09
335,1.7929797984186562e-09
336,1.7943852659605882e-09
337,1.7938122394931553e-09
338,1.794302480853359e-09
339,1.7943765815928906e-09
340,1.7937281952416698e-09
341,1.7929373469095083e-09
342,1.793874016877475e-09
343,1.7952567929223915e-09
344,1.7959979266991309e-09
345,1.7947395284477107e-09
346,1.7944832439449535e-09
347,1.7936564777276894e-09
348,1.794748972785263e-09
349,1.7934938339732087e-09
350,1.7939281643647377e-09
351,1.7941203958844108e-09
352,1.794415599913339e-09
353,1.7945425785066292e-09
354,1.7949828327245128e-09
355,1.794320957908909e-09
356,1.793093740600793e-09
357,1.7921964013677268e-09
358,1.7922037160650023e-09
359,1.7926112152392905e-09
360,1.79212934664503e-09
361,1.7920152744000442e-09
362,1.791506748386777e-09
363,1.791507930140251e-09
364,1.7910797722973167e-09
365,1.7910637944606508e-09
366,1.7921543525053599e-09
367,1.7911062789703208e-09
368,1.7916370661545004e-09
369,1.7926420119266577e-09
370,1.7930732076209112e-09
371,1.793956634049115e-09
372,1.7930229950025401e-09
373,1.792550487731877e-09
374,1.7933217258511088e-09
375,1.7929484726686775e-09
376,1.7930891231928957e-09
377,1.7933825817237635e-09
378,1.7943824717223375e-09
379,1.793902420470315e-09
380,1.7943063840424149e-09
381,1.7941147847415812e-09
382,1.794813021655023e-09
383,1.7950995032476341e-09
384,1.7955750377370067e-09
385,1.7949164579982876e-09
386,1.7941642186302343e-09
387,1.7952989047072024e-09
388,1.7947814810857546e-09
389,1.7956843507623144e-09
390,1.7943998942160118e-09
391,1.7953676248103432e-09
392,1.7946825599723991e-09
393,1.7950378439017966e-09
394,1.7948714262833127e-09
395,1.7947191737320857e-09
396,1.794885907313862e-09
397,1.794786572641862e-09
398,1.7942889250826687e-09
399,1.7931264648342411e-09
400,1.7931309379539806e-09
401,1.7932628273582489e-09
402,1.7935830972863733e-09
403,1.7936585721907819e-09
404,1.7928938684881552e-09
405,1.7935761680536188e-09
406,1.7935150399620494e-09
407,1.793642782506273e-09
408,1.792849947831995e-09
409,1.792716798003999e-09
410,1.793617739898362e-09
411,1.7931001262494701e-09
412,1.7922408866313308e-09
413,1.7929498215694182e-09
414,1.792452809634898e-09
415,1.7927019762757764e-09
416,1.7919844965853679e-09
417,1.7921902583954436e-09
418,1.7929219949286637e-09
419,1.7929296730686584e-09
420,1.7930180465072804e-09
421,1.792874259095355e-09
422,1.7930099602501796e-09
423,1.7926078711355456e-09
424,1.7932524721058695e-09
425,1.7924045189556154e-09
426,1.7922124714328979e-09
427,1.7906777180785008e-09
428,1.79271948707963e-09
429,1.7932866513540048e-09
430,1.7929296064207827e-09
431,1.7938122282470916e-09
432,1.7935446794007798e-09
433,1.7933966721778256e-09
434,1.7942646569594365e-09
435,1.7934261586201706e-09
436,1.7935257572728648e-09
437,1.793260548983153e-09
438,1.792526815316635e-09
439,1.7929403994969763e-09
440,1.7923744814911707e-09
441,1.7932372417197401e-09
442,1.792588157103576e-09
443,1.7928732604929507e-09
444,1.7923216507118315e-09
445,1.7937161401031007e-09
446,1.7921765776763458e-09
447,1.7929693902522029e-09
448,1.7919461358955732e-09
449,1.7917623720149142e-09
450,1.7928081472587602e-09
451,1.7937039539619326e-09
452,1.7939686193372795e-09
453,1.7951876727805977e-09
454,1.7943384936948217e-09
455,1.7934368122636017e-09
456,1.7932384616800515e-09
457,1.7939172417352132e-09
458,1.7928437644780208e-09
459,1.7928581226363717e-09
460,1.793484574012653e-09
461,1.7919689031177577e-09
462,1.7929025055247973e-09
463,1.7923873532686572e-09
464,1.7936694257660457e-09
465,1.7928327485102212e-09
466,1.7934588061876158e-09
467,1.792565112370366e-09
468,1.7933776808953619e-09
469,1.7929333670355754e-09
470,1.792811854647765e-09
471,1.7925347575657426e-09
472,1.7927838052057144e-09
473,1.7922513818300708e-09
474,1.7915697621962202e-09
475,1.7919948039769336e-09
476,1.792078379659959e-09
477,1.7928265087578376e-09
478,1.7928755050249627e-09
479,1.7923979861607933e-09
480,1.7924219469737925e-09
481,1.794255139095347e-09
482,1.793541257077447e-09
483,1.7932659963851154e-09
484,1.7936446722868814e-09
485,1.793268493446358e-09
486,1.7939149967621436e-09
487,1.794886406961313e-09
488,1.7943925716921161e-09
489,1.79350214137891e-09
490,1.79375378354552e-09
491,1.7931042892962885e-09
492,1.7930359373750455e-09
493,1.7931064253899697e-09
494,1.7925715137945823e-09
495,1.7921050870954258e-09
496,1.792117957285761e-09
497,1.7912159601806876e-09
498,1.7913366936465094e-09
499,1.7911888105538404e-09
500,1.7910388882072385e-09
501,1.7912090676184048e-09
502,1.7914660607016841e-09
503,1.7920786576126152e-09
504,1.7927161437828224e-09
505,1.7919258441359909e-09
506,1.7928607675392447e-09
507,1.792328350862745e-09
508,1.7925747583425458e-09
509,1.7918715471752616e-09
510,1.7928759851391007e-09
511,1.7919117585518248e-09
512,1.7913666464154634e-09
513,1.7911055869966503e-09
514,1.7916892919491589e-09
515,1.7916905474679937e-09
516,1.7912711857064846e-09
517,1.7929170751248347e-09
518,1.7935093011631573e-09
519,1.793196419246066e-09
520,1.7928938099072408e-09
521,1.7933668269267328e-09
522,1.793371569444105e-09
523,1.7923929036761244e-09
524,1.7936940898584912e-09
525,1.792911076430248e-09
526,1.7921578074939824e-09
527,1.7917692824706353e-09
528,1.7925408366595024e-09
529,1.7928125676552368e-09
530,1.792195527378448e-09
531,1.7925335298337526e-09
532,1.7922964335152998e-09
533,1.7914786324195566e-09
534,1.7921292842897287e-09
535,1.7931580964868565e-09
536,1.7934940742441123e-09
537,1.7928182990737867e-09
538,1.7927654249244228e-09
539,1.7938356341031768e-09
540,1.7933156488120864e-09
541,1.7931717351366642e-09
542,1.7925143672847886e-09
543,1.7922493317051973e-09
544,1.793003583169948e-09
545,1.7933534542856588e-09
546,1.7938096700784089e-09
547,1.7940954920660873e-09
548,1.7930375229389888e-09
549,1.7944925703601383e-09
550,1.7933863252397269e-09
551,1.7932448219578082e-09
552,1.7934122516983102e-09
553,1.7931174442527728e-09
554,1.7924746648351585e-09
555,1.7933152579722157e-09
556,1.7946563423616256e-09
557,1.7947936633391932e-09
558,1.7934165972934697e-09
559,1.7941528590243564e-09
560,1.7929792237659246e-09
561,1.7934053290161555e-09
562,1.7934883612209433e-09
563,1.794419334637279e-09
564,1.792877731095233e-09
565,1.7930166498634782e-09
566,1.7935094817654639e-09
567,1.7935940936973288e-09
568,1.7934851433504618e-09
569,1.7935423492131752e-09
570,1.7936218433677352e-09
571,1.79295139446347e-09
572,1.7933644771582578e-09
573,1.793598248999897e-09
574,1.7928105600525563e-09
575,1.7928502302618395e-09
576,1.7925358084216424e-09
577,1.7937235112362506e-09
578,1.7946061489499417e-09
579,1.7941779907233155e-09
580,1.7948788584168998e-09
581,1.7949593276857179e-09
582,1.7952530949789495e-09
583,1.79410982791784e-09
584,1.7950181801678705e-09
585,1.7944713729122817e-09
586,1.7936889205509126e-09
587,1.7938845141320505e-09
588,1.7941442649852256e-09
589,1.794842196025854e-09
590,1.7936930060310253e-09
591,1.793386544146011e-09
592,1.7947722446652834e-09
593,1.7946282758740095e-09
594,1.7945520012881946e-09
595,1.7941910261656548e-09
596,1.7937934775455312e-09
597,1.7934339675698836e-09
598,1.7936968778639331e-09
599,1.7930507696049963e-09
600,1.794108965790341e-09
601,1.7956423865840351e-09
602,1.7955280665949749e-09
603,1.7955859088280788e-09
604,1.7948082960432516e-09
605,1.7944527255993542e-09
606,1.794884973020629e-09
607,1.7947363476478801e-09
608,1.7946764696860294e-09
609,1.794707806144276e-09
610,1.794909098469138e-09
611,1.7954168945557227e-09
612,1.7957620774833296e-09
613,1.795430185890856e-09
614,1.7951295373483385e-09
615,1.7949208399087807e-09
616,1.7946232608124396e-09
617,1.794160562712155e-09
618,1.793647422813709e-09
619,1.7928175024354886e-09
620,1.791299996386096e-09
621,1.7919582888041714e-09
622,1.7917759244407247e-09
623,1.7911872335002478e-09
624,1.791504736890818e-09
625,1.7926206864049777e-09
626,1.7919576995976178e-09
627,1.7915843671975497e-09
628,1.7904399969224949e-09
629,1.7916028262297605e-09
630,1.7922467875740892e-09
631,1.7914589763809489e-09
632,1.791951196412919e-09
633,1.7923433858640606e-09
634,1.7925513145520256e-09
635,1.7928598550492787e-09
636,1.7928364357103322e-09
637,1.7927284373743808e-09
638,1.7924637273792744e-09
639,1.7926674966319815e-09
640,1.7928216825885054e-09
641,1.7943167650551e-09
642,1.792971385442163e-09
643,1.7931564203264973e-09
644,1.7933536213510858e-09
645,1.7933708615690693e-09
646,1.793957961162712e-09
647,1.7945104895698588e-09
648,1.794153450490633e-09
649,1.7944032066843157e-09
650,1.7942627919736107e-09
651,1.792898844411369e-09
652,1.7932647118258186e-09
653,1.794257799201296e-09
654,1.7937953484810713e-09
655,1.7956782569875493e-09
656,1.7941301384074592e-09
657,1.7933939511111217e-09
658,1.7934617723325304e-09
659,1.7930571805475558e-09
660,1.792981496579326e-09
661,1.7931789875368423e-09
662,1.7940054341345634e-09
663,1.7945822221329055e-09
664,1.7943740157871927e-09
665,1.7943786396612562e-09
666,1.7937920514738048e-09
667,1.7939729836179896e-09
668,1.7923137194597797e-09
669,1.7926458982935123e-09
670,1.79379813815603e-09
671,1.7922557853490492e-09
672,1.7924083994787901e-09
673,1.7933259488513735e-09
674,1.793351400993734e-09
675,1.7936940412373715e-09
676,1.7935026718681084e-09
677,1.7946702831582372e-09
678,1.7947773241144807e-09
679,1.7925256335304199e-09
680,1.7922967162714315e-09
681,1.7931365693815513e-09
682,1.792921455533457e-09
683,1.7916070104628643e-09
684,1.7930270235573724e-09
685,1.7928941015805412e-09
686,1.7936604602177532e-09
687,1.7952104890379314e-09
688,1.7935596343937454e-09
689,1.793544290696873e-09
690,1.7946084042831739e-09
691,1.7935053683474644e-09
692,1.794090354713724e-09
693,1.7935549157820837e-09
694,1.7935743601945575e-09
695,1.7941470448766262e-09
696,1.794162769406536e-09
697,1.7936521917040346e-09
698,1.7946717025695252e-09
699,1.795318652129962e-09
700,1.7953580811464498e-09
701,1.7949477105640324e-09
702,1.7944489878226824e-09
703,1.7956551900563954e-09
704,1.7951112615067445e-09
705,1.7953952362362262e-09
706,1.7954819537333394e-09
707,1.7954779093970497e-09
708,1.7956160089244386e-09
709,1.794742880435451e-09
710,1.794715487567438e-09
711,1.7951822353091837e-09
712,1.796080998574727e-09
713,1.7952706509624994e-09
714,1.7954977772640959e-09
715,1.7955399254504997e-09
716,1.7952923592815726e-09
717,1.7950317799968307e-09
718,1.7952951484184074e-09
719,1.794106915752049e-09
720,1.7941561616828119e-09
721,1.793702007091074e-09
722,1.7936860763523328e-09
723,1.7959963379239399e-09
724,1.793760738894009e-09
725,1.7921804112626088e-09
726,1.7922123876728465e-09
727,1.792353290762395e-09
728,1.7939330091960673e-09
729,1.7925338255715268e-09
730,1.7942103515217154e-09
731,1.7943204282823945e-09
732,1.793287160716768e-09
733,1.7943980671486826e-09
734,1.7928676574343977e-09
735,1.7925929143951705e-09
736,1.7931639316743612e-09
737,1.792558326276736e-09
738,1.7928331043216395e-09
739,1.7935169521353218e-09
740,1.7937014263463944e-09
741,1.7931668269039673e-09
742,1.7928890165381652e-09
743,1.7932618351335612e-09
744,1.7934909064817607e-09
745,1.794312358211846e-09
746,1.7928870630372049e-09
747,1.792932697206933e-09
748,1.7924418971005095e-09
749,1.7919431169576342e-09
750,1.791931885777983e-09
751,1.7924372059541313e-09
752,1.792449850173219e-09
753,1.7925829364837418e-09
754,1.7931550557743064e-09
755,1.793939043118518e-09
756,1.7932987909084449e-09
757,1.7933353356962424e-09
758,1.7927677639546156e-09
759,1.79401096816523e-09
760,1.7928876569418208e-09
761,1.7922496592668196e-09
762,1.7925703867513168e-09
763,1.793078157907989e-09
764,1.7920584723456362e-09
765,1.7916659834087e-09
766,1.7933782026913418e-09
767,1.793462060940857e-09
768,1.792321957266359e-09
769,1.7929535288892624e-09
770,1.7943427396471467e-09
771,1.7927970331536359e-09
772,1.7931438902910863e-09
773,1.7933518747442804e-09
774,1.7936375052784881e-09
775,1.7928830890034395e-09
776,1.7933391781134186e-09
777,1.7930531345886606e-09
778,1.793837071582812e-09
779,1.7942088753007035e-09
780,1.7942899471165615e-09
781,1.7940029667196943e-09
782,1.7934553421266065e-09
783,1.7939940495716555e-09
784,1.7939412194968545e-09
785,1.7934742300597427e-09
786,1.7932536195156913e-09
787,1.7931740518592013e-09
788,1.792629823508539e-09
789,1.7931275357652691e-09
790,1.7937598982102417e-09
791,1.7926072319793805e-09
792,1.7936609834466457e-09
793,1.7944645721048526e-09
794,1.794582207551145e-09
795,1.793900691201932e-09
796,1.7926805122136659e-09
797,1.7931047405643946e-09
798,1.7922081829518688e-09
799,1.7923864087544411e-09
800,1.7906283515935454e-09
801,1.7916962701185477e-09
802,1.7913480985050479e-09
803,1.790000464031542e-09
804,1.7904221500363157e-09
805,1.7912985464410665e-09
806,1.7915559646160557e-09
807,1.790931256819629e-09
808,1.7911063209749665e-09
809,1.7911547163424192e-09
810,1.792252892303463e-09
811,1.7915837672283123e-09
812,1.7913558010197479e-09
813,1.7918316398541652e-09
814,1.7911451288471883e-09
815,1.7918968948613491e-09
816,1.7920845547308358e-09
817,1.792552196072487e-09
818,1.7921163969323847e-09
819,1.7926855151641986e-09
820,1.7916201809646452e-09
821,1.7927893764273746e-09
822,1.7917069170653075e-09
823,1.7921162912354154e-09
824,1.792939620408571e-09
825,1.7936543579014168e-09
826,1.7935782392208004e-09
827,1.7922609321376185e-09
828,1.7929654995092725e-09
829,1.7941241726324516e-09
830,1.7948831720510348e-09
831,1.7940161437121578e-09
832,1.7935227890907484e-09
833,1.7930586410907832e-09
834,1.7934951035030575e-09
835,1.7938156126114963e-09
836,1.793547809367931e-09
837,1.7929277300161455e-09
838,1.7934637329410603e-09
839,1.793299502401294e-09
840,1.7936834728242342e-09
841,1.7930690635779956e-09
842,1.7932910772251184e-09
843,1.794160271956153e-09
844,1.7938198321392262e-09
845,1.7933258302249562e-09
846,1.7934378852925433e-09
847,1.7929411145253277e-09
848,1.793881972707967e-09
849,1.7936560708808773e-09
850,1.7938938170873055e-09
851,1.794624364674689e-09
852,1.7931764373058306e-09
853,1.792949343767228e-09
854,1.7925465221651566e-09
855,1.7930506634122858e-09
856,1.7931324701994674e-09
857,1.793237353243756e-09
858,1.792243908469181e-09
859,1.7928604501095964e-09
860,1.7930128786464093e-09
861,1.7925964607495707e-09
862,1.7930704553486355e-09
863,1.7929019035416117e-09
864,1.792245443887309e-09
865,1.791955849194389e-09
866,1.7923074589628748e-09
867,1.7931068063940245e-09
868,1.7938469069816668e-09
869,1.793599896047541e-09
870,1.7944487795734638e-09
871,1.794612014113116e-09
872,1.7934688222078612e-09
873,1.7941239498132657e-09
874,1.7949868658834368e-09
875,1.79372262078589e-09
876,1.7939801965052658e-09
877,1.79370104680987e-09
878,1.7939411382389038e-09
879,1.7944620857604279e-09
880,1.7939960381800847e-09
881,1.7929682696848312e-09
882,1.7932445291508729e-09
883,1.793230849544285e-09
884,1.792575184254638e-09
885,1.7921383740035258e-09
886,1.7928220445247251e-09
887,1.7913853034544689e-09
888,1.7915548908564597e-09
889,1.7924603833906399e-09
890,1.791937524213471e-09
891,1.7927362294935048e-09
892,1.7924626189405652e-09
893,1.7932811817154646e-09
894,1.7932106838575508e-09
895,1.7939445651948768e-09
896,1.7939435381634299e-09
897,1.7943245574887373e-09
898,1.7938297896537638e-09
899,1.793928648085157e-09
900,1.7931421765419047e-09
901,1.792818132655137e-09
902,1.7919425562449918e-09
903,1.79260700685839e-09
904,1.793034083223607e-09
905,1.7919829628305949e-09
906,1.7915276910914013e-09
907,1.791865626225103e-09
908,1.7925872821637252e-09
909,1.7916799742703555e-09
910,1.7928212553573806e-09
911,1.7920636419784036e-09
912,1.792607606003947e-09
913,1.7939005905218382e-09
914,1.7927124153014234e-09
915,1.79271753286452e-09
916,1.7933946223660925e-09
917,1.7934536196159173e-09
918,1.7936522971602596e-09
919,1.7932563653036252e-09
920,1.7935835073305064e-09
921,1.7926729556118911e-09
922,1.7935043833275236e-09
923,1.793600311738927e-09
924,1.7932796692917878e-09
925,1.7937650043384068e-09
926,1.7941680441293803e-09
927,1.793182562276939e-09
928,1.7929677363365564e-09
929,1.7932661310949027e-09
930,1.7929509172815791e-09
931,1.794084855979803e-09
932,1.793291339736724e-09
933,1.7925033842404177e-09
934,1.7931331629508533e-09
935,1.793805419594537e-09
936,1.7935836592891945e-09
937,1.7935410295951975e-09
938,1.7942940604515501e-09
939,1.7944268562448809e-09
940,1.7941289545619885e-09
941,1.793281888072495e-09
942,1.7929847204769528e-09
943,1.7936413555834024e-09
944,1.7934969448507909e-09
945,1.7938549935271542e-09
946,1.7935189922694414e-09
947,1.7937923370157422e-09
948,1.792958557305961e-09
949,1.792417074740605e-09
950,1.792470529585003e-09
951,1.7935545858381316e-09
952,1.7935065964098044e-09
953,1.793287808867065e-09
954,1.7931689019427962e-09
955,1.7934004028320577e-09
956,1.794082096196175e-09
957,1.793908243511374e-09
958,1.7943940587612463e-09
959,1.7943314387449854e-09
960,1.794556411072225e-09
961,1.7923290256159938e-09
962,1.7923222487320336e-09
963,1.7925122679008193e-09
964,1.7921468386141964e-09
965,1.7933088828270093e-09
966,1.7940048161953404e-09
967,1.7946777077361696e-09
968,1.7944232878334195e-09
969,1.7947113603621797e-09
970,1.7944931692655332e-09
971,1.795401137953835e-09
972,1.792322315302155e-09
973,1.7916104450188663e-09
974,1.7926368574999457e-09
975,1.7939071287714375e-09
976,1.7950698132452137e-09
977,1.7947856513850875e-09
978,1.795696621836132e-09
979,1.7958634355087094e-09
980,1.7954654173965781e-09
981,1.795593385061258e-09
982,1.7956627514540357e-09
983,1.794519199196279e-09
984,1.794172668209694e-09
985,1.7945655765966813e-09
986,1.7940004902391095e-09
987,1.7931471076168942e-09
988,1.7937149869881838e-09
989,1.794453494532216e-09
990,1.7939933742874335e-09
991,1.7945301490622099e-09
992,1.7936322258244085e-09
993,1.7945062511136027e-09
994,1.7940068499055593e-09
995,1.7936865823906857e-09
996,1.7934816886701746e-09
997,1.7946693927627032e-09
998,1.7932126396112835e-09
999,1.7937149058182529e-09
1000,1.793003694684486e-09
1001,1.7930533299441147e-09
1002,1.7927211824139993e-09
1003,1.7922697653114217e-09
1004,1.7926501182009528e-09
1005,1.7919634806104122e-09
1006,1.7926463079461394e-09
1007,1.792546894099672e-09
1008,1.7923969152182263e-09
1009,1.7925760977222945e-09
1010,1.7929723474492188e-09
1011,1.7923499579204726e-09
1012,1.7945225131621133e-09
1013,1.7942483313442757e-09
1014,1.793664350592066e-09
1015,1.7940729844180614e-09
1016,1.7937844914843009e-09
1017,1.7942125848480219e-09
1018,1.7940264408263304e-09
1019,1.7937377835459654e-09
1020,1.7931717852020537e-09
1021,1.792968693994589e-09
1022,1.7926506484934752e-09
1023,1.7925559246709755e-09
1024,1.7923481092741945e-09
1025,1.7928709863868692e-09
1026,1.7940838427497827e-09
1027,1.7939643567908234e-09
1028,1.792945355294723e-09
1029,1.7923093334804744e-09
1030,1.7917768628965529e-09
1031,1.7931561824928982e-09
1032,1.7924712008074613e-09
1033,1.7929625477409734e-09
1034,1.7932491555561467e-09
1035,1.7937100171321155e-09
1036,1.794308749253982e-09
1037,1.7944596171079998e-09
1038,1.7940009523350615e-09
1039,1.7938488368534508e-09
1040,1.7938690334196914e-09
1041,1.7933989351364868e-09
1042,1.7932549948826067e-09
1043,1.7927582852613196e-09
1044,1.794143064580008e-09
1045,1.794630806754116e-09
1046,1.7933250151623097e-09
1047,1.7935737748168695e-09
1048,1.7936115992408542e-09
1049,1.7943531261164433e-09
1050,1.7936244665185148e-09
1051,1.7923726351743022e-09
1052,1.7923638268636524e-09
1053,1.7921971352476933e-09
1054,1.7932056480091633e-09
1055,1.7929810580251825e-09
1056,1.7943009853463844e-09
1057,1.794009307056192e-09
1058,1.7937727570227036e-09
1059,1.7932089104377948e-09
1060,1.7933870887589764e-09
1061,1.7919937378717078e-09
1062,1.793040173934581e-09
1063,1.7921400206607786e-09
1064,1.7913085590630952e-09
1065,1.7921384620495275e-09
1066,1.791501474764448e-09
1067,1.7919463536674923e-09
1068,1.7928876492753313e-09
1069,1.7913127125956596e-09
1070,1.7915998959721417e-09
1071,1.791634727911216e-09
1072,1.792491441540627e-09
1073,1.7931508100637471e-09
1074,1.7924101510284068e-09
1075,1.7924150451005544e-09
1076,1.7934369081509511e-09
1077,1.793829404178539e-09
1078,1.794112261851403e-09
1079,1.7942655503660835e-09
1080,1.793902435724501e-09
1081,1.793772985707778e-09
1082,1.7938136399236857e-09
1083,1.7935561810510714e-09
1084,1.7930906425431128e-09
1085,1.7943819681165782e-09
1086,1.793859671956784e-09
1087,1.7935404648530678e-09
1088,1.79499993650073e-09
1089,1.7931914174853207e-09
1090,1.7934459197845621e-09
1091,1.7938784342631723e-09
1092,1.7936099630734803e-09
1093,1.79438578095403e-09
1094,1.794686294611199e-09
1095,1.795813606613952e-09
1096,1.7944957169833876e-09
1097,1.7941287682144903e-09
1098,1.795268917378303e-09
1099,1.794978088913922e-09
1100,1.7955524544591024e-09
1101,1.7947784301693798e-09
1102,1.7936177135877886e-09
1103,1.794214691803286e-09
1104,1.7929200837481644e-09
1105,1.792871502642192e-09
1106,1.7937377659676869e-09
1107,1.7943976860772502e-09
1108,1.7941239801911843e-09
1109,1.793507720276023e-09
1110,1.792961833644656e-09
1111,1.791823731141562e-09
1112,1.7925461476417395e-09
1113,1.7914813085462586e-09
1114,1.7923301044581745e-09
1115,1.7926751006089893e-09
1116,1.793286799895754e-09
1117,1.7938666299153643e-09
1118,1.7929683597754006e-09
1119,1.794308085953109e-09
1120,1.7941497524136092e-09
1121,1.7939066987444662e-09
1122,1.794453060702217e-09
1123,1.7933997932677118e-09
1124,1.793769745165802e-09
1125,1.7931279891554675e-09
1126,1.7938525528157968e-09
1127,1.793903470462836e-09
1128,1.7936112895343012e-09
1129,1.793952313698717e-09
1130,1.7939898609388125e-09
1131,1.7950417659157625e-09
1132,1.7934755274317153e-09
1133,1.7933415009841803e-09
1134,1.7934418700607823e-09
1135,1.793254302077276e-09
1136,1.7930333908462427e-09
1137,1.7931076821154065e-09
1138,1.7935684919522769e-09
1139,1.7932017207193611e-09
1140,1.7927476163130753e-09
1141,1.7933733975936289e-09
1142,1.7922383687187045e-09
1143,1.7930498434751529e-09
1144,1.7931069348255858e-09
1145,1.7932637707686275e-09
1146,1.7933693607706106e-09
1147,1.7936026407295545e-09
1148,1.792825470998876e-09
1149,1.7925972694088438e-09
1150,1.792572499949788e-09
1151,1.7921121767788292e-09
1152,1.7922272996369877e-09
1153,1.7923689002125074e-09
1154,1.7929757843633225e-09
1155,1.7929903551149198e-09
1156,1.7932773306953993e-09
1157,1.7941564916131284e-09
1158,1.7937511664331484e-09
1159,1.7940942383675204e-09
1160,1.7946431896691553e-09
1161,1.7936898472848801e-09
1162,1.7944852174256558e-09
1163,1.7938010004263426e-09
1164,1.7930543759749666e-09
1165,1.7945693309359402e-09
1166,1.7935192226675448e-09
1167,1.7936362497663511e-09
1168,1.7942933652197592e-09
1169,1.7928633352396076e-09
1170,1.793164624834286e-09
1171,1.7936370205159845e-09
1172,1.7931624814791403e-09
1173,1.7950706402368053e-09
1174,1.795884168261569e-09
1175,1.7950012420497548e-09
1176,1.7948078303092367e-09
1177,1.794648479759165e-09
1178,1.7947585223183039e-09
1179,1.7952343048299646e-09
1180,1.7949899313267195e-09
1181,1.7939859784812898e-09
1182,1.7945227372080693e-09
1183,1.7936176576877233e-09
1184,1.794818039189369e-09
1185,1.7939478671975384e-09
1186,1.7935811824472213e-09
1187,1.7944132343636384e-09
1188,1.7936241641416826e-09
1189,1.7939331615851748e-09
1190,1.7943306323082982e-09
1191,1.794298130019817e-09
1192,1.7945670253079953e-09
1193,1.7945376884998378e-09
1194,1.7953069605554726e-09
1195,1.7946723711869264e-09
1196,1.7943858825973375e-09
1197,1.7951035431013536e-09
1198,1.794206389184114e-09
1199,1.7937286979397443e-09
1200,1.7925546033280528e-09
1201,1.7942853552422724e-09
1202,1.794486247013016e-09
1203,1.794265486836431e-09
1204,1.7942552014155903e-09
1205,1.7952587746550602e-09
1206,1.794403341779183e-09
1207,1.7946572825348015e-09
1208,1.7943522176696497e-09
1209,1.7942998168388022e-09
1210,1.7932727044956398e-09
1211,1.7929125384061862e-09
1212,1.7923983119171044e-09
1213,1.7926267278348164e-09
1214,1.7932670560474722e-09
1215,1.792806281021223e-09
1216,1.7929147721696837e-09
1217,1.7927149333580765e-09
1218,1.7926514281608185e-09
1219,1.7940309568906002e-09
1220,1.7932442253761103e-09
1221,1.7918811129581073e-09
1222,1.7944413877987293e-09
1223,1.7932782607898118e-09
1224,1.7930527217109923e-09
1225,1.7929165474952357e-09
1226,1.7932536424765724e-09
1227,1.791977949602637e-09
1228,1.7932763406210103e-09
1229,1.7926211081273606e-09
1230,1.7926575558092102e-09
1231,1.7933416926887758e-09
1232,1.791785507632038e-09
1233,1.7934140283634474e-09
1234,1.793137326964093e-09
1235,1.7931700263380541e-09
1236,1.7929142305782028e-09
1237,1.792480660017381e-09
1238,1.793079725234908e-09
1239,1.7929753042991607e-09
1240,1.7938462404453327e-09
1241,1.793828230313079e-09
1242,1.7947488134576786e-09
1243,1.7944048630199244e-09
1244,1.7948630941298463e-09
1245,1.7946058075166508e-09
1246,1.7948770818941004e-09
1247,1.7935034843416624e-09
1248,1.7940038844995134e-09
1249,1.79429054665654e-09
1250,1.7926022430535526e-09
1251,1.7917866516577308e-09
1252,1.792868817435076e-09
1253,1.791055161370813e-09
1254,1.791828390256988e-09
1255,1.7929474479381004e-09
1256,1.7924932974592282e-09
1257,1.7929964008318521e-09
1258,1.793769212470453e-09
1259,1.7938559796955547e-09
1260,1.7929317622839202e-09
1261,1.7930612035617286e-09
1262,1.7935230284681013e-09
1263,1.7942082612703613e-09
1264,1.7944813719279056e-09
1265,1.7938264716226556e-09
1266,1.7933990876835867e-09
1267,1.7937555513005035e-09
1268,1.7941964758360676e-09
1269,1.7945170323187166e-09
1270,1.7941533134339672e-09
1271,1.7945639057054825e-09
1272,1.79487107433462e-09
1273,1.7944952533546331e-09
1274,1.7937891916767718e-09
1275,1.7937992206698173e-09
1276,1.7930283097231082e-09
1277,1.7945396371965961e-09
1278,1.7934158363923867e-09
1279,1.7943112206884002e-09
1280,1.7933499232073584e-09
1281,1.7929446887605369e-09
1282,1.792853472753411e-09
1283,1.794014990117306e-09
1284,1.7945054363164588e-09
1285,1.7938836273387055e-09
1286,1.7939717953422985e-09
1287,1.794671853996162e-09
1288,1.793542163833516e-09
1289,1.7936681295665669e-09
1290,1.7944463819295704e-09
1291,1.7946326611515445e-09
1292,1.7951927892644016e-09
1293,1.7957019486986986e-09
1294,1.7933332553022152e-09
1295,1.7929659694834235e-09
1296,1.7922709643992525e-09
1297,1.793579062996643e-09
1298,1.7939364985432405e-09
1299,1.7938356598287308e-09
1300,1.7922663392414877e-09
1301,1.7923425825097974e-09
1302,1.7924811448239419e-09
1303,1.7935088636327068e-09
1304,1.7933090763917349e-09
1305,1.7927110772850102e-09
1306,1.793847091188785e-09
1307,1.7945835875024715e-09
1308,1.793736323151403e-09
1309,1.7945547994302178e-09
1310,1.794254123867336e-09
1311,1.7937287966219697e-09
1312,1.7946506115284176e-09
1313,1.7948331872613033e-09
1314,1.7945580401936184e-09
1315,1.7931741363550764e-09
1316,1.7929523869978634e-09
1317,1.7938662224118722e-09
1318,1.794159098501845e-09
1319,1.7938899659915605e-09
1320,1.7933455183827193e-09
1321,1.7934434859503011e-09
1322,1.793949128775429e-09
1323,1.7933336153481698e-09
1324,1.7927876292087835e-09
1325,1.7932650039656745e-09
1326,1.7930895181096733e-09
1327,1.7932435157508725e-09
1328,1.7942214937716105e-09
1329,1.7952485574821916e-09
1330,1.7944108412115448e-09
1331,1.794614416731496e-09
1332,1.7926832416291595e-09
1333,1.793396157444981e-09
1334,1.7923750402035123e-09
1335,1.7924747552631678e-09
1336,1.7942545354134006e-09
1337,1.7945136970647483e-09
1338,1.7944889410320636e-09
1339,1.794669163877928e-09
1340,1.7929057232259266e-09
1341,1.7950960733708495e-09
1342,1.7933010132525482e-09
1343,1.7929966287739324e-09
1344,1.7943593690624111e-09
1345,1.7922784467725876e-09
1346,1.792206766948547e-09
1347,1.7929438932164279e-09
1348,1.7906685628409466e-09
1349,1.7915672640344703e-09
1350,1.7920939457256465e-09
1351,1.7912403778228258e-09
1352,1.7920535394703158e-09
1353,1.7930873351344908e-09
1354,1.7926466003127193e-09
1355,1.7928829693015588e-09
1356,1.7925017781226063e-09
1357,1.792989182767271e-09
1358,1.7920303714304454e-09
1359,1.7919109649752325e-09
1360,1.7917493972322968e-09
1361,1.79205294798572e-09
1362,1.7919443947664163e-09
1363,1.7925567233687738e-09
1364,1.7926227524842382e-09
1365,1.7928896876685493e-09
1366,1.7930306687966905e-09
1367,1.7928335633876326e-09
1368,1.7923253240701887e-09
1369,1.793313972911095e-09
1370,1.7927187327193481e-09
1371,1.7930796726637904e-09
1372,1.7932529893966818e-09
1373,1.793065224493519e-09
1374,1.7935253658064666e-09
1375,1.7931350833041619e-09
1376,1.7929093964598725e-09
1377,1.7942238241804377e-09
1378,1.7940739731790285e-09
1379,1.793582869816708e-09
1380,1.7927506681919554e-09
1381,1.7929206020458328e-09
1382,1.793990377055348e-09
1383,1.7935761375663983e-09
1384,1.7941857793628228e-09
1385,1.7953122187111222e-09
1386,1.7950301651637112e-09
1387,1.794169495719773e-09
1388,1.7933274355360404e-09
1389,1.7930461897688832e-09
1390,1.7928466841800356e-09
1391,1.7924716328425786e-09
1392,1.792032609904544e-09
1393,1.7937746553926228e-09
1394,1.7940173048682256e-09
1395,1.794712972720402e-09
1396,1.7935654160516247e-09
1397,1.7949979088864653e-09
1398,1.7945728337130985e-09
1399,1.7957632923999349e-09
1400,1.7963123823171265e-09
1401,1.795779425385568e-09
1402,1.7957361602727226e-09
1403,1.7956003529809252e-09
1404,1.7963718325039381e-09
1405,1.7941952589391651e-09
1406,1.7943465813833713e-09
1407,1.7948866387757333e-09
1408,1.794999027222476e-09
1409,1.795245407536369e-09
1410,1.7958159946081552e-09
1411,1.7951185719521028e-09
1412,1.795045394157621e-09
1413,1.7947482828141878e-09
1414,1.794484095231959e-09
1415,1.7941913509788756e-09
1416,1.7942728945533442e-09
1417,1.7948676723315066e-09
1418,1.7948834545781721e-09
1419,1.7947414201649066e-09
1420,1.7938623488501757e-09
1421,1.795909714890652e-09
1422,1.7949679057118122e-09
1423,1.7954457351706554e-09
1424,1.7962243549417316e-09
1425,1.7941456282502696e-09
1426,1.795433271352523e-09
1427,1.7947926033918115e-09
1428,1.7958284389031927e-09
1429,1.7965773932074881e-09
1430,1.7946420371041276e-09
1431,1.7950979565128865e-09
1432,1.7944079903156026e-09
1433,1.792227510432083e-09
1434,1.7939198542721826e-09
1435,1.792750128291351e-09
1436,1.792536349873495e-09
1437,1.7927071560142239e-09
1438,1.7934573579920178e-09
1439,1.792046843376127e-09
1440,1.7917905648833686e-09
1441,1.7927016020115042e-09
1442,1.792297982825593e-09
1443,1.792892793211674e-09
1444,1.7932221977951027e-09
1445,1.7961783180785532e-09
1446,1.7930611112255094e-09
1447,1.7933251125986168e-09
1448,1.7939382036267339e-09
1449,1.7935428701366425e-09
1450,1.794678853277689e-09
1451,1.793745448875105e-09
1452,1.7940514056847056e-09
1453,1.7948933843657275e-09
1454,1.7956680735677859e-09
1455,1.7939871032608302e-09
1456,1.7940246035591623e-09
1457,1.792996195680793e-09
1458,1.7953432246891438e-09
1459,1.7940408868567149e-09
1460,1.7937620406288833e-09
1461,1.7938679145917492e-09
1462,1.795456921406529e-09
1463,1.794207220057696e-09
1464,1.7938472986809728e-09
1465,1.7941209829595877e-09
1466,1.7934942165149646e-09
1467,1.7939816037470599e-09
1468,1.7941608512475914e-09
1469,1.7931716610159383e-09
1470,1.792843185532064e-09
1471,1.7930159023066653e-09
1472,1.7933417158673793e-09
1473,1.7933659487105438e-09
1474,1.7934213116150297e-09
1475,1.793073772089183e-09
1476,1.7942443814694918e-09
1477,1.7949958460366123e-09
1478,1.7935344231020416e-09
1479,1.793897810875673e-09
1480,1.793000019463591e-09
1481,1.7951454888464355e-09
1482,1.7918020519240124e-09
1483,1.7921292425089126e-09
1484,1.791044852967237e-09
1485,1.7911235187979774e-09
1486,1.7926051381627332e-09
1487,1.7929625610994542e-09
1488,1.7935172635319915e-09
1489,1.7938551950806295e-09
1490,1.7950199606888192e-09
1491,1.7946067390068285e-09
1492,1.7938893758278532e-09
1493,1.7954876266751965e-09
1494,1.7930400861653617e-09
1495,1.7934112125212882e-09
1496,1.794083806005165e-09
1497,1.794474335263885e-09
1498,1.7921023500456692e-09
1499,1.792587446271756e-09
1500,1.7929869741643723e-09
1501,1.7925369369540076e-09
1502,1.7937974787728998e-09
1503,1.792823862506493e-09
1504,1.7933191488332155e-09
1505,1.7927207690949551e-09
1506,1.793174382684224e-09
1507,1.7939815226237972e-09
1508,1.7931538377835587e-09
1509,1.7934034227549047e-09
1510,1.793190156108276e-09
1511,1.7950887886977162e-09
1512,1.7969394525155495e-09
1513,1.7941336952362156e-09
1514,1.7938167420956706e-09
1515,1.7943212559935386e-09
1516,1.796633198441788e-09
1517,1.7955815256403749e-09
1518,1.7948832017811462e-09
1519,1.7939564215904018e-09
1520,1.7939875923182658e-09
1521,1.7940424499500657e-09
1522,1.793950509303997e-09
1523,1.7925687529602165e-09
1524,1.7921406667689902e-09
1525,1.7944567516303277e-09
1526,1.793193334924755e-09
1527,1.7923965276935435e-09
1528,1.7962838127820615e-09
1529,1.7939228751551138e-09
1530,1.7932634315764435e-09
1531,1.7934419232193673e-09
1532,1.793232430948127e-09
1533,1.793095824555897e-09
1534,1.7938577267711254e-09
1535,1.792343460800926e-09
1536,1.7929725916462239e-09
1537,1.7945806018363925e-09
1538,1.7941472620436199e-09
1539,1.7943966035847786e-09
1540,1.793389484979899e-09
1541,1.7927899090626534e-09
1542,1.7934735108811892e-09
1543,1.7931807562373182e-09
1544,1.7942520884616075e-09
1545,1.7931455441423087e-09
1546,1.794148800772591e-09
1547,1.7926482005908787e-09
1548,1.7933004354769722e-09
1549,1.794697671243074e-09
1550,1.793224300370077e-09
1551,1.7941838981290543e-09
1552,1.7930654777355348e-09
1553,1.7927554182205416e-09
1554,1.7922717616536838e-09
1555,1.793403306446076e-09
1556,1.7914509932329867e-09
1557,1.7916017226333958e-09
1558,1.7919624360733054e-09
1559,1.791770092051881e-09
1560,1.7909227462600903e-09
1561,1.7937978589455663e-09
1562,1.790997475065084e-09
1563,1.7905237680192376e-09
1564,1.791260745966364e-09
1565,1.79066692601859e-09
1566,1.7914894316858548e-09
1567,1.7921872735902991e-09
1568,1.7911811598451789e-09
1569,1.791648846830824e-09
1570,1.7915470783787344e-09
1571,1.793008009753134e-09
1572,1.7931712755553731e-09
1573,1.7932227029032538e-09
1574,1.7947092067411934e-09
1575,1.7938788014063094e-09
1576,1.7934426814866401e-09
1577,1.7935283205955745e-09
1578,1.7927893744693822e-09
1579,1.7932633122187004e-09
1580,1.793809629979799e-09
1581,1.792881712661535e-09
1582,1.7933638786704805e-09
1583,1.7939158799419305e-09
1584,1.7931330643425685e-09
1585,1.792783387711791e-09
1586,1.7943560692240726e-09
1587,1.7927746615992665e-09
1588,1.7946135923028914e-09
1589,1.7936935346086354e-09
1590,1.793077359771535e-09
1591,1.7926965053893703e-09
1592,1.7934034065759412e-09
1593,1.792819211468963e-09
1594,1.7920382294021692e-09
1595,1.7920544886412179e-09
1596,1.7925301137830198e-09
1597,1.7931840926357126e-09
1598,1.7923291800151877e-09
1599,1.7920723921087629e-09
1600,1.7930953066951539e-09
1601,1.793582516662856e-09
1602,1.7943304614740647e-09
1603,1.794239683236087e-09
1604,1.7945699314931853e-09
1605,1.7942732263424224e-09
1606,1.7935174874813045e-09
1607,1.7943051182254556e-09
1608,1.794266838700337e-09
1609,1.7950185385252869e-09
1610,1.7958445979539343e-09
1611,1.7946532858054535e-09
1612,1.7947623466831772e-09
1613,1.7940351457790947e-09
1614,1.7947826913970004e-09
1615,1.7948006577138931e-09
1616,1.7955254375119797e-09
1617,1.7949036080401457e-09
1618,1.7959904276214733e-09
1619,1.7953538539784606e-09
1620,1.7940580474525086e-09
1621,1.795250241154222e-09
1622,1.7948367520724396e-09
1623,1.7939316717613711e-09
1624,1.7938442444809378e-09
1625,1.7949646272878122e-09
1626,1.7938468274269338e-09
1627,1.7937076842565534e-09
1628,1.7940776108129097e-09
1629,1.793100784306546e-09
1630,1.793551374703598e-09
1631,1.7927999774469614e-09
1632,1.7937293697382774e-09
1633,1.7937519486329483e-09
1634,1.7929031371924864e-09
1635,1.7937171498849059e-09
1636,1.7939890368381714e-09
1637,1.7933694354687358e-09
1638,1.7933825135866569e-09
1639,1.7943569309424554e-09
1640,1.7932679314938539e-09
1641,1.794129981694097e-09
1642,1.794487607538298e-09
1643,1.7947129879703486e-09
1644,1.7956449914460487e-09
1645,1.7931276634334643e-09
1646,1.7935593171434236e-09
1647,1.793217521828783e-09
1648,1.79381951422166e-09
1649,1.7941008384684137e-09
1650,1.793637873647304e-09
1651,1.793503065455629e-09
1652,1.7936677816269124e-09
1653,1.793724489630301e-09
1654,1.7933038602208335e-09
1655,1.7945297472312467e-09
1656,1.7936472339988688e-09
1657,1.7941104998611673e-09
1658,1.7940279437263628e-09
1659,1.794397920741388e-09
1660,1.7939631668291608e-09
1661,1.7928981249267777e-09
1662,1.7930481977792748e-09
1663,1.7946856805339833e-09
1664,1.7933932886032161e-09
1665,1.792837075980216e-09
1666,1.7941158204253478e-09
1667,1.7935608832800842e-09
1668,1.7930815027784968e-09
1669,1.7931764866408374e-09
1670,1.7927403630011454e-09
1671,1.7921331360871359e-09
1672,1.7927275028981132e-09
1673,1.7943434984457559e-09
1674,1.7939934381116492e-09
1675,1.7926075327792295e-09
1676,1.7923145382409826e-09
1677,1.7933269420872954e-09
1678,1.7925424184039274e-09
1679,1.792842237978031e-09
1680,1.7921583491794964e-09
1681,1.7935509728484786e-09
1682,1.7913762156393726e-09
1683,1.7930771713497685e-09
1684,1.7932162973253305e-09
1685,1.7932977065126894e-09
1686,1.7941168610225117e-09
1687,1.793988982409932e-09
1688,1.7947497623843802e-09
1689,1.794246233743847e-09
1690,1.7920030449509522e-09
1691,1.7934709377129447e-09
1692,1.7936622364741284e-09
1693,1.7936901335694494e-09
1694,1.792975992978888e-09
1695,1.7933075909804252e-09
1696,1.7931616365710836e-09
1697,1.7931243228107737e-09
1698,1.7942383838945558e-09
1699,1.7945319140151595e-09
1700,1.795109349029118e-09
1701,1.795098236934358e-09
1702,1.7941522881482819e-09
1703,1.7935993855586324e-09
1704,1.793978865530851e-09
1705,1.7941444852095499e-09
1706,1.7936734128645506e-09
1707,1.7948770392806874e-09
1708,1.7943057792672123e-09
1709,1.7936698513558727e-09
1710,1.7937103336308194e-09
1711,1.795107310645517e-09
1712,1.7931409733406943e-09
1713,1.7941509161347757e-09
1714,1.7935051040606468e-09
1715,1.7934741161861409e-09
1716,1.7939792146096915e-09
1717,1.7940890263139053e-09
1718,1.7948892999041628e-09
1719,1.7955091072859219e-09
1720,1.796186831118271e-09
1721,1.7980457409838592e-09
1722,1.7936053430155838e-09
1723,1.7934345539525584e-09
1724,1.7956991635479283e-09
1725,1.7955427734688205e-09
1726,1.7957445010014403e-09
1727,1.794065872273657e-09
1728,1.7946784922835267e-09
1729,1.794178540269209e-09
1730,1.7926095807630882e-09
1731,1.7922525246231345e-09
1732,1.7926094598844358e-09
1733,1.7929606903897941e-09
1734,1.792471501556634e-09
1735,1.7938810365579465e-09
1736,1.7916399881622764e-09
1737,1.7919142654153416e-09
1738,1.7923918100770542e-09
1739,1.7930653076380384e-09
1740,1.7957246432941995e-09
1741,1.7940962231591566e-09
1742,1.7936023217028595e-09
1743,1.792719459918511e-09
1744,1.7945535138745623e-09
1745,1.7932127856636925e-09
1746,1.7941362259658572e-09
1747,1.7944783137908336e-09
1748,1.7922827915972078e-09
1749,1.7923886732417729e-09
1750,1.7920707270003436e-09
1751,1.7932437116592175e-09
1752,1.793139867493767e-09
1753,1.792774287354933e-09
1754,1.793268322832319e-09
1755,1.794226822931593e-09
1756,1.7941573739780323e-09
1757,1.7940209794983658e-09
1758,1.7930780543287883e-09
1759,1.7938651530797794e-09
1760,1.7946599926072045e-09
1761,1.7938715775284078e-09
1762,1.7929480217748607e-09
1763,1.79329026873909e-09
1764,1.793668422863645e-09
1765,1.7939709054466283e-09
1766,1.793871669390785e-09
1767,1.7932999560990982e-09
1768,1.793657598625288e-09
1769,1.793938651560935e-09
1770,1.7968521686637429e-09
1771,1.7947217336454696e-09
1772,1.79529724698002e-09
1773,1.7934624989491581e-09
1774,1.7951033757215616e-09
1775,1.793913603631971e-09
1776,1.7946082095978556e-09
1777,1.7945715594279116e-09
1778,1.7946328308474007e-09
1779,1.7950910702563866e-09
1780,1.7948110352454796e-09
1781,1.7952037815175057e-09
1782,1.7944423276776287e-09
1783,1.793585168938591e-09
1784,1.7939635419290862e-09
1785,1.7942807437338475e-09
1786,1.7953468431547446e-09
1787,1.7960241571007414e-09
1788,1.7958268277493238e-09
1789,1.7955293692223658e-09
1790,1.7948357292836076e-09
1791,1.7960672471800759e-09
1792,1.7956471702322127e-09
1793,1.7947365262833964e-09
1794,1.7952688201399216e-09
1795,1.7958196547728923e-09
1796,1.7951873476853095e-09
1797,1.7953620277879394e-09
1798,1.795777172087404e-09
1799,1.7953646158606604e-09
1800,1.7949798663993035e-09
1801,1.7940446579658982e-09
1802,1.7938925745509035e-09
1803,1.79546323321077e-09
1804,1.794650012366321e-09
1805,1.7930922141598073e-09
1806,1.7952134765829213e-09
1807,1.7926852229748469e-09
1808,1.7948316706155517e-09
1809,1.7953079598528554e-09
1810,1.7944145264537565e-09
1811,1.796555718471329e-09
1812,1.7950949781282866e-09
1813,1.7944189421062538e-09
1814,1.7945630407473452e-09
1815,1.7940391943849498e-09
1816,1.7945359882073222e-09
1817,1.7938367261923023e-09
1818,1.7952904247478719e-09
1819,1.7936594048336785e-09
1820,1.793540529623876e-09
1821,1.7930277331598998e-09
1822,1.7940611626192987e-09
1823,1.793926318117623e-09
1824,1.793396249756428e-09
1825,1.7931148591789173e-09
1826,1.7926482056207754e-09
1827,1.7940566211608764e-09
1828,1.7944643379943057e-09
1829,1.7955245340947119e-09
1830,1.7961344287915437e-09
1831,1.7943930267428894e-09
1832,1.7938844482013338e-09
1833,1.7940995588117202e-09
1834,1.7938101583544531e-09
1835,1.7936160564650007e-09
1836,1.7964771597573358e-09
1837,1.7955130331302423e-09
1838,1.794870111241509e-09
1839,1.7932183797473168e-09
1840,1.7946351177438036e-09
1841,1.79413550916224e-09
1842,1.7944898963224444e-09
1843,1.7942459561981655e-09
1844,1.7933885722803488e-09
1845,1.793488242762316e-09
1846,1.7924175597613778e-09
1847,1.7943892463839219e-09
1848,1.7934333354510026e-09
1849,1.7943654220042577e-09
1850,1.7944577100663003e-09
1851,1.7939928845337913e-09
1852,1.7946624032831707e-09
1853,1.7940257668816298e-09
1854,1.7949865648631108e-09
1855,1.7934770953136328e-09
1856,1.7941274134610626e-09
1857,1.7937504301074725e-09
1858,1.7940118197010662e-09
1859,1.7941573196608373e-09
1860,1.794853463755929e-09
1861,1.7951679701796855e-09
1862,1.795026922509869e-09
1863,1.7940500746970518e-09
1864,1.7946444463707733e-09
1865,1.7951402819203135e-09
1866,1.7950359320649132e-09
1867,1.793743629313809e-09
1868,1.7963194892804995e-09
1869,1.7956480536492075e-09
1870,1.7944655043394597e-09
1871,1.7977695163626433e-09
1872,1.793412354085892e-09
1873,1.793608799735723e-09
1874,1.793913944956227e-09
1875,1.7945628585308736e-09
1876,1.79747484865262e-09
1877,1.795810909617238e-09
1878,1.7935360541829529e-09
1879,1.7938578192836757e-09
1880,1.7934590986145286e-09
1881,1.793971573612004e-09
1882,1.7926769801639402e-09
1883,1.7938641321522508e-09
1884,1.7933568511603658e-09
1885,1.7948708327906501e-09
1886,1.791677242022602e-09
1887,1.7928023640666315e-09
1888,1.7925260031179392e-09
1889,1.7938396117975793e-09
1890,1.7935588644977096e-09
1891,1.7934303826658541e-09
1892,1.794216840809842e-09
1893,1.7936990048214317e-09
1894,1.7933814748989309e-09
1895,1.7938333878302234e-09
1896,1.7940929891930028e-09
1897,1.7949409886816272e-09
1898,1.7945578816209069e-09
1899,1.7937980845962775e-09
1900,1.794642383459385e-09
1901,1.7937185179033061e-09
1902,1.7929264714395436e-09
1903,1.7942962305572778e-09
1904,1.7941442759667133e-09
1905,1.7932094775748903e-09
1906,1.7956427668712375e-09
1907,1.7947265216840974e-09
1908,1.7953336058795385e-09
1909,1.7956047189283811e-09
1910,1.7962589067415836e-09
1911,1.7933683347094883e-09
1912,1.793230449088667e-09
1913,1.793004038475843e-09
1914,1.792824783895261e-09
1915,1.7936008638132642e-09
1916,1.7936283762005917e-09
1917,1.7942573346099026e-09
1918,1.7938016252955765e-09
1919,1.7925265102667562e-09
1920,1.7938443582919383e-09
1921,1.7919748516515059e-09
1922,1.7921709038407122e-09
1923,1.7958748281086953e-09
1924,1.794849536005692e-09
1925,1.7964543351177034e-09
1926,1.7928893199386022e-09
1927,1.7928736583774236e-09
1928,1.7918397890808512e-09
1929,1.7928269391971986e-09
1930,1.8019260506277488e-09
1931,1.7960276193441692e-09
1932,1.7927100008381386e-09
1933,1.795008048701607e-09
1934,1.7947959829171973e-09
1935,1.7944789821069992e-09
1936,1.7955667415448437e-09
1937,1.796609543378434e-09
1938,1.7964064991797563e-09
1939,1.7959169103839008e-09
1940,1.7954613205407507e-09
1941,1.8006040620167948e-09
1942,1.7959673075113198e-09
1943,1.799878103760665e-09
1944,1.7968310578189293e-09
1945,1.7952877689583392e-09
1946,1.7956865841828707e-09
1947,1.795790107652736e-09
1948,1.79659067194154e-09
1949,1.7960366025472908e-09
1950,1.7948145177470119e-09
1951,1.7948050290681625e-09
1952,1.7972392174894619e-09
1953,1.797116856123446e-09
1954,1.794184860450212e-09
1955,1.7925606278826596e-09
1956,1.7925552828450357e-09
1957,1.792875511969649e-09
1958,1.797191062911504e-09
1959,1.794507947808759e-09
1960,1.796130666039212e-09
1961,1.794741042607158e-09
1962,1.7952483731522864e-09
1963,1.7940048228772888e-09
1964,1.7942279362796492e-09
1965,1.7939320314702186e-09
1966,1.7969465255634963e-09
1967,1.7963952766410743e-09
1968,1.7924492035735399e-09
1969,1.7935180105173068e-09
1970,1.793449598698659e-09
1971,1.793423516533807e-09
1972,1.8008310854436445e-09
1973,1.7958762293943005e-09
1974,1.7964521404764847e-09
1975,1.7954955466846412e-09
1976,1.7940780877879588e-09
1977,1.7958900974806113e-09
1978,1.7939381716062272e-09
1979,1.7948683863541625e-09
1980,1.7921897135688552e-09
1981,1.7934157699218467e-09
1982,1.7930669530006226e-09
1983,1.7920035528474256e-09
1984,1.7927583735591078e-09
1985,1.7929838381846687e-09
1986,1.7934472461675525e-09
1987,1.7965810420787143e-09
1988,1.7929901577851306e-09
1989,1.7939526087461783e-09
1990,1.7951230012889435e-09
1991,1.7943154591096748e-09
1992,1.7939505947341242e-09
1993,1.7943873277311542e-09
1994,1.7935003956975102e-09
1995,1.794616298615106e-09
1996,1.7954703884847409e-09
1997,1.7939405620518911e-09
1998,1.7940863487353745e-09
1999,1.7928875908503981e-09
2000,1.7933264474740631e-09
2001,1.7955480382072416e-09
2002,1.795093892457197e-09
2003,1.793931376340926e-09
2004,1.792664145892012e-09
2005,1.7938764547861306e-09
2006,1.7929556788553367e-09
2007,1.7941397058802986e-09
2008,1.7943240702360153e-09
2009,1.795594318951708e-09
2010,1.7942717686686818e-09
2011,1.7951654144040073e-09
2012,1.7945896995487403e-09
2013,1.7944107199568788e-09
2014,1.7941456696792212e-09
2015,1.7952270458865802e-09
2016,1.7954765148172925e-09
2017,1.7959990559182561e-09
2018,1.794539544528345e-09
2019,1.7941543099940427e-09
2020,1.7943165627770265e-09
2021,1.7939002585848744e-09
2022,1.7944800464470022e-09
2023,1.7945883516277523e-09
2024,1.7928297706699655e-09
2025,1.7946574622027042e-09
2026,1.7934438021386223e-09
2027,1.7943773385195428e-09
2028,1.794966398909055e-09
2029,1.7946745491799623e-09
2030,1.7974864114339413e-09
2031,1.7945299888417056e-09
2032,1.7942610898164694e-09
2033,1.8008950136925024e-09
2034,1.7960586881077824e-09
2035,1.7933102261071227e-09
2036,1.7928109688672075e-09
2037,1.7928848573692973e-09
2038,1.7939106613995823e-09
2039,1.794400622461921e-09
2040,1.7974664315883996e-09
2041,1.7961210697516487e-09
2042,1.8014437713772691e-09
2043,1.794811196971908e-09
2044,1.7943193922762613e-09
2045,1.7959361756997951e-09
2046,1.7979403769111853e-09
2047,1.796159030147736e-09
2048,1.7954566202000612e-09
2049,1.7934054612962488e-09
2050,1.793603215656073e-09
2051,1.7960280443443766e-09
2052,1.7954552585000204e-09
2053,1.8000218911916245e-09
2054,1.7942313893116818e-09
2055,1.7946667527584622e-09
2056,1.795923565083198e-09
2057,1.7957980481750178e-09
2058,1.7950915721651446e-09
2059,1.795064045172355e-09
2060,1.7938637676133652e-09
2061,1.7933352340597784e-09
2062,1.7943124659858592e-09
2063,1.7947495982953519e-09
2064,1.7944153432571401e-09
2065,1.795169759635711e-09
2066,1.7975567064373329e-09
2067,1.796184341799635e-09
2068,1.7952654744421378e-09
2069,1.7957561324967085e-09
2070,1.7952207339355869e-09
2071,1.7942199745421642e-09
2072,1.7947187001070795e-09
2073,1.7948693065317937e-09
2074,1.7947977967600727e-09
2075,1.7962062379542632e-09
2076,1.795255315449981e-09
2077,1.7954165649604714e-09
2078,1.7965878041230332e-09
2079,1.7943403858954784e-09
2080,1.794744990894021e-09
2081,1.7950277213553364e-09
2082,1.7960974529340564e-09
2083,1.8037317731998144e-09
2084,1.795424754081087e-09
2085,1.7947580120575447e-09
2086,1.7953188221233967e-09
2087,1.794899567548615e-09
2088,1.7951382019657994e-09
2089,1.7948864618387004e-09
2090,1.7965937900886e-09
2091,1.7941926739309144e-09
2092,1.7932029473605412e-09
2093,1.7925842183511728e-09
2094,1.7931986438451788e-09
2095,1.7930305496763177e-09
2096,1.793686127134846e-09
2097,1.7960023091032243e-09
2098,1.7953654313298786e-09
2099,1.7932069954060479e-09
2100,1.7929582343551958e-09
2101,1.793912739580382e-09
2102,1.793491828037783e-09
2103,1.7922755305823669e-09
2104,1.7934014062195953e-09
2105,1.796039776908823e-09
2106,1.793407108564481e-09
2107,1.7924395408056597e-09
2108,1.793118877039628e-09
2109,1.7929229327033572e-09
2110,1.7927955396727523e-09
2111,1.7931909651711699e-09
2112,1.7943264375591823e-09
2113,1.804680341674263e-09
2114,1.793003333346482e-09
2115,1.7927347356079504e-09
2116,1.793078863177563e-09
2117,1.7946413183853683e-09
2118,1.794945836939899e-09
2119,1.7950730103253362e-09
2120,1.7950143139615762e-09
2121,1.7928454318877541e-09
2122,1.7933930868590032e-09
2123,1.7925963443198559e-09
2124,1.794471649589406e-09
2125,1.796253890639482e-09
2126,1.7942931092576304e-09
2127,1.798091552036645e-09
2128,1.7933805970334938e-09
2129,1.79368506279563e-09
2130,1.7954476245291914e-09
2131,1.7938595735590678e-09
2132,1.7929920862195845e-09
2133,1.7926255713367615e-09
2134,1.7924998943541393e-09
2135,1.791962813792891e-09
2136,1.794313935431232e-09
2137,1.794925717824468e-09
2138,1.7934277588271702e-09
2139,1.7938723248080532e-09
2140,1.7969440689647162e-09
2141,1.7964149613088148e-09
2142,1.7930329552046317e-09
2143,1.794247324052482e-09
2144,1.7952093746375798e-09
2145,1.7945688080444476e-09
2146,1.7941452055951576e-09
2147,1.7973350806226326e-09
2148,1.7939370257403949e-09
2149,1.7957341838242059e-09
2150,1.794837024833096e-09
2151,1.7948181470596188e-09
2152,1.7970655345175024e-09
2153,1.7953521697444121e-09
2154,1.7946015521163973e-09
2155,1.793710697565128e-09
2156,1.7942925575608448e-09
2157,1.7932531082352199e-09
2158,1.7954615740847813e-09
2159,1.7941148276796905e-09
2160,1.7939112336583485e-09
2161,1.7948058140668714e-09
2162,1.7938527810559433e-09
2163,1.7978106212245e-09
2164,1.7947197843633054e-09
2165,1.7938155101595943e-09
2166,1.7949089795242305e-09
2167,1.7940173064242399e-09
2168,1.7945460411132237e-09
2169,1.7946585338968286e-09
2170,1.7947442520449454e-09
2171,1.7966796421684146e-09
2172,1.793116964809025e-09
2173,1.7942093099728004e-09
2174,1.793355440444048e-09
2175,1.7942465742188733e-09
2176,1.7937536315590793e-09
2177,1.7920588180936728e-09
2178,1.7924006247961237e-09
2179,1.797528690159934e-09
2180,1.7921236628941838e-09
2181,1.7935910154715197e-09
2182,1.793613903304482e-09
2183,1.793247499371868e-09
2184,1.7934809956758585e-09
2185,1.7935191900198436e-09
2186,1.7942903748902e-09
2187,1.7981753337565551e-09
2188,1.7937641463653327e-09
2189,1.7946356280417147e-09
2190,1.795528968981746e-09
2191,1.7949774091216773e-09
2192,1.7958261188690682e-09
2193,1.7944951611663694e-09
2194,1.7950717441754712e-09
2195,1.7925705019761443e-09
2196,1.7933744717814549e-09
2197,1.7928579673077325e-09
2198,1.7950461469455323e-09
2199,1.7941001169603304e-09
2200,1.7948293509752254e-09
2201,1.7941029574645094e-09
2202,1.793262156216735e-09
2203,1.7919242599128817e-09
2204,1.7940376864648004e-09
2205,1.7967905601038845e-09
2206,1.7935699316234395e-09
2207,1.7943387658369465e-09
2208,1.7943967487983536e-09
2209,1.7939462640985785e-09
2210,1.7941065542933646e-09
2211,1.7934193760105699e-09
2212,1.7942342303296903e-09
2213,1.7936558237234983e-09
2214,1.7934155774090012e-09
2215,1.7931162025305388e-09
2216,1.7929831921641387e-09
2217,1.7932427768292706e-09
2218,1.7919735714791153e-09
2219,1.7924829576734633e-09
2220,1.7916241104723474e-09
2221,1.7932852016446892e-09
2222,1.793153531657188e-09
2223,1.7954844727474396e-09
2224,1.7936896717850777e-09
2225,1.793770303700745e-09
2226,1.7919813853178831e-09
2227,1.7920466448770792e-09
2228,1.794099395809515e-09
2229,1.7941855029274333e-09
2230,1.7929559224562202e-09
2231,1.7935950936621334e-09
2232,1.7960588517454637e-09
2233,1.793306511753604e-09
2234,1.7929570709465442e-09
2235,1.7975699998973939e-09
2236,1.791979302178655e-09
2237,1.793563786079198e-09
2238,1.7924487931742212e-09
2239,1.7936687056450166e-09
2240,1.7921812274909391e-09
2241,1.7920955335077835e-09
2242,1.79228032140838e-09
2243,1.7931053357791212e-09
2244,1.7927458901354747e-09
2245,1.7928972029242828e-09
2246,1.7930757063275736e-09
2247,1.7928528828354755e-09
2248,1.7925573428812235e-09
2249,1.7937414433407592e-09
2250,1.7932694425281023e-09
2251,1.7956732962919955e-09
2252,1.7950993623745073e-09
2253,1.7949953630180494e-09
2254,1.7959544090022502e-09
2255,1.7953817910475233e-09
2256,1.7933141227354e-09
2257,1.794290777589398e-09
2258,1.800129711976922e-09
2259,1.792570913941968e-09
2260,1.7934747580146498e-09
2261,1.7942138000822668e-09
2262,1.7944706109503827e-09
2263,1.7914957685318545e-09
2264,1.7928617132085655e-09
2265,1.7933818855940653e-09
2266,1.791809070808656e-09
2267,1.7935248227071014e-09
2268,1.7916643107993424e-09
2269,1.7917017648364964e-09
2270,1.7918006427181456e-09
2271,1.7935361844925626e-09
2272,1.7968071145309718e-09
2273,1.7920241077914035e-09
2274,1.7918496558755167e-09
2275,1.7931698257339593e-09
2276,1.7931360319886485e-09
2277,1.7933750904993504e-09
2278,1.794034203108115e-09
2279,1.792710305534261e-09
2280,1.7964004052461197e-09
2281,1.7938271369090118e-09
2282,1.794961890315673e-09
2283,1.7930917683146696e-09
2284,1.7920465426034057e-09
2285,1.7932013375094873e-09
2286,1.7954998260052157e-09
2287,1.795009966925602e-09
2288,1.7963661959412163e-09
2289,1.7932143643220868e-09
2290,1.7934410346465973e-09
2291,1.7928487467907012e-09
2292,1.7935751737857642e-09
2293,1.7924907925674384e-09
2294,1.7923534886890241e-09
2295,1.793171055629149e-09
2296,1.7924249429120567e-09
2297,1.7958098320729526e-09
2298,1.7940579284226559e-09
2299,1.7921026605933618e-09
2300,1.7927582196030566e-09
2301,1.793646377465362e-09
2302,1.7932149610316977e-09
2303,1.7921864800825483e-09
2304,1.7923775058007072e-09
2305,1.792339733853201e-09
2306,1.791740654619188e-09
2307,1.7924614742008952e-09
2308,1.7923389702282113e-09
2309,1.7929232130942085e-09
2310,1.7919366523279876e-09
2311,1.796644506216983e-09
2312,1.7944640590981998e-09
2313,1.793982441587707e-09
2314,1.7974704201287267e-09
2315,1.7958164113224056e-09
2316,1.7950408592879438e-09
2317,1.794667844480839e-09
2318,1.793415949159249e-09
2319,1.794018915528773e-09
2320,1.794666484356792e-09
2321,1.7941787025637716e-09
2322,1.7947079214382619e-09
2323,1.793892138432153e-09
2324,1.7936381614634038e-09
2325,1.795162824671154e-09
2326,1.7952436004459128e-09
2327,1.7944814236788797e-09
2328,1.7937829330716556e-09
2329,1.7954489623491247e-09
2330,1.7941592227889693e-09
2331,1.793036600360341e-09
2332,1.794569530000338e-09
2333,1.7933870960016898e-09
2334,1.7930958033119803e-09
2335,1.79298366617714e-09
2336,1.7953674293950457e-09
2337,1.7944790122141581e-09
2338,1.7940889250591761e-09
2339,1.794275404863518e-09
2340,1.7936617076340585e-09
2341,1.8023563429753854e-09
2342,1.7942897824192906e-09
2343,1.79295196286292e-09
2344,1.7939911386187674e-09
2345,1.7927024652168236e-09
2346,1.7939398339823829e-09
2347,1.7983853320163354e-09
2348,1.801765683009779e-09
2349,1.7928885390539822e-09
2350,1.7939984099594257e-09
2351,1.793338776847833e-09
2352,1.7975810381816434e-09
2353,1.7930549517172427e-09
2354,1.7934288289360487e-09
2355,1.7939379189569651e-09
2356,1.795597484454494e-09
2357,1.7963888083061117e-09
2358,1.7940165097977634e-09
2359,1.7944208207228612e-09
2360,1.7935172359801141e-09
2361,1.803025950777111e-09
2362,1.7934135868487793e-09
2363,1.7938631193441185e-09
2364,1.7950673202599123e-09
2365,1.7957420022335405e-09
2366,1.7945591058947134e-09
2367,1.7932832144374038e-09
2368,1.7946178831047372e-09
2369,1.7937474006590052e-09
2370,1.7946229140769407e-09
2371,1.7938684429994185e-09
2372,1.7958759213848307e-09
2373,1.7931619319628127e-09
2374,1.7932259461527664e-09
2375,1.7939769196379645e-09
2376,1.7934065114550716e-09
2377,1.7928366640208077e-09
2378,1.7948757015335995e-09
2379,1.7932266803715302e-09
2380,1.7957247629810576e-09
2381,1.7925287116085468e-09
2382,1.791425104080765e-09
2383,1.7927662429032096e-09
2384,1.7931572302144415e-09
2385,1.7958744073396177e-09
2386,1.7946594104768164e-09
2387,1.7948735954575279e-09
2388,1.7937210533900035e-09
2389,1.7938402635524731e-09
2390,1.7943410376338982e-09
2391,1.7936818607986143e-09
2392,1.7946795058974674e-09
2393,1.7932063633896043e-09
2394,1.7933746613334595e-09
2395,1.793453703505551e-09
2396,1.7944743807156982e-09
2397,1.7966087521031914e-09
2398,1.7934426058103135e-09
2399,1.7926651292631456e-09
2400,1.790794291224611e-09
2401,1.795354708334209e-09
2402,1.7934092881899496e-09
2403,1.7929381701374978e-09
2404,1.7931895822694098e-09
2405,1.7945340642100833e-09
2406,1.7947675677131336e-09
2407,1.7940403025799106e-09
2408,1.7941726433465856e-09
2409,1.7937024995850522e-09
2410,1.7943537413714698e-09
2411,1.7977530015081182e-09
2412,1.7948544927762843e-09
2413,1.794529371507978e-09
2414,1.7942767875802853e-09
2415,1.7945873007167463e-09
2416,1.7928995166128733e-09
2417,1.7947260027073833e-09
2418,1.7942073921465756e-09
2419,1.7952145518981008e-09
2420,1.7941011063280245e-09
2421,1.792180383363012e-09
2422,1.7929404212338266e-09
2423,1.7926286061752745e-09
2424,1.7957554177914839e-09
2425,1.7911227538540512e-09
2426,1.7942388175391696e-09
2427,1.791736154643583e-09
2428,1.7928207818670562e-09
2429,1.7925019615366489e-09
2430,1.795083194543751e-09
2431,1.7971594233855662e-09
2432,1.79425136677704e-09
2433,1.792417341528311e-09
2434,1.7916574783360643e-09
2435,1.7914764357218012e-09
2436,1.795128299645024e-09
2437,1.7929865921583584e-09
2438,1.7918266664296003e-09
2439,1.7923369816330349e-09
2440,1.794016697068298e-09
2441,1.7914749243330864e-09
2442,1.7937667787936065e-09
2443,1.7923346627462777e-09
2444,1.7929666563676143e-09
2445,1.7913004778268605e-09
2446,1.794437563925901e-09
2447,1.7928249140871951e-09
2448,1.7955142451644749e-09
2449,1.7934406695649115e-09
2450,1.7936466282579237e-09
2451,1.7925126263974766e-09
2452,1.795517709768181e-09
2453,1.7950889240264307e-09
2454,1.7936947375140431e-09
2455,1.7945712187397016e-09
2456,1.7935247396454535e-09
2457,1.7931309588265187e-09
2458,1.793486098285947e-09
2459,1.7930433002972865e-09
2460,1.7927238519466994e-09
2461,1.7927648740389065e-09
2462,1.7933932213471404e-09
2463,1.793226385603938e-09
2464,1.7931337115266588e-09
2465,1.7932142607200293e-09
2466,1.7929126631461449e-09
2467,1.793116636511304e-09
2468,1.7929942888190056e-09
2469,1.7945856667918882e-09
2470,1.7936719504344976e-09
2471,1.7932650819763245e-09
2472,1.7934981506180463e-09
2473,1.7941905237768116e-09
2474,1.7935905166399523e-09
2475,1.7948936324293218e-09
2476,1.794430736372373e-09
2477,1.793869652880919e-09
2478,1.7928884484011464e-09
2479,1.7924144273288058e-09
2480,1.7920434613161972e-09
2481,1.79269404969112e-09
2482,1.7964443418526802e-09
2483,1.793298331918998e-09
2484,1.7942862822081948e-09
2485,1.7944018299229748e-09
2486,1.7972787312135055e-09
2487,1.7951959627695741e-09
2488,1.795614225351775e-09
2489,1.7940848844048202e-09
2490,1.7985119093279942e-09
2491,1.7944141091341604e-09
2492,1.7941247447976602e-09
2493,1.7955808998846277e-09
2494,1.7952673405264031e-09
2495,1.7961431725043268e-09
2496,1.7958613735076016e-09
2497,1.795411461183503e-09
2498,1.7964339350651661e-09
2499,1.7964468122755521e-09
2500,1.80082214810543e-09
2501,1.7963785944038842e-09
2502,1.7979805480722576e-09
2503,1.79729505782239e-09
2504,1.7969484634952246e-09
2505,1.7963023081092596e-09
2506,1.7961492846972092e-09
2507,1.795443572586641e-09
2508,1.7948266774542898e-09
2509,1.7939061595438801e-09
2510,1.7939620359386057e-09
2511,1.7984589178630552e-09
2512,1.79523821138709e-09
2513,1.7943261098212727e-09
2514,1.7927656524990324e-09
2515,1.7949276559387955e-09
2516,1.7948593696766148e-09
2517,1.7936788428621921e-09
2518,1.7924795114972857e-09
2519,1.797898634920959e-09
2520,1.7934691811958698e-09
2521,1.792154936619404e-09
2522,1.7937780227711242e-09
2523,1.7939294574667454e-09
2524,1.7916853581915347e-09
2525,1.7937254868273326e-09
2526,1.7926421890081368e-09
2527,1.7922395232323318e-09
2528,1.7932000772564647e-09
2529,1.793593899356999e-09
2530,1.792335898811472e-09
2531,1.7932139280658e-09
2532,1.7925207388870205e-09
2533,1.7924302760364334e-09
2534,1.7942326641661903e-09
2535,1.794783601240599e-09
2536,1.7976457290521485e-09
2537,1.7933405447571677e-09
2538,1.793659114312982e-09
2539,1.7938003796927431e-09
2540,1.7935058400325252e-09
2541,1.7947055082644669e-09
2542,1.7939517097495714e-09
2543,1.7930069339035095e-09
2544,1.7992813120361471e-09
2545,1.7953648157270044e-09
2546,1.7954382065953265e-09
2547,1.7944309820750138e-09
2548,1.8010810774987427e-09
2549,1.7933915327029338e-09
2550,1.79348214763857e-09
2551,1.7932542320172015e-09
2552,1.7956964417812358e-09
2553,1.7956924349640892e-09
2554,1.7946333016290915e-09
2555,1.7965516481414708e-09
2556,1.7942832531054525e-09
2557,1.7937224638576007e-09
2558,1.7974298892186371e-09
2559,1.794024616711409e-09
2560,1.7974440044846554e-09
2561,1.7941024114272543e-09
2562,1.7944178933267759e-09
2563,1.796123228983096e-09
2564,1.7937913662829805e-09
2565,1.7939876193224374e-09
2566,1.7956516400784645e-09
2567,1.7937949917545708e-09
2568,1.7935966669905142e-09
2569,1.7930911455929025e-09
2570,1.7925673168379615e-09
2571,1.7925038761708654e-09
2572,1.7931382850061222e-09
2573,1.7912591328001968e-09
2574,1.7914544625047265e-09
2575,1.79170887220374e-09
2576,1.7941474125457541e-09
2577,1.7939820457800635e-09
2578,1.7969736259792397e-09
2579,1.7968788115507494e-09
2580,1.7947146470216863e-09
2581,1.7939630091271686e-09
2582,1.7924811646441634e-09
2583,1.7920036977101634e-09
2584,1.791519503296989e-09
2585,1.793675830271847e-09
2586,1.7914189083283665e-09
2587,1.7918252524133964e-09
2588,1.7923064733104512e-09
2589,1.7946238842916594e-09
2590,1.7937542968019972e-09
2591,1.7946944949688573e-09
2592,1.7946563367323079e-09
2593,1.7941709012846505e-09
2594,1.7944916875468457e-09
2595,1.7956101251132328e-09
2596,1.7957780400748242e-09
2597,1.7967780643019127e-09
2598,1.7951356434879595e-09
2599,1.7978244248969696e-09
2600,1.7968652064392972e-09
2601,1.7954628396566298e-09
2602,1.7969019624586776e-09
2603,1.796359617643998e-09
2604,1.7964169218642403e-09
2605,1.7952039989814613e-09
2606,1.7956502455176753e-09
2607,1.7948995180831434e-09
2608,1.7941663311020091e-09
2609,1.8016664353553899e-09
2610,1.7949145919912102e-09
2611,1.796660224101051e-09
2612,1.7959238243583141e-09
2613,1.796875033860937e-09
2614,1.7986688134621926e-09
2615,1.797197020957989e-09
2616,1.7963130414653621e-09
2617,1.7952543008972913e-09
2618,1.7946242523504954e-09
2619,1.7952570170729848e-09
2620,1.7994998120272261e-09
2621,1.7953453568133798e-09
2622,1.7954086549830023e-09
2623,1.7964903517679914e-09
2624,1.7982364453037674e-09
2625,1.7944480248420796e-09
2626,1.793617641869894e-09
2627,1.793142616505526e-09
2628,1.7936244479668184e-09
2629,1.7947666881973972e-09
2630,1.7942494077057502e-09
2631,1.7937041529997256e-09
2632,1.794013665770118e-09
2633,1.7949845512323555e-09
2634,1.7951480704627367e-09
2635,1.7938446088322254e-09
2636,1.794805999697011e-09
2637,1.7949559974731722e-09
2638,1.794052143786096e-09
2639,1.7938116570107554e-09
2640,1.7942854394736784e-09
2641,1.7969965084193504e-09
2642,1.794224835862898e-09
2643,1.7956212058479513e-09
2644,1.79489252857985e-09
2645,1.7950646928112718e-09
2646,1.7940582633659015e-09
2647,1.7933897652414915e-09
2648,1.7925059255343035e-09
2649,1.791475600548877e-09
2650,1.793875018520841e-09
2651,1.793572110344859e-09
2652,1.794557047789262e-09
2653,1.792543222920541e-09
2654,1.7925665593988088e-09
2655,1.7945037123194659e-09
2656,1.8004375760348566e-09
2657,1.794860668433438e-09
2658,1.7928314225966819e-09
2659,1.7920005412343027e-09
2660,1.7920656310578759e-09
2661,1.8009015095453492e-09
2662,1.7929638012697007e-09
2663,1.7967606123049073e-09
2664,1.7931063106832182e-09
2665,1.7977056369666956e-09
2666,1.79615656195963e-09
2667,1.800012874650115e-09
2668,1.7945027003280528e-09
2669,1.7953562934282268e-09
2670,1.7954119445346623e-09
2671,1.7986603125350875e-09
2672,1.7939208825080269e-09
2673,1.794279136342222e-09
2674,1.7925553354178741e-09
2675,1.7931346828675485e-09
2676,1.7932920327062403e-09
2677,1.7959581455866059e-09
2678,1.7933165432036437e-09
2679,1.7928629326129208e-09
2680,1.7936767432671584e-09
2681,1.7938264084239125e-09
2682,1.7943456778731961e-09
2683,1.794057050547737e-09
2684,1.7937884742061802e-09
2685,1.7961117494938156e-09
2686,1.7949752690913652e-09
2687,1.7937420751764447e-09
2688,1.7935415118569468e-09
2689,1.7987861744294573e-09
2690,1.792477326429949e-09
2691,1.7920535219265915e-09
2692,1.7917240791376357e-09
2693,1.793634734135915e-09
2694,1.7925109348944608e-09
2695,1.7943581719945613e-09
2696,1.7946991174877071e-09
2697,1.7986202597184015e-09
2698,1.7939200406408093e-09
2699,1.7922833231359435e-09
2700,1.7934867495638032e-09
2701,1.8072784683662194e-09
2702,1.801641092185534e-09
2703,1.7991316447570185e-09
2704,1.7952046364378052e-09
2705,1.7951633928694528e-09
2706,1.8018617616616355e-09
2707,1.799843064986532e-09
2708,1.7950102815520288e-09
2709,1.7937947617404531e-09
2710,1.7943156191246717e-09
2711,1.7953468357660595e-09
2712,1.7948529876877907e-09
2713,1.7948332624386498e-09
2714,1.7936233359877417e-09
2715,1.7937342996645054e-09
2716,1.7951328254466048e-09
2717,1.7946951108206198e-09
2718,1.7946722809315176e-09
2719,1.7962606194751883e-09
2720,1.7939802633012867e-09
2721,1.7953687000366495e-09
2722,1.7943413996420331e-09
2723,1.7949630298900983e-09
2724,1.7944908289618026e-09
2725,1.7939383988438344e-09
2726,1.7951874824840234e-09
2727,1.793543487941296e-09
2728,1.794875746346047e-09
2729,1.7923448435630547e-09
2730,1.791861297840894e-09
2731,1.7928069801553314e-09
2732,1.7937307690525795e-09
2733,1.795683254149283e-09
2734,1.7936664752772432e-09
2735,1.793373250889083e-09
2736,1.7935359393075654e-09
2737,1.7956663026912749e-09
2738,1.7937379117017265e-09
2739,1.7955776664319915e-09
2740,1.794482210786981e-09
2741,1.7943060968482566e-09
2742,1.794032517512293e-09
2743,1.7951913128605547e-09
2744,1.795056303047896e-09
2745,1.7932634768183516e-09
2746,1.7937375100555842e-09
2747,1.7945058930255381e-09
2748,1.7948938404464777e-09
2749,1.7939753694561425e-09
2750,1.7934129501305347e-09
2751,1.7938718970111114e-09
2752,1.7940354283629898e-09
2753,1.7938172412176945e-09
2754,1.7934363433057376e-09
2755,1.7990530078078333e-09
2756,1.7937971001647033e-09
2757,1.7941478519827356e-09
2758,1.793806201773275e-09
2759,1.7939884428075722e-09
2760,1.7973083787161784e-09
2761,1.7971299366054012e-09
2762,1.7939131053564453e-09
2763,1.7942072718471208e-09
2764,1.7950027954485782e-09
2765,1.7937759331073673e-09
2766,1.7929554980992918e-09
2767,1.7924956951163222e-09
2768,1.7926545994582786e-09
2769,1.7941798222061671e-09
2770,1.7951731871795995e-09
2771,1.800567731175075e-09
2772,1.7942820329754188e-09
2773,1.7942845301620586e-09
2774,1.7990206170557302e-09
2775,1.8017359507723536e-09
2776,1.799235962534225e-09
2777,1.7949480647765993e-09
2778,1.7933550903711943e-09
2779,1.7933641880992098e-09
2780,1.796982759624233e-09
2781,1.7979490879030013e-09
2782,1.8086504633428585e-09
2783,1.798712176481274e-09
2784,1.7949436940954813e-09
2785,1.7957119195534857e-09
2786,1.8008781010635559e-09
2787,1.801647170432227e-09
2788,1.7997664986360238e-09
2789,1.7937659198239993e-09
2790,1.7956430350783286e-09
2791,1.7966411797950416e-09
2792,1.7949024112007725e-09
2793,1.7947533848213318e-09
2794,1.8116274029229702e-09
2795,1.7941593326595255e-09
2796,1.7927367546276433e-09
2797,1.7918463057277849e-09
2798,1.7968033071120667e-09
2799,1.7940219052233033e-09
2800,1.7971535631136998e-09
2801,1.7947651442705346e-09
2802,1.7929130562222229e-09
2803,1.7940883875754207e-09
2804,1.7959537644218997e-09
2805,1.7930726121510744e-09
2806,1.792990641224413e-09
2807,1.792894013042775e-09
2808,1.7936021448663754e-09
2809,1.7928620140431972e-09
2810,1.7955420826528736e-09
2811,1.793305739684493e-09
2812,1.7928495137216094e-09
2813,1.79555966812207e-09
2814,1.794269607556782e-09
2815,1.794030963757752e-09
2816,1.79879045571272e-09
2817,1.794226482027378e-09
2818,1.7951640964180163e-09
2819,1.7950668982219611e-09
2820,1.794482363745621e-09
2821,1.7955972804685393e-09
2822,1.7951987370320604e-09
2823,1.7947225914624811e-09
2824,1.7967138011418906e-09
2825,1.7932757468860136e-09
2826,1.794849140328323e-09
2827,1.7941416991014952e-09
2828,1.7938386363910232e-09
2829,1.7955404508938893e-09
2830,1.8007302944512277e-09
2831,1.7944949768675048e-09
2832,1.7942374261725542e-09
2833,1.7933664492782023e-09
2834,1.7984855664450182e-09
2835,1.793712291758616e-09
2836,1.7934617774874052e-09
2837,1.794923874348196e-09
2838,1.7977732860530019e-09
2839,1.7975046559850222e-09
2840,1.7949423495682216e-09
2841,1.7958307580196124e-09
2842,1.799583973331334e-09
2843,1.7975027823139162e-09
2844,1.7963997485150802e-09
2845,1.7953708194763654e-09
2846,1.7940213309046536e-09
2847,1.796797591208087e-09
2848,1.799090064425713e-09
2849,1.795344057217445e-09
2850,1.7936694743653836e-09
2851,1.7928960104621341e-09
2852,1.7938392222816347e-09
2853,1.7919612647582346e-09
2854,1.7920060478462188e-09
2855,1.8001381266473616e-09
2856,1.7986699963227464e-09
2857,1.7937115203349992e-09
2858,1.7948615556138842e-09
2859,1.7964999494286028e-09
2860,1.7944382735913368e-09
2861,1.7936318601707247e-09
2862,1.7951705572403358e-09
2863,1.791511884823344e-09
2864,1.7940202227460789e-09
2865,1.7930662777648482e-09
2866,1.7924278739799078e-09
2867,1.7936740029087979e-09
2868,1.7936658729838525e-09
2869,1.7946410338312733e-09
2870,1.7946464555036283e-09
2871,1.794869876606579e-09
2872,1.7944262894820286e-09
2873,1.7949852996706167e-09
2874,1.7942416446667347e-09
2875,1.7940225390407628e-09
2876,1.7941725614179878e-09
2877,1.7950594990330069e-09
2878,1.7941002549930236e-09
2879,1.7936729348666393e-09
2880,1.7943273960054761e-09
2881,1.7957116561583043e-09
2882,1.7983752059511988e-09
2883,1.79454773853252e-09
2884,1.7950970909458783e-09
2885,1.7951858829350872e-09
2886,1.793727003707039e-09
2887,1.7933734256411928e-09
2888,1.7932912603800003e-09
2889,1.795073752437499e-09
2890,1.7937478881801216e-09
2891,1.7941289489307476e-09
2892,1.7953480703321131e-09
2893,1.7955307897856187e-09
2894,1.7941068171946155e-09
2895,1.7946660162333576e-09
2896,1.7939669406874224e-09
2897,1.7942695023837603e-09
2898,1.7942345944209382e-09
2899,1.793834031754779e-09
2900,1.7931834589400914e-09
2901,1.7953354958774755e-09
2902,1.7937445903994908e-09
2903,1.7959511375394308e-09
2904,1.7949794290506348e-09
2905,1.8022191572150822e-09
2906,1.7951888580600586e-09
2907,1.7944310677290083e-09
2908,1.7935883736993754e-09
2909,1.7953325788104398e-09
2910,1.7928227334020187e-09
2911,1.7934553208755282e-09
2912,1.7937857188533972e-09
2913,1.7960898382911088e-09
2914,1.7938828289991162e-09
2915,1.7932117620416625e-09
2916,1.7957601510336751e-09
2917,1.7966857738442846e-09
2918,1.7955688432061355e-09
2919,1.8003830316092302e-09
2920,1.7948726145552423e-09
2921,1.7952834831989002e-09
2922,1.7989738822365375e-09
2923,1.794646447880661e-09
2924,1.7944219378956069e-09
2925,1.793720323961957e-09
2926,1.7948570660062729e-09
2927,1.7954057516620341e-09
2928,1.7949246758539021e-09
2929,1.79455711595667e-09
2930,1.794767759456497e-09
2931,1.7940786993528119e-09
2932,1.7960308401627313e-09
2933,1.7934137891310665e-09
2934,1.7933512850175687e-09
2935,1.7939749988343666e-09
2936,1.7963928503027854e-09
2937,1.7921509134190756e-09
2938,1.7922683780344225e-09
2939,1.7931975591570588e-09
2940,1.7931267155278013e-09
2941,1.7938902162766765e-09
2942,1.7929250400116084e-09
2943,1.7927497322663904e-09
2944,1.7976031755619185e-09
2945,1.7915630007730508e-09
2946,1.7920926711626558e-09
2947,1.7928664317883323e-09
2948,1.794101753490188e-09
2949,1.7954578442612145e-09
2950,1.7924596604859512e-09
2951,1.7933676524775106e-09
2952,1.792519699570181e-09
2953,1.7935665628879936e-09
2954,1.7960884761881189e-09
2955,1.7930106558464034e-09
2956,1.7929106695362386e-09
2957,1.794567927432559e-09
2958,1.7933321951306482e-09
2959,1.7937554944752421e-09
2960,1.7955945241556343e-09
2961,1.7926415351774896e-09
2962,1.792921338166719e-09
2963,1.795502936257906e-09
2964,1.797934540383589e-09
2965,1.7944435634303869e-09
2966,1.7936160147363171e-09
2967,1.794462359334278e-09
2968,1.7951556988214373e-09
2969,1.795878683393322e-09
2970,1.7945245312407151e-09
2971,1.7926432997000791e-09
2972,1.7935903155000886e-09
2973,1.7930820740738985e-09
2974,1.7992491089988852e-09
2975,1.7986717541241506e-09
2976,1.7933911428821738e-09
2977,1.79306237523232e-09
2978,1.7941908068058982e-09
2979,1.7957674524914359e-09
2980,1.7926558666026978e-09
2981,1.7964329956939201e-09
2982,1.7947988464200075e-09
2983,1.7927873143031188e-09
2984,1.792492158329133e-09
2985,1.7937944182405545e-09
2986,1.7931661380828053e-09
2987,1.7936513601136579e-09
2988,1.7979321894799076e-09
2989,1.7938521406811427e-09
2990,1.7945485543023489e-09
2991,1.7955648349436953e-09
2992,1.8015128353952172e-09
2993,1.7951092531745984e-09
2994,1.7945845450067408e-09
2995,1.7938671260403652e-09
2996,1.7949079849251e-09
2997,1.795702396948158e-09
2998,1.7925789330046393e-09
2999,1.7927573818245198e-09
3000,1.793886130454389e-09
3001,1.79306919643788e-09
3002,1.7960290414137041e-09
3003,1.797666614313389e-09
3004,1.7991541903325851e-09
3005,1.7944096748434372e-09
3006,1.7958579848483324e-09
3007,1.795081759632988e-09
3008,1.7943589647947244e-09
3009,1.7940616005386714e-09
3010,1.7976528092292964e-09
3011,1.7921289427836877e-09
3012,1.793295978821133e-09
3013,1.7922895561585262e-09
3014,1.792786327752757e-09
3015,1.791806601131805e-09
3016,1.7916182576598332e-09
3017,1.7949152833328719e-09
3018,1.7935263486458214e-09
3019,1.79298620510528e-09
3020,1.7925945690041e-09
3021,1.7948181114453871e-09
3022,1.792055696806457e-09
3023,1.7924997333745497e-09
3024,1.7929141215123005e-09
3025,1.8002468784814151e-09
3026,1.7938178508854229e-09
3027,1.7930436921207366e-09
3028,1.7937138268533108e-09
3029,1.7951642778919985e-09
3030,1.7975433100323267e-09
3031,1.7948583139934496e-09
3032,1.7939508637685283e-09
3033,1.8008168172839974e-09
3034,1.794947309009771e-09
3035,1.7972744345415502e-09
3036,1.8040617172595395e-09
3037,1.7942982287721096e-09
3038,1.797012008073098e-09
3039,1.7961429198229996e-09
3040,1.7932225205668919e-09
3041,1.7951402204166437e-09
3042,1.7945226839833222e-09
3043,1.7924879689626627e-09
3044,1.7923253248373774e-09
3045,1.793544519235634e-09
3046,1.7934257073184767e-09
3047,1.7922343394427584e-09
3048,1.7926518300393849e-09
3049,1.7977978078015813e-09
3050,1.7919989384495803e-09
3051,1.7921730681955291e-09
3052,1.792228433950447e-09
3053,1.791961148530582e-09
3054,1.791702549187554e-09
3055,1.7933373904432667e-09
3056,1.793832393514832e-09
3057,1.793164768642665e-09
3058,1.792867038631886e-09
3059,1.7937859727691433e-09
3060,1.7935491715998702e-09
3061,1.7981621094391864e-09
3062,1.7946251975064609e-09
3063,1.7941980363554596e-09
3064,1.7950495167678795e-09
3065,1.7967853568460645e-09
3066,1.7938325664501692e-09
3067,1.7946298480585651e-09
3068,1.7940369001850606e-09
3069,1.7966868617597273e-09
3070,1.7994878202710571e-09
3071,1.7947057059654462e-09
3072,1.795944474662701e-09
3073,1.7945010465933082e-09
3074,1.7941119213657105e-09
3075,1.7941375602383453e-09
3076,1.7954613751772312e-09
3077,1.7958267564815625e-09
3078,1.79463395819516e-09
3079,1.7933644927884259e-09
3080,1.7935340254205787e-09
3081,1.800095483904829e-09
3082,1.7946371433567337e-09
3083,1.795346804927254e-09
3084,1.7949423484910418e-09
3085,1.7943511354359067e-09
3086,1.7923496602311821e-09
3087,1.792522220719439e-09
3088,1.7930849467163543e-09
3089,1.7943097645377784e-09
3090,1.796053398407462e-09
3091,1.7950236436537047e-09
3092,1.7950505546392428e-09
3093,1.7962897726663936e-09
3094,1.7980294677552876e-09
3095,1.7964936464548782e-09
3096,1.7940317286703124e-09
3097,1.7966885094640857e-09
3098,1.7961490988927836e-09
3099,1.7973667810943507e-09
3100,1.7940795847155197e-09
3101,1.7933002863562996e-09
3102,1.7936446166637071e-09
3103,1.793731920721501e-09
3104,1.7919727666706294e-09
3105,1.7931825871950454e-09
3106,1.7922442527260332e-09
3107,1.791489678439021e-09
3108,1.7913403522285495e-09
3109,1.7920023585837477e-09
3110,1.7941293979689807e-09
3111,1.7925844519177024e-09
3112,1.7919829449435776e-09
3113,1.7940607744527468e-09
3114,1.7982953494348986e-09
3115,1.7942022772647028e-09
3116,1.7921988777012666e-09
3117,1.7922239605417234e-09
3118,1.7926283697956825e-09
3119,1.793556336817027e-09
3120,1.792338554589424e-09
3121,1.7938214085847428e-09
3122,1.7963808794765677e-09
3123,1.7950443217246505e-09
3124,1.795644682437234e-09
3125,1.7943813236355101e-09
3126,1.7933643774346958e-09
3127,1.793559253824145e-09
3128,1.7940569557623572e-09
3129,1.7939674809177948e-09
3130,1.794110498146219e-09
3131,1.79436977796031e-09
3132,1.793919038973463e-09
3133,1.7933523906707197e-09
3134,1.793037521603999e-09
3135,1.793155422478355e-09
3136,1.7948493191458086e-09
3137,1.7943193852554397e-09
3138,1.796644482967021e-09
3139,1.7957054579711595e-09
3140,1.7942030231921997e-09
3141,1.7945560723044569e-09
3142,1.793051276535548e-09
3143,1.794880181443405e-09
3144,1.7937146484285978e-09
3145,1.7941777089260255e-09
3146,1.7946332513713811e-09
3147,1.7958647115131978e-09
3148,1.795504474671082e-09
3149,1.7950205189072912e-09
3150,1.7950450847424268e-09
3151,1.8027014515343115e-09
3152,1.7945100043737684e-09
3153,1.7963623361216877e-09
3154,1.79528061335904e-09
3155,1.7953211582770016e-09
3156,1.7987270829422468e-09
3157,1.7955919608963634e-09
3158,1.7940420866607824e-09
3159,1.7937037869263028e-09
3160,1.7945953415227726e-09
3161,1.7968616533951083e-09
3162,1.7982974042997658e-09
3163,1.798104006845631e-09
3164,1.7958634822161031e-09
3165,1.793843141551532e-09
3166,1.7935371135461418e-09
3167,1.7947119579791663e-09
3168,1.7935302408125773e-09
3169,1.799546402176088e-09
3170,1.7947231370522733e-09
3171,1.7942253571338838e-09
3172,1.795824899889599e-09
3173,1.794143456356378e-09
3174,1.7942641337797461e-09
3175,1.8031254963307825e-09
3176,1.7978077266717274e-09
3177,1.795379525851401e-09
3178,1.7948740605777785e-09
3179,1.7945387792665694e-09
3180,1.7925014781053614e-09
3181,1.7940276185389002e-09
3182,1.7926941888154329e-09
3183,1.792040546733658e-09
3184,1.793897784433973e-09
3185,1.793383091244546e-09
3186,1.7953599977169481e-09
3187,1.80479088467018e-09
3188,1.793808052853153e-09
3189,1.7945106291518828e-09
3190,1.7933673488285776e-09
3191,1.797467735303418e-09
3192,1.794159150288869e-09
3193,1.7946974673456146e-09
3194,1.7966794613517173e-09
3195,1.7951776809606098e-09
3196,1.7940769942865776e-09
3197,1.8011833830112633e-09
3198,1.7960437764738997e-09
3199,1.7976164363257647e-09
3200,1.794067694166765e-09
3201,1.7956589784306372e-09
3202,1.7936135153741588e-09
3203,1.7990504195690576e-09
3204,1.7967866063814522e-09
3205,1.7991927300522617e-09
3206,1.796139312699141e-09
3207,1.7943107530320698e-09
3208,1.7930140384131078e-09
3209,1.8002987225297156e-09
3210,1.8020095519402275e-09
3211,1.8002413234509858e-09
3212,1.7944576007318765e-09
3213,1.7927592203939437e-09
3214,1.7994891785225785e-09
3215,1.7923504681316949e-09
3216,1.7969763059065965e-09
3217,1.7943580723344886e-09
3218,1.7931216465186522e-09
3219,1.7936802734461359e-09
3220,1.7922678570294576e-09
3221,1.7939894411358738e-09
3222,1.802666979161505e-09
3223,1.7928150286938783e-09
3224,1.7917546084753587e-09
3225,1.7927666296856686e-09
3226,1.793092512639038e-09
3227,1.7922270427041417e-09
3228,1.7933193430969598e-09
3229,1.7980515191004768e-09
3230,1.7947961726776127e-09
3231,1.7927489494787762e-09
3232,1.7936576600540863e-09
3233,1.796565828605854e-09
3234,1.7957582173621146e-09
3235,1.7935427554144369e-09
3236,1.7927601038368197e-09
3237,1.7933661488991944e-09
3238,1.7936991149853161e-09
3239,1.7921414751800355e-09
3240,1.7922091005282018e-09
3241,1.7925388768772973e-09
3242,1.794818112238682e-09
3243,1.793067446206954e-09
3244,1.7935502189056268e-09
3245,1.7988520230674392e-09
3246,1.7941923446194924e-09
3247,1.7949025528394404e-09
3248,1.793787678208045e-09
3249,1.7936110587510354e-09
3250,1.7937469422398324e-09
3251,1.7979375980988587e-09
3252,1.7966266654820287e-09
3253,1.7942344139941366e-09
3254,1.7945724780915074e-09
3255,1.79558723001911e-09
3256,1.7943841802245377e-09
3257,1.795420476266134e-09
3258,1.7936332789828963e-09
3259,1.7954946681425493e-09
3260,1.7930269373052281e-09
3261,1.7939039816665162e-09
3262,1.7931678951027583e-09
3263,1.7981220155998767e-09
3264,1.794546144294558e-09
3265,1.79535184145455e-09
3266,1.7950557588845318e-09
3267,1.7932592990051011e-09
3268,1.7923613408058596e-09
3269,1.793414436087139e-09
3270,1.7945212975096623e-09
3271,1.7920978436414787e-09
3272,1.7921420452232847e-09
3273,1.7946840167872247e-09
3274,1.7927906634077083e-09
3275,1.7954256364843226e-09
3276,1.795156916044158e-09
3277,1.7938370313416496e-09
3278,1.7940845605935866e-09
3279,1.7941233029003966e-09
3280,1.793237115549583e-09
3281,1.7948486117073217e-09
3282,1.7956186659842262e-09
3283,1.7956273115922194e-09
3284,1.795593917346125e-09
3285,1.7985828093252966e-09
3286,1.7957590596434663e-09
3287,1.795349360636164e-09
3288,1.7946724650662386e-09
3289,1.7937846102786027e-09
3290,1.796110395384561e-09
3291,1.7969487788740587e-09
3292,1.7946231419353819e-09
3293,1.7938355608209014e-09
3294,1.7922510441674424e-09
3295,1.7915430552669497e-09
3296,1.7921371445198276e-09
3297,1.7921276036229555e-09
3298,1.7917562852181988e-09
3299,1.792197001540638e-09
3300,1.791719443332098e-09
3301,1.79506557429391e-09
3302,1.7920357967712083e-09
3303,1.796178637676414e-09
3304,1.7939696691067532e-09
3305,1.7982630040962415e-09
3306,1.7945930005916217e-09
3307,1.7917536647446905e-09
3308,1.7937283501396145e-09
3309,1.7939441957388918e-09
3310,1.7932790825435869e-09
3311,1.795239767440464e-09
3312,1.7924265396523973e-09
3313,1.7934460436434897e-09
3314,1.7938269689119576e-09
3315,1.792160466570353e-09
3316,1.7930103130714566e-09
3317,1.7951971819544444e-09
3318,1.792893975965618e-09
3319,1.791906078172911e-09
3320,1.793795940457775e-09
3321,1.7931976158272712e-09
3322,1.7941990003006152e-09
3323,1.7939816133061404e-09
3324,1.793241627430268e-09
3325,1.7950675755952137e-09
3326,1.7947182393194343e-09
3327,1.7935001354055356e-09
3328,1.7939028169515083e-09
3329,1.7968457486242118e-09
3330,1.7930820582790826e-09
3331,1.798960542579262e-09
3332,1.7944779704594317e-09
3333,1.7946049799290972e-09
3334,1.7961456840582985e-09
3335,1.7959906089805319e-09
3336,1.793883234952343e-09
3337,1.7941436771275974e-09
3338,1.7953647190723302e-09
3339,1.802294454313022e-09
3340,1.7995818128576895e-09
3341,1.7940582698490377e-09
3342,1.7964695356723233e-09
3343,1.7973738355800947e-09
3344,1.7949207332983723e-09
3345,1.8029983287909637e-09
3346,1.7952338070441882e-09
3347,1.7950439770954822e-09
3348,1.7951677129047897e-09
3349,1.7941672580016884e-09
3350,1.7975487335452864e-09
3351,1.8003107104832528e-09
3352,1.7923956578606345e-09
3353,1.793031620859613e-09
3354,1.7924797632190354e-09
3355,1.7934080007249044e-09
3356,1.7923550038155857e-09
3357,1.7949822207362374e-09
3358,1.7924289485334459e-09
3359,1.792803438664623e-09
3360,1.7913128527175925e-09
3361,1.7922661756299376e-09
3362,1.7915130236153283e-09
3363,1.7922445654527997e-09
3364,1.7922661023229685e-09
3365,1.7921477422767902e-09
3366,1.7934167914565705e-09
3367,1.7933302935832088e-09
3368,1.793058023207466e-09
3369,1.7923270297927157e-09
3370,1.793032235891862e-09
3371,1.7933336865460788e-09
3372,1.791928852925296e-09
3373,1.7952479073763516e-09
3374,1.7941312638110239e-09
3375,1.7926606440056205e-09
3376,1.7966330896745724e-09
3377,1.797685927898185e-09
3378,1.793747392904716e-09
3379,1.7954866572890626e-09
3380,1.7959998532172147e-09
3381,1.7941125783632178e-09
3382,1.7936112047032079e-09
3383,1.7961746520333802e-09
3384,1.7965834424973224e-09
3385,1.793176441462272e-09
3386,1.8026561132889461e-09
3387,1.796848595782861e-09
3388,1.7964225041857627e-09
3389,1.7950634539703917e-09
3390,1.7979408079467175e-09
3391,1.7946060551105099e-09
3392,1.7942736399958833e-09
3393,1.7939690164339319e-09
3394,1.7944402055001304e-09
3395,1.7927936854119644e-09
3396,1.7938792701468933e-09
3397,1.7944361003685766e-09
3398,1.793799792362923e-09
3399,1.7931750219962943e-09
3400,1.7977027091714465e-09
3401,1.7953933185762409e-09
3402,1.7937489207981746e-09
3403,1.7957979626511949e-09
3404,1.7952888555044235e-09
3405,1.7977708363063194e-09
3406,1.7948702951626558e-09
3407,1.7934680186561647e-09
3408,1.7949377706984258e-09
3409,1.7955097339794261e-09
3410,1.794251700898147e-09
3411,1.7952535132191528e-09
3412,1.7991702573841968e-09
3413,1.7957815222818389e-09
3414,1.7933363119830225e-09
3415,1.7946608480412425e-09
3416,1.7943565282298013e-09
3417,1.7978019909502516e-09
3418,1.7991654745438303e-09
3419,1.7956503247506532e-09
3420,1.7952000471015498e-09
3421,1.7948146653143468e-09
3422,1.8014579403147063e-09
3423,1.7931816773185098e-09
3424,1.793583649170294e-09
3425,1.792247658778082e-09
3426,1.7931471412264994e-09
3427,1.7931570814743482e-09
3428,1.794819812661706e-09
3429,1.793435398291926e-09
3430,1.793651371173979e-09
3431,1.7940422075190364e-09
3432,1.7931154227579248e-09
3433,1.7936909882025937e-09
3434,1.796174422109489e-09
3435,1.7965364717057156e-09
3436,1.8006863983148323e-09
3437,1.7967868211241091e-09
3438,1.7930968430678927e-09
3439,1.792503343682596e-09
3440,1.792883525290517e-09
3441,1.7963394357176661e-09
3442,1.7948986977342256e-09
3443,1.8046378454175716e-09
3444,1.7943242785656995e-09
3445,1.7935665751222161e-09
3446,1.79417774481694e-09
3447,1.7947071944007402e-09
3448,1.7955481412506062e-09
3449,1.7947807992188426e-09
3450,1.79307391536429e-09
3451,1.793742161415041e-09
3452,1.7947187056631326e-09
3453,1.7999945352783437e-09
3454,1.7938944516584685e-09
3455,1.7943928187746653e-09
3456,1.792849489825142e-09
3457,1.7935231155034274e-09
3458,1.7941830392569962e-09
3459,1.7982673089860435e-09
3460,1.7982151840846407e-09
3461,1.7962343842077137e-09
3462,1.7941924130174287e-09
3463,1.7942318756778583e-09
3464,1.7939009479359725e-09
3465,1.794433085712136e-09
3466,1.7952408401718715e-09
3467,1.7953787828856392e-09
3468,1.7946795786115757e-09
3469,1.7942620223626157e-09
3470,1.7928569224693098e-09
3471,1.793056830954321e-09
3472,1.7943607163984605e-09
3473,1.7943842347464994e-09
3474,1.7951471402171027e-09
3475,1.795771380459784e-09
3476,1.7945681281226062e-09
3477,1.7957360702206098e-09
3478,1.7948569158835244e-09
3479,1.7942501325574793e-09
3480,1.79467267187862e-09
3481,1.7946423788601188e-09
3482,1.7962438131437452e-09
3483,1.793975965874932e-09
3484,1.7930732839761706e-09
3485,1.7935489174842204e-09
3486,1.7946793300585122e-09
3487,1.7929401777937017e-09
3488,1.7932100595152535e-09
3489,1.7950854535868721e-09
3490,1.7938252689237719e-09
3491,1.797053858890046e-09
3492,1.794190332220071e-09
3493,1.7928458392273247e-09
3494,1.7923367724176977e-09
3495,1.7920023779766292e-09
3496,1.7934403871576151e-09
3497,1.7933422988094884e-09
3498,1.79410476798016e-09
3499,1.795152139577393e-09
3500,1.7943454947124027e-09
3501,1.7923313179098077e-09
3502,1.7937970692688496e-09
3503,1.7937905614449376e-09
3504,1.7954843037948913e-09
3505,1.7955833939133655e-09
3506,1.798474423066807e-09
3507,1.7932604177478201e-09
3508,1.7949281507310791e-09
3509,1.793315300580702e-09
3510,1.795232826451485e-09
3511,1.7972585325619412e-09
3512,1.7943720582043147e-09
3513,1.794043611739849e-09
3514,1.7951962407287926e-09
3515,1.7933835297332447e-09
3516,1.7995540024666655e-09
3517,1.7948989302154515e-09
3518,1.7934731628444858e-09
3519,1.7944712661287029e-09
3520,1.7948722923654846e-09
3521,1.7947807469769577e-09
3522,1.801176410741499e-09
3523,1.7961198528260973e-09
3524,1.7971528697991582e-09
3525,1.7948586841909476e-09
3526,1.7956238001735001e-09
3527,1.7949439249628925e-09
3528,1.802398491807854e-09
3529,1.7933334733886488e-09
3530,1.794484416624293e-09
3531,1.7951018335483865e-09
3532,1.795585172201594e-09
3533,1.7961637770420712e-09
3534,1.7960541746441325e-09
3535,1.7949037716618604e-09
3536,1.7949653928857244e-09
3537,1.7963368642161833e-09
3538,1.7949826006546718e-09
3539,1.7966208516174229e-09
3540,1.7940917952841475e-09
3541,1.7972784956577461e-09
3542,1.7992977582193942e-09
3543,1.7934931368238315e-09
3544,1.811192513100257e-09
3545,1.8015507709157458e-09
3546,1.7953275364955528e-09
3547,1.7935590375963197e-09
3548,1.7971949876863382e-09
3549,1.797178886734908e-09
3550,1.8008305744856577e-09
3551,1.7990601106370315e-09
3552,1.7941432305078154e-09
3553,1.794612952976298e-09
3554,1.798661603714102e-09
3555,1.7982980942185738e-09
3556,1.8046105914415886e-09
3557,1.794482992220547e-09
3558,1.7946459746319147e-09
3559,1.794565427816834e-09
3560,1.7973152085770021e-09
3561,1.798805061424273e-09
3562,1.7993603158871683e-09
3563,1.7975587327900542e-09
3564,1.7981864301341941e-09
3565,1.8003433706075426e-09
3566,1.7971829022466547e-09
3567,1.7997540622836236e-09
3568,1.7957655720400826e-09
3569,1.798544682115659e-09
3570,1.7938367936831392e-09
3571,1.7954559347143637e-09
3572,1.8029346640682014e-09
3573,1.8046157532883385e-09
3574,1.7963978852674466e-09
3575,1.7949304744086993e-09
3576,1.7951950300588931e-09
3577,1.8020371845046781e-09
3578,1.7952428717433225e-09
3579,1.794482021747843e-09
3580,1.794224814525567e-09
3581,1.8009199512430318e-09
3582,1.7987678832114552e-09
3583,1.7931580460395836e-09
3584,1.7936327947469192e-09
3585,1.8015223244525495e-09
3586,1.7927146918306267e-09
3587,1.7945657773340742e-09
3588,1.7950565773701193e-09
3589,1.795109637730675e-09
3590,1.791981125500399e-09
3591,1.7935286534618587e-09
3592,1.7928839436883645e-09
3593,1.7975106256453147e-09
3594,1.791917912032171e-09
3595,1.7920477370155128e-09
3596,1.7937863284427802e-09
3597,1.7937187556663101e-09
3598,1.7918361551450093e-09
3599,1.7922879568230657e-09
3600,1.7933002487212428e-09
3601,1.7943558152710872e-09
3602,1.7968687028392452e-09
3603,1.7938119082910615e-09
3604,1.793534592540206e-09
3605,1.7946360948746989e-09
3606,1.794178788572534e-09
3607,1.795286245914951e-09
3608,1.7958410613849463e-09
3609,1.8051958196200111e-09
3610,1.7977125588608919e-09
3611,1.797606274955316e-09
3612,1.795494003448457e-09
3613,1.7961322013906421e-09
3614,1.7952638186915636e-09
3615,1.796759510087863e-09
3616,1.7947850636331868e-09
3617,1.794073611097965e-09
3618,1.7969639743097498e-09
3619,1.7939428007925827e-09
3620,1.793801625717614e-09
3621,1.796503423232332e-09
3622,1.7956907025689292e-09
3623,1.7939983798196329e-09
3624,1.7934920078322961e-09
3625,1.7951195110062902e-09
3626,1.794402429671392e-09
3627,1.8031734299396649e-09
3628,1.797649357759727e-09
3629,1.7938287719996857e-09
3630,1.7933947181486785e-09
3631,1.7947794694862445e-09
3632,1.8002245180742574e-09
3633,1.7945317300889036e-09
3634,1.794288769469272e-09
3635,1.805790342570429e-09
3636,1.7936889478706445e-09
3637,1.7949115699674861e-09
3638,1.7946708295063712e-09
3639,1.8062939560127502e-09
3640,1.799472798301191e-09
3641,1.7967926750921576e-09
3642,1.7946839559881092e-09
3643,1.7945996901481378e-09
3644,1.800467200050261e-09
3645,1.7951738205611045e-09
3646,1.8007912561397453e-09
3647,1.793116482351569e-09
3648,1.7932681953164058e-09
3649,1.792744146510785e-09
3650,1.792913346338634e-09
3651,1.793512655329463e-09
3652,1.804184598091662e-09
3653,1.8057090984016948e-09
3654,1.7952836830314855e-09
3655,1.794764382782723e-09
3656,1.8043337223134525e-09
3657,1.796610005861955e-09
3658,1.7991687003643117e-09
3659,1.7941204846771785e-09
3660,1.7940314704010033e-09
3661,1.7974235622482487e-09
3662,1.8009398824319167e-09
3663,1.7984740435174674e-09
3664,1.7962426682683113e-09
3665,1.794309331725538e-09
3666,1.7941342792308535e-09
3667,1.7972343178464558e-09
3668,1.799089091516259e-09
3669,1.7970515531119265e-09
3670,1.7939850879602638e-09
3671,1.7914945153538006e-09
3672,1.7998219510988235e-09
3673,1.7934529010252026e-09
3674,1.7925163859440048e-09
3675,1.7925266030422826e-09
3676,1.792523923398524e-09
3677,1.7934616580718555e-09
3678,1.792485586530196e-09
3679,1.7935046919479045e-09
3680,1.7953542036306985e-09
3681,1.793826774014722e-09
3682,1.7967307385085895e-09
3683,1.7960907425051993e-09
3684,1.7937491528371256e-09
3685,1.7955819739394684e-09
3686,1.7956494796116648e-09
3687,1.7963311864898982e-09
3688,1.7986446056726027e-09
3689,1.7915406044557374e-09
3690,1.791767858141401e-09
3691,1.79987877263344e-09
3692,1.7917609856037175e-09
3693,1.79278036703067e-09
3694,1.7931142081436284e-09
3695,1.792126479346262e-09
3696,1.7929282566272021e-09
3697,1.7927174380890543e-09
3698,1.797040546770145e-09
3699,1.8021687062544861e-09
3700,1.79419205322687e-09
3701,1.7938602210522277e-09
3702,1.793882266149576e-09
3703,1.8077462995197486e-09
3704,1.7942922738286793e-09
3705,1.7931126314631662e-09
3706,1.794545151265714e-09
3707,1.794993759231155e-09
3708,1.7918651146500532e-09
3709,1.7914130090632737e-09
3710,1.7939989401431672e-09
3711,1.801519540221165e-09
3712,1.7927137005334968e-09
3713,1.7918925823689884e-09
3714,1.7914946337077589e-09
3715,1.794691166058788e-09
3716,1.7959927267569415e-09
3717,1.7967606132991651e-09
3718,1.7948359957433786e-09
3719,1.7933699889313452e-09
3720,1.795135970196268e-09
3721,1.7942132930073466e-09
3722,1.7950221231023636e-09
3723,1.7947229362557252e-09
3724,1.7935569033325182e-09
3725,1.794743768200638e-09
3726,1.79382524878951e-09
3727,1.7941148817071099e-09
3728,1.793026788463553e-09
3729,1.794809358176141e-09
3730,1.7937083144775846e-09
3731,1.7970649848147365e-09
3732,1.7938550380787488e-09
3733,1.7939865524972449e-09
3734,1.793547313288547e-09
3735,1.797986975451984e-09
3736,1.8028621088247447e-09
3737,1.7949529161814703e-09
3738,1.7935010515558084e-09
3739,1.7945264253049783e-09
3740,1.7930971312447139e-09
3741,1.7981257027779886e-09
3742,1.7986845926642524e-09
3743,1.793341936796925e-09
3744,1.7939438497432755e-09
3745,1.7938871377790376e-09
3746,1.7957603629965074e-09
3747,1.7959845271520183e-09
3748,1.7953277127662644e-09
3749,1.7997021793903485e-09
3750,1.795074140754404e-09
3751,1.7931173715703046e-09
3752,1.7932503153968586e-09
3753,1.7931846479822964e-09
3754,1.7954165099679335e-09
3755,1.798851809059765e-09
3756,1.7916826748305098e-09
3757,1.7915482601211424e-09
3758,1.7944411230839987e-09
3759,1.7921971049345796e-09
3760,1.7963215909264509e-09
3761,1.7943162686665327e-09
3762,1.7947384561941272e-09
3763,1.7944371147427e-09
3764,1.7947975290681943e-09
3765,1.7940157270162691e-09
3766,1.7946262098293403e-09
3767,1.7958239866143139e-09
3768,1.7944638343476178e-09
3769,1.7935470545490518e-09
3770,1.7968861703116817e-09
3771,1.7934217204402487e-09
3772,1.7931754265001985e-09
3773,1.793375346819385e-09
3774,1.7928427894397469e-09
3775,1.7930226039019862e-09
3776,1.7935812472694018e-09
3777,1.7940868243192167e-09
3778,1.7937206484337632e-09
3779,1.7951103066580267e-09
3780,1.7965499857505814e-09
3781,1.7937317627921384e-09
3782,1.7938577167265382e-09
3783,1.7957797106689762e-09
3784,1.7986106728459254e-09
3785,1.7929074431457351e-09
3786,1.7954245420912215e-09
3787,1.7935029503208524e-09
3788,1.794644239711309e-09
3789,1.7957409856297648e-09
3790,1.7930562947581356e-09
3791,1.7960954589646992e-09
3792,1.7986601525637056e-09
3793,1.7924410285931417e-09
3794,1.7961731385751425e-09
3795,1.792688083612604e-09
3796,1.795284112225604e-09
3797,1.7959776451736035e-09
3798,1.7934362302616818e-09
3799,1.7939592651929176e-09
3800,1.796547647133062e-09
3801,1.794577600350353e-09
3802,1.7942166099895207e-09
3803,1.7950103311707838e-09
3804,1.7937790998809308e-09
3805,1.7948718983942741e-09
3806,1.7958728825718633e-09
3807,1.7957133610208094e-09
3808,1.7944786557900963e-09
3809,1.7944789206235949e-09
3810,1.7944256487039548e-09
3811,1.794694906788167e-09
3812,1.7933941444594932e-09
3813,1.7943516637757065e-09
3814,1.7957938845740982e-09
3815,1.7933753146375543e-09
3816,1.7932178296362657e-09
3817,1.7944916925579249e-09
3818,1.7938125603882485e-09
3819,1.796534405218696e-09
3820,1.7925611303386415e-09
3821,1.7922460037338195e-09
3822,1.7955204755701557e-09
3823,1.799942564723789e-09
3824,1.7923216360260243e-09
3825,1.7925513181040204e-09
3826,1.793056117759799e-09
3827,1.7937354654461579e-09
3828,1.7970574496037435e-09
3829,1.7974253350043845e-09
3830,1.7933052754348687e-09
3831,1.7944261589966213e-09
3832,1.7938304972124075e-09
3833,1.7927938134797038e-09
3834,1.799669399526876e-09
3835,1.7945731141660585e-09
3836,1.7935754987728949e-09
3837,1.7926409873155876e-09
3838,1.7927579362488563e-09
3839,1.7922148675025183e-09
3840,1.798835901610948e-09
3841,1.7945040510386847e-09
3842,1.7968800881887754e-09
3843,1.7961652627750288e-09
3844,1.793267076452611e-09
3845,1.7935103665552497e-09
3846,1.7921043514692361e-09
3847,1.7929393849404023e-09
3848,1.7941750724134463e-09
3849,1.7944626141904565e-09
3850,1.7953450536022257e-09
3851,1.7931635368055988e-09
3852,1.7945700476597025e-09
3853,1.7955762404890595e-09
3854,1.8037163531978661e-09
3855,1.7951617418097003e-09
3856,1.796169751007334e-09
3857,1.7945267302849558e-09
3858,1.7949099648381058e-09
3859,1.797268497126711e-09
3860,1.7940674802172004e-09
3861,1.798743548346185e-09
3862,1.795940311936335e-09
3863,1.7963682236619023e-09
3864,1.7947409406491747e-09
3865,1.7934112606873632e-09
3866,1.8003127172053057e-09
3867,1.7985469233720939e-09
3868,1.7947877116355742e-09
3869,1.7927950730130207e-09
3870,1.7929713729082522e-09
3871,1.7950941049951745e-09
3872,1.800847247977129e-09
3873,1.8003372519498287e-09
3874,1.797175257986669e-09
3875,1.7930822294128006e-09
3876,1.794049548835615e-09
3877,1.794663330836196e-09
3878,1.7961787394545551e-09
3879,1.7994770469180514e-09
3880,1.7975432171613205e-09
3881,1.7975955098626977e-09
3882,1.7946716122471963e-09
3883,1.793895666572766e-09
3884,1.7936428409766994e-09
3885,1.7932248338572209e-09
3886,1.794292934622866e-09
3887,1.795465194246971e-09
3888,1.793090449876284e-09
3889,1.7944691054170284e-09
3890,1.7937845659392687e-09
3891,1.7927134569042424e-09
3892,1.7920474379885604e-09
3893,1.7927959876343664e-09
3894,1.7938078852102679e-09
3895,1.7942000221561887e-09
3896,1.7931742320895504e-09
3897,1.7919267912327657e-09
3898,1.7929099072742459e-09
3899,1.7916307953798317e-09
3900,1.7926284130143785e-09
3901,1.8004364521596002e-09
3902,1.7954530648129351e-09
3903,1.7946836457217062e-09
3904,1.7950984597677667e-09
3905,1.7954650727842911e-09
3906,1.7984215072720539e-09
3907,1.7978777299096868e-09
3908,1.7978083560298205e-09
3909,1.7949311619355244e-09
3910,1.7936863495951957e-09
3911,1.7946988254519887e-09
3912,1.7955978810303826e-09
3913,1.7933929003952563e-09
3914,1.79460651920785e-09
3915,1.7939484690524264e-09
3916,1.7941473190733893e-09
3917,1.795172024340194e-09
3918,1.7952547151458737e-09
3919,1.7949828050951739e-09
3920,1.7941926729595864e-09
3921,1.7933666153117446e-09
3922,1.7936126873336366e-09
3923,1.795514726473569e-09
3924,1.7942773596360816e-09
3925,1.7955510434498595e-09
3926,1.7962814792881864e-09
3927,1.7977093309003986e-09
3928,1.801685882445982e-09
3929,1.7971959198978314e-09
3930,1.7942532414837662e-09
3931,1.799528743349419e-09
3932,1.7971884229258208e-09
3933,1.7959755314130586e-09
3934,1.7941993746454155e-09
3935,1.7935242403216418e-09
3936,1.7936162008451398e-09
3937,1.795685378315534e-09
3938,1.7985082318536046e-09
3939,1.7930350932268743e-09
3940,1.79624654343172e-09
3941,1.7966091924263819e-09
3942,1.7941086385220033e-09
3943,1.7938930458891339e-09
3944,1.7967498572796648e-09
3945,1.7949127813589441e-09
3946,1.7983370212775606e-09
3947,1.795448172571786e-09
3948,1.7966025255529977e-09
3949,1.7954498104736259e-09
3950,1.793278750245394e-09
3951,1.7930520605945592e-09
3952,1.793210024123497e-09
3953,1.7918212965322274e-09
3954,1.7947619459922846e-09
3955,1.7931355782558872e-09
3956,1.7916995745168972e-09
3957,1.7911771134865164e-09
3958,1.7956906968252277e-09
3959,1.79631468438647e-09
3960,1.7932365286390316e-09
3961,1.7929656746017549e-09
3962,1.7964937497909704e-09
3963,1.792548213879222e-09
3964,1.7958046774565459e-09
3965,1.7927891641005898e-09
3966,1.7920762232866719e-09
3967,1.7936110045829312e-09
3968,1.7939662086895059e-09
3969,1.793825122712015e-09
3970,1.796862485151663e-09
3971,1.793912059484419e-09
3972,1.7944442301651097e-09
3973,1.7946452330329936e-09
3974,1.795163822170413e-09
3975,1.796903295276122e-09
3976,1.794612146266525e-09
3977,1.7956216259353233e-09
3978,1.7956966327080758e-09
3979,1.7970631260357014e-09
3980,1.7954267363821927e-09
3981,1.7995563754517713e-09
3982,1.7948714443798767e-09
3983,1.8051454292159881e-09
3984,1.7957037099178183e-09
3985,1.7939885607842443e-09
3986,1.794041657460773e-09
3987,1.794269771232451e-09
3988,1.8011059130963816e-09
3989,1.7988655046697897e-09
3990,1.7950413444496117e-09
3991,1.7968544628109604e-09
3992,1.795550573474658e-09
3993,1.7960962130856392e-09
3994,1.797430433380132e-09
3995,1.7976873629120805e-09
3996,1.7956611144345994e-09
3997,1.794688333677587e-09
3998,1.7968711679212228e-09
3999,1.7958228423430705e-09
4000,1.7958082416310288e-09
4001,1.7934247179328694e-09
4002,1.793677252770406e-09
4003,1.7932187128777634e-09
4004,1.7935585973841903e-09
4005,1.7927124502096316e-09
4006,1.793163176249946e-09
4007,1.7925613901174279e-09
4008,1.7922240733539262e-09
4009,1.7943370182275465e-09
4010,1.791816621582555e-09
4011,1.794311947082698e-09
4012,1.7950140105419194e-09
4013,1.7942532754374465e-09
4014,1.7947917327835968e-09
4015,1.7931445348575557e-09
4016,1.7930431178513254e-09
4017,1.7943295340697943e-09
4018,1.7938844522907987e-09
4019,1.7958426078866333e-09
4020,1.7950091217476995e-09
4021,1.7955078380489512e-09
4022,1.7933176682024415e-09
4023,1.7965088800843263e-09
4024,1.7942143659014561e-09
4025,1.7946669915174653e-09
4026,1.7946741307568382e-09
4027,1.7948407627907031e-09
4028,1.7945950561079238e-09
4029,1.7939473891929945e-09
4030,1.7932214592111042e-09
4031,1.792901080418359e-09
4032,1.795750779471419e-09
4033,1.7960585172527968e-09
4034,1.793260805794542e-09
4035,1.7917011228735454e-09
4036,1.7921131163771602e-09
4037,1.7923385049483065e-09
4038,1.795160681653753e-09
4039,1.7935845805196676e-09
4040,1.7928790408018472e-09
4041,1.7970932452039413e-09
4042,1.7950115716196425e-09
4043,1.7974526002133973e-09
4044,1.7943090033386346e-09
4045,1.7939932814844352e-09
4046,1.7958830503646803e-09
4047,1.795661650189518e-09
4048,1.7951031519383767e-09
4049,1.7922872512907431e-09
4050,1.7937921817022232e-09
4051,1.7947432993214984e-09
4052,1.7925518319075207e-09
4053,1.7940662463523157e-09
4054,1.7923092081894985e-09
4055,1.7958292817719612e-09
4056,1.7935790425691558e-09
4057,1.7934493747600716e-09
4058,1.792302829056808e-09
4059,1.7960179942822796e-09
4060,1.797465938226283e-09
4061,1.7924201450880875e-09
4062,1.797714616392804e-09
4063,1.7933110104735345e-09
4064,1.794418226095846e-09
4065,1.7946281307790343e-09
4066,1.7982449210270798e-09
4067,1.7946261283215732e-09
4068,1.7942018223627081e-09
4069,1.7935715124628944e-09
4070,1.7941758504310136e-09
4071,1.7939985074805125e-09
4072,1.7938630209974864e-09
4073,1.795033728713827e-09
4074,1.7935267164945086e-09
4075,1.7963978085374546e-09
4076,1.7963063009256997e-09
4077,1.7984509400756308e-09
4078,1.7959363974129715e-09
4079,1.7932783166674938e-09
4080,1.7938445077391102e-09
4081,1.7933731924403157e-09
4082,1.7927719320204796e-09
4083,1.7945678434356277e-09
4084,1.7979386889738515e-09
4085,1.7959015752231428e-09
4086,1.7938729898304952e-09
4087,1.7935742418302582e-09
4088,1.792841224208808e-09
4089,1.7929040559087839e-09
4090,1.7963506192380312e-09
4091,1.793121466700289e-09
4092,1.793483468172416e-09
4093,1.7934663155724932e-09
4094,1.793818504678497e-09
4095,1.7932648365715021e-09
4096,1.795298902151257e-09
4097,1.793151430836528e-09
4098,1.7945166717288509e-09
4099,1.7934109732220218e-09
4100,1.7940251533122623e-09
