global_step,predictor_x_gap_mse
1,3.3609238516965123e-12
2,3.400048369456276e-08
3,1.7041841811868262e-08
4,1.1421310775778919e-08
5,8.624379565795698e-09
6,6.954317783871713e-09
7,5.8534226109038976e-09
8,5.077175964709431e-09
9,4.501824449785345e-09
10,4.0598177397261466e-09
11,3.71326282749404e-09
12,3.432850531288009e-09
13,3.2045815923655297e-09
14,3.0120100063702174e-09
15,2.854044629475193e-09
16,2.7202678404518987e-09
17,2.6061296004976507e-09
18,2.5083713869658497e-09
19,2.423900306597881e-09
20,2.3507474976920263e-09
21,2.2876927146728813e-09
22,2.2325397323356306e-09
23,2.183485742656129e-09
24,2.1413525867889275e-09
25,2.1041498686693477e-09
26,2.0706882011174733e-09
27,2.0416475057994922e-09
28,2.015109963487781e-09
29,1.991243718887427e-09
30,1.9703980253077107e-09
31,1.9515854407888282e-09
32,1.932925932717773e-09
33,1.9187400170773935e-09
34,1.90544330759471e-09
35,1.8942985255349827e-09
36,1.8833212319793476e-09
37,1.8752627516330845e-09
38,1.8659592046445494e-09
39,1.8589685220557484e-09
40,1.8526554334724047e-09
41,1.8456280133030484e-09
42,1.84067297169696e-09
43,1.8368193762017287e-09
44,1.83206641570243e-09
45,1.8277577663380765e-09
46,1.8235303286872582e-09
47,1.8205399919207348e-09
48,1.817315313477374e-09
49,1.8150167989872592e-09
50,1.8138630923252244e-09
51,1.8113968290918995e-09
52,1.8107294852848648e-09
53,1.8078008705873982e-09
54,1.807717899144309e-09
55,1.805356765420386e-09
56,1.802732171928734e-09
57,1.802546945116048e-09
58,1.801046481912924e-09
59,1.799999701527879e-09
60,1.7977701227423465e-09
61,1.798467964322288e-09
62,1.7973795847011624e-09
63,1.7964673511318936e-09
64,1.7966550959466464e-09
65,1.7966593390121735e-09
66,1.7962806471445236e-09
67,1.7957812654159599e-09
68,1.7946189725452264e-09
69,1.7944855593227518e-09
70,1.7943005935258007e-09
71,1.7939871830502328e-09
72,1.7953119463426169e-09
73,1.794814777797777e-09
74,1.7949535807193935e-09
75,1.7940025256431778e-09
76,1.7934135971497015e-09
77,1.7941400567707738e-09
78,1.7936840411709254e-09
79,1.7947118073942693e-09
80,1.793702619024663e-09
81,1.7946986047731165e-09
82,1.7931875817434404e-09
83,1.7941708920949086e-09
84,1.794982805564568e-09
85,1.793645442043886e-09
86,1.7929363490918135e-09
87,1.792742185055023e-09
88,1.7934627554512358e-09
89,1.7931322727507575e-09
90,1.7927921720435645e-09
91,1.792604217528779e-09
92,1.790965579230676e-09
93,1.7910196235603366e-09
94,1.7913048107507774e-09
95,1.7922156042314303e-09
96,1.7927591401832435e-09
97,1.7933714177292328e-09
98,1.7929577440625076e-09
99,1.7929277197417425e-09
100,1.793645297965022e-09
101,1.7936127854333821e-09
102,1.7927762399868963e-09
103,1.7922679035105804e-09
104,1.7939513096361783e-09
105,1.7928028844261761e-09
106,1.7927373674472936e-09
107,1.7925459410955117e-09
108,1.7927588984687423e-09
109,1.7931519172904957e-09
110,1.7938916408214079e-09
111,1.7930647592309449e-09
112,1.7950591345766963e-09
113,1.7941722186408872e-09
114,1.7943094314458097e-09
115,1.7938368695141588e-09
116,1.7946220123013546e-09
117,1.7932900453053715e-09
118,1.7924578625315383e-09
119,1.7921871987849808e-09
120,1.7916342335470956e-09
121,1.7920644439096165e-09
122,1.7914659814416047e-09
123,1.7907949084426368e-09
124,1.7919520647559695e-09
125,1.7921864396802122e-09
126,1.793286676368937e-09
127,1.7929380165497592e-09
128,1.792550322560473e-09
129,1.7930650841691992e-09
130,1.7928206681734362e-09
131,1.7924176347203187e-09
132,1.79246443375782e-09
133,1.792394283362425e-09
134,1.7928406870271956e-09
135,1.7928843222484561e-09
136,1.792770963081976e-09
137,1.7937933910482863e-09
138,1.7947303968653711e-09
139,1.7938711092673083e-09
140,1.7930358930123121e-09
141,1.792320866783613e-09
142,1.7932800925934656e-09
143,1.7933339991342017e-09
144,1.7930423647759587e-09
145,1.7939846660275761e-09
146,1.7931197623352778e-09
147,1.7928433517041964e-09
148,1.792721020909694e-09
149,1.793845565593344e-09
150,1.7935333086094287e-09
151,1.7937548751000016e-09
152,1.793304231071269e-09
153,1.7933596232289672e-09
154,1.7923553166381341e-09
155,1.7928846814776418e-09
156,1.7924577155537884e-09
157,1.7925192618668515e-09
158,1.7934161879090247e-09
159,1.7936641893581538e-09
160,1.7935205249755165e-09
161,1.7937789089269467e-09
162,1.7927919533935945e-09
163,1.7933767838246141e-09
164,1.794720351061744e-09
165,1.79410847426651e-09
166,1.795753462064127e-09
167,1.793938494790578e-09
168,1.7934850956563169e-09
169,1.7939766697120534e-09
170,1.792988911832547e-09
171,1.7928809191802711e-09
172,1.7927421636029174e-09
173,1.7933999213428056e-09
174,1.7933929396081596e-09
175,1.7952060099580237e-09
176,1.793908715754333e-09
177,1.7936075497958014e-09
178,1.7945972353617902e-09
179,1.7939845287505273e-09
180,1.7943365771220632e-09
181,1.7938424804062623e-09
182,1.7932892649832823e-09
183,1.7936308787065351e-09
184,1.7951932335455734e-09
185,1.7940279437159619e-09
186,1.7933543933818795e-09
187,1.7933145362702048e-09
188,1.7936998684817178e-09
189,1.7938695049738473e-09
190,1.793479705426116e-09
191,1.793883399765789e-09
192,1.7938574636932375e-09
193,1.7938006026198331e-09
194,1.794427494227892e-09
195,1.7939238118099545e-09
196,1.7941104763127e-09
197,1.7941477499805986e-09
198,1.7937525478542374e-09
199,1.792699219308034e-09
200,1.7931420586245034e-09
201,1.7926537918225305e-09
202,1.7927872417010432e-09
203,1.7935875592643102e-09
204,1.795156767977664e-09
205,1.793856510813107e-09
206,1.793063959148437e-09
207,1.7941742389479988e-09
208,1.7936252900858759e-09
209,1.7930554446053657e-09
210,1.7928202467384327e-09
211,1.7929703731479666e-09
212,1.7932535688058318e-09
213,1.7929495454809144e-09
214,1.7928958521170577e-09
215,1.7924577379357215e-09
216,1.7927307527473258e-09
217,1.7930061657664062e-09
218,1.791808859957018e-09
219,1.7913765282335898e-09
220,1.7911799923010007e-09
221,1.7917805924576429e-09
222,1.791352649594006e-09
223,1.7920745347057537e-09
224,1.7925306639262536e-09
225,1.793095236989048e-09
226,1.793294612758695e-09
227,1.7922366026212294e-09
228,1.7930361909146784e-09
229,1.7935539158488333e-09
230,1.7934925730550289e-09
231,1.792731042059422e-09
232,1.7921526079453467e-09
233,1.7924306302837344e-09
234,1.7932904524506339e-09
235,1.79351200818432e-09
236,1.794308389119709e-09
237,1.7951255054394365e-09
238,1.7939649538433425e-09
239,1.7934413229256775e-09
240,1.793568931787142e-09
241,1.7943541609114205e-09
242,1.79384591071947e-09
243,1.7942711176059684e-09
244,1.793957548672576e-09
245,1.793843858480367e-09
246,1.7943142472259107e-09
247,1.793819232583013e-09
248,1.792416583361892e-09
249,1.7925890565911881e-09
250,1.7941304783220624e-09
251,1.794038252076668e-09
252,1.7934749561439857e-09
253,1.793319369997581e-09
254,1.7928215275256443e-09
255,1.7939450850101846e-09
256,1.7939996545387139e-09
257,1.7946186823969102e-09
258,1.7939377023058443e-09
259,1.7938089648314174e-09
260,1.7933640749132868e-09
261,1.7930183491498703e-09
262,1.7939857806163421e-09
263,1.793953239842376e-09
264,1.7943302948393478e-09
265,1.7941225453585903e-09
266,1.7950041919058872e-09
267,1.7940527676339532e-09
268,1.7939541028995926e-09
269,1.7937916267631563e-09
270,1.7939550301182096e-09
271,1.793445186081303e-09
272,1.792641311055538e-09
273,1.7934310058573887e-09
274,1.7933387823747064e-09
275,1.7942581022934573e-09
276,1.794558813599891e-09
277,1.794556882928155e-09
278,1.7943472517370696e-09
279,1.793876278426581e-09
280,1.7944096725880616e-09
281,1.7931390988334377e-09
282,1.7933885681365891e-09
283,1.7938347787127324e-09
284,1.7934964631236385e-09
285,1.7941210552940673e-09
286,1.7930475774460115e-09
287,1.792404780622973e-09
288,1.79315140166318e-09
289,1.7929228386332938e-09
290,1.7934638063212767e-09
291,1.7937183002288773e-09
292,1.7939059323965386e-09
293,1.7932815863669802e-09
294,1.7942490917528567e-09
295,1.7935944908493248e-09
296,1.7940984089135497e-09
297,1.7936906689766174e-09
298,1.7943410591724953e-09
299,1.7954639751070423e-09
300,1.7941647077297038e-09
301,1.7933091993658662e-09
302,1.7933610251874956e-09
303,1.7932897929920027e-09
304,1.7934291335629743e-09
305,1.7932887589159566e-09
306,1.7928960895862284e-09
307,1.7923014937188656e-09
308,1.7932614840729979e-09
309,1.792597433147952e-09
310,1.7930974566229229e-09
311,1.7934567100796533e-09
312,1.7936933672015476e-09
313,1.795130802919768e-09
314,1.794923029628083e-09
315,1.7951246860572766e-09
316,1.7936751240871717e-09
317,1.7933671256947762e-09
318,1.7930297498180983e-09
319,1.7934993056567454e-09
320,1.7948306385524813e-09
321,1.7936644438304655e-09
322,1.7938676236910194e-09
323,1.7942377239129239e-09
324,1.7951214330734684e-09
325,1.7956681635892313e-09
326,1.7952200482704583e-09
327,1.795172269741802e-09
328,1.7959535893169385e-09
329,1.7951377570024457e-09
330,1.7938463840142126e-09
331,1.795141107557259e-09
332,1.794730213858459e-09
333,1.7936336781167006e-09
334,1.7936021388954714e-09
335,1.7929430618821583e-09
336,1.7946777608273103e-09
337,1.79390968014589e-09
338,1.7946169664148302e-09
339,1.793583934155652e-09
340,1.7939106238068907e-09
341,1.7934821394556055e-09
342,1.7939268075927343e-09
343,1.7946840551973763e-09
344,1.7961141635780351e-09
345,1.794718916070338e-09
346,1.794656078925988e-09
347,1.7939994028637016e-09
348,1.7940101797473212e-09
349,1.7940558040525152e-09
350,1.7945678842900318e-09
351,1.7941948245115723e-09
352,1.7943457690295634e-09
353,1.7947485210775577e-09
354,1.7946008122907568e-09
355,1.794381653028589e-09
356,1.7927034198202187e-09
357,1.7922802315575165e-09
358,1.7919978042395769e-09
359,1.7927576845035316e-09
360,1.7913690144572935e-09
361,1.7919866648108268e-09
362,1.7919330415590747e-09
363,1.7915370350709075e-09
364,1.791600036784917e-09
365,1.7912779928605465e-09
366,1.7923186367673412e-09
367,1.7911278622780775e-09
368,1.7921607839447963e-09
369,1.7924910084363369e-09
370,1.7926026717505337e-09
371,1.793928020824591e-09
372,1.7934308173796951e-09
373,1.7929942273703422e-09
374,1.7931463561116817e-09
375,1.7930389558105074e-09
376,1.7930389935667746e-09
377,1.793716677706151e-09
378,1.7948142906081767e-09
379,1.7940115189755176e-09
380,1.7944433986077255e-09
381,1.7939781156311227e-09
382,1.79511588530786e-09
383,1.794758535007203e-09
384,1.7952348939781581e-09
385,1.7951390822722574e-09
386,1.7947045370127722e-09
387,1.7950917499222725e-09
388,1.7945851181289725e-09
389,1.7955567307349335e-09
390,1.794296689692688e-09
391,1.7955839356529644e-09
392,1.7951649357964825e-09
393,1.7944339374946851e-09
394,1.7947122501369848e-09
395,1.7945177519319085e-09
396,1.7950877881166917e-09
397,1.794744116865079e-09
398,1.7938008602660778e-09
399,1.7931117134275136e-09
400,1.7934394300076794e-09
401,1.7932343623872168e-09
402,1.7941200101882337e-09
403,1.7934222648518611e-09
404,1.7930227764450758e-09
405,1.7933424441108557e-09
406,1.7934843296198523e-09
407,1.7938771925237768e-09
408,1.7929436102314128e-09
409,1.7929268552408265e-09
410,1.7936979019322497e-09
411,1.7933864726602597e-09
412,1.7928538099917072e-09
413,1.7928777801663336e-09
414,1.7928143786905843e-09
415,1.7929986735733317e-09
416,1.7925982795642483e-09
417,1.7925260012128786e-09
418,1.7930460684463104e-09
419,1.7929752703187346e-09
420,1.7931297502268259e-09
421,1.7927888269269474e-09
422,1.7924214262852233e-09
423,1.7929981616243259e-09
424,1.793353913487919e-09
425,1.7931562447602495e-09
426,1.7920998556800844e-09
427,1.791050187033042e-09
428,1.792901086111174e-09
429,1.7935555814500481e-09
430,1.792689255302739e-09
431,1.7932938286099778e-09
432,1.793945772108055e-09
433,1.7937273497091027e-09
434,1.7940896348849225e-09
435,1.7936025653354758e-09
436,1.7933214991120012e-09
437,1.7930459140021292e-09
438,1.7928054263218006e-09
439,1.7929199999502658e-09
440,1.7924403115161563e-09
441,1.7929951195242846e-09
442,1.7931526125140875e-09
443,1.7928231125383206e-09
444,1.7922598399328006e-09
445,1.7939116890450278e-09
446,1.792693497477378e-09
447,1.7932421772942687e-09
448,1.7917796945261543e-09
449,1.792208113520936e-09
450,1.7933924093373844e-09
451,1.7934256582852699e-09
452,1.794140022361197e-09
453,1.7951600829042609e-09
454,1.794200763929996e-09
455,1.7933226809844865e-09
456,1.7934393161691558e-09
457,1.7938889019747547e-09
458,1.7926550059354011e-09
459,1.792516185966359e-09
460,1.7937549942191208e-09
461,1.7924998621859558e-09
462,1.7926484055888228e-09
463,1.7928515815106531e-09
464,1.7940080899246394e-09
465,1.7933989682002616e-09
466,1.7936713110244736e-09
467,1.7927457033582647e-09
468,1.7930455621343233e-09
469,1.7930286045342345e-09
470,1.793453020977937e-09
471,1.7926443692311424e-09
472,1.7928656854409062e-09
473,1.7925635395651327e-09
474,1.791926154459008e-09
475,1.7920993629967332e-09
476,1.7922680781538369e-09
477,1.7929609517541536e-09
478,1.7930027839601639e-09
479,1.7919269230938745e-09
480,1.792292875421742e-09
481,1.7941148762295041e-09
482,1.794005709149955e-09
483,1.793414624402637e-09
484,1.793555886798414e-09
485,1.793216936058198e-09
486,1.794382715404067e-09
487,1.7951108421493858e-09
488,1.7944035679954119e-09
489,1.7936776940806065e-09
490,1.7938268866904795e-09
491,1.7931615351544077e-09
492,1.7930713086745456e-09
493,1.7933642042125494e-09
494,1.7922871616240037e-09
495,1.7916851837900895e-09
496,1.79214625413828e-09
497,1.791436661340134e-09
498,1.791878618127604e-09
499,1.791376141585287e-09
500,1.7909608962112393e-09
501,1.7916587852055187e-09
502,1.791196824961837e-09
503,1.792062045497378e-09
504,1.7929366373937565e-09
505,1.792136553522004e-09
506,1.7929553728437756e-09
507,1.7924982388417225e-09
508,1.7931039327658009e-09
509,1.7921064485614773e-09
510,1.792241109825052e-09
511,1.791973042452556e-09
512,1.7915823664625428e-09
513,1.7912968177066549e-09
514,1.7913704876588674e-09
515,1.7916733036174276e-09
516,1.791338145919028e-09
517,1.7930567770219088e-09
518,1.7934015906296436e-09
519,1.7933249205280714e-09
520,1.7932001025182674e-09
521,1.7929909748871582e-09
522,1.793365212849848e-09
523,1.7926685918116834e-09
524,1.7932640759070459e-09
525,1.7928475506305897e-09
526,1.7923100896564454e-09
527,1.7913784180032649e-09
528,1.792381791940252e-09
529,1.7926806486980515e-09
530,1.791831325937246e-09
531,1.7920867676238166e-09
532,1.7925015673112905e-09
533,1.7918469051898964e-09
534,1.7924111998503632e-09
535,1.792723986018409e-09
536,1.7938027520838396e-09
537,1.79264697762907e-09
538,1.7927094813817947e-09
539,1.7938015209730528e-09
540,1.7937673037619964e-09
541,1.7935088357473494e-09
542,1.7928397934259224e-09
543,1.7928227359369497e-09
544,1.7925382057102209e-09
545,1.793680256901637e-09
546,1.7940730168635683e-09
547,1.7938694361934537e-09
548,1.7931988192774682e-09
549,1.7940073246482614e-09
550,1.793660819521317e-09
551,1.7934538941490267e-09
552,1.7926010424329945e-09
553,1.79297822695058e-09
554,1.7930961286417765e-09
555,1.7938592302267978e-09
556,1.7943479755357654e-09
557,1.7951091686262747e-09
558,1.7939646048935152e-09
559,1.7943212616889693e-09
560,1.7933006617789473e-09
561,1.7931048275859875e-09
562,1.7939578779557467e-09
563,1.7945734898624946e-09
564,1.792934390738386e-09
565,1.7936139337340535e-09
566,1.7936450865129043e-09
567,1.7930660451033326e-09
568,1.7934969096502976e-09
569,1.7935735130368592e-09
570,1.7937507628815157e-09
571,1.7929575424748237e-09
572,1.793288979508013e-09
573,1.7939851444809137e-09
574,1.7930995119630638e-09
575,1.7931684461366784e-09
576,1.7929663262841401e-09
577,1.7941564089493421e-09
578,1.7945736332747863e-09
579,1.7946056821117206e-09
580,1.7947598482231071e-09
581,1.7944759122724037e-09
582,1.7951326738746659e-09
583,1.7944358449554144e-09
584,1.7942526632952824e-09
585,1.7943316366691604e-09
586,1.7934665785976024e-09
587,1.7938654110040963e-09
588,1.7947544633528586e-09
589,1.7941383829344931e-09
590,1.7940325782917767e-09
591,1.793490805080205e-09
592,1.7948635565955964e-09
593,1.7945509095673917e-09
594,1.7945607245001276e-09
595,1.7944130781982588e-09
596,1.7942676302633138e-09
597,1.7939325945673636e-09
598,1.7937698895630522e-09
599,1.7931915128569478e-09
600,1.7941472080127046e-09
601,1.795754043446807e-09
602,1.79526005681913e-09
603,1.7957041521847273e-09
604,1.795131476826909e-09
605,1.7945262499730937e-09
606,1.7953883044195572e-09
607,1.7949067894359388e-09
608,1.7947887118823812e-09
609,1.7948110462713594e-09
610,1.7946414394958863e-09
611,1.7951149832051506e-09
612,1.7957018221522856e-09
613,1.7959434875921731e-09
614,1.795045265314134e-09
615,1.7956434466889615e-09
616,1.7946000279101577e-09
617,1.7941647438115223e-09
618,1.7935455529664528e-09
619,1.7928833889360397e-09
620,1.791162955631048e-09
621,1.791605365670941e-09
622,1.7919130327258696e-09
623,1.7912128939748457e-09
624,1.7924187471368807e-09
625,1.7924434008804991e-09
626,1.7920004767631776e-09
627,1.7918577630726004e-09
628,1.791580487440097e-09
629,1.7921817941630305e-09
630,1.792332602436657e-09
631,1.7918057703693084e-09
632,1.7921253304731159e-09
633,1.7929491867714026e-09
634,1.7924516507287503e-09
635,1.7930171558425409e-09
636,1.7922982404625703e-09
637,1.792909572287901e-09
638,1.7921306596561563e-09
639,1.7928923980646165e-09
640,1.7928809885249051e-09
641,1.7941938909570386e-09
642,1.792842818089078e-09
643,1.7930429881260491e-09
644,1.7936919081126264e-09
645,1.7930862169548822e-09
646,1.7943769341575342e-09
647,1.7941522935793364e-09
648,1.7935178141481972e-09
649,1.7942764988786275e-09
650,1.7941137681807395e-09
651,1.7930492897185471e-09
652,1.7933307931162882e-09
653,1.7940310451850848e-09
654,1.7941273849019296e-09
655,1.7953288885375522e-09
656,1.7942804451108814e-09
657,1.7935904089626282e-09
658,1.7939779836406818e-09
659,1.793032047923179e-09
660,1.7927205240071218e-09
661,1.7931412297700192e-09
662,1.7938683801838632e-09
663,1.794534398643624e-09
664,1.7942159141755676e-09
665,1.7945789300831933e-09
666,1.7934632228618964e-09
667,1.7940103412905175e-09
668,1.7924242594775687e-09
669,1.7929985790972699e-09
670,1.7933950003012113e-09
671,1.7919052961059007e-09
672,1.7924660795834947e-09
673,1.7932611388227338e-09
674,1.7934431809350206e-09
675,1.7934284153185679e-09
676,1.793239783490934e-09
677,1.7941505781754517e-09
678,1.7949104264203581e-09
679,1.792617846011816e-09
680,1.7928073004389086e-09
681,1.792070059883576e-09
682,1.7925004919466305e-09
683,1.7910656541670528e-09
684,1.7928364798355445e-09
685,1.7931675476537994e-09
686,1.7935314878720968e-09
687,1.7959111166944259e-09
688,1.7938991141294777e-09
689,1.7935358701841707e-09
690,1.7942544752699838e-09
691,1.7933844675479967e-09
692,1.7941668373808542e-09
693,1.7936615372423145e-09
694,1.7938462896285436e-09
695,1.794127599156739e-09
696,1.7941186473200595e-09
697,1.7936890379497705e-09
698,1.7946769390338393e-09
699,1.7955642268783523e-09
700,1.7950615937848166e-09
701,1.79631913755231e-09
702,1.7946128018871525e-09
703,1.79570522114225e-09
704,1.7950622920691566e-09
705,1.7948938704746011e-09
706,1.7955411022754249e-09
707,1.7961009564268808e-09
708,1.7955198977511654e-09
709,1.7952841850453758e-09
710,1.7951519116506486e-09
711,1.7956853046718352e-09
712,1.7960848046654272e-09
713,1.795635569642226e-09
714,1.7949270393734746e-09
715,1.7951484037557063e-09
716,1.7951375674471794e-09
717,1.795323159325898e-09
718,1.7952836270840782e-09
719,1.7942003754642276e-09
720,1.7942385488559068e-09
721,1.793507161942035e-09
722,1.7937170641352647e-09
723,1.7959919224621986e-09
724,1.7934511540074705e-09
725,1.7924031106335436e-09
726,1.7923869775471252e-09
727,1.7928432692745662e-09
728,1.793476901523307e-09
729,1.7928640432138107e-09
730,1.7935000496751634e-09
731,1.794215341062403e-09
732,1.7936611281081828e-09
733,1.7944742269113751e-09
734,1.7934626102295083e-09
735,1.7925925587292853e-09
736,1.7935036103536975e-09
737,1.7930540124376208e-09
738,1.793375351360286e-09
739,1.7935858834750826e-09
740,1.7937494145472465e-09
741,1.7930113588532494e-09
742,1.7931739485419336e-09
743,1.792995283449222e-09
744,1.793792802400586e-09
745,1.7943948262466964e-09
746,1.7927374406791741e-09
747,1.7922222705313922e-09
748,1.7924707915048789e-09
749,1.7922175727460032e-09
750,1.7923514836091754e-09
751,1.792769342604286e-09
752,1.7921861540132123e-09
753,1.7925144466513442e-09
754,1.7930907863228567e-09
755,1.7946792823151637e-09
756,1.7931356496567109e-09
757,1.7929880402031775e-09
758,1.7928817825311892e-09
759,1.7934818352038315e-09
760,1.793008805436799e-09
761,1.7925058528550254e-09
762,1.7928203747699852e-09
763,1.7922404850384105e-09
764,1.7921028983325951e-09
765,1.7915693256132666e-09
766,1.7935927665079042e-09
767,1.7935342660992612e-09
768,1.792880240381322e-09
769,1.7933084492963545e-09
770,1.793515755453225e-09
771,1.7928872522695447e-09
772,1.7925942628173381e-09
773,1.7934560863076114e-09
774,1.7933534386679138e-09
775,1.7927048530530177e-09
776,1.7932765906979094e-09
777,1.7926773547203662e-09
778,1.7943563320398247e-09
779,1.7945187390077965e-09
780,1.794454247045279e-09
781,1.7940739258941504e-09
782,1.7936604259438674e-09
783,1.79373930429509e-09
784,1.7937531782069576e-09
785,1.793578592164785e-09
786,1.7940732676876829e-09
787,1.793380777536359e-09
788,1.7924761601900607e-09
789,1.7933281879825709e-09
790,1.793697747773786e-09
791,1.7929012183195308e-09
792,1.7941423677514913e-09
793,1.7937547193763053e-09
794,1.7947993163810078e-09
795,1.7940497177512194e-09
796,1.7924693272672095e-09
797,1.7932764054148224e-09
798,1.7924933875615546e-09
799,1.792664331617786e-09
800,1.791289873003919e-09
801,1.7917320970256167e-09
802,1.7912453866844642e-09
803,1.7903470364751239e-09
804,1.7906526097044443e-09
805,1.7914049826363513e-09
806,1.791860233412469e-09
807,1.7912591205118834e-09
808,1.7915010672003103e-09
809,1.7908615347146904e-09
810,1.7917694593433005e-09
811,1.7916657820721587e-09
812,1.7910635935220909e-09
813,1.7916921523304812e-09
814,1.7912964383373515e-09
815,1.7928174443698678e-09
816,1.7924369265264538e-09
817,1.7926763428629022e-09
818,1.792028158248331e-09
819,1.7924210921773247e-09
820,1.7920669219936622e-09
821,1.7930135419920917e-09
822,1.7926050109386026e-09
823,1.7934361685839177e-09
824,1.7927451595600795e-09
825,1.7933607374856477e-09
826,1.7935608000536824e-09
827,1.7928574266932581e-09
828,1.793124611497448e-09
829,1.7942221187207112e-09
830,1.7947381780467618e-09
831,1.79315583901045e-09
832,1.7933817977449214e-09
833,1.7931316536309936e-09
834,1.7933755379104936e-09
835,1.7939036774606875e-09
836,1.7942752080317917e-09
837,1.7931837714199581e-09
838,1.7933239976999478e-09
839,1.7932120477642372e-09
840,1.7940907393697276e-09
841,1.7934753850139807e-09
842,1.793569325113621e-09
843,1.7941089787816115e-09
844,1.7946217774270762e-09
845,1.7938691725760447e-09
846,1.7934174363282689e-09
847,1.7926864255489214e-09
848,1.7944519783326488e-09
849,1.7935908979275311e-09
850,1.7939351544859649e-09
851,1.793994838225604e-09
852,1.793401534713958e-09
853,1.7934556857507037e-09
854,1.7929920005185416e-09
855,1.792632073559244e-09
856,1.7935682054438012e-09
857,1.7937822006476806e-09
858,1.7924610284588803e-09
859,1.793208157806821e-09
860,1.7931858387774018e-09
861,1.7929859953317183e-09
862,1.7934437049316065e-09
863,1.7934633236744197e-09
864,1.7920829059586979e-09
865,1.7926853410476014e-09
866,1.792046094952441e-09
867,1.7947308952408399e-09
868,1.7938466645736075e-09
869,1.7942071610709064e-09
870,1.7943747904574327e-09
871,1.7938793834106912e-09
872,1.7940107738084818e-09
873,1.7937868827546566e-09
874,1.7935762444304699e-09
875,1.793898791513641e-09
876,1.7937063301405936e-09
877,1.793985546746976e-09
878,1.7953992867972644e-09
879,1.7939422560037799e-09
880,1.7948165044248448e-09
881,1.7935743785764632e-09
882,1.7934077934419554e-09
883,1.7937720834511847e-09
884,1.7928805836334463e-09
885,1.7923854106721232e-09
886,1.792277594372881e-09
887,1.7917827109373888e-09
888,1.7924968386087812e-09
889,1.7928633919446505e-09
890,1.7926479399372351e-09
891,1.7929325545220011e-09
892,1.7925517333419751e-09
893,1.7929802975563263e-09
894,1.793238211826056e-09
895,1.7945146051274532e-09
896,1.7940495111787432e-09
897,1.794473015708375e-09
898,1.7943055768409054e-09
899,1.7941695680812722e-09
900,1.7931065850898188e-09
901,1.792761037663686e-09
902,1.7920903984485422e-09
903,1.793001767179103e-09
904,1.7930756640218203e-09
905,1.7924543247272218e-09
906,1.7921217871004107e-09
907,1.7919764558586857e-09
908,1.79240249221067e-09
909,1.7918574200445418e-09
910,1.792785810670389e-09
911,1.791738545788786e-09
912,1.7931363548660514e-09
913,1.7933178910282857e-09
914,1.7929258896209637e-09
915,1.7937954758791176e-09
916,1.7943710651252467e-09
917,1.793783863186514e-09
918,1.793853402787199e-09
919,1.7933583387837502e-09
920,1.7935833870703154e-09
921,1.7926460735058862e-09
922,1.793407566839449e-09
923,1.7935244780810912e-09
924,1.7939209078195226e-09
925,1.7940604662888159e-09
926,1.7944155446243773e-09
927,1.7921847128604148e-09
928,1.7932695729806813e-09
929,1.793264533246948e-09
930,1.7928218639512923e-09
931,1.7941852299424163e-09
932,1.792914852963232e-09
933,1.7925034625190103e-09
934,1.7930083824680193e-09
935,1.793922347853877e-09
936,1.7935339815391576e-09
937,1.7934273741221424e-09
938,1.794116215655254e-09
939,1.7949010781217263e-09
940,1.7933454576230672e-09
941,1.792914580778841e-09
942,1.7936628394385049e-09
943,1.7937091370001806e-09
944,1.7940530517314916e-09
945,1.793358610488745e-09
946,1.7936131405076454e-09
947,1.7935943031069538e-09
948,1.7927935341075777e-09
949,1.792576228749665e-09
950,1.7923905604761023e-09
951,1.793065304727346e-09
952,1.7935410717301738e-09
953,1.793604069076017e-09
954,1.7932722741896141e-09
955,1.7936365110025565e-09
956,1.7935390277073866e-09
957,1.7940858772575211e-09
958,1.7944035282849497e-09
959,1.7946459321736099e-09
960,1.7935810257693663e-09
961,1.7927008504278686e-09
962,1.7916083522435604e-09
963,1.7924455141103932e-09
964,1.7927917391889036e-09
965,1.7940023834294518e-09
966,1.7934561450045015e-09
967,1.7945154405157956e-09
968,1.7944107632127344e-09
969,1.7943929806186102e-09
970,1.7952856736268032e-09
971,1.7947850624674662e-09
972,1.7923711156346537e-09
973,1.7916786074837633e-09
974,1.7935530381789352e-09
975,1.7937532131273298e-09
976,1.7954374229239694e-09
977,1.796148336314536e-09
978,1.7963940647178123e-09
979,1.7961220903760032e-09
980,1.7951970961328327e-09
981,1.7957593602826932e-09
982,1.7956076210924755e-09
983,1.794679894020051e-09
984,1.7939043196933151e-09
985,1.794416919390365e-09
986,1.7939364777140683e-09
987,1.7932708323992356e-09
988,1.7944963591340408e-09
989,1.7941361697575886e-09
990,1.7941843753839525e-09
991,1.794027578259786e-09
992,1.7941251106494594e-09
993,1.794851326713186e-09
994,1.7933414346378045e-09
995,1.7937792388084142e-09
996,1.7928460131779624e-09
997,1.7951668020311099e-09
998,1.793621349008831e-09
999,1.793472942330642e-09
1000,1.7927478613670829e-09
1001,1.793131464985326e-09
1002,1.7932895376150184e-09
1003,1.7926169043297638e-09
1004,1.792651040746556e-09
1005,1.7916030679069815e-09
1006,1.7922940384592155e-09
1007,1.79299582881116e-09
1008,1.792459939871397e-09
1009,1.792455536013429e-09
1010,1.7928279231881434e-09
1011,1.792700318050347e-09
1012,1.7952806811836768e-09
1013,1.7942535686518435e-09
1014,1.7935769462849976e-09
1015,1.7938846934476317e-09
1016,1.79387695555678e-09
1017,1.793869552139912e-09
1018,1.7938703702688125e-09
1019,1.7940153374540457e-09
1020,1.7928942642961994e-09
1021,1.7929642739440042e-09
1022,1.7919885005640632e-09
1023,1.7930958996979847e-09
1024,1.7926716735431547e-09
1025,1.7932842323046834e-09
1026,1.7939231764134278e-09
1027,1.7932990383959473e-09
1028,1.7926565902397796e-09
1029,1.7926541370687925e-09
1030,1.792121494677597e-09
1031,1.7931708978241618e-09
1032,1.7921166377961091e-09
1033,1.7920939455106788e-09
1034,1.793317124636439e-09
1035,1.7935596164215227e-09
1036,1.7941221836680243e-09
1037,1.7944601671115235e-09
1038,1.7940731073709903e-09
1039,1.7938602264949984e-09
1040,1.7944621137436612e-09
1041,1.7933014472489795e-09
1042,1.793085466575734e-09
1043,1.7927948351572178e-09
1044,1.7939334332196529e-09
1045,1.7945972809550787e-09
1046,1.7944779740328664e-09
1047,1.7934874602271105e-09
1048,1.7937107860035803e-09
1049,1.794582459180996e-09
1050,1.793230298984404e-09
1051,1.7926964025421327e-09
1052,1.7923403367861422e-09
1053,1.791955733702742e-09
1054,1.7933812643591871e-09
1055,1.794018502573261e-09
1056,1.79408884011753e-09
1057,1.793974429806557e-09
1058,1.7937971468731072e-09
1059,1.7931386127374743e-09
1060,1.7934111778602051e-09
1061,1.7921495060187335e-09
1062,1.7931607086337939e-09
1063,1.7926092415655086e-09
1064,1.7912568356468144e-09
1065,1.7920769701228469e-09
1066,1.7912300482314982e-09
1067,1.7920403613999082e-09
1068,1.7926778118393327e-09
1069,1.7914053325534458e-09
1070,1.791211249477578e-09
1071,1.7923321070940252e-09
1072,1.7923443207879134e-09
1073,1.792142595738811e-09
1074,1.7922922057026323e-09
1075,1.7930301796707694e-09
1076,1.7946206977130118e-09
1077,1.7942364482038117e-09
1078,1.7939767860340666e-09
1079,1.7939618848898312e-09
1080,1.7935713857378034e-09
1081,1.7936373148799667e-09
1082,1.7931951741642108e-09
1083,1.795764736653591e-09
1084,1.7929583646387965e-09
1085,1.7939953952595543e-09
1086,1.7931218456920947e-09
1087,1.793303830268322e-09
1088,1.7942145567705928e-09
1089,1.7939815326188284e-09
1090,1.793331937940436e-09
1091,1.7935277407848647e-09
1092,1.7934820936719506e-09
1093,1.7943938223056337e-09
1094,1.7944634303815883e-09
1095,1.7950728020338725e-09
1096,1.794639538974668e-09
1097,1.7938725990736302e-09
1098,1.795317563271885e-09
1099,1.7954612635863883e-09
1100,1.7950035401992992e-09
1101,1.795073132246117e-09
1102,1.7941055905157317e-09
1103,1.79324455509222e-09
1104,1.7929820268867946e-09
1105,1.7932035393873772e-09
1106,1.792989115786849e-09
1107,1.7940590456403787e-09
1108,1.7942870559771452e-09
1109,1.7932421291284605e-09
1110,1.793088874792434e-09
1111,1.7922651995787967e-09
1112,1.7925917272989726e-09
1113,1.7912875622757424e-09
1114,1.7922017038102931e-09
1115,1.7928838108902417e-09
1116,1.7932223529992786e-09
1117,1.7934811003851163e-09
1118,1.793465548031237e-09
1119,1.7942237185506208e-09
1120,1.7941045492326248e-09
1121,1.7935187503651974e-09
1122,1.7938977767328308e-09
1123,1.7935199443345093e-09
1124,1.7939504690519811e-09
1125,1.7930052535435875e-09
1126,1.7935196368912136e-09
1127,1.793939661328773e-09
1128,1.7932592885972402e-09
1129,1.7939672691489083e-09
1130,1.7943709990316076e-09
1131,1.7941219358485114e-09
1132,1.7934857876991864e-09
1133,1.7932467314501484e-09
1134,1.7932734641814361e-09
1135,1.7930253424346247e-09
1136,1.7931557284098061e-09
1137,1.7933654922991586e-09
1138,1.7929978772913212e-09
1139,1.7930256962665882e-09
1140,1.7930383353278824e-09
1141,1.793115208783815e-09
1142,1.792470811090168e-09
1143,1.7924372451487292e-09
1144,1.7926040141029489e-09
1145,1.7933009714892442e-09
1146,1.793487946057054e-09
1147,1.7936379848789724e-09
1148,1.7928843339530457e-09
1149,1.794615004892423e-09
1150,1.7927062368147021e-09
1151,1.791668964978724e-09
1152,1.7922539232535443e-09
1153,1.7919642585287967e-09
1154,1.7926326159142412e-09
1155,1.7928671547337842e-09
1156,1.7934997049855821e-09
1157,1.794036822052115e-09
1158,1.793507239970885e-09
1159,1.7955039502630975e-09
1160,1.7943885328273136e-09
1161,1.793849730031432e-09
1162,1.7943210241391366e-09
1163,1.7940547337348381e-09
1164,1.7945685977752426e-09
1165,1.7965945141262142e-09
1166,1.7937148236967818e-09
1167,1.7935184878684345e-09
1168,1.7931627809512019e-09
1169,1.792095791415049e-09
1170,1.793290921662884e-09
1171,1.7955904322520888e-09
1172,1.7944283814109042e-09
1173,1.7961520812164806e-09
1174,1.7951012096574611e-09
1175,1.794684530997811e-09
1176,1.7937430084362949e-09
1177,1.794379461042084e-09
1178,1.794652614557072e-09
1179,1.7958482977024598e-09
1180,1.7953392022673166e-09
1181,1.7963512008329745e-09
1182,1.7940152861131137e-09
1183,1.7933349394514706e-09
1184,1.7938840351629017e-09
1185,1.7937308408969148e-09
1186,1.7942470888104352e-09
1187,1.794156738577486e-09
1188,1.794034833230063e-09
1189,1.7943081109958159e-09
1190,1.7943205383075721e-09
1191,1.7939647311252835e-09
1192,1.7942686426996017e-09
1193,1.7945542095390647e-09
1194,1.794903695321441e-09
1195,1.794163114913801e-09
1196,1.7950648422972643e-09
1197,1.794187107553362e-09
1198,1.7943726916668422e-09
1199,1.7941970899006473e-09
1200,1.792768207110537e-09
1201,1.7937210859569819e-09
1202,1.7955803411550899e-09
1203,1.7939021400928746e-09
1204,1.7947386643507963e-09
1205,1.7951375502697073e-09
1206,1.793274749661825e-09
1207,1.7939864314345708e-09
1208,1.7953151875926038e-09
1209,1.7950987225059236e-09
1210,1.7931015734553155e-09
1211,1.792847757680967e-09
1212,1.7922908249919648e-09
1213,1.7925019256262348e-09
1214,1.7923974215741518e-09
1215,1.7929080633798015e-09
1216,1.7929716785954745e-09
1217,1.7928434433033356e-09
1218,1.7927154554024715e-09
1219,1.794004350382597e-09
1220,1.7927988101025763e-09
1221,1.791784154148236e-09
1222,1.7932662907878035e-09
1223,1.7933426051652658e-09
1224,1.7933928130365863e-09
1225,1.7935224127235108e-09
1226,1.794313423819466e-09
1227,1.79268795067439e-09
1228,1.7936068527506692e-09
1229,1.793050372478922e-09
1230,1.792929996315111e-09
1231,1.7929313699147804e-09
1232,1.7918535252583753e-09
1233,1.7935097265953506e-09
1234,1.7927955243748666e-09
1235,1.7934056140127175e-09
1236,1.7933712173490725e-09
1237,1.792261212295451e-09
1238,1.793172100946403e-09
1239,1.7928290329364673e-09
1240,1.7937056834839522e-09
1241,1.793909888657717e-09
1242,1.7956275135663849e-09
1243,1.7942722529856513e-09
1244,1.7947776340668464e-09
1245,1.7954429079092113e-09
1246,1.7951477555431638e-09
1247,1.7935536917285018e-09
1248,1.7954304798175588e-09
1249,1.7946247947820587e-09
1250,1.7926518545272112e-09
1251,1.792322971842052e-09
1252,1.793652661459934e-09
1253,1.7908294224889025e-09
1254,1.7917716919276406e-09
1255,1.7923163986855847e-09
1256,1.7917395727277896e-09
1257,1.7929716934672048e-09
1258,1.7932323216359077e-09
1259,1.7944101980042312e-09
1260,1.793780251544826e-09
1261,1.7930419736489418e-09
1262,1.7937736061165263e-09
1263,1.79457407033005e-09
1264,1.7934654300975297e-09
1265,1.7937198011129356e-09
1266,1.7936031269993198e-09
1267,1.7935131672908931e-09
1268,1.794314802689643e-09
1269,1.7952740282345622e-09
1270,1.7946602635987551e-09
1271,1.7944515650918712e-09
1272,1.7944253228163972e-09
1273,1.7945577368207745e-09
1274,1.7951275445834094e-09
1275,1.7936009881365637e-09
1276,1.7921888266811516e-09
1277,1.7946139184256538e-09
1278,1.7929231381686256e-09
1279,1.7936971539609718e-09
1280,1.7928456759670251e-09
1281,1.7931869923977155e-09
1282,1.7928632801819364e-09
1283,1.792682136288184e-09
1284,1.7942471223420493e-09
1285,1.7930313852156113e-09
1286,1.7941404194865282e-09
1287,1.7948196007845323e-09
1288,1.7934236277729579e-09
1289,1.7950355981267923e-09
1290,1.7942428176974736e-09
1291,1.7957900555339527e-09
1292,1.7943781290643157e-09
1293,1.7961864975904734e-09
1294,1.7932479449307092e-09
1295,1.7932952025243587e-09
1296,1.7927133040912323e-09
1297,1.7936335444408885e-09
1298,1.793785330857933e-09
1299,1.7933857903366631e-09
1300,1.7924934165901463e-09
1301,1.7928049024561567e-09
1302,1.7928160719948195e-09
1303,1.7938280744149378e-09
1304,1.793069784320713e-09
1305,1.7933208634978419e-09
1306,1.793421398748043e-09
1307,1.7955592935914035e-09
1308,1.7935766064798114e-09
1309,1.7936101833953505e-09
1310,1.7953511816865657e-09
1311,1.793394759098676e-09
1312,1.7949321725836435e-09
1313,1.7950047236007652e-09
1314,1.7947836720333364e-09
1315,1.7934025716052613e-09
1316,1.79326248029816e-09
1317,1.7934277838934448e-09
1318,1.7943065839502015e-09
1319,1.7939010516728989e-09
1320,1.7929832038457835e-09
1321,1.7939057178146774e-09
1322,1.7935167841570408e-09
1323,1.7925612196374526e-09
1324,1.7929991558786724e-09
1325,1.7921563337616073e-09
1326,1.7922634466104068e-09
1327,1.7934850791394246e-09
1328,1.7955883892490983e-09
1329,1.7935020650347654e-09
1330,1.7932851355005624e-09
1331,1.7936320477086272e-09
1332,1.794854789976325e-09
1333,1.7949316413430545e-09
1334,1.7931054256344231e-09
1335,1.792977604897437e-09
1336,1.79371938742903e-09
1337,1.7934095290335444e-09
1338,1.7945151790725448e-09
1339,1.7976264826379323e-09
1340,1.7944266864015097e-09
1341,1.7927091460114735e-09
1342,1.7928457303203367e-09
1343,1.7925424313872735e-09
1344,1.79417093070706e-09
1345,1.7924721529954212e-09
1346,1.7931332483678213e-09
1347,1.7912461959460385e-09
1348,1.7916658356406345e-09
1349,1.7907399806733205e-09
1350,1.7920911137763501e-09
1351,1.7910471662455582e-09
1352,1.7929226030801154e-09
1353,1.7921716865078812e-09
1354,1.7941097160939867e-09
1355,1.79238303431643e-09
1356,1.7931896502902053e-09
1357,1.7925135387956218e-09
1358,1.7919413919158513e-09
1359,1.7932996323222475e-09
1360,1.792485813227664e-09
1361,1.7919681156811178e-09
1362,1.7928136405778525e-09
1363,1.792706139644399e-09
1364,1.7921646065632937e-09
1365,1.792551917240637e-09
1366,1.7927292917221454e-09
1367,1.7927375068185668e-09
1368,1.7916359501131254e-09
1369,1.792754806658414e-09
1370,1.7933715591922955e-09
1371,1.7931090064006346e-09
1372,1.793393627977459e-09
1373,1.7932574912043585e-09
1374,1.7941352118626973e-09
1375,1.7934028020280298e-09
1376,1.7929231907084279e-09
1377,1.7937242703489808e-09
1378,1.7943057244046194e-09
1379,1.7931206439098444e-09
1380,1.7929760427216896e-09
1381,1.7931078141114113e-09
1382,1.793130406534908e-09
1383,1.7938151963613808e-09
1384,1.7942907286926846e-09
1385,1.7947388545667291e-09
1386,1.7951233566088587e-09
1387,1.793918437254363e-09
1388,1.7950665116772283e-09
1389,1.7939160257743193e-09
1390,1.7925628199040928e-09
1391,1.7924200601769457e-09
1392,1.792013153852922e-09
1393,1.7937675975800217e-09
1394,1.794140403363949e-09
1395,1.7936339320837233e-09
1396,1.7936006915446465e-09
1397,1.7946906060764166e-09
1398,1.7948659272775647e-09
1399,1.7960144872897399e-09
1400,1.7987738029605617e-09
1401,1.796051322273791e-09
1402,1.7956740658786317e-09
1403,1.7957616557351947e-09
1404,1.7980842013886207e-09
1405,1.7945000368554023e-09
1406,1.7938539417254207e-09
1407,1.794784155346691e-09
1408,1.7950396578577174e-09
1409,1.795071857468523e-09
1410,1.7966706126447903e-09
1411,1.7949917395436876e-09
1412,1.7950688347991628e-09
1413,1.7946399256041923e-09
1414,1.7947466925633371e-09
1415,1.7939619791292745e-09
1416,1.7941641945065689e-09
1417,1.7953106668406707e-09
1418,1.7961501793508684e-09
1419,1.7962961609250309e-09
1420,1.7936986887659165e-09
1421,1.7944407992448115e-09
1422,1.7950957563467548e-09
1423,1.7954714360710445e-09
1424,1.7961298568900136e-09
1425,1.7951531330728313e-09
1426,1.7945951445631663e-09
1427,1.7949389942898826e-09
1428,1.7986652059422799e-09
1429,1.795068392059039e-09
1430,1.7943511312636687e-09
1431,1.7966678228707865e-09
1432,1.7943159721077365e-09
1433,1.7922842777625922e-09
1434,1.7931783862044624e-09
1435,1.7944446239105612e-09
1436,1.7955137942089016e-09
1437,1.7927129727917562e-09
1438,1.7928053055530108e-09
1439,1.792115064583784e-09
1440,1.7927290616504224e-09
1441,1.7930485704840766e-09
1442,1.7945242201870707e-09
1443,1.7942876883432822e-09
1444,1.7927140860908928e-09
1445,1.794153251288069e-09
1446,1.7937780920105677e-09
1447,1.7938948738871023e-09
1448,1.7930647988515529e-09
1449,1.7939017363738508e-09
1450,1.7944215420214887e-09
1451,1.7950172623444253e-09
1452,1.7945265355707817e-09
1453,1.7951461632589314e-09
1454,1.796860203756533e-09
1455,1.7941243720030717e-09
1456,1.7937608211899793e-09
1457,1.7935001706744483e-09
1458,1.7948277566906992e-09
1459,1.794063863472911e-09
1460,1.793549952558053e-09
1461,1.7939767685778047e-09
1462,1.7944986228010158e-09
1463,1.793913244084021e-09
1464,1.7937024881470483e-09
1465,1.7940530343638977e-09
1466,1.7933434804650715e-09
1467,1.7937475872811576e-09
1468,1.7938112631653388e-09
1469,1.793634158498359e-09
1470,1.7924704215087492e-09
1471,1.7932139262685665e-09
1472,1.7932066626752453e-09
1473,1.79313079613418e-09
1474,1.7941952592002008e-09
1475,1.7933537229721965e-09
1476,1.7938620464246872e-09
1477,1.7939720808918582e-09
1478,1.7937052645077855e-09
1479,1.7939277987266249e-09
1480,1.7935414971616158e-09
1481,1.7939245364297277e-09
1482,1.7912137441804045e-09
1483,1.791795170387315e-09
1484,1.7912400548701767e-09
1485,1.7906289609224823e-09
1486,1.7934577777680824e-09
1487,1.7935134598055282e-09
1488,1.793252016434642e-09
1489,1.7944776164121444e-09
1490,1.7946767397432334e-09
1491,1.794938790902209e-09
1492,1.7943068703495205e-09
1493,1.7950707389250886e-09
1494,1.7933783282674579e-09
1495,1.7928237708460844e-09
1496,1.793942258240384e-09
1497,1.7936097777897989e-09
1498,1.792083057512102e-09
1499,1.7936910107715674e-09
1500,1.7927710698097235e-09
1501,1.7925127082898425e-09
1502,1.793805666016436e-09
1503,1.7921926342532313e-09
1504,1.7929632455898255e-09
1505,1.7926236170868109e-09
1506,1.7927440864803312e-09
1507,1.7934188941865979e-09
1508,1.7926643312741178e-09
1509,1.7934018214036739e-09
1510,1.7936794196154316e-09
1511,1.795056416574648e-09
1512,1.7964435844362886e-09
1513,1.7937521853838468e-09
1514,1.7935523280856873e-09
1515,1.7942501058104052e-09
1516,1.7972597890396697e-09
1517,1.795611571537574e-09
1518,1.7950400914047496e-09
1519,1.793599686952812e-09
1520,1.793955941132006e-09
1521,1.7936154715374435e-09
1522,1.7930168265589183e-09
1523,1.7923385701956876e-09
1524,1.7922617616509642e-09
1525,1.7946061195275423e-09
1526,1.7931358626408736e-09
1527,1.7928836064905835e-09
1528,1.7948791935909385e-09
1529,1.793890546401489e-09
1530,1.7937923310720992e-09
1531,1.7946536907396476e-09
1532,1.7931699198583995e-09
1533,1.7930889558768605e-09
1534,1.7942789889316832e-09
1535,1.7926252474710954e-09
1536,1.7930228587576264e-09
1537,1.7938641497393156e-09
1538,1.793692091512277e-09
1539,1.7957312741660354e-09
1540,1.7929703458854775e-09
1541,1.7926226978596573e-09
1542,1.7933261547732404e-09
1543,1.7932150745298632e-09
1544,1.79363454815357e-09
1545,1.7929159134021327e-09
1546,1.7936013012345165e-09
1547,1.7927677095311256e-09
1548,1.7931037438300363e-09
1549,1.7937675796317016e-09
1550,1.7937915999791957e-09
1551,1.7933337423230767e-09
1552,1.7922452973575242e-09
1553,1.7940717967402503e-09
1554,1.7926256057808682e-09
1555,1.7937424694501134e-09
1556,1.7916386038080107e-09
1557,1.7930171664763095e-09
1558,1.7923434930978663e-09
1559,1.7910646413995363e-09
1560,1.7913658791756825e-09
1561,1.7933326118833106e-09
1562,1.7913117223959939e-09
1563,1.791100019071259e-09
1564,1.7907122567890597e-09
1565,1.791500921570388e-09
1566,1.791382826596579e-09
1567,1.7913563407989683e-09
1568,1.7934831134893583e-09
1569,1.7915818425871164e-09
1570,1.790978002437177e-09
1571,1.7927048427388517e-09
1572,1.7920560605014815e-09
1573,1.7911638739314339e-09
1574,1.794434422983379e-09
1575,1.7939006044280376e-09
1576,1.793598324967282e-09
1577,1.7943619272956148e-09
1578,1.7921568195206807e-09
1579,1.7926635441503272e-09
1580,1.792251598865077e-09
1581,1.7928305786768698e-09
1582,1.7923936634958892e-09
1583,1.7939433220187477e-09
1584,1.7944045540144843e-09
1585,1.7930711060326177e-09
1586,1.7950318403273562e-09
1587,1.792715898003885e-09
1588,1.7925314669510968e-09
1589,1.7928268873251658e-09
1590,1.792589640531191e-09
1591,1.7928708533986404e-09
1592,1.79753743129132e-09
1593,1.7921550345025998e-09
1594,1.7934040052682346e-09
1595,1.7914546026666186e-09
1596,1.7938154154185793e-09
1597,1.7930328298383376e-09
1598,1.7944592945497173e-09
1599,1.7944177036321552e-09
1600,1.7931478596797173e-09
1601,1.7939040217147108e-09
1602,1.7944515701000081e-09
1603,1.7943379718298367e-09
1604,1.7943693679132692e-09
1605,1.7966280829162815e-09
1606,1.7937485757211703e-09
1607,1.7958850886950468e-09
1608,1.7941186456838323e-09
1609,1.7951956825761903e-09
1610,1.7956102689012172e-09
1611,1.7947787103619049e-09
1612,1.7949397903665427e-09
1613,1.7944263739687645e-09
1614,1.795079680598782e-09
1615,1.794859131909126e-09
1616,1.7952745070269307e-09
1617,1.7942025127637106e-09
1618,1.7997319734574268e-09
1619,1.7955500850716824e-09
1620,1.7938853395871552e-09
1621,1.7956940322238008e-09
1622,1.7935777127955616e-09
1623,1.7940224385275913e-09
1624,1.7966726162043255e-09
1625,1.7945335547544614e-09
1626,1.7946292797509787e-09
1627,1.7934774622657206e-09
1628,1.793410674999625e-09
1629,1.7934996397976864e-09
1630,1.7936012948818347e-09
1631,1.792781778047373e-09
1632,1.7943291146423013e-09
1633,1.7934093857325437e-09
1634,1.7932608903574807e-09
1635,1.7935161731453883e-09
1636,1.794600577141477e-09
1637,1.7936024402922892e-09
1638,1.7937543176744586e-09
1639,1.7943765998814056e-09
1640,1.794085206921455e-09
1641,1.794796307907517e-09
1642,1.7944666919691837e-09
1643,1.7949029064172911e-09
1644,1.7951430952387391e-09
1645,1.7936574544359364e-09
1646,1.793724004480584e-09
1647,1.7932102396978879e-09
1648,1.7935640651174958e-09
1649,1.79375944214727e-09
1650,1.796109159689148e-09
1651,1.7937765276539593e-09
1652,1.7929711360551111e-09
1653,1.7933237482332985e-09
1654,1.7926363423570716e-09
1655,1.7945717474715776e-09
1656,1.7941532040057911e-09
1657,1.7939511702590203e-09
1658,1.7942476996811241e-09
1659,1.794173334412332e-09
1660,1.7928073096943238e-09
1661,1.7930108802215146e-09
1662,1.7934096900933233e-09
1663,1.7929634407520652e-09
1664,1.7936836287756852e-09
1665,1.7926780630172564e-09
1666,1.7959291186144361e-09
1667,1.7925920252714976e-09
1668,1.7929389824484976e-09
1669,1.7941231845735204e-09
1670,1.7931349529495773e-09
1671,1.7922867755162505e-09
1672,1.7923363477890293e-09
1673,1.79511601190988e-09
1674,1.7938295057926003e-09
1675,1.7919854279891353e-09
1676,1.7927957024642485e-09
1677,1.7926215256729487e-09
1678,1.792365301594739e-09
1679,1.792775087231748e-09
1680,1.791841303051147e-09
1681,1.7921945079064417e-09
1682,1.7915421416998582e-09
1683,1.7931101127787421e-09
1684,1.7941449560035442e-09
1685,1.7945831560234163e-09
1686,1.7933354741550225e-09
1687,1.794304164796764e-09
1688,1.7942474242627336e-09
1689,1.7942901695530114e-09
1690,1.7920862002000997e-09
1691,1.7940071441572739e-09
1692,1.7937402884409148e-09
1693,1.7937182115924296e-09
1694,1.7946424065853125e-09
1695,1.7934174975292076e-09
1696,1.7936329900605798e-09
1697,1.795171679524968e-09
1698,1.7952224731227886e-09
1699,1.7947912686805932e-09
1700,1.7949618587076817e-09
1701,1.7956772158290644e-09
1702,1.7940244943758755e-09
1703,1.7927230462268751e-09
1704,1.795151433829826e-09
1705,1.7951663829799094e-09
1706,1.7934495013012534e-09
1707,1.7939904359890149e-09
1708,1.796121728020518e-09
1709,1.793592302922961e-09
1710,1.7937109881253077e-09
1711,1.7930923362534473e-09
1712,1.793657605484542e-09
1713,1.7946890589845596e-09
1714,1.7935261928783924e-09
1715,1.7931183342081518e-09
1716,1.7949583437894432e-09
1717,1.7937760526325277e-09
1718,1.794660841977875e-09
1719,1.7961565018707641e-09
1720,1.7946429857389588e-09
1721,1.7962953988973083e-09
1722,1.7944882934204275e-09
1723,1.7932996780691957e-09
1724,1.7956042249171734e-09
1725,1.795847532194605e-09
1726,1.7949398635392426e-09
1727,1.794420215380253e-09
1728,1.7943946113828999e-09
1729,1.7936763268887195e-09
1730,1.7928478395832424e-09
1731,1.7931000553316137e-09
1732,1.7926198768045101e-09
1733,1.792532439179974e-09
1734,1.792447735561428e-09
1735,1.7927468645340575e-09
1736,1.7917616171021398e-09
1737,1.7926993162401811e-09
1738,1.7937425281615505e-09
1739,1.7930460914980004e-09
1740,1.7942768956508626e-09
1741,1.7935565947987918e-09
1742,1.7944676714398066e-09
1743,1.7921820974511856e-09
1744,1.7931617355805962e-09
1745,1.7942871614285622e-09
1746,1.7941490673685832e-09
1747,1.7946616562603225e-09
1748,1.7927784847482313e-09
1749,1.7929793853318928e-09
1750,1.7918989034834727e-09
1751,1.792331459472027e-09
1752,1.793399156977539e-09
1753,1.7932163051603288e-09
1754,1.7932475723971021e-09
1755,1.7942687206811958e-09
1756,1.794792143531661e-09
1757,1.7939053864239032e-09
1758,1.7930707729459163e-09
1759,1.7940778839319848e-09
1760,1.7947217931801657e-09
1761,1.7933319725065822e-09
1762,1.7935758025363647e-09
1763,1.7941437516416397e-09
1764,1.7940038586678073e-09
1765,1.7942371231083483e-09
1766,1.7936070183518318e-09
1767,1.7948542424437144e-09
1768,1.7946893894402952e-09
1769,1.7941402353534827e-09
1770,1.7947374624554344e-09
1771,1.7952720919816375e-09
1772,1.7951951722872687e-09
1773,1.7933047989653917e-09
1774,1.795216061631059e-09
1775,1.7939471997425884e-09
1776,1.794718187606663e-09
1777,1.7954803377037422e-09
1778,1.794339683350284e-09
1779,1.7938890820723885e-09
1780,1.7965484534047708e-09
1781,1.794624287453979e-09
1782,1.7943653290655468e-09
1783,1.7933445057210716e-09
1784,1.7941567290560186e-09
1785,1.7950199108944648e-09
1786,1.7950660549059529e-09
1787,1.795225124967023e-09
1788,1.7961051167167273e-09
1789,1.7957467605681062e-09
1790,1.7951130667263825e-09
1791,1.794882328141636e-09
1792,1.795860255048316e-09
1793,1.7958981904585447e-09
1794,1.7948645708341716e-09
1795,1.7958372765613384e-09
1796,1.7958137906433047e-09
1797,1.794898594211038e-09
1798,1.7952908728437537e-09
1799,1.7972389892224375e-09
1800,1.7949476782209273e-09
1801,1.79406644954004e-09
1802,1.7937045282776133e-09
1803,1.7943364554749901e-09
1804,1.7945933833878275e-09
1805,1.7934002447084674e-09
1806,1.7930766590306564e-09
1807,1.7925917715032404e-09
1808,1.7943020707996392e-09
1809,1.7952242328985649e-09
1810,1.79463446493176e-09
1811,1.7954925737566487e-09
1812,1.7944086417626974e-09
1813,1.793903711301619e-09
1814,1.7965032975695491e-09
1815,1.793845339661469e-09
1816,1.7959430320682838e-09
1817,1.7943785781046844e-09
1818,1.79453002686025e-09
1819,1.793482212010363e-09
1820,1.7932745718510193e-09
1821,1.7939749245192868e-09
1822,1.7946580040068603e-09
1823,1.794895961060956e-09
1824,1.79340708142482e-09
1825,1.7927578470277408e-09
1826,1.7925024165112772e-09
1827,1.7947692470749776e-09
1828,1.794255192443021e-09
1829,1.79389281885741e-09
1830,1.79418557296079e-09
1831,1.796237858177727e-09
1832,1.7936826510510287e-09
1833,1.7933760068323456e-09
1834,1.7934861682342646e-09
1835,1.793739547163945e-09
1836,1.795532048220235e-09
1837,1.7942653953703649e-09
1838,1.794733098640129e-09
1839,1.7959749075229255e-09
1840,1.7952966401367052e-09
1841,1.7942706093272303e-09
1842,1.7941448908364178e-09
1843,1.795091097314179e-09
1844,1.7939658715936821e-09
1845,1.7935774083384388e-09
1846,1.7935716033917562e-09
1847,1.7916204973329038e-09
1848,1.7937905746060048e-09
1849,1.7956075839252735e-09
1850,1.7956093046571312e-09
1851,1.7941934014853463e-09
1852,1.7937742299706228e-09
1853,1.7943477171122032e-09
1854,1.7943355379918065e-09
1855,1.7967308044097308e-09
1856,1.7964540269857389e-09
1857,1.794027343805889e-09
1858,1.7940264684671748e-09
1859,1.7956950253160086e-09
1860,1.7964365505074635e-09
1861,1.7956984067779684e-09
1862,1.7979260518531766e-09
1863,1.7943171716990685e-09
1864,1.7943534135500915e-09
1865,1.7943320344044172e-09
1866,1.7945382351925505e-09
1867,1.7937601305638528e-09
1868,1.7962528330380661e-09
1869,1.7951099623637696e-09
1870,1.795877544414349e-09
1871,1.7944864275218664e-09
1872,1.7930835597121657e-09
1873,1.793287106768787e-09
1874,1.7949781010781122e-09
1875,1.795239732309461e-09
1876,1.7949245452153523e-09
1877,1.7948412179410309e-09
1878,1.7936022846490482e-09
1879,1.7943445925966602e-09
1880,1.7943993549697306e-09
1881,1.7924951666259122e-09
1882,1.7928958300422651e-09
1883,1.7937547830453367e-09
1884,1.7929386928697468e-09
1885,1.7923539008282255e-09
1886,1.793809386013834e-09
1887,1.7950994731563755e-09
1888,1.792383818985004e-09
1889,1.793118712459209e-09
1890,1.7975289691209467e-09
1891,1.7938505735561764e-09
1892,1.7934294888377582e-09
1893,1.793474609530488e-09
1894,1.7931775464748985e-09
1895,1.7935283407724727e-09
1896,1.7958156378515484e-09
1897,1.7952919835649983e-09
1898,1.7937805369052374e-09
1899,1.7937372986780163e-09
1900,1.7928181587540415e-09
1901,1.7931938759600946e-09
1902,1.7932683236294616e-09
1903,1.7942264769840417e-09
1904,1.7934943515348553e-09
1905,1.7942019098909905e-09
1906,1.795213822901742e-09
1907,1.7952104345035949e-09
1908,1.7961497577336389e-09
1909,1.7983884757255468e-09
1910,1.793851045151098e-09
1911,1.7934465073315222e-09
1912,1.7938615533511847e-09
1913,1.7927408927016205e-09
1914,1.7948133901466613e-09
1915,1.7934210731551642e-09
1916,1.7938734109417282e-09
1917,1.7944431866067854e-09
1918,1.7938938679738914e-09
1919,1.7931110170262681e-09
1920,1.7919439008170534e-09
1921,1.792100964879614e-09
1922,1.7921758740101312e-09
1923,1.7933655172653606e-09
1924,1.7934411088347428e-09
1925,1.7935575712613254e-09
1926,1.7928128348058347e-09
1927,1.792552046741836e-09
1928,1.7917113860783185e-09
1929,1.7920166071707693e-09
1930,1.79552626325336e-09
1931,1.79268577342565e-09
1932,1.7927844788744255e-09
1933,1.7931417950733115e-09
1934,1.7948552278416695e-09
1935,1.7942946646001345e-09
1936,1.7957835697459054e-09
1937,1.7953385408791729e-09
1938,1.7958466958422889e-09
1939,1.7957547108365524e-09
1940,1.7954050203780644e-09
1941,1.797267615313126e-09
1942,1.7960046996560435e-09
1943,1.7963452446025175e-09
1944,1.796664093822049e-09
1945,1.7953817187362668e-09
1946,1.7957022745188243e-09
1947,1.796993839534217e-09
1948,1.7957778015291671e-09
1949,1.7957405186933502e-09
1950,1.7951445435533502e-09
1951,1.7944898543983741e-09
1952,1.7948671972785391e-09
1953,1.7944275689354559e-09
1954,1.7938931509343812e-09
1955,1.7935627292129568e-09
1956,1.7928295309606426e-09
1957,1.792629970361947e-09
1958,1.794131031088484e-09
1959,1.7945641403542408e-09
1960,1.7943437591252917e-09
1961,1.795105351335262e-09
1962,1.795104849527036e-09
1963,1.7945073908395637e-09
1964,1.7937998737978478e-09
1965,1.7953007788456136e-09
1966,1.7949186115708845e-09
1967,1.793766963580715e-09
1968,1.7922043479967688e-09
1969,1.79234447723385e-09
1970,1.7946138973656476e-09
1971,1.794023946336692e-09
1972,1.7962335985478106e-09
1973,1.7949748892382528e-09
1974,1.7986178243427335e-09
1975,1.7965426775024438e-09
1976,1.7949311649820337e-09
1977,1.7942790650807895e-09
1978,1.7940005752982857e-09
1979,1.7931244440969164e-09
1980,1.7933302692751865e-09
1981,1.7939810140036698e-09
1982,1.7932895926070377e-09
1983,1.7918494210813752e-09
1984,1.7967025356745087e-09
1985,1.7924981599256646e-09
1986,1.793615132093222e-09
1987,1.794240571316483e-09
1988,1.7927766856459773e-09
1989,1.7945957847562521e-09
1990,1.7954731252068828e-09
1991,1.7952335210092164e-09
1992,1.7937735935188619e-09
1993,1.7929889986442246e-09
1994,1.7940368702532253e-09
1995,1.793952538415259e-09
1996,1.7940492223653185e-09
1997,1.7947220021455886e-09
1998,1.7945525086659932e-09
1999,1.7931188633493831e-09
2000,1.793462105977498e-09
2001,1.795707611896682e-09
2002,1.7953090093812048e-09
2003,1.7938243820547737e-09
2004,1.7934761578110772e-09
2005,1.7961397105175954e-09
2006,1.7935639840695006e-09
2007,1.7936084767586227e-09
2008,1.7940770890412215e-09
2009,1.7978692303768885e-09
2010,1.7946906547378998e-09
2011,1.7952737833109728e-09
2012,1.794374628690983e-09
2013,1.7951676461858574e-09
2014,1.7951039965177888e-09
2015,1.7953562496646483e-09
2016,1.7957069197835172e-09
2017,1.8003602894652677e-09
2018,1.795738478222847e-09
2019,1.7945676854743617e-09
2020,1.794386243535898e-09
2021,1.793977416385064e-09
2022,1.794856851481701e-09
2023,1.7927866496068553e-09
2024,1.7940767525216984e-09
2025,1.793765898132658e-09
2026,1.793234999213703e-09
2027,1.7942334000979142e-09
2028,1.794229263675633e-09
2029,1.7944249045822123e-09
2030,1.7964416681251187e-09
2031,1.7955270512265089e-09
2032,1.7939259640573304e-09
2033,1.8000835713391597e-09
2034,1.794960225633768e-09
2035,1.7927742547428145e-09
2036,1.7935240992581715e-09
2037,1.7937618599333717e-09
2038,1.7942500200512446e-09
2039,1.7947979060760267e-09
2040,1.7959487231791536e-09
2041,1.7964996332222795e-09
2042,1.7948858251079162e-09
2043,1.795277624697937e-09
2044,1.7945322969393905e-09
2045,1.794284738997585e-09
2046,1.7954618941913007e-09
2047,1.800288754679257e-09
2048,1.7938162682815687e-09
2049,1.7927600841204239e-09
2050,1.7939255149803334e-09
2051,1.793973433408789e-09
2052,1.7964102186454861e-09
2053,1.7989800149673467e-09
2054,1.7945882809741655e-09
2055,1.7952970756248662e-09
2056,1.7950336355960857e-09
2057,1.7956056724217542e-09
2058,1.794809754092199e-09
2059,1.795898208464492e-09
2060,1.7935988334851523e-09
2061,1.7932718466894337e-09
2062,1.7941035475767923e-09
2063,1.794469391605089e-09
2064,1.7942368184751317e-09
2065,1.7947062627447066e-09
2066,1.794797582982346e-09
2067,1.8006001326672976e-09
2068,1.7947331821048264e-09
2069,1.7963641283017008e-09
2070,1.7953848430873517e-09
2071,1.794948574706191e-09
2072,1.7945386193790104e-09
2073,1.79610422914992e-09
2074,1.7941456638688953e-09
2075,1.7959421492031223e-09
2076,1.795704960086173e-09
2077,1.7961977561593123e-09
2078,1.7972133311542619e-09
2079,1.7947517661457648e-09
2080,1.7946348050676353e-09
2081,1.7951565525995184e-09
2082,1.795378555086231e-09
2083,1.8004098291357926e-09
2084,1.7955391660475586e-09
2085,1.7951461930109452e-09
2086,1.7996407905644172e-09
2087,1.7956247418427415e-09
2088,1.795491566165544e-09
2089,1.795049613552895e-09
2090,1.7944911533557113e-09
2091,1.7943230163096696e-09
2092,1.7947262349688942e-09
2093,1.7925510504872699e-09
2094,1.7932316903568644e-09
2095,1.7972061836083153e-09
2096,1.7935467856792277e-09
2097,1.7957602920512783e-09
2098,1.7935603632501797e-09
2099,1.796379449512966e-09
2100,1.7922739426402512e-09
2101,1.7944471837791843e-09
2102,1.7975017397864647e-09
2103,1.7932522388348582e-09
2104,1.791896552901477e-09
2105,1.7988720259194378e-09
2106,1.792924592610824e-09
2107,1.7948106581558051e-09
2108,1.794146766043947e-09
2109,1.795122891829118e-09
2110,1.7924755485863242e-09
2111,1.7930117453119025e-09
2112,1.7934828611737985e-09
2113,1.7963323807422593e-09
2114,1.793281576666385e-09
2115,1.7941853387279405e-09
2116,1.7986444206682335e-09
2117,1.7942548428991369e-09
2118,1.7953570601692685e-09
2119,1.7943613353648295e-09
2120,1.7935167509016807e-09
2121,1.7931445179527786e-09
2122,1.7925512553380287e-09
2123,1.7923613501878345e-09
2124,1.7946436517476724e-09
2125,1.7973675453998697e-09
2126,1.7951119320858847e-09
2127,1.7963622903196388e-09
2128,1.7939315009319553e-09
2129,1.7934983344214692e-09
2130,1.7944604039896378e-09
2131,1.7964310875068097e-09
2132,1.7929825099928887e-09
2133,1.794085299696952e-09
2134,1.7922380916261167e-09
2135,1.7925793231917553e-09
2136,1.7959724359058796e-09
2137,1.7937877798654844e-09
2138,1.7930554585753028e-09
2139,1.7933664171512617e-09
2140,1.7961789764859489e-09
2141,1.7946475755464426e-09
2142,1.7937025382561315e-09
2143,1.7948576277247937e-09
2144,1.7933664785161118e-09
2145,1.796113332196193e-09
2146,1.795011626978386e-09
2147,1.7961295904427283e-09
2148,1.7951124678550812e-09
2149,1.7994731137695708e-09
2150,1.7960235330576712e-09
2151,1.795487549836775e-09
2152,1.7957802764289196e-09
2153,1.795303989090336e-09
2154,1.7938758995778926e-09
2155,1.7937956617595458e-09
2156,1.7975984483898646e-09
2157,1.7927157757336224e-09
2158,1.797909499007992e-09
2159,1.7942240890968613e-09
2160,1.7942813567709927e-09
2161,1.795872432039567e-09
2162,1.79362451551238e-09
2163,1.7951474680087368e-09
2164,1.7947455849429772e-09
2165,1.7939267267346135e-09
2166,1.79361122535701e-09
2167,1.795611710760881e-09
2168,1.7946607933526667e-09
2169,1.7942726889071828e-09
2170,1.7948526334222832e-09
2171,1.795376460541044e-09
2172,1.7936787856315613e-09
2173,1.7944328486367624e-09
2174,1.7953447083478498e-09
2175,1.7933221117758865e-09
2176,1.7930474606413127e-09
2177,1.79254190666512e-09
2178,1.7929634224700332e-09
2179,1.7924181982796977e-09
2180,1.7933820006994359e-09
2181,1.7944077510292324e-09
2182,1.7933768419581957e-09
2183,1.7927844289437888e-09
2184,1.7936583443926182e-09
2185,1.7937819569130956e-09
2186,1.7945777864878851e-09
2187,1.7945930272606048e-09
2188,1.7935516450069304e-09
2189,1.7961396142296157e-09
2190,1.7964117922199436e-09
2191,1.7952199288894313e-09
2192,1.7973849820560597e-09
2193,1.7940621196457132e-09
2194,1.7947890172813652e-09
2195,1.792746636939713e-09
2196,1.7929525436722256e-09
2197,1.792635806473913e-09
2198,1.7922697216273799e-09
2199,1.7921808657452907e-09
2200,1.7962767286417016e-09
2201,1.7925919964643248e-09
2202,1.79324017656193e-09
2203,1.7921888298957955e-09
2204,1.7940693242544472e-09
2205,1.7959173413062992e-09
2206,1.79318379391961e-09
2207,1.7940419614234508e-09
2208,1.7945108979062108e-09
2209,1.793804783750092e-09
2210,1.7938037033265431e-09
2211,1.7935708114111107e-09
2212,1.7935659082371896e-09
2213,1.7934248245159545e-09
2214,1.793833043703974e-09
2215,1.7931891654556638e-09
2216,1.7932113325542241e-09
2217,1.792735749761284e-09
2218,1.7925448169999858e-09
2219,1.7919520896036486e-09
2220,1.791634338708771e-09
2221,1.7925277191114893e-09
2222,1.7945503913152021e-09
2223,1.794544312235116e-09
2224,1.79337604048372e-09
2225,1.7943941988226545e-09
2226,1.7921135118992795e-09
2227,1.792166493948663e-09
2228,1.7936270167188809e-09
2229,1.7941301731324364e-09
2230,1.7939239304700872e-09
2231,1.7935294345673438e-09
2232,1.7963297422596389e-09
2233,1.7931427102081002e-09
2234,1.79329650622239e-09
2235,1.7957201045864602e-09
2236,1.7923010234594642e-09
2237,1.7922865554636292e-09
2238,1.793114978422933e-09
2239,1.7926395819598609e-09
2240,1.7930542100009493e-09
2241,1.792389900508288e-09
2242,1.7927837884762924e-09
2243,1.7927719632719314e-09
2244,1.7927050350828632e-09
2245,1.7935292533335479e-09
2246,1.793209014119581e-09
2247,1.793664891560906e-09
2248,1.7927061298370196e-09
2249,1.7933609118348924e-09
2250,1.792917462841145e-09
2251,1.7952139747347677e-09
2252,1.7974609003737504e-09
2253,1.7956769820978412e-09
2254,1.7961481577127399e-09
2255,1.7957986775460313e-09
2256,1.793979663149726e-09
2257,1.7938538210052805e-09
2258,1.7952519437303705e-09
2259,1.792667167739381e-09
2260,1.7974641004731791e-09
2261,1.7936318314247227e-09
2262,1.79265904032018e-09
2263,1.792191494915967e-09
2264,1.7923823407507051e-09
2265,1.7944513613224312e-09
2266,1.7914454238026034e-09
2267,1.7928387528471778e-09
2268,1.7941182787634882e-09
2269,1.7918778018001724e-09
2270,1.792322480091169e-09
2271,1.7918545349106198e-09
2272,1.7944091319616587e-09
2273,1.7921627821212535e-09
2274,1.7921062307821587e-09
2275,1.7929531212850163e-09
2276,1.7947207570439177e-09
2277,1.7931332054534491e-09
2278,1.7932062980809682e-09
2279,1.793218072327125e-09
2280,1.7945323561272303e-09
2281,1.792888387117416e-09
2282,1.7939883634344627e-09
2283,1.7920325205671735e-09
2284,1.7922213540376955e-09
2285,1.7937963382385476e-09
2286,1.7986498585161645e-09
2287,1.793172347948902e-09
2288,1.7953811611363324e-09
2289,1.7944881698258475e-09
2290,1.7935903853321926e-09
2291,1.7923799132068907e-09
2292,1.7937206931281486e-09
2293,1.7922403046147692e-09
2294,1.792539346023241e-09
2295,1.7926722601373073e-09
2296,1.791688037162288e-09
2297,1.7930986815129616e-09
2298,1.7932952546453352e-09
2299,1.7930288965149698e-09
2300,1.7934386220168155e-09
2301,1.793427643424107e-09
2302,1.7930036586592276e-09
2303,1.7921799266564324e-09
2304,1.792601834345439e-09
2305,1.7924653285084591e-09
2306,1.791744443043001e-09
2307,1.7916500244739658e-09
2308,1.7918197652768857e-09
2309,1.792391981763978e-09
2310,1.7923777840554947e-09
2311,1.7981775694502107e-09
2312,1.7944614635131487e-09
2313,1.7942094052422319e-09
2314,1.7993343815982065e-09
2315,1.7988129610245296e-09
2316,1.7991212043484521e-09
2317,1.7945050328694056e-09
2318,1.792728440116364e-09
2319,1.7943349776163399e-09
2320,1.7945901536204682e-09
2321,1.7947064637499805e-09
2322,1.799584563348014e-09
2323,1.7958046708000998e-09
2324,1.7954290574066815e-09
2325,1.7951125582764096e-09
2326,1.7958046824988215e-09
2327,1.795955066194527e-09
2328,1.7967624940654436e-09
2329,1.799814268817019e-09
2330,1.7925649276059295e-09
2331,1.7951852370698618e-09
2332,1.795552465355454e-09
2333,1.794940728304719e-09
2334,1.7938548509182903e-09
2335,1.7972386991014993e-09
2336,1.7969434924220132e-09
2337,1.7947081841119341e-09
2338,1.7946644740355809e-09
2339,1.7931750292986958e-09
2340,1.7933919466024437e-09
2341,1.8044326046345513e-09
2342,1.7975666443873496e-09
2343,1.7928983056112741e-09
2344,1.7936936736289948e-09
2345,1.7928300230365953e-09
2346,1.7932271353183752e-09
2347,1.7971234107454308e-09
2348,1.7979756368174425e-09
2349,1.7936152702906488e-09
2350,1.7927878470909351e-09
2351,1.7926722391615456e-09
2352,1.7942122936334333e-09
2353,1.7954330817109302e-09
2354,1.7931251594381253e-09
2355,1.7948109992248226e-09
2356,1.7945244675627218e-09
2357,1.7945875685425537e-09
2358,1.7945002489895985e-09
2359,1.7990963398826993e-09
2360,1.7933083536638189e-09
2361,1.7996980470001502e-09
2362,1.7929840760793729e-09
2363,1.797892556290992e-09
2364,1.7942118745896658e-09
2365,1.7953856050219578e-09
2366,1.798280860037197e-09
2367,1.7933248318875897e-09
2368,1.7931093323114453e-09
2369,1.7939858456888042e-09
2370,1.7934702109530123e-09
2371,1.7940800909896712e-09
2372,1.793884010595246e-09
2373,1.7940918648238708e-09
2374,1.7930853886389812e-09
2375,1.793418926731173e-09
2376,1.793123405441283e-09
2377,1.7931992857805102e-09
2378,1.795729009813997e-09
2379,1.7932507381837173e-09
2380,1.7963532934608299e-09
2381,1.7940358845711458e-09
2382,1.7918904322282916e-09
2383,1.7928653953843942e-09
2384,1.7930904674860346e-09
2385,1.7953073648506925e-09
2386,1.7941986619368373e-09
2387,1.7972064885912197e-09
2388,1.7930136686983984e-09
2389,1.79336350984962e-09
2390,1.7949624215836309e-09
2391,1.7942769293985978e-09
2392,1.793460499119078e-09
2393,1.7928838036079731e-09
2394,1.7928677913405406e-09
2395,1.7939341580471181e-09
2396,1.7948526729563056e-09
2397,1.7933162239355784e-09
2398,1.7918097906570717e-09
2399,1.7927305750755684e-09
2400,1.7908389567274106e-09
2401,1.7953492072111047e-09
2402,1.7932342416838356e-09
2403,1.7924196550480126e-09
2404,1.7932455292485518e-09
2405,1.795654690778787e-09
2406,1.7953949427169992e-09
2407,1.7953393956161383e-09
2408,1.7938182743562014e-09
2409,1.7955760377663622e-09
2410,1.7947728817956792e-09
2411,1.794361776547533e-09
2412,1.7955555736830983e-09
2413,1.794756250291003e-09
2414,1.7943363461400207e-09
2415,1.794575452767697e-09
2416,1.793234058251941e-09
2417,1.7925467696024908e-09
2418,1.7933591616072573e-09
2419,1.7935202691947182e-09
2420,1.795804219084397e-09
2421,1.7921306688985736e-09
2422,1.7926730536919043e-09
2423,1.7953238386112613e-09
2424,1.7944841650777486e-09
2425,1.7917841685527788e-09
2426,1.7926506159402926e-09
2427,1.7918190630040006e-09
2428,1.7945537196924296e-09
2429,1.7930581672389275e-09
2430,1.7951611058260518e-09
2431,1.796751508142555e-09
2432,1.793939454433584e-09
2433,1.7925502268566733e-09
2434,1.7924571867249727e-09
2435,1.793525359577386e-09
2436,1.7956030692008868e-09
2437,1.7961052138660564e-09
2438,1.7910869712700051e-09
2439,1.7925266669542433e-09
2440,1.7940559701307059e-09
2441,1.7926453527462909e-09
2442,1.7922729153488038e-09
2443,1.7919361189893367e-09
2444,1.7926095072413415e-09
2445,1.7913933531533814e-09
2446,1.7930680629779484e-09
2447,1.7925693480273595e-09
2448,1.7934969244612317e-09
2449,1.7938407434528978e-09
2450,1.7931710224662925e-09
2451,1.7924465574785776e-09
2452,1.793819938409264e-09
2453,1.7951563036917105e-09
2454,1.7939612552711335e-09
2455,1.7977892548875553e-09
2456,1.7940923485798288e-09
2457,1.792808997450613e-09
2458,1.7932353811291768e-09
2459,1.7927704092020803e-09
2460,1.7923536333997842e-09
2461,1.7926899893090443e-09
2462,1.7926025689297663e-09
2463,1.7982778952304622e-09
2464,1.793296539736488e-09
2465,1.7934948171925353e-09
2466,1.7927241331319372e-09
2467,1.794207426115988e-09
2468,1.7960600501430507e-09
2469,1.7934793077359435e-09
2470,1.7938624094785373e-09
2471,1.795154567636026e-09
2472,1.7944753369430162e-09
2473,1.7938022055016101e-09
2474,1.7936213632542455e-09
2475,1.7944452240391975e-09
2476,1.7937871349840776e-09
2477,1.7941091770983292e-09
2478,1.7946889360005097e-09
2479,1.797192947789939e-09
2480,1.793398895278318e-09
2481,1.791954867984531e-09
2482,1.7927826389849438e-09
2483,1.7951425636094916e-09
2484,1.7962279493055119e-09
2485,1.7964101324023173e-09
2486,1.79485589434829e-09
2487,1.7952891080424554e-09
2488,1.7950202421432813e-09
2489,1.794535978513731e-09
2490,1.8009797827819833e-09
2491,1.7932202663652254e-09
2492,1.79530880275005e-09
2493,1.7969717288738917e-09
2494,1.7971468832814593e-09
2495,1.7979443439423453e-09
2496,1.795334124902442e-09
2497,1.794746194234136e-09
2498,1.7982088550411557e-09
2499,1.798618112313394e-09
2500,1.797083431738895e-09
2501,1.7994671798102198e-09
2502,1.805731242268037e-09
2503,1.7973937902812874e-09
2504,1.7961240570686329e-09
2505,1.7985783915765344e-09
2506,1.7954544759553593e-09
2507,1.7956523560862548e-09
2508,1.795188912272031e-09
2509,1.7941533113540402e-09
2510,1.7940395187632422e-09
2511,1.797312113557476e-09
2512,1.7950305898007627e-09
2513,1.793601390788905e-09
2514,1.7959197921670778e-09
2515,1.7929903922197203e-09
2516,1.7945211394267238e-09
2517,1.7934438778968185e-09
2518,1.7931523646501506e-09
2519,1.7951419689896718e-09
2520,1.7943205390584695e-09
2521,1.7936052627544237e-09
2522,1.7935810234648883e-09
2523,1.7937556884129575e-09
2524,1.7914636370574107e-09
2525,1.7933023786937818e-09
2526,1.7923288706738868e-09
2527,1.7927325428067316e-09
2528,1.7948394838097161e-09
2529,1.7971083250341041e-09
2530,1.7927198500969453e-09
2531,1.793217771820445e-09
2532,1.7932012053333292e-09
2533,1.795124916717339e-09
2534,1.7997845625599153e-09
2535,1.7935039680566427e-09
2536,1.7965282043087437e-09
2537,1.793650573174375e-09
2538,1.7932826668049176e-09
2539,1.7981559318317025e-09
2540,1.7952457762002418e-09
2541,1.7985277670553956e-09
2542,1.7964468016019125e-09
2543,1.7932837468314201e-09
2544,1.7935188098607858e-09
2545,1.8019999339294376e-09
2546,1.8041029508769042e-09
2547,1.799197875158636e-09
2548,1.7985599997022206e-09
2549,1.793980108722878e-09
2550,1.795509429337312e-09
2551,1.7950156597317695e-09
2552,1.8017400362617038e-09
2553,1.8059896061464155e-09
2554,1.7947075992417847e-09
2555,1.7929055035913674e-09
2556,1.7938293098809704e-09
2557,1.7960151990055524e-09
2558,1.800199521606909e-09
2559,1.7974334687892543e-09
2560,1.7953316883557328e-09
2561,1.794341692862415e-09
2562,1.7937389114706812e-09
2563,1.7978945172031716e-09
2564,1.7948492075744652e-09
2565,1.7959361442664221e-09
2566,1.7924633600927912e-09
2567,1.7933801135187812e-09
2568,1.795433410349307e-09
2569,1.7924715790468023e-09
2570,1.7923709195050615e-09
2571,1.7918216729032386e-09
2572,1.7947507247894888e-09
2573,1.7915743975214755e-09
2574,1.7931634852325897e-09
2575,1.791840940122951e-09
2576,1.7932819791621167e-09
2577,1.7937541487130207e-09
2578,1.7935241668258664e-09
2579,1.7956851280778594e-09
2580,1.7949489397839013e-09
2581,1.7922627581720473e-09
2582,1.7922805153012187e-09
2583,1.7936607029277675e-09
2584,1.7917625991282323e-09
2585,1.7914907401826295e-09
2586,1.7913316422509923e-09
2587,1.7948587734776839e-09
2588,1.7941603017487275e-09
2589,1.792277825515985e-09
2590,1.7928316714212041e-09
2591,1.7940080386825408e-09
2592,1.7938718006428993e-09
2593,1.7960983096055525e-09
2594,1.7960789620561412e-09
2595,1.7958301372467643e-09
2596,1.7953496670002303e-09
2597,1.7960370803850653e-09
2598,1.7967471767855932e-09
2599,1.8016749103071466e-09
2600,1.7962951264492535e-09
2601,1.7959216983686378e-09
2602,1.799152117894049e-09
2603,1.7982214298794723e-09
2604,1.7954593314939147e-09
2605,1.795811210673046e-09
2606,1.7931977795436037e-09
2607,1.796835114286885e-09
2608,1.795695118994061e-09
2609,1.8010094538096436e-09
2610,1.7953261422005327e-09
2611,1.7969250514623449e-09
2612,1.79601054352446e-09
2613,1.7955130344126748e-09
2614,1.7986721231549794e-09
2615,1.7971409460783917e-09
2616,1.796403675180315e-09
2617,1.7977343455772937e-09
2618,1.794734061943555e-09
2619,1.7948877645170955e-09
2620,1.7992021615743204e-09
2621,1.795438552190532e-09
2622,1.794645353551879e-09
2623,1.7992789872874771e-09
2624,1.800264995689688e-09
2625,1.7945761894460094e-09
2626,1.7939645335167691e-09
2627,1.7941541540829895e-09
2628,1.7936858028499126e-09
2629,1.8027092908981782e-09
2630,1.7953673901903406e-09
2631,1.7944693073312452e-09
2632,1.7934716040807604e-09
2633,1.798712085085135e-09
2634,1.7996484559160729e-09
2635,1.793676602550836e-09
2636,1.7948113280402574e-09
2637,1.7971242489378637e-09
2638,1.797389941561978e-09
2639,1.7937277393213434e-09
2640,1.7999456877222684e-09
2641,1.795175123565502e-09
2642,1.793865204846856e-09
2643,1.7960478787962054e-09
2644,1.7955132071601427e-09
2645,1.7948087319384697e-09
2646,1.7931647130031799e-09
2647,1.7931259029075232e-09
2648,1.7922596737511439e-09
2649,1.7911751541666296e-09
2650,1.7922607023781695e-09
2651,1.7935675667901357e-09
2652,1.7933999311770068e-09
2653,1.793199727597285e-09
2654,1.7925093528344856e-09
2655,1.7935964153294486e-09
2656,1.797724812111396e-09
2657,1.7926808085261055e-09
2658,1.7934451342642557e-09
2659,1.7915691988772318e-09
2660,1.7945110331774512e-09
2661,1.7955378394647789e-09
2662,1.7936591821176641e-09
2663,1.7951233521817742e-09
2664,1.7930756141251808e-09
2665,1.8011684308896809e-09
2666,1.7979584651444797e-09
2667,1.7953709205502186e-09
2668,1.7944192808878237e-09
2669,1.795540976350759e-09
2670,1.7941967324080596e-09
2671,1.8002662530552409e-09
2672,1.7941745050755333e-09
2673,1.794619747175293e-09
2674,1.7929850449112385e-09
2675,1.7931200115958747e-09
2676,1.7934665099594615e-09
2677,1.7942272450040585e-09
2678,1.7920619222895402e-09
2679,1.7932303901507052e-09
2680,1.7943217281811069e-09
2681,1.794151991025738e-09
2682,1.7943665222890225e-09
2683,1.7947381789152406e-09
2684,1.7957069443667586e-09
2685,1.7950702349320308e-09
2686,1.7943673821451403e-09
2687,1.7939387010932723e-09
2688,1.7934192898669827e-09
2689,1.7976468536652256e-09
2690,1.7918585537803846e-09
2691,1.7928322884262278e-09
2692,1.7934668156580683e-09
2693,1.792921022227173e-09
2694,1.7927559276476445e-09
2695,1.7934354205631218e-09
2696,1.7936344901431396e-09
2697,1.7942458461382544e-09
2698,1.7937682309542327e-09
2699,1.793338488911216e-09
2700,1.79356255630987e-09
2701,1.8006483508240173e-09
2702,1.795513741511434e-09
2703,1.798034794423734e-09
2704,1.7952908783519782e-09
2705,1.7955080585004005e-09
2706,1.7961901582218122e-09
2707,1.800651408362283e-09
2708,1.7949625597128513e-09
2709,1.7949080819520698e-09
2710,1.79523852968352e-09
2711,1.7955544840053615e-09
2712,1.7947582437257473e-09
2713,1.8004548009042406e-09
2714,1.794670653974202e-09
2715,1.7935206734489791e-09
2716,1.7931262381341225e-09
2717,1.7956588624452851e-09
2718,1.7975627810945979e-09
2719,1.797814211875891e-09
2720,1.7963271155178426e-09
2721,1.7931734860479339e-09
2722,1.799658398583463e-09
2723,1.793442059580634e-09
2724,1.7946116804778018e-09
2725,1.7933085250755706e-09
2726,1.800088533471107e-09
2727,1.7938521531171603e-09
2728,1.7948143142375548e-09
2729,1.7948734097210093e-09
2730,1.7926648473259745e-09
2731,1.7964532596652433e-09
2732,1.7971641942214076e-09
2733,1.7938172520218632e-09
2734,1.794107145629978e-09
2735,1.794416691299865e-09
2736,1.794036574624513e-09
2737,1.79945818549706e-09
2738,1.794619400915439e-09
2739,1.7944075503075016e-09
2740,1.802568026491293e-09
2741,1.7950846489135196e-09
2742,1.79678837625017e-09
2743,1.7950989757655048e-09
2744,1.7935491548477482e-09
2745,1.7930580490619534e-09
2746,1.796917902907819e-09
2747,1.7940303839735816e-09
2748,1.7970814124166843e-09
2749,1.7942458281738662e-09
2750,1.7966005723630534e-09
2751,1.7941469467418786e-09
2752,1.7998372194592947e-09
2753,1.7938475828251722e-09
2754,1.7934733517969771e-09
2755,1.7977391023098824e-09
2756,1.796260832469863e-09
2757,1.7929589238592098e-09
2758,1.793727076624329e-09
2759,1.7946446435687462e-09
2760,1.804552133217845e-09
2761,1.7968519858004911e-09
2762,1.7936835295382493e-09
2763,1.7948395269109421e-09
2764,1.7938064187009222e-09
2765,1.7940562552165158e-09
2766,1.79822468183469e-09
2767,1.7937838959038258e-09
2768,1.7926644345271818e-09
2769,1.7926915535058599e-09
2770,1.792885128912959e-09
2771,1.7948366460366114e-09
2772,1.7932410309367419e-09
2773,1.794740642525769e-09
2774,1.7954794433582444e-09
2775,1.7955317028185743e-09
2776,1.794591722296948e-09
2777,1.7953981464634582e-09
2778,1.7971114844690893e-09
2779,1.7929674503782495e-09
2780,1.7935872396255164e-09
2781,1.7952905720925407e-09
2782,1.7959000076130264e-09
2783,1.795013168262119e-09
2784,1.795341706365546e-09
2785,1.7975107590630505e-09
2786,1.799080528049398e-09
2787,1.79550113080918e-09
2788,1.7959473623804833e-09
2789,1.794767863044308e-09
2790,1.7932765810777286e-09
2791,1.7940151830873038e-09
2792,1.7955535695675786e-09
2793,1.7945233894206166e-09
2794,1.8012718168414187e-09
2795,1.792484810027034e-09
2796,1.7925255469828157e-09
2797,1.794507513167987e-09
2798,1.799661751766386e-09
2799,1.7927498650544303e-09
2800,1.7929274798033428e-09
2801,1.792565360803189e-09
2802,1.798920943298961e-09
2803,1.7971976118141937e-09
2804,1.794393801398928e-09
2805,1.7932098654218563e-09
2806,1.7974149290431275e-09
2807,1.7969017516059387e-09
2808,1.7941952988849165e-09
2809,1.793009545454227e-09
2810,1.7934849397037858e-09
2811,1.7957818038841485e-09
2812,1.7930762294100814e-09
2813,1.7979908321548645e-09
2814,1.7946448708695336e-09
2815,1.7947143489523899e-09
2816,1.8002173823491972e-09
2817,1.7976587624460858e-09
2818,1.7949293604187686e-09
2819,1.7946986543330843e-09
2820,1.7949232403343948e-09
2821,1.7951682696909054e-09
2822,1.8004676841022636e-09
2823,1.7938342418866723e-09
2824,1.7949337149057265e-09
2825,1.7931634739645917e-09
2826,1.7936619413699328e-09
2827,1.79450925934786e-09
2828,1.7976242264438782e-09
2829,1.7948042900594378e-09
2830,1.7968309392877736e-09
2831,1.7952203374433375e-09
2832,1.7945132530076122e-09
2833,1.7936690739073076e-09
2834,1.7974502445569916e-09
2835,1.794648546210386e-09
2836,1.796623064913011e-09
2837,1.7966213712438551e-09
2838,1.7968920258881248e-09
2839,1.7957591467412921e-09
2840,1.7945832732910997e-09
2841,1.7956285357810286e-09
2842,1.7959690661651075e-09
2843,1.795948343755395e-09
2844,1.7953771357546878e-09
2845,1.7954100190245611e-09
2846,1.7939787050907543e-09
2847,1.7960684075535124e-09
2848,1.7981387780497748e-09
2849,1.794023107634091e-09
2850,1.7931638179533338e-09
2851,1.792705265870591e-09
2852,1.7960814109447124e-09
2853,1.7922617427150221e-09
2854,1.7922403091212033e-09
2855,1.7971686447572283e-09
2856,1.7940529730528542e-09
2857,1.7935939427484976e-09
2858,1.7942497981114664e-09
2859,1.796117244749454e-09
2860,1.79447430244418e-09
2861,1.7945157220011404e-09
2862,1.7933749659556822e-09
2863,1.7913723551876497e-09
2864,1.7928396004770304e-09
2865,1.7923492894327543e-09
2866,1.792557434254068e-09
2867,1.7933713997187603e-09
2868,1.7947886279482369e-09
2869,1.79550794764965e-09
2870,1.7948521470500429e-09
2871,1.7948106770935014e-09
2872,1.7947662562194081e-09
2873,1.7962110107031754e-09
2874,1.7931789984327205e-09
2875,1.7983477804239414e-09
2876,1.7942245980296414e-09
2877,1.7937261343856273e-09
2878,1.7942626538976486e-09
2879,1.7960565446554527e-09
2880,1.8003984670530457e-09
2881,1.7938495386978812e-09
2882,1.795801310763503e-09
2883,1.797994164330866e-09
2884,1.793218013384429e-09
2885,1.796192545365591e-09
2886,1.7963253566425741e-09
2887,1.7935976207034996e-09
2888,1.793676855266994e-09
2889,1.7973663464247794e-09
2890,1.7960661112487371e-09
2891,1.7960591057813767e-09
2892,1.7939324837358284e-09
2893,1.794382891719009e-09
2894,1.7939051822102395e-09
2895,1.7956697125922796e-09
2896,1.7943970452893239e-09
2897,1.7949694449519641e-09
2898,1.7943606847273526e-09
2899,1.7944176066383996e-09
2900,1.7933108108162198e-09
2901,1.7936034944924526e-09
2902,1.7935643057647518e-09
2903,1.799469982603353e-09
2904,1.7954317759715878e-09
2905,1.7965468898808514e-09
2906,1.7942999949075816e-09
2907,1.7973599353663572e-09
2908,1.7938286473915089e-09
2909,1.7934413671572365e-09
2910,1.7932506631789318e-09
2911,1.7933154013616424e-09
2912,1.7949524767338304e-09
2913,1.7945755018578996e-09
2914,1.795614082419763e-09
2915,1.795766992951169e-09
2916,1.7943962219788528e-09
2917,1.7966669823762237e-09
2918,1.7940039584193605e-09
2919,1.7986404405236564e-09
2920,1.795082810800482e-09
2921,1.795195706409297e-09
2922,1.7962812741696018e-09
2923,1.795018027524075e-09
2924,1.7941113193509414e-09
2925,1.7946056308887911e-09
2926,1.7945213504882675e-09
2927,1.794148843597674e-09
2928,1.793429900252278e-09
2929,1.7947197699437689e-09
2930,1.7951965712354383e-09
2931,1.7942555357893988e-09
2932,1.7964287458086899e-09
2933,1.7936255533502893e-09
2934,1.7956831001881643e-09
2935,1.7970942684932928e-09
2936,1.7928878981218332e-09
2937,1.7926948558771307e-09
2938,1.7929900360704148e-09
2939,1.7949779619728776e-09
2940,1.7929191102964243e-09
2941,1.7967437056770064e-09
2942,1.7930076790952758e-09
2943,1.7929315645572487e-09
2944,1.794824237194833e-09
2945,1.7917493290110494e-09
2946,1.793201373288397e-09
2947,1.793923916042264e-09
2948,1.7920210785453688e-09
2949,1.7942909502243782e-09
2950,1.7928814072602202e-09
2951,1.7927725060142956e-09
2952,1.7928010387952418e-09
2953,1.7943260355141818e-09
2954,1.794480762316082e-09
2955,1.7928765093098874e-09
2956,1.7936192116894958e-09
2957,1.7971566763483156e-09
2958,1.7933192547226425e-09
2959,1.7934344619803222e-09
2960,1.7955301339339284e-09
2961,1.793600925644701e-09
2962,1.7926772375916742e-09
2963,1.7934594591082805e-09
2964,1.7975521274826897e-09
2965,1.793361922198084e-09
2966,1.795143090229732e-09
2967,1.7945475406264458e-09
2968,1.7936429936938212e-09
2969,1.792424934842967e-09
2970,1.7928281738072895e-09
2971,1.7937964839993512e-09
2972,1.7932610107703374e-09
2973,1.7953471337101944e-09
2974,1.796321794545744e-09
2975,1.7986026334383746e-09
2976,1.7937160765437412e-09
2977,1.7960950825596496e-09
2978,1.7941991127512059e-09
2979,1.794828210933624e-09
2980,1.7925738095139184e-09
2981,1.7981671394115074e-09
2982,1.7948952700068762e-09
2983,1.792904533117928e-09
2984,1.7917885051727506e-09
2985,1.7950057557774586e-09
2986,1.7930602798232375e-09
2987,1.794300232347904e-09
2988,1.7958406229676959e-09
2989,1.7940047290683113e-09
2990,1.7928327279109176e-09
2991,1.7943650171426676e-09
2992,1.7986957024126396e-09
2993,1.794851361736776e-09
2994,1.7964280926805627e-09
2995,1.7939901875244808e-09
2996,1.7935076702127923e-09
2997,1.7929040086793424e-09
2998,1.792367823513526e-09
2999,1.7975763640424852e-09
3000,1.798200707719564e-09
3001,1.7941194618195255e-09
3002,1.7936516523112167e-09
3003,1.8000107877890516e-09
3004,1.7964241125281607e-09
3005,1.7942104210824988e-09
3006,1.796451154527745e-09
3007,1.7966191479027994e-09
3008,1.794273980602739e-09
3009,1.7938227439175325e-09
3010,1.7967363216682757e-09
3011,1.7943040512365822e-09
3012,1.7924226852673212e-09
3013,1.7930006264773168e-09
3014,1.792339426481408e-09
3015,1.7920359140020137e-09
3016,1.7913659745475268e-09
3017,1.792831078541739e-09
3018,1.7982926879154014e-09
3019,1.7935540825226536e-09
3020,1.7935636179321582e-09
3021,1.7968991794895275e-09
3022,1.7925121386090814e-09
3023,1.7927801838174508e-09
3024,1.7928740664564139e-09
3025,1.7995284993467898e-09
3026,1.7936068056798092e-09
3027,1.7945201763467673e-09
3028,1.7942768499082636e-09
3029,1.7940898136975465e-09
3030,1.8028246408196392e-09
3031,1.7939360933421088e-09
3032,1.7943396740415677e-09
3033,1.7954583891109636e-09
3034,1.796406823949753e-09
3035,1.7937757189936532e-09
3036,1.7986672422924654e-09
3037,1.7943756912721752e-09
3038,1.8004620473390636e-09
3039,1.7939037139895274e-09
3040,1.793147594959185e-09
3041,1.793012468115675e-09
3042,1.7966659774486667e-09
3043,1.7936786604296442e-09
3044,1.792446127098496e-09
3045,1.7950470818131666e-09
3046,1.794064539711328e-09
3047,1.7922369724711268e-09
3048,1.792677560918623e-09
3049,1.7949032403090442e-09
3050,1.7928081350943885e-09
3051,1.7916119648449152e-09
3052,1.7929277596083201e-09
3053,1.7934711796368256e-09
3054,1.7920114394735619e-09
3055,1.7948123746877371e-09
3056,1.79563003351989e-09
3057,1.793518665203337e-09
3058,1.793434345814344e-09
3059,1.7960976105365535e-09
3060,1.793590930580088e-09
3061,1.7987488341661495e-09
3062,1.795441039048833e-09
3063,1.794108577335884e-09
3064,1.7965607216244878e-09
3065,1.7963256708485116e-09
3066,1.794628726044708e-09
3067,1.7954758721773973e-09
3068,1.7941500417705793e-09
3069,1.7952124615909078e-09
3070,1.796524287706925e-09
3071,1.7950809733908813e-09
3072,1.7966209948271533e-09
3073,1.7943796084261887e-09
3074,1.7942041651981072e-09
3075,1.7959093850559686e-09
3076,1.7969764155203063e-09
3077,1.7952823904583874e-09
3078,1.795945239729794e-09
3079,1.7937104285026762e-09
3080,1.7945042615939875e-09
3081,1.801253269074819e-09
3082,1.7942128945611351e-09
3083,1.794033863260093e-09
3084,1.7968103771520134e-09
3085,1.7938543358985348e-09
3086,1.792222169346137e-09
3087,1.7926715302707695e-09
3088,1.7929683565771963e-09
3089,1.7947402294466107e-09
3090,1.79440956515405e-09
3091,1.7976079942080803e-09
3092,1.7952117974424694e-09
3093,1.796432146451016e-09
3094,1.7963987136733676e-09
3095,1.7982426848074026e-09
3096,1.7953661280652685e-09
3097,1.7957025820498148e-09
3098,1.797019195957233e-09
3099,1.7960158935514293e-09
3100,1.793847608777298e-09
3101,1.7940297442374775e-09
3102,1.7974374921036073e-09
3103,1.792828220855251e-09
3104,1.7932881044147905e-09
3105,1.7931347519583386e-09
3106,1.7923935820637315e-09
3107,1.7931001482447966e-09
3108,1.791209906073337e-09
3109,1.7937647755775676e-09
3110,1.79344267097224e-09
3111,1.7925756249026256e-09
3112,1.7916012097072472e-09
3113,1.791765619850748e-09
3114,1.8052851770368065e-09
3115,1.7928347833616607e-09
3116,1.7923764494651412e-09
3117,1.7938218141008342e-09
3118,1.792407503611075e-09
3119,1.7926766741854734e-09
3120,1.7935845241475283e-09
3121,1.7939913664422406e-09
3122,1.7943833530718657e-09
3123,1.7934953113517054e-09
3124,1.798505928456317e-09
3125,1.7965332133729516e-09
3126,1.793327558109693e-09
3127,1.79329579883341e-09
3128,1.794173979586626e-09
3129,1.794184458948151e-09
3130,1.7932328125597215e-09
3131,1.7948323326844306e-09
3132,1.796738105369843e-09
3133,1.7952248518032658e-09
3134,1.795098080501445e-09
3135,1.7933313725011123e-09
3136,1.7936024938170938e-09
3137,1.794588916875882e-09
3138,1.795158311063744e-09
3139,1.7945899439372977e-09
3140,1.7934903478398283e-09
3141,1.7939310646804303e-09
3142,1.7939337056077311e-09
3143,1.793664495711015e-09
3144,1.796047567620378e-09
3145,1.7948975841180282e-09
3146,1.7947664448379011e-09
3147,1.7953751249609812e-09
3148,1.7978141169426745e-09
3149,1.795618107585387e-09
3150,1.7993158869133154e-09
3151,1.801478386617624e-09
3152,1.7957403044315198e-09
3153,1.800524290920671e-09
3154,1.7945546446029139e-09
3155,1.7943237608584022e-09
3156,1.7974834067158088e-09
3157,1.7952370340810222e-09
3158,1.794624881434766e-09
3159,1.7940593582909739e-09
3160,1.7963544175671391e-09
3161,1.7950123024672055e-09
3162,1.797493224504505e-09
3163,1.7976489772589252e-09
3164,1.7971378485824674e-09
3165,1.794258665869947e-09
3166,1.7946676459192354e-09
3167,1.7946373411007955e-09
3168,1.7937396373914577e-09
3169,1.7965233873455496e-09
3170,1.7953649828346691e-09
3171,1.793055981852528e-09
3172,1.794823816973427e-09
3173,1.7939528646179346e-09
3174,1.7955324768605305e-09
3175,1.799359442879081e-09
3176,1.7941949934640743e-09
3177,1.795360835716668e-09
3178,1.7931073605680376e-09
3179,1.7938583996491662e-09
3180,1.7956080699748101e-09
3181,1.7926182087971552e-09
3182,1.7925877487069707e-09
3183,1.7924407383890406e-09
3184,1.7928903634770537e-09
3185,1.7925947855723575e-09
3186,1.7941769891915384e-09
3187,1.7989704270422483e-09
3188,1.794968019499949e-09
3189,1.7942593542150708e-09
3190,1.794141767251605e-09
3191,1.797102040219442e-09
3192,1.7946137809973626e-09
3193,1.7944975699169532e-09
3194,1.7953384547158413e-09
3195,1.7958034147675787e-09
3196,1.7940868304872082e-09
3197,1.7956069323433484e-09
3198,1.7943740458659371e-09
3199,1.796426608071819e-09
3200,1.794618204994826e-09
3201,1.7946365309366222e-09
3202,1.7945313206188228e-09
3203,1.7949168739286937e-09
3204,1.7937445957214106e-09
3205,1.7945464739845019e-09
3206,1.7947465019206753e-09
3207,1.7955497183287559e-09
3208,1.7938538713964945e-09
3209,1.801377003718136e-09
3210,1.7941694816049227e-09
3211,1.7960494741578998e-09
3212,1.7970406695097072e-09
3213,1.7958453628127482e-09
3214,1.7933884794878867e-09
3215,1.7920234410963166e-09
3216,1.7988054998160064e-09
3217,1.8019621780112786e-09
3218,1.793287085211885e-09
3219,1.7929838743610391e-09
3220,1.7938845556463295e-09
3221,1.7930170153907638e-09
3222,1.798513589073342e-09
3223,1.7969020910733046e-09
3224,1.793668278717705e-09
3225,1.795616504880561e-09
3226,1.7998723551749948e-09
3227,1.7934386868969872e-09
3228,1.7942738280000336e-09
3229,1.8094468586446861e-09
3230,1.8040493069528116e-09
3231,1.7950340263808577e-09
3232,1.7972431269156807e-09
3233,1.7995362818350023e-09
3234,1.7986412854633656e-09
3235,1.7935979844263297e-09
3236,1.7964521050759622e-09
3237,1.7970988770374984e-09
3238,1.7938805802433397e-09
3239,1.7954912280750674e-09
3240,1.792698730256411e-09
3241,1.8065687178975755e-09
3242,1.8011090802880584e-09
3243,1.7932379501704828e-09
3244,1.7967949414339617e-09
3245,1.8028035786041077e-09
3246,1.7979902251548556e-09
3247,1.7950499483258579e-09
3248,1.7939452587211965e-09
3249,1.7934175548409143e-09
3250,1.793819732867988e-09
3251,1.8040216782196835e-09
3252,1.797398512512653e-09
3253,1.7952814787506754e-09
3254,1.7945127393309662e-09
3255,1.8019940473790821e-09
3256,1.7938234112044591e-09
3257,1.797639555429894e-09
3258,1.796652403643653e-09
3259,1.7962375452579645e-09
3260,1.7939260665388134e-09
3261,1.7975501229127105e-09
3262,1.7944575626962946e-09
3263,1.8031414174604481e-09
3264,1.796118239207696e-09
3265,1.7975153235798709e-09
3266,1.795394703462594e-09
3267,1.7971564705087988e-09
3268,1.7990574364832732e-09
3269,1.7949114332552886e-09
3270,1.7947455350762928e-09
3271,1.79166101420787e-09
3272,1.7929402752108776e-09
3273,1.7963380397343257e-09
3274,1.7944254916403595e-09
3275,1.7936755295157562e-09
3276,1.7956147363189193e-09
3277,1.7933058302741584e-09
3278,1.7932029147027444e-09
3279,1.7951375689501362e-09
3280,1.797080780036496e-09
3281,1.7972933393981724e-09
3282,1.7956468560257625e-09
3283,1.7968773337571125e-09
3284,1.7948328925534333e-09
3285,1.7994577642803611e-09
3286,1.8008001672896815e-09
3287,1.7958146308091844e-09
3288,1.7962342519601703e-09
3289,1.7943500486951792e-09
3290,1.7935151275275154e-09
3291,1.7934193102560689e-09
3292,1.7946873687778264e-09
3293,1.7950909464769757e-09
3294,1.7926422908026156e-09
3295,1.7958789691559885e-09
3296,1.7915070591431409e-09
3297,1.7922755050372402e-09
3298,1.7932057931585217e-09
3299,1.7941736186865942e-09
3300,1.7920577506731443e-09
3301,1.7926754111695104e-09
3302,1.7979430766763455e-09
3303,1.803821803849588e-09
3304,1.792715826718356e-09
3305,1.791989024957459e-09
3306,1.792789016266442e-09
3307,1.7927430065196296e-09
3308,1.7964375721576464e-09
3309,1.794980292256386e-09
3310,1.792875032664865e-09
3311,1.7927156642994854e-09
3312,1.7944001205798584e-09
3313,1.7936828285324153e-09
3314,1.7938139610994418e-09
3315,1.7930399467740147e-09
3316,1.7934009697798182e-09
3317,1.7933327878372745e-09
3318,1.7920441342211539e-09
3319,1.7928378983217433e-09
3320,1.7943970900486355e-09
3321,1.7932984788424549e-09
3322,1.7975654903268933e-09
3323,1.7996513436401392e-09
3324,1.7938437928820015e-09
3325,1.7959568701276842e-09
3326,1.7971002168493767e-09
3327,1.7932576059809864e-09
3328,1.7967745947490536e-09
3329,1.7965626737921605e-09
3330,1.7930311759731477e-09
3331,1.7965006539484875e-09
3332,1.7944892294540696e-09
3333,1.7948262443147508e-09
3334,1.7941952086417463e-09
3335,1.794380257325271e-09
3336,1.7938713521044847e-09
3337,1.7943572622445213e-09
3338,1.7947875020146815e-09
3339,1.803889667771045e-09
3340,1.807231686742056e-09
3341,1.7940324326966304e-09
3342,1.7951965067937192e-09
3343,1.7957483206066742e-09
3344,1.7957569057861e-09
3345,1.8054406145278268e-09
3346,1.796812008968746e-09
3347,1.7946222052863982e-09
3348,1.794771211228888e-09
3349,1.7942819727045828e-09
3350,1.799147601467641e-09
3351,1.8012228862375032e-09
3352,1.793265092460404e-09
3353,1.792941804099246e-09
3354,1.7918830319072656e-09
3355,1.800829861738145e-09
3356,1.793086446765266e-09
3357,1.7926044379697285e-09
3358,1.7924810866631372e-09
3359,1.7938601050486424e-09
3360,1.7912450450136916e-09
3361,1.792966068210878e-09
3362,1.792747845308961e-09
3363,1.7933997410684943e-09
3364,1.798120350682052e-09
3365,1.7926943521700666e-09
3366,1.792816252723229e-09
3367,1.79525000909254e-09
3368,1.792757732188667e-09
3369,1.7924842938493845e-09
3370,1.7948308973321694e-09
3371,1.793452948373888e-09
3372,1.7911270536863563e-09
3373,1.7926166956593738e-09
3374,1.7917910830924827e-09
3375,1.7920628475755886e-09
3376,1.7969989174392536e-09
3377,1.7956784037230012e-09
3378,1.7936536908338655e-09
3379,1.7960145589226474e-09
3380,1.7936522622069008e-09
3381,1.7946575734582957e-09
3382,1.7946619672885753e-09
3383,1.7941877950937743e-09
3384,1.7951767857746847e-09
3385,1.7930649154421362e-09
3386,1.7952566422937292e-09
3387,1.794497176229511e-09
3388,1.7970161468151438e-09
3389,1.7950980847347017e-09
3390,1.7951099974751576e-09
3391,1.7945616837101647e-09
3392,1.7941812153840401e-09
3393,1.794784934888637e-09
3394,1.7957997635451082e-09
3395,1.79293392695146e-09
3396,1.7939146154044217e-09
3397,1.7938422309734827e-09
3398,1.793654920830846e-09
3399,1.7932080859219806e-09
3400,1.7972142287770936e-09
3401,1.79535703904805e-09
3402,1.7934078706719223e-09
3403,1.794102130951019e-09
3404,1.7951526122705692e-09
3405,1.7997868692703818e-09
3406,1.7952814956957767e-09
3407,1.7948467895467952e-09
3408,1.7951239568008752e-09
3409,1.7953364429600222e-09
3410,1.7949872540013253e-09
3411,1.796227493907841e-09
3412,1.803993130784333e-09
3413,1.7952714897224281e-09
3414,1.7946356210190748e-09
3415,1.7936085414143915e-09
3416,1.793824252391932e-09
3417,1.8043067573920172e-09
3418,1.8016049029356164e-09
3419,1.7957519443048012e-09
3420,1.7967451510356598e-09
3421,1.7939854158552788e-09
3422,1.8032465980476876e-09
3423,1.793625180439767e-09
3424,1.7954845709606195e-09
3425,1.792280672581222e-09
3426,1.793269903185733e-09
3427,1.7930602963351561e-09
3428,1.7942414539865503e-09
3429,1.7936763430781661e-09
3430,1.7951212535129175e-09
3431,1.794666120326205e-09
3432,1.7932803415632035e-09
3433,1.7940150306581605e-09
3434,1.798975727918637e-09
3435,1.7986264061960112e-09
3436,1.8011403250282459e-09
3437,1.7939113620429412e-09
3438,1.793925825157868e-09
3439,1.7921481609368775e-09
3440,1.7969679566041002e-09
3441,1.7966454920643555e-09
3442,1.7974067930605609e-09
3443,1.804765227956476e-09
3444,1.7934240347309391e-09
3445,1.7927695275345898e-09
3446,1.7941052681107717e-09
3447,1.7948243491246162e-09
3448,1.7964749254837396e-09
3449,1.7960277323406555e-09
3450,1.7934842866594083e-09
3451,1.7940140174491733e-09
3452,1.7951566618248924e-09
3453,1.7991677187946656e-09
3454,1.7943052346043164e-09
3455,1.795092649463602e-09
3456,1.7932908536233724e-09
3457,1.7948109625399795e-09
3458,1.7947070741290125e-09
3459,1.7971688646414564e-09
3460,1.7979777740709338e-09
3461,1.7984519369685988e-09
3462,1.7942609922377765e-09
3463,1.7945666643944003e-09
3464,1.7934318366276543e-09
3465,1.794116362422588e-09
3466,1.7981912760815895e-09
3467,1.797577866876866e-09
3468,1.795545717131299e-09
3469,1.7953100431082582e-09
3470,1.7933152282283553e-09
3471,1.803442935177618e-09
3472,1.7974581913442453e-09
3473,1.7956427338132846e-09
3474,1.796971981817614e-09
3475,1.796782595733803e-09
3476,1.7987281605178332e-09
3477,1.797785156198547e-09
3478,1.7951607322482006e-09
3479,1.7945551167048127e-09
3480,1.7943559398695496e-09
3481,1.7964403161275337e-09
3482,1.795509476780558e-09
3483,1.7922897223622434e-09
3484,1.7935628896296067e-09
3485,1.793704447332342e-09
3486,1.7933739940739185e-09
3487,1.7931066146855115e-09
3488,1.7947096778080776e-09
3489,1.7986938983930022e-09
3490,1.7970264613109745e-09
3491,1.794751695497558e-09
3492,1.7948192447508363e-09
3493,1.7942889998092192e-09
3494,1.7956400726709099e-09
3495,1.7941814635923377e-09
3496,1.7943754691635753e-09
3497,1.7928931999765461e-09
3498,1.7947625192608638e-09
3499,1.79553471075001e-09
3500,1.792721529782647e-09
3501,1.7918674661196828e-09
3502,1.7935886058972642e-09
3503,1.7926671172832384e-09
3504,1.795394605590213e-09
3505,1.797479126357698e-09
3506,1.7939304601745579e-09
3507,1.7944877509437643e-09
3508,1.797813298805179e-09
3509,1.7938128968837376e-09
3510,1.7946618426872486e-09
3511,1.7959529954494101e-09
3512,1.7931469000158602e-09
3513,1.7953126331453193e-09
3514,1.7937109592270797e-09
3515,1.7949286111525192e-09
3516,1.7942114401147212e-09
3517,1.7955211733598876e-09
3518,1.7934663710615118e-09
3519,1.8045514058300481e-09
3520,1.7944548721761413e-09
3521,1.7953369290696515e-09
3522,1.8003236250053216e-09
3523,1.7951507288078575e-09
3524,1.7944357685745956e-09
3525,1.7940206210853669e-09
3526,1.8047967038964055e-09
3527,1.7943108313478337e-09
3528,1.797136950017105e-09
3529,1.793981123788151e-09
3530,1.8020962740441042e-09
3531,1.7981932108539232e-09
3532,1.795981747651487e-09
3533,1.794421682597363e-09
3534,1.7979723771031798e-09
3535,1.8037932613677957e-09
3536,1.7971163733594636e-09
3537,1.795742852195012e-09
3538,1.7961666733368036e-09
3539,1.797278442368324e-09
3540,1.7953233416519233e-09
3541,1.7987738914726188e-09
3542,1.7979676175598706e-09
3543,1.7941067671668446e-09
3544,1.8053094580269731e-09
3545,1.8038134801479266e-09
3546,1.792979855697066e-09
3547,1.793624005500243e-09
3548,1.7975748169515214e-09
3549,1.8013865195508692e-09
3550,1.7968153294874453e-09
3551,1.7960502749507527e-09
3552,1.794391402005998e-09
3553,1.7939228303238426e-09
3554,1.7990881318139967e-09
3555,1.798719858353883e-09
3556,1.8017025173948372e-09
3557,1.794081384602069e-09
3558,1.7964953355819503e-09
3559,1.7943884479410724e-09
3560,1.7949686447957055e-09
3561,1.8000167727386288e-09
3562,1.7976072709507926e-09
3563,1.7987099935532021e-09
3564,1.795561844695443e-09
3565,1.802463762976729e-09
3566,1.7960328126880646e-09
3567,1.796327834686665e-09
3568,1.7953484102238342e-09
3569,1.7947013534630148e-09
3570,1.79718445661462e-09
3571,1.7938185697606964e-09
3572,1.8020003788354447e-09
3573,1.8003603600915014e-09
3574,1.7958009277867403e-09
3575,1.8010425203706814e-09
3576,1.7969729563282261e-09
3577,1.8008613617397968e-09
3578,1.7971940322068474e-09
3579,1.795534641020565e-09
3580,1.7951366722095462e-09
3581,1.8080760558384498e-09
3582,1.7971623389820055e-09
3583,1.7931493458466562e-09
3584,1.7966841298048735e-09
3585,1.7952762460941411e-09
3586,1.7931112009110325e-09
3587,1.7971762271759967e-09
3588,1.7976776882100748e-09
3589,1.794245074712871e-09
3590,1.7929958833820693e-09
3591,1.7924438640346304e-09
3592,1.7928108845593878e-09
3593,1.799623567741467e-09
3594,1.7915517965048673e-09
3595,1.7937021653012157e-09
3596,1.7931611063894979e-09
3597,1.792955452404457e-09
3598,1.7979101823165617e-09
3599,1.7945603991297485e-09
3600,1.794416632330903e-09
3601,1.7926861565791811e-09
3602,1.7950268998489469e-09
3603,1.7956426453745243e-09
3604,1.7959479632396448e-09
3605,1.79500820012666e-09
3606,1.7939398668460587e-09
3607,1.7955153964410089e-09
3608,1.799465933124406e-09
3609,1.7964032478511288e-09
3610,1.797747754704371e-09
3611,1.7970948926026735e-09
3612,1.7959310386241845e-09
3613,1.7967847935771756e-09
3614,1.7955813538288974e-09
3615,1.7950501075962837e-09
3616,1.7959864959955012e-09
3617,1.7954412968765883e-09
3618,1.7941625115753698e-09
3619,1.7944076673009098e-09
3620,1.7944027535770352e-09
3621,1.7984268322694088e-09
3622,1.793719567328717e-09
3623,1.7936004865201362e-09
3624,1.7935753651991293e-09
3625,1.7952631773184475e-09
3626,1.7945531651522696e-09
3627,1.799769503291668e-09
3628,1.7966761632128647e-09
3629,1.7938075656275648e-09
3630,1.7938317052810063e-09
3631,1.7935257870938136e-09
3632,1.798580109377285e-09
3633,1.797019595497457e-09
3634,1.7944248673316608e-09
3635,1.7988071299068238e-09
3636,1.7940969475058196e-09
3637,1.794862365844037e-09
3638,1.7970413774535811e-09
3639,1.8078853700813134e-09
3640,1.796008463116297e-09
3641,1.7944676485897458e-09
3642,1.7949298045638181e-09
3643,1.7934113283958617e-09
3644,1.805663281456511e-09
3645,1.7945355937883769e-09
3646,1.7954504313423037e-09
3647,1.794426294068937e-09
3648,1.794250501281639e-09
3649,1.7962918668278104e-09
3650,1.7932086291064288e-09
3651,1.7932844338425845e-09
3652,1.8042598502156794e-09
3653,1.7981228743358166e-09
3654,1.8002480302329677e-09
3655,1.7939656147113681e-09
3656,1.8145411032090897e-09
3657,1.7947702648544845e-09
3658,1.7952707817462665e-09
3659,1.794013767500832e-09
3660,1.7956763349137084e-09
3661,1.8028392860611608e-09
3662,1.7985512457461848e-09
3663,1.8006057652669836e-09
3664,1.7957388480129137e-09
3665,1.794353410846588e-09
3666,1.7989739568284017e-09
3667,1.8000183780728048e-09
3668,1.8024273889576477e-09
3669,1.7949939541615232e-09
3670,1.7931046181607032e-09
3671,1.7919476944175306e-09
3672,1.8112496004587771e-09
3673,1.7955454246475862e-09
3674,1.7938337652658001e-09
3675,1.792673127357632e-09
3676,1.793347121241039e-09
3677,1.793989392470669e-09
3678,1.7939077562711643e-09
3679,1.79539551292751e-09
3680,1.7929162241079764e-09
3681,1.7948991135681708e-09
3682,1.7939306945322274e-09
3683,1.7936734144628137e-09
3684,1.7929822330961324e-09
3685,1.792598243628453e-09
3686,1.7946697832834993e-09
3687,1.7925017716963814e-09
3688,1.7927614882391485e-09
3689,1.7932881093469128e-09
3690,1.7924471446563147e-09
3691,1.7929996222278086e-09
3692,1.7908945564130064e-09
3693,1.7916330780313614e-09
3694,1.7985884543084434e-09
3695,1.7920095980859107e-09
3696,1.7929269575708497e-09
3697,1.7930839050343573e-09
3698,1.7951702299329631e-09
3699,1.7954618337583776e-09
3700,1.794399342686932e-09
3701,1.795045892900925e-09
3702,1.793591864933259e-09
3703,1.7977176130838701e-09
3704,1.7931690779281073e-09
3705,1.7934990072714875e-09
3706,1.7930707215484163e-09
3707,1.7954797145542633e-09
3708,1.7927575869065976e-09
3709,1.793364667791133e-09
3710,1.7932973086920558e-09
3711,1.7964974604011506e-09
3712,1.7920985008717348e-09
3713,1.7943931526805028e-09
3714,1.793804708570511e-09
3715,1.797300095079432e-09
3716,1.7968229294294278e-09
3717,1.7944449443913668e-09
3718,1.7947261079361349e-09
3719,1.7963673076758984e-09
3720,1.8045640657897456e-09
3721,1.7955064880043602e-09
3722,1.79401386400136e-09
3723,1.793815192139599e-09
3724,1.7995394957327897e-09
3725,1.796444089775912e-09
3726,1.7964950106909198e-09
3727,1.797542150785144e-09
3728,1.7933775187843203e-09
3729,1.7933198170364511e-09
3730,1.7949371564949942e-09
3731,1.7944475437855478e-09
3732,1.7932523181574463e-09
3733,1.7953326985406773e-09
3734,1.7929104529587691e-09
3735,1.7941899493825076e-09
3736,1.7951833411847664e-09
3737,1.7937340593357041e-09
3738,1.7945290606885544e-09
3739,1.7944137546572315e-09
3740,1.7942350264141613e-09
3741,1.7953209311762587e-09
3742,1.7934269943926456e-09
3743,1.7968885798210081e-09
3744,1.7945273215802749e-09
3745,1.797279139884198e-09
3746,1.7977533424561533e-09
3747,1.7931706391159278e-09
3748,1.7935365533317393e-09
3749,1.79423142414656e-09
3750,1.7934709359000976e-09
3751,1.793320252850862e-09
3752,1.7922909189200865e-09
3753,1.792704464549571e-09
3754,1.7934127952673012e-09
3755,1.7933114085782206e-09
3756,1.7920423044718964e-09
3757,1.79109632260304e-09
3758,1.7926202750065433e-09
3759,1.7934704088256326e-09
3760,1.7962373505782915e-09
3761,1.7957478131589222e-09
3762,1.7986987931851915e-09
3763,1.7948530612277613e-09
3764,1.795235560184337e-09
3765,1.8040984690300782e-09
3766,1.7938144098748823e-09
3767,1.7940104285103798e-09
3768,1.7970131794311757e-09
3769,1.7934362787056045e-09
3770,1.7973366445020389e-09
3771,1.7938471964583206e-09
3772,1.7934598433128474e-09
3773,1.7935956445509946e-09
3774,1.7930698959876583e-09
3775,1.7921146199925945e-09
3776,1.7942992027055976e-09
3777,1.7945212599710968e-09
3778,1.7940215950849233e-09
3779,1.7973262611082884e-09
3780,1.7988601070888534e-09
3781,1.7944761525459004e-09
3782,1.7959306406134863e-09
3783,1.7947747135817496e-09
3784,1.8000469925829873e-09
3785,1.794295621215223e-09
3786,1.7952494283701367e-09
3787,1.7938938705188554e-09
3788,1.7981708719238998e-09
3789,1.7952419076853062e-09
3790,1.7928962124611142e-09
3791,1.8031165223914665e-09
3792,1.8021536597134243e-09
3793,1.7939594237863665e-09
3794,1.7970728135356495e-09
3795,1.7941602210154416e-09
3796,1.800468167343119e-09
3797,1.7960646166925208e-09
3798,1.794647317514355e-09
3799,1.7939799894046895e-09
3800,1.7981309575716746e-09
3801,1.7953468380409855e-09
3802,1.7959290888332956e-09
3803,1.7933977101760467e-09
3804,1.7940557289314472e-09
3805,1.7938658233928518e-09
3806,1.8002113395525612e-09
3807,1.7951261449504656e-09
3808,1.7956357358161282e-09
3809,1.79404949062636e-09
3810,1.7938184308139968e-09
3811,1.7952809387432369e-09
3812,1.793621801337621e-09
3813,1.794195454003863e-09
3814,1.7953175373032772e-09
3815,1.7933324947626022e-09
3816,1.7946233270271777e-09
3817,1.7936350158279036e-09
3818,1.7929357603343097e-09
3819,1.804957488018672e-09
3820,1.7924215534788679e-09
3821,1.7927176168574318e-09
3822,1.7935336273523594e-09
3823,1.8160802379855336e-09
3824,1.7919578297263103e-09
3825,1.7931019236674175e-09
3826,1.793226279955475e-09
3827,1.793561342708785e-09
3828,1.8018198437584444e-09
3829,1.7987216604114253e-09
3830,1.7936544060099052e-09
3831,1.793862932728307e-09
3832,1.7953347252276927e-09
3833,1.7949926171708836e-09
3834,1.7997572215067225e-09
3835,1.7960222450192559e-09
3836,1.7946690190165542e-09
3837,1.7932973376492755e-09
3838,1.7929166112242675e-09
3839,1.7943438914177063e-09
3840,1.7996451358137276e-09
3841,1.7936759451736945e-09
3842,1.7959011566768453e-09
3843,1.7940380780077087e-09
3844,1.794221273699411e-09
3845,1.7975806014464762e-09
3846,1.7947348461797784e-09
3847,1.796450223414449e-09
3848,1.7925437444306277e-09
3849,1.7940347235919365e-09
3850,1.8022731196962604e-09
3851,1.792314899995842e-09
3852,1.7946272354042754e-09
3853,1.7954570952258274e-09
3854,1.79668234845918e-09
3855,1.795404686598702e-09
3856,1.7995222698999163e-09
3857,1.7956700294555226e-09
3858,1.79562735921608e-09
3859,1.7943165110470744e-09
3860,1.7962246555254667e-09
3861,1.794358634906222e-09
3862,1.7957659286133497e-09
3863,1.7940256439367536e-09
3864,1.7941475388183788e-09
3865,1.7953384948996216e-09
3866,1.795653561110443e-09
3867,1.793258618762502e-09
3868,1.7940173482713379e-09
3869,1.793452127778728e-09
3870,1.7927037010863183e-09
3871,1.7959224179294654e-09
3872,1.7947368915892563e-09
3873,1.793765263361287e-09
3874,1.7933641764785438e-09
3875,1.7937480062652441e-09
3876,1.7937876325554445e-09
3877,1.794384278392998e-09
3878,1.794467732652142e-09
3879,1.793366448166603e-09
3880,1.7926121067382818e-09
3881,1.7941492393216358e-09
3882,1.7994405806313155e-09
3883,1.7925675080593599e-09
3884,1.792789096714189e-09
3885,1.7932495347099883e-09
3886,1.7933376875319664e-09
3887,1.7954234081588933e-09
3888,1.7931189933014378e-09
3889,1.7942604690786277e-09
3890,1.7939350667915203e-09
3891,1.793879820068269e-09
3892,1.7928750886741692e-09
3893,1.7966458942989655e-09
3894,1.7919181038505979e-09
3895,1.792088492491519e-09
3896,1.7927484613806044e-09
3897,1.7917850735984626e-09
3898,1.7926346596616622e-09
3899,1.7935433850808367e-09
3900,1.792341430935812e-09
3901,1.8011296907359544e-09
3902,1.79375863144126e-09
3903,1.7940745790160163e-09
3904,1.7955830962434272e-09
3905,1.7959946891615192e-09
3906,1.7992643883257934e-09
3907,1.8002459571924752e-09
3908,1.7959112376203951e-09
3909,1.795470587271168e-09
3910,1.7949694676029586e-09
3911,1.795212786632241e-09
3912,1.8042609436460746e-09
3913,1.7938938648391887e-09
3914,1.7949071950640678e-09
3915,1.7952666844015075e-09
3916,1.7978380044722434e-09
3917,1.7946999647453154e-09
3918,1.7962792806627665e-09
3919,1.7947460249067863e-09
3920,1.7933433709187037e-09
3921,1.7931547958707882e-09
3922,1.7954453095571534e-09
3923,1.7931603123680795e-09
3924,1.7947695863377114e-09
3925,1.7945799938718995e-09
3926,1.795361560049686e-09
3927,1.796556886936205e-09
3928,1.7976956661277019e-09
3929,1.794282318430259e-09
3930,1.7952458724717712e-09
3931,1.8018184154623507e-09
3932,1.7958706995295472e-09
3933,1.7942452522209355e-09
3934,1.7987196784661826e-09
3935,1.7966992669118153e-09
3936,1.7930969210727762e-09
3937,1.7933402281777717e-09
3938,1.793599438721828e-09
3939,1.7939391576311354e-09
3940,1.7942588548746783e-09
3941,1.7946514993364955e-09
3942,1.8004516365411023e-09
3943,1.7956025554357035e-09
3944,1.7990080618204283e-09
3945,1.7948757747723512e-09
3946,1.795333043669864e-09
3947,1.8059123818372092e-09
3948,1.8016769109482873e-09
3949,1.797073028115043e-09
3950,1.793186377188902e-09
3951,1.7936628262401107e-09
3952,1.8019117949667201e-09
3953,1.7975515761958306e-09
3954,1.7942959838017303e-09
3955,1.7933151812264007e-09
3956,1.7952756812251118e-09
3957,1.7952742320331642e-09
3958,1.7950755868512166e-09
3959,1.7965168193529405e-09
3960,1.7929093038347263e-09
3961,1.79297405883038e-09
3962,1.7997590325779539e-09
3963,1.7931603962716399e-09
3964,1.8030830856798963e-09
3965,1.7927026357757135e-09
3966,1.7930253684602461e-09
3967,1.7936020252720116e-09
3968,1.7955090283915082e-09
3969,1.7938410810616484e-09
3970,1.7944924219285589e-09
3971,1.7952619402484158e-09
3972,1.7945957301122267e-09
3973,1.7965617862501996e-09
3974,1.794619953947195e-09
3975,1.7977129343347257e-09
3976,1.7963798164428915e-09
3977,1.794934833915618e-09
3978,1.7964284445419193e-09
3979,1.7957668538337527e-09
3980,1.7960085630604672e-09
3981,1.804556486473676e-09
3982,1.7962238224798677e-09
3983,1.7964988450060885e-09
3984,1.7987974593344624e-09
3985,1.7961541827401634e-09
3986,1.7944792831034988e-09
3987,1.7948377252533624e-09
3988,1.7997715727847042e-09
3989,1.8011052402266867e-09
3990,1.8022325626595725e-09
3991,1.795356261088309e-09
3992,1.7954953573785156e-09
3993,1.7999677376973914e-09
3994,1.8086102854559123e-09
3995,1.7962680238901451e-09
3996,1.7952377840112148e-09
3997,1.8005598305365175e-09
3998,1.7968554586527771e-09
3999,1.798284418761314e-09
4000,1.7963170778958172e-09
4001,1.7933858035407622e-09
4002,1.7938760114006234e-09
4003,1.793625789635617e-09
4004,1.793639414326483e-09
4005,1.7944809739618121e-09
4006,1.7944742188613583e-09
4007,1.7933634106991773e-09
4008,1.7918046751803334e-09
4009,1.7998424662980416e-09
4010,1.7915731411433605e-09
4011,1.7968535629518083e-09
4012,1.7933925658741881e-09
4013,1.7947875018145423e-09
4014,1.803371372316702e-09
4015,1.7967156543066745e-09
4016,1.7932841982470435e-09
4017,1.798497830398791e-09
4018,1.7942660385690265e-09
4019,1.7936019358352216e-09
4020,1.8045464678804303e-09
4021,1.7987795062750367e-09
4022,1.7970780945659525e-09
4023,1.7978161339654458e-09
4024,1.800022376105436e-09
4025,1.7961122775804495e-09
4026,1.8024030072533096e-09
4027,1.7978626608199793e-09
4028,1.796797125099684e-09
4029,1.7946002845621085e-09
4030,1.7941124040444246e-09
4031,1.7974503920585966e-09
4032,1.7936015377231741e-09
4033,1.7962318913973714e-09
4034,1.7955826592979761e-09
4035,1.792144759006699e-09
4036,1.7936465544716716e-09
4037,1.7953427843658443e-09
4038,1.8040836825380719e-09
4039,1.794960393870417e-09
4040,1.7947640649203451e-09
4041,1.7961312548519357e-09
4042,1.81048000451062e-09
4043,1.798512598421511e-09
4044,1.795973456713503e-09
4045,1.7959333898919644e-09
4046,1.7999728949975149e-09
4047,1.7981755723516333e-09
4048,1.7941792632148611e-09
4049,1.793262336095392e-09
4050,1.7931804333619082e-09
4051,1.7932818858793683e-09
4052,1.7926261239895474e-09
4053,1.7935523008924367e-09
4054,1.7955543310544418e-09
4055,1.7938682877031938e-09
4056,1.7927092727406172e-09
4057,1.7920317686157694e-09
4058,1.7921789948987602e-09
4059,1.8035067314468007e-09
4060,1.7959372563176716e-09
4061,1.7925865352811906e-09
4062,1.7948708055305156e-09
4063,1.7991277689523108e-09
4064,1.794102250514215e-09
4065,1.8007107319712192e-09
4066,1.797911418383978e-09
4067,1.7945273551704421e-09
4068,1.8027438910428776e-09
4069,1.803296617899432e-09
4070,1.8043046729870654e-09
4071,1.7943872589601246e-09
4072,1.7932989492239676e-09
4073,1.7926903217905678e-09
4074,1.7933009392460224e-09
4075,1.7939756921938671e-09
4076,1.8028279431777423e-09
4077,1.8005598341406628e-09
4078,1.792946648120324e-09
4079,1.7965623363857999e-09
4080,1.7938213234822827e-09
4081,1.7982017483279073e-09
4082,1.7943813130225459e-09
4083,1.792926063157163e-09
4084,1.7969679502399513e-09
4085,1.7932359244718086e-09
4086,1.7962544952070703e-09
4087,1.7942548912665969e-09
4088,1.7930354954571727e-09
4089,1.7929688436336693e-09
4090,1.7947536254947696e-09
4091,1.7925676697703845e-09
4092,1.795803381381199e-09
4093,1.7956176352501845e-09
4094,1.794083977256298e-09
4095,1.7938418955456974e-09
4096,1.7928081973819037e-09
4097,1.7947042189640688e-09
4098,1.7932957411454998e-09
4099,1.7959693712415888e-09
4100,1.7941269453820338e-09
