global_step,predictor_x_gap_mse
1,3.4029280975164706e-12
2,3.403647657664918e-08
3,1.7046609094781873e-08
4,1.1423892928560253e-08
5,8.624008435132708e-09
6,6.952896136993573e-09
7,5.849096179690242e-09
8,5.074066421180677e-09
9,4.499104104215874e-09
10,4.058892921601414e-09
11,3.7100780199878255e-09
12,3.431078632481763e-09
13,3.2006492659625e-09
14,3.013215226244383e-09
15,2.8549029676965224e-09
16,2.721981959547666e-09
17,2.607405885828825e-09
18,2.509412040202841e-09
19,2.4268829881109268e-09
20,2.353894969776113e-09
21,2.2899059679645972e-09
22,2.2329160398781206e-09
23,2.1825805811620174e-09
24,2.140126524607958e-09
25,2.1026943432099147e-09
26,2.0692049992705104e-09
27,2.040613939048493e-09
28,2.013643743453371e-09
29,1.9915434670751256e-09
30,1.970457769683182e-09
31,1.9522350217267586e-09
32,1.9361272348269644e-09
33,1.9206437402503373e-09
34,1.908266711161388e-09
35,1.895606348795158e-09
36,1.8849630563724226e-09
37,1.8750413906262894e-09
38,1.8672227933955478e-09
39,1.8595652359053696e-09
40,1.853482637691512e-09
41,1.847004994389701e-09
42,1.8414478495870797e-09
43,1.836876186465094e-09
44,1.8318198508260847e-09
45,1.8287038951156134e-09
46,1.8254634683264928e-09
47,1.8226985593663277e-09
48,1.8199096721107076e-09
49,1.8172939441511222e-09
50,1.8147512550091082e-09
51,1.8128988753781192e-09
52,1.8121002064104684e-09
53,1.809841378083408e-09
54,1.8087183668443723e-09
55,1.8071959884194812e-09
56,1.805406236023133e-09
57,1.8047198830702341e-09
58,1.8028407652465823e-09
59,1.8016982206938346e-09
60,1.8004759929761403e-09
61,1.7994356361760437e-09
62,1.8001241004334055e-09
63,1.8006691853034555e-09
64,1.798708836377585e-09
65,1.7983987714145146e-09
66,1.7976566131726638e-09
67,1.7980052876540572e-09
68,1.7967522881400837e-09
69,1.7951920152986877e-09
70,1.7942142547658926e-09
71,1.793000273327854e-09
72,1.7931610572915083e-09
73,1.7929510564954296e-09
74,1.7920131941828359e-09
75,1.7951107611115871e-09
76,1.7948599349739725e-09
77,1.7935255929987941e-09
78,1.793321219846306e-09
79,1.7944527329876754e-09
80,1.7945472104690707e-09
81,1.7944328447753627e-09
82,1.7944599362430711e-09
83,1.7945563840868271e-09
84,1.7944902984786868e-09
85,1.793813765327203e-09
86,1.7932378512218986e-09
87,1.793211723144229e-09
88,1.7938514345341758e-09
89,1.79409273009407e-09
90,1.7932112050265932e-09
91,1.7938752454242548e-09
92,1.7939940553119198e-09
93,1.7934485849587905e-09
94,1.7940159058364885e-09
95,1.7943137145306808e-09
96,1.7938167776047859e-09
97,1.7937390981524573e-09
98,1.7944485502118049e-09
99,1.7940328600425646e-09
100,1.7945987542556048e-09
101,1.7945688118739558e-09
102,1.7942772002315798e-09
103,1.7955242436295042e-09
104,1.7947195904305531e-09
105,1.7950363966984103e-09
106,1.7956796387728103e-09
107,1.7948345703589447e-09
108,1.79451961316474e-09
109,1.7941767649409408e-09
110,1.7942035920003472e-09
111,1.7943278021031572e-09
112,1.7957096964884248e-09
113,1.7953511563647056e-09
114,1.7943322721172198e-09
115,1.7942836540234339e-09
116,1.7948156115186607e-09
117,1.7953719933691252e-09
118,1.7949040525173986e-09
119,1.7948044835902215e-09
120,1.7949292997692318e-09
121,1.7944592110172535e-09
122,1.7950275705707948e-09
123,1.7953186951573782e-09
124,1.7950893648146706e-09
125,1.7948572046025166e-09
126,1.7941472305325742e-09
127,1.794539766235987e-09
128,1.793921185446379e-09
129,1.79306630978977e-09
130,1.7943134533309213e-09
131,1.7939674465045258e-09
132,1.7944586338056102e-09
133,1.7940690646096895e-09
134,1.7931796918675927e-09
135,1.7921827700241738e-09
136,1.7926192297654753e-09
137,1.7930628695698967e-09
138,1.792238323760402e-09
139,1.7917875188520933e-09
140,1.790690210215378e-09
141,1.7917640144228254e-09
142,1.7912701644052095e-09
143,1.791055409251201e-09
144,1.7917503487047376e-09
145,1.7924363159919044e-09
146,1.7920947573359034e-09
147,1.7931594142629234e-09
148,1.7937856175816976e-09
149,1.7922404177278164e-09
150,1.7918343514711872e-09
151,1.792973990705898e-09
152,1.793072148632176e-09
153,1.7931212332143604e-09
154,1.7925066761973704e-09
155,1.7928144256282432e-09
156,1.7931213124688495e-09
157,1.7933518703518374e-09
158,1.793591225602892e-09
159,1.7925747849107835e-09
160,1.7926471594503585e-09
161,1.7934524473812376e-09
162,1.7929577296226785e-09
163,1.7934411883587271e-09
164,1.793067316710959e-09
165,1.7935810846435343e-09
166,1.7930250385596476e-09
167,1.7924022176386718e-09
168,1.7928370918819273e-09
169,1.792031932642802e-09
170,1.7939726299262952e-09
171,1.7935298509884588e-09
172,1.7943922705853662e-09
173,1.7938294395212128e-09
174,1.7940664592933912e-09
175,1.7947942443832047e-09
176,1.7942703429575619e-09
177,1.7940313493661254e-09
178,1.7942305394345991e-09
179,1.7941237998198094e-09
180,1.7945300917372642e-09
181,1.7927829604763717e-09
182,1.7931030097438483e-09
183,1.7934841082814984e-09
184,1.7924502593737435e-09
185,1.7928080262214847e-09
186,1.79304353612261e-09
187,1.7937763837709572e-09
188,1.7943503955001218e-09
189,1.7936157014962203e-09
190,1.7947642098326962e-09
191,1.7951370781852638e-09
192,1.7954196867063534e-09
193,1.7963864719656434e-09
194,1.7943152464349167e-09
195,1.7948715415856046e-09
196,1.794794435343347e-09
197,1.7961689504066175e-09
198,1.7952388789888936e-09
199,1.794349566672294e-09
200,1.794766536889153e-09
201,1.795252110227647e-09
202,1.7945434125341586e-09
203,1.7946287631319712e-09
204,1.794307504098555e-09
205,1.795004160289464e-09
206,1.793442948390385e-09
207,1.7939744332889798e-09
208,1.7939205210812305e-09
209,1.7938376408879353e-09
210,1.7941805374314103e-09
211,1.7937907996437293e-09
212,1.7943444422576238e-09
213,1.7940379091941804e-09
214,1.7938704340151942e-09
215,1.7936695510857783e-09
216,1.7938773122351765e-09
217,1.7928043487848754e-09
218,1.7926803770835366e-09
219,1.792239704358495e-09
220,1.7924764898721653e-09
221,1.7932675074308713e-09
222,1.7948786068363565e-09
223,1.794193315005103e-09
224,1.7945903002622607e-09
225,1.793303564426534e-09
226,1.7936472620887327e-09
227,1.7936716294722665e-09
228,1.792991665903991e-09
229,1.7939463642589604e-09
230,1.7936355242422912e-09
231,1.7935744721031341e-09
232,1.7937735612965074e-09
233,1.793639212227938e-09
234,1.7936176782799595e-09
235,1.7934644328867927e-09
236,1.7933133198119554e-09
237,1.7931958108739975e-09
238,1.7941445990941386e-09
239,1.7940050696170963e-09
240,1.7931995972700728e-09
241,1.7931403796565804e-09
242,1.7943643160756232e-09
243,1.7942607677809582e-09
244,1.7931509820133673e-09
245,1.7929953069869114e-09
246,1.7923621599638333e-09
247,1.792818738928298e-09
248,1.7929853515211949e-09
249,1.7931270885853998e-09
250,1.793245676133451e-09
251,1.7924976864546034e-09
252,1.7935069574020336e-09
253,1.7936627195979388e-09
254,1.793803821892806e-09
255,1.7936138205499114e-09
256,1.7942529368934816e-09
257,1.7946998528477584e-09
258,1.7935497611001778e-09
259,1.7946678025026338e-09
260,1.7947636687020276e-09
261,1.7942612845382744e-09
262,1.792925893965384e-09
263,1.793622521254551e-09
264,1.793903624827915e-09
265,1.7926991511560535e-09
266,1.7936947894157794e-09
267,1.7938818261252588e-09
268,1.7941784665849324e-09
269,1.7949310973228234e-09
270,1.7950558526081968e-09
271,1.7940243068750561e-09
272,1.7946447580311069e-09
273,1.7960712329817016e-09
274,1.7956732765588461e-09
275,1.7950836558959588e-09
276,1.7949825940422508e-09
277,1.794894163997208e-09
278,1.7952561659077805e-09
279,1.794717184711694e-09
280,1.7943509046169812e-09
281,1.7941803208559465e-09
282,1.793679816370558e-09
283,1.7931740177460117e-09
284,1.7932727441277886e-09
285,1.794183777788777e-09
286,1.7952725968612323e-09
287,1.7954366751133425e-09
288,1.7956988962091768e-09
289,1.7956318905274067e-09
290,1.7949533523208756e-09
291,1.7948298710729514e-09
292,1.795250421825763e-09
293,1.796356784694264e-09
294,1.7949177418028018e-09
295,1.7950060345559748e-09
296,1.7951441191065897e-09
297,1.7947560965227107e-09
298,1.79499273786061e-09
299,1.7941861114025954e-09
300,1.7930222293924978e-09
301,1.7929807863191825e-09
302,1.7922656170112777e-09
303,1.7917304428843512e-09
304,1.7917876332609888e-09
305,1.792612485231983e-09
306,1.7931857199936285e-09
307,1.7940626386523818e-09
308,1.7947116502405313e-09
309,1.7950824456606433e-09
310,1.7953691516344666e-09
311,1.7960640944483585e-09
312,1.7952475965008997e-09
313,1.7953134734909442e-09
314,1.7960364946496114e-09
315,1.7960411057946575e-09
316,1.7954287610701911e-09
317,1.795995511806903e-09
318,1.7963376427709356e-09
319,1.7957693635612664e-09
320,1.795592484781249e-09
321,1.795629516340946e-09
322,1.7948214875186737e-09
323,1.7945902725037862e-09
324,1.7940346156490715e-09
325,1.7948814689447482e-09
326,1.7940316662312494e-09
327,1.7939955884362544e-09
328,1.7933495215135111e-09
329,1.7922573661237847e-09
330,1.7926100620767003e-09
331,1.7934842612809482e-09
332,1.792203358549685e-09
333,1.7917544494802286e-09
334,1.7924395650803973e-09
335,1.7932410785330996e-09
336,1.7930288688166324e-09
337,1.793422537256406e-09
338,1.793390484280745e-09
339,1.7934443718239442e-09
340,1.7922766003504438e-09
341,1.7922027554063976e-09
342,1.7927251582907438e-09
343,1.7927260815752124e-09
344,1.7928664720415546e-09
345,1.793676326721583e-09
346,1.794263618303259e-09
347,1.7928328782269215e-09
348,1.793052345088532e-09
349,1.7923659788044006e-09
350,1.793411498213603e-09
351,1.7935440417768818e-09
352,1.7944216861810705e-09
353,1.7941989053000964e-09
354,1.7941531182047394e-09
355,1.7926694548641086e-09
356,1.7936946998514978e-09
357,1.7926877373944522e-09
358,1.7934216389850104e-09
359,1.7949269990895283e-09
360,1.7935403875988257e-09
361,1.79334225179238e-09
362,1.7945141708236374e-09
363,1.794725092081584e-09
364,1.7951785025665724e-09
365,1.7945305652521134e-09
366,1.7934747022227343e-09
367,1.7932395187739366e-09
368,1.7924480546988937e-09
369,1.7918516734620784e-09
370,1.7909926527346085e-09
371,1.7919493083435659e-09
372,1.7921316672800028e-09
373,1.7926603317507037e-09
374,1.7933495335862463e-09
375,1.7924679857757975e-09
376,1.7929505683953978e-09
377,1.7938102806230443e-09
378,1.793205258706323e-09
379,1.7939767558124967e-09
380,1.7932828351067548e-09
381,1.7920951190130532e-09
382,1.7922839599086005e-09
383,1.7918323934039118e-09
384,1.791853810202465e-09
385,1.7923809309294116e-09
386,1.7926753278397683e-09
387,1.79272685485597e-09
388,1.7941808041818068e-09
389,1.7921945875278537e-09
390,1.7937672836087748e-09
391,1.7937289954466624e-09
392,1.7927819319336573e-09
393,1.7930289655534395e-09
394,1.7934044774635306e-09
395,1.7927071421983543e-09
396,1.7917434663408909e-09
397,1.791793686064743e-09
398,1.7918773507346263e-09
399,1.7926273024655922e-09
400,1.7925246490822276e-09
401,1.7917408187043915e-09
402,1.7922852961060857e-09
403,1.7910726439567974e-09
404,1.791509490607886e-09
405,1.791669734795689e-09
406,1.7935648380151561e-09
407,1.7945408199295174e-09
408,1.7953426057824728e-09
409,1.7944277305921294e-09
410,1.794123785347367e-09
411,1.7949375144686527e-09
412,1.7949092411641176e-09
413,1.7949634364958596e-09
414,1.795534736842827e-09
415,1.795912995257713e-09
416,1.7948283321162373e-09
417,1.7953429314877879e-09
418,1.795730144999171e-09
419,1.793532719919471e-09
420,1.793235825823384e-09
421,1.7940004123304933e-09
422,1.7939567937857257e-09
423,1.7938844303591388e-09
424,1.7945676617217432e-09
425,1.7946463334620133e-09
426,1.7941831503103723e-09
427,1.794201302571531e-09
428,1.794355609519501e-09
429,1.793898724079571e-09
430,1.792247745752718e-09
431,1.7919623610478958e-09
432,1.7926788780766103e-09
433,1.7933471255648696e-09
434,1.7935052034625227e-09
435,1.7946383862567658e-09
436,1.7937307754627224e-09
437,1.7927507947018818e-09
438,1.7925741449963038e-09
439,1.7916273696927082e-09
440,1.792103473366612e-09
441,1.792636973984524e-09
442,1.7924025565257618e-09
443,1.7925380011348147e-09
444,1.7928629569946095e-09
445,1.795468064630442e-09
446,1.7928171524104313e-09
447,1.7927944362267837e-09
448,1.7928917125520461e-09
449,1.7927298041131242e-09
450,1.7929391290776447e-09
451,1.792565182613516e-09
452,1.7926859644108326e-09
453,1.7926368638784888e-09
454,1.7930228187987191e-09
455,1.7920324562385929e-09
456,1.7914859341538966e-09
457,1.7922415487260882e-09
458,1.7915394866412836e-09
459,1.7922400508326347e-09
460,1.7930854538793404e-09
461,1.7932292037600193e-09
462,1.7948770748214907e-09
463,1.7942196625284198e-09
464,1.793667086631599e-09
465,1.7927048851323059e-09
466,1.7907091567378266e-09
467,1.791324817157202e-09
468,1.7922454795967135e-09
469,1.792234962625103e-09
470,1.7928254030768839e-09
471,1.7928122212038227e-09
472,1.7928831217300211e-09
473,1.7941240269995946e-09
474,1.7936837092883709e-09
475,1.7935876396413732e-09
476,1.7932052781249368e-09
477,1.7932875474992928e-09
478,1.7932383098569708e-09
479,1.7941923832420275e-09
480,1.7933549561104144e-09
481,1.7932163144003312e-09
482,1.7937034105239645e-09
483,1.7947737502222696e-09
484,1.7941000647099134e-09
485,1.7943638085960137e-09
486,1.793034264240566e-09
487,1.7932949278735721e-09
488,1.7941252498611435e-09
489,1.794472963309078e-09
490,1.7940660352224839e-09
491,1.792802717846338e-09
492,1.7926601056274316e-09
493,1.7929233997731011e-09
494,1.7926778824592463e-09
495,1.7932726836686843e-09
496,1.7938490232056216e-09
497,1.7932971279382265e-09
498,1.7933883903140278e-09
499,1.7937023801622752e-09
500,1.7935231930723086e-09
501,1.7943937587659622e-09
502,1.7934826910255328e-09
503,1.79355714594512e-09
504,1.7932305484836946e-09
505,1.7939101158933775e-09
506,1.7934922314508998e-09
507,1.7940270841849384e-09
508,1.7935848505096167e-09
509,1.7939390440654682e-09
510,1.794212598891242e-09
511,1.7943598191279693e-09
512,1.7945926993635138e-09
513,1.79514772347167e-09
514,1.7936094385424966e-09
515,1.7947272191737414e-09
516,1.794089320915981e-09
517,1.7943045440412397e-09
518,1.7938298200395858e-09
519,1.7942220339274754e-09
520,1.7931493769185461e-09
521,1.7934557613817352e-09
522,1.7924758635827824e-09
523,1.7929858534377777e-09
524,1.7931853034911059e-09
525,1.7933188772030994e-09
526,1.7932632215504826e-09
527,1.7936560167617445e-09
528,1.794467411848601e-09
529,1.794580568851131e-09
530,1.7942805537190521e-09
531,1.7943457745206362e-09
532,1.7936151432161396e-09
533,1.7921893269602377e-09
534,1.7936597955397852e-09
535,1.7919539776646244e-09
536,1.7920320752437144e-09
537,1.7927439522123402e-09
538,1.7935605579845163e-09
539,1.7940227173621617e-09
540,1.7939280171485084e-09
541,1.794174228186176e-09
542,1.7938261873554068e-09
543,1.7934141829299194e-09
544,1.7933902339647008e-09
545,1.7934897877584585e-09
546,1.7945009386814654e-09
547,1.7936194420104758e-09
548,1.7945895731564404e-09
549,1.7947363023386596e-09
550,1.7952152579563332e-09
551,1.793955856723222e-09
552,1.7942155413635578e-09
553,1.7935898942888931e-09
554,1.7936994584126143e-09
555,1.793857042648634e-09
556,1.7952523686734403e-09
557,1.7943012148532112e-09
558,1.7946792944612433e-09
559,1.794890373357487e-09
560,1.7942409790259696e-09
561,1.7939603793093376e-09
562,1.793870176146231e-09
563,1.7922103725458088e-09
564,1.7933207039394276e-09
565,1.7947259536455318e-09
566,1.7942245235475379e-09
567,1.7948375931491694e-09
568,1.7948391848480767e-09
569,1.7935751593715126e-09
570,1.7940650955022756e-09
571,1.7944151854203373e-09
572,1.792804481509016e-09
573,1.7940643943518832e-09
574,1.7943196242933549e-09
575,1.7955306625853823e-09
576,1.7949536037405014e-09
577,1.795222217988101e-09
578,1.7961071081906186e-09
579,1.795363089202043e-09
580,1.7944560160430112e-09
581,1.7942271935851021e-09
582,1.7936168573921735e-09
583,1.7948958889873003e-09
584,1.7946052899088445e-09
585,1.794259736866876e-09
586,1.7934499631415704e-09
587,1.7926807296985243e-09
588,1.7930171304418802e-09
589,1.79321114592691e-09
590,1.7935119287595958e-09
591,1.7940582967724699e-09
592,1.793740380771669e-09
593,1.79407360504958e-09
594,1.7945359453957457e-09
595,1.7946441726722463e-09
596,1.7952439304125233e-09
597,1.7939818561042337e-09
598,1.7934444808007078e-09
599,1.793149870744936e-09
600,1.7936846441930864e-09
601,1.7927508056987302e-09
602,1.7931672696889331e-09
603,1.7926746568280385e-09
604,1.7929010520540733e-09
605,1.792039651347339e-09
606,1.7921310942762398e-09
607,1.7921858994932881e-09
608,1.7924212299520198e-09
609,1.7934195036156474e-09
610,1.7925261335797173e-09
611,1.7929735298827822e-09
612,1.7929545671616873e-09
613,1.7928004413899667e-09
614,1.791980452796339e-09
615,1.7933351422726734e-09
616,1.7942392625776526e-09
617,1.7935009173320419e-09
618,1.7941428483810672e-09
619,1.7939546257021876e-09
620,1.7946016468971383e-09
621,1.795520193214494e-09
622,1.7935026788547101e-09
623,1.7927306260658732e-09
624,1.7931919940277468e-09
625,1.7923665068138306e-09
626,1.7919642590288761e-09
627,1.793143365516306e-09
628,1.7938858727484657e-09
629,1.7943443943403335e-09
630,1.7953546373233256e-09
631,1.795803601840261e-09
632,1.7969063142034281e-09
633,1.7963708373738175e-09
634,1.796400190708072e-09
635,1.794911960046266e-09
636,1.7951395413331516e-09
637,1.7940615935188414e-09
638,1.7931615801338153e-09
639,1.7931069434767622e-09
640,1.7921996962831011e-09
641,1.7936950520328625e-09
642,1.793555765464403e-09
643,1.792252926193474e-09
644,1.7928850461224567e-09
645,1.7924429926190854e-09
646,1.7934992034739849e-09
647,1.7934732281845604e-09
648,1.794604942492791e-09
649,1.7939238026398763e-09
650,1.794136876013577e-09
651,1.7947091970114881e-09
652,1.7942147339131428e-09
653,1.793356870734937e-09
654,1.7930055957733298e-09
655,1.793263851787823e-09
656,1.7927990897498498e-09
657,1.7925822536587972e-09
658,1.7921320599641793e-09
659,1.792147263311488e-09
660,1.7920051606509639e-09
661,1.791312533838575e-09
662,1.7920345921881029e-09
663,1.7928195017224496e-09
664,1.7918657788187145e-09
665,1.7926477624439659e-09
666,1.7915851087200786e-09
667,1.792373319739865e-09
668,1.7920436108107047e-09
669,1.7919565851571309e-09
670,1.7923900464655371e-09
671,1.793207840627208e-09
672,1.793804480540301e-09
673,1.7931509441669428e-09
674,1.7927163182565646e-09
675,1.7930914996531095e-09
676,1.7948897514010631e-09
677,1.793111208853072e-09
678,1.793415425317502e-09
679,1.793211307462053e-09
680,1.7946991556303667e-09
681,1.7950889784399943e-09
682,1.7952207754260871e-09
683,1.7941731586803481e-09
684,1.7935027738512047e-09
685,1.7930505546230668e-09
686,1.7937087531995195e-09
687,1.7929450918444229e-09
688,1.79301038705844e-09
689,1.7924057000331791e-09
690,1.7919983530267261e-09
691,1.7931634697125853e-09
692,1.7930407486706952e-09
693,1.7919410357134024e-09
694,1.7934620933992037e-09
695,1.7932958908814487e-09
696,1.7926636371183962e-09
697,1.7930933535555202e-09
698,1.7931657071957258e-09
699,1.7928568892746558e-09
700,1.7926044111202002e-09
701,1.7930415239137608e-09
702,1.7930913977468064e-09
703,1.7922818964841035e-09
704,1.7928036254502815e-09
705,1.7929431401781378e-09
706,1.791839393794035e-09
707,1.7938076066625218e-09
708,1.792582370428252e-09
709,1.7922909103355811e-09
710,1.7922431589129464e-09
711,1.7935295691582369e-09
712,1.793150942255988e-09
713,1.792911649736804e-09
714,1.7928876925079074e-09
715,1.7928620416521654e-09
716,1.7922957338233679e-09
717,1.7926493346823768e-09
718,1.7941844539608184e-09
719,1.7941756117508785e-09
720,1.793897222576916e-09
721,1.7934974224696895e-09
722,1.792194063551116e-09
723,1.7926318092703893e-09
724,1.7940588839297728e-09
725,1.7933194786992071e-09
726,1.7940155152223209e-09
727,1.794229068517176e-09
728,1.792774305269889e-09
729,1.7935523750177453e-09
730,1.792526738790377e-09
731,1.7932983266898786e-09
732,1.7921596376832724e-09
733,1.7916751170186555e-09
734,1.7927395647880548e-09
735,1.7921451573220776e-09
736,1.792675577844668e-09
737,1.7922961511825654e-09
738,1.793287659088988e-09
739,1.793547039175446e-09
740,1.7947973013733022e-09
741,1.7953318085346171e-09
742,1.7947307338997209e-09
743,1.7942762967693036e-09
744,1.7954656585089105e-09
745,1.7946777288411711e-09
746,1.7939493863821396e-09
747,1.794979468569453e-09
748,1.794006376819791e-09
749,1.7935935070357947e-09
750,1.7944009903952275e-09
751,1.7939880811068155e-09
752,1.7943177842254579e-09
753,1.7940619815151993e-09
754,1.793464565394142e-09
755,1.7934579670084939e-09
756,1.7933138179284371e-09
757,1.7941519764814164e-09
758,1.7923747925755926e-09
759,1.7924122544896914e-09
760,1.7935193950092137e-09
761,1.7932311893759712e-09
762,1.7936596095435941e-09
763,1.7930275367397977e-09
764,1.7924146385973755e-09
765,1.792992331771158e-09
766,1.7929946298159165e-09
767,1.7939845899017277e-09
768,1.7936815150477459e-09
769,1.7945921432145795e-09
770,1.7934294917325557e-09
771,1.7933878775491445e-09
772,1.7942391758536292e-09
773,1.7933239170979926e-09
774,1.7935879194370313e-09
775,1.7930139930290134e-09
776,1.793651370855113e-09
777,1.7933678516278868e-09
778,1.7933214208774547e-09
779,1.7933095785449898e-09
780,1.7934584975302753e-09
781,1.7931761774668774e-09
782,1.7936942257470127e-09
783,1.7935957744685892e-09
784,1.793718436016683e-09
785,1.792904624388987e-09
786,1.7943096338189353e-09
787,1.7944007658908075e-09
788,1.7941155354226772e-09
789,1.7955022947537337e-09
790,1.7949745814106068e-09
791,1.7936555495870514e-09
792,1.7936575474771527e-09
793,1.7929919579558509e-09
794,1.7934655499791276e-09
795,1.7935562050115703e-09
796,1.793092744790742e-09
797,1.794493425001121e-09
798,1.793409375237408e-09
799,1.7937238411806703e-09
800,1.7932236776506182e-09
801,1.7925022030318947e-09
802,1.7920803175224066e-09
803,1.7920964208882342e-09
804,1.7927872624820824e-09
805,1.792502319587823e-09
806,1.7922441238872962e-09
807,1.7923946579656512e-09
808,1.7932990806604787e-09
809,1.794676445385513e-09
810,1.794381630405317e-09
811,1.7949945230026364e-09
812,1.7950010456943485e-09
813,1.7955790046937975e-09
814,1.7942012498866556e-09
815,1.7937659252150108e-09
816,1.7937237532637677e-09
817,1.7933009402417444e-09
818,1.793272037407607e-09
819,1.7930744831582004e-09
820,1.7935888451133007e-09
821,1.7936402963464387e-09
822,1.7928261196448194e-09
823,1.792714407500883e-09
824,1.7927070496497424e-09
825,1.7931466015469116e-09
826,1.7931228045180098e-09
827,1.7928866176256747e-09
828,1.7935273986464845e-09
829,1.7926127857196275e-09
830,1.7922560791575694e-09
831,1.7927067674567505e-09
832,1.7933575685657758e-09
833,1.793287090433359e-09
834,1.7935262576872022e-09
835,1.7943665458294129e-09
836,1.793498450650938e-09
837,1.7938036754140776e-09
838,1.7938359480679288e-09
839,1.7932227356305228e-09
840,1.7921457802884543e-09
841,1.7934639815492217e-09
842,1.7930320506165287e-09
843,1.793783968548547e-09
844,1.7934389302143235e-09
845,1.7932643168892906e-09
846,1.7931800276316648e-09
847,1.7924277275907157e-09
848,1.7941521985941329e-09
849,1.7945697960981378e-09
850,1.7945768603083066e-09
851,1.7947260961177865e-09
852,1.7949945674429642e-09
853,1.7940400072249528e-09
854,1.7945914980138254e-09
855,1.793886045338619e-09
856,1.7936455272645855e-09
857,1.793829534836087e-09
858,1.7942423905154788e-09
859,1.7951035358888606e-09
860,1.7936281005693446e-09
861,1.793989241888373e-09
862,1.79360091386795e-09
863,1.7930163413572387e-09
864,1.7924690116889035e-09
865,1.793156210687324e-09
866,1.7925930741851939e-09
867,1.7911054615542677e-09
868,1.7914435991630027e-09
869,1.791843281683838e-09
870,1.7923348593082591e-09
871,1.7929866375068555e-09
872,1.7928912644513472e-09
873,1.7922232321738749e-09
874,1.792934103548578e-09
875,1.7928187713059204e-09
876,1.7924651646494193e-09
877,1.7924542607803211e-09
878,1.792852729421633e-09
879,1.792180165496492e-09
880,1.7920178515486748e-09
881,1.7926140677406505e-09
882,1.7925319049521529e-09
883,1.7932220993593747e-09
884,1.794056191044482e-09
885,1.792753743178871e-09
886,1.7927473344442327e-09
887,1.7945038487225338e-09
888,1.7934076167076814e-09
889,1.7935635072384034e-09
890,1.794389025258703e-09
891,1.7935547161383154e-09
892,1.7949496943778273e-09
893,1.7959571063502628e-09
894,1.795769638391425e-09
895,1.7956292942529432e-09
896,1.7954551267362798e-09
897,1.7966302007518339e-09
898,1.7952275804475818e-09
899,1.7949258853166709e-09
900,1.7945651946839487e-09
901,1.7953746098893522e-09
902,1.7944699579232844e-09
903,1.794297152732886e-09
904,1.7955302172711262e-09
905,1.7941753623883623e-09
906,1.7935587385075115e-09
907,1.792514979492514e-09
908,1.7919868377287355e-09
909,1.7936014294209126e-09
910,1.7934336482114233e-09
911,1.7934061594188537e-09
912,1.7938675873863743e-09
913,1.793369598889924e-09
914,1.793427419222003e-09
915,1.7960406150617198e-09
916,1.7945888023361549e-09
917,1.7942153288552694e-09
918,1.7948539506169374e-09
919,1.794052713333508e-09
920,1.7942051643947511e-09
921,1.7936924797697252e-09
922,1.794301424923047e-09
923,1.7942065399308711e-09
924,1.794626378222897e-09
925,1.7930336915872604e-09
926,1.7933310716360287e-09
927,1.7934940232992726e-09
928,1.7943772981217954e-09
929,1.7944484693395444e-09
930,1.7943815395738155e-09
931,1.7948219595627327e-09
932,1.794273232282188e-09
933,1.794955617956726e-09
934,1.794566274204939e-09
935,1.7943570084807011e-09
936,1.792757672669377e-09
937,1.793223527122863e-09
938,1.7936225056885256e-09
939,1.7934608615386492e-09
940,1.7928063946844328e-09
941,1.7932569493634958e-09
942,1.7916167136771972e-09
943,1.7920921928596459e-09
944,1.7935728829943535e-09
945,1.793773419195258e-09
946,1.7940004281444615e-09
947,1.7938419433192275e-09
948,1.7930935380641648e-09
949,1.793522740562168e-09
950,1.7927430536557196e-09
951,1.792008637189221e-09
952,1.7925798451879911e-09
953,1.7935023342545422e-09
954,1.7924800580507959e-09
955,1.792391855301507e-09
956,1.7931806002631261e-09
957,1.7923043313500702e-09
958,1.7928342649577554e-09
959,1.7931461054784968e-09
960,1.7939988499911643e-09
961,1.7929046939029883e-09
962,1.7940787013320202e-09
963,1.7934293964168776e-09
964,1.7931321573622746e-09
965,1.7927549412326543e-09
966,1.7932658634898377e-09
967,1.7931621701281239e-09
968,1.793114446794602e-09
969,1.7931480860266083e-09
970,1.79327990221223e-09
971,1.7937077073111104e-09
972,1.7934576053865489e-09
973,1.7932833269895345e-09
974,1.7930721533309024e-09
975,1.7934046258154279e-09
976,1.7933008863225401e-09
977,1.7934220512200155e-09
978,1.7933022030548182e-09
979,1.794013367517791e-09
980,1.7944435838636145e-09
981,1.7941312339526693e-09
982,1.7926778906761744e-09
983,1.7930057351102982e-09
984,1.7933065955201894e-09
985,1.7915242349657274e-09
986,1.791991434428849e-09
987,1.7913198289732023e-09
988,1.7921382943947004e-09
989,1.792430498601605e-09
990,1.7925064831949205e-09
991,1.7923133018187247e-09
992,1.7923152380923167e-09
993,1.7917749360365513e-09
994,1.7920033087929583e-09
995,1.7929022836829087e-09
996,1.7923398554116443e-09
997,1.792836261022323e-09
998,1.7918886830318428e-09
999,1.792324142408818e-09
1000,1.7921957846439368e-09
1001,1.7940645670157352e-09
1002,1.793941387108948e-09
1003,1.7940623259159535e-09
1004,1.794107203616557e-09
1005,1.7933763895292024e-09
1006,1.7931628119555292e-09
1007,1.7934256161634261e-09
1008,1.7925091396803368e-09
1009,1.7943428569867046e-09
1010,1.7933250728127317e-09
1011,1.7945225411918238e-09
1012,1.7944425316379735e-09
1013,1.7947864007310598e-09
1014,1.7954562656349005e-09
1015,1.7959896499676728e-09
1016,1.7963615686841196e-09
1017,1.7960662011307036e-09
1018,1.795038158497018e-09
1019,1.794427157185343e-09
1020,1.7933268997841113e-09
1021,1.7943211378985437e-09
1022,1.793279179092683e-09
1023,1.79512017807542e-09
1024,1.7939063852634481e-09
1025,1.7940404394059874e-09
1026,1.7945566112882015e-09
1027,1.7938377907992854e-09
1028,1.793277680715294e-09
1029,1.7931626881196748e-09
1030,1.7928453103943712e-09
1031,1.7917531563081603e-09
1032,1.7919131902359808e-09
1033,1.793227837660391e-09
1034,1.7932404102558456e-09
1035,1.7928307952371965e-09
1036,1.7933397067715431e-09
1037,1.793870080224585e-09
1038,1.7943143658895735e-09
1039,1.79351299544931e-09
1040,1.7941893624132664e-09
1041,1.7936762994542502e-09
1042,1.7950285958096448e-09
1043,1.7938237313229151e-09
1044,1.7940403729609848e-09
1045,1.7950074912021105e-09
1046,1.7944567263379063e-09
1047,1.7950597901700573e-09
1048,1.7942655197249705e-09
1049,1.7952163624237046e-09
1050,1.7950811927398779e-09
1051,1.7948894412160514e-09
1052,1.7927730131252225e-09
1053,1.7921393105737532e-09
1054,1.792585513460234e-09
1055,1.7917235045886165e-09
1056,1.7917370505388014e-09
1057,1.7917793385879902e-09
1058,1.7929802573318622e-09
1059,1.7930403539643697e-09
1060,1.7939237014319715e-09
1061,1.7953844483807092e-09
1062,1.7954288238796123e-09
1063,1.7941069859111482e-09
1064,1.7933918423072171e-09
1065,1.7933914427184556e-09
1066,1.793896617272238e-09
1067,1.7937083001083597e-09
1068,1.7933235991736526e-09
1069,1.792618471686758e-09
1070,1.7938073909161747e-09
1071,1.7942282375055528e-09
1072,1.7952414646648214e-09
1073,1.7951111578251918e-09
1074,1.795396811980345e-09
1075,1.7937990469995304e-09
1076,1.7933961701268137e-09
1077,1.7940056468687082e-09
1078,1.79524214114845e-09
1079,1.7942985054449646e-09
1080,1.793958375032987e-09
1081,1.7939945113765946e-09
1082,1.7939638563414787e-09
1083,1.7947098141159997e-09
1084,1.7943310477359573e-09
1085,1.79451892063647e-09
1086,1.794215827170536e-09
1087,1.7945894756948606e-09
1088,1.7950074281026912e-09
1089,1.7953020119988566e-09
1090,1.7936932131362032e-09
1091,1.7938091798960485e-09
1092,1.7943573670105222e-09
1093,1.791983330847914e-09
1094,1.7922911962022843e-09
1095,1.7915342518156675e-09
1096,1.7928965311105129e-09
1097,1.7921667994909595e-09
1098,1.792229295893586e-09
1099,1.792565783401281e-09
1100,1.79261101709745e-09
1101,1.792004797533365e-09
1102,1.7930949491750015e-09
1103,1.7938824283751132e-09
1104,1.7932274470333743e-09
1105,1.7952882430748313e-09
1106,1.7942134459942472e-09
1107,1.7945979891988418e-09
1108,1.7934799785660814e-09
1109,1.7926100348099097e-09
1110,1.7925843037764755e-09
1111,1.7922670663746527e-09
1112,1.7924880602689695e-09
1113,1.792618388078381e-09
1114,1.7940198873374248e-09
1115,1.7922985902250593e-09
1116,1.7933775908399455e-09
1117,1.7953181528620199e-09
1118,1.7940117521946086e-09
1119,1.7935459601348845e-09
1120,1.7935202464722717e-09
1121,1.7938300039719238e-09
1122,1.7942252611577316e-09
1123,1.7941804836707568e-09
1124,1.793454599263521e-09
1125,1.7947647199248815e-09
1126,1.7940353096042106e-09
1127,1.7936210491281078e-09
1128,1.794753046158411e-09
1129,1.7937525028984178e-09
1130,1.7949845290819998e-09
1131,1.7932247819035758e-09
1132,1.794166620282806e-09
1133,1.7948875483828183e-09
1134,1.7938135613042142e-09
1135,1.7927678064558154e-09
1136,1.7929044029286861e-09
1137,1.7940958131944454e-09
1138,1.7940458679535037e-09
1139,1.7939057927321752e-09
1140,1.7942458915838453e-09
1141,1.7939017457807934e-09
1142,1.7943065232068882e-09
1143,1.7945159475121084e-09
1144,1.7942966621977292e-09
1145,1.7946668304706851e-09
1146,1.7942836934028935e-09
1147,1.7944031300392448e-09
1148,1.793735138204935e-09
1149,1.7935639286090634e-09
1150,1.794021628815359e-09
1151,1.792988660320361e-09
1152,1.7936425869210334e-09
1153,1.7947423725304935e-09
1154,1.7939543735679305e-09
1155,1.7952765488934461e-09
1156,1.794253683629448e-09
1157,1.7944137675694378e-09
1158,1.7942411695310767e-09
1159,1.7948736896817564e-09
1160,1.7953088850791756e-09
1161,1.7953962512341767e-09
1162,1.7945688491880374e-09
1163,1.7941266588559332e-09
1164,1.7946709141798403e-09
1165,1.7958738487883216e-09
1166,1.7946061955663222e-09
1167,1.794880845853168e-09
1168,1.7941423469989072e-09
1169,1.7959957695960318e-09
1170,1.7953493333682697e-09
1171,1.795320894863033e-09
1172,1.7956410526580514e-09
1173,1.7952111975493714e-09
1174,1.7940443270245499e-09
1175,1.7945600463709716e-09
1176,1.793973319475059e-09
1177,1.794915853668782e-09
1178,1.795271238049699e-09
1179,1.795471108351752e-09
1180,1.7945755957745586e-09
1181,1.7932884657712568e-09
1182,1.7927362819777972e-09
1183,1.7931098193132737e-09
1184,1.7928166199916096e-09
1185,1.7933098121285655e-09
1186,1.7937642810141955e-09
1187,1.793387180417767e-09
1188,1.7943792481643617e-09
1189,1.7930862264971633e-09
1190,1.7933185695377653e-09
1191,1.7934725249266154e-09
1192,1.792918214015728e-09
1193,1.7921660843339619e-09
1194,1.792577425088227e-09
1195,1.7938374721150594e-09
1196,1.7943112301364423e-09
1197,1.793915489672305e-09
1198,1.7940511021382558e-09
1199,1.7925257554751506e-09
1200,1.7944807569089508e-09
1201,1.79331090900766e-09
1202,1.7933924015567877e-09
1203,1.792451497182164e-09
1204,1.7927980170800474e-09
1205,1.7932938465735465e-09
1206,1.7936599352757702e-09
1207,1.7929003649541915e-09
1208,1.793297043992702e-09
1209,1.7928243438308307e-09
1210,1.7941139110834167e-09
1211,1.7941687466802674e-09
1212,1.7930744246267245e-09
1213,1.7929673993920264e-09
1214,1.7939404850499823e-09
1215,1.793087805985186e-09
1216,1.7927756691817255e-09
1217,1.7928496491244708e-09
1218,1.7923569580575852e-09
1219,1.7922698381825437e-09
1220,1.7909860333476658e-09
1221,1.7906016057394536e-09
1222,1.7921622450572189e-09
1223,1.7936642222350778e-09
1224,1.7910668777946317e-09
1225,1.7919942220665775e-09
1226,1.7923418469125045e-09
1227,1.7921319904268788e-09
1228,1.7922461353967393e-09
1229,1.792217532537753e-09
1230,1.79288770450562e-09
1231,1.7930666040688816e-09
1232,1.7930494045621498e-09
1233,1.793897043288277e-09
1234,1.7945897772368434e-09
1235,1.7941092342791263e-09
1236,1.7950499222585145e-09
1237,1.793973596082736e-09
1238,1.7934465400363767e-09
1239,1.7937362444698936e-09
1240,1.7935616540904125e-09
1241,1.7941791718538085e-09
1242,1.7948847284871633e-09
1243,1.7934198028390933e-09
1244,1.7936375921273334e-09
1245,1.7931974894654723e-09
1246,1.793602288274129e-09
1247,1.7942634185317005e-09
1248,1.7933024871841551e-09
1249,1.7926898247624396e-09
1250,1.792249724114486e-09
1251,1.7916679384893232e-09
1252,1.7922808652560231e-09
1253,1.7925207564056827e-09
1254,1.7934440053397102e-09
1255,1.7943333786130161e-09
1256,1.7952253486760608e-09
1257,1.7934178817338074e-09
1258,1.7940059064841539e-09
1259,1.793223130935243e-09
1260,1.7928216215004868e-09
1261,1.793364431430866e-09
1262,1.7935544317988897e-09
1263,1.7934272293365436e-09
1264,1.7936466279999765e-09
1265,1.7932539273806413e-09
1266,1.793053195555453e-09
1267,1.7937102194645508e-09
1268,1.7935834182885402e-09
1269,1.7930708839253435e-09
1270,1.79369953800585e-09
1271,1.7952485057451886e-09
1272,1.7933636458123994e-09
1273,1.791485331461705e-09
1274,1.7930724804519996e-09
1275,1.7921073745821536e-09
1276,1.7927283769895557e-09
1277,1.7937559663441188e-09
1278,1.794496951423732e-09
1279,1.7938333086249376e-09
1280,1.7939348900257939e-09
1281,1.7956441180515196e-09
1282,1.794407912762838e-09
1283,1.793447118246893e-09
1284,1.7954063810142015e-09
1285,1.7986159623955932e-09
1286,1.7951781762690248e-09
1287,1.794251890454974e-09
1288,1.79383359241628e-09
1289,1.7948626025309915e-09
1290,1.794113185321984e-09
1291,1.7952904203995701e-09
1292,1.793878983581499e-09
1293,1.7941615200877815e-09
1294,1.7939627037501343e-09
1295,1.793736655109044e-09
1296,1.7941219699758257e-09
1297,1.793656016761388e-09
1298,1.7947932556292546e-09
1299,1.7948675124386288e-09
1300,1.7944155328932543e-09
1301,1.7928985470558887e-09
1302,1.7927912946975266e-09
1303,1.7938802619596332e-09
1304,1.7944619018406386e-09
1305,1.7943840620126577e-09
1306,1.794455455512488e-09
1307,1.7943482336125117e-09
1308,1.7946709294079893e-09
1309,1.7927423197470169e-09
1310,1.7928823871258292e-09
1311,1.7941434275056505e-09
1312,1.7933869050188797e-09
1313,1.7942481437820944e-09
1314,1.7963659061475896e-09
1315,1.7943277958543113e-09
1316,1.7939485413665209e-09
1317,1.7933624926921036e-09
1318,1.7942847968024515e-09
1319,1.7953227326913702e-09
1320,1.7969844649193386e-09
1321,1.7941973109785847e-09
1322,1.7933971981013105e-09
1323,1.793931226889713e-09
1324,1.7938765880508388e-09
1325,1.7943700003082613e-09
1326,1.7934793590489658e-09
1327,1.7928763231617515e-09
1328,1.7931389047930084e-09
1329,1.7935545320843456e-09
1330,1.7935400330604185e-09
1331,1.7941967866874142e-09
1332,1.7940381303089266e-09
1333,1.794051515018099e-09
1334,1.7939791225422396e-09
1335,1.7937208196121617e-09
1336,1.7939911667772735e-09
1337,1.7937226559732477e-09
1338,1.7921817929692095e-09
1339,1.7922571744446406e-09
1340,1.7922596207984476e-09
1341,1.7932298700683417e-09
1342,1.792962435467458e-09
1343,1.7930680325826357e-09
1344,1.7936251960762142e-09
1345,1.7933931364978876e-09
1346,1.7937376575714149e-09
1347,1.7937124895006517e-09
1348,1.7935846485422285e-09
1349,1.7936574278657734e-09
1350,1.7938009580426037e-09
1351,1.7930494511173588e-09
1352,1.7939630287864457e-09
1353,1.792541792399993e-09
1354,1.7929245404516588e-09
1355,1.7935621490561789e-09
1356,1.7917023868126014e-09
1357,1.792223548898712e-09
1358,1.7931089841949994e-09
1359,1.7939317469182317e-09
1360,1.794207152305388e-09
1361,1.7933050231040596e-09
1362,1.7933796473549183e-09
1363,1.7924618389336068e-09
1364,1.7935283589896645e-09
1365,1.7931899734522732e-09
1366,1.79355182563605e-09
1367,1.7933566813184663e-09
1368,1.7924096690032378e-09
1369,1.7941747095089741e-09
1370,1.7952520814148773e-09
1371,1.7943055951219853e-09
1372,1.793763231092958e-09
1373,1.7937997561597374e-09
1374,1.7939672969163022e-09
1375,1.7928458183912837e-09
1376,1.7937903127830763e-09
1377,1.7938451821817257e-09
1378,1.79503007110397e-09
1379,1.7954356595719802e-09
1380,1.7945560172607057e-09
1381,1.7951177056929004e-09
1382,1.7939438564793187e-09
1383,1.7934081505265316e-09
1384,1.7947279114494265e-09
1385,1.793722965274408e-09
1386,1.7934527710196812e-09
1387,1.7924718951650231e-09
1388,1.793332527015743e-09
1389,1.7924116123278523e-09
1390,1.7943840920351158e-09
1391,1.7934833899852544e-09
1392,1.7930194584342465e-09
1393,1.793280113675769e-09
1394,1.7925961146707804e-09
1395,1.7930806262965127e-09
1396,1.7928390214666807e-09
1397,1.7933610877830315e-09
1398,1.7933036761611835e-09
1399,1.7938344091969503e-09
1400,1.7941298120375813e-09
1401,1.7975940310955974e-09
1402,1.794954873069343e-09
1403,1.79405800831507e-09
1404,1.7937705420352484e-09
1405,1.7941660411398383e-09
1406,1.7938525307788109e-09
1407,1.7948434400515224e-09
1408,1.793720698380605e-09
1409,1.7944566920892537e-09
1410,1.7938758284984658e-09
1411,1.7932435659420296e-09
1412,1.7937551447065256e-09
1413,1.7935461051170032e-09
1414,1.7920015928928337e-09
1415,1.7924922256927284e-09
1416,1.7921115612917567e-09
1417,1.7937721177952117e-09
1418,1.7954022565473779e-09
1419,1.793944181737197e-09
1420,1.7947181742814795e-09
1421,1.7939475965539102e-09
1422,1.7943510513896924e-09
1423,1.7943315765007298e-09
1424,1.794579829072233e-09
1425,1.7944807043436857e-09
1426,1.7952410286685026e-09
1427,1.794965331367272e-09
1428,1.7956107499000263e-09
1429,1.7947908322951972e-09
1430,1.7954129814217782e-09
1431,1.7939915241667607e-09
1432,1.7945927560447255e-09
1433,1.7949976749143008e-09
1434,1.7945206113496094e-09
1435,1.7946588747898036e-09
1436,1.795637475877608e-09
1437,1.7959432128655926e-09
1438,1.7935556320461916e-09
1439,1.79295341475974e-09
1440,1.7925239671794473e-09
1441,1.7934797041346844e-09
1442,1.7948689728157429e-09
1443,1.7950673237990862e-09
1444,1.7939569789397884e-09
1445,1.7949510432474676e-09
1446,1.794459855128027e-09
1447,1.7946370136160941e-09
1448,1.7947884177457376e-09
1449,1.7935739767776244e-09
1450,1.7942333969897871e-09
1451,1.7928707972333245e-09
1452,1.793765212161713e-09
1453,1.7949361778192191e-09
1454,1.793902228141868e-09
1455,1.7958612287950763e-09
1456,1.794188931464451e-09
1457,1.7937021133066876e-09
1458,1.7931767735905448e-09
1459,1.7933983288793914e-09
1460,1.793000551662381e-09
1461,1.7926613745742676e-09
1462,1.7931897577863775e-09
1463,1.792833646103877e-09
1464,1.792732394607308e-09
1465,1.7927214014271341e-09
1466,1.7928086199771365e-09
1467,1.7931111242430302e-09
1468,1.7917950741591221e-09
1469,1.792750340490641e-09
1470,1.7926992637778284e-09
1471,1.7931565045123593e-09
1472,1.79365399167255e-09
1473,1.7917194176447399e-09
1474,1.7922503727872232e-09
1475,1.7938439004867454e-09
1476,1.7930718121978165e-09
1477,1.7930914273572001e-09
1478,1.7927646940358187e-09
1479,1.792704302057376e-09
1480,1.7922883131193437e-09
1481,1.792620215229126e-09
1482,1.7926277836554692e-09
1483,1.7926338757193802e-09
1484,1.7917903931646056e-09
1485,1.79301170620441e-09
1486,1.7930617425012975e-09
1487,1.7939341622113294e-09
1488,1.7927778138889078e-09
1489,1.792598392616618e-09
1490,1.793493340375601e-09
1491,1.7938417710463724e-09
1492,1.7924540905247807e-09
1493,1.7938977849255394e-09
1494,1.7951727191547445e-09
1495,1.793549026622983e-09
1496,1.793329761010902e-09
1497,1.7940403844283122e-09
1498,1.7939746214708023e-09
1499,1.7943933587903804e-09
1500,1.793870500270354e-09
1501,1.7933231804981615e-09
1502,1.7944538193723668e-09
1503,1.7943730405138229e-09
1504,1.794967771902504e-09
1505,1.7948031165122867e-09
1506,1.7943989981800747e-09
1507,1.7933491276068785e-09
1508,1.7933033142010672e-09
1509,1.7934711612478501e-09
1510,1.792158994289016e-09
1511,1.7919720743448883e-09
1512,1.7929537595972541e-09
1513,1.792662446417411e-09
1514,1.7920307103338254e-09
1515,1.7914403542856462e-09
1516,1.7915474983253322e-09
1517,1.7916668751279019e-09
1518,1.7913070356610408e-09
1519,1.7913601560154884e-09
1520,1.7921262535573797e-09
1521,1.7914567208843094e-09
1522,1.7909881230117707e-09
1523,1.792109568728813e-09
1524,1.7926468587504517e-09
1525,1.7943368549720233e-09
1526,1.79475546985543e-09
1527,1.795063227481428e-09
1528,1.7918853835788035e-09
1529,1.7930476345966484e-09
1530,1.7921509857676908e-09
1531,1.7912535697430785e-09
1532,1.791530726613658e-09
1533,1.793482835659221e-09
1534,1.7928644958142896e-09
1535,1.7927632562020415e-09
1536,1.793379273376559e-09
1537,1.7941361539155258e-09
1538,1.7933131474462516e-09
1539,1.7940597859468735e-09
1540,1.7936872205800536e-09
1541,1.7972367321620526e-09
1542,1.7950339760851962e-09
1543,1.7940808034271382e-09
1544,1.794978647015969e-09
1545,1.7966551598837253e-09
1546,1.795015900337184e-09
1547,1.7959253242292933e-09
1548,1.7936215573506528e-09
1549,1.793094118267495e-09
1550,1.7935568224214164e-09
1551,1.7931440999464021e-09
1552,1.7929515833586187e-09
1553,1.794314902484031e-09
1554,1.793160808978495e-09
1555,1.7939876155714672e-09
1556,1.7941937853927085e-09
1557,1.7950288512717614e-09
1558,1.7949822743018176e-09
1559,1.7943821851106777e-09
1560,1.7947112976065772e-09
1561,1.7948594771840854e-09
1562,1.7931243051347404e-09
1563,1.7933187255865153e-09
1564,1.7936962307505569e-09
1565,1.796053025437435e-09
1566,1.7929139030007732e-09
1567,1.7924947546890163e-09
1568,1.7937601684212542e-09
1569,1.794249444712146e-09
1570,1.7954537437588292e-09
1571,1.7976079738957287e-09
1572,1.7950018998897597e-09
1573,1.7953803451411297e-09
1574,1.7952085015854575e-09
1575,1.7954747161392045e-09
1576,1.7959070997965278e-09
1577,1.7955052327195053e-09
1578,1.7943452332441064e-09
1579,1.794650737953598e-09
1580,1.7942809196632898e-09
1581,1.7934829981213078e-09
1582,1.792720322530876e-09
1583,1.793519748901702e-09
1584,1.7939003027696475e-09
1585,1.7941294178773313e-09
1586,1.7934369425422819e-09
1587,1.7936754980114015e-09
1588,1.7934675732632496e-09
1589,1.7941257354671782e-09
1590,1.7938004031246943e-09
1591,1.7940934184960414e-09
1592,1.7941867693613976e-09
1593,1.7941413356696881e-09
1594,1.7957637346426842e-09
1595,1.7988297936342643e-09
1596,1.795491957505649e-09
1597,1.7958118908670968e-09
1598,1.7955853394678107e-09
1599,1.7937537178156573e-09
1600,1.7947929342991393e-09
1601,1.794287023532913e-09
1602,1.794039812554077e-09
1603,1.7938867920815986e-09
1604,1.7936078716091037e-09
1605,1.7934078042722318e-09
1606,1.7927008292346875e-09
1607,1.7927944060215913e-09
1608,1.795092117719376e-09
1609,1.7954034668650684e-09
1610,1.7943672876160926e-09
1611,1.7958040387832789e-09
1612,1.794596649425134e-09
1613,1.7980873815814794e-09
1614,1.7941051968711602e-09
1615,1.7938353753174753e-09
1616,1.794951723817392e-09
1617,1.7958954930087294e-09
1618,1.7949312861026177e-09
1619,1.7940346670516276e-09
1620,1.7929294086243773e-09
1621,1.7940275437422704e-09
1622,1.7938768343763816e-09
1623,1.794206401747779e-09
1624,1.7946540505661512e-09
1625,1.7936966008382132e-09
1626,1.7936820841009656e-09
1627,1.7936599692057625e-09
1628,1.7932470578005087e-09
1629,1.7938821684115466e-09
1630,1.792543421874931e-09
1631,1.792844898719297e-09
1632,1.7941165921926469e-09
1633,1.7952632230996428e-09
1634,1.7941886897806807e-09
1635,1.794957969370242e-09
1636,1.7942207794418187e-09
1637,1.7943229023440979e-09
1638,1.794344768621747e-09
1639,1.7941562902514904e-09
1640,1.7944415112642523e-09
1641,1.7933570373514334e-09
1642,1.7960888660966895e-09
1643,1.7955350433400596e-09
1644,1.7943868911662064e-09
1645,1.7936768010561642e-09
1646,1.7947092861525187e-09
1647,1.7946835503714514e-09
1648,1.7947680832043605e-09
1649,1.7946841546469697e-09
1650,1.7937945807770555e-09
1651,1.7935192641780999e-09
1652,1.7948124649879317e-09
1653,1.7919300127451247e-09
1654,1.79228883033846e-09
1655,1.791886782205553e-09
1656,1.7932466082573734e-09
1657,1.7923642101208713e-09
1658,1.7925831515799849e-09
1659,1.7926942925138586e-09
1660,1.7928357843898527e-09
1661,1.7918147010047007e-09
1662,1.7925332904232125e-09
1663,1.7921049188587028e-09
1664,1.7928799847778817e-09
1665,1.793078260053617e-09
1666,1.7934279245127603e-09
1667,1.7946212110936233e-09
1668,1.7936187003277778e-09
1669,1.7955043480042092e-09
1670,1.7949716811564005e-09
1671,1.793683460625014e-09
1672,1.7941845324855564e-09
1673,1.794570638458668e-09
1674,1.7930945018687845e-09
1675,1.7962228335187593e-09
1676,1.7933936026240635e-09
1677,1.7940259163345415e-09
1678,1.793893075734823e-09
1679,1.794144697062184e-09
1680,1.7942329283709947e-09
1681,1.7959496453782579e-09
1682,1.7944085545219393e-09
1683,1.7934519566952086e-09
1684,1.7956712135456446e-09
1685,1.7945030362251167e-09
1686,1.7936276852682256e-09
1687,1.795013600557816e-09
1688,1.795010602273186e-09
1689,1.7949252199925346e-09
1690,1.7955283344727007e-09
1691,1.7950766533294532e-09
1692,1.7944925541292534e-09
1693,1.7935380860181208e-09
1694,1.7941573093523516e-09
1695,1.795451284807357e-09
1696,1.7945233142356521e-09
1697,1.7951679839970527e-09
1698,1.7943773160331563e-09
1699,1.793537899310273e-09
1700,1.7959930755621315e-09
1701,1.794749621475859e-09
1702,1.7944746142597983e-09
1703,1.7947397183463263e-09
1704,1.7938333665769936e-09
1705,1.7940812789309228e-09
1706,1.7945616328444207e-09
1707,1.7939903069465714e-09
1708,1.794896906142934e-09
1709,1.793869118231669e-09
1710,1.7937742056901982e-09
1711,1.793650587164347e-09
1712,1.7941384380617111e-09
1713,1.7948476579569133e-09
1714,1.7940399850960675e-09
1715,1.7942207222556141e-09
1716,1.7940008988573406e-09
1717,1.7939841260135152e-09
1718,1.7952538793183497e-09
1719,1.7946072463121776e-09
1720,1.7938605435019903e-09
1721,1.7936454686261663e-09
1722,1.7941579800105176e-09
1723,1.7977199286778529e-09
1724,1.793464851672828e-09
1725,1.7966212554065337e-09
1726,1.7941241775276833e-09
1727,1.7943283502704612e-09
1728,1.7939522615318859e-09
1729,1.7943685775985588e-09
1730,1.79483135310756e-09
1731,1.7962800418469213e-09
1732,1.7955063070065335e-09
1733,1.794812994012119e-09
1734,1.793954472680506e-09
1735,1.793651339853439e-09
1736,1.7948770917959404e-09
1737,1.796061866034011e-09
1738,1.7953276985376794e-09
1739,1.7951917432451263e-09
1740,1.7948620312382783e-09
1741,1.7944027902058616e-09
1742,1.793604513498572e-09
1743,1.7943517061274583e-09
1744,1.7939929963218873e-09
1745,1.79416208103975e-09
1746,1.794875659768979e-09
1747,1.7957855581839179e-09
1748,1.795960146857825e-09
1749,1.7971393785190175e-09
1750,1.797820927503982e-09
1751,1.7966761691973121e-09
1752,1.795690405885666e-09
1753,1.7976257281713323e-09
1754,1.7955843337900477e-09
1755,1.7955115734319896e-09
1756,1.7941082076700063e-09
1757,1.7938227305379456e-09
1758,1.7946719196511937e-09
1759,1.7951037368465872e-09
1760,1.7943131090101353e-09
1761,1.7945855573403577e-09
1762,1.7936010429981531e-09
1763,1.7939234336197944e-09
1764,1.7944395314626905e-09
1765,1.794244325807019e-09
1766,1.7946763366763447e-09
1767,1.7942951380482104e-09
1768,1.7933777021176222e-09
1769,1.7941564042840875e-09
1770,1.7940517287663073e-09
1771,1.7940626525076416e-09
1772,1.7958771014516866e-09
1773,1.7940830104639375e-09
1774,1.7928207685564517e-09
1775,1.7940127617452576e-09
1776,1.7945398138855933e-09
1777,1.7912319900896565e-09
1778,1.7923608971977827e-09
1779,1.7923795943238323e-09
1780,1.7922610413718212e-09
1781,1.7920686740518018e-09
1782,1.790821856615769e-09
1783,1.791932266666494e-09
1784,1.7918449681956903e-09
1785,1.7916005421396973e-09
1786,1.7914764205794262e-09
1787,1.7914500957495348e-09
1788,1.7914564966328904e-09
1789,1.791223745452098e-09
1790,1.7917796536258485e-09
1791,1.7915649142452116e-09
1792,1.7920590261194333e-09
1793,1.7947263561375579e-09
1794,1.7922641301972726e-09
1795,1.7947331826134978e-09
1796,1.7931828228852748e-09
1797,1.79373623460194e-09
1798,1.7916864986084123e-09
1799,1.79147102972579e-09
1800,1.7922687215540947e-09
1801,1.7924073841106928e-09
1802,1.7934616729705964e-09
1803,1.7925367953389403e-09
1804,1.794991553822901e-09
1805,1.7925511435405238e-09
1806,1.7934628744236621e-09
1807,1.7941106312630591e-09
1808,1.7931949159266573e-09
1809,1.792707758697054e-09
1810,1.791614816904931e-09
1811,1.7917347456684824e-09
1812,1.7935487057549923e-09
1813,1.7933960463681688e-09
1814,1.7937464390272538e-09
1815,1.794018506975918e-09
1816,1.794110218636872e-09
1817,1.7946918714825635e-09
1818,1.7940705123903654e-09
1819,1.795148896825964e-09
1820,1.7936569555629977e-09
1821,1.7931066711632735e-09
1822,1.7930000774658286e-09
1823,1.7937343073362947e-09
1824,1.7940153282300858e-09
1825,1.7939633872675876e-09
1826,1.7938316714343558e-09
1827,1.794948539921591e-09
1828,1.7943681353807435e-09
1829,1.7947650386097758e-09
1830,1.7939780170397517e-09
1831,1.7955639256001644e-09
1832,1.7949532466482111e-09
1833,1.796471175948745e-09
1834,1.7940857151560528e-09
1835,1.794951522779154e-09
1836,1.795105254414815e-09
1837,1.7948379543182366e-09
1838,1.7940305549075451e-09
1839,1.793482837970924e-09
1840,1.7935400613618007e-09
1841,1.7943869541520282e-09
1842,1.7944679409400995e-09
1843,1.7925366836679992e-09
1844,1.7934809003799153e-09
1845,1.7941116823681713e-09
1846,1.7927163555741363e-09
1847,1.7930491527115537e-09
1848,1.7932670849761605e-09
1849,1.7935166392505768e-09
1850,1.7938994626016047e-09
1851,1.7936350038859536e-09
1852,1.7931091370083525e-09
1853,1.7923715889219923e-09
1854,1.7947472090052682e-09
1855,1.7932681380287022e-09
1856,1.7942000002465702e-09
1857,1.7932965370300929e-09
1858,1.7911894210747357e-09
1859,1.7913252999200573e-09
1860,1.7940410316801308e-09
1861,1.7933672532149625e-09
1862,1.793568924068164e-09
1863,1.792422008863033e-09
1864,1.791961844075152e-09
1865,1.79532348014926e-09
1866,1.7936325435012542e-09
1867,1.7940329288371713e-09
1868,1.7936806260913554e-09
1869,1.7937205003338812e-09
1870,1.7950717507482494e-09
1871,1.7931728714643807e-09
1872,1.7939867237395907e-09
1873,1.7947162746560052e-09
1874,1.7926206011810017e-09
1875,1.7944375852159146e-09
1876,1.7975778413908705e-09
1877,1.7937164627061646e-09
1878,1.7937337575719124e-09
1879,1.7928600835326221e-09
1880,1.7925749585381333e-09
1881,1.7931213361461838e-09
1882,1.7926890920856282e-09
1883,1.7920591055814304e-09
1884,1.794129891481484e-09
1885,1.792250613095533e-09
1886,1.7932715249032943e-09
1887,1.7928462095123298e-09
1888,1.7937990166664534e-09
1889,1.7929776430631178e-09
1890,1.7920149461261509e-09
1891,1.7924596977034982e-09
1892,1.7934199245440202e-09
1893,1.7938895367528762e-09
1894,1.7925781392781708e-09
1895,1.79307463739731e-09
1896,1.792898214961231e-09
1897,1.7926038025110945e-09
1898,1.7937634341043908e-09
1899,1.793711782576805e-09
1900,1.795556762383496e-09
1901,1.7945720031227145e-09
1902,1.7946542938073017e-09
1903,1.794521252150839e-09
1904,1.7967012278206102e-09
1905,1.7952254373938566e-09
1906,1.794477059134216e-09
1907,1.7939760707282648e-09
1908,1.7948348063802502e-09
1909,1.7927629331498692e-09
1910,1.7941806896696237e-09
1911,1.7933786899648103e-09
1912,1.7921493487427687e-09
1913,1.79082846908274e-09
1914,1.7931716085414968e-09
1915,1.7916818812859144e-09
1916,1.7923020828685857e-09
1917,1.792939970312989e-09
1918,1.79405706111815e-09
1919,1.7941940567720504e-09
1920,1.7950454961018108e-09
1921,1.7934882785685348e-09
1922,1.7946463847907383e-09
1923,1.7952544649495773e-09
1924,1.7937379407627912e-09
1925,1.7948234056097247e-09
1926,1.7941648887113326e-09
1927,1.7935624396796851e-09
1928,1.793479280108374e-09
1929,1.794186849098409e-09
1930,1.7941751068765369e-09
1931,1.7936904731665579e-09
1932,1.794116270651605e-09
1933,1.7937536870447128e-09
1934,1.7941740475087293e-09
1935,1.794054604344476e-09
1936,1.7934079499882326e-09
1937,1.7940182299076882e-09
1938,1.7940380064680225e-09
1939,1.7950320123767987e-09
1940,1.7944594532198384e-09
1941,1.7954350769803298e-09
1942,1.794960028988242e-09
1943,1.796809728399109e-09
1944,1.7945431698485895e-09
1945,1.793244787889762e-09
1946,1.7937066715722659e-09
1947,1.7939124793497253e-09
1948,1.792766227697103e-09
1949,1.7928513276027338e-09
1950,1.7942924086400311e-09
1951,1.7922180692786424e-09
1952,1.7936221647513167e-09
1953,1.793044459462016e-09
1954,1.7936905542454561e-09
1955,1.7951815777309057e-09
1956,1.7933932026579999e-09
1957,1.795024184302419e-09
1958,1.7957690145833501e-09
1959,1.795059301058936e-09
1960,1.793575645450742e-09
1961,1.7916640309759192e-09
1962,1.7923451241984107e-09
1963,1.7942442484695311e-09
1964,1.7938016138252147e-09
1965,1.7950072217251565e-09
1966,1.7940477560931012e-09
1967,1.7946915537962656e-09
1968,1.7941132053631933e-09
1969,1.7946007530198813e-09
1970,1.7960033844685417e-09
1971,1.795132323471782e-09
1972,1.7940728391696734e-09
1973,1.7981954095792272e-09
1974,1.7940812381145814e-09
1975,1.7930852581283296e-09
1976,1.7938526202834517e-09
1977,1.7949937279580497e-09
1978,1.79623917159725e-09
1979,1.794752189846465e-09
1980,1.7946169197789683e-09
1981,1.7956416888197075e-09
1982,1.7939075128381344e-09
1983,1.7951066492688313e-09
1984,1.7936298412164217e-09
1985,1.7933327833454516e-09
1986,1.7933485725450549e-09
1987,1.793575446347438e-09
1988,1.7954491527171177e-09
1989,1.7924873368017626e-09
1990,1.7927567868562261e-09
1991,1.7915145500226012e-09
1992,1.7917728778027545e-09
1993,1.7933216222749127e-09
1994,1.7919747584870359e-09
1995,1.793043710991052e-09
1996,1.7941756385034674e-09
1997,1.7947040790385382e-09
1998,1.7932709747931424e-09
1999,1.7942466908729016e-09
2000,1.7940172033670125e-09
2001,1.7961514555110791e-09
2002,1.7931580665816068e-09
2003,1.7933385921437457e-09
2004,1.797663623582782e-09
2005,1.7941462843138737e-09
2006,1.7943941173291333e-09
2007,1.7936607455600107e-09
2008,1.7952000946938297e-09
2009,1.7967526612728377e-09
2010,1.7934167099528712e-09
2011,1.7961223340055634e-09
2012,1.7940403229668536e-09
2013,1.7970466210600369e-09
2014,1.7954962865987351e-09
2015,1.7955603391561095e-09
2016,1.7948393235710914e-09
2017,1.7943824976368994e-09
2018,1.7934297707221556e-09
2019,1.7983183944525568e-09
2020,1.7992463704810747e-09
2021,1.7985670034940018e-09
2022,1.794526844937905e-09
2023,1.7944660804783513e-09
2024,1.7940531743336949e-09
2025,1.7939831630298363e-09
2026,1.8002093774730894e-09
2027,1.7952385057672054e-09
2028,1.797195113154453e-09
2029,1.7966515545069447e-09
2030,1.7947963666012321e-09
2031,1.7952751201341912e-09
2032,1.7952528847259033e-09
2033,1.798850306228439e-09
2034,1.8003977578009598e-09
2035,1.7956869310342866e-09
2036,1.7950343231238997e-09
2037,1.7943852283919225e-09
2038,1.794927160345635e-09
2039,1.7949863898217362e-09
2040,1.797053630287364e-09
2041,1.7954797465840996e-09
2042,1.7947459278014014e-09
2043,1.7941514813922178e-09
2044,1.7952415675874569e-09
2045,1.7960307087018076e-09
2046,1.794286893677322e-09
2047,1.7942762335612585e-09
2048,1.7951256967142139e-09
2049,1.7943131118332562e-09
2050,1.794545779511542e-09
2051,1.7953842205994804e-09
2052,1.795463601023262e-09
2053,1.7937767994961707e-09
2054,1.7932916833067397e-09
2055,1.7937636473369352e-09
2056,1.7933011564357662e-09
2057,1.7953004135457432e-09
2058,1.7937621053465982e-09
2059,1.7948302948075532e-09
2060,1.795017050378205e-09
2061,1.793727828117755e-09
2062,1.7943650626552876e-09
2063,1.7943160854082158e-09
2064,1.7943674278663284e-09
2065,1.7967201421720044e-09
2066,1.7939047440895549e-09
2067,1.797323558731203e-09
2068,1.7944832699313677e-09
2069,1.7932785259181465e-09
2070,1.7934734018115333e-09
2071,1.7941299966057389e-09
2072,1.793666022693272e-09
2073,1.7942231511490405e-09
2074,1.793750804628857e-09
2075,1.7937095470861317e-09
2076,1.7948884092321528e-09
2077,1.796118191823504e-09
2078,1.7962763103022208e-09
2079,1.7953707810404445e-09
2080,1.7938180745487408e-09
2081,1.793936049133424e-09
2082,1.7955434204122746e-09
2083,1.7924544461152742e-09
2084,1.7924511846884775e-09
2085,1.7930848670569197e-09
2086,1.7980851079539781e-09
2087,1.7941060118586737e-09
2088,1.7936759541630306e-09
2089,1.7937004261203448e-09
2090,1.7953740895896479e-09
2091,1.7956379081340445e-09
2092,1.7949077998379002e-09
2093,1.7957898832671396e-09
2094,1.7943536205660284e-09
2095,1.7960199873063756e-09
2096,1.7945806171615679e-09
2097,1.7941629148385186e-09
2098,1.795695041555053e-09
2099,1.7964150415896264e-09
2100,1.7959125510002674e-09
2101,1.7951888803827845e-09
2102,1.7950756565663487e-09
2103,1.7953200408882426e-09
2104,1.7955308956406918e-09
2105,1.7937315535804532e-09
2106,1.7929988452688296e-09
2107,1.7939478890706108e-09
2108,1.7936424688464537e-09
2109,1.7959971535085125e-09
2110,1.796534399219614e-09
2111,1.79497786659709e-09
2112,1.794550597770092e-09
2113,1.7943523739301284e-09
2114,1.7950776080308354e-09
2115,1.7951565863081216e-09
2116,1.792872819878498e-09
2117,1.7939028974124317e-09
2118,1.7927881459309528e-09
2119,1.7931278964890374e-09
2120,1.7950623953374175e-09
2121,1.794616267665906e-09
2122,1.7966772620807015e-09
2123,1.7946095661679212e-09
2124,1.7934297935042261e-09
2125,1.7948140063320607e-09
2126,1.795076894990289e-09
2127,1.8020131463648481e-09
2128,1.7931932035264185e-09
2129,1.7939189251336815e-09
2130,1.7952368617239432e-09
2131,1.7949115250981578e-09
2132,1.7973294310244247e-09
2133,1.7951505366137034e-09
2134,1.7934937702950082e-09
2135,1.7963700592262482e-09
2136,1.7949923272374803e-09
2137,1.7949647682435348e-09
2138,1.7954966392936035e-09
2139,1.7947644187651901e-09
2140,1.7963479069313157e-09
2141,1.7959266460667529e-09
2142,1.7956236825327788e-09
2143,1.7966093336753328e-09
2144,1.796815164202166e-09
2145,1.8000070987547815e-09
2146,1.7962284064851965e-09
2147,1.7974137920971568e-09
2148,1.7949383173879563e-09
2149,1.7946957294435728e-09
2150,1.7947545817648413e-09
2151,1.7955203959822102e-09
2152,1.793563815434745e-09
2153,1.7948767125713616e-09
2154,1.7959321318332272e-09
2155,1.7983964484423184e-09
2156,1.798141408918978e-09
2157,1.7940256694604003e-09
2158,1.7943954794215417e-09
2159,1.794539621884859e-09
2160,1.7940026382640078e-09
2161,1.7943629533226442e-09
2162,1.7948058268522522e-09
2163,1.79532174738839e-09
2164,1.7995354158519753e-09
2165,1.7953285044812586e-09
2166,1.7941418209436446e-09
2167,1.7963134389889611e-09
2168,1.7966593023950831e-09
2169,1.7951799336620807e-09
2170,1.7942629135824881e-09
2171,1.7941492565059056e-09
2172,1.793544958514094e-09
2173,1.7941521711946004e-09
2174,1.7948959707636622e-09
2175,1.7938540509386254e-09
2176,1.7943796174959253e-09
2177,1.795122675682857e-09
2178,1.7934307359023527e-09
2179,1.7928448930764853e-09
2180,1.7925942209467937e-09
2181,1.7929664256333411e-09
2182,1.7942502647911095e-09
2183,1.7927630780331297e-09
2184,1.7920678149838796e-09
2185,1.79326069304791e-09
2186,1.7924195908899811e-09
2187,1.795869043934441e-09
2188,1.793751163738053e-09
2189,1.7965144167039269e-09
2190,1.7957248595132754e-09
2191,1.7957467374690483e-09
2192,1.7950082526775316e-09
2193,1.7982331360308227e-09
2194,1.7945967239752529e-09
2195,1.7940515333058102e-09
2196,1.7938124858659556e-09
2197,1.7954580432245052e-09
2198,1.7938934561913914e-09
2199,1.7936428188836906e-09
2200,1.7944819554970296e-09
2201,1.792519715123936e-09
2202,1.7948816598600351e-09
2203,1.7928119739895434e-09
2204,1.7953090947093764e-09
2205,1.7929937067438333e-09
2206,1.794222857697547e-09
2207,1.793180051893796e-09
2208,1.794927898944173e-09
2209,1.7922957114379691e-09
2210,1.7927545411806889e-09
2211,1.7924997781408303e-09
2212,1.7947428897595065e-09
2213,1.7943264129492261e-09
2214,1.7924313038078703e-09
2215,1.7941172672751712e-09
2216,1.7930322497178967e-09
2217,1.8017764255267784e-09
2218,1.7943313367588337e-09
2219,1.7941043868692204e-09
2220,1.7932577147124924e-09
2221,1.7961444403626123e-09
2222,1.800121828799558e-09
2223,1.793810130542988e-09
2224,1.7961334526704409e-09
2225,1.7951996311591782e-09
2226,1.7952789726502253e-09
2227,1.7945350653579057e-09
2228,1.7960248066073178e-09
2229,1.7957816041333525e-09
2230,1.8000345215369402e-09
2231,1.7942123974364795e-09
2232,1.7971931011894614e-09
2233,1.7946630245358948e-09
2234,1.7966197307062052e-09
2235,1.79990683287769e-09
2236,1.7952328922861929e-09
2237,1.7990705651236176e-09
2238,1.7930474935768736e-09
2239,1.794967520556218e-09
2240,1.79492938315355e-09
2241,1.7952852119905256e-09
2242,1.796032071800887e-09
2243,1.7961515239097957e-09
2244,1.796888737618632e-09
2245,1.7932693033097088e-09
2246,1.7949584116252847e-09
2247,1.7960345230984748e-09
2248,1.7968925585166642e-09
2249,1.796390433365594e-09
2250,1.7938832495020882e-09
2251,1.795003348143937e-09
2252,1.7934546226741283e-09
2253,1.7929587194186118e-09
2254,1.7948156809557307e-09
2255,1.7949928735874627e-09
2256,1.7949284507204872e-09
2257,1.7945465636842643e-09
2258,1.7957113068280786e-09
2259,1.7953781305604118e-09
2260,1.7954873666718318e-09
2261,1.7953000524442087e-09
2262,1.796283172731141e-09
2263,1.7951097732083642e-09
2264,1.7932468764562565e-09
2265,1.7976322117423642e-09
2266,1.7958061319879466e-09
2267,1.793355461022103e-09
2268,1.7939035260927123e-09
2269,1.793200280346961e-09
2270,1.792860481385789e-09
2271,1.803133922579869e-09
2272,1.7929305629663424e-09
2273,1.7941208806305674e-09
2274,1.7925868917638037e-09
2275,1.7903052339711306e-09
2276,1.7967678093916733e-09
2277,1.792432474960432e-09
2278,1.7976387091501011e-09
2279,1.797616602782268e-09
2280,1.791977450079784e-09
2281,1.7925806416763553e-09
2282,1.7950662428750154e-09
2283,1.7998540155624323e-09
2284,1.792874770518448e-09
2285,1.7925715865149555e-09
2286,1.7960056232031167e-09
2287,1.7926795533636705e-09
2288,1.795460363943336e-09
2289,1.795028554818609e-09
2290,1.7949077595316413e-09
2291,1.7943330027445024e-09
2292,1.7992714666531496e-09
2293,1.7931746160087415e-09
2294,1.7933954933422533e-09
2295,1.7934567238395276e-09
2296,1.7979016719777946e-09
2297,1.7999048258146088e-09
2298,1.7962142612802259e-09
2299,1.7944753956142712e-09
2300,1.7930451123716166e-09
2301,1.7948506216305553e-09
2302,1.8041045888926082e-09
2303,1.7938066506015896e-09
2304,1.7937511009637569e-09
2305,1.7928839311073846e-09
2306,1.7933262940905236e-09
2307,1.7951111580012372e-09
2308,1.79520253276482e-09
2309,1.7946408871727233e-09
2310,1.7951265533573639e-09
2311,1.7958923612619046e-09
2312,1.7954614965747092e-09
2313,1.7956013481553429e-09
2314,1.7979879040477906e-09
2315,1.7953078139376203e-09
2316,1.7973063543965495e-09
2317,1.7950088887855353e-09
2318,1.7950931494084346e-09
2319,1.793981435886956e-09
2320,1.7949724181262855e-09
2321,1.79541669194468e-09
2322,1.79553890909228e-09
2323,1.7931441040374017e-09
2324,1.7921966478940315e-09
2325,1.7933259040614297e-09
2326,1.7918245298475924e-09
2327,1.7923329314575286e-09
2328,1.7967016667412496e-09
2329,1.7931319619772425e-09
2330,1.7935321730485812e-09
2331,1.7931796912915138e-09
2332,1.7951557791851482e-09
2333,1.793822538607464e-09
2334,1.793333543206422e-09
2335,1.7951045470226564e-09
2336,1.7952656370057648e-09
2337,1.797162487312702e-09
2338,1.7961475919217313e-09
2339,1.7968343324716425e-09
2340,1.7952487921864865e-09
2341,1.8005113582064709e-09
2342,1.797169653905651e-09
2343,1.7942466967812312e-09
2344,1.7950168571161565e-09
2345,1.7939084983809782e-09
2346,1.7955844439295859e-09
2347,1.7952645085532445e-09
2348,1.7944465178527756e-09
2349,1.7939854297283781e-09
2350,1.7952713576879921e-09
2351,1.794888833823831e-09
2352,1.797140969789206e-09
2353,1.7965589305403171e-09
2354,1.7970173393852158e-09
2355,1.793734477324147e-09
2356,1.793699301709653e-09
2357,1.7957410263648943e-09
2358,1.7961651389070825e-09
2359,1.7935030989807867e-09
2360,1.7941577249547109e-09
2361,1.7949287541138266e-09
2362,1.7940895916369832e-09
2363,1.7947469639783485e-09
2364,1.7945344554733193e-09
2365,1.7945057196948533e-09
2366,1.795057004017817e-09
2367,1.7953983166495376e-09
2368,1.7941785991861224e-09
2369,1.7949627871843872e-09
2370,1.795650002262206e-09
2371,1.7945820070549985e-09
2372,1.7946090860702764e-09
2373,1.7940279408867374e-09
2374,1.7939332808125145e-09
2375,1.796079258582393e-09
2376,1.7930146299347079e-09
2377,1.79730158881837e-09
2378,1.7938390687793574e-09
2379,1.7926839277895498e-09
2380,1.7958660130598483e-09
2381,1.793645510808382e-09
2382,1.7948650241010913e-09
2383,1.7963988778126324e-09
2384,1.7947756630479248e-09
2385,1.7947619247235135e-09
2386,1.7952818355298638e-09
2387,1.7948187792629793e-09
2388,1.802709674060831e-09
2389,1.7942978761166444e-09
2390,1.7946511025404883e-09
2391,1.7967775498782398e-09
2392,1.7967992230619803e-09
2393,1.7963162052824067e-09
2394,1.7971534674809388e-09
2395,1.7968351495216086e-09
2396,1.79482995775459e-09
2397,1.79326327309759e-09
2398,1.7929179044115302e-09
2399,1.7950630697105094e-09
2400,1.7930833054644155e-09
2401,1.7948283489693236e-09
2402,1.7935719315109113e-09
2403,1.7931599203926081e-09
2404,1.7944522860174324e-09
2405,1.7958462061330758e-09
2406,1.7942712221928052e-09
2407,1.7971332338184124e-09
2408,1.794995518305952e-09
2409,1.7936971828257842e-09
2410,1.7926681172740965e-09
2411,1.7927166699600189e-09
2412,1.792398478068179e-09
2413,1.7928444219088208e-09
2414,1.7930548839300843e-09
2415,1.795220848451646e-09
2416,1.7948130181771338e-09
2417,1.7951567245334559e-09
2418,1.7947706761569819e-09
2419,1.7929951394947126e-09
2420,1.7936196190186937e-09
2421,1.7943869246359678e-09
2422,1.796452882766649e-09
2423,1.7943813820433898e-09
2424,1.7976005227444836e-09
2425,1.795901130880305e-09
2426,1.795614168026356e-09
2427,1.7968624777649253e-09
2428,1.7978689607818698e-09
2429,1.8000905052919393e-09
2430,1.8046751372872147e-09
2431,1.794719474583491e-09
2432,1.795113855448077e-09
2433,1.793724346017263e-09
2434,1.796237043709383e-09
2435,1.8037759572398887e-09
2436,1.7989083667374184e-09
2437,1.7974829499156059e-09
2438,1.7943649868595421e-09
2439,1.795518048665626e-09
2440,1.7991355103620629e-09
2441,1.799579686599968e-09
2442,1.7947965163380953e-09
2443,1.7931443470230955e-09
2444,1.7931679628513399e-09
2445,1.794046668466115e-09
2446,1.7976998652911717e-09
2447,1.7941485910851778e-09
2448,1.7958390116633694e-09
2449,1.7930619973222698e-09
2450,1.7941180508638533e-09
2451,1.7937497017276034e-09
2452,1.7932502234163801e-09
2453,1.7948788463535293e-09
2454,1.7975602149913357e-09
2455,1.791866805857106e-09
2456,1.796052804514689e-09
2457,1.7922840625034845e-09
2458,1.79338550166313e-09
2459,1.791822447090524e-09
2460,1.7909548172071627e-09
2461,1.7964340398443862e-09
2462,1.7960636948023633e-09
2463,1.7927765026769114e-09
2464,1.793753719011518e-09
2465,1.7935246769827878e-09
2466,1.7930637701105308e-09
2467,1.79416233802728e-09
2468,1.7951748478653537e-09
2469,1.7969942840970256e-09
2470,1.7946823380131932e-09
2471,1.795091573192696e-09
2472,1.793611185733666e-09
2473,1.7930658898553586e-09
2474,1.7935722278551548e-09
2475,1.7937270545044563e-09
2476,1.795171784890963e-09
2477,1.793567589314989e-09
2478,1.7952861535387843e-09
2479,1.793129407184171e-09
2480,1.793260918924925e-09
2481,1.7961346485133382e-09
2482,1.7946932516881068e-09
2483,1.7934196016184296e-09
2484,1.7944453280446954e-09
2485,1.7958951752687343e-09
2486,1.793535856659893e-09
2487,1.7939729004822654e-09
2488,1.7935905306885322e-09
2489,1.7939724105591308e-09
2490,1.7960329440021073e-09
2491,1.7935526986638257e-09
2492,1.7925202293091378e-09
2493,1.7945020608789169e-09
2494,1.7945114644458213e-09
2495,1.7946895716700033e-09
2496,1.7928574054400287e-09
2497,1.7955018046845157e-09
2498,1.7935376538922885e-09
2499,1.7939979505581252e-09
2500,1.79510842076372e-09
2501,1.7962188189955372e-09
2502,1.7957053035473789e-09
2503,1.793897935939986e-09
2504,1.7954781916838892e-09
2505,1.7948206707034157e-09
2506,1.7960491963935942e-09
2507,1.7973840306549744e-09
2508,1.7975991592165976e-09
2509,1.7934961174045706e-09
2510,1.7943667581264757e-09
2511,1.7930478296524836e-09
2512,1.79381085919648e-09
2513,1.7932599952171837e-09
2514,1.7947741089768416e-09
2515,1.7937192138952877e-09
2516,1.7918228599561398e-09
2517,1.801957055811947e-09
2518,1.7943620941012686e-09
2519,1.7950544440853618e-09
2520,1.7949508235240403e-09
2521,1.7978190859201777e-09
2522,1.7972552278314642e-09
2523,1.7970003393384238e-09
2524,1.7936258461121925e-09
2525,1.793837622499584e-09
2526,1.7939902533945495e-09
2527,1.7939452901977445e-09
2528,1.7991908916850423e-09
2529,1.7998072653765805e-09
2530,1.7931944924726429e-09
2531,1.7920001943221577e-09
2532,1.79455531819942e-09
2533,1.7973608248833178e-09
2534,1.794350616521158e-09
2535,1.7983434570474627e-09
2536,1.7943364734060678e-09
2537,1.7936708325350483e-09
2538,1.7939479953906169e-09
2539,1.7927842590229846e-09
2540,1.7945243374503907e-09
2541,1.7989054614178084e-09
2542,1.7955724798425647e-09
2543,1.7949702893981375e-09
2544,1.7933329742143808e-09
2545,1.794471826766277e-09
2546,1.7937158393325661e-09
2547,1.7927611746899283e-09
2548,1.792213128122779e-09
2549,1.792741375655728e-09
2550,1.791553875575152e-09
2551,1.7910305362981636e-09
2552,1.7934452753124925e-09
2553,1.7919978093719315e-09
2554,1.7957277918477034e-09
2555,1.7987032315385625e-09
2556,1.7922263636599694e-09
2557,1.79355887801833e-09
2558,1.7938942677096652e-09
2559,1.7947274335531616e-09
2560,1.7942487795953331e-09
2561,1.79332379432712e-09
2562,1.7934514474187278e-09
2563,1.7935119502050696e-09
2564,1.7954555365773668e-09
2565,1.794847720175483e-09
2566,1.7969687450978436e-09
2567,1.7953679272608297e-09
2568,1.7949828996509052e-09
2569,1.796035386527994e-09
2570,1.7952624692201185e-09
2571,1.7959494084581184e-09
2572,1.7937087887228834e-09
2573,1.793951075788786e-09
2574,1.7951130009638812e-09
2575,1.7968663856786886e-09
2576,1.8000622826153347e-09
2577,1.7962807098236957e-09
2578,1.7941886106743726e-09
2579,1.7949345755826387e-09
2580,1.7963967995510464e-09
2581,1.795218123597471e-09
2582,1.7946432705221052e-09
2583,1.795418624557531e-09
2584,1.7941041172590698e-09
2585,1.7943746209173836e-09
2586,1.7949447125081666e-09
2587,1.796755243079754e-09
2588,1.797347318169008e-09
2589,1.7968615863461205e-09
2590,1.7965965982803324e-09
2591,1.7943223599818076e-09
2592,1.792917862822595e-09
2593,1.7947046483141634e-09
2594,1.7951632383141108e-09
2595,1.7934751220790786e-09
2596,1.7957219566423934e-09
2597,1.7928234602456932e-09
2598,1.7934263722243162e-09
2599,1.7964101754722906e-09
2600,1.8007416577467915e-09
2601,1.794065773710958e-09
2602,1.7962724510803787e-09
2603,1.7928831799887539e-09
2604,1.7945929886062635e-09
2605,1.7934087184253304e-09
2606,1.7994795370908276e-09
2607,1.7955626570732962e-09
2608,1.7923807505094159e-09
2609,1.792364479448838e-09
2610,1.7936560401592405e-09
2611,1.7952369186839695e-09
2612,1.7985436476732218e-09
2613,1.8001873240815596e-09
2614,1.795295785214015e-09
2615,1.7974580691599309e-09
2616,1.794646674093451e-09
2617,1.7939097867431577e-09
2618,1.7942868293083024e-09
2619,1.804599119718417e-09
2620,1.7960323433653555e-09
2621,1.7927622816394957e-09
2622,1.7967003057698016e-09
2623,1.7946054173372708e-09
2624,1.7988876980238925e-09
2625,1.7968568267761633e-09
2626,1.7915270285215413e-09
2627,1.7941899182092469e-09
2628,1.7923559962207571e-09
2629,1.7961822407632374e-09
2630,1.799532695111961e-09
2631,1.7921229151857102e-09
2632,1.7937646863265116e-09
2633,1.7935792871369071e-09
2634,1.795035441803708e-09
2635,1.7944202369400922e-09
2636,1.7958372609043682e-09
2637,1.7999800088859799e-09
2638,1.797581058222806e-09
2639,1.795369727937958e-09
2640,1.7968901523281247e-09
2641,1.7949484468947092e-09
2642,1.7972129826330415e-09
2643,1.7938788604079116e-09
2644,1.7971404932779246e-09
2645,1.796199900119032e-09
2646,1.7927939800064221e-09
2647,1.7921151388794042e-09
2648,1.7935262172077185e-09
2649,1.7922842854347334e-09
2650,1.7981223182476956e-09
2651,1.7940499466701574e-09
2652,1.794663881036685e-09
2653,1.7920311426729282e-09
2654,1.792339605991609e-09
2655,1.792427939990708e-09
2656,1.796950541447789e-09
2657,1.792880068200754e-09
2658,1.7936422407585168e-09
2659,1.799742977053221e-09
2660,1.7955016361811999e-09
2661,1.7951121717240892e-09
2662,1.7944311334028265e-09
2663,1.7958712602292835e-09
2664,1.7965928241887835e-09
2665,1.8006692220239095e-09
2666,1.7952218182912547e-09
2667,1.7948922014268879e-09
2668,1.794441698702391e-09
2669,1.7934445082286572e-09
2670,1.7962872990955694e-09
2671,1.7987374937418743e-09
2672,1.7930816758204057e-09
2673,1.7940346993323663e-09
2674,1.7927328057556298e-09
2675,1.799451880878511e-09
2676,1.7954691162037404e-09
2677,1.793597587513805e-09
2678,1.7924803796350786e-09
2679,1.793175403940507e-09
2680,1.7941787673121078e-09
2681,1.7943214457208711e-09
2682,1.7971608537195594e-09
2683,1.7940933436635308e-09
2684,1.7944943225606177e-09
2685,1.793964608134516e-09
2686,1.8009935799713184e-09
2687,1.8022616400299324e-09
2688,1.7936473886162927e-09
2689,1.7961916288504452e-09
2690,1.796605563535823e-09
2691,1.795844259114136e-09
2692,1.7960036291580654e-09
2693,1.7954296384718059e-09
2694,1.792258399245951e-09
2695,1.7923837300639148e-09
2696,1.792764014644615e-09
2697,1.7935202589620777e-09
2698,1.7946701672052517e-09
2699,1.793340395754436e-09
2700,1.7939334336179778e-09
2701,1.791309016182416e-09
2702,1.7927905917648084e-09
2703,1.7933753468514657e-09
2704,1.7928153633066955e-09
2705,1.7916632746324557e-09
2706,1.7934740109785397e-09
2707,1.7932631506477447e-09
2708,1.793748311655049e-09
2709,1.7933460480945307e-09
2710,1.7946773885909917e-09
2711,1.7955522421613463e-09
2712,1.7956933533119475e-09
2713,1.794364760120853e-09
2714,1.7949958586401931e-09
2715,1.797137659635128e-09
2716,1.8078668164222577e-09
2717,1.7966283898875257e-09
2718,1.7942863287474846e-09
2719,1.7923205421229456e-09
2720,1.793396911629269e-09
2721,1.7952192401392057e-09
2722,1.795142489804785e-09
2723,1.7930136960894029e-09
2724,1.7931439570992922e-09
2725,1.7963686585688546e-09
2726,1.792971104728952e-09
2727,1.805840009926912e-09
2728,1.792525638604476e-09
2729,1.7941172141203653e-09
2730,1.7949253711203e-09
2731,1.7937701716218642e-09
2732,1.7954251404214842e-09
2733,1.7925206164119564e-09
2734,1.7938989392730344e-09
2735,1.7932790391344803e-09
2736,1.7941355218246896e-09
2737,1.7931290991166506e-09
2738,1.7936892951102345e-09
2739,1.7953439380470157e-09
2740,1.7936390151177182e-09
2741,1.7941598206016425e-09
2742,1.7933419635526357e-09
2743,1.7917792306177501e-09
2744,1.792098606984058e-09
2745,1.793943496955073e-09
2746,1.799354283722714e-09
2747,1.79573504680631e-09
2748,1.7930126365811794e-09
2749,1.7944099747225016e-09
2750,1.7956217979763976e-09
2751,1.7933854587225752e-09
2752,1.7933128540256839e-09
2753,1.7936088200458528e-09
2754,1.793743329453942e-09
2755,1.7935162520529077e-09
2756,1.7956585335769488e-09
2757,1.7957231334925267e-09
2758,1.7940555023637682e-09
2759,1.7952784726969496e-09
2760,1.794139742362149e-09
2761,1.7938065490016416e-09
2762,1.7938411137853198e-09
2763,1.7924740795535457e-09
2764,1.7927417125960037e-09
2765,1.7918120108171114e-09
2766,1.7965533037348441e-09
2767,1.792649441956084e-09
2768,1.7930457681034433e-09
2769,1.7937780740446142e-09
2770,1.79252601103749e-09
2771,1.7993718024528191e-09
2772,1.795540736705061e-09
2773,1.7947745235946478e-09
2774,1.7999920294594338e-09
2775,1.795768214324982e-09
2776,1.7936828223945335e-09
2777,1.7950316488158414e-09
2778,1.7947729944135697e-09
2779,1.7948712829956023e-09
2780,1.794621957993106e-09
2781,1.7937843260883833e-09
2782,1.7953271751478058e-09
2783,1.7938690965804137e-09
2784,1.7941976612614074e-09
2785,1.7932420382429e-09
2786,1.7936182538886732e-09
2787,1.7953756682456868e-09
2788,1.7927684235872294e-09
2789,1.7971774467096323e-09
2790,1.79438431722748e-09
2791,1.7953416517365547e-09
2792,1.7930825271017745e-09
2793,1.7998019350775467e-09
2794,1.8023419688539852e-09
2795,1.793592508052253e-09
2796,1.792639753578974e-09
2797,1.7940294315650048e-09
2798,1.802242459058947e-09
2799,1.7942651702733942e-09
2800,1.7959167119056194e-09
2801,1.7945603643522993e-09
2802,1.7951397187202677e-09
2803,1.796416308002571e-09
2804,1.7996572997197832e-09
2805,1.7948595603560428e-09
2806,1.7949733932612506e-09
2807,1.7943917401795854e-09
2808,1.7938779056935784e-09
2809,1.796412747141889e-09
2810,1.7961431689247889e-09
2811,1.7967720604034105e-09
2812,1.799431368107354e-09
2813,1.7941228402887092e-09
2814,1.7955446531506894e-09
2815,1.7967794901290595e-09
2816,1.7941325216091278e-09
2817,1.7981454108782938e-09
2818,1.7974950016888922e-09
2819,1.7934302567767586e-09
2820,1.795532561265748e-09
2821,1.794089951227117e-09
2822,1.7953693133380384e-09
2823,1.7948480823639196e-09
2824,1.7931536376556868e-09
2825,1.7931498435264152e-09
2826,1.7927339149569807e-09
2827,1.7943073870579317e-09
2828,1.7927310247080358e-09
2829,1.7993990185702158e-09
2830,1.7949527098345657e-09
2831,1.7946825520369344e-09
2832,1.7945153263997847e-09
2833,1.7976210417706543e-09
2834,1.7984363709994308e-09
2835,1.7936226566260332e-09
2836,1.7929398140410656e-09
2837,1.7936770456258109e-09
2838,1.79543889796612e-09
2839,1.7974395395602788e-09
2840,1.7946599317717218e-09
2841,1.7984731920339284e-09
2842,1.793948461478198e-09
2843,1.7923166882146837e-09
2844,1.7930698000001382e-09
2845,1.792794498001851e-09
2846,1.7932899750068692e-09
2847,1.7971154225248565e-09
2848,1.79294975637197e-09
2849,1.7950092709493195e-09
2850,1.793993142136993e-09
2851,1.7942529981751914e-09
2852,1.7939940533284178e-09
2853,1.7960092025531217e-09
2854,1.7937083025902392e-09
2855,1.797014742238184e-09
2856,1.7937125511204074e-09
2857,1.7937505053058306e-09
2858,1.7939825232731534e-09
2859,1.7937428671029974e-09
2860,1.7944136414817027e-09
2861,1.7996762049792891e-09
2862,1.7947276464270096e-09
2863,1.7920729543537633e-09
2864,1.7948130180464618e-09
2865,1.7947451131489496e-09
2866,1.793115488377587e-09
2867,1.7986264767043926e-09
2868,1.7946975432945533e-09
2869,1.7947863695011616e-09
2870,1.795529600996766e-09
2871,1.795261443517221e-09
2872,1.7960234209152732e-09
2873,1.7950341914079733e-09
2874,1.7922627698519815e-09
2875,1.7949701004502115e-09
2876,1.7931405424560308e-09
2877,1.799033040592379e-09
2878,1.7931756229455622e-09
2879,1.7984549891732595e-09
2880,1.797047596952705e-09
2881,1.8004790278373561e-09
2882,1.7940115222322545e-09
2883,1.7947807642699878e-09
2884,1.7922581633752568e-09
2885,1.7927391382493455e-09
2886,1.7923953734467681e-09
2887,1.7931185265948843e-09
2888,1.792859381328052e-09
2889,1.7933274745943563e-09
2890,1.7943924380282175e-09
2891,1.7944033463938178e-09
2892,1.7933487072779532e-09
2893,1.7936496730348478e-09
2894,1.793100211261266e-09
2895,1.7936226583520404e-09
2896,1.7917093650290212e-09
2897,1.7941887096650035e-09
2898,1.792801732498764e-09
2899,1.7913221680669924e-09
2900,1.7913694323348946e-09
2901,1.7987563109587296e-09
2902,1.7968368815887926e-09
2903,1.7926234798817342e-09
2904,1.7953624619686796e-09
2905,1.7921982977703224e-09
2906,1.7925246717503769e-09
2907,1.7924706176033217e-09
2908,1.7925366983564937e-09
2909,1.7967643104237614e-09
2910,1.7960417175078969e-09
2911,1.7934249314132396e-09
2912,1.794618231012162e-09
2913,1.7944987886843969e-09
2914,1.794605340382299e-09
2915,1.794625093443427e-09
2916,1.7943218098050745e-09
2917,1.7951067838221106e-09
2918,1.793701114078197e-09
2919,1.7931547422514845e-09
2920,1.7939721236864883e-09
2921,1.7929494424758125e-09
2922,1.7917221887765516e-09
2923,1.792811385996548e-09
2924,1.7915879458782934e-09
2925,1.7918080011731353e-09
2926,1.7951072111799334e-09
2927,1.7924062136196943e-09
2928,1.7944783575287277e-09
2929,1.7934140653881478e-09
2930,1.7925896597543384e-09
2931,1.7943706089404326e-09
2932,1.7929379400092912e-09
2933,1.7934532432891112e-09
2934,1.7924866915920007e-09
2935,1.7928269020354143e-09
2936,1.7945059287600225e-09
2937,1.7993657329304016e-09
2938,1.7931343351383825e-09
2939,1.793482144393733e-09
2940,1.794432823684547e-09
2941,1.79573104530547e-09
2942,1.7935108114950897e-09
2943,1.792900477523092e-09
2944,1.7930252173747527e-09
2945,1.7932797191384455e-09
2946,1.7921488377688491e-09
2947,1.7933940212785516e-09
2948,1.79260441198837e-09
2949,1.791016966415391e-09
2950,1.7954154409256252e-09
2951,1.7926482228197451e-09
2952,1.7977831199464794e-09
2953,1.7953003237292236e-09
2954,1.7932445391225759e-09
2955,1.7948865947508193e-09
2956,1.7941715043661332e-09
2957,1.7928597352708947e-09
2958,1.7949118843935163e-09
2959,1.7945158407354115e-09
2960,1.7947246061397586e-09
2961,1.7952320571295638e-09
2962,1.8004186333086722e-09
2963,1.801664311575968e-09
2964,1.7922872108403297e-09
2965,1.7918953741506226e-09
2966,1.7923251274612673e-09
2967,1.795591165387279e-09
2968,1.7931790888277722e-09
2969,1.7925870306223425e-09
2970,1.7919376408199928e-09
2971,1.7923985844975783e-09
2972,1.7946703191528224e-09
2973,1.7926371618652967e-09
2974,1.7946350581558904e-09
2975,1.7955016650242518e-09
2976,1.7942848509683537e-09
2977,1.7940539882936792e-09
2978,1.7972654827174108e-09
2979,1.793980729185025e-09
2980,1.7925160697502911e-09
2981,1.7931850027805386e-09
2982,1.7923864439196236e-09
2983,1.7942257816847605e-09
2984,1.7935643164813858e-09
2985,1.795096928781397e-09
2986,1.8000068087933165e-09
2987,1.7981573177764611e-09
2988,1.7945892632646421e-09
2989,1.794290580402404e-09
2990,1.7943233497242026e-09
2991,1.794170001147e-09
2992,1.8010771355192005e-09
2993,1.7976253202815774e-09
2994,1.7943786293608415e-09
2995,1.7949580872220985e-09
2996,1.794855329510973e-09
2997,1.7938635815614855e-09
2998,1.7943320601467472e-09
2999,1.796446706104616e-09
3000,1.7950706768772164e-09
3001,1.7916037199449932e-09
3002,1.792441915570946e-09
3003,1.796258029939684e-09
3004,1.7959116930449537e-09
3005,1.794066849556315e-09
3006,1.7939768241528017e-09
3007,1.7971735212469951e-09
3008,1.7949030400641563e-09
3009,1.7938997700063385e-09
3010,1.7930014143279095e-09
3011,1.7961803885805564e-09
3012,1.7964123251730418e-09
3013,1.794441308230713e-09
3014,1.7945680666759834e-09
3015,1.8044562448788936e-09
3016,1.7943935305662031e-09
3017,1.7938792516933528e-09
3018,1.795752165866744e-09
3019,1.7962022979686406e-09
3020,1.7940103615023766e-09
3021,1.7985409929148467e-09
3022,1.7935626319571138e-09
3023,1.7934590054182874e-09
3024,1.7938016889836341e-09
3025,1.793487606978667e-09
3026,1.7978849458780125e-09
3027,1.7967885512475899e-09
3028,1.7934767224546969e-09
3029,1.7936154344362184e-09
3030,1.7944033363189875e-09
3031,1.794840740971612e-09
3032,1.7948514259621528e-09
3033,1.7932352735917526e-09
3034,1.7938353871618492e-09
3035,1.7952416972381194e-09
3036,1.7928867485209463e-09
3037,1.792818619557101e-09
3038,1.7935114747381034e-09
3039,1.7908431395170964e-09
3040,1.7933971799650368e-09
3041,1.792897630458021e-09
3042,1.7936998054253857e-09
3043,1.7970073704041413e-09
3044,1.7955797559120716e-09
3045,1.7958998220591063e-09
3046,1.795148207969055e-09
3047,1.7939013417362822e-09
3048,1.7935605719723652e-09
3049,1.7941859805625565e-09
3050,1.7937512010804467e-09
3051,1.7934928768230087e-09
3052,1.793595925989461e-09
3053,1.7934751914515098e-09
3054,1.7916597708151143e-09
3055,1.7958679074943824e-09
3056,1.7914372551203958e-09
3057,1.7927532708687933e-09
3058,1.794380771023805e-09
3059,1.794566632718924e-09
3060,1.7948340686424215e-09
3061,1.7924724325178625e-09
3062,1.7925950678697417e-09
3063,1.7927849757867116e-09
3064,1.795894188172838e-09
3065,1.7949487941087383e-09
3066,1.7938565605013033e-09
3067,1.8002588393676142e-09
3068,1.7927811723727785e-09
3069,1.7959755892331885e-09
3070,1.7927928594117665e-09
3071,1.7934662165120678e-09
3072,1.798957657862341e-09
3073,1.7999023932598822e-09
3074,1.7983385468445586e-09
3075,1.7935003955182312e-09
3076,1.795217897906279e-09
3077,1.7932308847511021e-09
3078,1.7944647296961995e-09
3079,1.793317848605695e-09
3080,1.794191004224218e-09
3081,1.795617097030209e-09
3082,1.7949223306233605e-09
3083,1.7948432433191585e-09
3084,1.7951986312186e-09
3085,1.8033085525899046e-09
3086,1.7941579055992895e-09
3087,1.794605408665301e-09
3088,1.7927982578923655e-09
3089,1.7988620584799754e-09
3090,1.7938034000289869e-09
3091,1.7973057052463673e-09
3092,1.7950777718046328e-09
3093,1.7942828033167651e-09
3094,1.796346132813677e-09
3095,1.7931548267685815e-09
3096,1.7942799195428867e-09
3097,1.7938045990218732e-09
3098,1.7944802589117828e-09
3099,1.7944287976168073e-09
3100,1.7924751285409705e-09
3101,1.7919369562929037e-09
3102,1.793311549938305e-09
3103,1.7986172102913356e-09
3104,1.797040040967763e-09
3105,1.7923542677491683e-09
3106,1.7956930477306384e-09
3107,1.7991895259720749e-09
3108,1.794011714988484e-09
3109,1.7981577439402817e-09
3110,1.793636866642624e-09
3111,1.7944474985237487e-09
3112,1.7980432139927416e-09
3113,1.8009038061581194e-09
3114,1.7950694971331137e-09
3115,1.7949161973139382e-09
3116,1.7955590666566362e-09
3117,1.7953924962750226e-09
3118,1.7999575492317898e-09
3119,1.795428392305187e-09
3120,1.794429215375958e-09
3121,1.7935586864464765e-09
3122,1.794113042936535e-09
3123,1.7931994897800055e-09
3124,1.7947973869531085e-09
3125,1.7950685805771923e-09
3126,1.7934543810885167e-09
3127,1.7949214935335142e-09
3128,1.793705361989809e-09
3129,1.7956369376934724e-09
3130,1.796531571762069e-09
3131,1.794760048406161e-09
3132,1.7943365632082254e-09
3133,1.7943152046799346e-09
3134,1.7946693289535285e-09
3135,1.7954919928154568e-09
3136,1.7940988051191357e-09
3137,1.7946925578633383e-09
3138,1.7936838703446663e-09
3139,1.793210003898888e-09
3140,1.7918270706450391e-09
3141,1.7978740482527102e-09
3142,1.7953269657746198e-09
3143,1.7940251039322602e-09
3144,1.8017414076081215e-09
3145,1.7973836825323718e-09
3146,1.7948538828295133e-09
3147,1.793558353724386e-09
3148,1.7947108920988878e-09
3149,1.7950537432533372e-09
3150,1.7964868494513794e-09
3151,1.7949486634700962e-09
3152,1.7999360547896598e-09
3153,1.794649192205169e-09
3154,1.7964599034967038e-09
3155,1.7985048130341287e-09
3156,1.7956700092756329e-09
3157,1.7972496445059827e-09
3158,1.7923987573119426e-09
3159,1.7940931624488988e-09
3160,1.7932802252302285e-09
3161,1.7951405092036365e-09
3162,1.7958106556787786e-09
3163,1.7937176769830379e-09
3164,1.7951448311234261e-09
3165,1.7945857099690202e-09
3166,1.797054928433576e-09
3167,1.793552265129475e-09
3168,1.7955103002405719e-09
3169,1.7930574951905668e-09
3170,1.795344064800785e-09
3171,1.7954789844878807e-09
3172,1.7938552820160911e-09
3173,1.7938034743847164e-09
3174,1.7945836838988644e-09
3175,1.7974123118680621e-09
3176,1.7951496739341842e-09
3177,1.7955654706883488e-09
3178,1.7953448997804773e-09
3179,1.7946001782318423e-09
3180,1.793592074061138e-09
3181,1.794888935904996e-09
3182,1.794384076752941e-09
3183,1.7954522064645837e-09
3184,1.7950177514609428e-09
3185,1.7979054599702588e-09
3186,1.7949252108745831e-09
3187,1.795774770674736e-09
3188,1.7944090668708694e-09
3189,1.8025172407970266e-09
3190,1.7964330931820084e-09
3191,1.7955470230272412e-09
3192,1.7964365496113095e-09
3193,1.7945914155720722e-09
3194,1.7956805732489884e-09
3195,1.794884807864281e-09
3196,1.7960862801187864e-09
3197,1.7934059570207656e-09
3198,1.7942981525074952e-09
3199,1.8002215571240164e-09
3200,1.7962560876917166e-09
3201,1.7970011426276397e-09
3202,1.7927775538330926e-09
3203,1.7938141567189452e-09
3204,1.794362170401353e-09
3205,1.792618096261726e-09
3206,1.7958581463148168e-09
3207,1.793405277314504e-09
3208,1.7953804708978509e-09
3209,1.794464048547035e-09
3210,1.7963363362793518e-09
3211,1.7934708192234947e-09
3212,1.7931457959387434e-09
3213,1.793408974715884e-09
3214,1.795258441847897e-09
3215,1.7928925641987725e-09
3216,1.7934456284349365e-09
3217,1.7942406403729087e-09
3218,1.7932230130675907e-09
3219,1.7933826779705202e-09
3220,1.7934046501627365e-09
3221,1.7928708906890692e-09
3222,1.793072346136574e-09
3223,1.7937222483524748e-09
3224,1.7930704965901103e-09
3225,1.7928944201937307e-09
3226,1.792946740343532e-09
3227,1.7949387179809376e-09
3228,1.7975600535161539e-09
3229,1.7976227893078645e-09
3230,1.7934380825709879e-09
3231,1.791833332179221e-09
3232,1.7919717416206657e-09
3233,1.7945670118978617e-09
3234,1.7952580683924067e-09
3235,1.7928144124901794e-09
3236,1.7935270674818007e-09
3237,1.793323167419098e-09
3238,1.791830741413185e-09
3239,1.7929916267897417e-09
3240,1.7941178276400194e-09
3241,1.7927616470477577e-09
3242,1.7934655049173762e-09
3243,1.7924494066905319e-09
3244,1.795919253882251e-09
3245,1.7937446301693299e-09
3246,1.793830135380483e-09
3247,1.7971814208231031e-09
3248,1.7939003246817124e-09
3249,1.7947469321313061e-09
3250,1.794216093324836e-09
3251,1.7948087393430615e-09
3252,1.795082544642229e-09
3253,1.7945431540239738e-09
3254,1.794299814900959e-09
3255,1.7941101445412926e-09
3256,1.7947634742183385e-09
3257,1.7955686519571675e-09
3258,1.798874504973337e-09
3259,1.793576252934434e-09
3260,1.7962129716984003e-09
3261,1.7966854866618604e-09
3262,1.793716243856349e-09
3263,1.7920694827980153e-09
3264,1.7968493736387017e-09
3265,1.7943436239117076e-09
3266,1.7940252333569805e-09
3267,1.7943482134793349e-09
3268,1.7946087513593434e-09
3269,1.7949455827947904e-09
3270,1.7955035536932605e-09
3271,1.7959338539521368e-09
3272,1.7935166200580334e-09
3273,1.7940852497267375e-09
3274,1.793727173917558e-09
3275,1.7935868322458526e-09
3276,1.7922918418965578e-09
3277,1.7988191051276741e-09
3278,1.7919694349944197e-09
3279,1.7916244731347975e-09
3280,1.7924653901522952e-09
3281,1.799311220308231e-09
3282,1.7943431178780612e-09
3283,1.793384808794254e-09
3284,1.7934928518141292e-09
3285,1.792368118076553e-09
3286,1.7933153320667017e-09
3287,1.7957323573299287e-09
3288,1.803863246647746e-09
3289,1.7944886589517826e-09
3290,1.7942354055604621e-09
3291,1.79609249943966e-09
3292,1.7949779965712126e-09
3293,1.7955255693222084e-09
3294,1.801848648112217e-09
3295,1.7959561212338414e-09
3296,1.7959842398673962e-09
3297,1.7931121441750228e-09
3298,1.8038275995964027e-09
3299,1.7942607753755208e-09
3300,1.8027298567301057e-09
3301,1.7928074437301152e-09
3302,1.792829191318436e-09
3303,1.7949262917800217e-09
3304,1.7929526491484353e-09
3305,1.80127093098161e-09
3306,1.8014491034330292e-09
3307,1.7994315561475657e-09
3308,1.7944298154460816e-09
3309,1.79406807283975e-09
3310,1.7949361659767148e-09
3311,1.809986874535448e-09
3312,1.8057077940353984e-09
3313,1.79422472715912e-09
3314,1.7945445364070904e-09
3315,1.7940890254011125e-09
3316,1.8004308011579033e-09
3317,1.7994332784732825e-09
3318,1.7986653619592703e-09
3319,1.792138414332868e-09
3320,1.7928534700039087e-09
3321,1.7923420467920472e-09
3322,1.798573505331218e-09
3323,1.7945616447111233e-09
3324,1.7934427407269943e-09
3325,1.7958930258201376e-09
3326,1.7921729261815652e-09
3327,1.7948745631391451e-09
3328,1.7987702089675623e-09
3329,1.793409337097811e-09
3330,1.7924337552347293e-09
3331,1.7936938137912877e-09
3332,1.7928979737987982e-09
3333,1.7960508838616261e-09
3334,1.796105324440408e-09
3335,1.7946852999316183e-09
3336,1.7944589161854766e-09
3337,1.7934913673211393e-09
3338,1.7945556877880317e-09
3339,1.7938888816535285e-09
3340,1.7930605992397095e-09
3341,1.7923798974681814e-09
3342,1.7938306387808813e-09
3343,1.7994999575326886e-09
3344,1.7933249724159935e-09
3345,1.7920997046566846e-09
3346,1.791214621538008e-09
3347,1.7925828704180972e-09
3348,1.7923037292590426e-09
3349,1.7930348857787175e-09
3350,1.795992652224276e-09
3351,1.7939300630191142e-09
3352,1.7934380061092054e-09
3353,1.7992355338821675e-09
3354,1.7938557847862441e-09
3355,1.7976771582673012e-09
3356,1.7997756299143497e-09
3357,1.7964164058260301e-09
3358,1.7940500823396872e-09
3359,1.7971622334981053e-09
3360,1.8075979246973667e-09
3361,1.7940212977381257e-09
3362,1.7929005342117743e-09
3363,1.7969132766022773e-09
3364,1.7979333310651716e-09
3365,1.795150109227437e-09
3366,1.7940078575678134e-09
3367,1.8003705185039683e-09
3368,1.794216802455371e-09
3369,1.795617207345386e-09
3370,1.7945088037728362e-09
3371,1.7951089703711764e-09
3372,1.7947920769911797e-09
3373,1.7989449483115131e-09
3374,1.7941660465416573e-09
3375,1.7953604368789537e-09
3376,1.796321649235853e-09
3377,1.795139668569985e-09
3378,1.793737535656929e-09
3379,1.7926419407671317e-09
3380,1.7942368252172722e-09
3381,1.7937114735084987e-09
3382,1.7933800696917383e-09
3383,1.7934906924728185e-09
3384,1.7934532053223084e-09
3385,1.7935972632643137e-09
3386,1.794909901162121e-09
3387,1.7946125620829848e-09
3388,1.794061360583312e-09
3389,1.7948470989743866e-09
3390,1.7945708628426645e-09
3391,1.7940430673048706e-09
3392,1.7943836122397626e-09
3393,1.8064374957711273e-09
3394,1.794431554236781e-09
3395,1.7943893519963556e-09
3396,1.7954235993100655e-09
3397,1.794555072788085e-09
3398,1.79423551657388e-09
3399,1.7959401987507513e-09
3400,1.7988408330175774e-09
3401,1.794188424569759e-09
3402,1.7978407063562073e-09
3403,1.79515718205421e-09
3404,1.7972271580914908e-09
3405,1.7940507617048049e-09
3406,1.7942817933143386e-09
3407,1.7937981449395805e-09
3408,1.7926647173912624e-09
3409,1.7929044192348126e-09
3410,1.7948804849969056e-09
3411,1.7966803707741728e-09
3412,1.7941414674223837e-09
3413,1.7989069474730373e-09
3414,1.7932648897155447e-09
3415,1.7960455066365677e-09
3416,1.793993776049065e-09
3417,1.7935880497227884e-09
3418,1.7931538508172041e-09
3419,1.7931241754645457e-09
3420,1.7945755618225162e-09
3421,1.7960590350228495e-09
3422,1.7945502333611638e-09
3423,1.7948902136096562e-09
3424,1.7938093891866184e-09
3425,1.7941978132230648e-09
3426,1.7979557530503308e-09
3427,1.796314722166786e-09
3428,1.7945447467169943e-09
3429,1.7945446457538699e-09
3430,1.792819600999556e-09
3431,1.7922731181032566e-09
3432,1.7960769744998371e-09
3433,1.79276378696985e-09
3434,1.7925178862457697e-09
3435,1.794412804039395e-09
3436,1.7943633912754732e-09
3437,1.793243197930441e-09
3438,1.792715451833391e-09
3439,1.7931483131118637e-09
3440,1.7937211010068145e-09
3441,1.7926914296210546e-09
3442,1.7929460477334948e-09
3443,1.7931716816305673e-09
3444,1.793461865627561e-09
3445,1.8002662262931148e-09
3446,1.7943870205201961e-09
3447,1.7930378167502064e-09
3448,1.7936878118269454e-09
3449,1.7943398038228747e-09
3450,1.7951912256247233e-09
3451,1.7943465978187204e-09
3452,1.7991792192730553e-09
3453,1.7943093763715924e-09
3454,1.7925967925779898e-09
3455,1.8042636613675828e-09
3456,1.7929862272715857e-09
3457,1.792668162499828e-09
3458,1.7940202878009854e-09
3459,1.7913894337445773e-09
3460,1.7955110477972011e-09
3461,1.7928418724113417e-09
3462,1.795994231793173e-09
3463,1.793121672259341e-09
3464,1.7928973992585962e-09
3465,1.793293335362679e-09
3466,1.79393049654796e-09
3467,1.7976064399866624e-09
3468,1.7953464866039098e-09
3469,1.7947303450278252e-09
3470,1.7970953844177448e-09
3471,1.7945589848977348e-09
3472,1.7942078927847096e-09
3473,1.7983048363092878e-09
3474,1.7947127740677891e-09
3475,1.7929037033039517e-09
3476,1.7934795581876357e-09
3477,1.7971247708528423e-09
3478,1.7946726913813632e-09
3479,1.7943487371094003e-09
3480,1.7963988649667276e-09
3481,1.7935043697691156e-09
3482,1.7921586975391815e-09
3483,1.7967569858987624e-09
3484,1.7941523149407663e-09
3485,1.7939663175340525e-09
3486,1.793886393998242e-09
3487,1.7940819034514234e-09
3488,1.792642602846477e-09
3489,1.7918771019103039e-09
3490,1.7913940992697929e-09
3491,1.7915572737389035e-09
3492,1.7925495345767444e-09
3493,1.7964036489239148e-09
3494,1.792738148118301e-09
3495,1.7948096710022225e-09
3496,1.79458160673326e-09
3497,1.7959374568464988e-09
3498,1.7928584350119262e-09
3499,1.7928928916909435e-09
3500,1.7925427436847899e-09
3501,1.7947802088668616e-09
3502,1.7974241001767346e-09
3503,1.79483989878078e-09
3504,1.7941400830571947e-09
3505,1.7936667488391532e-09
3506,1.801319476357234e-09
3507,1.7965710823355273e-09
3508,1.7934859093659906e-09
3509,1.7921563012504998e-09
3510,1.7925370232087875e-09
3511,1.7926889573989954e-09
3512,1.7936055810974746e-09
3513,1.7985380213740532e-09
3514,1.7952532095896574e-09
3515,1.794048000056528e-09
3516,1.7941307381121477e-09
3517,1.794184886020025e-09
3518,1.7940117640234922e-09
3519,1.8035724388942803e-09
3520,1.795985185209294e-09
3521,1.7971008527177869e-09
3522,1.7939905510989085e-09
3523,1.7952669923587547e-09
3524,1.7963437501337931e-09
3525,1.795629455469169e-09
3526,1.7954732419973572e-09
3527,1.7957613287028678e-09
3528,1.7996575509022417e-09
3529,1.7968478481778084e-09
3530,1.7939912661068095e-09
3531,1.7938674263871316e-09
3532,1.795375801016145e-09
3533,1.7969382943566042e-09
3534,1.7942158919049861e-09
3535,1.7942010219919329e-09
3536,1.7981975725171215e-09
3537,1.799518387627611e-09
3538,1.7937406128766937e-09
3539,1.7945272331512344e-09
3540,1.7952336579446117e-09
3541,1.794290283998773e-09
3542,1.8026183004434869e-09
3543,1.7936945372902721e-09
3544,1.7937177673024398e-09
3545,1.7926905687397111e-09
3546,1.7983529941915045e-09
3547,1.7924211918279253e-09
3548,1.791205460066959e-09
3549,1.7923832788688637e-09
3550,1.793909103136643e-09
3551,1.7923929958010291e-09
3552,1.7945618893741665e-09
3553,1.7926249667907609e-09
3554,1.7950920656623573e-09
3555,1.794024733753977e-09
3556,1.7982068579107628e-09
3557,1.7969554859718057e-09
3558,1.8031848588182694e-09
3559,1.7952242284426875e-09
3560,1.7945668690069325e-09
3561,1.796518850760526e-09
3562,1.796470607858164e-09
3563,1.7951933780040263e-09
3564,1.7929567935224725e-09
3565,1.793042835348808e-09
3566,1.7930500738098796e-09
3567,1.7943732139600855e-09
3568,1.7938022954400813e-09
3569,1.7924812057543443e-09
3570,1.7958741916185304e-09
3571,1.7933295096255409e-09
3572,1.793602637754889e-09
3573,1.7936768197086215e-09
3574,1.795249769066311e-09
3575,1.7920148146577786e-09
3576,1.7921433818929507e-09
3577,1.792530648371228e-09
3578,1.7982778190539466e-09
3579,1.7933585021150093e-09
3580,1.796513600190564e-09
3581,1.7930065101542838e-09
3582,1.799055091806538e-09
3583,1.79820938581345e-09
3584,1.7947700119212457e-09
3585,1.7953826750020935e-09
3586,1.7925205486379746e-09
3587,1.79547582195961e-09
3588,1.7981139043132435e-09
3589,1.80285609312053e-09
3590,1.79401653687867e-09
3591,1.7970947390194674e-09
3592,1.80928457574598e-09
3593,1.7932092452069863e-09
3594,1.7940192972339709e-09
3595,1.794221610684469e-09
3596,1.7938109544262202e-09
3597,1.7964979199774029e-09
3598,1.7982960649840092e-09
3599,1.79918197938812e-09
3600,1.7968658340122185e-09
3601,1.7962631430594632e-09
3602,1.7999958539067642e-09
3603,1.7994570597766602e-09
3604,1.7942981350554814e-09
3605,1.7960387523950538e-09
3606,1.7939644381073754e-09
3607,1.7932779984696909e-09
3608,1.795344655498609e-09
3609,1.7958742758124482e-09
3610,1.7942435866411465e-09
3611,1.7947664031864938e-09
3612,1.7950414084480782e-09
3613,1.7931621190285576e-09
3614,1.795595598087558e-09
3615,1.7942983207780538e-09
3616,1.7942845985835516e-09
3617,1.7926909341555492e-09
3618,1.7925636677593295e-09
3619,1.7939511013567389e-09
3620,1.7959599056405788e-09
3621,1.792566304919155e-09
3622,1.792907284164111e-09
3623,1.7927789691740567e-09
3624,1.7933432813462313e-09
3625,1.793450029809112e-09
3626,1.7979581722289535e-09
3627,1.8001804990858042e-09
3628,1.7930673701362062e-09
3629,1.7971117888762947e-09
3630,1.7981395042512021e-09
3631,1.7987685943490263e-09
3632,1.7947697340099258e-09
3633,1.7994926077820645e-09
3634,1.7940836414336264e-09
3635,1.793967712827555e-09
3636,1.7945619820214365e-09
3637,1.7937665692522367e-09
3638,1.7943371362079207e-09
3639,1.7966568208770002e-09
3640,1.7943076869048846e-09
3641,1.79327859646577e-09
3642,1.802285516227671e-09
3643,1.7947798462556733e-09
3644,1.7944106235458527e-09
3645,1.7946438345420095e-09
3646,1.7934040252109754e-09
3647,1.8019961921632274e-09
3648,1.7935953388627144e-09
3649,1.7968061083806692e-09
3650,1.7948058032148511e-09
3651,1.7922127110617014e-09
3652,1.7970225976998223e-09
3653,1.7968771760668738e-09
3654,1.8065981998792926e-09
3655,1.7964128209638912e-09
3656,1.7945751332548865e-09
3657,1.7971951971352253e-09
3658,1.8042112133241493e-09
3659,1.8008563682146778e-09
3660,1.794946796650959e-09
3661,1.7954096470276828e-09
3662,1.793311163372246e-09
3663,1.8009113148734502e-09
3664,1.803629829336987e-09
3665,1.8012690192582218e-09
3666,1.7953257609370542e-09
3667,1.7954164247141263e-09
3668,1.7955074453806456e-09
3669,1.8048259189457073e-09
3670,1.8064532354224582e-09
3671,1.7922213169305715e-09
3672,1.7931645723194243e-09
3673,1.7939935736568802e-09
3674,1.7936116410117257e-09
3675,1.8041916284450034e-09
3676,1.7946010970526059e-09
3677,1.801095041815469e-09
3678,1.8000566584339011e-09
3679,1.7946010425718959e-09
3680,1.8034119253435757e-09
3681,1.8169112826319131e-09
3682,1.7976869581706673e-09
3683,1.8111752495623086e-09
3684,1.795398289817202e-09
3685,1.7986923384917027e-09
3686,1.7989787242122006e-09
3687,1.8236564597722367e-09
3688,1.8059277359046197e-09
3689,1.7968850599783673e-09
3690,1.7942282492914278e-09
3691,1.8091929013617032e-09
3692,1.8010838897304528e-09
3693,1.7943716577575057e-09
3694,1.7997868551247343e-09
3695,1.7946386457784733e-09
3696,1.7931189825916455e-09
3697,1.7934101829653748e-09
3698,1.7935242499123376e-09
3699,1.803029121550948e-09
3700,1.7931186297023548e-09
3701,1.7932410831402687e-09
3702,1.7939758838583621e-09
3703,1.7934030644631122e-09
3704,1.7956616898387702e-09
3705,1.8005131755763577e-09
3706,1.7949682665168649e-09
3707,1.7965240653810568e-09
3708,1.79831438824752e-09
3709,1.7975972388400643e-09
3710,1.7949061948353043e-09
3711,1.7960136366253159e-09
3712,1.7956047849180409e-09
3713,1.7940771556965807e-09
3714,1.7954740037673228e-09
3715,1.795582659779505e-09
3716,1.7951396133778228e-09
3717,1.794187382582934e-09
3718,1.7936009508654573e-09
3719,1.7946505992656094e-09
3720,1.7984503391386485e-09
3721,1.7973883320148626e-09
3722,1.7948650483018446e-09
3723,1.7939498625031662e-09
3724,1.7959772668773587e-09
3725,1.7954989248294378e-09
3726,1.794500410903477e-09
3727,1.7946443330800318e-09
3728,1.7964050131218771e-09
3729,1.7941302104198597e-09
3730,1.795471083054155e-09
3731,1.7946851811316786e-09
3732,1.7954280859971645e-09
3733,1.7945125379219132e-09
3734,1.7943494748449675e-09
3735,1.7952281136714185e-09
3736,1.7944059736775164e-09
3737,1.7944224486745802e-09
3738,1.7928881726519137e-09
3739,1.7933001844184326e-09
3740,1.7957949754871252e-09
3741,1.7947525629031188e-09
3742,1.793791462945206e-09
3743,1.7944595338449545e-09
3744,1.7944248678316245e-09
3745,1.793975434227215e-09
3746,1.7946628606549792e-09
3747,1.7949099541633952e-09
3748,1.7955242793127242e-09
3749,1.795169703140203e-09
3750,1.8022345869386762e-09
3751,1.7934246179663429e-09
3752,1.7947230830722481e-09
3753,1.7931776687108524e-09
3754,1.7928216482413312e-09
3755,1.7929504901334416e-09
3756,1.796054745368563e-09
3757,1.7938873326616023e-09
3758,1.801008045989527e-09
3759,1.7930692288694831e-09
3760,1.7943534671452017e-09
3761,1.7992302254212552e-09
3762,1.7953267878662436e-09
3763,1.7935449870994774e-09
3764,1.7940729604764376e-09
3765,1.7990145182182203e-09
3766,1.7949340843248066e-09
3767,1.7958443388356285e-09
3768,1.799504125835486e-09
3769,1.7935911259382753e-09
3770,1.794135805586158e-09
3771,1.7928030618643268e-09
3772,1.7955253018952539e-09
3773,1.7942816852384397e-09
3774,1.7969548447063383e-09
3775,1.7937380124329167e-09
3776,1.7967797670870875e-09
3777,1.7936206372012077e-09
3778,1.7945872361319097e-09
3779,1.7949686717655224e-09
3780,1.7944438087063394e-09
3781,1.7945442791726715e-09
3782,1.7994860349619675e-09
3783,1.7955125254487324e-09
3784,1.7951673992671113e-09
3785,1.7954675843925594e-09
3786,1.7943627106421728e-09
3787,1.7953307609467886e-09
3788,1.795866368628002e-09
3789,1.8017788657819656e-09
3790,1.7959061660079858e-09
3791,1.79554116647136e-09
3792,1.7984893081913612e-09
3793,1.796317932880541e-09
3794,1.7969687774250999e-09
3795,1.8119462401705317e-09
3796,1.7940647676752489e-09
3797,1.7957151024130905e-09
3798,1.8007787861625954e-09
3799,1.8019034243789621e-09
3800,1.7933868474936216e-09
3801,1.7936709024974083e-09
3802,1.7939828143452653e-09
3803,1.7945282306494985e-09
3804,1.7948962684549983e-09
3805,1.7955947847726038e-09
3806,1.7964141390347634e-09
3807,1.7931665173010111e-09
3808,1.7943355000967012e-09
3809,1.797075313331674e-09
3810,1.7942201018959423e-09
3811,1.7925363228787087e-09
3812,1.7921518608985387e-09
3813,1.7919313026722837e-09
3814,1.7958833512156762e-09
3815,1.7942129253995254e-09
3816,1.7933439386950267e-09
3817,1.793530174976687e-09
3818,1.799602998292219e-09
3819,1.794734695036043e-09
3820,1.7985369950130023e-09
3821,1.7966580094396903e-09
3822,1.7971831346059303e-09
3823,1.793830544339669e-09
3824,1.7931821917540959e-09
3825,1.7953224432041059e-09
3826,1.7962859017791087e-09
3827,1.7954186648632844e-09
3828,1.7947513120186854e-09
3829,1.7944281297168806e-09
3830,1.7952982174382838e-09
3831,1.7961352812527582e-09
3832,1.7956740376314792e-09
3833,1.7978225462287815e-09
3834,1.7999474593388964e-09
3835,1.7969177959939018e-09
3836,1.7981269680622101e-09
3837,1.7957045249427605e-09
3838,1.7938235598249968e-09
3839,1.8000694846598146e-09
3840,1.7942103771795257e-09
3841,1.7941071146910917e-09
3842,1.7990783096272851e-09
3843,1.792725897683833e-09
3844,1.7930146631299187e-09
3845,1.7958082158619049e-09
3846,1.7973216633287033e-09
3847,1.7935559377515596e-09
3848,1.7969341557195217e-09
3849,1.7924707610657019e-09
3850,1.7987263516587297e-09
3851,1.7945282991446035e-09
3852,1.7946346021780735e-09
3853,1.7940896457404395e-09
3854,1.7946922627111213e-09
3855,1.7957026093681198e-09
3856,1.7953356652745234e-09
3857,1.7939732834560372e-09
3858,1.794752339958974e-09
3859,1.794248758427672e-09
3860,1.7948477557655032e-09
3861,1.7946031186993077e-09
3862,1.794466901586466e-09
3863,1.7962840725354015e-09
3864,1.7988445454139808e-09
3865,1.7978130053188594e-09
3866,1.79627135550346e-09
3867,1.7943692546526703e-09
3868,1.799531706640641e-09
3869,1.7941685020505495e-09
3870,1.7969100420616138e-09
3871,1.8114557458430205e-09
3872,1.8199452459571372e-09
3873,1.8023913110252307e-09
3874,1.7932206944225132e-09
3875,1.7986560534420289e-09
3876,1.811409356439427e-09
3877,1.8041187496701547e-09
3878,1.8000078415734298e-09
3879,1.80121246829755e-09
3880,1.7938299218658544e-09
3881,1.8043898404000613e-09
3882,1.8004770721837774e-09
3883,1.816955727746372e-09
3884,1.794879526216277e-09
3885,1.793097991945593e-09
3886,1.79271993926472e-09
3887,1.8159336268089723e-09
3888,1.8036569948317495e-09
3889,1.792948069764544e-09
3890,1.7913957711011912e-09
3891,1.7920012064198577e-09
3892,1.7939702951187092e-09
3893,1.7978681738612425e-09
3894,1.8061876746676488e-09
3895,1.7958075393881794e-09
3896,1.7972858261631127e-09
3897,1.804670696104576e-09
3898,1.7975093445511377e-09
3899,1.7984160053554771e-09
3900,1.8039846329824433e-09
3901,1.7934911864096194e-09
3902,1.792833751017105e-09
3903,1.7976631920936644e-09
3904,1.8033377807192792e-09
3905,1.8066826004461016e-09
3906,1.795618616323838e-09
3907,1.8010686420025474e-09
3908,1.7977115076339625e-09
3909,1.797188519495153e-09
3910,1.7968935942482123e-09
3911,1.7971826012319437e-09
3912,1.7996935290796714e-09
3913,1.7969154683050405e-09
3914,1.7942769043101985e-09
3915,1.797049618222725e-09
3916,1.7969872492476167e-09
3917,1.794982342604152e-09
3918,1.79761279891475e-09
3919,1.7966560524502344e-09
3920,1.7940396219067881e-09
3921,1.8011119232342136e-09
3922,1.792665127563529e-09
3923,1.8069009331868128e-09
3924,1.7922568622691771e-09
3925,1.7934632643462834e-09
3926,1.8020215248712276e-09
3927,1.7944164059010035e-09
3928,1.803719275850731e-09
3929,1.7987621733951041e-09
3930,1.8010416365090959e-09
3931,1.7963496525805043e-09
3932,1.8012420960765493e-09
3933,1.800016916167799e-09
3934,1.7961391515974145e-09
3935,1.796183147906266e-09
3936,1.7967675550660177e-09
3937,1.795749465735797e-09
3938,1.7977654935694478e-09
3939,1.7985287668058006e-09
3940,1.8003395999038896e-09
3941,1.7960113670626684e-09
3942,1.7959824539747629e-09
3943,1.796004656410587e-09
3944,1.7940323709911721e-09
3945,1.799886887067565e-09
3946,1.799555104941516e-09
3947,1.803616359518896e-09
3948,1.7942321783488314e-09
3949,1.7934117350198042e-09
3950,1.7996578389823045e-09
3951,1.8046520981587357e-09
3952,1.8020207752218763e-09
3953,1.794636125079521e-09
3954,1.7966477690262583e-09
3955,1.8007256700887765e-09
3956,1.7984107196394674e-09
3957,1.8036448166857472e-09
3958,1.7956922798011467e-09
3959,1.7936969379117291e-09
3960,1.7951170292572025e-09
3961,1.7965049901318247e-09
3962,1.8162173386132897e-09
3963,1.7955245215648184e-09
3964,1.7943629633217067e-09
3965,1.79403049825523e-09
3966,1.8030080430561852e-09
3967,1.7932117646209707e-09
3968,1.7933881620585786e-09
3969,1.793923668933202e-09
3970,1.7951553725829818e-09
3971,1.7920200339884107e-09
3972,1.7962068714414843e-09
3973,1.793747536439574e-09
3974,1.7965109697848933e-09
3975,1.7963318765238986e-09
3976,1.7931038586727134e-09
3977,1.8059322870621854e-09
3978,1.8018684760753131e-09
3979,1.7951744950019757e-09
3980,1.7932308130214266e-09
3981,1.796313825590543e-09
3982,1.792976961810427e-09
3983,1.7937281117913819e-09
3984,1.7973591196847372e-09
3985,1.793996744547493e-09
3986,1.7938409196574112e-09
3987,1.8005224655999339e-09
3988,1.8161336155768738e-09
3989,1.794106148832152e-09
3990,1.794504389771881e-09
3991,1.7969522189339098e-09
3992,1.7955643805163576e-09
3993,1.804576756837931e-09
3994,1.7970288163721232e-09
3995,1.8011690972001696e-09
3996,1.7956109677378258e-09
3997,1.7983025521642119e-09
3998,1.8016180631565227e-09
3999,1.8088068281657487e-09
4000,1.7978716873379012e-09
4001,1.7960418663681039e-09
4002,1.7972541072390627e-09
4003,1.798832309626912e-09
4004,1.8041650683035425e-09
4005,1.79505377797686e-09
4006,1.7948722049682777e-09
4007,1.7947815988257904e-09
4008,1.7931128344443196e-09
4009,1.7917337389419745e-09
4010,1.7913451908317288e-09
4011,1.7975284288443027e-09
4012,1.7984200775890394e-09
4013,1.7925408496095608e-09
4014,1.7911533304921602e-09
4015,1.79256624098805e-09
4016,1.7975689953398641e-09
4017,1.7941497270074147e-09
4018,1.7953627004124584e-09
4019,1.7946275630844204e-09
4020,1.7951312883586215e-09
4021,1.7955914358310817e-09
4022,1.7977919527612685e-09
4023,1.7984919476982193e-09
4024,1.7946568701676848e-09
4025,1.796379130776869e-09
4026,1.796745929307656e-09
4027,1.7956029706884141e-09
4028,1.794769865494998e-09
4029,1.7960918366934879e-09
4030,1.7989129947554107e-09
4031,1.7928559669084794e-09
4032,1.7923215603754864e-09
4033,1.7919779353083134e-09
4034,1.7932009255600452e-09
4035,1.7970806262588936e-09
4036,1.7934214477367526e-09
4037,1.7923669260163698e-09
4038,1.7922703577609679e-09
4039,1.7976732270768487e-09
4040,1.797461440495629e-09
4041,1.7943189779837074e-09
4042,1.794473179084395e-09
4043,1.7939112982173191e-09
4044,1.7928636484338533e-09
4045,1.7932727565667346e-09
4046,1.792905522162071e-09
4047,1.7927920951982221e-09
4048,1.7930637850154875e-09
4049,1.7944566776580409e-09
4050,1.7934742955170092e-09
4051,1.7939019991941745e-09
4052,1.7938277950790818e-09
4053,1.800385929804832e-09
4054,1.7934174166387357e-09
4055,1.7973244963125915e-09
4056,1.797253927050243e-09
4057,1.7946981173348924e-09
4058,1.8044253323014921e-09
4059,1.7940139555044789e-09
4060,1.7943361713264153e-09
4061,1.7958474847543683e-09
4062,1.7947071191533272e-09
4063,1.7959507905934797e-09
4064,1.7952375121129669e-09
4065,1.7976370505486932e-09
4066,1.7922238998082881e-09
4067,1.7982299745497984e-09
4068,1.8007138407900543e-09
4069,1.7936290714398664e-09
4070,1.797559079915541e-09
4071,1.7953832315856138e-09
4072,1.7947329412234863e-09
4073,1.8054961684575389e-09
4074,1.8080664125448138e-09
4075,1.793081289293612e-09
4076,1.7942703345490662e-09
4077,1.7947610604960855e-09
4078,1.7978036044608453e-09
4079,1.8053483557171672e-09
4080,1.7939968177741921e-09
4081,1.7939817983648618e-09
4082,1.7934680599564697e-09
4083,1.7966533622087497e-09
4084,1.7947195803600392e-09
4085,1.801084054382549e-09
4086,1.7950256490760606e-09
4087,1.7937459787352307e-09
4088,1.7949997390853485e-09
4089,1.7999601348095364e-09
4090,1.7948850731007977e-09
4091,1.7958223398348606e-09
4092,1.7941458518298035e-09
4093,1.795410283472762e-09
4094,1.795012568377278e-09
4095,1.7985279825958041e-09
4096,1.7966920969364503e-09
4097,1.7951353101712533e-09
4098,1.7979020165418818e-09
4099,1.793999708096618e-09
4100,1.7945589990434224e-09
