global_step,predictor_x_gap_mse
1,3.3609238516965123e-12
2,3.400042054003517e-08
3,1.704142648598593e-08
4,1.1421720340108747e-08
5,8.624450846261528e-09
6,6.954260832645067e-09
7,5.854037527644733e-09
8,5.0769989720419374e-09
9,4.501715831902224e-09
10,4.060515337867123e-09
11,3.7128306155590685e-09
12,3.433765886876608e-09
13,3.20489035771128e-09
14,3.0111229378010943e-09
15,2.85404557128713e-09
16,2.7203858331017157e-09
17,2.6059682236385717e-09
18,2.508507288625876e-09
19,2.4241156397960807e-09
20,2.3509215738369597e-09
21,2.2877120548641942e-09
22,2.2321995216488966e-09
23,2.1832220276137345e-09
24,2.1409688926873002e-09
25,2.104373885409765e-09
26,2.070712578241434e-09
27,2.041206841705206e-09
28,2.014409734830975e-09
29,1.9910817903559487e-09
30,1.9710981277700006e-09
31,1.9515614435436554e-09
32,1.932770026360778e-09
33,1.9184592676322644e-09
34,1.905436677228832e-09
35,1.8942337526103367e-09
36,1.8833196755076713e-09
37,1.874849219794829e-09
38,1.8663540109216564e-09
39,1.8588794615657875e-09
40,1.8526300518301864e-09
41,1.8454037360364528e-09
42,1.8404521565576642e-09
43,1.8367148157413087e-09
44,1.8316983490034009e-09
45,1.8275232601761042e-09
46,1.8237971786115384e-09
47,1.820269771842631e-09
48,1.8172296111198444e-09
49,1.814938729448811e-09
50,1.8135168933410414e-09
51,1.811650465049325e-09
52,1.8105991992911179e-09
53,1.8078625509331346e-09
54,1.8076968817123125e-09
55,1.805461552816542e-09
56,1.8030728106368732e-09
57,1.8030527578980102e-09
58,1.801402308256792e-09
59,1.8002356083664443e-09
60,1.7979970440041492e-09
61,1.7981822226530119e-09
62,1.797017651122984e-09
63,1.7968161830850906e-09
64,1.7965633256385428e-09
65,1.796688095828474e-09
66,1.7957345089238612e-09
67,1.7958449905161993e-09
68,1.7947301845604383e-09
69,1.794437901976714e-09
70,1.794677574724421e-09
71,1.7939880202910036e-09
72,1.7955215995121358e-09
73,1.7945779600352067e-09
74,1.794840157554117e-09
75,1.7943229273737686e-09
76,1.7939615753995758e-09
77,1.7943029953214518e-09
78,1.7937981266963404e-09
79,1.794268960351451e-09
80,1.7944557542121215e-09
81,1.7945674480797552e-09
82,1.7934799515948949e-09
83,1.79437593946221e-09
84,1.7946106435862633e-09
85,1.793978813581811e-09
86,1.7929237158029038e-09
87,1.7926525216408909e-09
88,1.793509160885547e-09
89,1.7934156269424666e-09
90,1.7935376552277394e-09
91,1.792266877361342e-09
92,1.791497958556183e-09
93,1.791173250284458e-09
94,1.7911334730247143e-09
95,1.7924673094719264e-09
96,1.793002521895826e-09
97,1.793763360520123e-09
98,1.7930691779899482e-09
99,1.793014448402709e-09
100,1.793349490015103e-09
101,1.793505981531121e-09
102,1.7927132363824047e-09
103,1.7919378624850357e-09
104,1.793277698123537e-09
105,1.7929367918324218e-09
106,1.7928902472575433e-09
107,1.7927157615975539e-09
108,1.7930552407349116e-09
109,1.7935139845043263e-09
110,1.7934137441071453e-09
111,1.7933256962090703e-09
112,1.794642053261025e-09
113,1.7945211780780217e-09
114,1.7948254758115669e-09
115,1.7939832241552933e-09
116,1.7944768467679065e-09
117,1.7934797510886214e-09
118,1.792466173919785e-09
119,1.7922661920291812e-09
120,1.7916603469965557e-09
121,1.7920764472954041e-09
122,1.7912582410020988e-09
123,1.7911022120141487e-09
124,1.7918369829273005e-09
125,1.7920731939910773e-09
126,1.7933186803736103e-09
127,1.7925893595530257e-09
128,1.7927285117803723e-09
129,1.7928432389020366e-09
130,1.7930875650878756e-09
131,1.792587308481879e-09
132,1.7926572933069684e-09
133,1.7924021998070006e-09
134,1.7924229404149518e-09
135,1.7927836171800208e-09
136,1.7928744421588506e-09
137,1.7938055371759903e-09
138,1.794524176048676e-09
139,1.7940623377159864e-09
140,1.7934787407139423e-09
141,1.7925832446291145e-09
142,1.7934266699557633e-09
143,1.7937410345743285e-09
144,1.7935997872943518e-09
145,1.7935203852862992e-09
146,1.7928026950597174e-09
147,1.7929955761071882e-09
148,1.7928996958372165e-09
149,1.793896606574438e-09
150,1.7941139051187433e-09
151,1.7934605088848205e-09
152,1.7937146773050892e-09
153,1.7932112567668056e-09
154,1.7929076634250642e-09
155,1.7926853856897122e-09
156,1.7923572359071371e-09
157,1.792888425775347e-09
158,1.7935630712472678e-09
159,1.7936407384080278e-09
160,1.7932020640188986e-09
161,1.7941163740714206e-09
162,1.7930850545501693e-09
163,1.7936743949033618e-09
164,1.7944488339090993e-09
165,1.7941014360939068e-09
166,1.795263960881548e-09
167,1.794158070717047e-09
168,1.7936889986569386e-09
169,1.7933768300564102e-09
170,1.7929904039020905e-09
171,1.7927312975932234e-09
172,1.7927399095732484e-09
173,1.793338662298896e-09
174,1.7934045526711596e-09
175,1.7952904268178411e-09
176,1.7940720688923792e-09
177,1.7943012213015006e-09
178,1.793881532306535e-09
179,1.7943843101798484e-09
180,1.7946460945565781e-09
181,1.7938829432861833e-09
182,1.793660877833957e-09
183,1.7934934895535535e-09
184,1.7948360659339793e-09
185,1.7939366487462031e-09
186,1.793443509252074e-09
187,1.7931137022536502e-09
188,1.794060729233457e-09
189,1.7941451049592378e-09
190,1.7944304023040708e-09
191,1.7938033034475494e-09
192,1.7936036205416992e-09
193,1.7944261019289872e-09
194,1.7947371848888117e-09
195,1.79420786636395e-09
196,1.7938339743233053e-09
197,1.7944181685251543e-09
198,1.7944813079699454e-09
199,1.7924774860168025e-09
200,1.7928667988611312e-09
201,1.7930040410126065e-09
202,1.7931595043282334e-09
203,1.7932745733472145e-09
204,1.79456962206737e-09
205,1.7937687859875333e-09
206,1.7929070623529284e-09
207,1.7940018592739559e-09
208,1.7941209657866701e-09
209,1.7927647276830827e-09
210,1.7932108722112374e-09
211,1.7926666875892312e-09
212,1.7936710041984838e-09
213,1.793320511668751e-09
214,1.7929566196860864e-09
215,1.793050045959808e-09
216,1.7927855487911349e-09
217,1.7922601339190551e-09
218,1.7918502111910837e-09
219,1.791358798362635e-09
220,1.7915858452622576e-09
221,1.791452658239969e-09
222,1.7914272821262297e-09
223,1.7921870892137268e-09
224,1.7935605895184158e-09
225,1.7931535234832866e-09
226,1.7935135093557686e-09
227,1.7924000055941368e-09
228,1.7932539755250858e-09
229,1.793615419752546e-09
230,1.7930581255785616e-09
231,1.7927676184488202e-09
232,1.7923121901430071e-09
233,1.7929093988953032e-09
234,1.793153462627855e-09
235,1.7935280428418469e-09
236,1.7945494839813648e-09
237,1.7951287204993128e-09
238,1.794650890873927e-09
239,1.7938707597639024e-09
240,1.794300809734374e-09
241,1.7942236565480924e-09
242,1.794172481625265e-09
243,1.7944409654311029e-09
244,1.7936854266082914e-09
245,1.7937901813111502e-09
246,1.7943763887471423e-09
247,1.7941568412506164e-09
248,1.7925905251455603e-09
249,1.7924042406270989e-09
250,1.7939975650137366e-09
251,1.7941975749068612e-09
252,1.7937612699657217e-09
253,1.7941511933436987e-09
254,1.7930267247618284e-09
255,1.793832268496513e-09
256,1.79371249319797e-09
257,1.7948708871847742e-09
258,1.7939135770333511e-09
259,1.7938582637998766e-09
260,1.7936994819585076e-09
261,1.7932697141002827e-09
262,1.7940338037968132e-09
263,1.7941093901732403e-09
264,1.794296237794887e-09
265,1.7942083040586645e-09
266,1.7948805955548829e-09
267,1.7940951289982769e-09
268,1.7939559233887171e-09
269,1.793923156412418e-09
270,1.7936092337044329e-09
271,1.793557602268619e-09
272,1.793103382167168e-09
273,1.7933847449098516e-09
274,1.7936313341628165e-09
275,1.7942440670449855e-09
276,1.7943133366286126e-09
277,1.7945243447160433e-09
278,1.7943685842782058e-09
279,1.7938239713743286e-09
280,1.7941448822850778e-09
281,1.7943484466314834e-09
282,1.7935522011698552e-09
283,1.7937402830579352e-09
284,1.7929352571426098e-09
285,1.794421686422181e-09
286,1.7930404338001106e-09
287,1.7925110069308435e-09
288,1.792866843617968e-09
289,1.793104083145387e-09
290,1.7940886171112372e-09
291,1.7938153469657053e-09
292,1.7938397920259696e-09
293,1.7940645652162784e-09
294,1.7941612233860917e-09
295,1.7939211451542607e-09
296,1.7949255699830106e-09
297,1.7937691892724252e-09
298,1.794952584347297e-09
299,1.7952253898775464e-09
300,1.7941683815739759e-09
301,1.7935044456093425e-09
302,1.7934356150347494e-09
303,1.7936518083104897e-09
304,1.7930964818176675e-09
305,1.7932653138103063e-09
306,1.792828751164248e-09
307,1.7921163626452633e-09
308,1.7934588367218362e-09
309,1.7927627368617724e-09
310,1.7931869993529466e-09
311,1.7934193384454182e-09
312,1.7937277246179874e-09
313,1.7952549837672783e-09
314,1.7963467782902572e-09
315,1.795346868226678e-09
316,1.7942531144818216e-09
317,1.7937771006837933e-09
318,1.7934509286962333e-09
319,1.7935333692441906e-09
320,1.7946706258554673e-09
321,1.7940006576369125e-09
322,1.7943840381111124e-09
323,1.7943036803210012e-09
324,1.79462983239073e-09
325,1.7958226450132157e-09
326,1.7950978090521225e-09
327,1.7948639167542372e-09
328,1.7966939870824702e-09
329,1.7949940190043168e-09
330,1.7942004788320525e-09
331,1.7949857020147157e-09
332,1.795189196472719e-09
333,1.7934984789573954e-09
334,1.7943514044013757e-09
335,1.793812902918758e-09
336,1.795024301961798e-09
337,1.793849358553083e-09
338,1.7942907773490195e-09
339,1.7940011810103264e-09
340,1.794069146723249e-09
341,1.7928965415632224e-09
342,1.793597046219856e-09
343,1.7947856908863844e-09
344,1.7960326685252686e-09
345,1.7955007762567559e-09
346,1.7944750758860747e-09
347,1.7938083261668376e-09
348,1.7943255035765596e-09
349,1.7939672767934991e-09
350,1.7944248517370168e-09
351,1.7939075662682617e-09
352,1.7945458501286658e-09
353,1.7951304405841821e-09
354,1.7948980158486088e-09
355,1.7947014328549744e-09
356,1.7931990647648121e-09
357,1.7933840816697632e-09
358,1.7922787639911448e-09
359,1.7931076618720265e-09
360,1.7925657322966886e-09
361,1.791695892479197e-09
362,1.7923711795075676e-09
363,1.7911240388411521e-09
364,1.7914399956844463e-09
365,1.7910661929209126e-09
366,1.792679035427537e-09
367,1.791441749363984e-09
368,1.7921871782794708e-09
369,1.7934425484886403e-09
370,1.7930216977309375e-09
371,1.7938871620507012e-09
372,1.793638887111276e-09
373,1.792900529329725e-09
374,1.793221405027804e-09
375,1.794125635145377e-09
376,1.7940036379579135e-09
377,1.7936917028889018e-09
378,1.794926800072345e-09
379,1.794126693561889e-09
380,1.7950094815315044e-09
381,1.794375869482186e-09
382,1.7961677521716088e-09
383,1.7968110195258786e-09
384,1.7953843641297758e-09
385,1.7951491365097768e-09
386,1.7942797656783076e-09
387,1.7958621616857545e-09
388,1.7952491782797632e-09
389,1.7951952227151949e-09
390,1.7950850699477727e-09
391,1.7954013756908487e-09
392,1.7949421139927732e-09
393,1.7945007491962656e-09
394,1.7948014425400961e-09
395,1.794374430205596e-09
396,1.795252222952365e-09
397,1.7957327331359715e-09
398,1.7942355312368318e-09
399,1.7932231528802893e-09
400,1.7945510371860114e-09
401,1.7932507305685305e-09
402,1.7939238853857772e-09
403,1.7938853639548309e-09
404,1.793097958037936e-09
405,1.793659083222619e-09
406,1.7931670159560156e-09
407,1.7937610035405635e-09
408,1.7929685559217447e-09
409,1.7932116450717724e-09
410,1.7931874825423361e-09
411,1.7934963619578002e-09
412,1.7926544215416108e-09
413,1.7929273177184766e-09
414,1.7930256034294447e-09
415,1.7927605364039614e-09
416,1.7923201695133624e-09
417,1.7927322230809933e-09
418,1.7932350711314316e-09
419,1.7930965223838482e-09
420,1.7928370232844492e-09
421,1.7930147398082407e-09
422,1.7928901426941998e-09
423,1.79317119143098e-09
424,1.7932556686754338e-09
425,1.7935540585454918e-09
426,1.7926066668570542e-09
427,1.791027387092641e-09
428,1.7938169289368236e-09
429,1.7936172548072354e-09
430,1.79334412938905e-09
431,1.7933102983209178e-09
432,1.794015413950687e-09
433,1.7935432452012093e-09
434,1.7944510999406666e-09
435,1.7934233935003895e-09
436,1.7931304032245646e-09
437,1.793612003521128e-09
438,1.7931688477042162e-09
439,1.7926374154108266e-09
440,1.7927333690063838e-09
441,1.7932925818560273e-09
442,1.7936540862152377e-09
443,1.792807391407513e-09
444,1.792232526135395e-09
445,1.7936067422071604e-09
446,1.7923907050060434e-09
447,1.792700968877331e-09
448,1.793112725325182e-09
449,1.7919205057618044e-09
450,1.7930643327864171e-09
451,1.7944893512429585e-09
452,1.7944081272960404e-09
453,1.7954780913754145e-09
454,1.7946268076285339e-09
455,1.793323078842314e-09
456,1.7935469393073583e-09
457,1.7946752508945832e-09
458,1.7924424207877531e-09
459,1.7931317748607377e-09
460,1.7934599571814223e-09
461,1.7924249037804505e-09
462,1.7925156769892771e-09
463,1.7928148193195822e-09
464,1.7942284911776066e-09
465,1.792865573539424e-09
466,1.7936975049085286e-09
467,1.7930593395312865e-09
468,1.7933601179395006e-09
469,1.7927025326429342e-09
470,1.7937403754555647e-09
471,1.7939464443465474e-09
472,1.7927764800405328e-09
473,1.7929180397275716e-09
474,1.7916451458325857e-09
475,1.7920548328856864e-09
476,1.791606237836011e-09
477,1.7934537262713026e-09
478,1.7931963690634216e-09
479,1.7923098427417558e-09
480,1.7923008884525127e-09
481,1.7948233364330007e-09
482,1.7937356812813723e-09
483,1.7939075036884431e-09
484,1.7939199361885981e-09
485,1.7928622308303044e-09
486,1.7938460153341577e-09
487,1.7947235680294645e-09
488,1.795163579570193e-09
489,1.7939233869349986e-09
490,1.7945024726313045e-09
491,1.7932294377210847e-09
492,1.7930184491981555e-09
493,1.7930778546204112e-09
494,1.7926498135700515e-09
495,1.7927817017851935e-09
496,1.7926444011156192e-09
497,1.7917776507011883e-09
498,1.7921972836137269e-09
499,1.7912909621511554e-09
500,1.7914955787254537e-09
501,1.7917245846669766e-09
502,1.7914319314854174e-09
503,1.7919734363351242e-09
504,1.7929695469121053e-09
505,1.7924571815222939e-09
506,1.793262535631589e-09
507,1.7934993836481095e-09
508,1.7932637510184672e-09
509,1.7925790740208418e-09
510,1.7921361610541059e-09
511,1.7912651169951543e-09
512,1.7910704569683666e-09
513,1.7908443593298776e-09
514,1.7920873620072015e-09
515,1.7932242959078975e-09
516,1.7922236492359163e-09
517,1.79382721841283e-09
518,1.7938210909992503e-09
519,1.793817646334529e-09
520,1.7941313397209697e-09
521,1.7940624098070677e-09
522,1.7932443893680878e-09
523,1.7924459912797558e-09
524,1.7932694265131112e-09
525,1.7928894750648686e-09
526,1.7923626515518024e-09
527,1.7939668396994282e-09
528,1.7949764464613187e-09
529,1.7925638041087466e-09
530,1.792783496191647e-09
531,1.7922915905412436e-09
532,1.7923668167938622e-09
533,1.791865605223298e-09
534,1.7925169610777901e-09
535,1.7930191149335221e-09
536,1.7945402356853493e-09
537,1.7927142692187539e-09
538,1.7931262385618168e-09
539,1.794512015951617e-09
540,1.7952778140169797e-09
541,1.7943693672756099e-09
542,1.7926633510932275e-09
543,1.793400041670314e-09
544,1.7943730435452675e-09
545,1.7954451603386876e-09
546,1.7944173360448936e-09
547,1.7938367609177636e-09
548,1.7931885309148843e-09
549,1.7951194802551125e-09
550,1.7941596996709703e-09
551,1.7957842231388867e-09
552,1.7942460437054114e-09
553,1.7936505443848609e-09
554,1.796166928720867e-09
555,1.7935195402732654e-09
556,1.7948406510067747e-09
557,1.7958576065566183e-09
558,1.7946171135992728e-09
559,1.794767675154727e-09
560,1.7944927037219797e-09
561,1.7949045011558166e-09
562,1.794007373812942e-09
563,1.7948023355035028e-09
564,1.7939328424460354e-09
565,1.793938336253795e-09
566,1.7933196075167909e-09
567,1.7939420289702566e-09
568,1.7942564405481352e-09
569,1.7934639593971384e-09
570,1.79582051577912e-09
571,1.7936558470938474e-09
572,1.7933574450543925e-09
573,1.7940201587187823e-09
574,1.7933442110550177e-09
575,1.7933496116936036e-09
576,1.7928749313940775e-09
577,1.7940433359018678e-09
578,1.794731421493292e-09
579,1.7950846129571347e-09
580,1.7950205008238394e-09
581,1.7958071379008058e-09
582,1.7962305966198506e-09
583,1.7945766865686916e-09
584,1.795204817965077e-09
585,1.7944994951514484e-09
586,1.7939737957902044e-09
587,1.7947039404992556e-09
588,1.7942152937213238e-09
589,1.7945222708775308e-09
590,1.793932244889817e-09
591,1.7946677888455704e-09
592,1.796172093135578e-09
593,1.7958605476792619e-09
594,1.7958316181738521e-09
595,1.7942981791056435e-09
596,1.794522236674798e-09
597,1.7956758425473182e-09
598,1.7968356528158713e-09
599,1.7940684587288254e-09
600,1.7948810072095456e-09
601,1.7965355460517285e-09
602,1.7965332123636678e-09
603,1.7976662857187976e-09
604,1.7950360085572192e-09
605,1.7945661899762342e-09
606,1.7948295042505415e-09
607,1.7948812820541678e-09
608,1.7955841293638238e-09
609,1.7948392338092778e-09
610,1.7946239834217737e-09
611,1.795370406170919e-09
612,1.7960361515126058e-09
613,1.7955665998140047e-09
614,1.7950250065137899e-09
615,1.795620810806044e-09
616,1.7949159386662763e-09
617,1.7953047405671399e-09
618,1.7943023072133576e-09
619,1.7929959295396295e-09
620,1.7919687640102759e-09
621,1.7916577037932227e-09
622,1.7919249377073228e-09
623,1.791599136492629e-09
624,1.7916829673542138e-09
625,1.7923170935584412e-09
626,1.7939104030465802e-09
627,1.7922428720533253e-09
628,1.7908239408606612e-09
629,1.7920376055546235e-09
630,1.7929740532975283e-09
631,1.7923751996050824e-09
632,1.7921402906805525e-09
633,1.7921553949948208e-09
634,1.7928250420277734e-09
635,1.7928308670610404e-09
636,1.7944709927535126e-09
637,1.7930570424370245e-09
638,1.7928950068368553e-09
639,1.7936787106938929e-09
640,1.793066374953977e-09
641,1.795394689242445e-09
642,1.7929666375621314e-09
643,1.7929234687967744e-09
644,1.7939734030785202e-09
645,1.7937358603062334e-09
646,1.7943908393190747e-09
647,1.7951977538521734e-09
648,1.793647249986518e-09
649,1.7946503649212616e-09
650,1.7945848874806247e-09
651,1.7929455433628898e-09
652,1.7936328085887422e-09
653,1.7936464105026018e-09
654,1.7941522611005239e-09
655,1.795481766749522e-09
656,1.794656732658296e-09
657,1.7955891705393503e-09
658,1.793668732794448e-09
659,1.793162492199523e-09
660,1.7931643816343696e-09
661,1.7935831081182085e-09
662,1.7943235672185173e-09
663,1.7946779319304633e-09
664,1.7947544869982883e-09
665,1.7947755930726487e-09
666,1.7932485899922678e-09
667,1.793402871132273e-09
668,1.7928792367266815e-09
669,1.7926565388903082e-09
670,1.7935500613075446e-09
671,1.7926856218579046e-09
672,1.7934501357706001e-09
673,1.7934355095946069e-09
674,1.7942952497236177e-09
675,1.7932911194993296e-09
676,1.7933492620176735e-09
677,1.794506505991308e-09
678,1.795261589332214e-09
679,1.7924617462367345e-09
680,1.7931203882884491e-09
681,1.7922821945449633e-09
682,1.792630513782301e-09
683,1.7912803117655798e-09
684,1.792902705732182e-09
685,1.7931399718287695e-09
686,1.7943113596106674e-09
687,1.7951128603938998e-09
688,1.7947067627273724e-09
689,1.7937879955518692e-09
690,1.7957720198568425e-09
691,1.7942757699049554e-09
692,1.7946811141323849e-09
693,1.7938441659513412e-09
694,1.793802985478017e-09
695,1.7937079074077032e-09
696,1.793804813217808e-09
697,1.7940411884884452e-09
698,1.7952474189548164e-09
699,1.795541384041041e-09
700,1.7950143896299642e-09
701,1.7971378409832871e-09
702,1.795521926175922e-09
703,1.7956113131167293e-09
704,1.7952270137847408e-09
705,1.7965653685226294e-09
706,1.7953682673279698e-09
707,1.796182382119913e-09
708,1.7959244069126627e-09
709,1.7961834061890397e-09
710,1.7969520665452727e-09
711,1.7956471644130159e-09
712,1.7959970725366608e-09
713,1.795446059536467e-09
714,1.7962085019294878e-09
715,1.7994004861582516e-09
716,1.7957614003742817e-09
717,1.7957093284033968e-09
718,1.7960566644539949e-09
719,1.7952700663036002e-09
720,1.7964244543717824e-09
721,1.7936598127520454e-09
722,1.7941746710171209e-09
723,1.7953106270648211e-09
724,1.7935447152117328e-09
725,1.7957547736710477e-09
726,1.7922317270427122e-09
727,1.7930286877577364e-09
728,1.7945253049064151e-09
729,1.79345363176495e-09
730,1.795317780873517e-09
731,1.793953186066334e-09
732,1.7951777156322283e-09
733,1.7944143925062933e-09
734,1.7935931196134985e-09
735,1.7933123972049816e-09
736,1.7938955680351552e-09
737,1.7925412730654757e-09
738,1.7937062334850022e-09
739,1.7936271456595007e-09
740,1.7944018826190166e-09
741,1.7926521609658654e-09
742,1.7933466340411387e-09
743,1.7936210687591988e-09
744,1.7943374082889292e-09
745,1.7952499361284549e-09
746,1.792856404237435e-09
747,1.7932230005680568e-09
748,1.7927375761409774e-09
749,1.7919809683583919e-09
750,1.7926760226330533e-09
751,1.7927105911232704e-09
752,1.793169072663991e-09
753,1.792691871905758e-09
754,1.7938495840320246e-09
755,1.795108284925589e-09
756,1.7935216791069157e-09
757,1.7931002642274784e-09
758,1.7940161189255673e-09
759,1.793361950714207e-09
760,1.7920700905368592e-09
761,1.7921176770678216e-09
762,1.7929465269535872e-09
763,1.7927869399661362e-09
764,1.792773101066671e-09
765,1.7918569051871083e-09
766,1.79428534225724e-09
767,1.7935525512756563e-09
768,1.7936040011820991e-09
769,1.7928351141890704e-09
770,1.7931480745821445e-09
771,1.7931574344195917e-09
772,1.792908451205596e-09
773,1.7935208003673843e-09
774,1.7932932906876269e-09
775,1.7935108284116986e-09
776,1.7928606380279358e-09
777,1.7927164579704046e-09
778,1.7947721239339123e-09
779,1.7945688198455938e-09
780,1.79377028692827e-09
781,1.7945677110183585e-09
782,1.7955041233874396e-09
783,1.7941098594721948e-09
784,1.7938830097605188e-09
785,1.7936983368277239e-09
786,1.7935324532445407e-09
787,1.7942607562718383e-09
788,1.7942988804472515e-09
789,1.7932332848656986e-09
790,1.7934243051117844e-09
791,1.7933152483263292e-09
792,1.7972190258014096e-09
793,1.794086336967923e-09
794,1.7944043236552184e-09
795,1.7940394681082026e-09
796,1.7921136475781823e-09
797,1.7933184929113563e-09
798,1.7927225694535302e-09
799,1.7938228887101595e-09
800,1.7915263608132648e-09
801,1.7919602752598077e-09
802,1.7937363895301632e-09
803,1.7903154667741017e-09
804,1.7913913654033136e-09
805,1.7923032192450413e-09
806,1.7913881984951477e-09
807,1.7918243705879312e-09
808,1.7913838541025731e-09
809,1.7912469223659662e-09
810,1.7919326483459329e-09
811,1.7929121018081029e-09
812,1.7919128825022403e-09
813,1.7917984454266874e-09
814,1.7912134548466676e-09
815,1.7918123477048538e-09
816,1.7925771311218681e-09
817,1.7920903493287306e-09
818,1.7925511627552633e-09
819,1.7928114021156314e-09
820,1.7929951909178623e-09
821,1.7929860684788348e-09
822,1.7926096981598315e-09
823,1.7931326861067628e-09
824,1.7930264607848192e-09
825,1.7935304754311787e-09
826,1.7940692841310368e-09
827,1.7925775178174198e-09
828,1.792780006686902e-09
829,1.7937057727801364e-09
830,1.7952761118271895e-09
831,1.793752079254938e-09
832,1.7933051944176738e-09
833,1.792694657589751e-09
834,1.7940093885814556e-09
835,1.7963950123838427e-09
836,1.7941583257597644e-09
837,1.7931215422626466e-09
838,1.7929056923571314e-09
839,1.793870516649919e-09
840,1.7950547762739117e-09
841,1.7948614532214032e-09
842,1.7936198341504e-09
843,1.7939252271867063e-09
844,1.794730684800013e-09
845,1.7936053677532995e-09
846,1.7941750950897351e-09
847,1.7941371031016499e-09
848,1.7945678818814535e-09
849,1.7946445614398276e-09
850,1.7939818708441373e-09
851,1.7983197122137202e-09
852,1.7934191336349702e-09
853,1.7939948186168989e-09
854,1.7921258616569894e-09
855,1.7936326277725824e-09
856,1.7947443255657745e-09
857,1.7940154652431133e-09
858,1.792285054495436e-09
859,1.79394922620804e-09
860,1.7936642806828602e-09
861,1.792461467753891e-09
862,1.7953007005996292e-09
863,1.7932033713915094e-09
864,1.7923413590539975e-09
865,1.7918553648054078e-09
866,1.792768790746413e-09
867,1.7952026731818984e-09
868,1.7938775611669915e-09
869,1.794124451013812e-09
870,1.7942814900855116e-09
871,1.7943731944373192e-09
872,1.7936455611887243e-09
873,1.7950689904264223e-09
874,1.7936404629533886e-09
875,1.7938789724519265e-09
876,1.7949572919385777e-09
877,1.7943370857772414e-09
878,1.7945856831503266e-09
879,1.794330946901172e-09
880,1.7942459858166755e-09
881,1.7934587396778767e-09
882,1.79350561679331e-09
883,1.7940815923159059e-09
884,1.7929937758270714e-09
885,1.791959849053723e-09
886,1.7920009746969747e-09
887,1.792003335064111e-09
888,1.7919537996758147e-09
889,1.7938279047009153e-09
890,1.7934416023992403e-09
891,1.7921461956770647e-09
892,1.7929182489927278e-09
893,1.7961738678954582e-09
894,1.7930118739014104e-09
895,1.7945608355773615e-09
896,1.794556359189259e-09
897,1.7941491887976276e-09
898,1.7938989318326891e-09
899,1.7944341702250789e-09
900,1.7930934941799751e-09
901,1.7929756868017535e-09
902,1.7927373216257344e-09
903,1.7925394105407482e-09
904,1.7939641696085066e-09
905,1.795435754498867e-09
906,1.7916325737777889e-09
907,1.793376802239874e-09
908,1.7945090730313072e-09
909,1.7926798652883123e-09
910,1.792209757276238e-09
911,1.7920950909966442e-09
912,1.7932496145267373e-09
913,1.7971025575325318e-09
914,1.7929287555904964e-09
915,1.7933292872682503e-09
916,1.7928589670285033e-09
917,1.7933209489615894e-09
918,1.7949915486556424e-09
919,1.7931234863608542e-09
920,1.7937107592714355e-09
921,1.7927927220994763e-09
922,1.7927961345720882e-09
923,1.7930174937229196e-09
924,1.7937310599620592e-09
925,1.7942276933009759e-09
926,1.793388208228774e-09
927,1.7922532270153944e-09
928,1.7930099228503036e-09
929,1.7933825313916643e-09
930,1.7928449670923237e-09
931,1.7940586334729982e-09
932,1.7934519637181867e-09
933,1.792814977540418e-09
934,1.7939765008523573e-09
935,1.7941106634482955e-09
936,1.7953914629954156e-09
937,1.794236980947381e-09
938,1.7944910301575187e-09
939,1.7947713948038613e-09
940,1.7936990927183053e-09
941,1.79457017762398e-09
942,1.7940595481599464e-09
943,1.7939421406071325e-09
944,1.7933843264584193e-09
945,1.7931195910112735e-09
946,1.7945365287941532e-09
947,1.7992388471278895e-09
948,1.7929887063917539e-09
949,1.7928659008221885e-09
950,1.7926862032615522e-09
951,1.7939408023295362e-09
952,1.7943063514390718e-09
953,1.7949126269954816e-09
954,1.793184305020959e-09
955,1.7944206364375567e-09
956,1.79475801895024e-09
957,1.7951388804566128e-09
958,1.7941684738406757e-09
959,1.7945363760890612e-09
960,1.7944528549333943e-09
961,1.7921383599069462e-09
962,1.7917524850458036e-09
963,1.7928869669341433e-09
964,1.7923344963463481e-09
965,1.7945990487028696e-09
966,1.7939002653449407e-09
967,1.7951727970568742e-09
968,1.794347536316117e-09
969,1.7947773158744352e-09
970,1.7950387259895002e-09
971,1.7937023751641174e-09
972,1.792885660562356e-09
973,1.7938439706789937e-09
974,1.7963094503060788e-09
975,1.7938153677347632e-09
976,1.7951383132179272e-09
977,1.7950812120302126e-09
978,1.7978130268499966e-09
979,1.7978434129056112e-09
980,1.796135702328463e-09
981,1.7956598661511193e-09
982,1.79565426816805e-09
983,1.8008432927510283e-09
984,1.7966471030406281e-09
985,1.794864604403706e-09
986,1.7942485752979478e-09
987,1.7951758858389993e-09
988,1.7982473001711044e-09
989,1.7964603092359491e-09
990,1.795113900887249e-09
991,1.793767097364216e-09
992,1.8024151309563021e-09
993,1.8025715191543216e-09
994,1.7943530471683642e-09
995,1.7938494465491942e-09
996,1.7943969478240627e-09
997,1.802440868851308e-09
998,1.796927091017207e-09
999,1.7934816612175293e-09
1000,1.792237861567297e-09
1001,1.7954350098309469e-09
1002,1.80080213869282e-09
1003,1.7942211207028947e-09
1004,1.793730129695831e-09
1005,1.7920938516256425e-09
1006,1.7945471774157513e-09
1007,1.7967715857497686e-09
1008,1.7946819558151679e-09
1009,1.7925120717910811e-09
1010,1.7927104170612665e-09
1011,1.7971981241579241e-09
1012,1.7987560039413066e-09
1013,1.7967728669468209e-09
1014,1.7937298014694592e-09
1015,1.7955946501196743e-09
1016,1.7948009093750987e-09
1017,1.7977560725067804e-09
1018,1.7936097389009068e-09
1019,1.7939517694214008e-09
1020,1.7927334798063577e-09
1021,1.7944700909068306e-09
1022,1.7926368293395249e-09
1023,1.793406462922955e-09
1024,1.7927655541722573e-09
1025,1.7948725669999763e-09
1026,1.7952352755715829e-09
1027,1.7941533109652978e-09
1028,1.7925047979259084e-09
1029,1.792389392787325e-09
1030,1.7921252575828778e-09
1031,1.7961646312918548e-09
1032,1.7937982753677225e-09
1033,1.792248318311768e-09
1034,1.7935833640298389e-09
1035,1.7949872806184963e-09
1036,1.793269907757126e-09
1037,1.7940325677464524e-09
1038,1.7941592378803959e-09
1039,1.7951688383753188e-09
1040,1.795114164058626e-09
1041,1.7934073432011518e-09
1042,1.7975507382562305e-09
1043,1.792707313333673e-09
1044,1.7962414498632776e-09
1045,1.7987698639230684e-09
1046,1.7929815807168963e-09
1047,1.7937262498382492e-09
1048,1.7938041275532357e-09
1049,1.7938395261151618e-09
1050,1.7942924053640735e-09
1051,1.7940590189308239e-09
1052,1.7923843505439053e-09
1053,1.7937502879196955e-09
1054,1.7938553006931966e-09
1055,1.7931177233845926e-09
1056,1.7967103307954e-09
1057,1.7936855067899154e-09
1058,1.795163556828461e-09
1059,1.7930932333363145e-09
1060,1.7929571037476254e-09
1061,1.7925109032020638e-09
1062,1.7932449486617953e-09
1063,1.7928174415029427e-09
1064,1.7919344120611517e-09
1065,1.7933351953121324e-09
1066,1.7913859306961335e-09
1067,1.7921696891524235e-09
1068,1.7932198366473777e-09
1069,1.7916114351583384e-09
1070,1.7917401654149902e-09
1071,1.7935104814761108e-09
1072,1.7930126491429102e-09
1073,1.7939527357626964e-09
1074,1.7919088938494457e-09
1075,1.7943546044797655e-09
1076,1.796422484399615e-09
1077,1.796316635139893e-09
1078,1.7962214337471031e-09
1079,1.7939784746740197e-09
1080,1.7941275498276674e-09
1081,1.793382375213589e-09
1082,1.7933741285259964e-09
1083,1.7936407398092821e-09
1084,1.7944925693277056e-09
1085,1.7942538173389068e-09
1086,1.7933658026275703e-09
1087,1.7932477818285884e-09
1088,1.794181498324207e-09
1089,1.7934657894259307e-09
1090,1.79314037717018e-09
1091,1.7948203265533696e-09
1092,1.792900829237289e-09
1093,1.7944586584552018e-09
1094,1.7943342965654283e-09
1095,1.7953796682708375e-09
1096,1.7939610629497983e-09
1097,1.794466939001859e-09
1098,1.795323966367217e-09
1099,1.795494584794692e-09
1100,1.795693373970114e-09
1101,1.7958425136552457e-09
1102,1.7935624591636136e-09
1103,1.7943577911856024e-09
1104,1.794308523097511e-09
1105,1.794500812800444e-09
1106,1.7945819263900915e-09
1107,1.7941184059722898e-09
1108,1.793838630618267e-09
1109,1.7953713955772506e-09
1110,1.7934775272756782e-09
1111,1.793329702979035e-09
1112,1.7928245709613902e-09
1113,1.7935188232759309e-09
1114,1.7924594517647827e-09
1115,1.7931767510862685e-09
1116,1.7931827125488173e-09
1117,1.793575287453676e-09
1118,1.7983996955475294e-09
1119,1.7941863140851715e-09
1120,1.7941201917740623e-09
1121,1.7953484153722506e-09
1122,1.7950537818101113e-09
1123,1.7986198450750362e-09
1124,1.7958218522577182e-09
1125,1.794596262754285e-09
1126,1.7957238519586955e-09
1127,1.7945000348840702e-09
1128,1.793924139913002e-09
1129,1.7936856585871498e-09
1130,1.7973271071535193e-09
1131,1.8002258756954343e-09
1132,1.7931671459471112e-09
1133,1.7935438946085139e-09
1134,1.795770352905813e-09
1135,1.7931489505646774e-09
1136,1.7946761664802625e-09
1137,1.7935133349475638e-09
1138,1.7930422881078456e-09
1139,1.792967636902233e-09
1140,1.792425317018013e-09
1141,1.7942326634346479e-09
1142,1.792181218419013e-09
1143,1.7928309626718007e-09
1144,1.7935052146243717e-09
1145,1.7925363837453362e-09
1146,1.7940840200285656e-09
1147,1.7935902766576986e-09
1148,1.7953120909108591e-09
1149,1.7932112692600217e-09
1150,1.7948138750702513e-09
1151,1.7916990262819341e-09
1152,1.7917444711136787e-09
1153,1.7965853435884017e-09
1154,1.7970473298820184e-09
1155,1.792783612215089e-09
1156,1.7933822122826115e-09
1157,1.794565081240233e-09
1158,1.7984431311385524e-09
1159,1.8083079091003837e-09
1160,1.7941728750795248e-09
1161,1.7943348659832287e-09
1162,1.8043839281761299e-09
1163,1.803169740972807e-09
1164,1.7949767256688059e-09
1165,1.7959888748521615e-09
1166,1.797949926342201e-09
1167,1.8017771546640443e-09
1168,1.7991607655430637e-09
1169,1.7938557844580809e-09
1170,1.7927437045377678e-09
1171,1.7943537496808827e-09
1172,1.7954563097894003e-09
1173,1.7979849904521943e-09
1174,1.7958215662791868e-09
1175,1.7962185065333427e-09
1176,1.796385603401895e-09
1177,1.797995632880271e-09
1178,1.7985823754894586e-09
1179,1.7966123886553203e-09
1180,1.79520225601198e-09
1181,1.7986125833480526e-09
1182,1.7985356677878095e-09
1183,1.7932837145053887e-09
1184,1.7937375886419908e-09
1185,1.7958060261421511e-09
1186,1.7997397646354993e-09
1187,1.7962876704952229e-09
1188,1.7948103552436865e-09
1189,1.7941771238332233e-09
1190,1.80220616383811e-09
1191,1.7993012656850517e-09
1192,1.7950433415541204e-09
1193,1.796083281336295e-09
1194,1.7943759043448459e-09
1195,1.7949442988873597e-09
1196,1.7946661024812362e-09
1197,1.8024825348294064e-09
1198,1.7977717888693661e-09
1199,1.7947494580788247e-09
1200,1.7928551718912593e-09
1201,1.7938619946685239e-09
1202,1.7938426448015494e-09
1203,1.7946347791028331e-09
1204,1.7947815990253155e-09
1205,1.7961027130788284e-09
1206,1.7934090982583053e-09
1207,1.796250681471035e-09
1208,1.7950160095753274e-09
1209,1.7949956982023793e-09
1210,1.7928671128966213e-09
1211,1.7927347978465438e-09
1212,1.7926422719364314e-09
1213,1.7954958847766857e-09
1214,1.7930192705017249e-09
1215,1.7931541529421853e-09
1216,1.7953923665571706e-09
1217,1.7976320245457196e-09
1218,1.7924922714237537e-09
1219,1.7926157910602812e-09
1220,1.7970419128026143e-09
1221,1.7997709673032116e-09
1222,1.7985310393034687e-09
1223,1.7925992938676566e-09
1224,1.811967464825545e-09
1225,1.7942781402341443e-09
1226,1.7941732986558655e-09
1227,1.7928379251680845e-09
1228,1.7942185453418056e-09
1229,1.7931132011386205e-09
1230,1.7938909218158753e-09
1231,1.793879938509582e-09
1232,1.7917047198719037e-09
1233,1.7928478156382444e-09
1234,1.7929054751737894e-09
1235,1.7997915521765162e-09
1236,1.7972134017957283e-09
1237,1.792415627473267e-09
1238,1.79494610495415e-09
1239,1.7953301945062563e-09
1240,1.795198373155941e-09
1241,1.7932872912927413e-09
1242,1.7937331613296477e-09
1243,1.79656679282235e-09
1244,1.8001748967681463e-09
1245,1.7999206263593443e-09
1246,1.7942528654605015e-09
1247,1.7936111343707422e-09
1248,1.7937188834946766e-09
1249,1.8025799784296306e-09
1250,1.8000736716987485e-09
1251,1.7955622498363413e-09
1252,1.7920644326182733e-09
1253,1.804193839519062e-09
1254,1.8032808681011243e-09
1255,1.802224719694895e-09
1256,1.7916897377870023e-09
1257,1.794484019388573e-09
1258,1.802498339718179e-09
1259,1.8027338285369521e-09
1260,1.7930423106350685e-09
1261,1.7924394937565256e-09
1262,1.7953798571516865e-09
1263,1.8014260306107463e-09
1264,1.7938093436446773e-09
1265,1.7937990285983583e-09
1266,1.7933781041792944e-09
1267,1.7932324125240866e-09
1268,1.7966783204498454e-09
1269,1.7947872785028246e-09
1270,1.7943497766949121e-09
1271,1.7940577952609423e-09
1272,1.7940315243139072e-09
1273,1.794217291276087e-09
1274,1.796361508340428e-09
1275,1.792872777025238e-09
1276,1.791865079727368e-09
1277,1.8026206710742202e-09
1278,1.7956936338558005e-09
1279,1.7963213874831223e-09
1280,1.7929131069857234e-09
1281,1.7968407046892118e-09
1282,1.799786088238627e-09
1283,1.7932029149066558e-09
1284,1.794697446812081e-09
1285,1.7947839092603495e-09
1286,1.7946271412192188e-09
1287,1.7961168265494634e-09
1288,1.7968483855997556e-09
1289,1.7959721853636675e-09
1290,1.7937502207022367e-09
1291,1.794930126509044e-09
1292,1.8021205541739428e-09
1293,1.8077346879739716e-09
1294,1.7940679947244885e-09
1295,1.7935854591824395e-09
1296,1.7968381988198664e-09
1297,1.8009997102274114e-09
1298,1.7940728363063313e-09
1299,1.7938605769245205e-09
1300,1.7921804991925574e-09
1301,1.7956324176155288e-09
1302,1.794098152115878e-09
1303,1.7956516267906618e-09
1304,1.7923613763511373e-09
1305,1.7924183032495968e-09
1306,1.795027331326333e-09
1307,1.796179481298945e-09
1308,1.7940960646168698e-09
1309,1.7948753395205982e-09
1310,1.7943888066806453e-09
1311,1.795211719897279e-09
1312,1.799528495686297e-09
1313,1.798628873397095e-09
1314,1.7944803901365645e-09
1315,1.800762933864936e-09
1316,1.7972746112650567e-09
1317,1.801109504387969e-09
1318,1.7963942574101446e-09
1319,1.7963861463316848e-09
1320,1.7936997703742092e-09
1321,1.802412804453818e-09
1322,1.800484440135453e-09
1323,1.7951503941226494e-09
1324,1.7926916409434274e-09
1325,1.7956135271661015e-09
1326,1.8012247067113735e-09
1327,1.8013193989094018e-09
1328,1.7965204536891396e-09
1329,1.7946186320650788e-09
1330,1.8008932114460153e-09
1331,1.7958923922395555e-09
1332,1.8023618790286725e-09
1333,1.802771536847825e-09
1334,1.7923037487581633e-09
1335,1.8024241408306458e-09
1336,1.799390783350024e-09
1337,1.798386627238109e-09
1338,1.7959806756899413e-09
1339,1.7959323572736536e-09
1340,1.793818289606907e-09
1341,1.8163932050504062e-09
1342,1.7961169379304241e-09
1343,1.794166980473009e-09
1344,1.7930971534292791e-09
1345,1.794678787383064e-09
1346,1.7930386267752295e-09
1347,1.799778862784906e-09
1348,1.7923027369584959e-09
1349,1.791540821314148e-09
1350,1.7913515403117628e-09
1351,1.791875020224763e-09
1352,1.7980022923376232e-09
1353,1.8034010853574894e-09
1354,1.7940650048257236e-09
1355,1.7927890787355854e-09
1356,1.7946389502978297e-09
1357,1.7951409284611941e-09
1358,1.8000576297175744e-09
1359,1.79355922384154e-09
1360,1.7927372542128444e-09
1361,1.7928970825863747e-09
1362,1.7941099223354632e-09
1363,1.8000745580785976e-09
1364,1.7982310135069148e-09
1365,1.7922210240699789e-09
1366,1.7930140807154483e-09
1367,1.795832598417772e-09
1368,1.799289616228457e-09
1369,1.7922832485173968e-09
1370,1.7920610653990723e-09
1371,1.796793182440447e-09
1372,1.7934591576485018e-09
1373,1.7929005909540778e-09
1374,1.7937887206410283e-09
1375,1.7951675186132433e-09
1376,1.7929223003981667e-09
1377,1.7953403683982085e-09
1378,1.7964029245148691e-09
1379,1.7937923215951732e-09
1380,1.7922079221749622e-09
1381,1.7930286040722235e-09
1382,1.7956205095299323e-09
1383,1.793639230678897e-09
1384,1.7939837621691205e-09
1385,1.7941003667445313e-09
1386,1.795813101091615e-09
1387,1.7936824179212775e-09
1388,1.7944049407734064e-09
1389,1.7990299614565174e-09
1390,1.7942956720049992e-09
1391,1.7922991876095072e-09
1392,1.7920237197590913e-09
1393,1.7979218688966579e-09
1394,1.7951703259401572e-09
1395,1.8040407227745294e-09
1396,1.793917700906893e-09
1397,1.7945626527067104e-09
1398,1.7961379651291187e-09
1399,1.7996366026334519e-09
1400,1.8001497812822742e-09
1401,1.7978726301113625e-09
1402,1.7982168158459187e-09
1403,1.7955273190541524e-09
1404,1.7944840085794834e-09
1405,1.7981858241580888e-09
1406,1.7954185738518203e-09
1407,1.7946517604346739e-09
1408,1.79573485346322e-09
1409,1.7965253241733227e-09
1410,1.8062836376336124e-09
1411,1.7951810505332421e-09
1412,1.7969340292025283e-09
1413,1.7950941003612646e-09
1414,1.795100288782101e-09
1415,1.8036011654177446e-09
1416,1.7963515500873147e-09
1417,1.8019234921329249e-09
1418,1.7943745691995733e-09
1419,1.7955101682818916e-09
1420,1.7980018305830429e-09
1421,1.8082731034681023e-09
1422,1.8008937312940002e-09
1423,1.7949326446722797e-09
1424,1.7959202906843557e-09
1425,1.7998908823929258e-09
1426,1.806653799936774e-09
1427,1.7963138291824383e-09
1428,1.7948724755400757e-09
1429,1.7959579061651566e-09
1430,1.794297222907985e-09
1431,1.7944571467109737e-09
1432,1.7952214343894615e-09
1433,1.7972683941605855e-09
1434,1.8034890878804173e-09
1435,1.7921536174876714e-09
1436,1.7941671810575335e-09
1437,1.7938657427777914e-09
1438,1.7919919281197856e-09
1439,1.7956869140222215e-09
1440,1.7936310327909663e-09
1441,1.7931902547012921e-09
1442,1.7933478049267083e-09
1443,1.7931087694159554e-09
1444,1.7926125695355215e-09
1445,1.7922993451382365e-09
1446,1.7931189097073388e-09
1447,1.7953343530256916e-09
1448,1.7945577413243814e-09
1449,1.7946227714482217e-09
1450,1.7943879953223818e-09
1451,1.7943053391209352e-09
1452,1.7980024968229324e-09
1453,1.7970756190673875e-09
1454,1.7968972765671737e-09
1455,1.7974912640415672e-09
1456,1.7944552781850035e-09
1457,1.7937127089932944e-09
1458,1.7934772876630932e-09
1459,1.7971630063364965e-09
1460,1.7935729429711282e-09
1461,1.7937295814512695e-09
1462,1.7951038758867049e-09
1463,1.7934423057480395e-09
1464,1.7959301677612166e-09
1465,1.7938634140235334e-09
1466,1.7936057940683055e-09
1467,1.7939024637925445e-09
1468,1.793552052814894e-09
1469,1.793279210824091e-09
1470,1.7920515119370555e-09
1471,1.7918238544451978e-09
1472,1.7936086827555223e-09
1473,1.7936362431183134e-09
1474,1.7952252871014375e-09
1475,1.79490960421635e-09
1476,1.7941856578955502e-09
1477,1.7941584902297271e-09
1478,1.8008040622024492e-09
1479,1.7995816745516048e-09
1480,1.7935296106713998e-09
1481,1.7943077002017108e-09
1482,1.7940686148479236e-09
1483,1.7933317753905974e-09
1484,1.7917737332447532e-09
1485,1.794383516616418e-09
1486,1.7954768797831005e-09
1487,1.7935011034134563e-09
1488,1.7958553605562308e-09
1489,1.8098816047014771e-09
1490,1.7948464325783615e-09
1491,1.7974500722629864e-09
1492,1.7935103019042248e-09
1493,1.8005501843330958e-09
1494,1.7979952153487748e-09
1495,1.7931132133415088e-09
1496,1.7936844148186411e-09
1497,1.7948207711259042e-09
1498,1.7918939939790426e-09
1499,1.7965105997718454e-09
1500,1.7932769680104863e-09
1501,1.7934504667038824e-09
1502,1.7937794066191282e-09
1503,1.792280160257454e-09
1504,1.7962805967914559e-09
1505,1.7925587926753205e-09
1506,1.7952235111542425e-09
1507,1.800900119402234e-09
1508,1.7922571618085218e-09
1509,1.7925515453216466e-09
1510,1.7936747830461359e-09
1511,1.7970045223520911e-09
1512,1.8012553404375e-09
1513,1.793638644954564e-09
1514,1.7988953439207346e-09
1515,1.7985657676631853e-09
1516,1.8001270487153155e-09
1517,1.7957436483301008e-09
1518,1.8010112372737206e-09
1519,1.7974983989836347e-09
1520,1.803242573641734e-09
1521,1.7934076898830358e-09
1522,1.793566683309979e-09
1523,1.7940149776489425e-09
1524,1.7941593750598996e-09
1525,1.7925472342047498e-09
1526,1.796490776575432e-09
1527,1.7929910288825595e-09
1528,1.7940225594328329e-09
1529,1.794566594462821e-09
1530,1.7932969007692894e-09
1531,1.7928941752923218e-09
1532,1.7925429340587223e-09
1533,1.7941108776372795e-09
1534,1.7934805604739605e-09
1535,1.7920987504962625e-09
1536,1.7942024176566696e-09
1537,1.7949675604440685e-09
1538,1.7941563189089716e-09
1539,1.7971954430776714e-09
1540,1.7931415103365448e-09
1541,1.7939982265926859e-09
1542,1.7931196361070605e-09
1543,1.7963896523865872e-09
1544,1.7936675946004486e-09
1545,1.7927132633941458e-09
1546,1.7930131453859578e-09
1547,1.793132299903194e-09
1548,1.7928622538499894e-09
1549,1.7928789931449686e-09
1550,1.792786899913792e-09
1551,1.7936018723635372e-09
1552,1.7958207447045522e-09
1553,1.7958342118863822e-09
1554,1.792915154882011e-09
1555,1.7922088560574575e-09
1556,1.7922913282371137e-09
1557,1.7950406636010178e-09
1558,1.792186420390269e-09
1559,1.7918290914154176e-09
1560,1.7907117305071063e-09
1561,1.7919769032102039e-09
1562,1.7908310535961994e-09
1563,1.792178985372375e-09
1564,1.7912538101719028e-09
1565,1.7922820898772368e-09
1566,1.7921454105711102e-09
1567,1.7914652211597101e-09
1568,1.7917974064990745e-09
1569,1.7910098014515338e-09
1570,1.7907566738090972e-09
1571,1.7995007059893386e-09
1572,1.7916567889735863e-09
1573,1.7914814945617194e-09
1574,1.796184410583482e-09
1575,1.7932950928752658e-09
1576,1.793120336266268e-09
1577,1.793167501942199e-09
1578,1.7937667481767284e-09
1579,1.7927232549115799e-09
1580,1.7966106806790741e-09
1581,1.7932393247717061e-09
1582,1.7924337464737989e-09
1583,1.7959311540938072e-09
1584,1.7948602726896304e-09
1585,1.793098624855817e-09
1586,1.794739814368431e-09
1587,1.793205347937056e-09
1588,1.7933586992032072e-09
1589,1.7937973228030535e-09
1590,1.7935226245147664e-09
1591,1.7949291128402006e-09
1592,1.7961272350823945e-09
1593,1.7924942582419377e-09
1594,1.7918087894507746e-09
1595,1.7916797433284913e-09
1596,1.7977640017015558e-09
1597,1.79473493095641e-09
1598,1.7922323435784106e-09
1599,1.7922739357801419e-09
1600,1.7926631081266416e-09
1601,1.8001126284277048e-09
1602,1.7975374352496206e-09
1603,1.7941776973982394e-09
1604,1.7941880231840182e-09
1605,1.7939903550947305e-09
1606,1.79436594772079e-09
1607,1.7955960494708572e-09
1608,1.8001866475029958e-09
1609,1.7955102267158923e-09
1610,1.7960423287517102e-09
1611,1.794425800387383e-09
1612,1.7981320089477588e-09
1613,1.7984225584206243e-09
1614,1.7978424846844497e-09
1615,1.798674877386074e-09
1616,1.7949019363289431e-09
1617,1.7963304398972396e-09
1618,1.7980301842916126e-09
1619,1.8041573942425716e-09
1620,1.8021705878508439e-09
1621,1.7948695986013099e-09
1622,1.7963734581447828e-09
1623,1.79899331899213e-09
1624,1.795258561211126e-09
1625,1.805699635623396e-09
1626,1.7973547731077529e-09
1627,1.7934925527515077e-09
1628,1.7930509753254129e-09
1629,1.796003053688464e-09
1630,1.7999397107645474e-09
1631,1.7930476464935297e-09
1632,1.794787664651944e-09
1633,1.7940644220192868e-09
1634,1.793281936626401e-09
1635,1.7933379042853739e-09
1636,1.7993026265311948e-09
1637,1.7991110896509772e-09
1638,1.7937202445821704e-09
1639,1.796445435172935e-09
1640,1.7927758290739464e-09
1641,1.7946467416888207e-09
1642,1.7940653246923727e-09
1643,1.7949804739503668e-09
1644,1.7954165528425075e-09
1645,1.793393886198533e-09
1646,1.7929792278523581e-09
1647,1.793479350080505e-09
1648,1.7952186222124383e-09
1649,1.7943210671886136e-09
1650,1.793472610513969e-09
1651,1.7934022116041019e-09
1652,1.7934749523329e-09
1653,1.7934652297616062e-09
1654,1.793434680004433e-09
1655,1.7944982242720757e-09
1656,1.7949423885500178e-09
1657,1.7939029197567433e-09
1658,1.7937846856502217e-09
1659,1.79426005141076e-09
1660,1.7977327470963092e-09
1661,1.7930404193958821e-09
1662,1.7928258337464147e-09
1663,1.7932730030091558e-09
1664,1.7930299191107372e-09
1665,1.7928637269799047e-09
1666,1.7952990117417429e-09
1667,1.793534106575196e-09
1668,1.7923783777316325e-09
1669,1.7928547616492418e-09
1670,1.7947426680710192e-09
1671,1.7921805438073834e-09
1672,1.7931823657432612e-09
1673,1.7939135706183382e-09
1674,1.7931460317014001e-09
1675,1.7925298616094656e-09
1676,1.7925316515567077e-09
1677,1.7935613354673668e-09
1678,1.7918672439363758e-09
1679,1.792254460187848e-09
1680,1.792809152753273e-09
1681,1.7919846468656436e-09
1682,1.7910316100933158e-09
1683,1.7927962511818712e-09
1684,1.7931973778643918e-09
1685,1.7928744607218853e-09
1686,1.793316575524217e-09
1687,1.7947368681610735e-09
1688,1.7940542203963132e-09
1689,1.7943417995331858e-09
1690,1.792575320565543e-09
1691,1.792768421320007e-09
1692,1.7938514612970844e-09
1693,1.7939343648271459e-09
1694,1.792411259037365e-09
1695,1.7930658478971228e-09
1696,1.793482094447818e-09
1697,1.7933096265246216e-09
1698,1.7948706147223516e-09
1699,1.7939719532727957e-09
1700,1.795900248138533e-09
1701,1.7944257993385927e-09
1702,1.793538098898032e-09
1703,1.7930412920982098e-09
1704,1.7962129572022954e-09
1705,1.7942699042218856e-09
1706,1.793192728776305e-09
1707,1.7939353976593594e-09
1708,1.7942448331651926e-09
1709,1.7952891744399843e-09
1710,1.7932650250336286e-09
1711,1.7929850966104144e-09
1712,1.7940392604999893e-09
1713,1.7931722614771763e-09
1714,1.7947553812185045e-09
1715,1.7934397517321922e-09
1716,1.7960132094604629e-09
1717,1.7938654640921262e-09
1718,1.7935706304708146e-09
1719,1.7996690219271625e-09
1720,1.7982393856024022e-09
1721,1.79738810747133e-09
1722,1.7951592103411227e-09
1723,1.7936296284272364e-09
1724,1.8041735870675906e-09
1725,1.7996701262033421e-09
1726,1.7963074143587813e-09
1727,1.795907876147396e-09
1728,1.7935758600792113e-09
1729,1.793445127704883e-09
1730,1.797820371608057e-09
1731,1.7943827506818148e-09
1732,1.7928673588287344e-09
1733,1.7931136695783482e-09
1734,1.7927301355842674e-09
1735,1.7937292247222083e-09
1736,1.7918207999871534e-09
1737,1.792088857638991e-09
1738,1.7920842675629614e-09
1739,1.7958834265602418e-09
1740,1.7952069204678812e-09
1741,1.7956390732340384e-09
1742,1.793779819131993e-09
1743,1.7934831157269948e-09
1744,1.7940513087033721e-09
1745,1.7932277559143105e-09
1746,1.7942660235659546e-09
1747,1.7945738885775123e-09
1748,1.7925501120322348e-09
1749,1.7952879415211368e-09
1750,1.7922366449943399e-09
1751,1.7919606798734668e-09
1752,1.7932943985978828e-09
1753,1.7929383420111836e-09
1754,1.7945224611499648e-09
1755,1.794379758477333e-09
1756,1.7962415894479048e-09
1757,1.793173066392099e-09
1758,1.7927635937439458e-09
1759,1.7946896127273345e-09
1760,1.7970862398884688e-09
1761,1.7938809722996248e-09
1762,1.7939239458595112e-09
1763,1.7948300296931743e-09
1764,1.7931724563178648e-09
1765,1.7968150460395358e-09
1766,1.79328002648673e-09
1767,1.7969509764378248e-09
1768,1.7937045276692024e-09
1769,1.7974432056045316e-09
1770,1.7941765126585755e-09
1771,1.7989498673075684e-09
1772,1.7947052618779418e-09
1773,1.7932185096831947e-09
1774,1.795224577930489e-09
1775,1.79613220620085e-09
1776,1.7959605821425578e-09
1777,1.7955372763317338e-09
1778,1.7969067422640834e-09
1779,1.7938962398007921e-09
1780,1.7946697101337569e-09
1781,1.7953145630832842e-09
1782,1.7941032833333466e-09
1783,1.7944368057568318e-09
1784,1.798397596843081e-09
1785,1.7943944230165987e-09
1786,1.7949194519511099e-09
1787,1.7964649763400772e-09
1788,1.7982356582353507e-09
1789,1.797397494236167e-09
1790,1.7943925756555363e-09
1791,1.7963317140180934e-09
1792,1.7947316746307147e-09
1793,1.7950866874981565e-09
1794,1.7987007546371098e-09
1795,1.7952809236821968e-09
1796,1.8021244498906496e-09
1797,1.7949805720888134e-09
1798,1.8013501352841348e-09
1799,1.811888623741705e-09
1800,1.7957227392419478e-09
1801,1.794053377622522e-09
1802,1.802041663450377e-09
1803,1.7939045522038538e-09
1804,1.7945633587618479e-09
1805,1.7927233500140207e-09
1806,1.7943569815794085e-09
1807,1.7925302467446815e-09
1808,1.7956512827871e-09
1809,1.7954900984383748e-09
1810,1.7940136886160702e-09
1811,1.793774990113346e-09
1812,1.7930959406468185e-09
1813,1.7961717324896909e-09
1814,1.7969188364272442e-09
1815,1.7971854248281016e-09
1816,1.7932202741381181e-09
1817,1.7938011305961549e-09
1818,1.7945288436424445e-09
1819,1.7937549916311814e-09
1820,1.7973080692997523e-09
1821,1.7924138404365334e-09
1822,1.792752023597675e-09
1823,1.7944894738416373e-09
1824,1.7943137294254898e-09
1825,1.7926199341146326e-09
1826,1.7926531947878458e-09
1827,1.798275827911025e-09
1828,1.7944439813412748e-09
1829,1.7991968339880136e-09
1830,1.8012665436065096e-09
1831,1.7940176993728485e-09
1832,1.7936941839027122e-09
1833,1.7930856372008581e-09
1834,1.7930063699419006e-09
1835,1.7935373277317457e-09
1836,1.8084383532066782e-09
1837,1.794218157031101e-09
1838,1.794124863516771e-09
1839,1.798555134816881e-09
1840,1.8018726748167898e-09
1841,1.7955590286621232e-09
1842,1.7938476570261836e-09
1843,1.795234188097784e-09
1844,1.7967590867528622e-09
1845,1.7950625030291538e-09
1846,1.7939340342909837e-09
1847,1.7930514624326513e-09
1848,1.7936552031454942e-09
1849,1.7928637756242917e-09
1850,1.795888113211894e-09
1851,1.7997151428091737e-09
1852,1.793672719890531e-09
1853,1.7937083190852104e-09
1854,1.7979296472697604e-09
1855,1.7932241942391083e-09
1856,1.793736551954502e-09
1857,1.7966378150016202e-09
1858,1.795476991665858e-09
1859,1.7947708737456921e-09
1860,1.7948538571567955e-09
1861,1.7986386997113941e-09
1862,1.7968462221034173e-09
1863,1.7945133297674357e-09
1864,1.7941690524603575e-09
1865,1.7943939034426757e-09
1866,1.793940193318366e-09
1867,1.8052324351385103e-09
1868,1.7952837535003775e-09
1869,1.7953880905934753e-09
1870,1.7945384490917292e-09
1871,1.7938321557878192e-09
1872,1.79337164459883e-09
1873,1.796785176001224e-09
1874,1.7955182782280815e-09
1875,1.7954784853819755e-09
1876,1.796622069263964e-09
1877,1.794362328071775e-09
1878,1.7956444955524558e-09
1879,1.7943282025469408e-09
1880,1.7943744063855643e-09
1881,1.795654036359908e-09
1882,1.7949163170660119e-09
1883,1.794443208534219e-09
1884,1.7940523284147825e-09
1885,1.791727641646699e-09
1886,1.7975677097469617e-09
1887,1.8019038077083265e-09
1888,1.7930183611176956e-09
1889,1.7931461603111756e-09
1890,1.7992886449993115e-09
1891,1.7958072498719886e-09
1892,1.7938348647287305e-09
1893,1.7939786687756463e-09
1894,1.7934874532028745e-09
1895,1.7953764228334483e-09
1896,1.7951236051754964e-09
1897,1.7999052059927475e-09
1898,1.7933199357348875e-09
1899,1.7951940514079221e-09
1900,1.7957797701158768e-09
1901,1.7987320837048533e-09
1902,1.7932889743254392e-09
1903,1.7935711896902781e-09
1904,1.79355632965725e-09
1905,1.793207838999426e-09
1906,1.7946542904787302e-09
1907,1.7980365932981164e-09
1908,1.7951532626138756e-09
1909,1.801075408935437e-09
1910,1.7942490991647165e-09
1911,1.7933926529855827e-09
1912,1.7933254796843363e-09
1913,1.794260856632108e-09
1914,1.7929840401000208e-09
1915,1.7932382065032708e-09
1916,1.7936299767005493e-09
1917,1.8002688131346846e-09
1918,1.7945743869590904e-09
1919,1.7928515120273698e-09
1920,1.7920933477464368e-09
1921,1.7924317769169523e-09
1922,1.7947690060774348e-09
1923,1.7981648598478152e-09
1924,1.7937900039692724e-09
1925,1.7940691933579102e-09
1926,1.7953187888964864e-09
1927,1.793271160052502e-09
1928,1.7936402408031358e-09
1929,1.7916444859504008e-09
1930,1.79681042467511e-09
1931,1.7939163412355028e-09
1932,1.7947130876823932e-09
1933,1.7956260888680427e-09
1934,1.7953915189756713e-09
1935,1.7941891923167498e-09
1936,1.7958884694876697e-09
1937,1.796469012301798e-09
1938,1.7969535962949267e-09
1939,1.7961516137245329e-09
1940,1.7952948511228414e-09
1941,1.7985899992991051e-09
1942,1.7957152649390918e-09
1943,1.8047460919538674e-09
1944,1.802503290222385e-09
1945,1.7955720698770865e-09
1946,1.7962263977779154e-09
1947,1.8000820128370189e-09
1948,1.8007110769966945e-09
1949,1.7998858115812128e-09
1950,1.794368884667757e-09
1951,1.7958278749185247e-09
1952,1.7943053054697729e-09
1953,1.795354791314784e-09
1954,1.7939706060381736e-09
1955,1.797058213355734e-09
1956,1.7930356539274065e-09
1957,1.793943863120603e-09
1958,1.7932896912139514e-09
1959,1.798435831227631e-09
1960,1.7942256166372575e-09
1961,1.794744800261941e-09
1962,1.7982017180834383e-09
1963,1.794727887621095e-09
1964,1.7945555150524871e-09
1965,1.7962491797821235e-09
1966,1.7951937605335913e-09
1967,1.7943211759750032e-09
1968,1.7926844378672794e-09
1969,1.7925179206372248e-09
1970,1.79361614491696e-09
1971,1.7932668887670339e-09
1972,1.8010270768041515e-09
1973,1.7944818682882403e-09
1974,1.8011384323621533e-09
1975,1.79509020084596e-09
1976,1.7941385503999645e-09
1977,1.796897382200932e-09
1978,1.7939599102895108e-09
1979,1.793565588804076e-09
1980,1.792646632575189e-09
1981,1.7937839948672173e-09
1982,1.792536706888823e-09
1983,1.7916352173727685e-09
1984,1.7925878740598576e-09
1985,1.7946545383622047e-09
1986,1.7935953378557845e-09
1987,1.7941036817488475e-09
1988,1.7959174416773787e-09
1989,1.7944282019462119e-09
1990,1.7942331815223742e-09
1991,1.7944875018705894e-09
1992,1.793754984249157e-09
1993,1.7940873620813312e-09
1994,1.7922217791529804e-09
1995,1.7944926507538735e-09
1996,1.7947452145615206e-09
1997,1.7942155196128453e-09
1998,1.7936467903716904e-09
1999,1.792880487655068e-09
2000,1.793521691681997e-09
2001,1.7936138395932773e-09
2002,1.7948572022123393e-09
2003,1.7953664466650998e-09
2004,1.7942085398849347e-09
2005,1.7937916110979162e-09
2006,1.794365786082159e-09
2007,1.7934758191948252e-09
2008,1.7961517649854612e-09
2009,1.797337688788536e-09
2010,1.798912893234408e-09
2011,1.7945775189965862e-09
2012,1.7947753731223067e-09
2013,1.7948843146995246e-09
2014,1.797441036287293e-09
2015,1.7953095956126815e-09
2016,1.8005854810962379e-09
2017,1.804617796883796e-09
2018,1.7958002667043016e-09
2019,1.794708790554778e-09
2020,1.800076630637668e-09
2021,1.7966287565130384e-09
2022,1.7948399836847735e-09
2023,1.7932414282157092e-09
2024,1.7932873753326225e-09
2025,1.7962837847608326e-09
2026,1.7993423870865289e-09
2027,1.7964194936549442e-09
2028,1.7943363981112904e-09
2029,1.7976553345924177e-09
2030,1.811468346176725e-09
2031,1.7948265845507176e-09
2032,1.7961063739383635e-09
2033,1.805504213299488e-09
2034,1.7990747484516024e-09
2035,1.7959686751453174e-09
2036,1.7940026203561572e-09
2037,1.7943211598047803e-09
2038,1.7940334621633968e-09
2039,1.8037986034171388e-09
2040,1.7949825918963855e-09
2041,1.7979748353335323e-09
2042,1.797720466537967e-09
2043,1.7947291690220875e-09
2044,1.7994773378768623e-09
2045,1.798484447373589e-09
2046,1.8038089750177702e-09
2047,1.8032984182253034e-09
2048,1.794820283393535e-09
2049,1.7990901913094448e-09
2050,1.798945706968491e-09
2051,1.8139419150650112e-09
2052,1.8048095114847687e-09
2053,1.7979991942759358e-09
2054,1.8053766518892505e-09
2055,1.8040474215282078e-09
2056,1.8019449602854082e-09
2057,1.8011988633494857e-09
2058,1.794557780743333e-09
2059,1.7948072471915348e-09
2060,1.7973682911854528e-09
2061,1.7956339955586962e-09
2062,1.7997176924966624e-09
2063,1.7976700727089135e-09
2064,1.7941596702187712e-09
2065,1.7956774311561887e-09
2066,1.8003941810330638e-09
2067,1.7959206216329708e-09
2068,1.7954339682152629e-09
2069,1.795437918444339e-09
2070,1.7953358254937135e-09
2071,1.7934542461559876e-09
2072,1.7948450627046246e-09
2073,1.7948612074464638e-09
2074,1.7944176463606042e-09
2075,1.8013059343087122e-09
2076,1.795289318542136e-09
2077,1.7954585556357977e-09
2078,1.7974678405863264e-09
2079,1.7945832379267363e-09
2080,1.8016001786310465e-09
2081,1.7951718066311261e-09
2082,1.795493587806732e-09
2083,1.799795658893966e-09
2084,1.7950439836822408e-09
2085,1.7942425942098821e-09
2086,1.7978399035267334e-09
2087,1.7962557480450135e-09
2088,1.794750702100418e-09
2089,1.7954719908882871e-09
2090,1.7937170996020215e-09
2091,1.7966345684933405e-09
2092,1.793857676750029e-09
2093,1.7923447890039644e-09
2094,1.7925210045836384e-09
2095,1.7920155754605301e-09
2096,1.7941877899461996e-09
2097,1.7940290068515506e-09
2098,1.7934942491079987e-09
2099,1.797664957953101e-09
2100,1.7922372706171061e-09
2101,1.796889373241703e-09
2102,1.7947528526168548e-09
2103,1.7928729216284173e-09
2104,1.7923297225895728e-09
2105,1.7941413669154353e-09
2106,1.792383695342951e-09
2107,1.7943093437680272e-09
2108,1.7932726489510483e-09
2109,1.7934496088700117e-09
2110,1.7925768518011346e-09
2111,1.792635492962998e-09
2112,1.7931987575245407e-09
2113,1.7956332094540703e-09
2114,1.7931852055619083e-09
2115,1.7935283409520005e-09
2116,1.7944722966652834e-09
2117,1.7954962628600696e-09
2118,1.7942597104574424e-09
2119,1.7948649878403994e-09
2120,1.793553483029509e-09
2121,1.793661946450176e-09
2122,1.7924838365178963e-09
2123,1.792420160071661e-09
2124,1.79451523088198e-09
2125,1.7944902694169335e-09
2126,1.7953423497087117e-09
2127,1.793473868059479e-09
2128,1.7940755109245153e-09
2129,1.794550197175625e-09
2130,1.7939570669202646e-09
2131,1.7935196363478364e-09
2132,1.7920670968102078e-09
2133,1.7927518106379008e-09
2134,1.7959910969095104e-09
2135,1.7928796050074512e-09
2136,1.7942151324792289e-09
2137,1.7934525687844336e-09
2138,1.7991922223669583e-09
2139,1.7945375572695216e-09
2140,1.795309139914799e-09
2141,1.7968480149191332e-09
2142,1.7932206681130077e-09
2143,1.7939585490688666e-09
2144,1.7942985609894074e-09
2145,1.7944088203219243e-09
2146,1.7960754918051778e-09
2147,1.7966803489641312e-09
2148,1.7948041152023407e-09
2149,1.7976614651534068e-09
2150,1.7956668796735056e-09
2151,1.7947012852966667e-09
2152,1.7978482494247838e-09
2153,1.7950010131034794e-09
2154,1.793450012139349e-09
2155,1.7944381428356345e-09
2156,1.7940062268295208e-09
2157,1.7934009553171547e-09
2158,1.7963550213125296e-09
2159,1.7952536175141043e-09
2160,1.7936371035263718e-09
2161,1.7942702992949368e-09
2162,1.793807768966325e-09
2163,1.7954874537188543e-09
2164,1.7953942620483884e-09
2165,1.7939580876625256e-09
2166,1.793560121008514e-09
2167,1.794558475928426e-09
2168,1.7955331585329827e-09
2169,1.7969211828442739e-09
2170,1.7944338837741475e-09
2171,1.7970889979642011e-09
2172,1.7935541698597367e-09
2173,1.79429453514325e-09
2174,1.7945189007478246e-09
2175,1.7946948193013272e-09
2176,1.793363070502734e-09
2177,1.792296402865113e-09
2178,1.791824959307347e-09
2179,1.7928216012021899e-09
2180,1.7925571055879373e-09
2181,1.7933087322194842e-09
2182,1.7976587672906961e-09
2183,1.7975871756934833e-09
2184,1.79390913707244e-09
2185,1.7960828165596212e-09
2186,1.7948743951993775e-09
2187,1.794313760617791e-09
2188,1.7939651186723407e-09
2189,1.7938026828554753e-09
2190,1.7952189156409475e-09
2191,1.7967390045758662e-09
2192,1.7998461721502749e-09
2193,1.7932220823196612e-09
2194,1.7938593457672372e-09
2195,1.8024489871540948e-09
2196,1.7936199699049918e-09
2197,1.7920777140588727e-09
2198,1.7931183798842397e-09
2199,1.7929325186650769e-09
2200,1.7942392555912175e-09
2201,1.794974019484091e-09
2202,1.792828239042041e-09
2203,1.7934731483468644e-09
2204,1.7931450846359234e-09
2205,1.792847745990414e-09
2206,1.7941277039111316e-09
2207,1.8021260212717105e-09
2208,1.7942043825871585e-09
2209,1.793928592923145e-09
2210,1.7934783152826267e-09
2211,1.8010809884082586e-09
2212,1.7940447587894088e-09
2213,1.7936525136832838e-09
2214,1.7925523634624793e-09
2215,1.7938696297165413e-09
2216,1.7987713427693678e-09
2217,1.794843634999079e-09
2218,1.7934698631002523e-09
2219,1.7923680328134044e-09
2220,1.7934805263920968e-09
2221,1.792711039691332e-09
2222,1.7947755270805333e-09
2223,1.7965819545803902e-09
2224,1.7955466417579612e-09
2225,1.793598389360994e-09
2226,1.793024097858206e-09
2227,1.791978760969443e-09
2228,1.7930565449015068e-09
2229,1.794054995700658e-09
2230,1.7925434507525484e-09
2231,1.7928111653189572e-09
2232,1.793852133591181e-09
2233,1.792578411624198e-09
2234,1.7936128991394456e-09
2235,1.799963396868507e-09
2236,1.7922241599063747e-09
2237,1.7950142067028276e-09
2238,1.7925914761357783e-09
2239,1.7957108407423227e-09
2240,1.7918585079517397e-09
2241,1.791621795136217e-09
2242,1.7920853311822343e-09
2243,1.7924065821421857e-09
2244,1.7931406467497438e-09
2245,1.7984554491888923e-09
2246,1.7932308543810454e-09
2247,1.7938365980172345e-09
2248,1.7939910731263384e-09
2249,1.7932200583910398e-09
2250,1.793487106355478e-09
2251,1.7946901623919648e-09
2252,1.7963477436345797e-09
2253,1.79530593526058e-09
2254,1.7965047537823022e-09
2255,1.795398195943159e-09
2256,1.7937392975996722e-09
2257,1.7939407873593013e-09
2258,1.7955568002786577e-09
2259,1.7926238847864567e-09
2260,1.7928788095494397e-09
2261,1.7947213326307633e-09
2262,1.792791694491359e-09
2263,1.794773925693305e-09
2264,1.7927174174029423e-09
2265,1.7948269866414117e-09
2266,1.7909571068418124e-09
2267,1.7908269946791944e-09
2268,1.791743778413456e-09
2269,1.7916500292780784e-09
2270,1.7932496480529642e-09
2271,1.7959060306825249e-09
2272,1.7999796587661188e-09
2273,1.7940634385595983e-09
2274,1.7951987770770726e-09
2275,1.7925359405174571e-09
2276,1.7956060709737405e-09
2277,1.7971398735779525e-09
2278,1.7924466168717452e-09
2279,1.79660776951488e-09
2280,1.8051058093588533e-09
2281,1.793043285725588e-09
2282,1.7941504445540765e-09
2283,1.7917165946469687e-09
2284,1.7921919221565807e-09
2285,1.7947684109804226e-09
2286,1.7953964715291815e-09
2287,1.7974845589947188e-09
2288,1.7931373215191051e-09
2289,1.7927196339651722e-09
2290,1.7951292830781956e-09
2291,1.7922832228825472e-09
2292,1.79312784329985e-09
2293,1.7971057571520016e-09
2294,1.7935830755254903e-09
2295,1.792791935637383e-09
2296,1.7915563291010097e-09
2297,1.800179903442776e-09
2298,1.7936342898508527e-09
2299,1.7945753218524179e-09
2300,1.7926533590600497e-09
2301,1.7962222644287975e-09
2302,1.7949145426982484e-09
2303,1.792685553243222e-09
2304,1.7926081788972734e-09
2305,1.7924525452822092e-09
2306,1.792201614596985e-09
2307,1.7917337554921274e-09
2308,1.7952615258220208e-09
2309,1.7920682504344132e-09
2310,1.7923815019750573e-09
2311,1.7941936543162352e-09
2312,1.7936951647167946e-09
2313,1.7945973813187363e-09
2314,1.7943446786851877e-09
2315,1.7948394045611804e-09
2316,1.794186206268477e-09
2317,1.7976393839661364e-09
2318,1.7928500869658823e-09
2319,1.8039667580901464e-09
2320,1.7957234274937805e-09
2321,1.7942795222711837e-09
2322,1.7942035523477877e-09
2323,1.7935566654424807e-09
2324,1.7937818084567192e-09
2325,1.7959131868388007e-09
2326,1.7951865001746009e-09
2327,1.7947830705884014e-09
2328,1.7945762527417584e-09
2329,1.8007951873748384e-09
2330,1.7936370459174113e-09
2331,1.7958918104176851e-09
2332,1.7975227688261618e-09
2333,1.7928168442257324e-09
2334,1.7943572809053083e-09
2335,1.7925426012436045e-09
2336,1.7951256591565242e-09
2337,1.7948502145145811e-09
2338,1.793450471939574e-09
2339,1.7962651921743027e-09
2340,1.794628408083069e-09
2341,1.7970937653627267e-09
2342,1.7945824012515718e-09
2343,1.7924597960179602e-09
2344,1.7931445826663036e-09
2345,1.7933415868677935e-09
2346,1.7927793083423118e-09
2347,1.7980558747411802e-09
2348,1.8099678296440612e-09
2349,1.7929286253331368e-09
2350,1.7958520197430906e-09
2351,1.792515065168722e-09
2352,1.8005325871949221e-09
2353,1.797025284692138e-09
2354,1.7930150524255193e-09
2355,1.7923216469597032e-09
2356,1.7929688423538366e-09
2357,1.7945253867407522e-09
2358,1.797119189359651e-09
2359,1.8018851669734531e-09
2360,1.7929687629319974e-09
2361,1.7934893287109936e-09
2362,1.794067427337932e-09
2363,1.8011938479453585e-09
2364,1.794436697903225e-09
2365,1.8001100563780104e-09
2366,1.7948640860815908e-09
2367,1.7933260049850129e-09
2368,1.7945173108861676e-09
2369,1.7949411840220446e-09
2370,1.7935880711305759e-09
2371,1.7939472821065981e-09
2372,1.7972410690606586e-09
2373,1.7935903539807547e-09
2374,1.797005234768676e-09
2375,1.7981472568362443e-09
2376,1.793058238826263e-09
2377,1.793632839694852e-09
2378,1.7967456338637265e-09
2379,1.7935252628136589e-09
2380,1.7946603221963985e-09
2381,1.7929836781850892e-09
2382,1.791245822089889e-09
2383,1.7931967697151747e-09
2384,1.793123074322444e-09
2385,1.792961544017075e-09
2386,1.7940994898197247e-09
2387,1.7947995719536221e-09
2388,1.7939419848043306e-09
2389,1.7972011383084294e-09
2390,1.7935516405792772e-09
2391,1.796009041857285e-09
2392,1.795076053620467e-09
2393,1.7977922368602713e-09
2394,1.7931498397656772e-09
2395,1.7931651487973524e-09
2396,1.8005977931329046e-09
2397,1.801001214319992e-09
2398,1.7926184280001418e-09
2399,1.7956775883233777e-09
2400,1.7927298284236247e-09
2401,1.799679946636907e-09
2402,1.7927872747997134e-09
2403,1.7923504808867295e-09
2404,1.802649050860591e-09
2405,1.7965544572957052e-09
2406,1.795528128432079e-09
2407,1.7961996336439087e-09
2408,1.7956939951624473e-09
2409,1.7997670541825018e-09
2410,1.7976490325562506e-09
2411,1.7938210225349592e-09
2412,1.796922362600387e-09
2413,1.8056754325147418e-09
2414,1.7970230589469811e-09
2415,1.7985109445450395e-09
2416,1.7935869003748688e-09
2417,1.7990377000587403e-09
2418,1.7979097950617888e-09
2419,1.7976307560016372e-09
2420,1.7948511714289989e-09
2421,1.7952007651693941e-09
2422,1.7932184242550412e-09
2423,1.7987849538479729e-09
2424,1.8016902037900961e-09
2425,1.7963541919632538e-09
2426,1.79266843419558e-09
2427,1.798742209992094e-09
2428,1.7996218967349525e-09
2429,1.7928038686530368e-09
2430,1.7968815455653129e-09
2431,1.7941944284104836e-09
2432,1.7945600725765867e-09
2433,1.7945075442906516e-09
2434,1.7916831209342041e-09
2435,1.7983951081539027e-09
2436,1.8010835561685483e-09
2437,1.7931520192921287e-09
2438,1.79771206684234e-09
2439,1.7967659374630634e-09
2440,1.7973335905078485e-09
2441,1.7981491231484126e-09
2442,1.7920008465864554e-09
2443,1.7946827331494263e-09
2444,1.7945192337081806e-09
2445,1.7929093103095858e-09
2446,1.8051642353811565e-09
2447,1.7919619569391285e-09
2448,1.794388004601864e-09
2449,1.7930515956924535e-09
2450,1.8011656884626513e-09
2451,1.8042630326769688e-09
2452,1.7954766364410447e-09
2453,1.7947752021336518e-09
2454,1.794859194877636e-09
2455,1.8063102690955581e-09
2456,1.8092435887184693e-09
2457,1.8003491051678247e-09
2458,1.7926847725657838e-09
2459,1.7934004156434437e-09
2460,1.7981783995882915e-09
2461,1.8005012089183149e-09
2462,1.8021647816954298e-09
2463,1.7954429043965012e-09
2464,1.7924739017000625e-09
2465,1.7948010658569653e-09
2466,1.79513371540272e-09
2467,1.7927950175198408e-09
2468,1.7926282117758332e-09
2469,1.7941320808582121e-09
2470,1.7934411440849697e-09
2471,1.7947487739988206e-09
2472,1.7930426729223947e-09
2473,1.7973023062593951e-09
2474,1.7956150268981232e-09
2475,1.7930737216698507e-09
2476,1.7950542803519634e-09
2477,1.7999344301448713e-09
2478,1.792833692387848e-09
2479,1.79229205890124e-09
2480,1.7937628053251887e-09
2481,1.7971363318917547e-09
2482,1.7970112104475734e-09
2483,1.7941630223536359e-09
2484,1.7939956145333395e-09
2485,1.7949563964848303e-09
2486,1.801078065922642e-09
2487,1.8030501909822901e-09
2488,1.7965949051855367e-09
2489,1.7943670072711688e-09
2490,1.7953682356931437e-09
2491,1.7981090678520317e-09
2492,1.7943479180207211e-09
2493,1.7963558896917694e-09
2494,1.7973358994425554e-09
2495,1.7958915204044392e-09
2496,1.7954383014639492e-09
2497,1.7986542130679903e-09
2498,1.79573645328511e-09
2499,1.7955830889443453e-09
2500,1.7991727272997728e-09
2501,1.7983099015254012e-09
2502,1.8053268778458695e-09
2503,1.7957698324082834e-09
2504,1.7991897965934974e-09
2505,1.7994288119390819e-09
2506,1.796585637963857e-09
2507,1.7977958802548529e-09
2508,1.7944961548231704e-09
2509,1.7968587018174506e-09
2510,1.7986601636934472e-09
2511,1.7938506089177074e-09
2512,1.7922226405969128e-09
2513,1.7936955906060268e-09
2514,1.7931662154177584e-09
2515,1.7928850070045154e-09
2516,1.792936939797419e-09
2517,1.7934364589809998e-09
2518,1.7930006382483099e-09
2519,1.8031723883054971e-09
2520,1.793314417948797e-09
2521,1.7928515813231276e-09
2522,1.792520470001195e-09
2523,1.794795022016855e-09
2524,1.7919848272051563e-09
2525,1.7963806564530475e-09
2526,1.7972447893217606e-09
2527,1.7927439705730385e-09
2528,1.79256533792107e-09
2529,1.7956461431700598e-09
2530,1.7927539145753668e-09
2531,1.7927155882300845e-09
2532,1.7939700975524977e-09
2533,1.7990531209478373e-09
2534,1.7949147358152248e-09
2535,1.7938058440680272e-09
2536,1.795047331189967e-09
2537,1.7948582730213323e-09
2538,1.7937650432539715e-09
2539,1.7976951834391764e-09
2540,1.7932824696088022e-09
2541,1.7972844002082239e-09
2542,1.7931890088488481e-09
2543,1.7924599127298698e-09
2544,1.7945364264307567e-09
2545,1.8036235685539872e-09
2546,1.798501607910641e-09
2547,1.7946685951469118e-09
2548,1.793293780905455e-09
2549,1.7980071077934196e-09
2550,1.7968345652146751e-09
2551,1.7938074471620995e-09
2552,1.795876890111291e-09
2553,1.7997544836380167e-09
2554,1.801683294552665e-09
2555,1.7943597672966218e-09
2556,1.795005554891838e-09
2557,1.8024696473708657e-09
2558,1.7970955998231039e-09
2559,1.7954427606920049e-09
2560,1.7991037389809663e-09
2561,1.803937266743483e-09
2562,1.8006366067566812e-09
2563,1.8060089100826012e-09
2564,1.7930325212392407e-09
2565,1.7959187707251676e-09
2566,1.7933686355322614e-09
2567,1.7996662896501387e-09
2568,1.7982025608877568e-09
2569,1.7946851345001363e-09
2570,1.7917613670223356e-09
2571,1.7972012589697418e-09
2572,1.7923551058650841e-09
2573,1.798030413543813e-09
2574,1.799866192590415e-09
2575,1.7926381607578017e-09
2576,1.7938832243358166e-09
2577,1.7941766313981455e-09
2578,1.7954355220877754e-09
2579,1.817041806155971e-09
2580,1.7944617994739226e-09
2581,1.7936056056158237e-09
2582,1.7930437299748975e-09
2583,1.8038175555071453e-09
2584,1.7994254309432762e-09
2585,1.7945927672544929e-09
2586,1.7930147093638395e-09
2587,1.7928974653377485e-09
2588,1.8093970307054393e-09
2589,1.7920064041371045e-09
2590,1.7948132800133644e-09
2591,1.7935478212200623e-09
2592,1.7940164412479877e-09
2593,1.8014140540259047e-09
2594,1.7941606881669472e-09
2595,1.7941087820953137e-09
2596,1.7991147577877813e-09
2597,1.7961631850886729e-09
2598,1.7977231221437317e-09
2599,1.804602794208627e-09
2600,1.795811381444835e-09
2601,1.7958035036043e-09
2602,1.7996632482750534e-09
2603,1.7953030621355516e-09
2604,1.794566457856695e-09
2605,1.7978502453359242e-09
2606,1.796467357734571e-09
2607,1.7942655791608125e-09
2608,1.7962172011986763e-09
2609,1.798392338611663e-09
2610,1.7948166786548648e-09
2611,1.7950504061308533e-09
2612,1.7964868451786724e-09
2613,1.8056007742200428e-09
2614,1.8055267587307386e-09
2615,1.7954339850758456e-09
2616,1.797459783554588e-09
2617,1.8165036821600117e-09
2618,1.7947884138036105e-09
2619,1.7959621263249917e-09
2620,1.795782993807698e-09
2621,1.795032632190563e-09
2622,1.7953244055577758e-09
2623,1.8140715380141225e-09
2624,1.7948902501051548e-09
2625,1.7947902894434057e-09
2626,1.793585734514576e-09
2627,1.7981797254284361e-09
2628,1.796436622403768e-09
2629,1.8112601015819005e-09
2630,1.7968980592048874e-09
2631,1.798014519583688e-09
2632,1.7968166576103319e-09
2633,1.7954717571340578e-09
2634,1.8007996028386031e-09
2635,1.7957812948359098e-09
2636,1.7955448763784792e-09
2637,1.7992071685993283e-09
2638,1.7982445659826382e-09
2639,1.7941843396489725e-09
2640,1.7956648906813078e-09
2641,1.8013935610607426e-09
2642,1.7949927191431426e-09
2643,1.799929039082141e-09
2644,1.7948958373958877e-09
2645,1.7951468303871518e-09
2646,1.7937141921114412e-09
2647,1.7948617017485507e-09
2648,1.7919806272400527e-09
2649,1.7935316612646964e-09
2650,1.797012230625442e-09
2651,1.7941173292928233e-09
2652,1.7935831060654787e-09
2653,1.7977571062621534e-09
2654,1.7918479410368154e-09
2655,1.7983468395030287e-09
2656,1.7942214407516876e-09
2657,1.7918705628024552e-09
2658,1.7948589534315036e-09
2659,1.7920305675671763e-09
2660,1.7962411824770441e-09
2661,1.797275270976277e-09
2662,1.7922201257978404e-09
2663,1.7921362225171498e-09
2664,1.7922999732951763e-09
2665,1.8059484998437231e-09
2666,1.8000287802597481e-09
2667,1.7948042116352209e-09
2668,1.796657469993803e-09
2669,1.7950774346760786e-09
2670,1.7990985343625485e-09
2671,1.8069587145316885e-09
2672,1.7954896538869298e-09
2673,1.7926269599860061e-09
2674,1.7987729015432203e-09
2675,1.7950793875035753e-09
2676,1.7937082989122354e-09
2677,1.7965908623012032e-09
2678,1.7925178043961625e-09
2679,1.793563399821934e-09
2680,1.7930418390835544e-09
2681,1.7992062243402313e-09
2682,1.7964269262809564e-09
2683,1.793455068350625e-09
2684,1.8006486105257976e-09
2685,1.7965103575566437e-09
2686,1.7935819319344227e-09
2687,1.796346240704503e-09
2688,1.7931052464559444e-09
2689,1.793696818077644e-09
2690,1.7944734187313395e-09
2691,1.8025448218015769e-09
2692,1.792782692777966e-09
2693,1.792800899778428e-09
2694,1.7929781570534077e-09
2695,1.794984946503494e-09
2696,1.79340770290478e-09
2697,1.7944891894290973e-09
2698,1.794893268631579e-09
2699,1.7947918905356209e-09
2700,1.7944560540439297e-09
2701,1.7944898585834593e-09
2702,1.7948213857515092e-09
2703,1.7954047307229372e-09
2704,1.7986754058283405e-09
2705,1.794977549802067e-09
2706,1.7968723817260756e-09
2707,1.7963026582145263e-09
2708,1.7984934437225285e-09
2709,1.8040196670770085e-09
2710,1.7965576936299552e-09
2711,1.7954429419089854e-09
2712,1.7978132947167023e-09
2713,1.8190305593142064e-09
2714,1.7987960100299045e-09
2715,1.7924552113719857e-09
2716,1.7960853583097147e-09
2717,1.7958901594707367e-09
2718,1.8069357295662933e-09
2719,1.8131826876305698e-09
2720,1.7969591633346677e-09
2721,1.792484387407465e-09
2722,1.8000982018786972e-09
2723,1.7937841326851403e-09
2724,1.798549736645964e-09
2725,1.7934085012798803e-09
2726,1.800302324557753e-09
2727,1.7932270647623128e-09
2728,1.7934911938785183e-09
2729,1.797077176639833e-09
2730,1.7932804772175078e-09
2731,1.7954107322466098e-09
2732,1.7955504869087876e-09
2733,1.7937465980349798e-09
2734,1.7935910108727963e-09
2735,1.8002757711300082e-09
2736,1.7975311673675514e-09
2737,1.8022607404462304e-09
2738,1.794546857096578e-09
2739,1.7966833884322277e-09
2740,1.803589725882394e-09
2741,1.7971022958673137e-09
2742,1.798759267395041e-09
2743,1.7941004385574236e-09
2744,1.7987189135337752e-09
2745,1.7925194918607595e-09
2746,1.7963556641603929e-09
2747,1.7949011401714888e-09
2748,1.7946062732395075e-09
2749,1.796139730098679e-09
2750,1.793296470029709e-09
2751,1.7943307980671165e-09
2752,1.7978449995823485e-09
2753,1.7938113349100516e-09
2754,1.7949237770893083e-09
2755,1.7959517596282032e-09
2756,1.7989433844271614e-09
2757,1.7930146049656058e-09
2758,1.7947560457324494e-09
2759,1.7934796240979434e-09
2760,1.8059308428693241e-09
2761,1.8057358181555045e-09
2762,1.7937833409437982e-09
2763,1.7936731936989046e-09
2764,1.7948572280684073e-09
2765,1.7938218174946014e-09
2766,1.7934384878357748e-09
2767,1.7930053095293044e-09
2768,1.7938393666874138e-09
2769,1.792880611101399e-09
2770,1.792963067189188e-09
2771,1.8055444405714322e-09
2772,1.795332560670693e-09
2773,1.7933502468433831e-09
2774,1.7972174458139346e-09
2775,1.8029145498968023e-09
2776,1.8004782233179586e-09
2777,1.7934242284964158e-09
2778,1.7930097382981798e-09
2779,1.793192059060292e-09
2780,1.796124571932842e-09
2781,1.7956739569810858e-09
2782,1.8118705643515589e-09
2783,1.7951045991587668e-09
2784,1.7951420392698905e-09
2785,1.795419271098836e-09
2786,1.806164917115778e-09
2787,1.8068566733041165e-09
2788,1.804410499627224e-09
2789,1.7943489298787836e-09
2790,1.7933292208931496e-09
2791,1.7932849710579727e-09
2792,1.800135075766881e-09
2793,1.7995717013958705e-09
2794,1.8126104025928726e-09
2795,1.7936720950312527e-09
2796,1.7946746300080796e-09
2797,1.8063783897851824e-09
2798,1.807704603124856e-09
2799,1.8025817902367694e-09
2800,1.793559502194852e-09
2801,1.7955516690559084e-09
2802,1.8100823955775365e-09
2803,1.809146876639537e-09
2804,1.7979434763676213e-09
2805,1.7959421955320426e-09
2806,1.8035022759935886e-09
2807,1.8081530223927326e-09
2808,1.7997447743589399e-09
2809,1.7941917346059818e-09
2810,1.7945966727133514e-09
2811,1.7936093880033381e-09
2812,1.7972132205448185e-09
2813,1.8059895408425834e-09
2814,1.795133709647479e-09
2815,1.7946813737747756e-09
2816,1.7998024766480652e-09
2817,1.7977997704412346e-09
2818,1.7953125755188007e-09
2819,1.7990962937380268e-09
2820,1.7944328016179645e-09
2821,1.7964511116267461e-09
2822,1.8043635010837646e-09
2823,1.7946407104554036e-09
2824,1.7953911130382542e-09
2825,1.7939663981784807e-09
2826,1.79454542779032e-09
2827,1.7957920325610459e-09
2828,1.794385440760239e-09
2829,1.7989628886442078e-09
2830,1.8002787512029505e-09
2831,1.795083207500677e-09
2832,1.7950513081692412e-09
2833,1.7957160744838032e-09
2834,1.801582417632295e-09
2835,1.7933460307849455e-09
2836,1.7948789246409868e-09
2837,1.7955626206202447e-09
2838,1.8046048523911629e-09
2839,1.797861045563008e-09
2840,1.7946640216415685e-09
2841,1.7954464170219139e-09
2842,1.7972042748067215e-09
2843,1.796168657757119e-09
2844,1.7959292295362754e-09
2845,1.7966706354141453e-09
2846,1.7945877528202924e-09
2847,1.801296982460983e-09
2848,1.8018740556270156e-09
2849,1.7939901322191803e-09
2850,1.7932808060932457e-09
2851,1.795258429277227e-09
2852,1.801287685777814e-09
2853,1.7918632919795044e-09
2854,1.7924966011314903e-09
2855,1.7941281300072674e-09
2856,1.792138594950712e-09
2857,1.7987992154828114e-09
2858,1.7932801591130065e-09
2859,1.7935095869005133e-09
2860,1.794178207373797e-09
2861,1.7972432364154102e-09
2862,1.7943107852782338e-09
2863,1.7919368445775661e-09
2864,1.7918350237818016e-09
2865,1.792132585083494e-09
2866,1.7932844897979671e-09
2867,1.7931958059549525e-09
2868,1.7953727867611085e-09
2869,1.7942118659072172e-09
2870,1.7961326718409028e-09
2871,1.796828942787498e-09
2872,1.7949051328073558e-09
2873,1.7995814049402962e-09
2874,1.7950473331597733e-09
2875,1.793552584044868e-09
2876,1.7966140257340592e-09
2877,1.7930278861088316e-09
2878,1.7936868161644708e-09
2879,1.7928070693360448e-09
2880,1.7930790650159617e-09
2881,1.8044238062156554e-09
2882,1.7955722516765387e-09
2883,1.7955484265303979e-09
2884,1.794354569803795e-09
2885,1.795211403678708e-09
2886,1.7936977354085065e-09
2887,1.7955169180353445e-09
2888,1.8035035243416227e-09
2889,1.7982081490060554e-09
2890,1.7938866036314772e-09
2891,1.8006353228377394e-09
2892,1.802576058836324e-09
2893,1.7958287912910542e-09
2894,1.796166789251796e-09
2895,1.799427970043855e-09
2896,1.7968569367303084e-09
2897,1.7940386645360566e-09
2898,1.7963998039575084e-09
2899,1.7963709693293508e-09
2900,1.7986107047060769e-09
2901,1.795416757365442e-09
2902,1.7932407273538952e-09
2903,1.7973272102369887e-09
2904,1.8001622228149009e-09
2905,1.8176205212971338e-09
2906,1.7980794793826104e-09
2907,1.7951546418526721e-09
2908,1.7943899275736468e-09
2909,1.7939819258606041e-09
2910,1.7948726099162795e-09
2911,1.7967288963018321e-09
2912,1.7994162053169979e-09
2913,1.8042469528361894e-09
2914,1.7940908276083935e-09
2915,1.7934664682032293e-09
2916,1.8117046136874315e-09
2917,1.8134131110071667e-09
2918,1.7942475737613553e-09
2919,1.7994540177436345e-09
2920,1.7964831962863844e-09
2921,1.8066759969082358e-09
2922,1.8113333837075291e-09
2923,1.794488510063731e-09
2924,1.7938163060599768e-09
2925,1.7951289531264715e-09
2926,1.7946075180500272e-09
2927,1.7943228758428186e-09
2928,1.7948720048274728e-09
2929,1.7993388086612501e-09
2930,1.7968235172586237e-09
2931,1.794475477793584e-09
2932,1.7942369258402507e-09
2933,1.7968233226020522e-09
2934,1.7987514471486899e-09
2935,1.7963152493966485e-09
2936,1.7930904900652608e-09
2937,1.7947898624639843e-09
2938,1.7979784610010234e-09
2939,1.7938485206105207e-09
2940,1.792948941975781e-09
2941,1.7947843701270685e-09
2942,1.7951904610250133e-09
2943,1.7940937760172946e-09
2944,1.792885565211556e-09
2945,1.792657444862917e-09
2946,1.794774105569103e-09
2947,1.7949167304189554e-09
2948,1.7997412808954155e-09
2949,1.7959179631306075e-09
2950,1.7928756071476844e-09
2951,1.7964938019746003e-09
2952,1.792620114433976e-09
2953,1.7946375670861476e-09
2954,1.7938412524612625e-09
2955,1.794156126813779e-09
2956,1.793257889900249e-09
2957,1.7972169817246647e-09
2958,1.7936198710601667e-09
2959,1.7941163205071696e-09
2960,1.8012878582598865e-09
2961,1.7930784972397696e-09
2962,1.7928088800709433e-09
2963,1.7941975928723806e-09
2964,1.7946178705415442e-09
2965,1.798177685119277e-09
2966,1.7944445907551132e-09
2967,1.794458474290204e-09
2968,1.7997842288805434e-09
2969,1.7943745082945353e-09
2970,1.7932543852262481e-09
2971,1.7924301808695039e-09
2972,1.7945243937703627e-09
2973,1.7934098277167263e-09
2974,1.7974837004247128e-09
2975,1.7962903272181257e-09
2976,1.794274519206394e-09
2977,1.7928656585440431e-09
2978,1.7936106454805945e-09
2979,1.7932717497007621e-09
2980,1.7943508725313295e-09
2981,1.7999990818627254e-09
2982,1.7942637407737738e-09
2983,1.7929419733423013e-09
2984,1.7929435496649614e-09
2985,1.7927514027449342e-09
2986,1.7930098888443376e-09
2987,1.7939422506939028e-09
2988,1.800719046881195e-09
2989,1.793918582972906e-09
2990,1.793350756185329e-09
2991,1.797869012330569e-09
2992,1.7993970341009154e-09
2993,1.7967689909564907e-09
2994,1.795447848178463e-09
2995,1.7936748089535681e-09
2996,1.7936871155840533e-09
2997,1.7951222550892965e-09
2998,1.791949443432313e-09
2999,1.7951722678428258e-09
3000,1.7977688373076546e-09
3001,1.793636961386195e-09
3002,1.7934393909994759e-09
3003,1.8017790501501724e-09
3004,1.8036845266910652e-09
3005,1.7945412233309415e-09
3006,1.795734689505868e-09
3007,1.7946286224046859e-09
3008,1.7948738051716947e-09
3009,1.7953109490053606e-09
3010,1.8017527883936747e-09
3011,1.79240358065448e-09
3012,1.7926492452315476e-09
3013,1.79273911587991e-09
3014,1.7952436595465825e-09
3015,1.7931954093352284e-09
3016,1.7922379217555732e-09
3017,1.7927607373975286e-09
3018,1.7938846589610557e-09
3019,1.7925949891143886e-09
3020,1.7933601393293227e-09
3021,1.795936617501624e-09
3022,1.7931556565316585e-09
3023,1.793785403569636e-09
3024,1.7926689519766825e-09
3025,1.7975823530294717e-09
3026,1.7981488621668713e-09
3027,1.8002076896950441e-09
3028,1.7934283460569388e-09
3029,1.794056646797756e-09
3030,1.7947740300214893e-09
3031,1.7932777940416604e-09
3032,1.793734820437079e-09
3033,1.7933105651207899e-09
3034,1.7969613865214373e-09
3035,1.794268911978748e-09
3036,1.7987269731822767e-09
3037,1.7982088131157815e-09
3038,1.7946189442206192e-09
3039,1.795920829777867e-09
3040,1.7935522781162623e-09
3041,1.7941311793794112e-09
3042,1.7925798427380203e-09
3043,1.7950069161090188e-09
3044,1.7922155591563878e-09
3045,1.7964805819840093e-09
3046,1.7940376499472904e-09
3047,1.7928418453312582e-09
3048,1.793141799564792e-09
3049,1.7924119794571044e-09
3050,1.7921818561562225e-09
3051,1.7921810857291133e-09
3052,1.7926450619784391e-09
3053,1.7927845379469144e-09
3054,1.7918317509995154e-09
3055,1.793470396027066e-09
3056,1.7936550471989043e-09
3057,1.793279528521211e-09
3058,1.792728821589702e-09
3059,1.7968120367167714e-09
3060,1.7952859291695603e-09
3061,1.7973476439936181e-09
3062,1.7977318346723233e-09
3063,1.7976658461355513e-09
3064,1.797853511939069e-09
3065,1.7962112478709218e-09
3066,1.7975508163645673e-09
3067,1.794357129540878e-09
3068,1.7987606687988653e-09
3069,1.7975098979147692e-09
3070,1.8004780964195528e-09
3071,1.7972104781643492e-09
3072,1.7987684578243596e-09
3073,1.796187465582284e-09
3074,1.797374271370607e-09
3075,1.7953236525218242e-09
3076,1.7951129845315054e-09
3077,1.7991009596540316e-09
3078,1.7951567310779652e-09
3079,1.7949616231841095e-09
3080,1.79313864126834e-09
3081,1.8069110043023707e-09
3082,1.7941670880674204e-09
3083,1.793589171373102e-09
3084,1.7950925797943503e-09
3085,1.793778615396239e-09
3086,1.7920051193562464e-09
3087,1.794446888577883e-09
3088,1.7926023058522593e-09
3089,1.793176735717646e-09
3090,1.7983749761725337e-09
3091,1.7945944816462046e-09
3092,1.7947791565540949e-09
3093,1.7981673250634158e-09
3094,1.7960333665699595e-09
3095,1.79723266826454e-09
3096,1.794659955271688e-09
3097,1.796493284698107e-09
3098,1.796752271489634e-09
3099,1.7959112447036548e-09
3100,1.7966293756374711e-09
3101,1.7949541592068666e-09
3102,1.7963572297109507e-09
3103,1.7988819107011461e-09
3104,1.7921451614980113e-09
3105,1.7936287825234062e-09
3106,1.7926470766809165e-09
3107,1.791573937631297e-09
3108,1.7919920385305043e-09
3109,1.7939493102822125e-09
3110,1.8034073221615885e-09
3111,1.7938394459807996e-09
3112,1.791732752076299e-09
3113,1.792614181736518e-09
3114,1.80870548345835e-09
3115,1.7976915533972662e-09
3116,1.7997264568041965e-09
3117,1.792408428706342e-09
3118,1.7928044714061526e-09
3119,1.7934456261275542e-09
3120,1.793983584651131e-09
3121,1.7967461624532623e-09
3122,1.8091973306196189e-09
3123,1.7939410651216776e-09
3124,1.7968091996456748e-09
3125,1.7961926544588577e-09
3126,1.7953093970251933e-09
3127,1.7988247143321656e-09
3128,1.7932392093533595e-09
3129,1.7937983126415097e-09
3130,1.7938693907581707e-09
3131,1.8043370225065872e-09
3132,1.7962083042017818e-09
3133,1.7951575570712284e-09
3134,1.7927183946496054e-09
3135,1.795834219955468e-09
3136,1.7952625778671427e-09
3137,1.795897351738255e-09
3138,1.794494864856477e-09
3139,1.794446237385666e-09
3140,1.7945063733997419e-09
3141,1.7971839085284672e-09
3142,1.7932038235403587e-09
3143,1.7971312037349622e-09
3144,1.795033230867537e-09
3145,1.79373436470914e-09
3146,1.7943528000077473e-09
3147,1.7995270390584554e-09
3148,1.7965213780775994e-09
3149,1.7948077898574729e-09
3150,1.8022916110442274e-09
3151,1.7980465997549318e-09
3152,1.7992417682444083e-09
3153,1.798820484203104e-09
3154,1.7951576193841272e-09
3155,1.7942811855527224e-09
3156,1.8000939636863478e-09
3157,1.7967469961907531e-09
3158,1.796303073949204e-09
3159,1.7942224486628538e-09
3160,1.7952629165250809e-09
3161,1.7977072095676463e-09
3162,1.7987554227238007e-09
3163,1.7966708245073532e-09
3164,1.7966417765638816e-09
3165,1.7945724630481824e-09
3166,1.7938755965072082e-09
3167,1.7957456451263788e-09
3168,1.7960264125537698e-09
3169,1.8051234332742905e-09
3170,1.7954886141097511e-09
3171,1.7954051143519728e-09
3172,1.7957137685745532e-09
3173,1.7951301553339549e-09
3174,1.7944533710891033e-09
3175,1.8033406468657391e-09
3176,1.7962662111906036e-09
3177,1.7984102866144602e-09
3178,1.7948904694864582e-09
3179,1.800448243562394e-09
3180,1.7955345319179936e-09
3181,1.7961902670073835e-09
3182,1.7919566570751167e-09
3183,1.7933010490447676e-09
3184,1.7955432025420437e-09
3185,1.7928493988976446e-09
3186,1.7953393645768772e-09
3187,1.8078459856124635e-09
3188,1.7950843589830306e-09
3189,1.7968138331169793e-09
3190,1.7932070859829528e-09
3191,1.8012575447465026e-09
3192,1.795265474816818e-09
3193,1.7937619824575308e-09
3194,1.7946539618822572e-09
3195,1.797230511916248e-09
3196,1.7938739665183606e-09
3197,1.7976472066298183e-09
3198,1.7960963045850699e-09
3199,1.7984830975384939e-09
3200,1.794570949100546e-09
3201,1.7937347859474346e-09
3202,1.7978957621788023e-09
3203,1.801927970080277e-09
3204,1.7944522192546457e-09
3205,1.799096944048776e-09
3206,1.7936614317693713e-09
3207,1.7934112470787923e-09
3208,1.7939429520071676e-09
3209,1.8073932748038053e-09
3210,1.794162910366083e-09
3211,1.7980398492026418e-09
3212,1.7948185535435369e-09
3213,1.7921793666669698e-09
3214,1.7946915555453072e-09
3215,1.793432085783661e-09
3216,1.797693397461781e-09
3217,1.800015651437022e-09
3218,1.7922877458809742e-09
3219,1.793508527855835e-09
3220,1.7959129929807083e-09
3221,1.7944350619312818e-09
3222,1.800949397107529e-09
3223,1.798932161596289e-09
3224,1.7943914516288527e-09
3225,1.7926475022260622e-09
3226,1.7930378511752849e-09
3227,1.7919503717996454e-09
3228,1.7959358631803486e-09
3229,1.803499859256407e-09
3230,1.801568158163359e-09
3231,1.792713681449196e-09
3232,1.7959962571530229e-09
3233,1.807648703076305e-09
3234,1.805299352287695e-09
3235,1.7935577569995025e-09
3236,1.7951155756355302e-09
3237,1.7936174282407944e-09
3238,1.7975451978038501e-09
3239,1.7986326416095934e-09
3240,1.791668734317722e-09
3241,1.8004301052159224e-09
3242,1.7976732732655365e-09
3243,1.7937247123637482e-09
3244,1.7989291153702857e-09
3245,1.8216967277955853e-09
3246,1.7974536309528941e-09
3247,1.7971781358290631e-09
3248,1.7938630184571403e-09
3249,1.794624876004098e-09
3250,1.7993742174209587e-09
3251,1.8090968520229561e-09
3252,1.8060971686851536e-09
3253,1.7953384447348122e-09
3254,1.7947806519150384e-09
3255,1.800198268212789e-09
3256,1.7948363219750903e-09
3257,1.8009217329383493e-09
3258,1.8084122382198776e-09
3259,1.8031098895851546e-09
3260,1.7927959470763897e-09
3261,1.798079780917427e-09
3262,1.7950123913359454e-09
3263,1.8177266738156375e-09
3264,1.798812766592434e-09
3265,1.8020675267631998e-09
3266,1.7971137325536164e-09
3267,1.7930154846502709e-09
3268,1.796769921863544e-09
3269,1.8041760236093672e-09
3270,1.799978821733069e-09
3271,1.7931982374968547e-09
3272,1.7932623007703347e-09
3273,1.8040858118870255e-09
3274,1.7946232339835714e-09
3275,1.8012752183491483e-09
3276,1.7935530460623192e-09
3277,1.7935612007214826e-09
3278,1.7940182911392961e-09
3279,1.8074885577337076e-09
3280,1.8013751580667656e-09
3281,1.7946061877320865e-09
3282,1.7947853665987847e-09
3283,1.7977113806689407e-09
3284,1.7948070303142744e-09
3285,1.804899138746994e-09
3286,1.7983921628237239e-09
3287,1.795106732740189e-09
3288,1.7985987137570171e-09
3289,1.793415986344874e-09
3290,1.7935844010094386e-09
3291,1.7954165515879783e-09
3292,1.796595343929822e-09
3293,1.7934183724457907e-09
3294,1.7952242683907523e-09
3295,1.7942100692918766e-09
3296,1.791272302056884e-09
3297,1.7926037724821896e-09
3298,1.7945373223533143e-09
3299,1.7946888726554277e-09
3300,1.7921186745141695e-09
3301,1.7916714581429991e-09
3302,1.7981505356405877e-09
3303,1.8102619861005706e-09
3304,1.7921567642143872e-09
3305,1.7943317033903942e-09
3306,1.7957598154383661e-09
3307,1.7961313159927727e-09
3308,1.7979703272139936e-09
3309,1.793417473874603e-09
3310,1.793402750689747e-09
3311,1.7936710241398399e-09
3312,1.7934233043042933e-09
3313,1.7958241599749917e-09
3314,1.7933168719908774e-09
3315,1.792892645199001e-09
3316,1.793152457341136e-09
3317,1.7968775288475176e-09
3318,1.7929597109885618e-09
3319,1.7934159929197967e-09
3320,1.7942165153077833e-09
3321,1.7926750265978813e-09
3322,1.7980615959777704e-09
3323,1.7950721478330713e-09
3324,1.7932591233051973e-09
3325,1.7946647551929797e-09
3326,1.7957562193723485e-09
3327,1.7931923844902291e-09
3328,1.7934849456711273e-09
3329,1.7963021779230743e-09
3330,1.7935094366801498e-09
3331,1.7949675684563534e-09
3332,1.7952982254457172e-09
3333,1.7955382007521434e-09
3334,1.7947135872463637e-09
3335,1.796844478820989e-09
3336,1.794350880441775e-09
3337,1.8008626034064596e-09
3338,1.8007057378794378e-09
3339,1.8046215951683727e-09
3340,1.7985214921019114e-09
3341,1.7958809749543856e-09
3342,1.7965265077088993e-09
3343,1.7953332218784756e-09
3344,1.794810809706219e-09
3345,1.7985604821786714e-09
3346,1.7957316488550223e-09
3347,1.7965803866372307e-09
3348,1.7938460236571181e-09
3349,1.7949460322918722e-09
3350,1.7951501129535532e-09
3351,1.79966736792155e-09
3352,1.7940337938554024e-09
3353,1.7933124332431946e-09
3354,1.7924673229451244e-09
3355,1.793698057764315e-09
3356,1.8028879673650871e-09
3357,1.7931132980160547e-09
3358,1.7923456098624634e-09
3359,1.792814654604612e-09
3360,1.794810599913226e-09
3361,1.7929920096867923e-09
3362,1.7922448364146788e-09
3363,1.7933976575884146e-09
3364,1.7928107980463096e-09
3365,1.7932527697378806e-09
3366,1.7949647441278157e-09
3367,1.7939322839599264e-09
3368,1.7941753342186815e-09
3369,1.7932375656379758e-09
3370,1.7939099072273711e-09
3371,1.7933912931574199e-09
3372,1.7924281606518145e-09
3373,1.7989346110067586e-09
3374,1.7939008281178042e-09
3375,1.7926819948855554e-09
3376,1.7977436059246722e-09
3377,1.7973680480675133e-09
3378,1.7939628987247178e-09
3379,1.799045791411252e-09
3380,1.7936661259641496e-09
3381,1.794279713715308e-09
3382,1.7941789129013259e-09
3383,1.7951237137169103e-09
3384,1.7967417249187776e-09
3385,1.7930206137727084e-09
3386,1.7952757249039692e-09
3387,1.7974321929091523e-09
3388,1.799952506823085e-09
3389,1.7952465315382179e-09
3390,1.7947515205041974e-09
3391,1.7942044282920788e-09
3392,1.7944801424542945e-09
3393,1.7936721813447424e-09
3394,1.7952355923138009e-09
3395,1.7933226019059041e-09
3396,1.7948168646132525e-09
3397,1.794820545829526e-09
3398,1.7947696350029393e-09
3399,1.7946561142487393e-09
3400,1.7998994963330366e-09
3401,1.793504494773479e-09
3402,1.7947928553108091e-09
3403,1.7941997018072513e-09
3404,1.7952224385536228e-09
3405,1.7992693198062145e-09
3406,1.7942469000960885e-09
3407,1.7943784611620741e-09
3408,1.7953483248298e-09
3409,1.7968381754767766e-09
3410,1.797491797213733e-09
3411,1.7943310685928452e-09
3412,1.7978520381093738e-09
3413,1.794588981890769e-09
3414,1.7962509979673308e-09
3415,1.7937309639442258e-09
3416,1.7963120311210886e-09
3417,1.7966039129279315e-09
3418,1.7956938697075988e-09
3419,1.7956619832294658e-09
3420,1.7975585608064713e-09
3421,1.7970430989014303e-09
3422,1.8039185217006475e-09
3423,1.7938257513820348e-09
3424,1.7925028106591602e-09
3425,1.7924294165043158e-09
3426,1.7927075998158603e-09
3427,1.793330975241839e-09
3428,1.7952540310985738e-09
3429,1.7935669412809052e-09
3430,1.793962888387429e-09
3431,1.7948832955997787e-09
3432,1.7952815727014554e-09
3433,1.7954161533718653e-09
3434,1.807757216546336e-09
3435,1.7951198335237352e-09
3436,1.7959749501484244e-09
3437,1.7943150541034943e-09
3438,1.793236905150476e-09
3439,1.7920722872632302e-09
3440,1.801712002165755e-09
3441,1.7994209531046705e-09
3442,1.8009227862892995e-09
3443,1.8056906549157323e-09
3444,1.7937657319715756e-09
3445,1.793246751749759e-09
3446,1.7950549427478735e-09
3447,1.7944948437332583e-09
3448,1.7994333813902917e-09
3449,1.798180360232552e-09
3450,1.7926667720940915e-09
3451,1.7935532475018398e-09
3452,1.7963487798040302e-09
3453,1.8043377321550214e-09
3454,1.7940111612369726e-09
3455,1.7960449576957415e-09
3456,1.79374084769245e-09
3457,1.7942167613808772e-09
3458,1.7936472883183975e-09
3459,1.8004056604680458e-09
3460,1.7966858908774341e-09
3461,1.7960788789107657e-09
3462,1.7941475431802872e-09
3463,1.7942952925875508e-09
3464,1.7941094265116982e-09
3465,1.794213605472522e-09
3466,1.7961798486039047e-09
3467,1.7960017716644198e-09
3468,1.79603637118692e-09
3469,1.7947966542126681e-09
3470,1.793334463571673e-09
3471,1.8071076187635287e-09
3472,1.7981324018384387e-09
3473,1.7940228596539392e-09
3474,1.8008650010548733e-09
3475,1.7973541465215114e-09
3476,1.8018118201616708e-09
3477,1.8002327278557504e-09
3478,1.796357296496122e-09
3479,1.7949225675299683e-09
3480,1.7959503353346503e-09
3481,1.7963666965231618e-09
3482,1.7937362677592639e-09
3483,1.7927079748338092e-09
3484,1.7932409629739803e-09
3485,1.7928949417186051e-09
3486,1.7936539482951162e-09
3487,1.7929970805799875e-09
3488,1.79701358021265e-09
3489,1.7956976962198493e-09
3490,1.7945606755542667e-09
3491,1.7967283175607834e-09
3492,1.794925294544111e-09
3493,1.7936952695939446e-09
3494,1.7925723536467894e-09
3495,1.7921484209416825e-09
3496,1.7932217322315304e-09
3497,1.7937039521004402e-09
3498,1.7929661325758954e-09
3499,1.7951834562424064e-09
3500,1.7955256971713026e-09
3501,1.7922115400602117e-09
3502,1.7920189963893453e-09
3503,1.7918996447566347e-09
3504,1.8031748480046875e-09
3505,1.7950187585251578e-09
3506,1.7964348359412677e-09
3507,1.7929202460961065e-09
3508,1.7964147878181445e-09
3509,1.7946709897624991e-09
3510,1.793812390425087e-09
3511,1.793920071902251e-09
3512,1.795483434592426e-09
3513,1.7964035279092968e-09
3514,1.7935123336458016e-09
3515,1.7941015341465994e-09
3516,1.7975768394785527e-09
3517,1.798821385687492e-09
3518,1.7933077637884014e-09
3519,1.7974810069798685e-09
3520,1.7954575774222762e-09
3521,1.7948013743115323e-09
3522,1.81389800053164e-09
3523,1.809358748647758e-09
3524,1.7958282512324659e-09
3525,1.7946600499272314e-09
3526,1.7972610327269005e-09
3527,1.7950839437251146e-09
3528,1.8207612182675768e-09
3529,1.7936250366751874e-09
3530,1.8035971463055611e-09
3531,1.7941794061428493e-09
3532,1.7953890902922487e-09
3533,1.797741087531374e-09
3534,1.7994805485627624e-09
3535,1.7963651930619819e-09
3536,1.7947715619034968e-09
3537,1.803926199964465e-09
3538,1.7968073241020633e-09
3539,1.7993085601095763e-09
3540,1.7962810029383886e-09
3541,1.7962248927351518e-09
3542,1.7994229822362175e-09
3543,1.801722515472116e-09
3544,1.8295833447485608e-09
3545,1.8225655039695788e-09
3546,1.7930843440577873e-09
3547,1.7943570332271145e-09
3548,1.8132094335538197e-09
3549,1.8130359622960435e-09
3550,1.80922997870009e-09
3551,1.8009348310353897e-09
3552,1.7934475124657035e-09
3553,1.7966251528830372e-09
3554,1.813847186744661e-09
3555,1.818009092530458e-09
3556,1.8073963379944578e-09
3557,1.7934898896506751e-09
3558,1.8167144887130223e-09
3559,1.7936939366840585e-09
3560,1.802082074131813e-09
3561,1.8001083290460814e-09
3562,1.7966192060981979e-09
3563,1.7967678086923933e-09
3564,1.795319623009225e-09
3565,1.8079158308287032e-09
3566,1.7975803422458549e-09
3567,1.8007035726161512e-09
3568,1.7957791086256468e-09
3569,1.7946711698032156e-09
3570,1.7957595700906298e-09
3571,1.7995918969198215e-09
3572,1.8179941054440668e-09
3573,1.8206916656619599e-09
3574,1.8004391642260982e-09
3575,1.800259564107613e-09
3576,1.8008125087275982e-09
3577,1.8143135889450411e-09
3578,1.8085536685152025e-09
3579,1.7958868132726846e-09
3580,1.7961117600410398e-09
3581,1.8144365196648386e-09
3582,1.8103149872017371e-09
3583,1.7930559746782586e-09
3584,1.7936615134781475e-09
3585,1.806302742997801e-09
3586,1.79263836996104e-09
3587,1.8025498791734574e-09
3588,1.8107993657162832e-09
3589,1.8039179093820222e-09
3590,1.7949976285137526e-09
3591,1.7925560200940958e-09
3592,1.793068686957547e-09
3593,1.8087826504442397e-09
3594,1.7921846435515793e-09
3595,1.7967174666957678e-09
3596,1.8002629612230294e-09
3597,1.7924832412910405e-09
3598,1.7961492840294988e-09
3599,1.7932987998372888e-09
3600,1.7970739530932732e-09
3601,1.8004493991961156e-09
3602,1.8048281889896703e-09
3603,1.7937039643039032e-09
3604,1.7942252491907302e-09
3605,1.7996515268667336e-09
3606,1.7944175177511794e-09
3607,1.7941957837423616e-09
3608,1.79634697175632e-09
3609,1.8087449816639534e-09
3610,1.7951146026623977e-09
3611,1.7967350457592646e-09
3612,1.7956751432994556e-09
3613,1.7993719245013296e-09
3614,1.7949830249010465e-09
3615,1.7973372672252983e-09
3616,1.7947465661475356e-09
3617,1.7940119452579314e-09
3618,1.79505979009064e-09
3619,1.796692052278602e-09
3620,1.7940024705373707e-09
3621,1.8002799034400629e-09
3622,1.7949693781932936e-09
3623,1.7927690196704475e-09
3624,1.7931935128347639e-09
3625,1.7975820962583386e-09
3626,1.794186926393335e-09
3627,1.7949153021087038e-09
3628,1.7935386242808144e-09
3629,1.7933356508596433e-09
3630,1.7972805888874786e-09
3631,1.7941489101166322e-09
3632,1.7967109579196817e-09
3633,1.7944834122027535e-09
3634,1.7945644408220198e-09
3635,1.801088837500713e-09
3636,1.7941769444542337e-09
3637,1.7969104489984806e-09
3638,1.7945037989429142e-09
3639,1.8005503309131327e-09
3640,1.7942041825197726e-09
3641,1.7993134853104562e-09
3642,1.7944549101947662e-09
3643,1.79551686691537e-09
3644,1.7978479809523763e-09
3645,1.7933236028981698e-09
3646,1.7953389105856205e-09
3647,1.7945667428021886e-09
3648,1.7942682889380056e-09
3649,1.7937338760289884e-09
3650,1.7932410434371048e-09
3651,1.794370301715075e-09
3652,1.8058236237876342e-09
3653,1.8065528995771604e-09
3654,1.7967078857744082e-09
3655,1.7984472825282924e-09
3656,1.8016455475561432e-09
3657,1.7960349273115913e-09
3658,1.8108925955153387e-09
3659,1.7932749062482782e-09
3660,1.7958835207174702e-09
3661,1.7993014808947135e-09
3662,1.8039796337050536e-09
3663,1.80563830055386e-09
3664,1.7953132328617339e-09
3665,1.7988261788942878e-09
3666,1.7947724489734533e-09
3667,1.7992582631999248e-09
3668,1.8031631926196142e-09
3669,1.8062065523782018e-09
3670,1.793791608073228e-09
3671,1.7927274984972096e-09
3672,1.8078032919896679e-09
3673,1.795734726825755e-09
3674,1.7923923786047195e-09
3675,1.7934518983245434e-09
3676,1.7926361473359589e-09
3677,1.7929872703987388e-09
3678,1.792882349305229e-09
3679,1.7970400789335226e-09
3680,1.7985849134173902e-09
3681,1.7935479055570633e-09
3682,1.797047187103738e-09
3683,1.79370560525888e-09
3684,1.7930958022481829e-09
3685,1.795884448087748e-09
3686,1.79451555038483e-09
3687,1.7945563206083812e-09
3688,1.793249600013701e-09
3689,1.795761469961032e-09
3690,1.7918735265558006e-09
3691,1.7983583782356376e-09
3692,1.7956299352112364e-09
3693,1.7918089380127717e-09
3694,1.7944585504769405e-09
3695,1.7925375968489495e-09
3696,1.7928580847700947e-09
3697,1.7925527581108058e-09
3698,1.7962675780100413e-09
3699,1.7948981893990317e-09
3700,1.793662269229108e-09
3701,1.794064385660902e-09
3702,1.794748810802445e-09
3703,1.8004085058864804e-09
3704,1.792344191612547e-09
3705,1.7929614912558814e-09
3706,1.7943389333264227e-09
3707,1.7937753760959934e-09
3708,1.7918669803210318e-09
3709,1.791552277740426e-09
3710,1.792988112105697e-09
3711,1.8000706182587342e-09
3712,1.7933679574614406e-09
3713,1.7919960579806036e-09
3714,1.7915165064863355e-09
3715,1.807876271805928e-09
3716,1.7943178025068019e-09
3717,1.793636294336875e-09
3718,1.794116697801859e-09
3719,1.7937832326124979e-09
3720,1.8063007368123899e-09
3721,1.7948512111293628e-09
3722,1.7931755917823215e-09
3723,1.7959242583745809e-09
3724,1.7976727725043755e-09
3725,1.7946597982768587e-09
3726,1.7938896770724638e-09
3727,1.7934595973467479e-09
3728,1.7937046759864894e-09
3729,1.7939239396925677e-09
3730,1.794382840896369e-09
3731,1.7944680405278594e-09
3732,1.7951325248813649e-09
3733,1.7969426756479804e-09
3734,1.7951685064018043e-09
3735,1.801613237545095e-09
3736,1.797728272306327e-09
3737,1.793929436425284e-09
3738,1.8007360507391087e-09
3739,1.7942662158914458e-09
3740,1.7952680616184084e-09
3741,1.7965408876216503e-09
3742,1.794016347005124e-09
3743,1.7940324685686048e-09
3744,1.7953779798299808e-09
3745,1.7938643301337424e-09
3746,1.7958629966091066e-09
3747,1.7944431996164484e-09
3748,1.801189562924969e-09
3749,1.803244507320635e-09
3750,1.7938846034954688e-09
3751,1.7930435136863494e-09
3752,1.7953671481788255e-09
3753,1.7996982227096216e-09
3754,1.7956555384627547e-09
3755,1.797678285435953e-09
3756,1.7919625513742314e-09
3757,1.7908711885389525e-09
3758,1.7964133710132554e-09
3759,1.7934786983268735e-09
3760,1.7990409240448838e-09
3761,1.7937638918766987e-09
3762,1.7952224325638908e-09
3763,1.7951117211535882e-09
3764,1.8014862012585942e-09
3765,1.7943099105654267e-09
3766,1.79708099826284e-09
3767,1.7955011911718146e-09
3768,1.794155729069028e-09
3769,1.7930896031424173e-09
3770,1.8026478761890433e-09
3771,1.7932367245810391e-09
3772,1.7951379776422813e-09
3773,1.793630467137181e-09
3774,1.7928773102793353e-09
3775,1.7929895437556726e-09
3776,1.7939685794779792e-09
3777,1.793908569425354e-09
3778,1.7961074660184462e-09
3779,1.7958897273684538e-09
3780,1.8013418348175867e-09
3781,1.7963804180766216e-09
3782,1.7969988493866234e-09
3783,1.7949570149187492e-09
3784,1.8007246939003538e-09
3785,1.7957977434547775e-09
3786,1.7979274368306893e-09
3787,1.8037275828286683e-09
3788,1.7935996734000536e-09
3789,1.794644019136319e-09
3790,1.793155388440609e-09
3791,1.8127811145671225e-09
3792,1.8158872629339069e-09
3793,1.7928317868572255e-09
3794,1.7960313302423118e-09
3795,1.7934439659172008e-09
3796,1.799466344974909e-09
3797,1.800035304448687e-09
3798,1.7934368552443708e-09
3799,1.797557712234299e-09
3800,1.801790169497119e-09
3801,1.7943761679387092e-09
3802,1.794696350407318e-09
3803,1.7953609512786636e-09
3804,1.793488651763793e-09
3805,1.7945385423816978e-09
3806,1.7983508482359577e-09
3807,1.7936124749176394e-09
3808,1.7954667678363496e-09
3809,1.7937048479034375e-09
3810,1.793932947764744e-09
3811,1.79498864441259e-09
3812,1.7964863081299289e-09
3813,1.793891852729887e-09
3814,1.7965125893702207e-09
3815,1.7939466607634995e-09
3816,1.792449260079694e-09
3817,1.7958516293521296e-09
3818,1.794910647171125e-09
3819,1.801419473014579e-09
3820,1.7942375148508376e-09
3821,1.7932422665212738e-09
3822,1.7935723504923333e-09
3823,1.824867151918163e-09
3824,1.7937111155462925e-09
3825,1.7925551949696498e-09
3826,1.796277154227192e-09
3827,1.797502959591323e-09
3828,1.8068344160920676e-09
3829,1.800699054358647e-09
3830,1.7951630505862208e-09
3831,1.7926180332501943e-09
3832,1.795326138125965e-09
3833,1.8000427786691304e-09
3834,1.8007199747021113e-09
3835,1.7994108767192665e-09
3836,1.7939822902681762e-09
3837,1.7931308994041335e-09
3838,1.7923508816015583e-09
3839,1.7937132595894906e-09
3840,1.8017048969281056e-09
3841,1.7937688999240067e-09
3842,1.8004209489217367e-09
3843,1.7963089384659247e-09
3844,1.793448780955476e-09
3845,1.7942109310543947e-09
3846,1.7921359426956988e-09
3847,1.7969002367622615e-09
3848,1.7955194214608271e-09
3849,1.7934634268628848e-09
3850,1.7943589371793522e-09
3851,1.7920915359935499e-09
3852,1.7984776783586495e-09
3853,1.7969106952600751e-09
3854,1.7968696033235785e-09
3855,1.7964748987407542e-09
3856,1.7949980402768498e-09
3857,1.7944714023338847e-09
3858,1.8001374325869864e-09
3859,1.7964151439876356e-09
3860,1.7940247393968859e-09
3861,1.7973265319234537e-09
3862,1.7945284991368076e-09
3863,1.7945590301879421e-09
3864,1.7955490515699429e-09
3865,1.7947787943024373e-09
3866,1.800885941598031e-09
3867,1.7955457378546503e-09
3868,1.7941892866225574e-09
3869,1.794686878855888e-09
3870,1.7932463357768147e-09
3871,1.7942913078575282e-09
3872,1.793126950474794e-09
3873,1.7963488825387115e-09
3874,1.7988110483428508e-09
3875,1.7962382528297736e-09
3876,1.7931866225730792e-09
3877,1.7957568456289463e-09
3878,1.7938293094200168e-09
3879,1.798376332243646e-09
3880,1.7943393786824865e-09
3881,1.7932693285686809e-09
3882,1.792753776252126e-09
3883,1.7953658513996215e-09
3884,1.7944189767912925e-09
3885,1.7944961792319393e-09
3886,1.7924899923969933e-09
3887,1.7937417829862599e-09
3888,1.7946932679370655e-09
3889,1.7941789753357334e-09
3890,1.7968374731887197e-09
3891,1.7943514504628927e-09
3892,1.7973318952420962e-09
3893,1.7960723159055614e-09
3894,1.7922118355243407e-09
3895,1.7961502274743072e-09
3896,1.7985166798822207e-09
3897,1.7943559412056986e-09
3898,1.792778928732771e-09
3899,1.7949074445649345e-09
3900,1.7920026503128815e-09
3901,1.8048024764523199e-09
3902,1.7952539081052063e-09
3903,1.8041571647965121e-09
3904,1.7949628905406014e-09
3905,1.7954370675877192e-09
3906,1.8000305070940626e-09
3907,1.808460652810319e-09
3908,1.8008864936032693e-09
3909,1.7937909647071689e-09
3910,1.7946919673758502e-09
3911,1.7948805700765324e-09
3912,1.8055753867728576e-09
3913,1.7945088748128705e-09
3914,1.7954848377888949e-09
3915,1.7952686647264577e-09
3916,1.7948307000646778e-09
3917,1.7942459736409406e-09
3918,1.797111261258931e-09
3919,1.794826575522336e-09
3920,1.7962755675418796e-09
3921,1.7955227549924145e-09
3922,1.8029318408256756e-09
3923,1.7952749265964105e-09
3924,1.794318432376153e-09
3925,1.7966418490053528e-09
3926,1.796089098209761e-09
3927,1.7995119538754451e-09
3928,1.8033261969460544e-09
3929,1.8004662823737547e-09
3930,1.7968842701148438e-09
3931,1.801808756819543e-09
3932,1.800859883723966e-09
3933,1.7963939666031774e-09
3934,1.7935270554841278e-09
3935,1.7949641844103851e-09
3936,1.7924416121461468e-09
3937,1.7926950710617967e-09
3938,1.7977674216306244e-09
3939,1.7927620040567584e-09
3940,1.7979281668836034e-09
3941,1.798167269669278e-09
3942,1.7964551836841155e-09
3943,1.7957043605058467e-09
3944,1.8020866553124092e-09
3945,1.795094829062656e-09
3946,1.802555034901124e-09
3947,1.8051548118493538e-09
3948,1.799407935885496e-09
3949,1.795093316930322e-09
3950,1.7958835614606018e-09
3951,1.7931301805314757e-09
3952,1.7955943200774866e-09
3953,1.7922007885145872e-09
3954,1.793598730160012e-09
3955,1.7942869725524413e-09
3956,1.7920824289392576e-09
3957,1.7915481325670047e-09
3958,1.793525039658127e-09
3959,1.7971671351258947e-09
3960,1.7936005709524583e-09
3961,1.7929165366138337e-09
3962,1.7924987463238402e-09
3963,1.792428575876966e-09
3964,1.7995583879226515e-09
3965,1.7927671172761013e-09
3966,1.7927245725508193e-09
3967,1.7930563303647352e-09
3968,1.7934958310431119e-09
3969,1.7929826590758955e-09
3970,1.7943555634725862e-09
3971,1.793644786481076e-09
3972,1.7950297578016566e-09
3973,1.7964553684233626e-09
3974,1.7933499961753466e-09
3975,1.7996462535995088e-09
3976,1.7959441531827004e-09
3977,1.7954269827270274e-09
3978,1.795334899625031e-09
3979,1.8021773536215746e-09
3980,1.7956883440269264e-09
3981,1.7978068477855648e-09
3982,1.7957907510835637e-09
3983,1.7959721217201406e-09
3984,1.795367142532618e-09
3985,1.7939003100946275e-09
3986,1.7940604715111216e-09
3987,1.7942048373388728e-09
3988,1.7999412005300822e-09
3989,1.7989847847185301e-09
3990,1.795234111888982e-09
3991,1.7946398202456962e-09
3992,1.8002830487761313e-09
3993,1.7994498296207578e-09
3994,1.7972073169238465e-09
3995,1.7966608403899986e-09
3996,1.8014280825455679e-09
3997,1.801475487590462e-09
3998,1.7957999366814545e-09
3999,1.7956836186694845e-09
4000,1.8002104553986642e-09
4001,1.7983828688722574e-09
4002,1.794372551031085e-09
4003,1.793368856070223e-09
4004,1.79353754494901e-09
4005,1.7944630022863909e-09
4006,1.7956892156420577e-09
4007,1.7943468814839931e-09
4008,1.7919228648419915e-09
4009,1.7922615470911402e-09
4010,1.7918206130721572e-09
4011,1.7940749064539172e-09
4012,1.7931621855249035e-09
4013,1.7950908317837007e-09
4014,1.7955760313454047e-09
4015,1.793298831981484e-09
4016,1.7934965313323068e-09
4017,1.7940498058318375e-09
4018,1.7962736074109176e-09
4019,1.7950276031176756e-09
4020,1.7934881808313907e-09
4021,1.7945994005684606e-09
4022,1.7944075301089167e-09
4023,1.808701266177479e-09
4024,1.7958351322485086e-09
4025,1.7965805791359798e-09
4026,1.7994849066199397e-09
4027,1.7941926875620756e-09
4028,1.7955461094641786e-09
4029,1.793454125772906e-09
4030,1.7965907064755267e-09
4031,1.7929744254337167e-09
4032,1.7937222135662556e-09
4033,1.794702754252843e-09
4034,1.7933916279917243e-09
4035,1.7942591341434242e-09
4036,1.7971154695240514e-09
4037,1.7921681048479853e-09
4038,1.7991460700291246e-09
4039,1.7975062531527902e-09
4040,1.7971702412808993e-09
4041,1.7939903217258254e-09
4042,1.80138367746614e-09
4043,1.7933841376629826e-09
4044,1.7951326506885263e-09
4045,1.7951708839407924e-09
4046,1.7955532283108808e-09
4047,1.7940544863952203e-09
4048,1.7931414702349454e-09
4049,1.7935391435225467e-09
4050,1.7959624514262602e-09
4051,1.7942007607676633e-09
4052,1.7972524336743882e-09
4053,1.7926122521645778e-09
4054,1.7918799738624114e-09
4055,1.7925103060953566e-09
4056,1.7925559954077952e-09
4057,1.796562980837592e-09
4058,1.7946457156131212e-09
4059,1.792305532857075e-09
4060,1.7936264597062989e-09
4061,1.792545600430813e-09
4062,1.8030379106820462e-09
4063,1.7928044049791064e-09
4064,1.8038595328704534e-09
4065,1.7929917826980478e-09
4066,1.7987402399386172e-09
4067,1.8023661787250853e-09
4068,1.7940234169867474e-09
4069,1.7949223239529593e-09
4070,1.7949156573274534e-09
4071,1.7945694899016906e-09
4072,1.7957763397446235e-09
4073,1.8016804575965871e-09
4074,1.8001982372009485e-09
4075,1.7960998885597354e-09
4076,1.7990377505193885e-09
4077,1.816171472499409e-09
4078,1.7995686444540416e-09
4079,1.7935291766486883e-09
4080,1.794548796703162e-09
4081,1.7986467164019631e-09
4082,1.7931832150004663e-09
4083,1.7928631246616454e-09
4084,1.7974853045369644e-09
4085,1.7939659783547368e-09
4086,1.7954074104384059e-09
4087,1.792928322298085e-09
4088,1.7925990343016482e-09
4089,1.7933316267328844e-09
4090,1.7966693273230244e-09
4091,1.797557947509435e-09
4092,1.7932923696385754e-09
4093,1.7934510670661575e-09
4094,1.7937751455580973e-09
4095,1.7937128751535668e-09
4096,1.7936865417664208e-09
4097,1.7950795692939694e-09
4098,1.7929572962522537e-09
4099,1.7932186054000446e-09
4100,1.7944326799150356e-09
