global_step,predictor_x_gap_mse
1,3.3609238516965123e-12
2,3.40004521876142e-08
3,1.7041948051192234e-08
4,1.1421041098410741e-08
5,8.62423515729788e-09
6,6.954366153392759e-09
7,5.85347358353918e-09
8,5.077107183455223e-09
9,4.501901961419514e-09
10,4.0598870447931164e-09
11,3.7132322499451595e-09
12,3.433150116006631e-09
13,3.2047443318013863e-09
14,3.012165220866716e-09
15,2.853986590309418e-09
16,2.7202350871645237e-09
17,2.6056892602613323e-09
18,2.508206320896034e-09
19,2.4237469878804014e-09
20,2.3510391032820425e-09
21,2.287900414730557e-09
22,2.2321228410478027e-09
23,2.1837281119056756e-09
24,2.141141044386319e-09
25,2.1046297009578118e-09
26,2.070927552798297e-09
27,2.041831076415523e-09
28,2.014528302619382e-09
29,1.9911500018250273e-09
30,1.9705780942417404e-09
31,1.951538657632154e-09
32,1.9327936594672867e-09
33,1.9187096741285886e-09
34,1.9054863460487136e-09
35,1.8940946485575445e-09
36,1.883696359302814e-09
37,1.8747656620461853e-09
38,1.8659415532220814e-09
39,1.8591336549357328e-09
40,1.852190176346904e-09
41,1.845731505183685e-09
42,1.8406443471578694e-09
43,1.8370411077953522e-09
44,1.8320865583225766e-09
45,1.8274888415083695e-09
46,1.8238457236095929e-09
47,1.8203206417734826e-09
48,1.816725849723829e-09
49,1.8148319826676562e-09
50,1.8137460687755236e-09
51,1.8118277246813785e-09
52,1.8107620940729321e-09
53,1.8078170547749987e-09
54,1.8074370051330041e-09
55,1.8054874767076355e-09
56,1.802945642386027e-09
57,1.8024400800027003e-09
58,1.8010793619559343e-09
59,1.800180159769351e-09
60,1.7978448646224288e-09
61,1.798393945487989e-09
62,1.7969003025885992e-09
63,1.796783346535059e-09
64,1.796756456938223e-09
65,1.7965801108476758e-09
66,1.7961907872150136e-09
67,1.7957847707957001e-09
68,1.7952407481475773e-09
69,1.7944380031656666e-09
70,1.7944467073466093e-09
71,1.7945353720304802e-09
72,1.7959571889886995e-09
73,1.7945578399446593e-09
74,1.7946084378965156e-09
75,1.7943171351035713e-09
76,1.7939389621247135e-09
77,1.7942779759003273e-09
78,1.7934793210317126e-09
79,1.7943020586467147e-09
80,1.7940879104867496e-09
81,1.7941933871575568e-09
82,1.7929240442660705e-09
83,1.7940848856688316e-09
84,1.7947526544864163e-09
85,1.7936295950631754e-09
86,1.7930181427890434e-09
87,1.792911049367051e-09
88,1.7938926250079148e-09
89,1.7931097460870826e-09
90,1.7931533453906506e-09
91,1.7925701948799512e-09
92,1.7909433981859632e-09
93,1.7910644677594559e-09
94,1.7911598388621326e-09
95,1.7918371636037348e-09
96,1.7935756755091758e-09
97,1.7937625129269788e-09
98,1.7929192213116287e-09
99,1.7934470034045452e-09
100,1.793346685582902e-09
101,1.7933160124023498e-09
102,1.7932204137262531e-09
103,1.7920575116216038e-09
104,1.793408529721524e-09
105,1.7929402625657223e-09
106,1.7928491927312468e-09
107,1.7924133100710568e-09
108,1.7933344540130407e-09
109,1.7932526393753733e-09
110,1.793558482011671e-09
111,1.7930605532454053e-09
112,1.7950314621544077e-09
113,1.7941944899008993e-09
114,1.79401572647539e-09
115,1.793711270552937e-09
116,1.7945213168191229e-09
117,1.7932379040058908e-09
118,1.7926299669512959e-09
119,1.7923524416551889e-09
120,1.791570379915476e-09
121,1.79192985677813e-09
122,1.7917729662056197e-09
123,1.7910468409367747e-09
124,1.7917560171401027e-09
125,1.7920287672953807e-09
126,1.7930813240819172e-09
127,1.7930061060943522e-09
128,1.7925574393675185e-09
129,1.7929074996416732e-09
130,1.7926715658335646e-09
131,1.7924243967032056e-09
132,1.792810047234375e-09
133,1.7921199337172104e-09
134,1.7920447883121462e-09
135,1.7926381352026485e-09
136,1.7926327887623125e-09
137,1.7934342272806517e-09
138,1.7941092211384182e-09
139,1.7938507215079751e-09
140,1.7930639726269556e-09
141,1.792516912181667e-09
142,1.7936250235781677e-09
143,1.7939610521107478e-09
144,1.792916685620159e-09
145,1.7936193937203309e-09
146,1.7929769147625706e-09
147,1.7935533759841052e-09
148,1.7929299900695513e-09
149,1.793606129127303e-09
150,1.7935494837668796e-09
151,1.7930908974456511e-09
152,1.7936023337994727e-09
153,1.7931932703954368e-09
154,1.7923084267651181e-09
155,1.7925649066649118e-09
156,1.7929146990148629e-09
157,1.792728746621898e-09
158,1.7933582537523853e-09
159,1.794399560878682e-09
160,1.7935129731456026e-09
161,1.7934093985431363e-09
162,1.7923170325809136e-09
163,1.7935455310693347e-09
164,1.7942648645386467e-09
165,1.794174394834977e-09
166,1.7954967211816626e-09
167,1.7941803838019425e-09
168,1.7935745111909977e-09
169,1.7936546988754425e-09
170,1.793470006418822e-09
171,1.792616753746931e-09
172,1.7925242978031883e-09
173,1.7939277069616173e-09
174,1.7929306350713379e-09
175,1.7953525679086664e-09
176,1.7939705124215416e-09
177,1.7935675737699345e-09
178,1.7944177997907827e-09
179,1.7938988701648746e-09
180,1.7948611401678637e-09
181,1.7942742289675933e-09
182,1.7933632863136817e-09
183,1.7936320028848837e-09
184,1.7945562840874047e-09
185,1.7933467433402264e-09
186,1.7937842218654577e-09
187,1.7932784892635337e-09
188,1.7940293551596578e-09
189,1.793700606105965e-09
190,1.7934021068552944e-09
191,1.7940104390416997e-09
192,1.793733019837862e-09
193,1.793655836228584e-09
194,1.7945323632346306e-09
195,1.793798242074347e-09
196,1.794406923628038e-09
197,1.7937568533852357e-09
198,1.7937679735051979e-09
199,1.7926891737108925e-09
200,1.792821242089118e-09
201,1.7927292291995158e-09
202,1.7926542229961007e-09
203,1.793205532712554e-09
204,1.794903804863102e-09
205,1.793758757419475e-09
206,1.7928407653241197e-09
207,1.7939076711409023e-09
208,1.7934075921191428e-09
209,1.7930417547116098e-09
210,1.793059539653424e-09
211,1.792403348531095e-09
212,1.7933476828274911e-09
213,1.7927705224019475e-09
214,1.7928314859821759e-09
215,1.7923909296875671e-09
216,1.7927288389704503e-09
217,1.7926081405401978e-09
218,1.7917221499647455e-09
219,1.7910611219022441e-09
220,1.791898617858582e-09
221,1.7915208991345473e-09
222,1.7915271033973948e-09
223,1.7919842563580381e-09
224,1.7928355825564103e-09
225,1.793015080562103e-09
226,1.7931940187642908e-09
227,1.7927604344674184e-09
228,1.7927682000491886e-09
229,1.7938046453883953e-09
230,1.7931466702594e-09
231,1.7929520294945265e-09
232,1.7920316066052255e-09
233,1.7923241528876194e-09
234,1.7928401022416618e-09
235,1.7933550133379935e-09
236,1.7944605157223168e-09
237,1.7950158845262326e-09
238,1.793985964095623e-09
239,1.7935643730591937e-09
240,1.7939837615170875e-09
241,1.7937246743893252e-09
242,1.7939268619104517e-09
243,1.7938361672274756e-09
244,1.7940934855033254e-09
245,1.7935565459205366e-09
246,1.7939822093657077e-09
247,1.7941238605679025e-09
248,1.7920301853529943e-09
249,1.792824857466512e-09
250,1.7941901357367436e-09
251,1.7942071700529315e-09
252,1.7935395610751484e-09
253,1.7931920917136884e-09
254,1.793044660518641e-09
255,1.793908993004568e-09
256,1.7935785690507372e-09
257,1.7942422721284046e-09
258,1.7939893549411327e-09
259,1.7941821027255621e-09
260,1.7935080257994491e-09
261,1.7930023328429033e-09
262,1.7938164548101616e-09
263,1.7938716454520893e-09
264,1.7947682126834133e-09
265,1.7940645968227169e-09
266,1.7949832756813798e-09
267,1.7937854962966101e-09
268,1.793839865638345e-09
269,1.7937663616166962e-09
270,1.7935862516742819e-09
271,1.7934183743680184e-09
272,1.7931449697107993e-09
273,1.793536192785652e-09
274,1.793276038961875e-09
275,1.7940316780605707e-09
276,1.7941203682130506e-09
277,1.7948776251607772e-09
278,1.7943325685377002e-09
279,1.7941459414802089e-09
280,1.7941242022084631e-09
281,1.7933408674340722e-09
282,1.7935020622514894e-09
283,1.793450564379988e-09
284,1.7934575423980056e-09
285,1.793706160046248e-09
286,1.7929871850995605e-09
287,1.7922645582579643e-09
288,1.792666137207344e-09
289,1.793034643718642e-09
290,1.7934890365875258e-09
291,1.7934590751174099e-09
292,1.7937317820052248e-09
293,1.7931067639401908e-09
294,1.7942889418418155e-09
295,1.7932653402664153e-09
296,1.7942168433579784e-09
297,1.7934629816866409e-09
298,1.7945064486368857e-09
299,1.7952690720083252e-09
300,1.7939016554577115e-09
301,1.7930423506882653e-09
302,1.793240426061457e-09
303,1.7932615573411454e-09
304,1.7927213545263466e-09
305,1.793092090647539e-09
306,1.792613402777275e-09
307,1.79207980777672e-09
308,1.7932241634829725e-09
309,1.7925315497665625e-09
310,1.7933116932001372e-09
311,1.793802304971652e-09
312,1.7936547369689837e-09
313,1.7951716927168813e-09
314,1.7953342170713623e-09
315,1.795100337187199e-09
316,1.7936048891272965e-09
317,1.793646878069938e-09
318,1.7931070891946238e-09
319,1.793720395217468e-09
320,1.794417676778561e-09
321,1.793492944343704e-09
322,1.7939588226016216e-09
323,1.7939805884768612e-09
324,1.7945460122316415e-09
325,1.7960025177986915e-09
326,1.7951428356386535e-09
327,1.795052639155166e-09
328,1.7960467705932573e-09
329,1.7948176186049055e-09
330,1.7942255090879833e-09
331,1.7948437155657114e-09
332,1.7941976015521702e-09
333,1.7938817341753958e-09
334,1.7936173939371953e-09
335,1.7929727480431877e-09
336,1.7944577675731598e-09
337,1.7938335290082382e-09
338,1.794658331411342e-09
339,1.7937572017651475e-09
340,1.7937989922608662e-09
341,1.7931416147475818e-09
342,1.794234438584574e-09
343,1.7954005466057003e-09
344,1.7958964236040823e-09
345,1.7948245071976521e-09
346,1.794956521785647e-09
347,1.7940187267526406e-09
348,1.7942758793205906e-09
349,1.7940746723603302e-09
350,1.794377136983113e-09
351,1.7941520666149662e-09
352,1.794365042828474e-09
353,1.7944783960211784e-09
354,1.7946704700254356e-09
355,1.7942090774620027e-09
356,1.7928285659280336e-09
357,1.7925474366780914e-09
358,1.7925279930810505e-09
359,1.792468840249432e-09
360,1.7920900363112771e-09
361,1.7915285833389298e-09
362,1.7918357635938086e-09
363,1.7910266325698188e-09
364,1.791491648651823e-09
365,1.7908459708317786e-09
366,1.7921408955881603e-09
367,1.7914667937731753e-09
368,1.7923166915414004e-09
369,1.7924660399313513e-09
370,1.792742812753312e-09
371,1.7935808212040384e-09
372,1.7930594104174612e-09
373,1.7926983684312189e-09
374,1.793223595891266e-09
375,1.7931072994925813e-09
376,1.793209791353063e-09
377,1.7937260200859468e-09
378,1.7945153042239501e-09
379,1.793939730319242e-09
380,1.794392675041298e-09
381,1.7938040313231706e-09
382,1.7951110746125936e-09
383,1.7950425427397274e-09
384,1.7954288877707264e-09
385,1.795126218015491e-09
386,1.7942752643101767e-09
387,1.7955650580685065e-09
388,1.7948708408622444e-09
389,1.7958984694740084e-09
390,1.7940804427608058e-09
391,1.7952011082513962e-09
392,1.7947263414150141e-09
393,1.7948371989351928e-09
394,1.7949488159682495e-09
395,1.7946379233052036e-09
396,1.7948177770738739e-09
397,1.7951072034379332e-09
398,1.793856904151006e-09
399,1.793047259444849e-09
400,1.7932282979397796e-09
401,1.7932811511027236e-09
402,1.7938347234750636e-09
403,1.7939574070007547e-09
404,1.7929898458293194e-09
405,1.7938906081579851e-09
406,1.7935214904584244e-09
407,1.7936834071085052e-09
408,1.7928539246191326e-09
409,1.7929153013687916e-09
410,1.7931986609051012e-09
411,1.793073858430307e-09
412,1.7923334173194797e-09
413,1.7927171800624094e-09
414,1.793092062823132e-09
415,1.7930357352190043e-09
416,1.792727671094416e-09
417,1.7924654427200232e-09
418,1.7930291441920302e-09
419,1.793112728771434e-09
420,1.7933393533628163e-09
421,1.792803320612683e-09
422,1.7933898142162444e-09
423,1.7927739018614153e-09
424,1.7929232760510987e-09
425,1.792511203085445e-09
426,1.7922737016628071e-09
427,1.7910507470269834e-09
428,1.7928626047485876e-09
429,1.7932877186986804e-09
430,1.7930596712739516e-09
431,1.79345594511035e-09
432,1.7938199300815832e-09
433,1.7938113318057125e-09
434,1.7939681918498066e-09
435,1.793332461941675e-09
436,1.7937307602100766e-09
437,1.7931606132629885e-09
438,1.792809250782831e-09
439,1.792639998925991e-09
440,1.7923140089012976e-09
441,1.793201821754044e-09
442,1.792853136156456e-09
443,1.7928922231829258e-09
444,1.7921587525714931e-09
445,1.7934525411753604e-09
446,1.7919531858283844e-09
447,1.792918854806946e-09
448,1.7918700056992342e-09
449,1.7912759466705205e-09
450,1.7927215916653907e-09
451,1.793694540882633e-09
452,1.7939138826897823e-09
453,1.7954392272234877e-09
454,1.79405849224059e-09
455,1.7930788602413695e-09
456,1.7929772249290822e-09
457,1.7937132893996383e-09
458,1.7925118147105287e-09
459,1.7927332371255635e-09
460,1.7938668333350744e-09
461,1.7924309229604527e-09
462,1.7928381866845445e-09
463,1.7932183387286964e-09
464,1.793891648639735e-09
465,1.7928946136950252e-09
466,1.7935070489238166e-09
467,1.792925896835621e-09
468,1.7932455760262977e-09
469,1.7929508021618503e-09
470,1.7929654396971886e-09
471,1.7928674982096446e-09
472,1.7928106462231063e-09
473,1.792608723419521e-09
474,1.7915024465236327e-09
475,1.7917065366444847e-09
476,1.7921933293448082e-09
477,1.792983413161392e-09
478,1.7927605342005212e-09
479,1.7924030101147338e-09
480,1.7922788464423127e-09
481,1.7939360232265122e-09
482,1.7933845120939086e-09
483,1.7935968729224175e-09
484,1.7938267607685307e-09
485,1.7930869966278944e-09
486,1.794207133668421e-09
487,1.7952382917423486e-09
488,1.7951546000033786e-09
489,1.794155327820758e-09
490,1.7941970342887045e-09
491,1.793378451988152e-09
492,1.7932202094818518e-09
493,1.7933639827322312e-09
494,1.7920223655618489e-09
495,1.7914983335807626e-09
496,1.7920275197054867e-09
497,1.7915001756580864e-09
498,1.79217411503355e-09
499,1.7915997140527347e-09
500,1.7910456445932828e-09
501,1.7916294753213975e-09
502,1.79151317355315e-09
503,1.7922154541181243e-09
504,1.792881180761634e-09
505,1.7924121326729824e-09
506,1.7934060681074076e-09
507,1.7923455452471513e-09
508,1.7931279106494455e-09
509,1.792201313539779e-09
510,1.7924178614442895e-09
511,1.7919743741727635e-09
512,1.7911783889810149e-09
513,1.7908303075368096e-09
514,1.7915474534888707e-09
515,1.7915531865838535e-09
516,1.7913977300216906e-09
517,1.793103505783556e-09
518,1.793397400408561e-09
519,1.7933982907802539e-09
520,1.7930995348675932e-09
521,1.7933550890892557e-09
522,1.793664168508744e-09
523,1.792283128491471e-09
524,1.7931533647852887e-09
525,1.7925516981559862e-09
526,1.7919875253587718e-09
527,1.7917915143215383e-09
528,1.792467135020595e-09
529,1.7926571852329854e-09
530,1.7921740365382556e-09
531,1.7920401256721463e-09
532,1.7930832680846871e-09
533,1.7914207281026958e-09
534,1.7923515643133021e-09
535,1.7926651656244678e-09
536,1.793487797205936e-09
537,1.7925334682470008e-09
538,1.7924814799896883e-09
539,1.7938560828854363e-09
540,1.7932708383425786e-09
541,1.7933008724373614e-09
542,1.7928811862727064e-09
543,1.7927168981586238e-09
544,1.7926986636134112e-09
545,1.7933308984079723e-09
546,1.7943544570689479e-09
547,1.79335443043105e-09
548,1.7932222094366913e-09
549,1.794324532744957e-09
550,1.7939467163442152e-09
551,1.7934914003545544e-09
552,1.7932453125855294e-09
553,1.793193331733946e-09
554,1.792764868305868e-09
555,1.7933509561162205e-09
556,1.7942054701237767e-09
557,1.7945504617289406e-09
558,1.793749997861158e-09
559,1.7942648398892734e-09
560,1.7927166964016706e-09
561,1.7935096831618315e-09
562,1.7937047417752178e-09
563,1.7939867564298752e-09
564,1.7931813631126824e-09
565,1.7934078764406284e-09
566,1.7935247419318088e-09
567,1.7937026145212038e-09
568,1.7937360167978125e-09
569,1.793228821062154e-09
570,1.7936769843069757e-09
571,1.7927503688395579e-09
572,1.7932336291417576e-09
573,1.7934857685698115e-09
574,1.7929055676915373e-09
575,1.7924543598259555e-09
576,1.7929146243031103e-09
577,1.793695395280625e-09
578,1.7946155401677032e-09
579,1.7941361734029467e-09
580,1.794443713213252e-09
581,1.7946685865788479e-09
582,1.7949855125296503e-09
583,1.7940725651610487e-09
584,1.7944474124200695e-09
585,1.79425590103156e-09
586,1.7938483924742412e-09
587,1.7942465549641359e-09
588,1.7946594047194148e-09
589,1.7947612999808126e-09
590,1.7941626695310288e-09
591,1.7933750031280006e-09
592,1.7945849125944271e-09
593,1.7948128012256955e-09
594,1.7948252776585378e-09
595,1.794126592513599e-09
596,1.7938166184882515e-09
597,1.7939056544195928e-09
598,1.7936803034618783e-09
599,1.7930219687473514e-09
600,1.794336693366465e-09
601,1.7957420141633244e-09
602,1.795575788135354e-09
603,1.7956484023533282e-09
604,1.7954782637515689e-09
605,1.794300553525367e-09
606,1.795062768319862e-09
607,1.7946176517411358e-09
608,1.7947674419829827e-09
609,1.794720008984458e-09
610,1.7947075976586528e-09
611,1.7955470699834502e-09
612,1.7960251091783069e-09
613,1.796121441392202e-09
614,1.7949131588123613e-09
615,1.7950754703058993e-09
616,1.794941945445069e-09
617,1.794205269008874e-09
618,1.7939208701928345e-09
619,1.7926045912903775e-09
620,1.7910375451921755e-09
621,1.7922687990794093e-09
622,1.791798985050649e-09
623,1.7909732363096388e-09
624,1.7920702665217059e-09
625,1.7927256359171253e-09
626,1.7915514896979987e-09
627,1.791810787366921e-09
628,1.790808693173486e-09
629,1.7922024638928888e-09
630,1.7927459642792585e-09
631,1.7921277653665988e-09
632,1.7926908643951806e-09
633,1.7925323639542254e-09
634,1.7927195858774415e-09
635,1.7929594045493387e-09
636,1.7921709196037038e-09
637,1.7932511518696246e-09
638,1.7924847249445426e-09
639,1.7926014252985421e-09
640,1.7932745574808748e-09
641,1.7941002831978478e-09
642,1.7929940202283777e-09
643,1.7932585930222363e-09
644,1.7936860693879636e-09
645,1.793117591187342e-09
646,1.793947112755752e-09
647,1.7944460440913888e-09
648,1.7933618844555434e-09
649,1.7946220975134167e-09
650,1.7940056007925033e-09
651,1.7928392254856054e-09
652,1.7930961652884934e-09
653,1.7935763175290056e-09
654,1.7942021412540952e-09
655,1.7957788656413146e-09
656,1.7945336033748302e-09
657,1.7933195930653692e-09
658,1.7933471978965032e-09
659,1.7929355417733106e-09
660,1.7928822730831458e-09
661,1.7928373935727603e-09
662,1.793541644616791e-09
663,1.7943949634454684e-09
664,1.7941813835600723e-09
665,1.794625417644119e-09
666,1.793370239834178e-09
667,1.7941181057260869e-09
668,1.7920690839370654e-09
669,1.7926489907857098e-09
670,1.7933920967917043e-09
671,1.7919699857941831e-09
672,1.7924104310557239e-09
673,1.7933595169312694e-09
674,1.7933100184895016e-09
675,1.7934721639191101e-09
676,1.793087438075144e-09
677,1.794368697137158e-09
678,1.7947969604489897e-09
679,1.7927862113162491e-09
680,1.7923981967185387e-09
681,1.7927557154873409e-09
682,1.7928098283784944e-09
683,1.7922366381936463e-09
684,1.793242686032977e-09
685,1.792916671364153e-09
686,1.7932854151022578e-09
687,1.7939416112007087e-09
688,1.793816739792105e-09
689,1.7937035254890798e-09
690,1.7947118564905333e-09
691,1.7933740769168362e-09
692,1.7940533212844038e-09
693,1.7933379105340226e-09
694,1.7937290302917627e-09
695,1.7936325987298436e-09
696,1.7936494686180412e-09
697,1.7929371319111827e-09
698,1.7948360452875034e-09
699,1.7955757946924283e-09
700,1.7952943764398541e-09
701,1.795396440033923e-09
702,1.7945942488741102e-09
703,1.795134266101442e-09
704,1.7948974447123543e-09
705,1.7952294081309162e-09
706,1.795620461353234e-09
707,1.7957501178897978e-09
708,1.7957976665347025e-09
709,1.7948445228745768e-09
710,1.7951662053980458e-09
711,1.7954680562012575e-09
712,1.7965017822399555e-09
713,1.7952024590914709e-09
714,1.794907444742491e-09
715,1.7955312703344144e-09
716,1.7955382101155944e-09
717,1.7950409726822355e-09
718,1.795394362750079e-09
719,1.7941766911763357e-09
720,1.7940025764276705e-09
721,1.7932547086305577e-09
722,1.7940874034629492e-09
723,1.7952602008879733e-09
724,1.7934049374190167e-09
725,1.7924894345384607e-09
726,1.792675995915919e-09
727,1.792364168486315e-09
728,1.7932666615437008e-09
729,1.7923852016249512e-09
730,1.7938181948054668e-09
731,1.794462295661961e-09
732,1.7932555055723467e-09
733,1.794089948004312e-09
734,1.7930632074374464e-09
735,1.7925151582734109e-09
736,1.793522136185219e-09
737,1.7929350667662925e-09
738,1.7935258257978403e-09
739,1.794019205632063e-09
740,1.7932956447687442e-09
741,1.7928789644482432e-09
742,1.7931471740721104e-09
743,1.7939504067834292e-09
744,1.7935402640974924e-09
745,1.7939160994810638e-09
746,1.792849220272353e-09
747,1.7924053802674615e-09
748,1.7925213909253969e-09
749,1.7917283287146287e-09
750,1.7921553191081663e-09
751,1.7922759001716773e-09
752,1.7928036585356422e-09
753,1.7923658559114922e-09
754,1.7938862884339896e-09
755,1.7939087443410391e-09
756,1.7928404499213191e-09
757,1.7931753977234432e-09
758,1.7930184354170819e-09
759,1.7932413878728208e-09
760,1.7925884537012885e-09
761,1.7921167421834e-09
762,1.7924756277344795e-09
763,1.7927596679855318e-09
764,1.7922429348982847e-09
765,1.7914550872098199e-09
766,1.794090375809719e-09
767,1.7933447322183866e-09
768,1.7925075606497906e-09
769,1.7932404765615996e-09
770,1.7937220549124208e-09
771,1.7926228349890848e-09
772,1.7932860945195437e-09
773,1.7939160437440015e-09
774,1.7933801051418123e-09
775,1.79283880255775e-09
776,1.793026215064222e-09
777,1.7926136754558599e-09
778,1.7937656583647589e-09
779,1.7935769522020702e-09
780,1.7934908412160328e-09
781,1.7939958553014933e-09
782,1.7937655911574146e-09
783,1.7934333162200702e-09
784,1.7939981962994283e-09
785,1.7935660115892258e-09
786,1.7932740754036972e-09
787,1.7927173318367757e-09
788,1.7926619999614254e-09
789,1.7935893229948315e-09
790,1.7934883694562517e-09
791,1.7930938159926037e-09
792,1.7941415670572642e-09
793,1.7945676587273537e-09
794,1.7943606620228582e-09
795,1.7934245282893708e-09
796,1.7924669944493302e-09
797,1.7927705364943462e-09
798,1.7926668498962798e-09
799,1.7920204736023455e-09
800,1.79083766235951e-09
801,1.7915754231861177e-09
802,1.7912192032139208e-09
803,1.7902181176474716e-09
804,1.79099970388437e-09
805,1.7913258335979067e-09
806,1.7918949493547024e-09
807,1.7912759323939462e-09
808,1.7915517894104514e-09
809,1.7908235605893738e-09
810,1.791611692197195e-09
811,1.7917613897595016e-09
812,1.791333927506175e-09
813,1.791278555569906e-09
814,1.7915683282702858e-09
815,1.7921231352233247e-09
816,1.7929205385726587e-09
817,1.7926957343097e-09
818,1.7920688901688884e-09
819,1.7922944100921616e-09
820,1.7918898938303076e-09
821,1.792552963715394e-09
822,1.792408415339156e-09
823,1.7926415435293546e-09
824,1.7924045604912948e-09
825,1.7932286594982875e-09
826,1.7939395892961393e-09
827,1.791995183550718e-09
828,1.7932122975327462e-09
829,1.7939438165152816e-09
830,1.7947985468546139e-09
831,1.7934971816419369e-09
832,1.7933356563136889e-09
833,1.793158690612326e-09
834,1.7932370886347944e-09
835,1.7939636050958335e-09
836,1.79311982741224e-09
837,1.7931243371247442e-09
838,1.7929679072981438e-09
839,1.7931515833076556e-09
840,1.7940758253485875e-09
841,1.7933340457683995e-09
842,1.7938532686743637e-09
843,1.7941814666614335e-09
844,1.7937310368655867e-09
845,1.7935648555934026e-09
846,1.7930447472482835e-09
847,1.7927435203531684e-09
848,1.7946462170101967e-09
849,1.7934235516595397e-09
850,1.793806361453404e-09
851,1.7939876678768214e-09
852,1.7932008240264465e-09
853,1.792480043651538e-09
854,1.7930516986768488e-09
855,1.7924733805404935e-09
856,1.7932043598993215e-09
857,1.7932042386993628e-09
858,1.7922650827290031e-09
859,1.7926890999446393e-09
860,1.7931584917508261e-09
861,1.7927544794310235e-09
862,1.7930132262943751e-09
863,1.7931382000301353e-09
864,1.7920465014408276e-09
865,1.7915881155739318e-09
866,1.7919984173247397e-09
867,1.7937969778765208e-09
868,1.7938303276572293e-09
869,1.79389070473169e-09
870,1.7946692525409784e-09
871,1.794147268843589e-09
872,1.7936621757660955e-09
873,1.793776511890382e-09
874,1.7940784324480207e-09
875,1.7939629896248415e-09
876,1.793786802589205e-09
877,1.7936422003486228e-09
878,1.794309725100327e-09
879,1.7939934542446972e-09
880,1.7937776488658999e-09
881,1.7932744461980822e-09
882,1.7930997999843897e-09
883,1.7932865141631575e-09
884,1.7925969642618321e-09
885,1.7916765791557454e-09
886,1.7924964621963135e-09
887,1.791899794455753e-09
888,1.7917255245244867e-09
889,1.7923366063351652e-09
890,1.7920600896064652e-09
891,1.7927893616474712e-09
892,1.792385700402016e-09
893,1.7935601427066667e-09
894,1.7930229415131821e-09
895,1.794175781377409e-09
896,1.794209678923893e-09
897,1.7943934064200412e-09
898,1.7944838928510095e-09
899,1.794585671276368e-09
900,1.7924866766753043e-09
901,1.7922765458226182e-09
902,1.7921899895487121e-09
903,1.7920231308858218e-09
904,1.7927451060274887e-09
905,1.792050701718611e-09
906,1.792234517818221e-09
907,1.791899607606029e-09
908,1.7923738048133483e-09
909,1.7916513665835381e-09
910,1.792198613442045e-09
911,1.7916260589117672e-09
912,1.7922091178534311e-09
913,1.793253844452508e-09
914,1.7928002413223085e-09
915,1.793582517086097e-09
916,1.7935748912388189e-09
917,1.793946401593466e-09
918,1.7934956171046482e-09
919,1.7938282593750838e-09
920,1.793618477324691e-09
921,1.7928689436449628e-09
922,1.7930983839832808e-09
923,1.793027414960143e-09
924,1.7937481071766988e-09
925,1.7943128155635455e-09
926,1.7940963663078764e-09
927,1.7926657578470835e-09
928,1.793424776167054e-09
929,1.7927307108989306e-09
930,1.793133624262168e-09
931,1.7940552723540544e-09
932,1.792822666109254e-09
933,1.792616562300933e-09
934,1.792931778429887e-09
935,1.793742575292224e-09
936,1.7932466759274568e-09
937,1.7934965525606031e-09
938,1.7935655696519056e-09
939,1.794254311486763e-09
940,1.7935511020099066e-09
941,1.7935132343487975e-09
942,1.7935708485454818e-09
943,1.7933532074610626e-09
944,1.7936370564522972e-09
945,1.7932897205867836e-09
946,1.7932322391171775e-09
947,1.7930917036180396e-09
948,1.7929302271036256e-09
949,1.7925798673506917e-09
950,1.7923425694352851e-09
951,1.7928324817972796e-09
952,1.793680779424151e-09
953,1.7935024307830738e-09
954,1.7933824242780035e-09
955,1.7939235375071897e-09
956,1.794074344331149e-09
957,1.7940845282826506e-09
958,1.7942442892885973e-09
959,1.7946693001497486e-09
960,1.7938019426512209e-09
961,1.7926016235374722e-09
962,1.7922419323905467e-09
963,1.7931376038344112e-09
964,1.7916909309317042e-09
965,1.7936122635530467e-09
966,1.7937909806683122e-09
967,1.7949917546828375e-09
968,1.794028638367371e-09
969,1.7944661553735645e-09
970,1.7940319669961148e-09
971,1.7951228435094675e-09
972,1.7927686252901106e-09
973,1.7920621355199198e-09
974,1.792761318014781e-09
975,1.793730081154834e-09
976,1.7951170979800434e-09
977,1.7951702257103715e-09
978,1.795501557896773e-09
979,1.7958080542792932e-09
980,1.795328888675085e-09
981,1.7955313700878772e-09
982,1.7951907099702938e-09
983,1.7952138815968655e-09
984,1.7942234496062214e-09
985,1.7942225731846672e-09
986,1.7937110620476194e-09
987,1.7934723857598222e-09
988,1.7937386067076012e-09
989,1.7941797616728537e-09
990,1.7944506058816379e-09
991,1.7946506983067812e-09
992,1.7939967721825207e-09
993,1.794352511559686e-09
994,1.7940850135088684e-09
995,1.794258349814499e-09
996,1.7933192109164985e-09
997,1.7944322487781648e-09
998,1.7932267199334017e-09
999,1.793281051481142e-09
1000,1.7929341972805023e-09
1001,1.7931673151777841e-09
1002,1.7925932049530834e-09
1003,1.7924163645205857e-09
1004,1.7926837235585534e-09
1005,1.791595766051299e-09
1006,1.7922956063541731e-09
1007,1.7923282866888136e-09
1008,1.792535597255802e-09
1009,1.7921424077874697e-09
1010,1.7934224864494109e-09
1011,1.7922588003708888e-09
1012,1.794528067135755e-09
1013,1.7945395269148085e-09
1014,1.7934584242179829e-09
1015,1.7939681859930695e-09
1016,1.7935337103935958e-09
1017,1.7936284120097855e-09
1018,1.7942927151397743e-09
1019,1.793488575962126e-09
1020,1.7928091062047373e-09
1021,1.792488865433263e-09
1022,1.792310986384348e-09
1023,1.7926573868418387e-09
1024,1.7921454247818934e-09
1025,1.793104954369385e-09
1026,1.7944072460860115e-09
1027,1.7941744391241617e-09
1028,1.792739632433084e-09
1029,1.7928880169469287e-09
1030,1.7920947986131333e-09
1031,1.7929264404187703e-09
1032,1.7926857990152682e-09
1033,1.7921803926593493e-09
1034,1.7929109876740194e-09
1035,1.7937462062197645e-09
1036,1.7937243006011885e-09
1037,1.79404860046666e-09
1038,1.7940352682795387e-09
1039,1.7937093075240003e-09
1040,1.7942470422903776e-09
1041,1.7927204214323315e-09
1042,1.7919032666063779e-09
1043,1.7926556628600363e-09
1044,1.7943061866442411e-09
1045,1.7942973305311093e-09
1046,1.793381102220953e-09
1047,1.793448715574217e-09
1048,1.7934930708035946e-09
1049,1.7937360894995264e-09
1050,1.7934648673045816e-09
1051,1.79281471694862e-09
1052,1.7924345395405158e-09
1053,1.7920211675174308e-09
1054,1.7933820014915736e-09
1055,1.793006180903292e-09
1056,1.7944961292408466e-09
1057,1.7942627131274961e-09
1058,1.7935746257142774e-09
1059,1.7926093071068058e-09
1060,1.7927921624078374e-09
1061,1.7921989282906278e-09
1062,1.7936347136430133e-09
1063,1.7918489630667346e-09
1064,1.7911321332966474e-09
1065,1.7922656525111771e-09
1066,1.7916186365808374e-09
1067,1.7924163363046677e-09
1068,1.792506486638525e-09
1069,1.791699252783978e-09
1070,1.7910298052615099e-09
1071,1.791889951421836e-09
1072,1.792343025853736e-09
1073,1.792421531861119e-09
1074,1.7923003422389785e-09
1075,1.7928747091228744e-09
1076,1.7946083073105724e-09
1077,1.7937462984491313e-09
1078,1.7935447625251976e-09
1079,1.7939734463332434e-09
1080,1.7940396535178495e-09
1081,1.7938788403166683e-09
1082,1.7931711789804573e-09
1083,1.7941786239669493e-09
1084,1.792903118170846e-09
1085,1.7943640673718554e-09
1086,1.7931835450200126e-09
1087,1.7931383314570812e-09
1088,1.7943594529949615e-09
1089,1.7941193861898686e-09
1090,1.7933435652208827e-09
1091,1.7937308979008876e-09
1092,1.7933007977097592e-09
1093,1.7942002110603496e-09
1094,1.7946938099779113e-09
1095,1.7952154133809148e-09
1096,1.7939971601245413e-09
1097,1.793945445450336e-09
1098,1.7954774627277653e-09
1099,1.7948407581320285e-09
1100,1.794947215307388e-09
1101,1.7947943667870942e-09
1102,1.7934231566734998e-09
1103,1.79366615247171e-09
1104,1.792710573181128e-09
1105,1.7928209015453302e-09
1106,1.7937001074452636e-09
1107,1.7940472003191027e-09
1108,1.7938945754546173e-09
1109,1.793283586790299e-09
1110,1.7935805003383114e-09
1111,1.7919490219129166e-09
1112,1.79130674597738e-09
1113,1.7910798525589016e-09
1114,1.7920649556440264e-09
1115,1.7928052041868088e-09
1116,1.793562400095311e-09
1117,1.7936174665492084e-09
1118,1.79342250145005e-09
1119,1.7940847493590865e-09
1120,1.7943262285353726e-09
1121,1.7933782313607202e-09
1122,1.7941781360758325e-09
1123,1.7934190772950659e-09
1124,1.7942799924824547e-09
1125,1.7926381790792453e-09
1126,1.7932356938917005e-09
1127,1.7942066323089759e-09
1128,1.7935279614877475e-09
1129,1.7939434404052032e-09
1130,1.7946270633718996e-09
1131,1.7942088111249712e-09
1132,1.7936695467728288e-09
1133,1.7934054441196385e-09
1134,1.7928801281178689e-09
1135,1.793076267812599e-09
1136,1.7931817960012858e-09
1137,1.7932284173436017e-09
1138,1.793353758263854e-09
1139,1.7926500626871246e-09
1140,1.7926104782975264e-09
1141,1.792708696816193e-09
1142,1.7923266087994186e-09
1143,1.7926946392365145e-09
1144,1.792739415872188e-09
1145,1.7929632844489687e-09
1146,1.7936514420077281e-09
1147,1.7942121238565233e-09
1148,1.7926133586819565e-09
1149,1.7932969071266168e-09
1150,1.7926095412528625e-09
1151,1.7924814647004215e-09
1152,1.7923415533369317e-09
1153,1.7923500941253208e-09
1154,1.793114793713661e-09
1155,1.7928444876196326e-09
1156,1.793629721853158e-09
1157,1.793672871589181e-09
1158,1.7939315616483292e-09
1159,1.794573706896927e-09
1160,1.7940176309956146e-09
1161,1.7942998770888542e-09
1162,1.794062673932014e-09
1163,1.7937703383361621e-09
1164,1.7934356109715495e-09
1165,1.7949190687096188e-09
1166,1.7931438682982938e-09
1167,1.7928418574080374e-09
1168,1.7933217243275926e-09
1169,1.7919583664422307e-09
1170,1.7937821438743922e-09
1171,1.7936825286910537e-09
1172,1.7933557858863873e-09
1173,1.7951648151244533e-09
1174,1.7946442755233496e-09
1175,1.794924351128726e-09
1176,1.793845507205923e-09
1177,1.7948318974695934e-09
1178,1.7949421127163328e-09
1179,1.795454861941154e-09
1180,1.7946044639530635e-09
1181,1.7939875277910858e-09
1182,1.794110756584975e-09
1183,1.7933424732927957e-09
1184,1.7941708454247876e-09
1185,1.7934334927577868e-09
1186,1.7937929767968755e-09
1187,1.7939688059577514e-09
1188,1.7935661148827302e-09
1189,1.7938945261716636e-09
1190,1.7948045460881238e-09
1191,1.7942389338652897e-09
1192,1.7943513226179782e-09
1193,1.7947157392809816e-09
1194,1.7944988790845817e-09
1195,1.7938721712541643e-09
1196,1.7939294666738567e-09
1197,1.795578021061527e-09
1198,1.7932515390136796e-09
1199,1.7935396783699778e-09
1200,1.7931353343649216e-09
1201,1.7937799989239358e-09
1202,1.794471596892357e-09
1203,1.7941501344516086e-09
1204,1.7947968570482607e-09
1205,1.7960160421002164e-09
1206,1.7948903438968965e-09
1207,1.7944717008321448e-09
1208,1.7943815600190478e-09
1209,1.7940472133614043e-09
1210,1.7930940803667072e-09
1211,1.7928319619469157e-09
1212,1.7922081015221968e-09
1213,1.7925567733124478e-09
1214,1.7928214519192415e-09
1215,1.792831639839255e-09
1216,1.7929702699381354e-09
1217,1.7929527618617683e-09
1218,1.7929993283768905e-09
1219,1.7936397421922692e-09
1220,1.7928357295139247e-09
1221,1.7924751968376953e-09
1222,1.7928098131341463e-09
1223,1.7928100672540106e-09
1224,1.7932086968335403e-09
1225,1.7927793995891778e-09
1226,1.7941205076671348e-09
1227,1.7919144458349496e-09
1228,1.793430823536866e-09
1229,1.7934031103133596e-09
1230,1.793184561792223e-09
1231,1.7933597276593195e-09
1232,1.7923072165732209e-09
1233,1.7934082855135117e-09
1234,1.7931529426791441e-09
1235,1.7935169728680788e-09
1236,1.7927210560963537e-09
1237,1.7921896680528917e-09
1238,1.7929644241767342e-09
1239,1.79294453463877e-09
1240,1.793684601957519e-09
1241,1.7937585028443825e-09
1242,1.7949637242130403e-09
1243,1.794205406213378e-09
1244,1.7943921131825484e-09
1245,1.7949102755714141e-09
1246,1.7944948117706643e-09
1247,1.7936076153430138e-09
1248,1.7941154295543468e-09
1249,1.7943993896417019e-09
1250,1.7925978867732953e-09
1251,1.7922683203261962e-09
1252,1.7932302007165012e-09
1253,1.7911198220322735e-09
1254,1.7916711467314246e-09
1255,1.7927277588479823e-09
1256,1.7917907019723688e-09
1257,1.792848887479215e-09
1258,1.7931045659811062e-09
1259,1.7940327110497432e-09
1260,1.7932351836329265e-09
1261,1.7934160743189251e-09
1262,1.7933299238535107e-09
1263,1.794267633474867e-09
1264,1.7935236630467206e-09
1265,1.7933311124233648e-09
1266,1.7932438163176423e-09
1267,1.7933625608531726e-09
1268,1.7946287770444671e-09
1269,1.794647788242038e-09
1270,1.7943491812638912e-09
1271,1.794313688008106e-09
1272,1.793984289702074e-09
1273,1.7945486234686876e-09
1274,1.7939768872362612e-09
1275,1.7927524525697871e-09
1276,1.7927042300930837e-09
1277,1.7954321519099393e-09
1278,1.7929733001511113e-09
1279,1.7936942552500152e-09
1280,1.7929632481719068e-09
1281,1.7931188652851936e-09
1282,1.7925763825438108e-09
1283,1.7934948496334184e-09
1284,1.793873416849123e-09
1285,1.7934433216302692e-09
1286,1.7944793113527753e-09
1287,1.7944382411819992e-09
1288,1.7937251001853497e-09
1289,1.7935836763953059e-09
1290,1.7936074950405489e-09
1291,1.7955803064401158e-09
1292,1.7947178424927217e-09
1293,1.7950730819983453e-09
1294,1.792952317391363e-09
1295,1.7926602879882568e-09
1296,1.7922109991184979e-09
1297,1.7932468258238361e-09
1298,1.793619234367562e-09
1299,1.7931745879225352e-09
1300,1.7921308751544631e-09
1301,1.7925577928803162e-09
1302,1.7926970362585906e-09
1303,1.7929240324058108e-09
1304,1.7935998472114543e-09
1305,1.7927819388060103e-09
1306,1.793709569275983e-09
1307,1.7946167321620337e-09
1308,1.7932935282710814e-09
1309,1.7941758863745358e-09
1310,1.7947035671966866e-09
1311,1.7935538772317528e-09
1312,1.7946396975632773e-09
1313,1.7949473297738182e-09
1314,1.7939912603467793e-09
1315,1.7932689128599142e-09
1316,1.793068022244959e-09
1317,1.7938763307410318e-09
1318,1.7942743459295387e-09
1319,1.7940320776112178e-09
1320,1.7931518781905216e-09
1321,1.7933995308749307e-09
1322,1.7935079835442984e-09
1323,1.79297326171271e-09
1324,1.7927480129552188e-09
1325,1.7921233365922078e-09
1326,1.7925329601148312e-09
1327,1.792621947040977e-09
1328,1.7928208848739523e-09
1329,1.793364898913008e-09
1330,1.7933246832037536e-09
1331,1.7940107180088681e-09
1332,1.792414616216749e-09
1333,1.7934468528490105e-09
1334,1.792309507803734e-09
1335,1.7929845935327727e-09
1336,1.7933489103838614e-09
1337,1.793398486975774e-09
1338,1.794424994761629e-09
1339,1.7946325148552628e-09
1340,1.793413528139028e-09
1341,1.793976531577921e-09
1342,1.792834184071893e-09
1343,1.792904097145195e-09
1344,1.7940022375310258e-09
1345,1.792388848482309e-09
1346,1.792591278401148e-09
1347,1.7913932837392339e-09
1348,1.7906039361981848e-09
1349,1.7905609595505647e-09
1350,1.7918368984392423e-09
1351,1.7913862863358914e-09
1352,1.7920705707383952e-09
1353,1.7919230262285254e-09
1354,1.7935755132322012e-09
1355,1.793089926722699e-09
1356,1.7930446900688337e-09
1357,1.7919543650186977e-09
1358,1.7920670361784072e-09
1359,1.7920753273882491e-09
1360,1.7922798956740453e-09
1361,1.7925291180465462e-09
1362,1.7921936870904409e-09
1363,1.792581045328543e-09
1364,1.7924668202517349e-09
1365,1.7928169854062004e-09
1366,1.793477213299119e-09
1367,1.7927089666254082e-09
1368,1.792363954224409e-09
1369,1.79226302850816e-09
1370,1.7931650046197888e-09
1371,1.7931533793590677e-09
1372,1.7925140983272835e-09
1373,1.7932630963548206e-09
1374,1.7943737193818027e-09
1375,1.7932799500052801e-09
1376,1.7925413427614369e-09
1377,1.7940561255260276e-09
1378,1.794333034577312e-09
1379,1.793434995536872e-09
1380,1.7924728870825126e-09
1381,1.7928203442109015e-09
1382,1.793628522881848e-09
1383,1.7941574698241609e-09
1384,1.7942275322234442e-09
1385,1.7945770055038494e-09
1386,1.7953653529351771e-09
1387,1.7943164465118314e-09
1388,1.7951629031693091e-09
1389,1.7934603461486188e-09
1390,1.7930811678635319e-09
1391,1.7927566938570678e-09
1392,1.7925146561983295e-09
1393,1.793299273862739e-09
1394,1.7941931926109397e-09
1395,1.7944403849914019e-09
1396,1.794181461984332e-09
1397,1.7948361414614136e-09
1398,1.794725223683357e-09
1399,1.7958315918565749e-09
1400,1.7959599733926504e-09
1401,1.7960488089311516e-09
1402,1.795738362392813e-09
1403,1.795421373959121e-09
1404,1.796822938098476e-09
1405,1.7939078532127776e-09
1406,1.7942649695316518e-09
1407,1.7945516669917866e-09
1408,1.7947701071820211e-09
1409,1.7947594671063537e-09
1410,1.795168642652114e-09
1411,1.7953378979939901e-09
1412,1.7946799024684122e-09
1413,1.7947297196925072e-09
1414,1.7943060958870131e-09
1415,1.7945182237528467e-09
1416,1.7939675038274683e-09
1417,1.7952868983112942e-09
1418,1.7946670525030591e-09
1419,1.7954413561589492e-09
1420,1.7940914121764468e-09
1421,1.7953047622625457e-09
1422,1.7949843603832714e-09
1423,1.7953716589224204e-09
1424,1.7956049760173749e-09
1425,1.7947032616217286e-09
1426,1.7956064353142816e-09
1427,1.7949746646849179e-09
1428,1.7957367622966526e-09
1429,1.7956542696343978e-09
1430,1.794709348487144e-09
1431,1.794505608860889e-09
1432,1.7941960655995852e-09
1433,1.7921218896310933e-09
1434,1.7938645043812267e-09
1435,1.7926838443795551e-09
1436,1.792652462614301e-09
1437,1.7926484522871427e-09
1438,1.7939781667090489e-09
1439,1.7924322986492458e-09
1440,1.7919336384501166e-09
1441,1.7926113580559276e-09
1442,1.7926858810976893e-09
1443,1.7931695727051065e-09
1444,1.792656234453544e-09
1445,1.7947558002399833e-09
1446,1.7935355502740425e-09
1447,1.7929836608579115e-09
1448,1.7940408650107252e-09
1449,1.7936746580101907e-09
1450,1.7945744388105782e-09
1451,1.7936220550767125e-09
1452,1.7945298297798224e-09
1453,1.79577243290843e-09
1454,1.7971790573037384e-09
1455,1.7941180104573163e-09
1456,1.7939876250987006e-09
1457,1.7933267723262407e-09
1458,1.7945180365953021e-09
1459,1.7940351703908037e-09
1460,1.794130929754512e-09
1461,1.7938605005378978e-09
1462,1.7951164640032411e-09
1463,1.7943520282590736e-09
1464,1.793398078197981e-09
1465,1.7944629216633297e-09
1466,1.794107288631214e-09
1467,1.7938941731547697e-09
1468,1.7937786613143083e-09
1469,1.7931581246087823e-09
1470,1.791941716099419e-09
1471,1.7933093838732085e-09
1472,1.7932752884289112e-09
1473,1.7934008580544988e-09
1474,1.7933225362868536e-09
1475,1.7934869943555942e-09
1476,1.7949111273827691e-09
1477,1.7945637052269067e-09
1478,1.7935303991708642e-09
1479,1.7937050623889838e-09
1480,1.793472658659711e-09
1481,1.7932757382976138e-09
1482,1.791584217576227e-09
1483,1.7916130662727078e-09
1484,1.7915589631419344e-09
1485,1.7911054537140064e-09
1486,1.7930720832843012e-09
1487,1.7930879525201327e-09
1488,1.79341468678494e-09
1489,1.7944609108190115e-09
1490,1.7947705350537113e-09
1491,1.7953755708847166e-09
1492,1.7937528536414184e-09
1493,1.7957065491582467e-09
1494,1.793406994195279e-09
1495,1.7928986919713303e-09
1496,1.794424248795182e-09
1497,1.7934830602710442e-09
1498,1.7919249039703295e-09
1499,1.7929960939123065e-09
1500,1.7926783866162466e-09
1501,1.792691643128772e-09
1502,1.7939895858266924e-09
1503,1.7928537268251002e-09
1504,1.7930719367294146e-09
1505,1.7928387155765428e-09
1506,1.7928490962252508e-09
1507,1.7930460096500992e-09
1508,1.7934067056563124e-09
1509,1.7933396018091764e-09
1510,1.793481131812863e-09
1511,1.7949667904093868e-09
1512,1.7959772090585671e-09
1513,1.7939386670148023e-09
1514,1.7941163695559423e-09
1515,1.7941268566631796e-09
1516,1.7948122164440013e-09
1517,1.795321768006274e-09
1518,1.7944559843810621e-09
1519,1.7939316358010237e-09
1520,1.7937782479960175e-09
1521,1.7939373423812483e-09
1522,1.7936054318329893e-09
1523,1.7923277962582496e-09
1524,1.792278950847028e-09
1525,1.793361971418302e-09
1526,1.7929764400255423e-09
1527,1.7929680802013372e-09
1528,1.7934591619980905e-09
1529,1.7937479772186836e-09
1530,1.7933752892884094e-09
1531,1.7933768102698744e-09
1532,1.7932903314793583e-09
1533,1.7928954245189067e-09
1534,1.793395792342796e-09
1535,1.7925794390253596e-09
1536,1.7934611150363461e-09
1537,1.7947447489786665e-09
1538,1.7963562964579208e-09
1539,1.793795047104886e-09
1540,1.7930842674959274e-09
1541,1.7930618106919273e-09
1542,1.793116514460238e-09
1543,1.792992597919945e-09
1544,1.7938268495719115e-09
1545,1.7944846282412675e-09
1546,1.7933432142926163e-09
1547,1.7931406931293775e-09
1548,1.7931895904317671e-09
1549,1.7935357756847756e-09
1550,1.7932281556506863e-09
1551,1.7935885575771686e-09
1552,1.793156456477651e-09
1553,1.7924580514535468e-09
1554,1.7930655770181632e-09
1555,1.792457582721101e-09
1556,1.7914101911358347e-09
1557,1.7926847005837727e-09
1558,1.7927416597878397e-09
1559,1.791499083234848e-09
1560,1.7915009249515253e-09
1561,1.7933527434447221e-09
1562,1.790739207048071e-09
1563,1.7915117431492394e-09
1564,1.7906213467495518e-09
1565,1.7913889669496922e-09
1566,1.79146707093851e-09
1567,1.791628208018479e-09
1568,1.7916327711893845e-09
1569,1.79191655995694e-09
1570,1.7910814105710802e-09
1571,1.7932340785364038e-09
1572,1.7925926890692259e-09
1573,1.7927429051803562e-09
1574,1.7935233460528276e-09
1575,1.7932411765066335e-09
1576,1.7934344870655485e-09
1577,1.7941909657816977e-09
1578,1.7927863399908654e-09
1579,1.792807474955174e-09
1580,1.792640489778257e-09
1581,1.7929048488368885e-09
1582,1.7923239422452145e-09
1583,1.7933962018951445e-09
1584,1.7928406427323446e-09
1585,1.7929299758549914e-09
1586,1.793797831166137e-09
1587,1.7933500483279915e-09
1588,1.792995705796543e-09
1589,1.7928278173885452e-09
1590,1.7930499733326772e-09
1591,1.7928012496724158e-09
1592,1.793360314355672e-09
1593,1.7924005250878043e-09
1594,1.7922273328129447e-09
1595,1.7919920082248206e-09
1596,1.7931227789922993e-09
1597,1.7930342466390486e-09
1598,1.7929485153531563e-09
1599,1.792507503629386e-09
1600,1.7936291660589292e-09
1601,1.7933731145336276e-09
1602,1.7958965856237396e-09
1603,1.7963607554208467e-09
1604,1.7952704774621907e-09
1605,1.794612207540337e-09
1606,1.7937255508566067e-09
1607,1.7942531957116321e-09
1608,1.7946237723840148e-09
1609,1.7938985200660223e-09
1610,1.795284898230779e-09
1611,1.7951160226210561e-09
1612,1.7947371916985888e-09
1613,1.7942003556206914e-09
1614,1.7949706487363574e-09
1615,1.7949889002808548e-09
1616,1.795087443839027e-09
1617,1.7949813503916886e-09
1618,1.7967413348008358e-09
1619,1.7953840568749546e-09
1620,1.7939503474296751e-09
1621,1.7953460489807427e-09
1622,1.793441445753335e-09
1623,1.7941831879230961e-09
1624,1.7946205678747927e-09
1625,1.7940177133508101e-09
1626,1.7940305356707017e-09
1627,1.7937662221061669e-09
1628,1.7930852603031785e-09
1629,1.793216356969862e-09
1630,1.7941226616002833e-09
1631,1.7928088882707268e-09
1632,1.7940349493280204e-09
1633,1.793730751868134e-09
1634,1.7929160132787893e-09
1635,1.7936141740009084e-09
1636,1.7934986510110464e-09
1637,1.793833425853074e-09
1638,1.794235366560235e-09
1639,1.793697238116962e-09
1640,1.7933001852164712e-09
1641,1.7943792627053841e-09
1642,1.79427802801926e-09
1643,1.7947719408804109e-09
1644,1.7957238846603498e-09
1645,1.7939072243561652e-09
1646,1.7931926068208644e-09
1647,1.7931269800386237e-09
1648,1.7934095969952894e-09
1649,1.7942670781236445e-09
1650,1.7935224385782754e-09
1651,1.7933628395426282e-09
1652,1.7926895032857229e-09
1653,1.7926725290965207e-09
1654,1.7931479593131669e-09
1655,1.7939326813448432e-09
1656,1.7932497944940355e-09
1657,1.7944838466634446e-09
1658,1.7940462767998094e-09
1659,1.7933300790273814e-09
1660,1.794185571369101e-09
1661,1.7933996893401664e-09
1662,1.7936074327934775e-09
1663,1.7941462807938353e-09
1664,1.793739203232551e-09
1665,1.7928861079355053e-09
1666,1.7946350295673789e-09
1667,1.7934516777118485e-09
1668,1.7931706251065966e-09
1669,1.7934920019006416e-09
1670,1.7921466164437937e-09
1671,1.7923104818604777e-09
1672,1.7918092728127436e-09
1673,1.7931210852973661e-09
1674,1.7934751622700244e-09
1675,1.7919999672362327e-09
1676,1.7921862819501661e-09
1677,1.7928552021775088e-09
1678,1.7923835369863118e-09
1679,1.793427545169916e-09
1680,1.792199341018138e-09
1681,1.7923325582131563e-09
1682,1.7915143671363896e-09
1683,1.7938637354013628e-09
1684,1.7929410452618236e-09
1685,1.7944602096283626e-09
1686,1.79392683206542e-09
1687,1.7940240154575074e-09
1688,1.7940604676296605e-09
1689,1.7936054445462714e-09
1690,1.7927603695485586e-09
1691,1.7936185853706702e-09
1692,1.7930236216766249e-09
1693,1.7935859376851017e-09
1694,1.793688479098979e-09
1695,1.7935335596854342e-09
1696,1.793347677514758e-09
1697,1.7932120877546956e-09
1698,1.7943613336063486e-09
1699,1.7941107977428859e-09
1700,1.7958845631716918e-09
1701,1.7952127940117834e-09
1702,1.7940197734195065e-09
1703,1.7938492120461855e-09
1704,1.794489970800116e-09
1705,1.794399166001971e-09
1706,1.793523338751518e-09
1707,1.7944771425468776e-09
1708,1.794939797156043e-09
1709,1.7941488581443503e-09
1710,1.7933174790456996e-09
1711,1.7932591631701871e-09
1712,1.793304574815459e-09
1713,1.7933385612779532e-09
1714,1.7939665174232215e-09
1715,1.7932313684378536e-09
1716,1.7943230660260654e-09
1717,1.7943000079452783e-09
1718,1.794042265430509e-09
1719,1.7945979391612574e-09
1720,1.7951841212070355e-09
1721,1.7946238583418093e-09
1722,1.7936027531601423e-09
1723,1.79390616867255e-09
1724,1.7951053119129726e-09
1725,1.7957103320278935e-09
1726,1.7943858664567384e-09
1727,1.7962301471814794e-09
1728,1.7934474609587504e-09
1729,1.7935334151824261e-09
1730,1.7924793621645884e-09
1731,1.7923687257042834e-09
1732,1.7931784998574095e-09
1733,1.793254014851398e-09
1734,1.7929181700193444e-09
1735,1.793031056081992e-09
1736,1.7915479818556273e-09
1737,1.7919563133693961e-09
1738,1.7930955452542882e-09
1739,1.7929782681382124e-09
1740,1.7945808224734824e-09
1741,1.7933695852622918e-09
1742,1.7954539536361425e-09
1743,1.7924808400869226e-09
1744,1.792902337252672e-09
1745,1.7938190274236667e-09
1746,1.7936563992933041e-09
1747,1.794935913880762e-09
1748,1.7927959927431278e-09
1749,1.79222627133663e-09
1750,1.7921672803600942e-09
1751,1.7934887485618594e-09
1752,1.7936558819408712e-09
1753,1.7930717064916779e-09
1754,1.7934051719332585e-09
1755,1.7944845876457356e-09
1756,1.7958501011398849e-09
1757,1.7936817959029152e-09
1758,1.792788057538914e-09
1759,1.7943820309788236e-09
1760,1.7942822271666226e-09
1761,1.7936711861445633e-09
1762,1.793419044158415e-09
1763,1.7938021248586599e-09
1764,1.7931849502993715e-09
1765,1.7938751591161672e-09
1766,1.7932870267489866e-09
1767,1.794049073317793e-09
1768,1.794685194910627e-09
1769,1.7938423634821597e-09
1770,1.7963792594835851e-09
1771,1.7937067912423667e-09
1772,1.7965243049384902e-09
1773,1.793739391471118e-09
1774,1.793736347971041e-09
1775,1.7946038848719444e-09
1776,1.7950140549211086e-09
1777,1.7970136939388644e-09
1778,1.7945766473388754e-09
1779,1.7941262355145146e-09
1780,1.7943254134732476e-09
1781,1.7948010306763462e-09
1782,1.7948866378197867e-09
1783,1.7935493448927128e-09
1784,1.794137585234957e-09
1785,1.7944918564740517e-09
1786,1.7951626854004864e-09
1787,1.7954547347313114e-09
1788,1.795785648013348e-09
1789,1.7955328300029554e-09
1790,1.7950061244088806e-09
1791,1.7957395408527865e-09
1792,1.795763777727786e-09
1793,1.7945319214503585e-09
1794,1.7952889563162327e-09
1795,1.7958695877174863e-09
1796,1.796815992903705e-09
1797,1.7958120854705308e-09
1798,1.7959913926801968e-09
1799,1.7952700502367122e-09
1800,1.7955375584350149e-09
1801,1.7943925375336479e-09
1802,1.7941902151594378e-09
1803,1.795157447705795e-09
1804,1.7945609652342548e-09
1805,1.7931426015554295e-09
1806,1.7942044139617678e-09
1807,1.792739101805919e-09
1808,1.794568834242426e-09
1809,1.796017159720207e-09
1810,1.7951185166925234e-09
1811,1.7961001357414708e-09
1812,1.795252289238742e-09
1813,1.7947299191023613e-09
1814,1.794765556666622e-09
1815,1.7936567387779078e-09
1816,1.794421750520053e-09
1817,1.7954421079518283e-09
1818,1.7941042738448275e-09
1819,1.7933943170286417e-09
1820,1.7931733801811892e-09
1821,1.792832948408512e-09
1822,1.7940433833495987e-09
1823,1.793677402481226e-09
1824,1.7930863367384381e-09
1825,1.7921058408422661e-09
1826,1.7924358585237207e-09
1827,1.7938325582723514e-09
1828,1.794332947416817e-09
1829,1.7934639411880163e-09
1830,1.79364293244063e-09
1831,1.795242615293789e-09
1832,1.7937787335194381e-09
1833,1.7957939596225425e-09
1834,1.7943677145354729e-09
1835,1.7938186129793076e-09
1836,1.7957264103755957e-09
1837,1.794235428623084e-09
1838,1.794227724529347e-09
1839,1.7944024743765845e-09
1840,1.7943606425658112e-09
1841,1.794409727530523e-09
1842,1.794128523158645e-09
1843,1.7946737572251124e-09
1844,1.7936879209830019e-09
1845,1.793453666467921e-09
1846,1.7926331939455502e-09
1847,1.7932353795810702e-09
1848,1.7938961961934122e-09
1849,1.7940956293415307e-09
1850,1.794846733541643e-09
1851,1.7940570875271367e-09
1852,1.7935303066205836e-09
1853,1.7936617327831716e-09
1854,1.7943649487850112e-09
1855,1.7955053880479057e-09
1856,1.794981013795781e-09
1857,1.794175270421309e-09
1858,1.7943569087527048e-09
1859,1.794821158429544e-09
1860,1.794911826688162e-09
1861,1.7950533426146911e-09
1862,1.79532533266042e-09
1863,1.7944551876544606e-09
1864,1.7943787806550705e-09
1865,1.794436895492474e-09
1866,1.7940286502090313e-09
1867,1.793570302001338e-09
1868,1.7955284110077674e-09
1869,1.795285576409524e-09
1870,1.7952322976752804e-09
1871,1.7943965808013684e-09
1872,1.793709403135029e-09
1873,1.7939362924861289e-09
1874,1.795236971382286e-09
1875,1.7943944504472638e-09
1876,1.7965334905955817e-09
1877,1.7947163921763761e-09
1878,1.7936336465622701e-09
1879,1.7945892361645745e-09
1880,1.7929912028880124e-09
1881,1.7920953840318846e-09
1882,1.7928849612683316e-09
1883,1.7935001862826847e-09
1884,1.7935683687945005e-09
1885,1.7926080380169602e-09
1886,1.7932086156334677e-09
1887,1.794992242237848e-09
1888,1.7927567599246852e-09
1889,1.7941129849346876e-09
1890,1.7960247131692094e-09
1891,1.7935995337029039e-09
1892,1.794089966341754e-09
1893,1.7934850419213468e-09
1894,1.7931682553332544e-09
1895,1.7933705364870619e-09
1896,1.7957149405243815e-09
1897,1.795318218474659e-09
1898,1.793396496954071e-09
1899,1.7940397531927375e-09
1900,1.792778267679859e-09
1901,1.793134294042532e-09
1902,1.7929524064026861e-09
1903,1.7936894714681126e-09
1904,1.7936854616368706e-09
1905,1.7926880716993884e-09
1906,1.794226788956222e-09
1907,1.7954730371334621e-09
1908,1.7949544424669283e-09
1909,1.7944555741349896e-09
1910,1.7934370773764496e-09
1911,1.7933050856190692e-09
1912,1.7929789176338963e-09
1913,1.7932308708931722e-09
1914,1.7940837219484294e-09
1915,1.7935374808290107e-09
1916,1.793496613757343e-09
1917,1.7976756018357642e-09
1918,1.7943438267253505e-09
1919,1.7920807417506443e-09
1920,1.7929992662872418e-09
1921,1.7915515739806155e-09
1922,1.792566271065022e-09
1923,1.7972030631342983e-09
1924,1.7933558190429592e-09
1925,1.7944428861179776e-09
1926,1.792673057597561e-09
1927,1.7928384538097068e-09
1928,1.7920831579116768e-09
1929,1.791978530805177e-09
1930,1.79747103550436e-09
1931,1.792837581541036e-09
1932,1.7937857634987281e-09
1933,1.7934278378150777e-09
1934,1.7951623920713822e-09
1935,1.7945678783913988e-09
1936,1.795398257151918e-09
1937,1.7970083057144119e-09
1938,1.7961504334162072e-09
1939,1.7964953609250515e-09
1940,1.7952951265363237e-09
1941,1.7974322091526912e-09
1942,1.7961250777911468e-09
1943,1.7978242830380331e-09
1944,1.797496363141499e-09
1945,1.7965279826474074e-09
1946,1.796492943580253e-09
1947,1.7957153792303074e-09
1948,1.796201197321217e-09
1949,1.7964995058280092e-09
1950,1.7945746850133797e-09
1951,1.794209382639304e-09
1952,1.7967972058175763e-09
1953,1.7941508862769561e-09
1954,1.793755572574064e-09
1955,1.7936840416563925e-09
1956,1.7936235806912418e-09
1957,1.7929560404353548e-09
1958,1.79474974986701e-09
1959,1.7943266854672218e-09
1960,1.7956255693234782e-09
1961,1.795759184253677e-09
1962,1.7944194461701018e-09
1963,1.7943928190375336e-09
1964,1.7946215598662255e-09
1965,1.7945810282371311e-09
1966,1.79578122491457e-09
1967,1.7938839299089511e-09
1968,1.791921026413133e-09
1969,1.792587457740379e-09
1970,1.7932710964723707e-09
1971,1.7935209666313816e-09
1972,1.7964915201128552e-09
1973,1.7956112069268743e-09
1974,1.7984146705240192e-09
1975,1.7954116636469653e-09
1976,1.7943103541472798e-09
1977,1.7959675080468647e-09
1978,1.7946824207248613e-09
1979,1.793218074345917e-09
1980,1.794063420769092e-09
1981,1.7933596273469045e-09
1982,1.793547819419378e-09
1983,1.7916353223852635e-09
1984,1.7929761153873258e-09
1985,1.7920725200082152e-09
1986,1.7938011799606703e-09
1987,1.7943066184509432e-09
1988,1.7928721240040984e-09
1989,1.7941393894712646e-09
1990,1.7960796708952113e-09
1991,1.796279099932826e-09
1992,1.7940874010560745e-09
1993,1.7925460978193858e-09
1994,1.7939276591582742e-09
1995,1.7948109944431765e-09
1996,1.7932780670176348e-09
1997,1.7943212248702729e-09
1998,1.793353836496526e-09
1999,1.7931408777347047e-09
2000,1.7933214604816677e-09
2001,1.7938302609938533e-09
2002,1.7951059795768281e-09
2003,1.7939879751367724e-09
2004,1.79394664760247e-09
2005,1.796962586507009e-09
2006,1.7939983940782877e-09
2007,1.794726928972981e-09
2008,1.794015019453772e-09
2009,1.7978407761158167e-09
2010,1.7944985591524225e-09
2011,1.794440366280959e-09
2012,1.7948291626061052e-09
2013,1.7950167211170557e-09
2014,1.7954956189928296e-09
2015,1.7954186959897486e-09
2016,1.7953190622349923e-09
2017,1.7982366665796374e-09
2018,1.7986381483775391e-09
2019,1.794854292612233e-09
2020,1.7936445284767032e-09
2021,1.794525552448577e-09
2022,1.7942333309585535e-09
2023,1.793262012628531e-09
2024,1.7937445630429428e-09
2025,1.7941319335440237e-09
2026,1.7934259659196811e-09
2027,1.7945365636534627e-09
2028,1.7960405923962534e-09
2029,1.7950727690824787e-09
2030,1.7966472902682647e-09
2031,1.794679476267541e-09
2032,1.7942669366279313e-09
2033,1.805625961405712e-09
2034,1.7961024677567944e-09
2035,1.7929966013598641e-09
2036,1.7928532950334164e-09
2037,1.7932323953804934e-09
2038,1.7941999862004855e-09
2039,1.7949848513073056e-09
2040,1.798348411834265e-09
2041,1.7968085114679878e-09
2042,1.801169535008486e-09
2043,1.7975271541823604e-09
2044,1.7961809670818467e-09
2045,1.7933415936032457e-09
2046,1.7996159102387903e-09
2047,1.7984874045836483e-09
2048,1.7956859130094278e-09
2049,1.7931548831430394e-09
2050,1.79389854597223e-09
2051,1.7943966288548235e-09
2052,1.7952954019507632e-09
2053,1.7963212905566458e-09
2054,1.7941028388352675e-09
2055,1.79464502644909e-09
2056,1.795318165046189e-09
2057,1.7955850948695211e-09
2058,1.7950019949413215e-09
2059,1.7949433608765822e-09
2060,1.7933550175216615e-09
2061,1.7935225359028435e-09
2062,1.7943232533428993e-09
2063,1.7939728547303083e-09
2064,1.7938432985034895e-09
2065,1.795710949950497e-09
2066,1.7973033527384298e-09
2067,1.79530983949522e-09
2068,1.7951751548324937e-09
2069,1.794995513572821e-09
2070,1.7951596796954987e-09
2071,1.7937473161024643e-09
2072,1.793894215533062e-09
2073,1.7957621980224774e-09
2074,1.7943818776108349e-09
2075,1.796823075719451e-09
2076,1.7963944687329908e-09
2077,1.79506600576374e-09
2078,1.795372052991873e-09
2079,1.794189676213702e-09
2080,1.7949009579276737e-09
2081,1.7953989469614967e-09
2082,1.7954582413271934e-09
2083,1.7966803949101281e-09
2084,1.7952126547894445e-09
2085,1.794691674637248e-09
2086,1.7970356338908214e-09
2087,1.7954310192793367e-09
2088,1.7943022134326319e-09
2089,1.7944954943632629e-09
2090,1.794922572678629e-09
2091,1.7936899401630654e-09
2092,1.7932571903438447e-09
2093,1.7923888417908535e-09
2094,1.7926997938394634e-09
2095,1.7925923654842994e-09
2096,1.7935395159574678e-09
2097,1.7970079482235862e-09
2098,1.7962825040725041e-09
2099,1.7931986058719589e-09
2100,1.7929707950749217e-09
2101,1.7930884952772406e-09
2102,1.7943156562397082e-09
2103,1.792273091177411e-09
2104,1.7920846678058199e-09
2105,1.7991954750692763e-09
2106,1.7933700069696059e-09
2107,1.7930412690274777e-09
2108,1.793800348951841e-09
2109,1.7930109355522956e-09
2110,1.7932717362240703e-09
2111,1.7932145303902752e-09
2112,1.7929079100470128e-09
2113,1.794962129294025e-09
2114,1.7932727050134054e-09
2115,1.7923831511901224e-09
2116,1.7933350849863375e-09
2117,1.7937973253658377e-09
2118,1.7939451195283925e-09
2119,1.7951501097568172e-09
2120,1.7933998735651926e-09
2121,1.793337487672556e-09
2122,1.7931628080487148e-09
2123,1.792323444045641e-09
2124,1.7937334538127972e-09
2125,1.7941746141937952e-09
2126,1.7946521080906245e-09
2127,1.794589330391782e-09
2128,1.7939460063704551e-09
2129,1.7939527109015033e-09
2130,1.794989286110653e-09
2131,1.793493150989886e-09
2132,1.7927613299873274e-09
2133,1.7924657172845278e-09
2134,1.7925550041695632e-09
2135,1.7941751321192021e-09
2136,1.797960429110944e-09
2137,1.7937477241788733e-09
2138,1.7958478546155534e-09
2139,1.7936443536464325e-09
2140,1.7950052704864542e-09
2141,1.7983188368029455e-09
2142,1.7942514927398702e-09
2143,1.7939783418121957e-09
2144,1.7930340661323035e-09
2145,1.7949936989309567e-09
2146,1.795479044099939e-09
2147,1.7950646130719836e-09
2148,1.7937347338902446e-09
2149,1.79465394363306e-09
2150,1.7948076265696019e-09
2151,1.79529580214557e-09
2152,1.7956780038340547e-09
2153,1.7953129749700474e-09
2154,1.7944847383483284e-09
2155,1.7938128850320493e-09
2156,1.796007049754075e-09
2157,1.7931106985985722e-09
2158,1.796010470335296e-09
2159,1.794870084957151e-09
2160,1.7939189943073025e-09
2161,1.794814722416105e-09
2162,1.7935217327455242e-09
2163,1.7929098015052128e-09
2164,1.7947845343061031e-09
2165,1.7942588536283666e-09
2166,1.7931521387467421e-09
2167,1.7940456849147867e-09
2168,1.794821864128523e-09
2169,1.7962638399556264e-09
2170,1.794686164577512e-09
2171,1.7952752177768862e-09
2172,1.7932367592966332e-09
2173,1.7944774933276481e-09
2174,1.7938091792631617e-09
2175,1.7934868492087401e-09
2176,1.7928130765350138e-09
2177,1.7922558348885483e-09
2178,1.7931723425441021e-09
2179,1.7928723820466068e-09
2180,1.7924975186635076e-09
2181,1.7947922835028282e-09
2182,1.7956257701103743e-09
2183,1.7933161139566801e-09
2184,1.7937299733303744e-09
2185,1.7932678324975964e-09
2186,1.7951973153317556e-09
2187,1.795957469816353e-09
2188,1.7933396114171929e-09
2189,1.7937953301793202e-09
2190,1.7944905737258536e-09
2191,1.7958660494719946e-09
2192,1.796862441826576e-09
2193,1.7936876774504276e-09
2194,1.7935249959573204e-09
2195,1.79363767143648e-09
2196,1.7927955354727487e-09
2197,1.7925749365272057e-09
2198,1.792928771998727e-09
2199,1.7931568940868019e-09
2200,1.7936307676075067e-09
2201,1.7928290156508693e-09
2202,1.7927311518964357e-09
2203,1.7918364041172865e-09
2204,1.7924494368827251e-09
2205,1.7927885751142691e-09
2206,1.7930960637007403e-09
2207,1.7951229360656537e-09
2208,1.7948547031859934e-09
2209,1.7935689468530055e-09
2210,1.7956041637609895e-09
2211,1.793545905925922e-09
2212,1.7936638073045679e-09
2213,1.7938470921140948e-09
2214,1.7935726526783652e-09
2215,1.7940131312638898e-09
2216,1.7925367661113364e-09
2217,1.7932695880224725e-09
2218,1.7920743936182972e-09
2219,1.79163638854707e-09
2220,1.7928901189854995e-09
2221,1.7932492748242307e-09
2222,1.7929643237113681e-09
2223,1.7930418695271957e-09
2224,1.7937242429952315e-09
2225,1.7938428615803377e-09
2226,1.7928710663698644e-09
2227,1.792131748216836e-09
2228,1.7930686296027465e-09
2229,1.7953056892172176e-09
2230,1.7933601034953962e-09
2231,1.792830779616872e-09
2232,1.7962502686928615e-09
2233,1.7945664812119966e-09
2234,1.7929354834451863e-09
2235,1.7969350614586758e-09
2236,1.7930531691275e-09
2237,1.7935897026289602e-09
2238,1.7931854857036171e-09
2239,1.792838654782892e-09
2240,1.7920547137548322e-09
2241,1.7938662796484455e-09
2242,1.7987630298044081e-09
2243,1.7943946439587355e-09
2244,1.792796880734417e-09
2245,1.7928099512491303e-09
2246,1.79294980624094e-09
2247,1.7926898421332538e-09
2248,1.7946764156762223e-09
2249,1.7930185194168436e-09
2250,1.795307419173182e-09
2251,1.796232703427426e-09
2252,1.7948232183021147e-09
2253,1.795531532847533e-09
2254,1.794197591927999e-09
2255,1.7944850689492197e-09
2256,1.7936421297540383e-09
2257,1.793676118639084e-09
2258,1.7944291264679543e-09
2259,1.792784399884669e-09
2260,1.7935176972054509e-09
2261,1.7930348937039337e-09
2262,1.7930855984848817e-09
2263,1.7926544194451029e-09
2264,1.7919234823028586e-09
2265,1.7929219674355349e-09
2266,1.7920501413677498e-09
2267,1.7934821701285046e-09
2268,1.7916837780186074e-09
2269,1.7920273391213863e-09
2270,1.7915660631739667e-09
2271,1.7917211368274123e-09
2272,1.797023219739491e-09
2273,1.7919558216891759e-09
2274,1.792015909946148e-09
2275,1.7928502992889698e-09
2276,1.795106795217825e-09
2277,1.7929525662817288e-09
2278,1.7939708255774436e-09
2279,1.7927120433095526e-09
2280,1.794602659830747e-09
2281,1.7932020470951003e-09
2282,1.7948172960443292e-09
2283,1.7921833746024586e-09
2284,1.7921981329585248e-09
2285,1.7935590402100923e-09
2286,1.7945061818871768e-09
2287,1.793646448881986e-09
2288,1.7959294407286899e-09
2289,1.7939228618422316e-09
2290,1.7938261710875277e-09
2291,1.79260844875582e-09
2292,1.7953605887225887e-09
2293,1.7923761093264452e-09
2294,1.792407856512351e-09
2295,1.7924058839933816e-09
2296,1.7936847366589827e-09
2297,1.791955717345053e-09
2298,1.7929311657349304e-09
2299,1.7921332867129913e-09
2300,1.7938641898542354e-09
2301,1.7933280405888291e-09
2302,1.791967273841887e-09
2303,1.7919917108473412e-09
2304,1.7945059293273856e-09
2305,1.7923791346256184e-09
2306,1.7917079129715587e-09
2307,1.7924257916391089e-09
2308,1.792071951389975e-09
2309,1.7946341894805373e-09
2310,1.7939047569247365e-09
2311,1.797585617152582e-09
2312,1.793958587484085e-09
2313,1.794460190179011e-09
2314,1.8003370737285774e-09
2315,1.7983596585964032e-09
2316,1.795596520953018e-09
2317,1.7943611151555928e-09
2318,1.7928757002828738e-09
2319,1.7941176180993558e-09
2320,1.7947515630498023e-09
2321,1.7944280903227886e-09
2322,1.7959658404517715e-09
2323,1.7937557759545231e-09
2324,1.793295545342653e-09
2325,1.7946386618756173e-09
2326,1.7943254775326897e-09
2327,1.7945504445935594e-09
2328,1.794969454857057e-09
2329,1.7967121784484824e-09
2330,1.7927819347924218e-09
2331,1.7946476933905218e-09
2332,1.7949327052658607e-09
2333,1.7942760604879222e-09
2334,1.7928840189150648e-09
2335,1.79331680468903e-09
2336,1.7954757995928886e-09
2337,1.7947115028057284e-09
2338,1.7938227734896397e-09
2339,1.7934467168729811e-09
2340,1.7938670321536765e-09
2341,1.7968513450032632e-09
2342,1.793959867754465e-09
2343,1.7925000627537581e-09
2344,1.7935186391961918e-09
2345,1.793966106825085e-09
2346,1.7929802266223295e-09
2347,1.7974574876328555e-09
2348,1.798061835705704e-09
2349,1.7932290121039047e-09
2350,1.792725421811293e-09
2351,1.7929910099570712e-09
2352,1.7939251235700307e-09
2353,1.7932108839242754e-09
2354,1.7930230167829654e-09
2355,1.792846563920572e-09
2356,1.795929328422124e-09
2357,1.799718068518e-09
2358,1.794222581885695e-09
2359,1.7940615366676826e-09
2360,1.7927173126460796e-09
2361,1.7984727445619268e-09
2362,1.7941728839746459e-09
2363,1.7937422417219726e-09
2364,1.7973165046022374e-09
2365,1.79362132148432e-09
2366,1.7969826777689368e-09
2367,1.7931425699271586e-09
2368,1.7930691075332277e-09
2369,1.7945434081154195e-09
2370,1.7957954802217244e-09
2371,1.793583020177129e-09
2372,1.7932390157429678e-09
2373,1.7930394847551631e-09
2374,1.793647370553055e-09
2375,1.793743772939187e-09
2376,1.7928142603033671e-09
2377,1.7939420909100524e-09
2378,1.7980017899622956e-09
2379,1.7937697806008087e-09
2380,1.7933585063295317e-09
2381,1.7926873050649602e-09
2382,1.7919568980721596e-09
2383,1.7941515885133797e-09
2384,1.7956584999984942e-09
2385,1.7936612809946833e-09
2386,1.7936943226966862e-09
2387,1.7975542980064103e-09
2388,1.7927669267476398e-09
2389,1.7958502060282897e-09
2390,1.7962145366845107e-09
2391,1.793081073444106e-09
2392,1.7926849983940795e-09
2393,1.7935558928984868e-09
2394,1.7933996454983906e-09
2395,1.7927483050489271e-09
2396,1.7934127196176993e-09
2397,1.7930106605393017e-09
2398,1.7930479134553596e-09
2399,1.7929343655080124e-09
2400,1.790651538074825e-09
2401,1.7923693751027022e-09
2402,1.7923847395153795e-09
2403,1.7922067512940988e-09
2404,1.7942453076439376e-09
2405,1.7956884844336063e-09
2406,1.7953107272815892e-09
2407,1.7944163355088075e-09
2408,1.7952651776467977e-09
2409,1.7957933339924162e-09
2410,1.794217233852318e-09
2411,1.7955533949139445e-09
2412,1.7944178499343486e-09
2413,1.7951721550796042e-09
2414,1.79376903548253e-09
2415,1.7941454533313746e-09
2416,1.7936534212631561e-09
2417,1.7932918999619086e-09
2418,1.7933980621305152e-09
2419,1.7946184072148627e-09
2420,1.7971065114020651e-09
2421,1.7918070365104568e-09
2422,1.7945759969713917e-09
2423,1.7938644397819266e-09
2424,1.7945626577240557e-09
2425,1.7934728039704397e-09
2426,1.7923152214584047e-09
2427,1.791815698874494e-09
2428,1.7929763525343497e-09
2429,1.7924833690507918e-09
2430,1.7947671058502352e-09
2431,1.7978431484486609e-09
2432,1.794020905052783e-09
2433,1.7928208193131844e-09
2434,1.79237935283048e-09
2435,1.7935656347221316e-09
2436,1.7926484294341661e-09
2437,1.7929803687854914e-09
2438,1.791647164359364e-09
2439,1.7923594749811567e-09
2440,1.7924985562278802e-09
2441,1.791285402531979e-09
2442,1.7924203580700194e-09
2443,1.7917144692853338e-09
2444,1.7928536271832632e-09
2445,1.7909136350049822e-09
2446,1.7932966602767188e-09
2447,1.7923798729147295e-09
2448,1.7928000091526801e-09
2449,1.7924607660960249e-09
2450,1.7953186172226017e-09
2451,1.7927512997949322e-09
2452,1.7936265399135801e-09
2453,1.7934874426202312e-09
2454,1.7934396086581316e-09
2455,1.7948205500083911e-09
2456,1.7940110128310135e-09
2457,1.79341400110128e-09
2458,1.7930609745473702e-09
2459,1.7927116138291498e-09
2460,1.7936795441411906e-09
2461,1.7926615408197982e-09
2462,1.7954489601144338e-09
2463,1.7926076999381415e-09
2464,1.7929103381365102e-09
2465,1.7932765679618924e-09
2466,1.794351219817636e-09
2467,1.7931847967288136e-09
2468,1.7927168278107982e-09
2469,1.7937332838935175e-09
2470,1.7933945820764935e-09
2471,1.794205335021612e-09
2472,1.7933113046679151e-09
2473,1.794325753665432e-09
2474,1.7949792201658772e-09
2475,1.7934402799017154e-09
2476,1.7943539943571897e-09
2477,1.7953136054432448e-09
2478,1.7929033370887555e-09
2479,1.7921666596916362e-09
2480,1.7927777975799965e-09
2481,1.793397858558433e-09
2482,1.7937064288976789e-09
2483,1.7938058052645517e-09
2484,1.7947668010796688e-09
2485,1.7940274151385505e-09
2486,1.795329045140573e-09
2487,1.795950775884135e-09
2488,1.7955132921166136e-09
2489,1.7949215582464364e-09
2490,1.7981913914922948e-09
2491,1.7940889257764774e-09
2492,1.7932190841367616e-09
2493,1.7953432554092247e-09
2494,1.7965620421380235e-09
2495,1.7961051522915496e-09
2496,1.7954194676146265e-09
2497,1.7956683786094154e-09
2498,1.7956748976965419e-09
2499,1.795780810382234e-09
2500,1.7984018856099631e-09
2501,1.7968036201990974e-09
2502,1.7976650134230346e-09
2503,1.7967965167132053e-09
2504,1.795602016327175e-09
2505,1.7963872432518055e-09
2506,1.7947215000074149e-09
2507,1.7955379472217604e-09
2508,1.7955784279747754e-09
2509,1.794403555587726e-09
2510,1.7940153798698974e-09
2511,1.7934240167529767e-09
2512,1.7927797640183258e-09
2513,1.792664287009833e-09
2514,1.7924818988680575e-09
2515,1.792590713345112e-09
2516,1.7961542612956736e-09
2517,1.7933628077969695e-09
2518,1.7935890868734584e-09
2519,1.800030542023712e-09
2520,1.793191961470818e-09
2521,1.7920028062665355e-09
2522,1.7923115542993083e-09
2523,1.7942901877743372e-09
2524,1.7914510676681068e-09
2525,1.7940781595379592e-09
2526,1.7925225903123408e-09
2527,1.7933250031382539e-09
2528,1.7929674310163825e-09
2529,1.794674140668684e-09
2530,1.7934900996685671e-09
2531,1.7921455178117253e-09
2532,1.7928484180853117e-09
2533,1.7937307759762297e-09
2534,1.794446762342519e-09
2535,1.7942920392069129e-09
2536,1.7964377786440013e-09
2537,1.793834668903608e-09
2538,1.7939677388138571e-09
2539,1.7935505464645507e-09
2540,1.7930107021011318e-09
2541,1.795344029888394e-09
2542,1.7948061651250514e-09
2543,1.796827703916516e-09
2544,1.7987881214206238e-09
2545,1.7947544330014237e-09
2546,1.7972388969389668e-09
2547,1.7948961674180864e-09
2548,1.798082492478545e-09
2549,1.7941127108643762e-09
2550,1.7934913033455208e-09
2551,1.793454306503904e-09
2552,1.7969701570858046e-09
2553,1.798693161252752e-09
2554,1.7956593348506784e-09
2555,1.792926593030926e-09
2556,1.7957430303391024e-09
2557,1.7936496723231846e-09
2558,1.7964155208768135e-09
2559,1.7932963521251048e-09
2560,1.7941504736441281e-09
2561,1.7943222520856072e-09
2562,1.793721404662916e-09
2563,1.7941628939389873e-09
2564,1.7937589558796055e-09
2565,1.7926804970562381e-09
2566,1.7939955663298918e-09
2567,1.794772959109678e-09
2568,1.794322657530513e-09
2569,1.7927396966808971e-09
2570,1.7918697966360158e-09
2571,1.7922753931864648e-09
2572,1.7956483838008684e-09
2573,1.7914594249893674e-09
2574,1.7922575822951428e-09
2575,1.7916680432438482e-09
2576,1.7929300149082424e-09
2577,1.7941822795140834e-09
2578,1.795463353140341e-09
2579,1.794482550526951e-09
2580,1.7944466291114292e-09
2581,1.794111627529904e-09
2582,1.7930202744061641e-09
2583,1.7919628805006437e-09
2584,1.7924867346693665e-09
2585,1.7914083880008955e-09
2586,1.7923809337602925e-09
2587,1.7912688355439108e-09
2588,1.7921613756719256e-09
2589,1.793143037158272e-09
2590,1.7930951918400521e-09
2591,1.7942264907899215e-09
2592,1.7958145123702038e-09
2593,1.7934314426157735e-09
2594,1.79515533970055e-09
2595,1.7975802216179544e-09
2596,1.7976354855359382e-09
2597,1.7977234410328753e-09
2598,1.7961870044358316e-09
2599,1.7982510331308283e-09
2600,1.7964326456157852e-09
2601,1.796022619544877e-09
2602,1.7965934439799238e-09
2603,1.795547167172905e-09
2604,1.7941983168540332e-09
2605,1.7946048394005447e-09
2606,1.7952116790395272e-09
2607,1.7933604914630538e-09
2608,1.7940411508008687e-09
2609,1.800014646785071e-09
2610,1.7953996349142844e-09
2611,1.795592851867214e-09
2612,1.7957215248554553e-09
2613,1.7977175503212775e-09
2614,1.79680775792918e-09
2615,1.7952991489894325e-09
2616,1.7959314650882124e-09
2617,1.7981921715787626e-09
2618,1.7954421131792392e-09
2619,1.7957326253624788e-09
2620,1.7985620482644157e-09
2621,1.795935990628342e-09
2622,1.7942979653809283e-09
2623,1.7991265405023138e-09
2624,1.7981053755578875e-09
2625,1.7960150561095517e-09
2626,1.793739203974758e-09
2627,1.7933688558359048e-09
2628,1.7934061040246753e-09
2629,1.8007864155445557e-09
2630,1.7943012708882974e-09
2631,1.793604045075607e-09
2632,1.794258933364084e-09
2633,1.7959958568500507e-09
2634,1.7965754434575967e-09
2635,1.7941819998229318e-09
2636,1.7941578638874893e-09
2637,1.7938461269379404e-09
2638,1.7945823637065202e-09
2639,1.7941999482008398e-09
2640,1.7934699681408664e-09
2641,1.7956473844793164e-09
2642,1.7946973097675244e-09
2643,1.7947110591438706e-09
2644,1.794855349142493e-09
2645,1.7949296869283498e-09
2646,1.794063236304759e-09
2647,1.7924923527359685e-09
2648,1.7914784903703596e-09
2649,1.793123503563286e-09
2650,1.79495023308885e-09
2651,1.7940885912443738e-09
2652,1.7936181388179019e-09
2653,1.7933102535159543e-09
2654,1.793335678794129e-09
2655,1.7954246255755357e-09
2656,1.8029373879071087e-09
2657,1.7920436033366812e-09
2658,1.7926688802512513e-09
2659,1.791591234867855e-09
2660,1.7974051834802937e-09
2661,1.7979631854100645e-09
2662,1.7946230169335887e-09
2663,1.7956955265309868e-09
2664,1.792779395043581e-09
2665,1.7971074199457046e-09
2666,1.8007869558810893e-09
2667,1.7974047561391764e-09
2668,1.7956270976861163e-09
2669,1.7956738781468218e-09
2670,1.7938861936742328e-09
2671,1.7955178352466191e-09
2672,1.794580763355016e-09
2673,1.7956354746417737e-09
2674,1.797039232309524e-09
2675,1.7943780010385515e-09
2676,1.7966570139826954e-09
2677,1.7923265528868304e-09
2678,1.7949229673602731e-09
2679,1.7946336348601056e-09
2680,1.7989766852051329e-09
2681,1.7932739212554063e-09
2682,1.7940024521125719e-09
2683,1.794003337516835e-09
2684,1.7932159783252885e-09
2685,1.7949501816647058e-09
2686,1.797501325007798e-09
2687,1.794376148063359e-09
2688,1.7934653334985235e-09
2689,1.797171612732456e-09
2690,1.792409017807907e-09
2691,1.7920571680157733e-09
2692,1.7924647003370725e-09
2693,1.7940184657496472e-09
2694,1.7932050230734555e-09
2695,1.793242344186295e-09
2696,1.7934163343878153e-09
2697,1.7945634821459981e-09
2698,1.7931644059707727e-09
2699,1.792330282743737e-09
2700,1.7936686018241612e-09
2701,1.8005937153217836e-09
2702,1.7959087167606335e-09
2703,1.79854857717172e-09
2704,1.7954078090656417e-09
2705,1.7951475108578856e-09
2706,1.7982941960953966e-09
2707,1.7988882010425367e-09
2708,1.7950380681354035e-09
2709,1.7935931174423936e-09
2710,1.7944233133012695e-09
2711,1.7958555944084432e-09
2712,1.7945601410829863e-09
2713,1.7950141200506097e-09
2714,1.7935541478830212e-09
2715,1.7939515129665552e-09
2716,1.794955460228226e-09
2717,1.7936394397398753e-09
2718,1.795274874774512e-09
2719,1.7942903979406273e-09
2720,1.7951510489096226e-09
2721,1.7926307670355395e-09
2722,1.79380539190761e-09
2723,1.7945661712549484e-09
2724,1.794189816728489e-09
2725,1.7942346635635729e-09
2726,1.7967744633106808e-09
2727,1.793922575123963e-09
2728,1.7968154757746687e-09
2729,1.79266513944562e-09
2730,1.7918356392466315e-09
2731,1.795278646278182e-09
2732,1.7954662922448247e-09
2733,1.793929450742869e-09
2734,1.7936801627571812e-09
2735,1.7932146441224252e-09
2736,1.793261741609652e-09
2737,1.8007394368176785e-09
2738,1.7943827913140051e-09
2739,1.7939617656838929e-09
2740,1.7954561152449363e-09
2741,1.794971063348402e-09
2742,1.7947363522267473e-09
2743,1.7943661468431393e-09
2744,1.795345012692184e-09
2745,1.7928830420500646e-09
2746,1.7939711381384727e-09
2747,1.7943678065233488e-09
2748,1.7952894456939311e-09
2749,1.7941637599292483e-09
2750,1.7963533537664498e-09
2751,1.7934866340251939e-09
2752,1.7944642731539779e-09
2753,1.7955113540011472e-09
2754,1.7936144656283238e-09
2755,1.794817384653399e-09
2756,1.7929853462506585e-09
2757,1.7931845237288724e-09
2758,1.7935238836322338e-09
2759,1.7940418143042477e-09
2760,1.7967117612785196e-09
2761,1.7974502185704166e-09
2762,1.7941956480343952e-09
2763,1.7943771788021943e-09
2764,1.7935382501633062e-09
2765,1.7934732008538212e-09
2766,1.793924775774684e-09
2767,1.7928256224031431e-09
2768,1.7971745716266813e-09
2769,1.7940508686176738e-09
2770,1.792590621303917e-09
2771,1.7960291217666713e-09
2772,1.7927659025251303e-09
2773,1.792735262851561e-09
2774,1.7948030135446958e-09
2775,1.7929582741801354e-09
2776,1.7935643073483145e-09
2777,1.7937266753580864e-09
2778,1.7941471814297686e-09
2779,1.7935278114057245e-09
2780,1.793706916846014e-09
2781,1.7948249884344264e-09
2782,1.8007032532011226e-09
2783,1.7945076089434922e-09
2784,1.7950956782140618e-09
2785,1.796186059061156e-09
2786,1.7959909396363153e-09
2787,1.7973782942873638e-09
2788,1.795329860992186e-09
2789,1.7935768432484467e-09
2790,1.793402833334016e-09
2791,1.7950528170778843e-09
2792,1.7934154229584763e-09
2793,1.7933329411901985e-09
2794,1.8013702071582357e-09
2795,1.7917125413003008e-09
2796,1.7926820533850949e-09
2797,1.7921499220297498e-09
2798,1.7962493493167783e-09
2799,1.7925494513704261e-09
2800,1.7950802119396458e-09
2801,1.7919534903030807e-09
2802,1.7943441787276986e-09
2803,1.7936539879630126e-09
2804,1.7947665445168198e-09
2805,1.7933725420197992e-09
2806,1.7946172974243264e-09
2807,1.7938680106680163e-09
2808,1.7940286491568863e-09
2809,1.793292865824233e-09
2810,1.7947223187550384e-09
2811,1.7937508651001753e-09
2812,1.793560165869969e-09
2813,1.7978230292876159e-09
2814,1.7941599934557866e-09
2815,1.7948114099438973e-09
2816,1.7970220569335219e-09
2817,1.7942699880104338e-09
2818,1.7948025200406107e-09
2819,1.7947182432691907e-09
2820,1.794791226933424e-09
2821,1.7957715971781864e-09
2822,1.798832993411587e-09
2823,1.7944641957788993e-09
2824,1.7939181742039489e-09
2825,1.7932394815939968e-09
2826,1.792584768352348e-09
2827,1.7934586470304089e-09
2828,1.7970938521623964e-09
2829,1.7959552319533882e-09
2830,1.7960334084378493e-09
2831,1.794873964897229e-09
2832,1.7943055535359798e-09
2833,1.7941410159157459e-09
2834,1.8004871638032526e-09
2835,1.7934424858886527e-09
2836,1.7937103290624615e-09
2837,1.7954682311047247e-09
2838,1.7977106048424894e-09
2839,1.7955381840026994e-09
2840,1.7946918918094643e-09
2841,1.7963615668939717e-09
2842,1.7993716854014937e-09
2843,1.7973696686866944e-09
2844,1.7963014984290742e-09
2845,1.7970355230646007e-09
2846,1.7942443550656373e-09
2847,1.7959132597268357e-09
2848,1.7961912072574103e-09
2849,1.7964038304655404e-09
2850,1.7928119461046224e-09
2851,1.7925807895585217e-09
2852,1.7942559482236215e-09
2853,1.7927420202198738e-09
2854,1.79211257527019e-09
2855,1.8006786570196286e-09
2856,1.795370908391604e-09
2857,1.7927698043958414e-09
2858,1.7966687909392892e-09
2859,1.7956894904693235e-09
2860,1.7940637680500364e-09
2861,1.7946057087576494e-09
2862,1.7940433259582864e-09
2863,1.791576234005715e-09
2864,1.7953751588210151e-09
2865,1.7916980473338126e-09
2866,1.7924706983724365e-09
2867,1.7931520254043887e-09
2868,1.7941185975544086e-09
2869,1.7954437909285562e-09
2870,1.7945304118897793e-09
2871,1.7956856155891818e-09
2872,1.7950279477777778e-09
2873,1.7974296013394243e-09
2874,1.7940336996444738e-09
2875,1.7950383223177787e-09
2876,1.7941645200526761e-09
2877,1.7938428909099962e-09
2878,1.7988254374344198e-09
2879,1.7954244932089708e-09
2880,1.7991359955949663e-09
2881,1.799874957010438e-09
2882,1.7942088430614663e-09
2883,1.7992837138447043e-09
2884,1.7937059447649246e-09
2885,1.7947185639077927e-09
2886,1.794064888151169e-09
2887,1.7926180937285176e-09
2888,1.7945630987117098e-09
2889,1.800626751894185e-09
2890,1.7953541434807248e-09
2891,1.793425305402805e-09
2892,1.7943964927750996e-09
2893,1.7945237678802632e-09
2894,1.7963336887082477e-09
2895,1.7989080149367766e-09
2896,1.7941848861158888e-09
2897,1.7943151954299663e-09
2898,1.7943553277524898e-09
2899,1.7937795354965618e-09
2900,1.7960925568683192e-09
2901,1.7980850875046957e-09
2902,1.7932641452819665e-09
2903,1.796521024492619e-09
2904,1.7963967500994097e-09
2905,1.7984626274257733e-09
2906,1.7965768547847254e-09
2907,1.79475605495752e-09
2908,1.7950163262719043e-09
2909,1.793692666434142e-09
2910,1.794604451493399e-09
2911,1.7929538623969921e-09
2912,1.7943158196291742e-09
2913,1.796591310148374e-09
2914,1.7941368843570278e-09
2915,1.7935366973323406e-09
2916,1.7952256242089244e-09
2917,1.8003461034341417e-09
2918,1.794035166309053e-09
2919,1.8002660572207497e-09
2920,1.794418983136241e-09
2921,1.7960315239417115e-09
2922,1.8012574956767203e-09
2923,1.794416355996961e-09
2924,1.795586787419955e-09
2925,1.7940849876864172e-09
2926,1.7950698133524975e-09
2927,1.7940634461022197e-09
2928,1.7949282891727947e-09
2929,1.798413276388718e-09
2930,1.7955714169969768e-09
2931,1.7947372965127392e-09
2932,1.7956566523606777e-09
2933,1.7931944945843342e-09
2934,1.7940931284540553e-09
2935,1.7933901952954295e-09
2936,1.7949349343136319e-09
2937,1.792224077835018e-09
2938,1.7928744146404769e-09
2939,1.7938007483425083e-09
2940,1.7934651052558104e-09
2941,1.7940833370287772e-09
2942,1.7919706227927185e-09
2943,1.793660756907192e-09
2944,1.7982063194947567e-09
2945,1.7934726755287546e-09
2946,1.7942388682073647e-09
2947,1.7927514133370033e-09
2948,1.7938546757060818e-09
2949,1.7967612681427498e-09
2950,1.7929195284861807e-09
2951,1.7925731182063817e-09
2952,1.7927249878903487e-09
2953,1.7966194410574074e-09
2954,1.7936184383676024e-09
2955,1.7960299538990058e-09
2956,1.793514074667998e-09
2957,1.7998535765004385e-09
2958,1.7961842528391047e-09
2959,1.7946545207997692e-09
2960,1.7953593454499697e-09
2961,1.7930660202641884e-09
2962,1.7929205387279796e-09
2963,1.7930443992560912e-09
2964,1.7946512350191716e-09
2965,1.7926578430108605e-09
2966,1.7958214994147656e-09
2967,1.793615517689404e-09
2968,1.7941901914334041e-09
2969,1.7929388574795425e-09
2970,1.7920299750127275e-09
2971,1.7931238889144657e-09
2972,1.7932264997626425e-09
2973,1.796125653870586e-09
2974,1.7940854328849734e-09
2975,1.7963466912015254e-09
2976,1.7960322130583359e-09
2977,1.7938226682118978e-09
2978,1.7929667955843586e-09
2979,1.794837391022643e-09
2980,1.7924883473228589e-09
2981,1.7955076010520848e-09
2982,1.7935439538924338e-09
2983,1.7950807920707534e-09
2984,1.7923274750866672e-09
2985,1.792672825733946e-09
2986,1.7940880831381178e-09
2987,1.7933521959543582e-09
2988,1.7964655518077949e-09
2989,1.7936880295061113e-09
2990,1.793321796938345e-09
2991,1.7956943840059163e-09
2992,1.7984561111145453e-09
2993,1.7979100755827668e-09
2994,1.7950700122631913e-09
2995,1.7940098525101342e-09
2996,1.7938322762131029e-09
2997,1.79451271615645e-09
2998,1.7924068196832735e-09
2999,1.7924710270479024e-09
3000,1.7931814873728752e-09
3001,1.793490159549918e-09
3002,1.7959514419190166e-09
3003,1.795479161971107e-09
3004,1.7939310323472698e-09
3005,1.7956615454130832e-09
3006,1.7954049104611528e-09
3007,1.7955397987930204e-09
3008,1.7950037499999217e-09
3009,1.7926492836461918e-09
3010,1.795873150460252e-09
3011,1.7933440708625592e-09
3012,1.793364652398766e-09
3013,1.792234680352645e-09
3014,1.7925550204113613e-09
3015,1.7916978318775837e-09
3016,1.7939725308714032e-09
3017,1.7924883782720326e-09
3018,1.7937426466944968e-09
3019,1.7931464684143342e-09
3020,1.7931950366755028e-09
3021,1.7951442151802502e-09
3022,1.7922353645332093e-09
3023,1.7926757343514397e-09
3024,1.7926759187057079e-09
3025,1.797723304749401e-09
3026,1.794463983977353e-09
3027,1.795446761363372e-09
3028,1.7934267009261071e-09
3029,1.7948329114250666e-09
3030,1.793927401686033e-09
3031,1.7935788493073386e-09
3032,1.793825508084433e-09
3033,1.7931062311163979e-09
3034,1.7950966999329185e-09
3035,1.7940813412133712e-09
3036,1.795711272511935e-09
3037,1.7983659603879364e-09
3038,1.796337738734496e-09
3039,1.7943263561815193e-09
3040,1.7934605141841239e-09
3041,1.7947103319993687e-09
3042,1.7934116422529418e-09
3043,1.7919673900042243e-09
3044,1.792599141483971e-09
3045,1.792600368840084e-09
3046,1.7947389123557728e-09
3047,1.791584349991397e-09
3048,1.7936421871682725e-09
3049,1.7954821139244699e-09
3050,1.7935007141720772e-09
3051,1.7927463134884466e-09
3052,1.7923442986323797e-09
3053,1.792939629583984e-09
3054,1.791931738549092e-09
3055,1.7934520345711657e-09
3056,1.7933827864903433e-09
3057,1.7931938769955117e-09
3058,1.7929123545857114e-09
3059,1.79510364805623e-09
3060,1.7934006243264699e-09
3061,1.7972161320622924e-09
3062,1.7941238855863687e-09
3063,1.7941155540863715e-09
3064,1.7983878737598472e-09
3065,1.7974884106865925e-09
3066,1.7945598971492716e-09
3067,1.7943297145615637e-09
3068,1.7936538562621442e-09
3069,1.7949629295359113e-09
3070,1.7971838413593147e-09
3071,1.794715824987529e-09
3072,1.7948918243134835e-09
3073,1.7940442948003769e-09
3074,1.793984912828984e-09
3075,1.79399989038204e-09
3076,1.7963706145158806e-09
3077,1.794640643986282e-09
3078,1.7950411140760828e-09
3079,1.7934281721855992e-09
3080,1.792940842876739e-09
3081,1.7999594575426145e-09
3082,1.7942932461669867e-09
3083,1.7939193101337762e-09
3084,1.7961748648094282e-09
3085,1.7930821479625853e-09
3086,1.7922669421140566e-09
3087,1.7931729684061052e-09
3088,1.7930552174621663e-09
3089,1.7931678695557585e-09
3090,1.7939215517596469e-09
3091,1.795625397070307e-09
3092,1.7950868099814564e-09
3093,1.795786320532765e-09
3094,1.79613039431483e-09
3095,1.7993402161764894e-09
3096,1.794473622401001e-09
3097,1.7982404667250305e-09
3098,1.7964907464808187e-09
3099,1.7962956583123162e-09
3100,1.7942386965444718e-09
3101,1.7939270757270201e-09
3102,1.7948156808992163e-09
3103,1.7930177274000955e-09
3104,1.792709217947086e-09
3105,1.7944210999050777e-09
3106,1.7933875738929449e-09
3107,1.7922292130006534e-09
3108,1.7922709478976882e-09
3109,1.7924856300825763e-09
3110,1.7954414292728378e-09
3111,1.793950189920252e-09
3112,1.791346415025001e-09
3113,1.7914253315520123e-09
3114,1.7998582364985906e-09
3115,1.7946988627127106e-09
3116,1.7929474670011005e-09
3117,1.7923037736254288e-09
3118,1.7928614324956698e-09
3119,1.7955429360111374e-09
3120,1.792987733792194e-09
3121,1.7965390118761559e-09
3122,1.793915493854182e-09
3123,1.7936908666387278e-09
3124,1.7943536029466335e-09
3125,1.795243829912519e-09
3126,1.7938131440715537e-09
3127,1.7932150426181825e-09
3128,1.7937930876437433e-09
3129,1.793286854197835e-09
3130,1.794771654096185e-09
3131,1.7942047040705716e-09
3132,1.7947427744896651e-09
3133,1.796956066880271e-09
3134,1.7932260892489756e-09
3135,1.7943176713559821e-09
3136,1.79357283253873e-09
3137,1.7946044147837728e-09
3138,1.7969379285675714e-09
3139,1.7957534787260636e-09
3140,1.7942624788373446e-09
3141,1.7954363611754655e-09
3142,1.7931817039912206e-09
3143,1.7967024120271777e-09
3144,1.7935945620867187e-09
3145,1.7974268985094556e-09
3146,1.7945189820682474e-09
3147,1.7969759084517064e-09
3148,1.7965015965141832e-09
3149,1.7937258912754859e-09
3150,1.7969151062176604e-09
3151,1.8001233366002204e-09
3152,1.7943006745306498e-09
3153,1.795435574058235e-09
3154,1.7954362878448864e-09
3155,1.7951319590592996e-09
3156,1.7972489862969209e-09
3157,1.7947855636580305e-09
3158,1.795443259740853e-09
3159,1.794010251754851e-09
3160,1.7957265827531652e-09
3161,1.7937906726749068e-09
3162,1.7956713481895608e-09
3163,1.7954028459101077e-09
3164,1.79437596866541e-09
3165,1.7961437649232437e-09
3166,1.7944146980727941e-09
3167,1.796571677271773e-09
3168,1.793907094264471e-09
3169,1.8010530983777612e-09
3170,1.794427371264109e-09
3171,1.7927079514075585e-09
3172,1.7949253256215725e-09
3173,1.7939986561620255e-09
3174,1.7945398988866348e-09
3175,1.7987512975776229e-09
3176,1.7938874370283818e-09
3177,1.7945002139125974e-09
3178,1.7967615379527974e-09
3179,1.7931978300987602e-09
3180,1.7924162712350034e-09
3181,1.7913907516281561e-09
3182,1.7923117389772452e-09
3183,1.7917100235729964e-09
3184,1.792918858258846e-09
3185,1.792597341489954e-09
3186,1.7947564356953392e-09
3187,1.803074742089951e-09
3188,1.7946343844984897e-09
3189,1.8010170220584923e-09
3190,1.7952313364560514e-09
3191,1.7988790051738021e-09
3192,1.7940439207236255e-09
3193,1.7943150060118061e-09
3194,1.7940723200362003e-09
3195,1.7964161656563143e-09
3196,1.7949222541874562e-09
3197,1.7974144384058255e-09
3198,1.7948708342447588e-09
3199,1.794858812805017e-09
3200,1.7944941740588171e-09
3201,1.7949270723880432e-09
3202,1.7951456098695996e-09
3203,1.8004478395040901e-09
3204,1.7943697106611889e-09
3205,1.7947555982685939e-09
3206,1.7937326818128502e-09
3207,1.7937182005895688e-09
3208,1.7931431267210597e-09
3209,1.7981479768424143e-09
3210,1.798667207763032e-09
3211,1.7956770137316854e-09
3212,1.795942693842691e-09
3213,1.7939801863155319e-09
3214,1.7946636851965326e-09
3215,1.7925631404208695e-09
3216,1.7957722016379233e-09
3217,1.7988373916839273e-09
3218,1.7921085067030966e-09
3219,1.792862758395545e-09
3220,1.7922704561398852e-09
3221,1.7930559167824745e-09
3222,1.7991238592091137e-09
3223,1.7926934707644192e-09
3224,1.793096402022179e-09
3225,1.7936399687732418e-09
3226,1.7926484191950807e-09
3227,1.7930030845385797e-09
3228,1.7938276254052687e-09
3229,1.7948590969726462e-09
3230,1.7960755976379559e-09
3231,1.7931208685354032e-09
3232,1.7964756736042486e-09
3233,1.8016559162008982e-09
3234,1.7950288451721438e-09
3235,1.7931730819238012e-09
3236,1.793036632277394e-09
3237,1.794347639905341e-09
3238,1.7946554531168367e-09
3239,1.7922614788416993e-09
3240,1.7917125400622252e-09
3241,1.7996724178723395e-09
3242,1.8024227304674967e-09
3243,1.7931284014136224e-09
3244,1.7940225532779784e-09
3245,1.7983183557187183e-09
3246,1.798188905365085e-09
3247,1.7948507883284293e-09
3248,1.7947358366811332e-09
3249,1.7941484246323e-09
3250,1.79337858594373e-09
3251,1.8023506077637062e-09
3252,1.7996969660169819e-09
3253,1.7960155467722856e-09
3254,1.7942543854940217e-09
3255,1.7976186950731109e-09
3256,1.794215337780308e-09
3257,1.7973357894081037e-09
3258,1.79851303070069e-09
3259,1.7937294817360665e-09
3260,1.7932315591084111e-09
3261,1.7961969568935976e-09
3262,1.7948568316708582e-09
3263,1.8026582813144672e-09
3264,1.7949177886002188e-09
3265,1.7939909035899382e-09
3266,1.7980040235446061e-09
3267,1.7929367125195188e-09
3268,1.7935923273892906e-09
3269,1.794954056673829e-09
3270,1.7947714292876082e-09
3271,1.7922722577121595e-09
3272,1.792299223132995e-09
3273,1.8011442340448177e-09
3274,1.7930889350722794e-09
3275,1.793462153908642e-09
3276,1.7945199405340457e-09
3277,1.7946493407400675e-09
3278,1.7929702353758928e-09
3279,1.793303210044414e-09
3280,1.8002837174746636e-09
3281,1.7975338259931793e-09
3282,1.7939001299848501e-09
3283,1.794199275207243e-09
3284,1.7944819800269768e-09
3285,1.800802901164871e-09
3286,1.7978779390714601e-09
3287,1.7964835810309032e-09
3288,1.7977828306508908e-09
3289,1.7932269655821423e-09
3290,1.7957217333552432e-09
3291,1.7948123928016436e-09
3292,1.7929862695063355e-09
3293,1.7952245144842575e-09
3294,1.793852769281457e-09
3295,1.7920991017437438e-09
3296,1.7915627180341187e-09
3297,1.7919993099066664e-09
3298,1.792346850541353e-09
3299,1.7949241980006194e-09
3300,1.7927526653255535e-09
3301,1.7922946921576552e-09
3302,1.793796063375748e-09
3303,1.7980701750298646e-09
3304,1.7923432864530338e-09
3305,1.7922850818540393e-09
3306,1.7915097923738399e-09
3307,1.7919015734495691e-09
3308,1.7937797471932969e-09
3309,1.7933287113647069e-09
3310,1.793416144856833e-09
3311,1.792960326037455e-09
3312,1.7939300590822633e-09
3313,1.79306248389383e-09
3314,1.7931076000675549e-09
3315,1.794989579347282e-09
3316,1.793051665787424e-09
3317,1.7936950790962679e-09
3318,1.791931264396773e-09
3319,1.7921083842432996e-09
3320,1.7932953447591952e-09
3321,1.7949693177509848e-09
3322,1.7991674997932267e-09
3323,1.7953208988105102e-09
3324,1.7935880837807458e-09
3325,1.794496896790426e-09
3326,1.7993456780427343e-09
3327,1.7932228045596185e-09
3328,1.793751511569828e-09
3329,1.7966089747539185e-09
3330,1.79515706167151e-09
3331,1.7989332063159602e-09
3332,1.7947605008666562e-09
3333,1.801021597370324e-09
3334,1.8000674659556895e-09
3335,1.7946018787638208e-09
3336,1.7937857680996552e-09
3337,1.7962021865366346e-09
3338,1.7986343958576e-09
3339,1.8123764757707928e-09
3340,1.7966842490078487e-09
3341,1.7944661680954555e-09
3342,1.7968851875184045e-09
3343,1.798410679195481e-09
3344,1.796844258831146e-09
3345,1.8018478820777038e-09
3346,1.7957903043207694e-09
3347,1.798605260882404e-09
3348,1.7946379266355485e-09
3349,1.7946682985601741e-09
3350,1.795321736363128e-09
3351,1.7967745168085445e-09
3352,1.7944015608526756e-09
3353,1.792948041513235e-09
3354,1.7923503490669593e-09
3355,1.7987965267377081e-09
3356,1.7919486892481395e-09
3357,1.7927306902764525e-09
3358,1.7924687598829243e-09
3359,1.7925897335678766e-09
3360,1.7917703357083828e-09
3361,1.792329516686757e-09
3362,1.7930421224847833e-09
3363,1.7934606023152427e-09
3364,1.792332825273887e-09
3365,1.792215049235515e-09
3366,1.7954857771185478e-09
3367,1.7931075455215485e-09
3368,1.79560847102415e-09
3369,1.7926476035843656e-09
3370,1.793907844853546e-09
3371,1.7937580457311535e-09
3372,1.791709031695479e-09
3373,1.7959592278456463e-09
3374,1.7925435886787702e-09
3375,1.7918637946662683e-09
3376,1.7966384398899843e-09
3377,1.7937785981285365e-09
3378,1.7937480194361989e-09
3379,1.7946505354039764e-09
3380,1.793865218458154e-09
3381,1.7938809335245678e-09
3382,1.7955873331033915e-09
3383,1.7962463405346818e-09
3384,1.7949633401773402e-09
3385,1.7928377648140335e-09
3386,1.796345775071069e-09
3387,1.7964510382255555e-09
3388,1.7982587033858353e-09
3389,1.7947100863528414e-09
3390,1.7959407167461143e-09
3391,1.7949075805496776e-09
3392,1.7935991715342775e-09
3393,1.7939946479296692e-09
3394,1.7937676831599448e-09
3395,1.7926718384268732e-09
3396,1.7941423409897767e-09
3397,1.7956473117010286e-09
3398,1.794294591335103e-09
3399,1.7938398431250017e-09
3400,1.7969674510581326e-09
3401,1.7937730201656224e-09
3402,1.7959107406045754e-09
3403,1.7956061899164444e-09
3404,1.7946626221905728e-09
3405,1.8010377904875937e-09
3406,1.793956884107186e-09
3407,1.794011353883554e-09
3408,1.7954989657768968e-09
3409,1.7968617728390087e-09
3410,1.794829255240223e-09
3411,1.79682270138339e-09
3412,1.7969310444462525e-09
3413,1.7936910306822477e-09
3414,1.795241699527368e-09
3415,1.7946608560795754e-09
3416,1.7945016673386692e-09
3417,1.7985261136241329e-09
3418,1.7960868021599174e-09
3419,1.795971061816137e-09
3420,1.7960514169682018e-09
3421,1.7945223065479707e-09
3422,1.7975809035334389e-09
3423,1.7929937443536734e-09
3424,1.7943628228627449e-09
3425,1.7924840579010498e-09
3426,1.793392251294841e-09
3427,1.792892423116875e-09
3428,1.793944909376823e-09
3429,1.793596616194724e-09
3430,1.7941016829433924e-09
3431,1.7945845602464416e-09
3432,1.7935257634886204e-09
3433,1.7952349690587694e-09
3434,1.7948457113006385e-09
3435,1.8014692544119046e-09
3436,1.7984730853828505e-09
3437,1.798261079346091e-09
3438,1.7945193560679043e-09
3439,1.7922211808047776e-09
3440,1.7926404248502508e-09
3441,1.797377299617823e-09
3442,1.7960741423743328e-09
3443,1.801706369323704e-09
3444,1.7933184797394185e-09
3445,1.793705815206482e-09
3446,1.7941266930073107e-09
3447,1.7972601800734913e-09
3448,1.794718421450179e-09
3449,1.7947640943193603e-09
3450,1.793525774479462e-09
3451,1.7936852700571618e-09
3452,1.7964315729428246e-09
3453,1.8021297529730885e-09
3454,1.793736185904953e-09
3455,1.7944903289193722e-09
3456,1.7931766572402267e-09
3457,1.793216243173682e-09
3458,1.793785430606623e-09
3459,1.7989308697394682e-09
3460,1.7948277213020107e-09
3461,1.795566730853279e-09
3462,1.7938553371752472e-09
3463,1.7949121296680319e-09
3464,1.7935281027180128e-09
3465,1.7937207270430827e-09
3466,1.7953710093317106e-09
3467,1.795945795813533e-09
3468,1.7947774675532121e-09
3469,1.793560645457581e-09
3470,1.7933456640367716e-09
3471,1.7950550986862148e-09
3472,1.7946588319722195e-09
3473,1.7951400861703528e-09
3474,1.7972643450851052e-09
3475,1.7972355068920047e-09
3476,1.7973713347388552e-09
3477,1.7954803304395473e-09
3478,1.7946156907385383e-09
3479,1.7940532730584156e-09
3480,1.7937627865411499e-09
3481,1.796367173794864e-09
3482,1.7944951969666649e-09
3483,1.7926023804233521e-09
3484,1.7931076024119988e-09
3485,1.7935905874727758e-09
3486,1.7948801190892241e-09
3487,1.7939294314740211e-09
3488,1.7933443701644987e-09
3489,1.7962962836753174e-09
3490,1.7962872923464638e-09
3491,1.7969050592730568e-09
3492,1.7936048976061054e-09
3493,1.7961994447897954e-09
3494,1.7927802191184166e-09
3495,1.7926046184896248e-09
3496,1.7929452091929214e-09
3497,1.794029735182323e-09
3498,1.7933832321956047e-09
3499,1.7935462768988286e-09
3500,1.7932459420780714e-09
3501,1.7918765589495083e-09
3502,1.7935386316530054e-09
3503,1.7932810554206127e-09
3504,1.7972291319617712e-09
3505,1.793090417826509e-09
3506,1.795043597474682e-09
3507,1.792521253595291e-09
3508,1.8005481345582978e-09
3509,1.7944755243669361e-09
3510,1.7931561193387985e-09
3511,1.793439356735699e-09
3512,1.793437402175031e-09
3513,1.7962559474085036e-09
3514,1.7942110204192002e-09
3515,1.7934530874810962e-09
3516,1.794976621970325e-09
3517,1.7960699335592966e-09
3518,1.7934931600865475e-09
3519,1.7974087724127585e-09
3520,1.7955804401171031e-09
3521,1.79657219517469e-09
3522,1.7987191112034799e-09
3523,1.7994476765746327e-09
3524,1.7982235977850545e-09
3525,1.7939836207816533e-09
3526,1.7990266550873216e-09
3527,1.7944735044033674e-09
3528,1.8057199681875363e-09
3529,1.794477981110523e-09
3530,1.8015532112003949e-09
3531,1.7939852960606684e-09
3532,1.7945803339979312e-09
3533,1.7969404884187894e-09
3534,1.797721594805069e-09
3535,1.7962683295387786e-09
3536,1.796168482333192e-09
3537,1.796956550629427e-09
3538,1.7951753915824142e-09
3539,1.7970556990687115e-09
3540,1.7946891011983856e-09
3541,1.7970170316944787e-09
3542,1.7967821287951348e-09
3543,1.7944624015921527e-09
3544,1.8081462942450258e-09
3545,1.800595012791009e-09
3546,1.7948074648294346e-09
3547,1.7933834046025989e-09
3548,1.7960757195424012e-09
3549,1.7984333260507475e-09
3550,1.7983827344959937e-09
3551,1.7996278109001742e-09
3552,1.795158534178436e-09
3553,1.7954502201196258e-09
3554,1.8031611535173624e-09
3555,1.8005581416823371e-09
3556,1.8122442386592498e-09
3557,1.7934816125183568e-09
3558,1.794688383712422e-09
3559,1.7953281685087654e-09
3560,1.7974299689626286e-09
3561,1.8055333565579904e-09
3562,1.7970900887912511e-09
3563,1.7953508931759052e-09
3564,1.7957459482814796e-09
3565,1.8075799300775217e-09
3566,1.797831018353974e-09
3567,1.8024544216997968e-09
3568,1.7955895877904313e-09
3569,1.7950614115215932e-09
3570,1.7969592897747433e-09
3571,1.7954956474383475e-09
3572,1.8052035864223808e-09
3573,1.8071882325874063e-09
3574,1.796941867541318e-09
3575,1.7961708375973787e-09
3576,1.797383727479691e-09
3577,1.8024906209840305e-09
3578,1.7955761097887432e-09
3579,1.7943815748864774e-09
3580,1.7930778174418592e-09
3581,1.7981696433523557e-09
3582,1.7957955282310857e-09
3583,1.7934681364607572e-09
3584,1.7935929137759279e-09
3585,1.7974221827719118e-09
3586,1.792635892036003e-09
3587,1.795920814082399e-09
3588,1.7934618351014782e-09
3589,1.7929766178955518e-09
3590,1.7919060288062239e-09
3591,1.7924729033209943e-09
3592,1.7925745626348318e-09
3593,1.7963587788431244e-09
3594,1.7919182146539194e-09
3595,1.7918074093049715e-09
3596,1.7929658531472349e-09
3597,1.792171948853141e-09
3598,1.7932735483487703e-09
3599,1.7940316480167085e-09
3600,1.7933658666378293e-09
3601,1.7934817954271564e-09
3602,1.794988578885653e-09
3603,1.7933741730793254e-09
3604,1.7977040358164231e-09
3605,1.7984672392617866e-09
3606,1.7944950233625383e-09
3607,1.7972264300458846e-09
3608,1.7987318324883244e-09
3609,1.799018055462921e-09
3610,1.7954185615997863e-09
3611,1.797557615196246e-09
3612,1.7952132539249557e-09
3613,1.79619197199616e-09
3614,1.794935856681778e-09
3615,1.7946572372607788e-09
3616,1.7962957956177206e-09
3617,1.7938744921397641e-09
3618,1.7939871057027778e-09
3619,1.7954532624912348e-09
3620,1.7944073095180515e-09
3621,1.7943477983768525e-09
3622,1.7941646365001839e-09
3623,1.7931003797153587e-09
3624,1.7935087351884654e-09
3625,1.7940427802260343e-09
3626,1.7943153079009066e-09
3627,1.7962311890025505e-09
3628,1.7940660933637649e-09
3629,1.7932444230832394e-09
3630,1.793720436762191e-09
3631,1.7931495694866599e-09
3632,1.7990169630167703e-09
3633,1.7939250370337155e-09
3634,1.7960161649133424e-09
3635,1.7992483587807224e-09
3636,1.7936584019806318e-09
3637,1.795165340277306e-09
3638,1.7945430096325013e-09
3639,1.8105902383825152e-09
3640,1.7963150318883498e-09
3641,1.796268735761629e-09
3642,1.7941491671278363e-09
3643,1.7933949772325202e-09
3644,1.8055139169076279e-09
3645,1.796078564806442e-09
3646,1.7985907533224817e-09
3647,1.7929997413858296e-09
3648,1.7939571389536241e-09
3649,1.7997853552077228e-09
3650,1.7942975919814186e-09
3651,1.7936051245894437e-09
3652,1.8016879192823073e-09
3653,1.801643719315542e-09
3654,1.7947998831125544e-09
3655,1.795138503492252e-09
3656,1.8042421815307033e-09
3657,1.7994831600286797e-09
3658,1.8011870735222255e-09
3659,1.794910525255676e-09
3660,1.7934981750431208e-09
3661,1.8070787585164104e-09
3662,1.8056231187698094e-09
3663,1.8087514224012103e-09
3664,1.795862375947433e-09
3665,1.7942965453703535e-09
3666,1.7959361718474934e-09
3667,1.798318380023437e-09
3668,1.8011831764872196e-09
3669,1.7973943712123678e-09
3670,1.7936930780767593e-09
3671,1.791746392420447e-09
3672,1.7957817296739726e-09
3673,1.7946237072258845e-09
3674,1.7936425567370474e-09
3675,1.7929296312475663e-09
3676,1.7923143033252037e-09
3677,1.7936595794296184e-09
3678,1.7923147306757331e-09
3679,1.7953058740416283e-09
3680,1.7948497884799702e-09
3681,1.7937573657474298e-09
3682,1.7964676401821765e-09
3683,1.7963893753001843e-09
3684,1.7929567084078219e-09
3685,1.7950130528391683e-09
3686,1.7946444635154046e-09
3687,1.794376840589446e-09
3688,1.796669919043252e-09
3689,1.7914185207102266e-09
3690,1.7916448953756937e-09
3691,1.7936493638158124e-09
3692,1.7911137688200873e-09
3693,1.7968124584704745e-09
3694,1.79362480370669e-09
3695,1.7915423875617496e-09
3696,1.7936157520812035e-09
3697,1.7938403418364799e-09
3698,1.7970349196402572e-09
3699,1.7941366550918388e-09
3700,1.7953365016500546e-09
3701,1.7937047226910661e-09
3702,1.7944966545289728e-09
3703,1.8024196339924402e-09
3704,1.7945341475877882e-09
3705,1.792154361378558e-09
3706,1.7925634964253222e-09
3707,1.7960552346234706e-09
3708,1.7944076213332168e-09
3709,1.794058549168715e-09
3710,1.794131806844926e-09
3711,1.792811526682132e-09
3712,1.7926077812654138e-09
3713,1.7957337892137711e-09
3714,1.7921033853849623e-09
3715,1.7976748374530202e-09
3716,1.7952078215054518e-09
3717,1.7926852746188135e-09
3718,1.7937073439015712e-09
3719,1.7938972625571366e-09
3720,1.803040282942708e-09
3721,1.7951944448844014e-09
3722,1.7934539713026806e-09
3723,1.7957961381251845e-09
3724,1.7970958520153627e-09
3725,1.7938021571696035e-09
3726,1.7939461401820634e-09
3727,1.7974400239163274e-09
3728,1.7929044622462173e-09
3729,1.7936601789369866e-09
3730,1.7935352442096519e-09
3731,1.7947444299761913e-09
3732,1.793123096063502e-09
3733,1.7993132628734097e-09
3734,1.7928815632066716e-09
3735,1.7974175896055957e-09
3736,1.8029483692005304e-09
3737,1.7938634216269904e-09
3738,1.7937764847088818e-09
3739,1.7943504341319402e-09
3740,1.7926132750930536e-09
3741,1.7968422996860532e-09
3742,1.7965434896227015e-09
3743,1.7930301673902366e-09
3744,1.7962935811700528e-09
3745,1.7957808346569532e-09
3746,1.7944430449024507e-09
3747,1.7967254955640058e-09
3748,1.7992231710395394e-09
3749,1.8000771408591784e-09
3750,1.7932930833717218e-09
3751,1.792989223267532e-09
3752,1.7927700675324699e-09
3753,1.7928588473260626e-09
3754,1.7970610866325935e-09
3755,1.7945737305684695e-09
3756,1.7919212517201183e-09
3757,1.790665066765638e-09
3758,1.7932344633874891e-09
3759,1.7923827763779313e-09
3760,1.799648337832082e-09
3761,1.7934860558360934e-09
3762,1.7968205630231702e-09
3763,1.7945924756045572e-09
3764,1.7941933026956584e-09
3765,1.7947149598092156e-09
3766,1.7974927350032006e-09
3767,1.7948474720499562e-09
3768,1.79368727999465e-09
3769,1.7930973381315232e-09
3770,1.8014430091218077e-09
3771,1.7928928960731626e-09
3772,1.793228881647036e-09
3773,1.7935543253104227e-09
3774,1.7931076902825786e-09
3775,1.7949151038861253e-09
3776,1.7941879655852319e-09
3777,1.7939791963877732e-09
3778,1.7946129787272188e-09
3779,1.799947831237596e-09
3780,1.7960000693055876e-09
3781,1.7950093630574678e-09
3782,1.7942702566485148e-09
3783,1.7954433246545036e-09
3784,1.7958563121052954e-09
3785,1.7932461987928647e-09
3786,1.794397702970338e-09
3787,1.7939263289380507e-09
3788,1.7932429329081314e-09
3789,1.794346220758998e-09
3790,1.7930694710492869e-09
3791,1.7996841958295818e-09
3792,1.7981650644789385e-09
3793,1.7929197530135093e-09
3794,1.7984552306086305e-09
3795,1.79305186296196e-09
3796,1.7960836355026636e-09
3797,1.7926368160493221e-09
3798,1.7928612171346069e-09
3799,1.7969421572323018e-09
3800,1.7956537576263299e-09
3801,1.7943043333368666e-09
3802,1.7953417501887941e-09
3803,1.7934864426872621e-09
3804,1.7927570410622601e-09
3805,1.7942703594644026e-09
3806,1.7964412176975476e-09
3807,1.7938917874581147e-09
3808,1.793893560970776e-09
3809,1.7926720646044633e-09
3810,1.7945639606889191e-09
3811,1.7961133651739353e-09
3812,1.7938537837365395e-09
3813,1.7945770544842773e-09
3814,1.795636411193506e-09
3815,1.7937386078384444e-09
3816,1.7927437425381523e-09
3817,1.7941312381500799e-09
3818,1.7932485341002473e-09
3819,1.798181679921409e-09
3820,1.7923931038996692e-09
3821,1.7918797767253868e-09
3822,1.7925958586368942e-09
3823,1.806981116381823e-09
3824,1.7931129933358801e-09
3825,1.7941050933264528e-09
3826,1.7935408952342602e-09
3827,1.7945557799083193e-09
3828,1.7969781349693966e-09
3829,1.7967090739565609e-09
3830,1.7957831026708458e-09
3831,1.7930431445899441e-09
3832,1.795390525858333e-09
3833,1.7958835326461158e-09
3834,1.79696427525255e-09
3835,1.794028898012811e-09
3836,1.7934653570079651e-09
3837,1.7923775414218808e-09
3838,1.7921982880609603e-09
3839,1.792761366491898e-09
3840,1.7980600099416442e-09
3841,1.7966780933360728e-09
3842,1.794165117958039e-09
3843,1.795957616770859e-09
3844,1.7937546348768754e-09
3845,1.797198809027427e-09
3846,1.7922340104730778e-09
3847,1.8013060322810744e-09
3848,1.7939239057238683e-09
3849,1.7943116731227054e-09
3850,1.800655465896291e-09
3851,1.7923411329209134e-09
3852,1.795294296724782e-09
3853,1.8008373568949846e-09
3854,1.7972967836190557e-09
3855,1.7951163431142524e-09
3856,1.7956830780635152e-09
3857,1.7966109707839592e-09
3858,1.798397094457012e-09
3859,1.795802206786053e-09
3860,1.7936045637936698e-09
3861,1.7961591944976155e-09
3862,1.7953760530580061e-09
3863,1.79471615036685e-09
3864,1.7941358403358308e-09
3865,1.793847848443738e-09
3866,1.80345518824876e-09
3867,1.7951262209453352e-09
3868,1.7940861312501667e-09
3869,1.7943041422915057e-09
3870,1.7957619067351471e-09
3871,1.7932059437775725e-09
3872,1.7962404309538803e-09
3873,1.793885927378336e-09
3874,1.7945867003815194e-09
3875,1.7971350695207138e-09
3876,1.7935444024285937e-09
3877,1.79402779619851e-09
3878,1.7943804416756318e-09
3879,1.7959433155681902e-09
3880,1.7943785333273394e-09
3881,1.7930005888934322e-09
3882,1.793492512117321e-09
3883,1.7955277647481138e-09
3884,1.7941569582130343e-09
3885,1.7927676011754537e-09
3886,1.792751206317523e-09
3887,1.7932860172563674e-09
3888,1.800860884906989e-09
3889,1.7958204285593322e-09
3890,1.794243879074503e-09
3891,1.7960469899809373e-09
3892,1.800014562207547e-09
3893,1.7917487837312464e-09
3894,1.7924515096799438e-09
3895,1.7971597531447094e-09
3896,1.7988304157349299e-09
3897,1.7958215437144625e-09
3898,1.7929058896075016e-09
3899,1.7925866546800838e-09
3900,1.7922924370114694e-09
3901,1.8028216482164012e-09
3902,1.7951019574969825e-09
3903,1.7974198521964294e-09
3904,1.7946056345489181e-09
3905,1.7950636342293356e-09
3906,1.7965937068054643e-09
3907,1.799311274805893e-09
3908,1.7961690671347704e-09
3909,1.7937274624361565e-09
3910,1.7936048978858056e-09
3911,1.7936232563020824e-09
3912,1.7964531180367265e-09
3913,1.7938222274854405e-09
3914,1.7940282132820545e-09
3915,1.796411804415597e-09
3916,1.794143280447979e-09
3917,1.7942276186100103e-09
3918,1.7959213158202506e-09
3919,1.7943519412959584e-09
3920,1.7951452162594415e-09
3921,1.7949694509857975e-09
3922,1.7938544201695189e-09
3923,1.7948341747728382e-09
3924,1.7939694094788533e-09
3925,1.795557274786358e-09
3926,1.7940315645322317e-09
3927,1.7976914232449414e-09
3928,1.8017775980068814e-09
3929,1.7966323720837338e-09
3930,1.794600171175828e-09
3931,1.7983633353700436e-09
3932,1.7951386976380357e-09
3933,1.794838590732402e-09
3934,1.793386564182559e-09
3935,1.794114380963957e-09
3936,1.7924552659753472e-09
3937,1.792752674425509e-09
3938,1.8011017929773823e-09
3939,1.7948228907776088e-09
3940,1.7949820644581753e-09
3941,1.7940777903119244e-09
3942,1.8031842548688501e-09
3943,1.7996326770072054e-09
3944,1.7957080297698477e-09
3945,1.7945262023551429e-09
3946,1.795932090595731e-09
3947,1.80474963452478e-09
3948,1.800142352442303e-09
3949,1.795302924239235e-09
3950,1.793183409759017e-09
3951,1.7935341652210398e-09
3952,1.795401774252368e-09
3953,1.7932968011771448e-09
3954,1.7962050348195762e-09
3955,1.7943299736011641e-09
3956,1.791225260709681e-09
3957,1.7909513073017223e-09
3958,1.8012963368404786e-09
3959,1.7949170417629629e-09
3960,1.7930955632598981e-09
3961,1.7935440206723464e-09
3962,1.792869081880598e-09
3963,1.7921678945714614e-09
3964,1.8071880788830816e-09
3965,1.792745942000889e-09
3966,1.7946219122784603e-09
3967,1.793272685021851e-09
3968,1.7937244593347393e-09
3969,1.7933828642775162e-09
3970,1.795552207701493e-09
3971,1.7939951974565742e-09
3972,1.7946635581427312e-09
3973,1.7995477339179334e-09
3974,1.7952699922371944e-09
3975,1.7972622905796885e-09
3976,1.7956820759269518e-09
3977,1.7964915363230477e-09
3978,1.7947309845895331e-09
3979,1.7983887177888508e-09
3980,1.7942460928769605e-09
3981,1.794740857372155e-09
3982,1.7965743122078006e-09
3983,1.7949510564469642e-09
3984,1.7939445258230142e-09
3985,1.7939687232614133e-09
3986,1.794452121151173e-09
3987,1.7948702737269059e-09
3988,1.7969865288911988e-09
3989,1.7978951697505632e-09
3990,1.7951967305733568e-09
3991,1.7967411732578494e-09
3992,1.7944936943611642e-09
3993,1.7969238586563903e-09
3994,1.7952258031035293e-09
3995,1.796557858755722e-09
3996,1.7948187667271934e-09
3997,1.795259690085567e-09
3998,1.7960139508209214e-09
3999,1.7970402806783603e-09
4000,1.7971796811859473e-09
4001,1.7940385160591047e-09
4002,1.7936741982241154e-09
4003,1.7932763642671516e-09
4004,1.7936186267746418e-09
4005,1.792557373746948e-09
4006,1.7936586524185563e-09
4007,1.7926152056409417e-09
4008,1.7923928045024137e-09
4009,1.7922153455754196e-09
4010,1.7914274740920426e-09
4011,1.7931762070710565e-09
4012,1.7951908293128876e-09
4013,1.793851484308443e-09
4014,1.7964511361847655e-09
4015,1.7931954064531054e-09
4016,1.794264150811415e-09
4017,1.7937892218655563e-09
4018,1.7958221590658035e-09
4019,1.7947285909960729e-09
4020,1.7956624603831087e-09
4021,1.7934010319916709e-09
4022,1.793782873824046e-09
4023,1.7948175359979823e-09
4024,1.800345131539338e-09
4025,1.7942906696280954e-09
4026,1.7963855075109816e-09
4027,1.7950361924539552e-09
4028,1.7939334300371543e-09
4029,1.793164900987098e-09
4030,1.793349429494498e-09
4031,1.7938751202645218e-09
4032,1.7928640673762992e-09
4033,1.7953351748706728e-09
4034,1.794668853169873e-09
4035,1.7916851244424943e-09
4036,1.7924238987443463e-09
4037,1.7921129918959877e-09
4038,1.798686929471628e-09
4039,1.7997912403707303e-09
4040,1.7998146741856337e-09
4041,1.7939045210331472e-09
4042,1.807459267451886e-09
4043,1.7978949841512015e-09
4044,1.7969947830164525e-09
4045,1.7962581874860999e-09
4046,1.798523883857763e-09
4047,1.7950768109016507e-09
4048,1.796182634697504e-09
4049,1.7928181190848745e-09
4050,1.7925283016724017e-09
4051,1.7939935128021575e-09
4052,1.793662819433228e-09
4053,1.791966031042692e-09
4054,1.7930593799068141e-09
4055,1.7956846166026047e-09
4056,1.7920782831044401e-09
4057,1.791971568718113e-09
4058,1.793043352372786e-09
4059,1.792474439448845e-09
4060,1.7946411951723406e-09
4061,1.7933548116041635e-09
4062,1.8027238292330827e-09
4063,1.7939381747547014e-09
4064,1.793378663592692e-09
4065,1.7951577760680415e-09
4066,1.7966723131734173e-09
4067,1.7970277106849952e-09
4068,1.794738766269664e-09
4069,1.794877622883208e-09
4070,1.7973250437828602e-09
4071,1.7953608736255155e-09
4072,1.7930142418081218e-09
4073,1.7929812421690327e-09
4074,1.7923555518963587e-09
4075,1.7937167228581352e-09
4076,1.795527565303938e-09
4077,1.7992961149108142e-09
4078,1.7959338956975257e-09
4079,1.7944118048144356e-09
4080,1.793742819583234e-09
4081,1.7933932128879933e-09
4082,1.7931150476771527e-09
4083,1.7933009316611836e-09
4084,1.7995661171163472e-09
4085,1.7937064592632014e-09
4086,1.7944720967507694e-09
4087,1.7930406283085453e-09
4088,1.795652004839196e-09
4089,1.7936885828028501e-09
4090,1.7963551940423854e-09
4091,1.7925219786922654e-09
4092,1.7928615778479016e-09
4093,1.7935183708043963e-09
4094,1.7932427947300978e-09
4095,1.7944693414924306e-09
4096,1.7928907879268792e-09
4097,1.7927590376962006e-09
4098,1.7928106183157015e-09
4099,1.7932073209442884e-09
4100,1.7944514276623108e-09
